url_path,archetype,title,h1,meta_description,primary_keyword,secondary_keywords,search_intent,search_volume,difficulty,target_word_count,image_roles,schema_stubs,internal_links_out,priority,status
/services/fire-damage-restoration/,service-landing,Emergency Fire Damage Restoration in Midland | ACS Enterprise ,Emergency Fire Damage Restoration in Midland,Emergency fire damage restoration in Midland and surrounding areas. Insurance billing accepted. Call (432) 847-4704.,fire damage restoration midland,fire cleanup|fire and smoke restoration|structural fire damage|post-fire restoration|fire damage repair,local_emergency,,,1100,hero|og|inline-1|inline-2,service|local-business|faq|breadcrumb-list,/services/|/contact/|/blog/choosing-a-restoration-company/|/blog/fire-damage-restoration-process/,9.00,planned
/services/mold-remediation/,service-landing,Mold Remediation in Midland | ACS Enterprise ,Mold Remediation in Midland,Mold remediation in Midland and surrounding areas. Insurance billing accepted. Call (432) 847-4704.,mold remediation midland,mold removal|black mold remediation|mold abatement|mold containment|mold cleanup,local_health,,,1100,hero|og|inline-1|inline-2,service|local-business|faq|breadcrumb-list,/services/|/contact/|/blog/choosing-a-restoration-company/|/blog/how-to-test-for-mold/|/blog/signs-of-hidden-mold/,9.00,planned
/services/water-damage-restoration/,service-landing,Emergency Water Damage Restoration in Midland | ACS Enterprise ,Emergency Water Damage Restoration in Midland,Emergency water damage restoration in Midland and surrounding areas. Insurance billing accepted. Call (432) 847-4704.,water damage restoration midland,water removal|water extraction|water cleanup|structural drying|water mitigation,local_emergency,,,1100,hero|og|inline-1|inline-2,service|local-business|faq|breadcrumb-list,/services/|/contact/|/service-areas/andrews-tx/water-damage-restoration/|/service-areas/big-lake-tx/water-damage-restoration/|/service-areas/big-spring-tx/water-damage-restoration/|/service-areas/crane-tx/water-damage-restoration/|/service-areas/garden-city-tx/water-damage-restoration/|/service-areas/gardendale-tx/water-damage-restoration/|/service-areas/goldsmith-tx/water-damage-restoration/|/service-areas/greenwood-tx/water-damage-restoration/|/service-areas/imperial-tx/water-damage-restoration/|/service-areas/mccamey-tx/water-damage-restoration/|/service-areas/monahans-tx/water-damage-restoration/|/service-areas/odessa-tx/water-damage-restoration/|/services/emergency-water-removal/|/blog/burst-pipe-emergency-checklist/|/blog/what-to-do-first-24-hours-water-damage/|/blog/choosing-a-restoration-company/,9.00,planned
/services/commercial-restoration/,service-landing,Commercial Restoration in Midland | ACS Enterprise ,Commercial Restoration in Midland,Commercial restoration in Midland and surrounding areas. Insurance billing accepted. Call (432) 847-4704.,commercial restoration midland,commercial water damage|commercial fire damage|business restoration|office restoration|retail restoration,local_b2b,,,1100,hero|og|inline-1|inline-2,service|local-business|faq|breadcrumb-list,/services/|/contact/,8.10,planned
/services/emergency-water-removal/,service-landing,Emergency Water Removal & Cleanup in Midland | ACS Enterprise,Emergency Water Removal & Cleanup in Midland,Emergency water removal & cleanup in Midland and surrounding areas. Insurance billing accepted. Call (432) 847-4704.,emergency water removal & cleanup midland,water extraction|water removal|water cleanup|standing water removal,local_emergency,,,1100,hero|og|inline-1|inline-2,service|local-business|faq|breadcrumb-list,/services/|/contact/|/service-areas/andrews-tx/emergency-water-removal/|/service-areas/big-lake-tx/emergency-water-removal/|/service-areas/big-spring-tx/emergency-water-removal/|/service-areas/crane-tx/emergency-water-removal/|/service-areas/garden-city-tx/emergency-water-removal/|/service-areas/gardendale-tx/emergency-water-removal/|/service-areas/goldsmith-tx/emergency-water-removal/|/service-areas/greenwood-tx/emergency-water-removal/|/service-areas/imperial-tx/emergency-water-removal/|/service-areas/mccamey-tx/emergency-water-removal/|/service-areas/monahans-tx/emergency-water-removal/|/service-areas/odessa-tx/emergency-water-removal/|/services/water-damage-restoration/,8.10,planned
/services/flood-damage-restoration/,service-landing,Emergency Flood Damage Restoration in Midland | ACS Enterprise ,Emergency Flood Damage Restoration in Midland,Emergency flood damage restoration in Midland and surrounding areas. Insurance billing accepted. Call (432) 847-4704.,flood damage restoration midland,flood cleanup|flood restoration|post-flood restoration|residential flood damage|flood damage repair,local_emergency,,,1100,hero|og|inline-1|inline-2,service|local-business|faq|breadcrumb-list,/services/|/contact/,8.10,planned
/services/reconstruction/,service-landing,Reconstruction Services in Midland | ACS Enterprise ,Reconstruction Services in Midland,Reconstruction services in Midland and surrounding areas. Insurance billing accepted. Call (432) 847-4704.,reconstruction services midland,post-damage reconstruction|rebuild services|structural reconstruction|post-disaster rebuilding|fire damage reconstruction,local_commercial,,,1100,hero|og|inline-1|inline-2,service|local-business|faq|breadcrumb-list,/services/|/contact/,8.10,planned
/services/sewage-cleanup/,service-landing,Emergency Sewage Cleanup and Sanitization in Midland | ACS Enterprise ,Emergency Sewage Cleanup and Sanitization in Midland,Emergency sewage cleanup and sanitization in Midland and surrounding areas. Insurance billing accepted. Call (432) 847-4704.,sewage cleanup and sanitization midland,sewage backup cleanup|raw sewage removal|septic overflow cleanup|sewer line backup|sanitization services,local_emergency,,,1100,hero|og|inline-1|inline-2,service|local-business|faq|breadcrumb-list,/services/|/contact/|/service-areas/andrews-tx/sewage-cleanup/|/service-areas/big-lake-tx/sewage-cleanup/|/service-areas/big-spring-tx/sewage-cleanup/|/service-areas/crane-tx/sewage-cleanup/|/service-areas/garden-city-tx/sewage-cleanup/|/service-areas/gardendale-tx/sewage-cleanup/|/service-areas/goldsmith-tx/sewage-cleanup/|/service-areas/greenwood-tx/sewage-cleanup/|/service-areas/imperial-tx/sewage-cleanup/|/service-areas/mccamey-tx/sewage-cleanup/|/service-areas/monahans-tx/sewage-cleanup/|/service-areas/odessa-tx/sewage-cleanup/,8.10,planned
/services/smoke-damage-restoration/,service-landing,Emergency Smoke Damage Restoration in Midland | ACS Enterprise ,Emergency Smoke Damage Restoration in Midland,Emergency smoke damage restoration in Midland and surrounding areas. Insurance billing accepted. Call (432) 847-4704.,smoke damage restoration midland,smoke residue cleanup|smoke damage repair|post-fire smoke cleanup|smoke damage restoration services|wildfire smoke cleanup,local_emergency,,,1100,hero|og|inline-1|inline-2,service|local-business|faq|breadcrumb-list,/services/|/contact/|/blog/fire-damage-restoration-process/,8.10,planned
/services/storm-damage-restoration/,service-landing,Emergency Storm Damage Restoration in Midland | ACS Enterprise ,Emergency Storm Damage Restoration in Midland,Emergency storm damage restoration in Midland and surrounding areas. Insurance billing accepted. Call (432) 847-4704.,storm damage restoration midland,hurricane damage cleanup|tornado damage cleanup|tree damage cleanup|storm cleanup services|severe weather damage repair,local_emergency,,,1100,hero|og|inline-1|inline-2,service|local-business|faq|breadcrumb-list,/services/|/contact/|/service-areas/andrews-tx/storm-damage-restoration/|/service-areas/big-lake-tx/storm-damage-restoration/|/service-areas/big-spring-tx/storm-damage-restoration/|/service-areas/crane-tx/storm-damage-restoration/|/service-areas/garden-city-tx/storm-damage-restoration/|/service-areas/gardendale-tx/storm-damage-restoration/|/service-areas/goldsmith-tx/storm-damage-restoration/|/service-areas/greenwood-tx/storm-damage-restoration/|/service-areas/imperial-tx/storm-damage-restoration/|/service-areas/mccamey-tx/storm-damage-restoration/|/service-areas/monahans-tx/storm-damage-restoration/|/service-areas/odessa-tx/storm-damage-restoration/,8.10,planned
/services/basement-flooding-cleanup/,service-landing,Emergency Basement Flooding Cleanup in Midland | ACS Enterprise ,Emergency Basement Flooding Cleanup in Midland,Emergency basement flooding cleanup in Midland and surrounding areas. Insurance billing accepted. Call (432) 847-4704.,basement flooding cleanup midland,flooded basement cleanup|basement water removal|wet basement restoration|basement water damage|basement drying,local_emergency,,,1100,hero|og|inline-1|inline-2,service|local-business|faq|breadcrumb-list,/services/|/contact/,7.20,planned
/services/burst-pipe-repair/,service-landing,Emergency Burst Pipe Cleanup and Repair in Midland | ACS Enterprise ,Emergency Burst Pipe Cleanup and Repair in Midland,Emergency burst pipe cleanup and repair in Midland and surrounding areas. Insurance billing accepted. Call (432) 847-4704.,burst pipe cleanup and repair midland,burst pipe cleanup|pipe break water damage|water line break,local_emergency,,,1100,hero|og|inline-1|inline-2,service|local-business|faq|breadcrumb-list,/services/|/contact/,7.20,planned
/services/ceiling-water-damage-repair/,service-landing,Emergency Ceiling Water Damage Repair in Midland | ACS Enterprise ,Emergency Ceiling Water Damage Repair in Midland,Emergency ceiling water damage repair in Midland and surrounding areas. Insurance billing accepted. Call (432) 847-4704.,ceiling water damage repair midland,ceiling leaking|water coming through ceiling|ceiling leak repair|sagging ceiling water damage|water stain ceiling,local_emergency,,,1100,hero|og|inline-1|inline-2,service|local-business|faq|breadcrumb-list,/services/|/contact/,7.20,planned
/services/general-contracting/,service-landing,"Renovations, Remodels and General Contracting in Midland | ACS Enterprise ","Renovations, Remodels and General Contracting in Midland","Renovations, remodels and general contracting in Midland and surrounding areas. Insurance billing accepted. Call (432) 847-4704.","renovations, remodels and general contracting midland",general contractor|home renovation services|home remodeling|kitchen remodel|bathroom remodel|post-damage rebuild,local_commercial,,,1100,hero|og|inline-1|inline-2,service|local-business|faq|breadcrumb-list,/services/|/contact/,7.20,planned
/services/large-loss-response/,service-landing,Large Loss and Catastrophic Response in Midland | ACS Enterprise ,Large Loss and Catastrophic Response in Midland,Large loss and catastrophic response in Midland and surrounding areas. Insurance billing accepted. Call (432) 847-4704.,large loss and catastrophic response midland,large loss restoration|catastrophic loss response|commercial catastrophic restoration|multi-million dollar restoration|large loss adjusters,local_b2b,,,1100,hero|og|inline-1|inline-2,service|local-business|faq|breadcrumb-list,/services/|/contact/,7.20,planned
/services/mold-inspection-testing/,service-landing,Mold Inspection and Testing in Midland | ACS Enterprise ,Mold Inspection and Testing in Midland,Mold inspection and testing in Midland and surrounding areas. Insurance billing accepted. Call (432) 847-4704.,mold inspection and testing midland,mold inspection|mold testing|indoor air quality testing|mold spore testing|mold assessment,local_health,,,1100,hero|og|inline-1|inline-2,service|local-business|faq|breadcrumb-list,/services/|/contact/|/blog/how-to-test-for-mold/,7.20,planned
/service-areas/andrews-tx/water-damage-restoration/,service-area-service,"Emergency Water Damage Restoration in Andrews, TX | ACS Enterprise ",Emergency Water Damage Restoration in Andrews,"Emergency water damage restoration in Andrews, TX. Insurance billing accepted. Call (432) 847-4704.",water damage restoration andrews,water removal|water extraction|water cleanup|structural drying|water mitigation,local_emergency,,,900,hero|og|inline-1|inline-2,service|local-business|faq|breadcrumb-list,/services/water-damage-restoration/|/service-areas/andrews-tx/|/service-areas/andrews-tx/emergency-water-removal/|/service-areas/andrews-tx/sewage-cleanup/|/service-areas/big-lake-tx/water-damage-restoration/|/service-areas/big-spring-tx/water-damage-restoration/|/contact/,7.00,planned
/service-areas/big-lake-tx/water-damage-restoration/,service-area-service,"Emergency Water Damage Restoration in Big Lake, TX | ACS Enterprise ",Emergency Water Damage Restoration in Big Lake,"Emergency water damage restoration in Big Lake, TX. Insurance billing accepted. Call (432) 847-4704.",water damage restoration big lake,water removal|water extraction|water cleanup|structural drying|water mitigation,local_emergency,,,900,hero|og|inline-1|inline-2,service|local-business|faq|breadcrumb-list,/services/water-damage-restoration/|/service-areas/big-lake-tx/|/service-areas/big-lake-tx/emergency-water-removal/|/service-areas/big-lake-tx/sewage-cleanup/|/service-areas/andrews-tx/water-damage-restoration/|/service-areas/big-spring-tx/water-damage-restoration/|/contact/,7.00,planned
/service-areas/big-spring-tx/water-damage-restoration/,service-area-service,"Emergency Water Damage Restoration in Big Spring, TX | ACS Enterprise ",Emergency Water Damage Restoration in Big Spring,"Emergency water damage restoration in Big Spring, TX. Insurance billing accepted. Call (432) 847-4704.",water damage restoration big spring,water removal|water extraction|water cleanup|structural drying|water mitigation,local_emergency,,,900,hero|og|inline-1|inline-2,service|local-business|faq|breadcrumb-list,/services/water-damage-restoration/|/service-areas/big-spring-tx/|/service-areas/big-spring-tx/emergency-water-removal/|/service-areas/big-spring-tx/sewage-cleanup/|/service-areas/andrews-tx/water-damage-restoration/|/service-areas/big-lake-tx/water-damage-restoration/|/contact/,7.00,planned
/service-areas/crane-tx/water-damage-restoration/,service-area-service,"Emergency Water Damage Restoration in Crane, TX | ACS Enterprise ",Emergency Water Damage Restoration in Crane,"Emergency water damage restoration in Crane, TX. Insurance billing accepted. Call (432) 847-4704.",water damage restoration crane,water removal|water extraction|water cleanup|structural drying|water mitigation,local_emergency,,,900,hero|og|inline-1|inline-2,service|local-business|faq|breadcrumb-list,/services/water-damage-restoration/|/service-areas/crane-tx/|/service-areas/crane-tx/emergency-water-removal/|/service-areas/crane-tx/sewage-cleanup/|/service-areas/andrews-tx/water-damage-restoration/|/service-areas/big-lake-tx/water-damage-restoration/|/contact/,7.00,planned
/service-areas/garden-city-tx/water-damage-restoration/,service-area-service,"Emergency Water Damage Restoration in Garden City, TX | ACS Enterprise ",Emergency Water Damage Restoration in Garden City,"Emergency water damage restoration in Garden City, TX. Insurance billing accepted. Call (432) 847-4704.",water damage restoration garden city,water removal|water extraction|water cleanup|structural drying|water mitigation,local_emergency,,,900,hero|og|inline-1|inline-2,service|local-business|faq|breadcrumb-list,/services/water-damage-restoration/|/service-areas/garden-city-tx/|/service-areas/garden-city-tx/emergency-water-removal/|/service-areas/garden-city-tx/sewage-cleanup/|/service-areas/andrews-tx/water-damage-restoration/|/service-areas/big-lake-tx/water-damage-restoration/|/contact/,7.00,planned
/service-areas/gardendale-tx/water-damage-restoration/,service-area-service,"Emergency Water Damage Restoration in Gardendale, TX | ACS Enterprise ",Emergency Water Damage Restoration in Gardendale,"Emergency water damage restoration in Gardendale, TX. Insurance billing accepted. Call (432) 847-4704.",water damage restoration gardendale,water removal|water extraction|water cleanup|structural drying|water mitigation,local_emergency,,,900,hero|og|inline-1|inline-2,service|local-business|faq|breadcrumb-list,/services/water-damage-restoration/|/service-areas/gardendale-tx/|/service-areas/gardendale-tx/emergency-water-removal/|/service-areas/gardendale-tx/sewage-cleanup/|/service-areas/andrews-tx/water-damage-restoration/|/service-areas/big-lake-tx/water-damage-restoration/|/contact/,7.00,planned
/service-areas/goldsmith-tx/water-damage-restoration/,service-area-service,"Emergency Water Damage Restoration in Goldsmith, TX | ACS Enterprise ",Emergency Water Damage Restoration in Goldsmith,"Emergency water damage restoration in Goldsmith, TX. Insurance billing accepted. Call (432) 847-4704.",water damage restoration goldsmith,water removal|water extraction|water cleanup|structural drying|water mitigation,local_emergency,,,900,hero|og|inline-1|inline-2,service|local-business|faq|breadcrumb-list,/services/water-damage-restoration/|/service-areas/goldsmith-tx/|/service-areas/goldsmith-tx/emergency-water-removal/|/service-areas/goldsmith-tx/sewage-cleanup/|/service-areas/andrews-tx/water-damage-restoration/|/service-areas/big-lake-tx/water-damage-restoration/|/contact/,7.00,planned
/service-areas/greenwood-tx/water-damage-restoration/,service-area-service,"Emergency Water Damage Restoration in Greenwood, TX | ACS Enterprise ",Emergency Water Damage Restoration in Greenwood,"Emergency water damage restoration in Greenwood, TX. Insurance billing accepted. Call (432) 847-4704.",water damage restoration greenwood,water removal|water extraction|water cleanup|structural drying|water mitigation,local_emergency,,,900,hero|og|inline-1|inline-2,service|local-business|faq|breadcrumb-list,/services/water-damage-restoration/|/service-areas/greenwood-tx/|/service-areas/greenwood-tx/emergency-water-removal/|/service-areas/greenwood-tx/sewage-cleanup/|/service-areas/andrews-tx/water-damage-restoration/|/service-areas/big-lake-tx/water-damage-restoration/|/contact/,7.00,planned
/service-areas/imperial-tx/water-damage-restoration/,service-area-service,"Emergency Water Damage Restoration in Imperial, TX | ACS Enterprise ",Emergency Water Damage Restoration in Imperial,"Emergency water damage restoration in Imperial, TX. Insurance billing accepted. Call (432) 847-4704.",water damage restoration imperial,water removal|water extraction|water cleanup|structural drying|water mitigation,local_emergency,,,900,hero|og|inline-1|inline-2,service|local-business|faq|breadcrumb-list,/services/water-damage-restoration/|/service-areas/imperial-tx/|/service-areas/imperial-tx/emergency-water-removal/|/service-areas/imperial-tx/sewage-cleanup/|/service-areas/andrews-tx/water-damage-restoration/|/service-areas/big-lake-tx/water-damage-restoration/|/contact/,7.00,planned
/service-areas/mccamey-tx/water-damage-restoration/,service-area-service,"Emergency Water Damage Restoration in McCamey, TX | ACS Enterprise ",Emergency Water Damage Restoration in McCamey,"Emergency water damage restoration in McCamey, TX. Insurance billing accepted. Call (432) 847-4704.",water damage restoration mccamey,water removal|water extraction|water cleanup|structural drying|water mitigation,local_emergency,,,900,hero|og|inline-1|inline-2,service|local-business|faq|breadcrumb-list,/services/water-damage-restoration/|/service-areas/mccamey-tx/|/service-areas/mccamey-tx/emergency-water-removal/|/service-areas/mccamey-tx/sewage-cleanup/|/service-areas/andrews-tx/water-damage-restoration/|/service-areas/big-lake-tx/water-damage-restoration/|/contact/,7.00,planned
/service-areas/monahans-tx/water-damage-restoration/,service-area-service,"Emergency Water Damage Restoration in Monahans, TX | ACS Enterprise ",Emergency Water Damage Restoration in Monahans,"Emergency water damage restoration in Monahans, TX. Insurance billing accepted. Call (432) 847-4704.",water damage restoration monahans,water removal|water extraction|water cleanup|structural drying|water mitigation,local_emergency,,,900,hero|og|inline-1|inline-2,service|local-business|faq|breadcrumb-list,/services/water-damage-restoration/|/service-areas/monahans-tx/|/service-areas/monahans-tx/emergency-water-removal/|/service-areas/monahans-tx/sewage-cleanup/|/service-areas/andrews-tx/water-damage-restoration/|/service-areas/big-lake-tx/water-damage-restoration/|/contact/,7.00,planned
/service-areas/odessa-tx/water-damage-restoration/,service-area-service,"Emergency Water Damage Restoration in Odessa, TX | ACS Enterprise ",Emergency Water Damage Restoration in Odessa,"Emergency water damage restoration in Odessa, TX. Insurance billing accepted. Call (432) 847-4704.",water damage restoration odessa,water removal|water extraction|water cleanup|structural drying|water mitigation,local_emergency,,,900,hero|og|inline-1|inline-2,service|local-business|faq|breadcrumb-list,/services/water-damage-restoration/|/service-areas/odessa-tx/|/service-areas/odessa-tx/emergency-water-removal/|/service-areas/odessa-tx/sewage-cleanup/|/service-areas/andrews-tx/water-damage-restoration/|/service-areas/big-lake-tx/water-damage-restoration/|/contact/,7.00,planned
/service-areas/southwest-sandhill-tx/water-damage-restoration/,service-area-service,"Emergency Water Damage Restoration in Southwest Sandhill, TX | ACS Enterprise ",Emergency Water Damage Restoration in Southwest Sandhill,"Emergency water damage restoration in Southwest Sandhill, TX. Insurance billing accepted. Call (432) 847-4704.",water damage restoration southwest sandhill,water removal|water extraction|water cleanup|structural drying|water mitigation,local_emergency,,,900,hero|og|inline-1|inline-2,service|local-business|faq|breadcrumb-list,/services/water-damage-restoration/|/service-areas/southwest-sandhill-tx/|/service-areas/southwest-sandhill-tx/emergency-water-removal/|/service-areas/southwest-sandhill-tx/sewage-cleanup/|/service-areas/andrews-tx/water-damage-restoration/|/service-areas/big-lake-tx/water-damage-restoration/|/contact/,7.00,planned
/service-areas/stanton-tx/water-damage-restoration/,service-area-service,"Emergency Water Damage Restoration in Stanton, TX | ACS Enterprise ",Emergency Water Damage Restoration in Stanton,"Emergency water damage restoration in Stanton, TX. Insurance billing accepted. Call (432) 847-4704.",water damage restoration stanton,water removal|water extraction|water cleanup|structural drying|water mitigation,local_emergency,,,900,hero|og|inline-1|inline-2,service|local-business|faq|breadcrumb-list,/services/water-damage-restoration/|/service-areas/stanton-tx/|/service-areas/stanton-tx/emergency-water-removal/|/service-areas/stanton-tx/sewage-cleanup/|/service-areas/andrews-tx/water-damage-restoration/|/service-areas/big-lake-tx/water-damage-restoration/|/contact/,7.00,planned
/service-areas/west-odessa-tx/water-damage-restoration/,service-area-service,"Emergency Water Damage Restoration in West Odessa, TX | ACS Enterprise ",Emergency Water Damage Restoration in West Odessa,"Emergency water damage restoration in West Odessa, TX. Insurance billing accepted. Call (432) 847-4704.",water damage restoration west odessa,water removal|water extraction|water cleanup|structural drying|water mitigation,local_emergency,,,900,hero|og|inline-1|inline-2,service|local-business|faq|breadcrumb-list,/services/water-damage-restoration/|/service-areas/west-odessa-tx/|/service-areas/west-odessa-tx/emergency-water-removal/|/service-areas/west-odessa-tx/sewage-cleanup/|/service-areas/andrews-tx/water-damage-restoration/|/service-areas/big-lake-tx/water-damage-restoration/|/contact/,7.00,planned
/service-areas/andrews-tx/emergency-water-removal/,service-area-service,"Emergency Water Removal & Cleanup in Andrews, TX | ACS Enterprise",Emergency Water Removal & Cleanup in Andrews,"Emergency water removal & cleanup in Andrews, TX. Insurance billing accepted. Call (432) 847-4704.",emergency water removal & cleanup andrews,water extraction|water removal|water cleanup|standing water removal,local_emergency,,,900,hero|og|inline-1|inline-2,service|local-business|faq|breadcrumb-list,/services/emergency-water-removal/|/service-areas/andrews-tx/|/service-areas/andrews-tx/water-damage-restoration/|/service-areas/andrews-tx/sewage-cleanup/|/service-areas/big-lake-tx/emergency-water-removal/|/service-areas/big-spring-tx/emergency-water-removal/|/contact/,6.30,planned
/service-areas/andrews-tx/sewage-cleanup/,service-area-service,"Emergency Sewage Cleanup and Sanitization in Andrews, TX | ACS Enterprise ",Emergency Sewage Cleanup and Sanitization in Andrews,"Emergency sewage cleanup and sanitization in Andrews, TX. Insurance billing accepted. Call (432) 847-4704.",sewage cleanup and sanitization andrews,sewage backup cleanup|raw sewage removal|septic overflow cleanup|sewer line backup|sanitization services,local_emergency,,,900,hero|og|inline-1|inline-2,service|local-business|faq|breadcrumb-list,/services/sewage-cleanup/|/service-areas/andrews-tx/|/service-areas/andrews-tx/water-damage-restoration/|/service-areas/andrews-tx/emergency-water-removal/|/service-areas/big-lake-tx/sewage-cleanup/|/service-areas/big-spring-tx/sewage-cleanup/|/contact/,6.30,planned
/service-areas/andrews-tx/storm-damage-restoration/,service-area-service,"Emergency Storm Damage Restoration in Andrews, TX | ACS Enterprise ",Emergency Storm Damage Restoration in Andrews,"Emergency storm damage restoration in Andrews, TX. Insurance billing accepted. Call (432) 847-4704.",storm damage restoration andrews,hurricane damage cleanup|tornado damage cleanup|tree damage cleanup|storm cleanup services|severe weather damage repair,local_emergency,,,900,hero|og|inline-1|inline-2,service|local-business|faq|breadcrumb-list,/services/storm-damage-restoration/|/service-areas/andrews-tx/|/service-areas/andrews-tx/water-damage-restoration/|/service-areas/andrews-tx/emergency-water-removal/|/service-areas/big-lake-tx/storm-damage-restoration/|/service-areas/big-spring-tx/storm-damage-restoration/|/contact/,6.30,planned
/service-areas/big-lake-tx/emergency-water-removal/,service-area-service,"Emergency Water Removal & Cleanup in Big Lake, TX | ACS Enterprise",Emergency Water Removal & Cleanup in Big Lake,"Emergency water removal & cleanup in Big Lake, TX. Insurance billing accepted. Call (432) 847-4704.",emergency water removal & cleanup big lake,water extraction|water removal|water cleanup|standing water removal,local_emergency,,,900,hero|og|inline-1|inline-2,service|local-business|faq|breadcrumb-list,/services/emergency-water-removal/|/service-areas/big-lake-tx/|/service-areas/big-lake-tx/water-damage-restoration/|/service-areas/big-lake-tx/sewage-cleanup/|/service-areas/andrews-tx/emergency-water-removal/|/service-areas/big-spring-tx/emergency-water-removal/|/contact/,6.30,planned
/service-areas/big-lake-tx/sewage-cleanup/,service-area-service,"Emergency Sewage Cleanup and Sanitization in Big Lake, TX | ACS Enterprise ",Emergency Sewage Cleanup and Sanitization in Big Lake,"Emergency sewage cleanup and sanitization in Big Lake, TX. Insurance billing accepted. Call (432) 847-4704.",sewage cleanup and sanitization big lake,sewage backup cleanup|raw sewage removal|septic overflow cleanup|sewer line backup|sanitization services,local_emergency,,,900,hero|og|inline-1|inline-2,service|local-business|faq|breadcrumb-list,/services/sewage-cleanup/|/service-areas/big-lake-tx/|/service-areas/big-lake-tx/water-damage-restoration/|/service-areas/big-lake-tx/emergency-water-removal/|/service-areas/andrews-tx/sewage-cleanup/|/service-areas/big-spring-tx/sewage-cleanup/|/contact/,6.30,planned
/service-areas/big-lake-tx/storm-damage-restoration/,service-area-service,"Emergency Storm Damage Restoration in Big Lake, TX | ACS Enterprise ",Emergency Storm Damage Restoration in Big Lake,"Emergency storm damage restoration in Big Lake, TX. Insurance billing accepted. Call (432) 847-4704.",storm damage restoration big lake,hurricane damage cleanup|tornado damage cleanup|tree damage cleanup|storm cleanup services|severe weather damage repair,local_emergency,,,900,hero|og|inline-1|inline-2,service|local-business|faq|breadcrumb-list,/services/storm-damage-restoration/|/service-areas/big-lake-tx/|/service-areas/big-lake-tx/water-damage-restoration/|/service-areas/big-lake-tx/emergency-water-removal/|/service-areas/andrews-tx/storm-damage-restoration/|/service-areas/big-spring-tx/storm-damage-restoration/|/contact/,6.30,planned
/service-areas/big-spring-tx/emergency-water-removal/,service-area-service,"Emergency Water Removal & Cleanup in Big Spring, TX | ACS Enterprise",Emergency Water Removal & Cleanup in Big Spring,"Emergency water removal & cleanup in Big Spring, TX. Insurance billing accepted. Call (432) 847-4704.",emergency water removal & cleanup big spring,water extraction|water removal|water cleanup|standing water removal,local_emergency,,,900,hero|og|inline-1|inline-2,service|local-business|faq|breadcrumb-list,/services/emergency-water-removal/|/service-areas/big-spring-tx/|/service-areas/big-spring-tx/water-damage-restoration/|/service-areas/big-spring-tx/sewage-cleanup/|/service-areas/andrews-tx/emergency-water-removal/|/service-areas/big-lake-tx/emergency-water-removal/|/contact/,6.30,planned
/service-areas/big-spring-tx/sewage-cleanup/,service-area-service,"Emergency Sewage Cleanup and Sanitization in Big Spring, TX | ACS Enterprise ",Emergency Sewage Cleanup and Sanitization in Big Spring,"Emergency sewage cleanup and sanitization in Big Spring, TX. Insurance billing accepted. Call (432) 847-4704.",sewage cleanup and sanitization big spring,sewage backup cleanup|raw sewage removal|septic overflow cleanup|sewer line backup|sanitization services,local_emergency,,,900,hero|og|inline-1|inline-2,service|local-business|faq|breadcrumb-list,/services/sewage-cleanup/|/service-areas/big-spring-tx/|/service-areas/big-spring-tx/water-damage-restoration/|/service-areas/big-spring-tx/emergency-water-removal/|/service-areas/andrews-tx/sewage-cleanup/|/service-areas/big-lake-tx/sewage-cleanup/|/contact/,6.30,planned
/service-areas/big-spring-tx/storm-damage-restoration/,service-area-service,"Emergency Storm Damage Restoration in Big Spring, TX | ACS Enterprise ",Emergency Storm Damage Restoration in Big Spring,"Emergency storm damage restoration in Big Spring, TX. Insurance billing accepted. Call (432) 847-4704.",storm damage restoration big spring,hurricane damage cleanup|tornado damage cleanup|tree damage cleanup|storm cleanup services|severe weather damage repair,local_emergency,,,900,hero|og|inline-1|inline-2,service|local-business|faq|breadcrumb-list,/services/storm-damage-restoration/|/service-areas/big-spring-tx/|/service-areas/big-spring-tx/water-damage-restoration/|/service-areas/big-spring-tx/emergency-water-removal/|/service-areas/andrews-tx/storm-damage-restoration/|/service-areas/big-lake-tx/storm-damage-restoration/|/contact/,6.30,planned
/service-areas/crane-tx/emergency-water-removal/,service-area-service,"Emergency Water Removal & Cleanup in Crane, TX | ACS Enterprise",Emergency Water Removal & Cleanup in Crane,"Emergency water removal & cleanup in Crane, TX. Insurance billing accepted. Call (432) 847-4704.",emergency water removal & cleanup crane,water extraction|water removal|water cleanup|standing water removal,local_emergency,,,900,hero|og|inline-1|inline-2,service|local-business|faq|breadcrumb-list,/services/emergency-water-removal/|/service-areas/crane-tx/|/service-areas/crane-tx/water-damage-restoration/|/service-areas/crane-tx/sewage-cleanup/|/service-areas/andrews-tx/emergency-water-removal/|/service-areas/big-lake-tx/emergency-water-removal/|/contact/,6.30,planned
/service-areas/crane-tx/sewage-cleanup/,service-area-service,"Emergency Sewage Cleanup and Sanitization in Crane, TX | ACS Enterprise ",Emergency Sewage Cleanup and Sanitization in Crane,"Emergency sewage cleanup and sanitization in Crane, TX. Insurance billing accepted. Call (432) 847-4704.",sewage cleanup and sanitization crane,sewage backup cleanup|raw sewage removal|septic overflow cleanup|sewer line backup|sanitization services,local_emergency,,,900,hero|og|inline-1|inline-2,service|local-business|faq|breadcrumb-list,/services/sewage-cleanup/|/service-areas/crane-tx/|/service-areas/crane-tx/water-damage-restoration/|/service-areas/crane-tx/emergency-water-removal/|/service-areas/andrews-tx/sewage-cleanup/|/service-areas/big-lake-tx/sewage-cleanup/|/contact/,6.30,planned
/service-areas/crane-tx/storm-damage-restoration/,service-area-service,"Emergency Storm Damage Restoration in Crane, TX | ACS Enterprise ",Emergency Storm Damage Restoration in Crane,"Emergency storm damage restoration in Crane, TX. Insurance billing accepted. Call (432) 847-4704.",storm damage restoration crane,hurricane damage cleanup|tornado damage cleanup|tree damage cleanup|storm cleanup services|severe weather damage repair,local_emergency,,,900,hero|og|inline-1|inline-2,service|local-business|faq|breadcrumb-list,/services/storm-damage-restoration/|/service-areas/crane-tx/|/service-areas/crane-tx/water-damage-restoration/|/service-areas/crane-tx/emergency-water-removal/|/service-areas/andrews-tx/storm-damage-restoration/|/service-areas/big-lake-tx/storm-damage-restoration/|/contact/,6.30,planned
/service-areas/garden-city-tx/emergency-water-removal/,service-area-service,"Emergency Water Removal & Cleanup in Garden City, TX | ACS Enterprise",Emergency Water Removal & Cleanup in Garden City,"Emergency water removal & cleanup in Garden City, TX. Insurance billing accepted. Call (432) 847-4704.",emergency water removal & cleanup garden city,water extraction|water removal|water cleanup|standing water removal,local_emergency,,,900,hero|og|inline-1|inline-2,service|local-business|faq|breadcrumb-list,/services/emergency-water-removal/|/service-areas/garden-city-tx/|/service-areas/garden-city-tx/water-damage-restoration/|/service-areas/garden-city-tx/sewage-cleanup/|/service-areas/andrews-tx/emergency-water-removal/|/service-areas/big-lake-tx/emergency-water-removal/|/contact/,6.30,planned
/service-areas/garden-city-tx/sewage-cleanup/,service-area-service,"Emergency Sewage Cleanup and Sanitization in Garden City, TX | ACS Enterprise ",Emergency Sewage Cleanup and Sanitization in Garden City,"Emergency sewage cleanup and sanitization in Garden City, TX. Insurance billing accepted. Call (432) 847-4704.",sewage cleanup and sanitization garden city,sewage backup cleanup|raw sewage removal|septic overflow cleanup|sewer line backup|sanitization services,local_emergency,,,900,hero|og|inline-1|inline-2,service|local-business|faq|breadcrumb-list,/services/sewage-cleanup/|/service-areas/garden-city-tx/|/service-areas/garden-city-tx/water-damage-restoration/|/service-areas/garden-city-tx/emergency-water-removal/|/service-areas/andrews-tx/sewage-cleanup/|/service-areas/big-lake-tx/sewage-cleanup/|/contact/,6.30,planned
/service-areas/garden-city-tx/storm-damage-restoration/,service-area-service,"Emergency Storm Damage Restoration in Garden City, TX | ACS Enterprise ",Emergency Storm Damage Restoration in Garden City,"Emergency storm damage restoration in Garden City, TX. Insurance billing accepted. Call (432) 847-4704.",storm damage restoration garden city,hurricane damage cleanup|tornado damage cleanup|tree damage cleanup|storm cleanup services|severe weather damage repair,local_emergency,,,900,hero|og|inline-1|inline-2,service|local-business|faq|breadcrumb-list,/services/storm-damage-restoration/|/service-areas/garden-city-tx/|/service-areas/garden-city-tx/water-damage-restoration/|/service-areas/garden-city-tx/emergency-water-removal/|/service-areas/andrews-tx/storm-damage-restoration/|/service-areas/big-lake-tx/storm-damage-restoration/|/contact/,6.30,planned
/service-areas/gardendale-tx/emergency-water-removal/,service-area-service,"Emergency Water Removal & Cleanup in Gardendale, TX | ACS Enterprise",Emergency Water Removal & Cleanup in Gardendale,"Emergency water removal & cleanup in Gardendale, TX. Insurance billing accepted. Call (432) 847-4704.",emergency water removal & cleanup gardendale,water extraction|water removal|water cleanup|standing water removal,local_emergency,,,900,hero|og|inline-1|inline-2,service|local-business|faq|breadcrumb-list,/services/emergency-water-removal/|/service-areas/gardendale-tx/|/service-areas/gardendale-tx/water-damage-restoration/|/service-areas/gardendale-tx/sewage-cleanup/|/service-areas/andrews-tx/emergency-water-removal/|/service-areas/big-lake-tx/emergency-water-removal/|/contact/,6.30,planned
/service-areas/gardendale-tx/sewage-cleanup/,service-area-service,"Emergency Sewage Cleanup and Sanitization in Gardendale, TX | ACS Enterprise ",Emergency Sewage Cleanup and Sanitization in Gardendale,"Emergency sewage cleanup and sanitization in Gardendale, TX. Insurance billing accepted. Call (432) 847-4704.",sewage cleanup and sanitization gardendale,sewage backup cleanup|raw sewage removal|septic overflow cleanup|sewer line backup|sanitization services,local_emergency,,,900,hero|og|inline-1|inline-2,service|local-business|faq|breadcrumb-list,/services/sewage-cleanup/|/service-areas/gardendale-tx/|/service-areas/gardendale-tx/water-damage-restoration/|/service-areas/gardendale-tx/emergency-water-removal/|/service-areas/andrews-tx/sewage-cleanup/|/service-areas/big-lake-tx/sewage-cleanup/|/contact/,6.30,planned
/service-areas/gardendale-tx/storm-damage-restoration/,service-area-service,"Emergency Storm Damage Restoration in Gardendale, TX | ACS Enterprise ",Emergency Storm Damage Restoration in Gardendale,"Emergency storm damage restoration in Gardendale, TX. Insurance billing accepted. Call (432) 847-4704.",storm damage restoration gardendale,hurricane damage cleanup|tornado damage cleanup|tree damage cleanup|storm cleanup services|severe weather damage repair,local_emergency,,,900,hero|og|inline-1|inline-2,service|local-business|faq|breadcrumb-list,/services/storm-damage-restoration/|/service-areas/gardendale-tx/|/service-areas/gardendale-tx/water-damage-restoration/|/service-areas/gardendale-tx/emergency-water-removal/|/service-areas/andrews-tx/storm-damage-restoration/|/service-areas/big-lake-tx/storm-damage-restoration/|/contact/,6.30,planned
/service-areas/goldsmith-tx/emergency-water-removal/,service-area-service,"Emergency Water Removal & Cleanup in Goldsmith, TX | ACS Enterprise",Emergency Water Removal & Cleanup in Goldsmith,"Emergency water removal & cleanup in Goldsmith, TX. Insurance billing accepted. Call (432) 847-4704.",emergency water removal & cleanup goldsmith,water extraction|water removal|water cleanup|standing water removal,local_emergency,,,900,hero|og|inline-1|inline-2,service|local-business|faq|breadcrumb-list,/services/emergency-water-removal/|/service-areas/goldsmith-tx/|/service-areas/goldsmith-tx/water-damage-restoration/|/service-areas/goldsmith-tx/sewage-cleanup/|/service-areas/andrews-tx/emergency-water-removal/|/service-areas/big-lake-tx/emergency-water-removal/|/contact/,6.30,planned
/service-areas/goldsmith-tx/sewage-cleanup/,service-area-service,"Emergency Sewage Cleanup and Sanitization in Goldsmith, TX | ACS Enterprise ",Emergency Sewage Cleanup and Sanitization in Goldsmith,"Emergency sewage cleanup and sanitization in Goldsmith, TX. Insurance billing accepted. Call (432) 847-4704.",sewage cleanup and sanitization goldsmith,sewage backup cleanup|raw sewage removal|septic overflow cleanup|sewer line backup|sanitization services,local_emergency,,,900,hero|og|inline-1|inline-2,service|local-business|faq|breadcrumb-list,/services/sewage-cleanup/|/service-areas/goldsmith-tx/|/service-areas/goldsmith-tx/water-damage-restoration/|/service-areas/goldsmith-tx/emergency-water-removal/|/service-areas/andrews-tx/sewage-cleanup/|/service-areas/big-lake-tx/sewage-cleanup/|/contact/,6.30,planned
/service-areas/goldsmith-tx/storm-damage-restoration/,service-area-service,"Emergency Storm Damage Restoration in Goldsmith, TX | ACS Enterprise ",Emergency Storm Damage Restoration in Goldsmith,"Emergency storm damage restoration in Goldsmith, TX. Insurance billing accepted. Call (432) 847-4704.",storm damage restoration goldsmith,hurricane damage cleanup|tornado damage cleanup|tree damage cleanup|storm cleanup services|severe weather damage repair,local_emergency,,,900,hero|og|inline-1|inline-2,service|local-business|faq|breadcrumb-list,/services/storm-damage-restoration/|/service-areas/goldsmith-tx/|/service-areas/goldsmith-tx/water-damage-restoration/|/service-areas/goldsmith-tx/emergency-water-removal/|/service-areas/andrews-tx/storm-damage-restoration/|/service-areas/big-lake-tx/storm-damage-restoration/|/contact/,6.30,planned
/service-areas/greenwood-tx/emergency-water-removal/,service-area-service,"Emergency Water Removal & Cleanup in Greenwood, TX | ACS Enterprise",Emergency Water Removal & Cleanup in Greenwood,"Emergency water removal & cleanup in Greenwood, TX. Insurance billing accepted. Call (432) 847-4704.",emergency water removal & cleanup greenwood,water extraction|water removal|water cleanup|standing water removal,local_emergency,,,900,hero|og|inline-1|inline-2,service|local-business|faq|breadcrumb-list,/services/emergency-water-removal/|/service-areas/greenwood-tx/|/service-areas/greenwood-tx/water-damage-restoration/|/service-areas/greenwood-tx/sewage-cleanup/|/service-areas/andrews-tx/emergency-water-removal/|/service-areas/big-lake-tx/emergency-water-removal/|/contact/,6.30,planned
/service-areas/greenwood-tx/sewage-cleanup/,service-area-service,"Emergency Sewage Cleanup and Sanitization in Greenwood, TX | ACS Enterprise ",Emergency Sewage Cleanup and Sanitization in Greenwood,"Emergency sewage cleanup and sanitization in Greenwood, TX. Insurance billing accepted. Call (432) 847-4704.",sewage cleanup and sanitization greenwood,sewage backup cleanup|raw sewage removal|septic overflow cleanup|sewer line backup|sanitization services,local_emergency,,,900,hero|og|inline-1|inline-2,service|local-business|faq|breadcrumb-list,/services/sewage-cleanup/|/service-areas/greenwood-tx/|/service-areas/greenwood-tx/water-damage-restoration/|/service-areas/greenwood-tx/emergency-water-removal/|/service-areas/andrews-tx/sewage-cleanup/|/service-areas/big-lake-tx/sewage-cleanup/|/contact/,6.30,planned
/service-areas/greenwood-tx/storm-damage-restoration/,service-area-service,"Emergency Storm Damage Restoration in Greenwood, TX | ACS Enterprise ",Emergency Storm Damage Restoration in Greenwood,"Emergency storm damage restoration in Greenwood, TX. Insurance billing accepted. Call (432) 847-4704.",storm damage restoration greenwood,hurricane damage cleanup|tornado damage cleanup|tree damage cleanup|storm cleanup services|severe weather damage repair,local_emergency,,,900,hero|og|inline-1|inline-2,service|local-business|faq|breadcrumb-list,/services/storm-damage-restoration/|/service-areas/greenwood-tx/|/service-areas/greenwood-tx/water-damage-restoration/|/service-areas/greenwood-tx/emergency-water-removal/|/service-areas/andrews-tx/storm-damage-restoration/|/service-areas/big-lake-tx/storm-damage-restoration/|/contact/,6.30,planned
/service-areas/imperial-tx/emergency-water-removal/,service-area-service,"Emergency Water Removal & Cleanup in Imperial, TX | ACS Enterprise",Emergency Water Removal & Cleanup in Imperial,"Emergency water removal & cleanup in Imperial, TX. Insurance billing accepted. Call (432) 847-4704.",emergency water removal & cleanup imperial,water extraction|water removal|water cleanup|standing water removal,local_emergency,,,900,hero|og|inline-1|inline-2,service|local-business|faq|breadcrumb-list,/services/emergency-water-removal/|/service-areas/imperial-tx/|/service-areas/imperial-tx/water-damage-restoration/|/service-areas/imperial-tx/sewage-cleanup/|/service-areas/andrews-tx/emergency-water-removal/|/service-areas/big-lake-tx/emergency-water-removal/|/contact/,6.30,planned
/service-areas/imperial-tx/sewage-cleanup/,service-area-service,"Emergency Sewage Cleanup and Sanitization in Imperial, TX | ACS Enterprise ",Emergency Sewage Cleanup and Sanitization in Imperial,"Emergency sewage cleanup and sanitization in Imperial, TX. Insurance billing accepted. Call (432) 847-4704.",sewage cleanup and sanitization imperial,sewage backup cleanup|raw sewage removal|septic overflow cleanup|sewer line backup|sanitization services,local_emergency,,,900,hero|og|inline-1|inline-2,service|local-business|faq|breadcrumb-list,/services/sewage-cleanup/|/service-areas/imperial-tx/|/service-areas/imperial-tx/water-damage-restoration/|/service-areas/imperial-tx/emergency-water-removal/|/service-areas/andrews-tx/sewage-cleanup/|/service-areas/big-lake-tx/sewage-cleanup/|/contact/,6.30,planned
/service-areas/imperial-tx/storm-damage-restoration/,service-area-service,"Emergency Storm Damage Restoration in Imperial, TX | ACS Enterprise ",Emergency Storm Damage Restoration in Imperial,"Emergency storm damage restoration in Imperial, TX. Insurance billing accepted. Call (432) 847-4704.",storm damage restoration imperial,hurricane damage cleanup|tornado damage cleanup|tree damage cleanup|storm cleanup services|severe weather damage repair,local_emergency,,,900,hero|og|inline-1|inline-2,service|local-business|faq|breadcrumb-list,/services/storm-damage-restoration/|/service-areas/imperial-tx/|/service-areas/imperial-tx/water-damage-restoration/|/service-areas/imperial-tx/emergency-water-removal/|/service-areas/andrews-tx/storm-damage-restoration/|/service-areas/big-lake-tx/storm-damage-restoration/|/contact/,6.30,planned
/service-areas/mccamey-tx/emergency-water-removal/,service-area-service,"Emergency Water Removal & Cleanup in McCamey, TX | ACS Enterprise",Emergency Water Removal & Cleanup in McCamey,"Emergency water removal & cleanup in McCamey, TX. Insurance billing accepted. Call (432) 847-4704.",emergency water removal & cleanup mccamey,water extraction|water removal|water cleanup|standing water removal,local_emergency,,,900,hero|og|inline-1|inline-2,service|local-business|faq|breadcrumb-list,/services/emergency-water-removal/|/service-areas/mccamey-tx/|/service-areas/mccamey-tx/water-damage-restoration/|/service-areas/mccamey-tx/sewage-cleanup/|/service-areas/andrews-tx/emergency-water-removal/|/service-areas/big-lake-tx/emergency-water-removal/|/contact/,6.30,planned
/service-areas/mccamey-tx/sewage-cleanup/,service-area-service,"Emergency Sewage Cleanup and Sanitization in McCamey, TX | ACS Enterprise ",Emergency Sewage Cleanup and Sanitization in McCamey,"Emergency sewage cleanup and sanitization in McCamey, TX. Insurance billing accepted. Call (432) 847-4704.",sewage cleanup and sanitization mccamey,sewage backup cleanup|raw sewage removal|septic overflow cleanup|sewer line backup|sanitization services,local_emergency,,,900,hero|og|inline-1|inline-2,service|local-business|faq|breadcrumb-list,/services/sewage-cleanup/|/service-areas/mccamey-tx/|/service-areas/mccamey-tx/water-damage-restoration/|/service-areas/mccamey-tx/emergency-water-removal/|/service-areas/andrews-tx/sewage-cleanup/|/service-areas/big-lake-tx/sewage-cleanup/|/contact/,6.30,planned
/service-areas/mccamey-tx/storm-damage-restoration/,service-area-service,"Emergency Storm Damage Restoration in McCamey, TX | ACS Enterprise ",Emergency Storm Damage Restoration in McCamey,"Emergency storm damage restoration in McCamey, TX. Insurance billing accepted. Call (432) 847-4704.",storm damage restoration mccamey,hurricane damage cleanup|tornado damage cleanup|tree damage cleanup|storm cleanup services|severe weather damage repair,local_emergency,,,900,hero|og|inline-1|inline-2,service|local-business|faq|breadcrumb-list,/services/storm-damage-restoration/|/service-areas/mccamey-tx/|/service-areas/mccamey-tx/water-damage-restoration/|/service-areas/mccamey-tx/emergency-water-removal/|/service-areas/andrews-tx/storm-damage-restoration/|/service-areas/big-lake-tx/storm-damage-restoration/|/contact/,6.30,planned
/service-areas/monahans-tx/emergency-water-removal/,service-area-service,"Emergency Water Removal & Cleanup in Monahans, TX | ACS Enterprise",Emergency Water Removal & Cleanup in Monahans,"Emergency water removal & cleanup in Monahans, TX. Insurance billing accepted. Call (432) 847-4704.",emergency water removal & cleanup monahans,water extraction|water removal|water cleanup|standing water removal,local_emergency,,,900,hero|og|inline-1|inline-2,service|local-business|faq|breadcrumb-list,/services/emergency-water-removal/|/service-areas/monahans-tx/|/service-areas/monahans-tx/water-damage-restoration/|/service-areas/monahans-tx/sewage-cleanup/|/service-areas/andrews-tx/emergency-water-removal/|/service-areas/big-lake-tx/emergency-water-removal/|/contact/,6.30,planned
/service-areas/monahans-tx/sewage-cleanup/,service-area-service,"Emergency Sewage Cleanup and Sanitization in Monahans, TX | ACS Enterprise ",Emergency Sewage Cleanup and Sanitization in Monahans,"Emergency sewage cleanup and sanitization in Monahans, TX. Insurance billing accepted. Call (432) 847-4704.",sewage cleanup and sanitization monahans,sewage backup cleanup|raw sewage removal|septic overflow cleanup|sewer line backup|sanitization services,local_emergency,,,900,hero|og|inline-1|inline-2,service|local-business|faq|breadcrumb-list,/services/sewage-cleanup/|/service-areas/monahans-tx/|/service-areas/monahans-tx/water-damage-restoration/|/service-areas/monahans-tx/emergency-water-removal/|/service-areas/andrews-tx/sewage-cleanup/|/service-areas/big-lake-tx/sewage-cleanup/|/contact/,6.30,planned
/service-areas/monahans-tx/storm-damage-restoration/,service-area-service,"Emergency Storm Damage Restoration in Monahans, TX | ACS Enterprise ",Emergency Storm Damage Restoration in Monahans,"Emergency storm damage restoration in Monahans, TX. Insurance billing accepted. Call (432) 847-4704.",storm damage restoration monahans,hurricane damage cleanup|tornado damage cleanup|tree damage cleanup|storm cleanup services|severe weather damage repair,local_emergency,,,900,hero|og|inline-1|inline-2,service|local-business|faq|breadcrumb-list,/services/storm-damage-restoration/|/service-areas/monahans-tx/|/service-areas/monahans-tx/water-damage-restoration/|/service-areas/monahans-tx/emergency-water-removal/|/service-areas/andrews-tx/storm-damage-restoration/|/service-areas/big-lake-tx/storm-damage-restoration/|/contact/,6.30,planned
/service-areas/odessa-tx/emergency-water-removal/,service-area-service,"Emergency Water Removal & Cleanup in Odessa, TX | ACS Enterprise",Emergency Water Removal & Cleanup in Odessa,"Emergency water removal & cleanup in Odessa, TX. Insurance billing accepted. Call (432) 847-4704.",emergency water removal & cleanup odessa,water extraction|water removal|water cleanup|standing water removal,local_emergency,,,900,hero|og|inline-1|inline-2,service|local-business|faq|breadcrumb-list,/services/emergency-water-removal/|/service-areas/odessa-tx/|/service-areas/odessa-tx/water-damage-restoration/|/service-areas/odessa-tx/sewage-cleanup/|/service-areas/andrews-tx/emergency-water-removal/|/service-areas/big-lake-tx/emergency-water-removal/|/contact/,6.30,planned
/service-areas/odessa-tx/sewage-cleanup/,service-area-service,"Emergency Sewage Cleanup and Sanitization in Odessa, TX | ACS Enterprise ",Emergency Sewage Cleanup and Sanitization in Odessa,"Emergency sewage cleanup and sanitization in Odessa, TX. Insurance billing accepted. Call (432) 847-4704.",sewage cleanup and sanitization odessa,sewage backup cleanup|raw sewage removal|septic overflow cleanup|sewer line backup|sanitization services,local_emergency,,,900,hero|og|inline-1|inline-2,service|local-business|faq|breadcrumb-list,/services/sewage-cleanup/|/service-areas/odessa-tx/|/service-areas/odessa-tx/water-damage-restoration/|/service-areas/odessa-tx/emergency-water-removal/|/service-areas/andrews-tx/sewage-cleanup/|/service-areas/big-lake-tx/sewage-cleanup/|/contact/,6.30,planned
/service-areas/odessa-tx/storm-damage-restoration/,service-area-service,"Emergency Storm Damage Restoration in Odessa, TX | ACS Enterprise ",Emergency Storm Damage Restoration in Odessa,"Emergency storm damage restoration in Odessa, TX. Insurance billing accepted. Call (432) 847-4704.",storm damage restoration odessa,hurricane damage cleanup|tornado damage cleanup|tree damage cleanup|storm cleanup services|severe weather damage repair,local_emergency,,,900,hero|og|inline-1|inline-2,service|local-business|faq|breadcrumb-list,/services/storm-damage-restoration/|/service-areas/odessa-tx/|/service-areas/odessa-tx/water-damage-restoration/|/service-areas/odessa-tx/emergency-water-removal/|/service-areas/andrews-tx/storm-damage-restoration/|/service-areas/big-lake-tx/storm-damage-restoration/|/contact/,6.30,planned
/service-areas/southwest-sandhill-tx/emergency-water-removal/,service-area-service,"Emergency Water Removal & Cleanup in Southwest Sandhill, TX | ACS Enterprise",Emergency Water Removal & Cleanup in Southwest Sandhill,"Emergency water removal & cleanup in Southwest Sandhill, TX. Insurance billing accepted. Call (432) 847-4704.",emergency water removal & cleanup southwest sandhill,water extraction|water removal|water cleanup|standing water removal,local_emergency,,,900,hero|og|inline-1|inline-2,service|local-business|faq|breadcrumb-list,/services/emergency-water-removal/|/service-areas/southwest-sandhill-tx/|/service-areas/southwest-sandhill-tx/water-damage-restoration/|/service-areas/southwest-sandhill-tx/sewage-cleanup/|/service-areas/andrews-tx/emergency-water-removal/|/service-areas/big-lake-tx/emergency-water-removal/|/contact/,6.30,planned
/service-areas/southwest-sandhill-tx/sewage-cleanup/,service-area-service,Emergency Sewage Cleanup and Sanitization in Southwest Sandhill | ACS Enterprise ,Emergency Sewage Cleanup and Sanitization in Southwest Sandhill,"Emergency sewage cleanup and sanitization in Southwest Sandhill, TX. Insurance billing accepted. Call (432) 847-4704.",sewage cleanup and sanitization southwest sandhill,sewage backup cleanup|raw sewage removal|septic overflow cleanup|sewer line backup|sanitization services,local_emergency,,,900,hero|og|inline-1|inline-2,service|local-business|faq|breadcrumb-list,/services/sewage-cleanup/|/service-areas/southwest-sandhill-tx/|/service-areas/southwest-sandhill-tx/water-damage-restoration/|/service-areas/southwest-sandhill-tx/emergency-water-removal/|/service-areas/andrews-tx/sewage-cleanup/|/service-areas/big-lake-tx/sewage-cleanup/|/contact/,6.30,planned
/service-areas/southwest-sandhill-tx/storm-damage-restoration/,service-area-service,"Emergency Storm Damage Restoration in Southwest Sandhill, TX | ACS Enterprise ",Emergency Storm Damage Restoration in Southwest Sandhill,"Emergency storm damage restoration in Southwest Sandhill, TX. Insurance billing accepted. Call (432) 847-4704.",storm damage restoration southwest sandhill,hurricane damage cleanup|tornado damage cleanup|tree damage cleanup|storm cleanup services|severe weather damage repair,local_emergency,,,900,hero|og|inline-1|inline-2,service|local-business|faq|breadcrumb-list,/services/storm-damage-restoration/|/service-areas/southwest-sandhill-tx/|/service-areas/southwest-sandhill-tx/water-damage-restoration/|/service-areas/southwest-sandhill-tx/emergency-water-removal/|/service-areas/andrews-tx/storm-damage-restoration/|/service-areas/big-lake-tx/storm-damage-restoration/|/contact/,6.30,planned
/service-areas/stanton-tx/emergency-water-removal/,service-area-service,"Emergency Water Removal & Cleanup in Stanton, TX | ACS Enterprise",Emergency Water Removal & Cleanup in Stanton,"Emergency water removal & cleanup in Stanton, TX. Insurance billing accepted. Call (432) 847-4704.",emergency water removal & cleanup stanton,water extraction|water removal|water cleanup|standing water removal,local_emergency,,,900,hero|og|inline-1|inline-2,service|local-business|faq|breadcrumb-list,/services/emergency-water-removal/|/service-areas/stanton-tx/|/service-areas/stanton-tx/water-damage-restoration/|/service-areas/stanton-tx/sewage-cleanup/|/service-areas/andrews-tx/emergency-water-removal/|/service-areas/big-lake-tx/emergency-water-removal/|/contact/,6.30,planned
/service-areas/stanton-tx/sewage-cleanup/,service-area-service,"Emergency Sewage Cleanup and Sanitization in Stanton, TX | ACS Enterprise ",Emergency Sewage Cleanup and Sanitization in Stanton,"Emergency sewage cleanup and sanitization in Stanton, TX. Insurance billing accepted. Call (432) 847-4704.",sewage cleanup and sanitization stanton,sewage backup cleanup|raw sewage removal|septic overflow cleanup|sewer line backup|sanitization services,local_emergency,,,900,hero|og|inline-1|inline-2,service|local-business|faq|breadcrumb-list,/services/sewage-cleanup/|/service-areas/stanton-tx/|/service-areas/stanton-tx/water-damage-restoration/|/service-areas/stanton-tx/emergency-water-removal/|/service-areas/andrews-tx/sewage-cleanup/|/service-areas/big-lake-tx/sewage-cleanup/|/contact/,6.30,planned
/service-areas/stanton-tx/storm-damage-restoration/,service-area-service,"Emergency Storm Damage Restoration in Stanton, TX | ACS Enterprise ",Emergency Storm Damage Restoration in Stanton,"Emergency storm damage restoration in Stanton, TX. Insurance billing accepted. Call (432) 847-4704.",storm damage restoration stanton,hurricane damage cleanup|tornado damage cleanup|tree damage cleanup|storm cleanup services|severe weather damage repair,local_emergency,,,900,hero|og|inline-1|inline-2,service|local-business|faq|breadcrumb-list,/services/storm-damage-restoration/|/service-areas/stanton-tx/|/service-areas/stanton-tx/water-damage-restoration/|/service-areas/stanton-tx/emergency-water-removal/|/service-areas/andrews-tx/storm-damage-restoration/|/service-areas/big-lake-tx/storm-damage-restoration/|/contact/,6.30,planned
/service-areas/west-odessa-tx/emergency-water-removal/,service-area-service,"Emergency Water Removal & Cleanup in West Odessa, TX | ACS Enterprise",Emergency Water Removal & Cleanup in West Odessa,"Emergency water removal & cleanup in West Odessa, TX. Insurance billing accepted. Call (432) 847-4704.",emergency water removal & cleanup west odessa,water extraction|water removal|water cleanup|standing water removal,local_emergency,,,900,hero|og|inline-1|inline-2,service|local-business|faq|breadcrumb-list,/services/emergency-water-removal/|/service-areas/west-odessa-tx/|/service-areas/west-odessa-tx/water-damage-restoration/|/service-areas/west-odessa-tx/sewage-cleanup/|/service-areas/andrews-tx/emergency-water-removal/|/service-areas/big-lake-tx/emergency-water-removal/|/contact/,6.30,planned
/service-areas/west-odessa-tx/sewage-cleanup/,service-area-service,"Emergency Sewage Cleanup and Sanitization in West Odessa, TX | ACS Enterprise ",Emergency Sewage Cleanup and Sanitization in West Odessa,"Emergency sewage cleanup and sanitization in West Odessa, TX. Insurance billing accepted. Call (432) 847-4704.",sewage cleanup and sanitization west odessa,sewage backup cleanup|raw sewage removal|septic overflow cleanup|sewer line backup|sanitization services,local_emergency,,,900,hero|og|inline-1|inline-2,service|local-business|faq|breadcrumb-list,/services/sewage-cleanup/|/service-areas/west-odessa-tx/|/service-areas/west-odessa-tx/water-damage-restoration/|/service-areas/west-odessa-tx/emergency-water-removal/|/service-areas/andrews-tx/sewage-cleanup/|/service-areas/big-lake-tx/sewage-cleanup/|/contact/,6.30,planned
/service-areas/west-odessa-tx/storm-damage-restoration/,service-area-service,"Emergency Storm Damage Restoration in West Odessa, TX | ACS Enterprise ",Emergency Storm Damage Restoration in West Odessa,"Emergency storm damage restoration in West Odessa, TX. Insurance billing accepted. Call (432) 847-4704.",storm damage restoration west odessa,hurricane damage cleanup|tornado damage cleanup|tree damage cleanup|storm cleanup services|severe weather damage repair,local_emergency,,,900,hero|og|inline-1|inline-2,service|local-business|faq|breadcrumb-list,/services/storm-damage-restoration/|/service-areas/west-odessa-tx/|/service-areas/west-odessa-tx/water-damage-restoration/|/service-areas/west-odessa-tx/emergency-water-removal/|/service-areas/andrews-tx/storm-damage-restoration/|/service-areas/big-lake-tx/storm-damage-restoration/|/contact/,6.30,planned
/services/industrial-restoration/,service-landing,Industrial Restoration in Midland | ACS Enterprise ,Industrial Restoration in Midland,Industrial restoration in Midland and surrounding areas. Insurance billing accepted. Call (432) 847-4704.,industrial restoration midland,industrial water damage|warehouse restoration|manufacturing facility restoration|industrial fire damage|plant restoration services,local_b2b,,,1100,hero|og|inline-1|inline-2,service|local-business|faq|breadcrumb-list,/services/|/contact/,6.30,planned
/services/water-heater-flood-cleanup/,service-landing,Emergency Water Heater Flood Cleanup in Midland | ACS Enterprise ,Emergency Water Heater Flood Cleanup in Midland,Emergency water heater flood cleanup in Midland and surrounding areas. Insurance billing accepted. Call (432) 847-4704.,water heater flood cleanup midland,water heater leaking|water heater burst|flooded water heater|water heater leak damage,local_emergency,,,1100,hero|og|inline-1|inline-2,service|local-business|faq|breadcrumb-list,/services/|/contact/,6.30,planned
/services/water-leak-detection/,service-landing,Water Leak Detection in Midland | ACS Enterprise ,Water Leak Detection in Midland,Water leak detection in Midland and surrounding areas. Insurance billing accepted. Call (432) 847-4704.,water leak detection midland,leak detection|hidden water leak|slab leak detection|water leak in wall|leak detection service,local_emergency,,,1100,hero|og|inline-1|inline-2,service|local-business|faq|breadcrumb-list,/services/|/contact/,6.30,planned
/blog/burst-pipe-emergency-checklist/,blog-post,Burst Pipe Checklist: Step-by-Step Response,Burst Pipe Checklist: Step-by-Step Response,,burst pipe checklist stepbystep response,water damage restoration|appliance leak cleanup,informational_emergency,,,1400,hero|og|inline-1|inline-2,blog-posting|faq|breadcrumb-list,/blog/|/services/water-damage-restoration/|/blog/what-to-do-first-24-hours-water-damage/|/blog/choosing-a-restoration-company/|/blog/does-homeowners-insurance-cover-water-damage/,6.00,planned
/blog/what-to-do-first-24-hours-water-damage/,blog-post,What To Do in the First 24 Hours After Water Damage,What To Do in the First 24 Hours After Water Damage,,what to do in the first 24 hours after water damage,water damage restoration,informational_emergency,,,1400,hero|og|inline-1|inline-2,blog-posting|faq|breadcrumb-list,/blog/|/services/water-damage-restoration/|/blog/burst-pipe-emergency-checklist/|/blog/choosing-a-restoration-company/|/blog/does-homeowners-insurance-cover-water-damage/,6.00,planned
/blog/choosing-a-restoration-company/,blog-post,How To Choose a Restoration Company in  (Without Getting Burned),How To Choose a Restoration Company in  (Without Getting Burned),,how to choose a restoration company in  without getting burned,water damage restoration|fire damage restoration|mold remediation,commercial_decision,,,1400,hero|og|inline-1|inline-2,blog-posting|faq|breadcrumb-list,/blog/|/services/fire-damage-restoration/|/services/mold-remediation/|/services/water-damage-restoration/|/blog/burst-pipe-emergency-checklist/|/blog/what-to-do-first-24-hours-water-damage/|/blog/does-homeowners-insurance-cover-water-damage/,5.40,planned
/blog/does-homeowners-insurance-cover-water-damage/,blog-post,Does Homeowners Insurance Cover Water Damage? A Plain-English Guide,Does Homeowners Insurance Cover Water Damage? A Plain-English Guide,,does homeowners insurance cover water damage a plainenglish guide,water damage restoration,informational_insurance,,,1400,hero|og|inline-1|inline-2,blog-posting|faq|breadcrumb-list,/blog/|/services/water-damage-restoration/|/blog/burst-pipe-emergency-checklist/|/blog/what-to-do-first-24-hours-water-damage/|/blog/choosing-a-restoration-company/,5.40,planned
/blog/fire-damage-restoration-process/,blog-post,"The Fire Damage Restoration Process, Explained","The Fire Damage Restoration Process, Explained",,the fire damage restoration process explained,fire damage restoration|smoke damage restoration,informational_emergency,,,1400,hero|og|inline-1|inline-2,blog-posting|faq|breadcrumb-list,/blog/|/services/fire-damage-restoration/|/services/smoke-damage-restoration/|/blog/choosing-a-restoration-company/,5.40,planned
/blog/how-to-test-for-mold/,blog-post,How To Test for Mold in Your Home (DIY Kits vs a Pro Inspection),How To Test for Mold in Your Home (DIY Kits vs a Pro Inspection),,how to test for mold in your home diy kits vs a pro inspection,mold remediation|mold inspection and testing,informational_health,,,1400,hero|og|inline-1|inline-2,blog-posting|faq|breadcrumb-list,/blog/|/services/mold-remediation/|/services/mold-inspection-testing/|/blog/choosing-a-restoration-company/|/blog/signs-of-hidden-mold/|/blog/black-mold-vs-regular-mold/,5.40,planned
/blog/signs-of-hidden-mold/,blog-post,7 Signs You Have Hidden Mold (and What To Do Next),7 Signs You Have Hidden Mold (and What To Do Next),,7 signs you have hidden mold and what to do next,mold remediation,informational_health,,,1400,hero|og|inline-1|inline-2,blog-posting|faq|breadcrumb-list,/blog/|/services/mold-remediation/|/blog/choosing-a-restoration-company/|/blog/how-to-test-for-mold/|/blog/black-mold-vs-regular-mold/,5.40,planned
/,home,"ACS Enterprise  | Restoration Services in Midland, TX",Restoration Services in Midland,"ACS Enterprise provides water, fire, mold, and storm damage restoration across Midland and surrounding areas. Licensed, insured. Call (432) 847-4704.",restoration services midland,restoration company near me,local_commercial,,,1200,hero|og|inline-1|inline-2|inline-3,organization|website|local-business|aggregate-rating,/services/|/service-areas/|/contact/|/about/|/services/fire-damage-restoration/|/services/mold-remediation/|/services/water-damage-restoration/|/services/commercial-restoration/|/services/emergency-water-removal/|/services/flood-damage-restoration/|/services/reconstruction/|/services/sewage-cleanup/|/services/smoke-damage-restoration/|/services/storm-damage-restoration/|/services/basement-flooding-cleanup/|/services/burst-pipe-repair/|/services/ceiling-water-damage-repair/|/services/general-contracting/|/services/large-loss-response/|/services/mold-inspection-testing/|/services/industrial-restoration/|/services/water-heater-flood-cleanup/|/services/water-leak-detection/|/services/air-duct-cleaning/|/services/junk-debris-removal/|/services/carpet-cleaning/|/services/tile-grout-cleaning/|/services/upholstery-cleaning/|/service-areas/andrews-tx/|/service-areas/big-lake-tx/|/service-areas/big-spring-tx/|/service-areas/crane-tx/|/service-areas/garden-city-tx/|/service-areas/gardendale-tx/|/service-areas/goldsmith-tx/|/service-areas/greenwood-tx/|/service-areas/imperial-tx/|/service-areas/mccamey-tx/|/service-areas/monahans-tx/|/service-areas/odessa-tx/|/service-areas/southwest-sandhill-tx/|/service-areas/stanton-tx/|/service-areas/west-odessa-tx/,5.00,planned
/blog/black-mold-vs-regular-mold/,blog-post,Black Mold vs Regular Mold: How To Tell the Difference,Black Mold vs Regular Mold: How To Tell the Difference,,black mold vs regular mold how to tell the difference,mold remediation,informational_health,,,1400,hero|og|inline-1|inline-2,blog-posting|faq|breadcrumb-list,/blog/|/services/mold-remediation/|/blog/choosing-a-restoration-company/|/blog/how-to-test-for-mold/|/blog/signs-of-hidden-mold/,4.80,planned
/service-areas/andrews-tx/,service-area,"Restoration Services in Andrews, TX | ACS Enterprise ",Restoration Services in Andrews,"Serving Andrews, TX with water, fire, mold, and storm damage restoration. Experienced team. Call (432) 847-4704.",restoration services andrews,andrews restoration company|damage restoration andrews|andrews disaster restoration,local_commercial,,,900,hero|og|inline-1,local-business|service|breadcrumb-list,/service-areas/|/contact/|/service-areas/andrews-tx/water-damage-restoration/|/service-areas/andrews-tx/emergency-water-removal/|/service-areas/andrews-tx/sewage-cleanup/|/service-areas/andrews-tx/storm-damage-restoration/|/service-areas/andrews-tx/air-duct-cleaning/|/service-areas/andrews-tx/junk-debris-removal/|/service-areas/andrews-tx/carpet-cleaning/|/service-areas/andrews-tx/tile-grout-cleaning/|/service-areas/andrews-tx/upholstery-cleaning/|/service-areas/big-lake-tx/|/service-areas/big-spring-tx/|/service-areas/crane-tx/,4.80,planned
/service-areas/big-lake-tx/,service-area,"Restoration Services in Big Lake, TX | ACS Enterprise ",Restoration Services in Big Lake,"Serving Big Lake, TX with water, fire, mold, and storm damage restoration. Experienced team. Call (432) 847-4704.",restoration services big lake,big lake restoration company|damage restoration big lake|big lake disaster restoration,local_commercial,,,900,hero|og|inline-1,local-business|service|breadcrumb-list,/service-areas/|/contact/|/service-areas/big-lake-tx/water-damage-restoration/|/service-areas/big-lake-tx/emergency-water-removal/|/service-areas/big-lake-tx/sewage-cleanup/|/service-areas/big-lake-tx/storm-damage-restoration/|/service-areas/big-lake-tx/air-duct-cleaning/|/service-areas/big-lake-tx/junk-debris-removal/|/service-areas/big-lake-tx/carpet-cleaning/|/service-areas/big-lake-tx/tile-grout-cleaning/|/service-areas/big-lake-tx/upholstery-cleaning/|/service-areas/andrews-tx/|/service-areas/big-spring-tx/|/service-areas/crane-tx/,4.80,planned
/service-areas/big-spring-tx/,service-area,"Restoration Services in Big Spring, TX | ACS Enterprise ",Restoration Services in Big Spring,"Serving Big Spring, TX with water, fire, mold, and storm damage restoration. Experienced team. Call (432) 847-4704.",restoration services big spring,big spring restoration company|damage restoration big spring|big spring disaster restoration,local_commercial,,,900,hero|og|inline-1,local-business|service|breadcrumb-list,/service-areas/|/contact/|/service-areas/big-spring-tx/water-damage-restoration/|/service-areas/big-spring-tx/emergency-water-removal/|/service-areas/big-spring-tx/sewage-cleanup/|/service-areas/big-spring-tx/storm-damage-restoration/|/service-areas/big-spring-tx/air-duct-cleaning/|/service-areas/big-spring-tx/junk-debris-removal/|/service-areas/big-spring-tx/carpet-cleaning/|/service-areas/big-spring-tx/tile-grout-cleaning/|/service-areas/big-spring-tx/upholstery-cleaning/|/service-areas/andrews-tx/|/service-areas/big-lake-tx/|/service-areas/crane-tx/,4.80,planned
/service-areas/crane-tx/,service-area,"Restoration Services in Crane, TX | ACS Enterprise ",Restoration Services in Crane,"Serving Crane, TX with water, fire, mold, and storm damage restoration. Experienced team. Call (432) 847-4704.",restoration services crane,crane restoration company|damage restoration crane|crane disaster restoration,local_commercial,,,900,hero|og|inline-1,local-business|service|breadcrumb-list,/service-areas/|/contact/|/service-areas/crane-tx/water-damage-restoration/|/service-areas/crane-tx/emergency-water-removal/|/service-areas/crane-tx/sewage-cleanup/|/service-areas/crane-tx/storm-damage-restoration/|/service-areas/crane-tx/air-duct-cleaning/|/service-areas/crane-tx/junk-debris-removal/|/service-areas/crane-tx/carpet-cleaning/|/service-areas/crane-tx/tile-grout-cleaning/|/service-areas/crane-tx/upholstery-cleaning/|/service-areas/andrews-tx/|/service-areas/big-lake-tx/|/service-areas/big-spring-tx/,4.80,planned
/service-areas/garden-city-tx/,service-area,"Restoration Services in Garden City, TX | ACS Enterprise ",Restoration Services in Garden City,"Serving Garden City, TX with water, fire, mold, and storm damage restoration. Experienced team. Call (432) 847-4704.",restoration services garden city,garden city restoration company|damage restoration garden city|garden city disaster restoration,local_commercial,,,900,hero|og|inline-1,local-business|service|breadcrumb-list,/service-areas/|/contact/|/service-areas/garden-city-tx/water-damage-restoration/|/service-areas/garden-city-tx/emergency-water-removal/|/service-areas/garden-city-tx/sewage-cleanup/|/service-areas/garden-city-tx/storm-damage-restoration/|/service-areas/garden-city-tx/air-duct-cleaning/|/service-areas/garden-city-tx/junk-debris-removal/|/service-areas/garden-city-tx/carpet-cleaning/|/service-areas/garden-city-tx/tile-grout-cleaning/|/service-areas/garden-city-tx/upholstery-cleaning/|/service-areas/andrews-tx/|/service-areas/big-lake-tx/|/service-areas/big-spring-tx/,4.80,planned
/service-areas/gardendale-tx/,service-area,"Restoration Services in Gardendale, TX | ACS Enterprise ",Restoration Services in Gardendale,"Serving Gardendale, TX with water, fire, mold, and storm damage restoration. Experienced team. Call (432) 847-4704.",restoration services gardendale,gardendale restoration company|damage restoration gardendale|gardendale disaster restoration,local_commercial,,,900,hero|og|inline-1,local-business|service|breadcrumb-list,/service-areas/|/contact/|/service-areas/gardendale-tx/water-damage-restoration/|/service-areas/gardendale-tx/emergency-water-removal/|/service-areas/gardendale-tx/sewage-cleanup/|/service-areas/gardendale-tx/storm-damage-restoration/|/service-areas/gardendale-tx/air-duct-cleaning/|/service-areas/gardendale-tx/junk-debris-removal/|/service-areas/gardendale-tx/carpet-cleaning/|/service-areas/gardendale-tx/tile-grout-cleaning/|/service-areas/gardendale-tx/upholstery-cleaning/|/service-areas/andrews-tx/|/service-areas/big-lake-tx/|/service-areas/big-spring-tx/,4.80,planned
/service-areas/goldsmith-tx/,service-area,"Restoration Services in Goldsmith, TX | ACS Enterprise ",Restoration Services in Goldsmith,"Serving Goldsmith, TX with water, fire, mold, and storm damage restoration. Experienced team. Call (432) 847-4704.",restoration services goldsmith,goldsmith restoration company|damage restoration goldsmith|goldsmith disaster restoration,local_commercial,,,900,hero|og|inline-1,local-business|service|breadcrumb-list,/service-areas/|/contact/|/service-areas/goldsmith-tx/water-damage-restoration/|/service-areas/goldsmith-tx/emergency-water-removal/|/service-areas/goldsmith-tx/sewage-cleanup/|/service-areas/goldsmith-tx/storm-damage-restoration/|/service-areas/goldsmith-tx/air-duct-cleaning/|/service-areas/goldsmith-tx/junk-debris-removal/|/service-areas/goldsmith-tx/carpet-cleaning/|/service-areas/goldsmith-tx/tile-grout-cleaning/|/service-areas/goldsmith-tx/upholstery-cleaning/|/service-areas/andrews-tx/|/service-areas/big-lake-tx/|/service-areas/big-spring-tx/,4.80,planned
/service-areas/greenwood-tx/,service-area,"Restoration Services in Greenwood, TX | ACS Enterprise ",Restoration Services in Greenwood,"Serving Greenwood, TX with water, fire, mold, and storm damage restoration. Experienced team. Call (432) 847-4704.",restoration services greenwood,greenwood restoration company|damage restoration greenwood|greenwood disaster restoration,local_commercial,,,900,hero|og|inline-1,local-business|service|breadcrumb-list,/service-areas/|/contact/|/service-areas/greenwood-tx/water-damage-restoration/|/service-areas/greenwood-tx/emergency-water-removal/|/service-areas/greenwood-tx/sewage-cleanup/|/service-areas/greenwood-tx/storm-damage-restoration/|/service-areas/greenwood-tx/air-duct-cleaning/|/service-areas/greenwood-tx/junk-debris-removal/|/service-areas/greenwood-tx/carpet-cleaning/|/service-areas/greenwood-tx/tile-grout-cleaning/|/service-areas/greenwood-tx/upholstery-cleaning/|/service-areas/andrews-tx/|/service-areas/big-lake-tx/|/service-areas/big-spring-tx/,4.80,planned
/service-areas/imperial-tx/,service-area,"Restoration Services in Imperial, TX | ACS Enterprise ",Restoration Services in Imperial,"Serving Imperial, TX with water, fire, mold, and storm damage restoration. Experienced team. Call (432) 847-4704.",restoration services imperial,imperial restoration company|damage restoration imperial|imperial disaster restoration,local_commercial,,,900,hero|og|inline-1,local-business|service|breadcrumb-list,/service-areas/|/contact/|/service-areas/imperial-tx/water-damage-restoration/|/service-areas/imperial-tx/emergency-water-removal/|/service-areas/imperial-tx/sewage-cleanup/|/service-areas/imperial-tx/storm-damage-restoration/|/service-areas/imperial-tx/air-duct-cleaning/|/service-areas/imperial-tx/junk-debris-removal/|/service-areas/imperial-tx/carpet-cleaning/|/service-areas/imperial-tx/tile-grout-cleaning/|/service-areas/imperial-tx/upholstery-cleaning/|/service-areas/andrews-tx/|/service-areas/big-lake-tx/|/service-areas/big-spring-tx/,4.80,planned
/service-areas/mccamey-tx/,service-area,"Restoration Services in McCamey, TX | ACS Enterprise ",Restoration Services in McCamey,"Serving McCamey, TX with water, fire, mold, and storm damage restoration. Experienced team. Call (432) 847-4704.",restoration services mccamey,mccamey restoration company|damage restoration mccamey|mccamey disaster restoration,local_commercial,,,900,hero|og|inline-1,local-business|service|breadcrumb-list,/service-areas/|/contact/|/service-areas/mccamey-tx/water-damage-restoration/|/service-areas/mccamey-tx/emergency-water-removal/|/service-areas/mccamey-tx/sewage-cleanup/|/service-areas/mccamey-tx/storm-damage-restoration/|/service-areas/mccamey-tx/air-duct-cleaning/|/service-areas/mccamey-tx/junk-debris-removal/|/service-areas/mccamey-tx/carpet-cleaning/|/service-areas/mccamey-tx/tile-grout-cleaning/|/service-areas/mccamey-tx/upholstery-cleaning/|/service-areas/andrews-tx/|/service-areas/big-lake-tx/|/service-areas/big-spring-tx/,4.80,planned
/service-areas/monahans-tx/,service-area,"Restoration Services in Monahans, TX | ACS Enterprise ",Restoration Services in Monahans,"Serving Monahans, TX with water, fire, mold, and storm damage restoration. Experienced team. Call (432) 847-4704.",restoration services monahans,monahans restoration company|damage restoration monahans|monahans disaster restoration,local_commercial,,,900,hero|og|inline-1,local-business|service|breadcrumb-list,/service-areas/|/contact/|/service-areas/monahans-tx/water-damage-restoration/|/service-areas/monahans-tx/emergency-water-removal/|/service-areas/monahans-tx/sewage-cleanup/|/service-areas/monahans-tx/storm-damage-restoration/|/service-areas/monahans-tx/air-duct-cleaning/|/service-areas/monahans-tx/junk-debris-removal/|/service-areas/monahans-tx/carpet-cleaning/|/service-areas/monahans-tx/tile-grout-cleaning/|/service-areas/monahans-tx/upholstery-cleaning/|/service-areas/andrews-tx/|/service-areas/big-lake-tx/|/service-areas/big-spring-tx/,4.80,planned
/service-areas/odessa-tx/,service-area,"Restoration Services in Odessa, TX | ACS Enterprise ",Restoration Services in Odessa,"Serving Odessa, TX with water, fire, mold, and storm damage restoration. Experienced team. Call (432) 847-4704.",restoration services odessa,odessa restoration company|damage restoration odessa|odessa disaster restoration,local_commercial,,,900,hero|og|inline-1,local-business|service|breadcrumb-list,/service-areas/|/contact/|/service-areas/odessa-tx/water-damage-restoration/|/service-areas/odessa-tx/emergency-water-removal/|/service-areas/odessa-tx/sewage-cleanup/|/service-areas/odessa-tx/storm-damage-restoration/|/service-areas/odessa-tx/air-duct-cleaning/|/service-areas/odessa-tx/junk-debris-removal/|/service-areas/odessa-tx/carpet-cleaning/|/service-areas/odessa-tx/tile-grout-cleaning/|/service-areas/odessa-tx/upholstery-cleaning/|/service-areas/andrews-tx/|/service-areas/big-lake-tx/|/service-areas/big-spring-tx/,4.80,planned
/service-areas/southwest-sandhill-tx/,service-area,"Restoration Services in Southwest Sandhill, TX | ACS Enterprise ",Restoration Services in Southwest Sandhill,"Serving Southwest Sandhill, TX with water, fire, mold, and storm damage restoration. Experienced team. Call (432) 847-4704.",restoration services southwest sandhill,southwest sandhill restoration company|damage restoration southwest sandhill|southwest sandhill disaster restoration,local_commercial,,,900,hero|og|inline-1,local-business|service|breadcrumb-list,/service-areas/|/contact/|/service-areas/southwest-sandhill-tx/water-damage-restoration/|/service-areas/southwest-sandhill-tx/emergency-water-removal/|/service-areas/southwest-sandhill-tx/sewage-cleanup/|/service-areas/southwest-sandhill-tx/storm-damage-restoration/|/service-areas/southwest-sandhill-tx/air-duct-cleaning/|/service-areas/southwest-sandhill-tx/junk-debris-removal/|/service-areas/southwest-sandhill-tx/carpet-cleaning/|/service-areas/southwest-sandhill-tx/tile-grout-cleaning/|/service-areas/southwest-sandhill-tx/upholstery-cleaning/|/service-areas/andrews-tx/|/service-areas/big-lake-tx/|/service-areas/big-spring-tx/,4.80,planned
/service-areas/stanton-tx/,service-area,"Restoration Services in Stanton, TX | ACS Enterprise ",Restoration Services in Stanton,"Serving Stanton, TX with water, fire, mold, and storm damage restoration. Experienced team. Call (432) 847-4704.",restoration services stanton,stanton restoration company|damage restoration stanton|stanton disaster restoration,local_commercial,,,900,hero|og|inline-1,local-business|service|breadcrumb-list,/service-areas/|/contact/|/service-areas/stanton-tx/water-damage-restoration/|/service-areas/stanton-tx/emergency-water-removal/|/service-areas/stanton-tx/sewage-cleanup/|/service-areas/stanton-tx/storm-damage-restoration/|/service-areas/stanton-tx/air-duct-cleaning/|/service-areas/stanton-tx/junk-debris-removal/|/service-areas/stanton-tx/carpet-cleaning/|/service-areas/stanton-tx/tile-grout-cleaning/|/service-areas/stanton-tx/upholstery-cleaning/|/service-areas/andrews-tx/|/service-areas/big-lake-tx/|/service-areas/big-spring-tx/,4.80,planned
/service-areas/west-odessa-tx/,service-area,"Restoration Services in West Odessa, TX | ACS Enterprise ",Restoration Services in West Odessa,"Serving West Odessa, TX with water, fire, mold, and storm damage restoration. Experienced team. Call (432) 847-4704.",restoration services west odessa,west odessa restoration company|damage restoration west odessa|west odessa disaster restoration,local_commercial,,,900,hero|og|inline-1,local-business|service|breadcrumb-list,/service-areas/|/contact/|/service-areas/west-odessa-tx/water-damage-restoration/|/service-areas/west-odessa-tx/emergency-water-removal/|/service-areas/west-odessa-tx/sewage-cleanup/|/service-areas/west-odessa-tx/storm-damage-restoration/|/service-areas/west-odessa-tx/air-duct-cleaning/|/service-areas/west-odessa-tx/junk-debris-removal/|/service-areas/west-odessa-tx/carpet-cleaning/|/service-areas/west-odessa-tx/tile-grout-cleaning/|/service-areas/west-odessa-tx/upholstery-cleaning/|/service-areas/andrews-tx/|/service-areas/big-lake-tx/|/service-areas/big-spring-tx/,4.80,planned
/services/air-duct-cleaning/,service-landing,Air Duct Cleaning in Midland | ACS Enterprise ,Air Duct Cleaning in Midland,Air duct cleaning in Midland and surrounding areas. Insurance billing accepted. Call (432) 847-4704.,air duct cleaning midland,duct cleaning|HVAC duct cleaning|air duct sanitization|dryer vent cleaning|residential duct cleaning,local_specialty,,,1100,hero|og|inline-1|inline-2,service|local-business|faq|breadcrumb-list,/services/|/contact/|/service-areas/andrews-tx/air-duct-cleaning/|/service-areas/big-lake-tx/air-duct-cleaning/|/service-areas/big-spring-tx/air-duct-cleaning/|/service-areas/crane-tx/air-duct-cleaning/|/service-areas/garden-city-tx/air-duct-cleaning/|/service-areas/gardendale-tx/air-duct-cleaning/|/service-areas/goldsmith-tx/air-duct-cleaning/|/service-areas/greenwood-tx/air-duct-cleaning/|/service-areas/imperial-tx/air-duct-cleaning/|/service-areas/mccamey-tx/air-duct-cleaning/|/service-areas/monahans-tx/air-duct-cleaning/|/service-areas/odessa-tx/air-duct-cleaning/,4.50,planned
/services/junk-debris-removal/,service-landing,Junk & Debris Removal in Midland | ACS Enterprise ,Junk & Debris Removal in Midland,Junk & debris removal in Midland and surrounding areas. Insurance billing accepted. Call (432) 847-4704.,junk & debris removal midland,junk removal|debris removal|house cleanout|garage cleanout|hauling services,local_specialty,,,1100,hero|og|inline-1|inline-2,service|local-business|faq|breadcrumb-list,/services/|/contact/|/service-areas/andrews-tx/junk-debris-removal/|/service-areas/big-lake-tx/junk-debris-removal/|/service-areas/big-spring-tx/junk-debris-removal/|/service-areas/crane-tx/junk-debris-removal/|/service-areas/garden-city-tx/junk-debris-removal/|/service-areas/gardendale-tx/junk-debris-removal/|/service-areas/goldsmith-tx/junk-debris-removal/|/service-areas/greenwood-tx/junk-debris-removal/|/service-areas/imperial-tx/junk-debris-removal/|/service-areas/mccamey-tx/junk-debris-removal/|/service-areas/monahans-tx/junk-debris-removal/|/service-areas/odessa-tx/junk-debris-removal/,4.50,planned
/services/,services-hub,Restoration Services in Midland | ACS Enterprise ,Our Restoration Services,"Full-service restoration in Midland: water, fire, mold, storm, biohazard, and commercial restoration. Prompt scheduling. Call (432) 847-4704.",restoration services midland,damage restoration services|property restoration services|disaster restoration,local_commercial,,,800,hero|og|inline-1,organization|website|local-business|breadcrumb-list,/|/services/fire-damage-restoration/|/services/mold-remediation/|/services/water-damage-restoration/|/services/commercial-restoration/|/services/emergency-water-removal/|/services/flood-damage-restoration/|/services/reconstruction/|/services/sewage-cleanup/|/services/smoke-damage-restoration/|/services/storm-damage-restoration/|/services/basement-flooding-cleanup/|/services/burst-pipe-repair/|/services/ceiling-water-damage-repair/|/services/general-contracting/|/services/large-loss-response/|/services/mold-inspection-testing/|/services/industrial-restoration/|/services/water-heater-flood-cleanup/|/services/water-leak-detection/|/services/air-duct-cleaning/|/services/junk-debris-removal/|/services/carpet-cleaning/|/services/tile-grout-cleaning/|/services/upholstery-cleaning/,4.00,planned
/services/carpet-cleaning/,service-landing,Carpet Cleaning in Midland | ACS Enterprise ,Carpet Cleaning in Midland,Carpet cleaning in Midland and surrounding areas. Insurance billing accepted. Call (432) 847-4704.,carpet cleaning midland,professional carpet cleaning|deep carpet cleaning|carpet stain removal|commercial carpet cleaning|carpet sanitization,local_specialty,,,1100,hero|og|inline-1|inline-2,service|local-business|faq|breadcrumb-list,/services/|/contact/|/service-areas/andrews-tx/carpet-cleaning/|/service-areas/big-lake-tx/carpet-cleaning/|/service-areas/big-spring-tx/carpet-cleaning/|/service-areas/crane-tx/carpet-cleaning/|/service-areas/garden-city-tx/carpet-cleaning/|/service-areas/gardendale-tx/carpet-cleaning/|/service-areas/goldsmith-tx/carpet-cleaning/|/service-areas/greenwood-tx/carpet-cleaning/|/service-areas/imperial-tx/carpet-cleaning/|/service-areas/mccamey-tx/carpet-cleaning/|/service-areas/monahans-tx/carpet-cleaning/|/service-areas/odessa-tx/carpet-cleaning/,3.60,planned
/services/tile-grout-cleaning/,service-landing,Tile & Grout Cleaning in Midland | ACS Enterprise ,Tile & Grout Cleaning in Midland,Tile & grout cleaning in Midland and surrounding areas. Insurance billing accepted. Call (432) 847-4704.,tile & grout cleaning midland,grout cleaning|tile cleaning|grout sealing|grout restoration|floor tile cleaning,local_specialty,,,1100,hero|og|inline-1|inline-2,service|local-business|faq|breadcrumb-list,/services/|/contact/|/service-areas/andrews-tx/tile-grout-cleaning/|/service-areas/big-lake-tx/tile-grout-cleaning/|/service-areas/big-spring-tx/tile-grout-cleaning/|/service-areas/crane-tx/tile-grout-cleaning/|/service-areas/garden-city-tx/tile-grout-cleaning/|/service-areas/gardendale-tx/tile-grout-cleaning/|/service-areas/goldsmith-tx/tile-grout-cleaning/|/service-areas/greenwood-tx/tile-grout-cleaning/|/service-areas/imperial-tx/tile-grout-cleaning/|/service-areas/mccamey-tx/tile-grout-cleaning/|/service-areas/monahans-tx/tile-grout-cleaning/|/service-areas/odessa-tx/tile-grout-cleaning/,3.60,planned
/services/upholstery-cleaning/,service-landing,Upholstery Cleaning in Midland | ACS Enterprise ,Upholstery Cleaning in Midland,Upholstery cleaning in Midland and surrounding areas. Insurance billing accepted. Call (432) 847-4704.,upholstery cleaning midland,sofa cleaning|couch cleaning|furniture steam cleaning|leather upholstery cleaning|fabric upholstery cleaning,local_specialty,,,1100,hero|og|inline-1|inline-2,service|local-business|faq|breadcrumb-list,/services/|/contact/|/service-areas/andrews-tx/upholstery-cleaning/|/service-areas/big-lake-tx/upholstery-cleaning/|/service-areas/big-spring-tx/upholstery-cleaning/|/service-areas/crane-tx/upholstery-cleaning/|/service-areas/garden-city-tx/upholstery-cleaning/|/service-areas/gardendale-tx/upholstery-cleaning/|/service-areas/goldsmith-tx/upholstery-cleaning/|/service-areas/greenwood-tx/upholstery-cleaning/|/service-areas/imperial-tx/upholstery-cleaning/|/service-areas/mccamey-tx/upholstery-cleaning/|/service-areas/monahans-tx/upholstery-cleaning/|/service-areas/odessa-tx/upholstery-cleaning/,3.60,planned
/service-areas/,service-areas-hub,Service Areas | ACS Enterprise  Restoration,Areas We Serve,ACS Enterprise provides restoration services across Midland and the surrounding region. Find your city.,acs enterprise  service areas,restoration service area|cities we serve|local restoration coverage,navigational_local,,,500,hero|og,organization|website|local-business|breadcrumb-list,/|/service-areas/andrews-tx/|/service-areas/big-lake-tx/|/service-areas/big-spring-tx/|/service-areas/crane-tx/|/service-areas/garden-city-tx/|/service-areas/gardendale-tx/|/service-areas/goldsmith-tx/|/service-areas/greenwood-tx/|/service-areas/imperial-tx/|/service-areas/mccamey-tx/|/service-areas/monahans-tx/|/service-areas/odessa-tx/|/service-areas/southwest-sandhill-tx/|/service-areas/stanton-tx/|/service-areas/west-odessa-tx/,3.50,planned
/service-areas/andrews-tx/air-duct-cleaning/,service-area-service,"Air Duct Cleaning in Andrews, TX | ACS Enterprise ",Air Duct Cleaning in Andrews,"Air duct cleaning in Andrews, TX. Insurance billing accepted. Call (432) 847-4704.",air duct cleaning andrews,duct cleaning|HVAC duct cleaning|air duct sanitization|dryer vent cleaning|residential duct cleaning,local_specialty,,,900,hero|og|inline-1|inline-2,service|local-business|faq|breadcrumb-list,/services/air-duct-cleaning/|/service-areas/andrews-tx/|/service-areas/andrews-tx/water-damage-restoration/|/service-areas/andrews-tx/emergency-water-removal/|/service-areas/big-lake-tx/air-duct-cleaning/|/service-areas/big-spring-tx/air-duct-cleaning/|/contact/,3.50,planned
/service-areas/andrews-tx/junk-debris-removal/,service-area-service,"Junk & Debris Removal in Andrews, TX | ACS Enterprise ",Junk & Debris Removal in Andrews,"Junk & debris removal in Andrews, TX. Insurance billing accepted. Call (432) 847-4704.",junk & debris removal andrews,junk removal|debris removal|house cleanout|garage cleanout|hauling services,local_specialty,,,900,hero|og|inline-1|inline-2,service|local-business|faq|breadcrumb-list,/services/junk-debris-removal/|/service-areas/andrews-tx/|/service-areas/andrews-tx/water-damage-restoration/|/service-areas/andrews-tx/emergency-water-removal/|/service-areas/big-lake-tx/junk-debris-removal/|/service-areas/big-spring-tx/junk-debris-removal/|/contact/,3.50,planned
/service-areas/big-lake-tx/air-duct-cleaning/,service-area-service,"Air Duct Cleaning in Big Lake, TX | ACS Enterprise ",Air Duct Cleaning in Big Lake,"Air duct cleaning in Big Lake, TX. Insurance billing accepted. Call (432) 847-4704.",air duct cleaning big lake,duct cleaning|HVAC duct cleaning|air duct sanitization|dryer vent cleaning|residential duct cleaning,local_specialty,,,900,hero|og|inline-1|inline-2,service|local-business|faq|breadcrumb-list,/services/air-duct-cleaning/|/service-areas/big-lake-tx/|/service-areas/big-lake-tx/water-damage-restoration/|/service-areas/big-lake-tx/emergency-water-removal/|/service-areas/andrews-tx/air-duct-cleaning/|/service-areas/big-spring-tx/air-duct-cleaning/|/contact/,3.50,planned
/service-areas/big-lake-tx/junk-debris-removal/,service-area-service,"Junk & Debris Removal in Big Lake, TX | ACS Enterprise ",Junk & Debris Removal in Big Lake,"Junk & debris removal in Big Lake, TX. Insurance billing accepted. Call (432) 847-4704.",junk & debris removal big lake,junk removal|debris removal|house cleanout|garage cleanout|hauling services,local_specialty,,,900,hero|og|inline-1|inline-2,service|local-business|faq|breadcrumb-list,/services/junk-debris-removal/|/service-areas/big-lake-tx/|/service-areas/big-lake-tx/water-damage-restoration/|/service-areas/big-lake-tx/emergency-water-removal/|/service-areas/andrews-tx/junk-debris-removal/|/service-areas/big-spring-tx/junk-debris-removal/|/contact/,3.50,planned
/service-areas/big-spring-tx/air-duct-cleaning/,service-area-service,"Air Duct Cleaning in Big Spring, TX | ACS Enterprise ",Air Duct Cleaning in Big Spring,"Air duct cleaning in Big Spring, TX. Insurance billing accepted. Call (432) 847-4704.",air duct cleaning big spring,duct cleaning|HVAC duct cleaning|air duct sanitization|dryer vent cleaning|residential duct cleaning,local_specialty,,,900,hero|og|inline-1|inline-2,service|local-business|faq|breadcrumb-list,/services/air-duct-cleaning/|/service-areas/big-spring-tx/|/service-areas/big-spring-tx/water-damage-restoration/|/service-areas/big-spring-tx/emergency-water-removal/|/service-areas/andrews-tx/air-duct-cleaning/|/service-areas/big-lake-tx/air-duct-cleaning/|/contact/,3.50,planned
/service-areas/big-spring-tx/junk-debris-removal/,service-area-service,"Junk & Debris Removal in Big Spring, TX | ACS Enterprise ",Junk & Debris Removal in Big Spring,"Junk & debris removal in Big Spring, TX. Insurance billing accepted. Call (432) 847-4704.",junk & debris removal big spring,junk removal|debris removal|house cleanout|garage cleanout|hauling services,local_specialty,,,900,hero|og|inline-1|inline-2,service|local-business|faq|breadcrumb-list,/services/junk-debris-removal/|/service-areas/big-spring-tx/|/service-areas/big-spring-tx/water-damage-restoration/|/service-areas/big-spring-tx/emergency-water-removal/|/service-areas/andrews-tx/junk-debris-removal/|/service-areas/big-lake-tx/junk-debris-removal/|/contact/,3.50,planned
/service-areas/crane-tx/air-duct-cleaning/,service-area-service,"Air Duct Cleaning in Crane, TX | ACS Enterprise ",Air Duct Cleaning in Crane,"Air duct cleaning in Crane, TX. Insurance billing accepted. Call (432) 847-4704.",air duct cleaning crane,duct cleaning|HVAC duct cleaning|air duct sanitization|dryer vent cleaning|residential duct cleaning,local_specialty,,,900,hero|og|inline-1|inline-2,service|local-business|faq|breadcrumb-list,/services/air-duct-cleaning/|/service-areas/crane-tx/|/service-areas/crane-tx/water-damage-restoration/|/service-areas/crane-tx/emergency-water-removal/|/service-areas/andrews-tx/air-duct-cleaning/|/service-areas/big-lake-tx/air-duct-cleaning/|/contact/,3.50,planned
/service-areas/crane-tx/junk-debris-removal/,service-area-service,"Junk & Debris Removal in Crane, TX | ACS Enterprise ",Junk & Debris Removal in Crane,"Junk & debris removal in Crane, TX. Insurance billing accepted. Call (432) 847-4704.",junk & debris removal crane,junk removal|debris removal|house cleanout|garage cleanout|hauling services,local_specialty,,,900,hero|og|inline-1|inline-2,service|local-business|faq|breadcrumb-list,/services/junk-debris-removal/|/service-areas/crane-tx/|/service-areas/crane-tx/water-damage-restoration/|/service-areas/crane-tx/emergency-water-removal/|/service-areas/andrews-tx/junk-debris-removal/|/service-areas/big-lake-tx/junk-debris-removal/|/contact/,3.50,planned
/service-areas/garden-city-tx/air-duct-cleaning/,service-area-service,"Air Duct Cleaning in Garden City, TX | ACS Enterprise ",Air Duct Cleaning in Garden City,"Air duct cleaning in Garden City, TX. Insurance billing accepted. Call (432) 847-4704.",air duct cleaning garden city,duct cleaning|HVAC duct cleaning|air duct sanitization|dryer vent cleaning|residential duct cleaning,local_specialty,,,900,hero|og|inline-1|inline-2,service|local-business|faq|breadcrumb-list,/services/air-duct-cleaning/|/service-areas/garden-city-tx/|/service-areas/garden-city-tx/water-damage-restoration/|/service-areas/garden-city-tx/emergency-water-removal/|/service-areas/andrews-tx/air-duct-cleaning/|/service-areas/big-lake-tx/air-duct-cleaning/|/contact/,3.50,planned
/service-areas/garden-city-tx/junk-debris-removal/,service-area-service,"Junk & Debris Removal in Garden City, TX | ACS Enterprise ",Junk & Debris Removal in Garden City,"Junk & debris removal in Garden City, TX. Insurance billing accepted. Call (432) 847-4704.",junk & debris removal garden city,junk removal|debris removal|house cleanout|garage cleanout|hauling services,local_specialty,,,900,hero|og|inline-1|inline-2,service|local-business|faq|breadcrumb-list,/services/junk-debris-removal/|/service-areas/garden-city-tx/|/service-areas/garden-city-tx/water-damage-restoration/|/service-areas/garden-city-tx/emergency-water-removal/|/service-areas/andrews-tx/junk-debris-removal/|/service-areas/big-lake-tx/junk-debris-removal/|/contact/,3.50,planned
/service-areas/gardendale-tx/air-duct-cleaning/,service-area-service,"Air Duct Cleaning in Gardendale, TX | ACS Enterprise ",Air Duct Cleaning in Gardendale,"Air duct cleaning in Gardendale, TX. Insurance billing accepted. Call (432) 847-4704.",air duct cleaning gardendale,duct cleaning|HVAC duct cleaning|air duct sanitization|dryer vent cleaning|residential duct cleaning,local_specialty,,,900,hero|og|inline-1|inline-2,service|local-business|faq|breadcrumb-list,/services/air-duct-cleaning/|/service-areas/gardendale-tx/|/service-areas/gardendale-tx/water-damage-restoration/|/service-areas/gardendale-tx/emergency-water-removal/|/service-areas/andrews-tx/air-duct-cleaning/|/service-areas/big-lake-tx/air-duct-cleaning/|/contact/,3.50,planned
/service-areas/gardendale-tx/junk-debris-removal/,service-area-service,"Junk & Debris Removal in Gardendale, TX | ACS Enterprise ",Junk & Debris Removal in Gardendale,"Junk & debris removal in Gardendale, TX. Insurance billing accepted. Call (432) 847-4704.",junk & debris removal gardendale,junk removal|debris removal|house cleanout|garage cleanout|hauling services,local_specialty,,,900,hero|og|inline-1|inline-2,service|local-business|faq|breadcrumb-list,/services/junk-debris-removal/|/service-areas/gardendale-tx/|/service-areas/gardendale-tx/water-damage-restoration/|/service-areas/gardendale-tx/emergency-water-removal/|/service-areas/andrews-tx/junk-debris-removal/|/service-areas/big-lake-tx/junk-debris-removal/|/contact/,3.50,planned
/service-areas/goldsmith-tx/air-duct-cleaning/,service-area-service,"Air Duct Cleaning in Goldsmith, TX | ACS Enterprise ",Air Duct Cleaning in Goldsmith,"Air duct cleaning in Goldsmith, TX. Insurance billing accepted. Call (432) 847-4704.",air duct cleaning goldsmith,duct cleaning|HVAC duct cleaning|air duct sanitization|dryer vent cleaning|residential duct cleaning,local_specialty,,,900,hero|og|inline-1|inline-2,service|local-business|faq|breadcrumb-list,/services/air-duct-cleaning/|/service-areas/goldsmith-tx/|/service-areas/goldsmith-tx/water-damage-restoration/|/service-areas/goldsmith-tx/emergency-water-removal/|/service-areas/andrews-tx/air-duct-cleaning/|/service-areas/big-lake-tx/air-duct-cleaning/|/contact/,3.50,planned
/service-areas/goldsmith-tx/junk-debris-removal/,service-area-service,"Junk & Debris Removal in Goldsmith, TX | ACS Enterprise ",Junk & Debris Removal in Goldsmith,"Junk & debris removal in Goldsmith, TX. Insurance billing accepted. Call (432) 847-4704.",junk & debris removal goldsmith,junk removal|debris removal|house cleanout|garage cleanout|hauling services,local_specialty,,,900,hero|og|inline-1|inline-2,service|local-business|faq|breadcrumb-list,/services/junk-debris-removal/|/service-areas/goldsmith-tx/|/service-areas/goldsmith-tx/water-damage-restoration/|/service-areas/goldsmith-tx/emergency-water-removal/|/service-areas/andrews-tx/junk-debris-removal/|/service-areas/big-lake-tx/junk-debris-removal/|/contact/,3.50,planned
/service-areas/greenwood-tx/air-duct-cleaning/,service-area-service,"Air Duct Cleaning in Greenwood, TX | ACS Enterprise ",Air Duct Cleaning in Greenwood,"Air duct cleaning in Greenwood, TX. Insurance billing accepted. Call (432) 847-4704.",air duct cleaning greenwood,duct cleaning|HVAC duct cleaning|air duct sanitization|dryer vent cleaning|residential duct cleaning,local_specialty,,,900,hero|og|inline-1|inline-2,service|local-business|faq|breadcrumb-list,/services/air-duct-cleaning/|/service-areas/greenwood-tx/|/service-areas/greenwood-tx/water-damage-restoration/|/service-areas/greenwood-tx/emergency-water-removal/|/service-areas/andrews-tx/air-duct-cleaning/|/service-areas/big-lake-tx/air-duct-cleaning/|/contact/,3.50,planned
/service-areas/greenwood-tx/junk-debris-removal/,service-area-service,"Junk & Debris Removal in Greenwood, TX | ACS Enterprise ",Junk & Debris Removal in Greenwood,"Junk & debris removal in Greenwood, TX. Insurance billing accepted. Call (432) 847-4704.",junk & debris removal greenwood,junk removal|debris removal|house cleanout|garage cleanout|hauling services,local_specialty,,,900,hero|og|inline-1|inline-2,service|local-business|faq|breadcrumb-list,/services/junk-debris-removal/|/service-areas/greenwood-tx/|/service-areas/greenwood-tx/water-damage-restoration/|/service-areas/greenwood-tx/emergency-water-removal/|/service-areas/andrews-tx/junk-debris-removal/|/service-areas/big-lake-tx/junk-debris-removal/|/contact/,3.50,planned
/service-areas/imperial-tx/air-duct-cleaning/,service-area-service,"Air Duct Cleaning in Imperial, TX | ACS Enterprise ",Air Duct Cleaning in Imperial,"Air duct cleaning in Imperial, TX. Insurance billing accepted. Call (432) 847-4704.",air duct cleaning imperial,duct cleaning|HVAC duct cleaning|air duct sanitization|dryer vent cleaning|residential duct cleaning,local_specialty,,,900,hero|og|inline-1|inline-2,service|local-business|faq|breadcrumb-list,/services/air-duct-cleaning/|/service-areas/imperial-tx/|/service-areas/imperial-tx/water-damage-restoration/|/service-areas/imperial-tx/emergency-water-removal/|/service-areas/andrews-tx/air-duct-cleaning/|/service-areas/big-lake-tx/air-duct-cleaning/|/contact/,3.50,planned
/service-areas/imperial-tx/junk-debris-removal/,service-area-service,"Junk & Debris Removal in Imperial, TX | ACS Enterprise ",Junk & Debris Removal in Imperial,"Junk & debris removal in Imperial, TX. Insurance billing accepted. Call (432) 847-4704.",junk & debris removal imperial,junk removal|debris removal|house cleanout|garage cleanout|hauling services,local_specialty,,,900,hero|og|inline-1|inline-2,service|local-business|faq|breadcrumb-list,/services/junk-debris-removal/|/service-areas/imperial-tx/|/service-areas/imperial-tx/water-damage-restoration/|/service-areas/imperial-tx/emergency-water-removal/|/service-areas/andrews-tx/junk-debris-removal/|/service-areas/big-lake-tx/junk-debris-removal/|/contact/,3.50,planned
/service-areas/mccamey-tx/air-duct-cleaning/,service-area-service,"Air Duct Cleaning in McCamey, TX | ACS Enterprise ",Air Duct Cleaning in McCamey,"Air duct cleaning in McCamey, TX. Insurance billing accepted. Call (432) 847-4704.",air duct cleaning mccamey,duct cleaning|HVAC duct cleaning|air duct sanitization|dryer vent cleaning|residential duct cleaning,local_specialty,,,900,hero|og|inline-1|inline-2,service|local-business|faq|breadcrumb-list,/services/air-duct-cleaning/|/service-areas/mccamey-tx/|/service-areas/mccamey-tx/water-damage-restoration/|/service-areas/mccamey-tx/emergency-water-removal/|/service-areas/andrews-tx/air-duct-cleaning/|/service-areas/big-lake-tx/air-duct-cleaning/|/contact/,3.50,planned
/service-areas/mccamey-tx/junk-debris-removal/,service-area-service,"Junk & Debris Removal in McCamey, TX | ACS Enterprise ",Junk & Debris Removal in McCamey,"Junk & debris removal in McCamey, TX. Insurance billing accepted. Call (432) 847-4704.",junk & debris removal mccamey,junk removal|debris removal|house cleanout|garage cleanout|hauling services,local_specialty,,,900,hero|og|inline-1|inline-2,service|local-business|faq|breadcrumb-list,/services/junk-debris-removal/|/service-areas/mccamey-tx/|/service-areas/mccamey-tx/water-damage-restoration/|/service-areas/mccamey-tx/emergency-water-removal/|/service-areas/andrews-tx/junk-debris-removal/|/service-areas/big-lake-tx/junk-debris-removal/|/contact/,3.50,planned
/service-areas/monahans-tx/air-duct-cleaning/,service-area-service,"Air Duct Cleaning in Monahans, TX | ACS Enterprise ",Air Duct Cleaning in Monahans,"Air duct cleaning in Monahans, TX. Insurance billing accepted. Call (432) 847-4704.",air duct cleaning monahans,duct cleaning|HVAC duct cleaning|air duct sanitization|dryer vent cleaning|residential duct cleaning,local_specialty,,,900,hero|og|inline-1|inline-2,service|local-business|faq|breadcrumb-list,/services/air-duct-cleaning/|/service-areas/monahans-tx/|/service-areas/monahans-tx/water-damage-restoration/|/service-areas/monahans-tx/emergency-water-removal/|/service-areas/andrews-tx/air-duct-cleaning/|/service-areas/big-lake-tx/air-duct-cleaning/|/contact/,3.50,planned
/service-areas/monahans-tx/junk-debris-removal/,service-area-service,"Junk & Debris Removal in Monahans, TX | ACS Enterprise ",Junk & Debris Removal in Monahans,"Junk & debris removal in Monahans, TX. Insurance billing accepted. Call (432) 847-4704.",junk & debris removal monahans,junk removal|debris removal|house cleanout|garage cleanout|hauling services,local_specialty,,,900,hero|og|inline-1|inline-2,service|local-business|faq|breadcrumb-list,/services/junk-debris-removal/|/service-areas/monahans-tx/|/service-areas/monahans-tx/water-damage-restoration/|/service-areas/monahans-tx/emergency-water-removal/|/service-areas/andrews-tx/junk-debris-removal/|/service-areas/big-lake-tx/junk-debris-removal/|/contact/,3.50,planned
/service-areas/odessa-tx/air-duct-cleaning/,service-area-service,"Air Duct Cleaning in Odessa, TX | ACS Enterprise ",Air Duct Cleaning in Odessa,"Air duct cleaning in Odessa, TX. Insurance billing accepted. Call (432) 847-4704.",air duct cleaning odessa,duct cleaning|HVAC duct cleaning|air duct sanitization|dryer vent cleaning|residential duct cleaning,local_specialty,,,900,hero|og|inline-1|inline-2,service|local-business|faq|breadcrumb-list,/services/air-duct-cleaning/|/service-areas/odessa-tx/|/service-areas/odessa-tx/water-damage-restoration/|/service-areas/odessa-tx/emergency-water-removal/|/service-areas/andrews-tx/air-duct-cleaning/|/service-areas/big-lake-tx/air-duct-cleaning/|/contact/,3.50,planned
/service-areas/odessa-tx/junk-debris-removal/,service-area-service,"Junk & Debris Removal in Odessa, TX | ACS Enterprise ",Junk & Debris Removal in Odessa,"Junk & debris removal in Odessa, TX. Insurance billing accepted. Call (432) 847-4704.",junk & debris removal odessa,junk removal|debris removal|house cleanout|garage cleanout|hauling services,local_specialty,,,900,hero|og|inline-1|inline-2,service|local-business|faq|breadcrumb-list,/services/junk-debris-removal/|/service-areas/odessa-tx/|/service-areas/odessa-tx/water-damage-restoration/|/service-areas/odessa-tx/emergency-water-removal/|/service-areas/andrews-tx/junk-debris-removal/|/service-areas/big-lake-tx/junk-debris-removal/|/contact/,3.50,planned
/service-areas/southwest-sandhill-tx/air-duct-cleaning/,service-area-service,"Air Duct Cleaning in Southwest Sandhill, TX | ACS Enterprise ",Air Duct Cleaning in Southwest Sandhill,"Air duct cleaning in Southwest Sandhill, TX. Insurance billing accepted. Call (432) 847-4704.",air duct cleaning southwest sandhill,duct cleaning|HVAC duct cleaning|air duct sanitization|dryer vent cleaning|residential duct cleaning,local_specialty,,,900,hero|og|inline-1|inline-2,service|local-business|faq|breadcrumb-list,/services/air-duct-cleaning/|/service-areas/southwest-sandhill-tx/|/service-areas/southwest-sandhill-tx/water-damage-restoration/|/service-areas/southwest-sandhill-tx/emergency-water-removal/|/service-areas/andrews-tx/air-duct-cleaning/|/service-areas/big-lake-tx/air-duct-cleaning/|/contact/,3.50,planned
/service-areas/southwest-sandhill-tx/junk-debris-removal/,service-area-service,"Junk & Debris Removal in Southwest Sandhill, TX | ACS Enterprise ",Junk & Debris Removal in Southwest Sandhill,"Junk & debris removal in Southwest Sandhill, TX. Insurance billing accepted. Call (432) 847-4704.",junk & debris removal southwest sandhill,junk removal|debris removal|house cleanout|garage cleanout|hauling services,local_specialty,,,900,hero|og|inline-1|inline-2,service|local-business|faq|breadcrumb-list,/services/junk-debris-removal/|/service-areas/southwest-sandhill-tx/|/service-areas/southwest-sandhill-tx/water-damage-restoration/|/service-areas/southwest-sandhill-tx/emergency-water-removal/|/service-areas/andrews-tx/junk-debris-removal/|/service-areas/big-lake-tx/junk-debris-removal/|/contact/,3.50,planned
/service-areas/stanton-tx/air-duct-cleaning/,service-area-service,"Air Duct Cleaning in Stanton, TX | ACS Enterprise ",Air Duct Cleaning in Stanton,"Air duct cleaning in Stanton, TX. Insurance billing accepted. Call (432) 847-4704.",air duct cleaning stanton,duct cleaning|HVAC duct cleaning|air duct sanitization|dryer vent cleaning|residential duct cleaning,local_specialty,,,900,hero|og|inline-1|inline-2,service|local-business|faq|breadcrumb-list,/services/air-duct-cleaning/|/service-areas/stanton-tx/|/service-areas/stanton-tx/water-damage-restoration/|/service-areas/stanton-tx/emergency-water-removal/|/service-areas/andrews-tx/air-duct-cleaning/|/service-areas/big-lake-tx/air-duct-cleaning/|/contact/,3.50,planned
/service-areas/stanton-tx/junk-debris-removal/,service-area-service,"Junk & Debris Removal in Stanton, TX | ACS Enterprise ",Junk & Debris Removal in Stanton,"Junk & debris removal in Stanton, TX. Insurance billing accepted. Call (432) 847-4704.",junk & debris removal stanton,junk removal|debris removal|house cleanout|garage cleanout|hauling services,local_specialty,,,900,hero|og|inline-1|inline-2,service|local-business|faq|breadcrumb-list,/services/junk-debris-removal/|/service-areas/stanton-tx/|/service-areas/stanton-tx/water-damage-restoration/|/service-areas/stanton-tx/emergency-water-removal/|/service-areas/andrews-tx/junk-debris-removal/|/service-areas/big-lake-tx/junk-debris-removal/|/contact/,3.50,planned
/service-areas/west-odessa-tx/air-duct-cleaning/,service-area-service,"Air Duct Cleaning in West Odessa, TX | ACS Enterprise ",Air Duct Cleaning in West Odessa,"Air duct cleaning in West Odessa, TX. Insurance billing accepted. Call (432) 847-4704.",air duct cleaning west odessa,duct cleaning|HVAC duct cleaning|air duct sanitization|dryer vent cleaning|residential duct cleaning,local_specialty,,,900,hero|og|inline-1|inline-2,service|local-business|faq|breadcrumb-list,/services/air-duct-cleaning/|/service-areas/west-odessa-tx/|/service-areas/west-odessa-tx/water-damage-restoration/|/service-areas/west-odessa-tx/emergency-water-removal/|/service-areas/andrews-tx/air-duct-cleaning/|/service-areas/big-lake-tx/air-duct-cleaning/|/contact/,3.50,planned
/service-areas/west-odessa-tx/junk-debris-removal/,service-area-service,"Junk & Debris Removal in West Odessa, TX | ACS Enterprise ",Junk & Debris Removal in West Odessa,"Junk & debris removal in West Odessa, TX. Insurance billing accepted. Call (432) 847-4704.",junk & debris removal west odessa,junk removal|debris removal|house cleanout|garage cleanout|hauling services,local_specialty,,,900,hero|og|inline-1|inline-2,service|local-business|faq|breadcrumb-list,/services/junk-debris-removal/|/service-areas/west-odessa-tx/|/service-areas/west-odessa-tx/water-damage-restoration/|/service-areas/west-odessa-tx/emergency-water-removal/|/service-areas/andrews-tx/junk-debris-removal/|/service-areas/big-lake-tx/junk-debris-removal/|/contact/,3.50,planned
/blog/,blog-index,Restoration Blog | ACS Enterprise ,Restoration Resources and Insights,"Guides, checklists, and explainers from ACS Enterprise  on water, fire, mold, and storm damage restoration.",restoration blog midland,restoration guides|damage restoration tips|restoration insights,informational_browse,,,300,hero|og,website|breadcrumb-list,/|/blog/burst-pipe-emergency-checklist/|/blog/what-to-do-first-24-hours-water-damage/|/blog/choosing-a-restoration-company/|/blog/does-homeowners-insurance-cover-water-damage/|/blog/fire-damage-restoration-process/|/blog/how-to-test-for-mold/|/blog/signs-of-hidden-mold/|/blog/black-mold-vs-regular-mold/,3.00,planned
/service-areas/andrews-tx/carpet-cleaning/,service-area-service,"Carpet Cleaning in Andrews, TX | ACS Enterprise ",Carpet Cleaning in Andrews,"Carpet cleaning in Andrews, TX. Insurance billing accepted. Call (432) 847-4704.",carpet cleaning andrews,professional carpet cleaning|deep carpet cleaning|carpet stain removal|commercial carpet cleaning|carpet sanitization,local_specialty,,,900,hero|og|inline-1|inline-2,service|local-business|faq|breadcrumb-list,/services/carpet-cleaning/|/service-areas/andrews-tx/|/service-areas/andrews-tx/water-damage-restoration/|/service-areas/andrews-tx/emergency-water-removal/|/service-areas/big-lake-tx/carpet-cleaning/|/service-areas/big-spring-tx/carpet-cleaning/|/contact/,2.80,planned
/service-areas/andrews-tx/tile-grout-cleaning/,service-area-service,"Tile & Grout Cleaning in Andrews, TX | ACS Enterprise ",Tile & Grout Cleaning in Andrews,"Tile & grout cleaning in Andrews, TX. Insurance billing accepted. Call (432) 847-4704.",tile & grout cleaning andrews,grout cleaning|tile cleaning|grout sealing|grout restoration|floor tile cleaning,local_specialty,,,900,hero|og|inline-1|inline-2,service|local-business|faq|breadcrumb-list,/services/tile-grout-cleaning/|/service-areas/andrews-tx/|/service-areas/andrews-tx/water-damage-restoration/|/service-areas/andrews-tx/emergency-water-removal/|/service-areas/big-lake-tx/tile-grout-cleaning/|/service-areas/big-spring-tx/tile-grout-cleaning/|/contact/,2.80,planned
/service-areas/andrews-tx/upholstery-cleaning/,service-area-service,"Upholstery Cleaning in Andrews, TX | ACS Enterprise ",Upholstery Cleaning in Andrews,"Upholstery cleaning in Andrews, TX. Insurance billing accepted. Call (432) 847-4704.",upholstery cleaning andrews,sofa cleaning|couch cleaning|furniture steam cleaning|leather upholstery cleaning|fabric upholstery cleaning,local_specialty,,,900,hero|og|inline-1|inline-2,service|local-business|faq|breadcrumb-list,/services/upholstery-cleaning/|/service-areas/andrews-tx/|/service-areas/andrews-tx/water-damage-restoration/|/service-areas/andrews-tx/emergency-water-removal/|/service-areas/big-lake-tx/upholstery-cleaning/|/service-areas/big-spring-tx/upholstery-cleaning/|/contact/,2.80,planned
/service-areas/big-lake-tx/carpet-cleaning/,service-area-service,"Carpet Cleaning in Big Lake, TX | ACS Enterprise ",Carpet Cleaning in Big Lake,"Carpet cleaning in Big Lake, TX. Insurance billing accepted. Call (432) 847-4704.",carpet cleaning big lake,professional carpet cleaning|deep carpet cleaning|carpet stain removal|commercial carpet cleaning|carpet sanitization,local_specialty,,,900,hero|og|inline-1|inline-2,service|local-business|faq|breadcrumb-list,/services/carpet-cleaning/|/service-areas/big-lake-tx/|/service-areas/big-lake-tx/water-damage-restoration/|/service-areas/big-lake-tx/emergency-water-removal/|/service-areas/andrews-tx/carpet-cleaning/|/service-areas/big-spring-tx/carpet-cleaning/|/contact/,2.80,planned
/service-areas/big-lake-tx/tile-grout-cleaning/,service-area-service,"Tile & Grout Cleaning in Big Lake, TX | ACS Enterprise ",Tile & Grout Cleaning in Big Lake,"Tile & grout cleaning in Big Lake, TX. Insurance billing accepted. Call (432) 847-4704.",tile & grout cleaning big lake,grout cleaning|tile cleaning|grout sealing|grout restoration|floor tile cleaning,local_specialty,,,900,hero|og|inline-1|inline-2,service|local-business|faq|breadcrumb-list,/services/tile-grout-cleaning/|/service-areas/big-lake-tx/|/service-areas/big-lake-tx/water-damage-restoration/|/service-areas/big-lake-tx/emergency-water-removal/|/service-areas/andrews-tx/tile-grout-cleaning/|/service-areas/big-spring-tx/tile-grout-cleaning/|/contact/,2.80,planned
/service-areas/big-lake-tx/upholstery-cleaning/,service-area-service,"Upholstery Cleaning in Big Lake, TX | ACS Enterprise ",Upholstery Cleaning in Big Lake,"Upholstery cleaning in Big Lake, TX. Insurance billing accepted. Call (432) 847-4704.",upholstery cleaning big lake,sofa cleaning|couch cleaning|furniture steam cleaning|leather upholstery cleaning|fabric upholstery cleaning,local_specialty,,,900,hero|og|inline-1|inline-2,service|local-business|faq|breadcrumb-list,/services/upholstery-cleaning/|/service-areas/big-lake-tx/|/service-areas/big-lake-tx/water-damage-restoration/|/service-areas/big-lake-tx/emergency-water-removal/|/service-areas/andrews-tx/upholstery-cleaning/|/service-areas/big-spring-tx/upholstery-cleaning/|/contact/,2.80,planned
/service-areas/big-spring-tx/carpet-cleaning/,service-area-service,"Carpet Cleaning in Big Spring, TX | ACS Enterprise ",Carpet Cleaning in Big Spring,"Carpet cleaning in Big Spring, TX. Insurance billing accepted. Call (432) 847-4704.",carpet cleaning big spring,professional carpet cleaning|deep carpet cleaning|carpet stain removal|commercial carpet cleaning|carpet sanitization,local_specialty,,,900,hero|og|inline-1|inline-2,service|local-business|faq|breadcrumb-list,/services/carpet-cleaning/|/service-areas/big-spring-tx/|/service-areas/big-spring-tx/water-damage-restoration/|/service-areas/big-spring-tx/emergency-water-removal/|/service-areas/andrews-tx/carpet-cleaning/|/service-areas/big-lake-tx/carpet-cleaning/|/contact/,2.80,planned
/service-areas/big-spring-tx/tile-grout-cleaning/,service-area-service,"Tile & Grout Cleaning in Big Spring, TX | ACS Enterprise ",Tile & Grout Cleaning in Big Spring,"Tile & grout cleaning in Big Spring, TX. Insurance billing accepted. Call (432) 847-4704.",tile & grout cleaning big spring,grout cleaning|tile cleaning|grout sealing|grout restoration|floor tile cleaning,local_specialty,,,900,hero|og|inline-1|inline-2,service|local-business|faq|breadcrumb-list,/services/tile-grout-cleaning/|/service-areas/big-spring-tx/|/service-areas/big-spring-tx/water-damage-restoration/|/service-areas/big-spring-tx/emergency-water-removal/|/service-areas/andrews-tx/tile-grout-cleaning/|/service-areas/big-lake-tx/tile-grout-cleaning/|/contact/,2.80,planned
/service-areas/big-spring-tx/upholstery-cleaning/,service-area-service,"Upholstery Cleaning in Big Spring, TX | ACS Enterprise ",Upholstery Cleaning in Big Spring,"Upholstery cleaning in Big Spring, TX. Insurance billing accepted. Call (432) 847-4704.",upholstery cleaning big spring,sofa cleaning|couch cleaning|furniture steam cleaning|leather upholstery cleaning|fabric upholstery cleaning,local_specialty,,,900,hero|og|inline-1|inline-2,service|local-business|faq|breadcrumb-list,/services/upholstery-cleaning/|/service-areas/big-spring-tx/|/service-areas/big-spring-tx/water-damage-restoration/|/service-areas/big-spring-tx/emergency-water-removal/|/service-areas/andrews-tx/upholstery-cleaning/|/service-areas/big-lake-tx/upholstery-cleaning/|/contact/,2.80,planned
/service-areas/crane-tx/carpet-cleaning/,service-area-service,"Carpet Cleaning in Crane, TX | ACS Enterprise ",Carpet Cleaning in Crane,"Carpet cleaning in Crane, TX. Insurance billing accepted. Call (432) 847-4704.",carpet cleaning crane,professional carpet cleaning|deep carpet cleaning|carpet stain removal|commercial carpet cleaning|carpet sanitization,local_specialty,,,900,hero|og|inline-1|inline-2,service|local-business|faq|breadcrumb-list,/services/carpet-cleaning/|/service-areas/crane-tx/|/service-areas/crane-tx/water-damage-restoration/|/service-areas/crane-tx/emergency-water-removal/|/service-areas/andrews-tx/carpet-cleaning/|/service-areas/big-lake-tx/carpet-cleaning/|/contact/,2.80,planned
/service-areas/crane-tx/tile-grout-cleaning/,service-area-service,"Tile & Grout Cleaning in Crane, TX | ACS Enterprise ",Tile & Grout Cleaning in Crane,"Tile & grout cleaning in Crane, TX. Insurance billing accepted. Call (432) 847-4704.",tile & grout cleaning crane,grout cleaning|tile cleaning|grout sealing|grout restoration|floor tile cleaning,local_specialty,,,900,hero|og|inline-1|inline-2,service|local-business|faq|breadcrumb-list,/services/tile-grout-cleaning/|/service-areas/crane-tx/|/service-areas/crane-tx/water-damage-restoration/|/service-areas/crane-tx/emergency-water-removal/|/service-areas/andrews-tx/tile-grout-cleaning/|/service-areas/big-lake-tx/tile-grout-cleaning/|/contact/,2.80,planned
/service-areas/crane-tx/upholstery-cleaning/,service-area-service,"Upholstery Cleaning in Crane, TX | ACS Enterprise ",Upholstery Cleaning in Crane,"Upholstery cleaning in Crane, TX. Insurance billing accepted. Call (432) 847-4704.",upholstery cleaning crane,sofa cleaning|couch cleaning|furniture steam cleaning|leather upholstery cleaning|fabric upholstery cleaning,local_specialty,,,900,hero|og|inline-1|inline-2,service|local-business|faq|breadcrumb-list,/services/upholstery-cleaning/|/service-areas/crane-tx/|/service-areas/crane-tx/water-damage-restoration/|/service-areas/crane-tx/emergency-water-removal/|/service-areas/andrews-tx/upholstery-cleaning/|/service-areas/big-lake-tx/upholstery-cleaning/|/contact/,2.80,planned
/service-areas/garden-city-tx/carpet-cleaning/,service-area-service,"Carpet Cleaning in Garden City, TX | ACS Enterprise ",Carpet Cleaning in Garden City,"Carpet cleaning in Garden City, TX. Insurance billing accepted. Call (432) 847-4704.",carpet cleaning garden city,professional carpet cleaning|deep carpet cleaning|carpet stain removal|commercial carpet cleaning|carpet sanitization,local_specialty,,,900,hero|og|inline-1|inline-2,service|local-business|faq|breadcrumb-list,/services/carpet-cleaning/|/service-areas/garden-city-tx/|/service-areas/garden-city-tx/water-damage-restoration/|/service-areas/garden-city-tx/emergency-water-removal/|/service-areas/andrews-tx/carpet-cleaning/|/service-areas/big-lake-tx/carpet-cleaning/|/contact/,2.80,planned
/service-areas/garden-city-tx/tile-grout-cleaning/,service-area-service,"Tile & Grout Cleaning in Garden City, TX | ACS Enterprise ",Tile & Grout Cleaning in Garden City,"Tile & grout cleaning in Garden City, TX. Insurance billing accepted. Call (432) 847-4704.",tile & grout cleaning garden city,grout cleaning|tile cleaning|grout sealing|grout restoration|floor tile cleaning,local_specialty,,,900,hero|og|inline-1|inline-2,service|local-business|faq|breadcrumb-list,/services/tile-grout-cleaning/|/service-areas/garden-city-tx/|/service-areas/garden-city-tx/water-damage-restoration/|/service-areas/garden-city-tx/emergency-water-removal/|/service-areas/andrews-tx/tile-grout-cleaning/|/service-areas/big-lake-tx/tile-grout-cleaning/|/contact/,2.80,planned
/service-areas/garden-city-tx/upholstery-cleaning/,service-area-service,"Upholstery Cleaning in Garden City, TX | ACS Enterprise ",Upholstery Cleaning in Garden City,"Upholstery cleaning in Garden City, TX. Insurance billing accepted. Call (432) 847-4704.",upholstery cleaning garden city,sofa cleaning|couch cleaning|furniture steam cleaning|leather upholstery cleaning|fabric upholstery cleaning,local_specialty,,,900,hero|og|inline-1|inline-2,service|local-business|faq|breadcrumb-list,/services/upholstery-cleaning/|/service-areas/garden-city-tx/|/service-areas/garden-city-tx/water-damage-restoration/|/service-areas/garden-city-tx/emergency-water-removal/|/service-areas/andrews-tx/upholstery-cleaning/|/service-areas/big-lake-tx/upholstery-cleaning/|/contact/,2.80,planned
/service-areas/gardendale-tx/carpet-cleaning/,service-area-service,"Carpet Cleaning in Gardendale, TX | ACS Enterprise ",Carpet Cleaning in Gardendale,"Carpet cleaning in Gardendale, TX. Insurance billing accepted. Call (432) 847-4704.",carpet cleaning gardendale,professional carpet cleaning|deep carpet cleaning|carpet stain removal|commercial carpet cleaning|carpet sanitization,local_specialty,,,900,hero|og|inline-1|inline-2,service|local-business|faq|breadcrumb-list,/services/carpet-cleaning/|/service-areas/gardendale-tx/|/service-areas/gardendale-tx/water-damage-restoration/|/service-areas/gardendale-tx/emergency-water-removal/|/service-areas/andrews-tx/carpet-cleaning/|/service-areas/big-lake-tx/carpet-cleaning/|/contact/,2.80,planned
/service-areas/gardendale-tx/tile-grout-cleaning/,service-area-service,"Tile & Grout Cleaning in Gardendale, TX | ACS Enterprise ",Tile & Grout Cleaning in Gardendale,"Tile & grout cleaning in Gardendale, TX. Insurance billing accepted. Call (432) 847-4704.",tile & grout cleaning gardendale,grout cleaning|tile cleaning|grout sealing|grout restoration|floor tile cleaning,local_specialty,,,900,hero|og|inline-1|inline-2,service|local-business|faq|breadcrumb-list,/services/tile-grout-cleaning/|/service-areas/gardendale-tx/|/service-areas/gardendale-tx/water-damage-restoration/|/service-areas/gardendale-tx/emergency-water-removal/|/service-areas/andrews-tx/tile-grout-cleaning/|/service-areas/big-lake-tx/tile-grout-cleaning/|/contact/,2.80,planned
/service-areas/gardendale-tx/upholstery-cleaning/,service-area-service,"Upholstery Cleaning in Gardendale, TX | ACS Enterprise ",Upholstery Cleaning in Gardendale,"Upholstery cleaning in Gardendale, TX. Insurance billing accepted. Call (432) 847-4704.",upholstery cleaning gardendale,sofa cleaning|couch cleaning|furniture steam cleaning|leather upholstery cleaning|fabric upholstery cleaning,local_specialty,,,900,hero|og|inline-1|inline-2,service|local-business|faq|breadcrumb-list,/services/upholstery-cleaning/|/service-areas/gardendale-tx/|/service-areas/gardendale-tx/water-damage-restoration/|/service-areas/gardendale-tx/emergency-water-removal/|/service-areas/andrews-tx/upholstery-cleaning/|/service-areas/big-lake-tx/upholstery-cleaning/|/contact/,2.80,planned
/service-areas/goldsmith-tx/carpet-cleaning/,service-area-service,"Carpet Cleaning in Goldsmith, TX | ACS Enterprise ",Carpet Cleaning in Goldsmith,"Carpet cleaning in Goldsmith, TX. Insurance billing accepted. Call (432) 847-4704.",carpet cleaning goldsmith,professional carpet cleaning|deep carpet cleaning|carpet stain removal|commercial carpet cleaning|carpet sanitization,local_specialty,,,900,hero|og|inline-1|inline-2,service|local-business|faq|breadcrumb-list,/services/carpet-cleaning/|/service-areas/goldsmith-tx/|/service-areas/goldsmith-tx/water-damage-restoration/|/service-areas/goldsmith-tx/emergency-water-removal/|/service-areas/andrews-tx/carpet-cleaning/|/service-areas/big-lake-tx/carpet-cleaning/|/contact/,2.80,planned
/service-areas/goldsmith-tx/tile-grout-cleaning/,service-area-service,"Tile & Grout Cleaning in Goldsmith, TX | ACS Enterprise ",Tile & Grout Cleaning in Goldsmith,"Tile & grout cleaning in Goldsmith, TX. Insurance billing accepted. Call (432) 847-4704.",tile & grout cleaning goldsmith,grout cleaning|tile cleaning|grout sealing|grout restoration|floor tile cleaning,local_specialty,,,900,hero|og|inline-1|inline-2,service|local-business|faq|breadcrumb-list,/services/tile-grout-cleaning/|/service-areas/goldsmith-tx/|/service-areas/goldsmith-tx/water-damage-restoration/|/service-areas/goldsmith-tx/emergency-water-removal/|/service-areas/andrews-tx/tile-grout-cleaning/|/service-areas/big-lake-tx/tile-grout-cleaning/|/contact/,2.80,planned
/service-areas/goldsmith-tx/upholstery-cleaning/,service-area-service,"Upholstery Cleaning in Goldsmith, TX | ACS Enterprise ",Upholstery Cleaning in Goldsmith,"Upholstery cleaning in Goldsmith, TX. Insurance billing accepted. Call (432) 847-4704.",upholstery cleaning goldsmith,sofa cleaning|couch cleaning|furniture steam cleaning|leather upholstery cleaning|fabric upholstery cleaning,local_specialty,,,900,hero|og|inline-1|inline-2,service|local-business|faq|breadcrumb-list,/services/upholstery-cleaning/|/service-areas/goldsmith-tx/|/service-areas/goldsmith-tx/water-damage-restoration/|/service-areas/goldsmith-tx/emergency-water-removal/|/service-areas/andrews-tx/upholstery-cleaning/|/service-areas/big-lake-tx/upholstery-cleaning/|/contact/,2.80,planned
/service-areas/greenwood-tx/carpet-cleaning/,service-area-service,"Carpet Cleaning in Greenwood, TX | ACS Enterprise ",Carpet Cleaning in Greenwood,"Carpet cleaning in Greenwood, TX. Insurance billing accepted. Call (432) 847-4704.",carpet cleaning greenwood,professional carpet cleaning|deep carpet cleaning|carpet stain removal|commercial carpet cleaning|carpet sanitization,local_specialty,,,900,hero|og|inline-1|inline-2,service|local-business|faq|breadcrumb-list,/services/carpet-cleaning/|/service-areas/greenwood-tx/|/service-areas/greenwood-tx/water-damage-restoration/|/service-areas/greenwood-tx/emergency-water-removal/|/service-areas/andrews-tx/carpet-cleaning/|/service-areas/big-lake-tx/carpet-cleaning/|/contact/,2.80,planned
/service-areas/greenwood-tx/tile-grout-cleaning/,service-area-service,"Tile & Grout Cleaning in Greenwood, TX | ACS Enterprise ",Tile & Grout Cleaning in Greenwood,"Tile & grout cleaning in Greenwood, TX. Insurance billing accepted. Call (432) 847-4704.",tile & grout cleaning greenwood,grout cleaning|tile cleaning|grout sealing|grout restoration|floor tile cleaning,local_specialty,,,900,hero|og|inline-1|inline-2,service|local-business|faq|breadcrumb-list,/services/tile-grout-cleaning/|/service-areas/greenwood-tx/|/service-areas/greenwood-tx/water-damage-restoration/|/service-areas/greenwood-tx/emergency-water-removal/|/service-areas/andrews-tx/tile-grout-cleaning/|/service-areas/big-lake-tx/tile-grout-cleaning/|/contact/,2.80,planned
/service-areas/greenwood-tx/upholstery-cleaning/,service-area-service,"Upholstery Cleaning in Greenwood, TX | ACS Enterprise ",Upholstery Cleaning in Greenwood,"Upholstery cleaning in Greenwood, TX. Insurance billing accepted. Call (432) 847-4704.",upholstery cleaning greenwood,sofa cleaning|couch cleaning|furniture steam cleaning|leather upholstery cleaning|fabric upholstery cleaning,local_specialty,,,900,hero|og|inline-1|inline-2,service|local-business|faq|breadcrumb-list,/services/upholstery-cleaning/|/service-areas/greenwood-tx/|/service-areas/greenwood-tx/water-damage-restoration/|/service-areas/greenwood-tx/emergency-water-removal/|/service-areas/andrews-tx/upholstery-cleaning/|/service-areas/big-lake-tx/upholstery-cleaning/|/contact/,2.80,planned
/service-areas/imperial-tx/carpet-cleaning/,service-area-service,"Carpet Cleaning in Imperial, TX | ACS Enterprise ",Carpet Cleaning in Imperial,"Carpet cleaning in Imperial, TX. Insurance billing accepted. Call (432) 847-4704.",carpet cleaning imperial,professional carpet cleaning|deep carpet cleaning|carpet stain removal|commercial carpet cleaning|carpet sanitization,local_specialty,,,900,hero|og|inline-1|inline-2,service|local-business|faq|breadcrumb-list,/services/carpet-cleaning/|/service-areas/imperial-tx/|/service-areas/imperial-tx/water-damage-restoration/|/service-areas/imperial-tx/emergency-water-removal/|/service-areas/andrews-tx/carpet-cleaning/|/service-areas/big-lake-tx/carpet-cleaning/|/contact/,2.80,planned
/service-areas/imperial-tx/tile-grout-cleaning/,service-area-service,"Tile & Grout Cleaning in Imperial, TX | ACS Enterprise ",Tile & Grout Cleaning in Imperial,"Tile & grout cleaning in Imperial, TX. Insurance billing accepted. Call (432) 847-4704.",tile & grout cleaning imperial,grout cleaning|tile cleaning|grout sealing|grout restoration|floor tile cleaning,local_specialty,,,900,hero|og|inline-1|inline-2,service|local-business|faq|breadcrumb-list,/services/tile-grout-cleaning/|/service-areas/imperial-tx/|/service-areas/imperial-tx/water-damage-restoration/|/service-areas/imperial-tx/emergency-water-removal/|/service-areas/andrews-tx/tile-grout-cleaning/|/service-areas/big-lake-tx/tile-grout-cleaning/|/contact/,2.80,planned
/service-areas/imperial-tx/upholstery-cleaning/,service-area-service,"Upholstery Cleaning in Imperial, TX | ACS Enterprise ",Upholstery Cleaning in Imperial,"Upholstery cleaning in Imperial, TX. Insurance billing accepted. Call (432) 847-4704.",upholstery cleaning imperial,sofa cleaning|couch cleaning|furniture steam cleaning|leather upholstery cleaning|fabric upholstery cleaning,local_specialty,,,900,hero|og|inline-1|inline-2,service|local-business|faq|breadcrumb-list,/services/upholstery-cleaning/|/service-areas/imperial-tx/|/service-areas/imperial-tx/water-damage-restoration/|/service-areas/imperial-tx/emergency-water-removal/|/service-areas/andrews-tx/upholstery-cleaning/|/service-areas/big-lake-tx/upholstery-cleaning/|/contact/,2.80,planned
/service-areas/mccamey-tx/carpet-cleaning/,service-area-service,"Carpet Cleaning in McCamey, TX | ACS Enterprise ",Carpet Cleaning in McCamey,"Carpet cleaning in McCamey, TX. Insurance billing accepted. Call (432) 847-4704.",carpet cleaning mccamey,professional carpet cleaning|deep carpet cleaning|carpet stain removal|commercial carpet cleaning|carpet sanitization,local_specialty,,,900,hero|og|inline-1|inline-2,service|local-business|faq|breadcrumb-list,/services/carpet-cleaning/|/service-areas/mccamey-tx/|/service-areas/mccamey-tx/water-damage-restoration/|/service-areas/mccamey-tx/emergency-water-removal/|/service-areas/andrews-tx/carpet-cleaning/|/service-areas/big-lake-tx/carpet-cleaning/|/contact/,2.80,planned
/service-areas/mccamey-tx/tile-grout-cleaning/,service-area-service,"Tile & Grout Cleaning in McCamey, TX | ACS Enterprise ",Tile & Grout Cleaning in McCamey,"Tile & grout cleaning in McCamey, TX. Insurance billing accepted. Call (432) 847-4704.",tile & grout cleaning mccamey,grout cleaning|tile cleaning|grout sealing|grout restoration|floor tile cleaning,local_specialty,,,900,hero|og|inline-1|inline-2,service|local-business|faq|breadcrumb-list,/services/tile-grout-cleaning/|/service-areas/mccamey-tx/|/service-areas/mccamey-tx/water-damage-restoration/|/service-areas/mccamey-tx/emergency-water-removal/|/service-areas/andrews-tx/tile-grout-cleaning/|/service-areas/big-lake-tx/tile-grout-cleaning/|/contact/,2.80,planned
/service-areas/mccamey-tx/upholstery-cleaning/,service-area-service,"Upholstery Cleaning in McCamey, TX | ACS Enterprise ",Upholstery Cleaning in McCamey,"Upholstery cleaning in McCamey, TX. Insurance billing accepted. Call (432) 847-4704.",upholstery cleaning mccamey,sofa cleaning|couch cleaning|furniture steam cleaning|leather upholstery cleaning|fabric upholstery cleaning,local_specialty,,,900,hero|og|inline-1|inline-2,service|local-business|faq|breadcrumb-list,/services/upholstery-cleaning/|/service-areas/mccamey-tx/|/service-areas/mccamey-tx/water-damage-restoration/|/service-areas/mccamey-tx/emergency-water-removal/|/service-areas/andrews-tx/upholstery-cleaning/|/service-areas/big-lake-tx/upholstery-cleaning/|/contact/,2.80,planned
/service-areas/monahans-tx/carpet-cleaning/,service-area-service,"Carpet Cleaning in Monahans, TX | ACS Enterprise ",Carpet Cleaning in Monahans,"Carpet cleaning in Monahans, TX. Insurance billing accepted. Call (432) 847-4704.",carpet cleaning monahans,professional carpet cleaning|deep carpet cleaning|carpet stain removal|commercial carpet cleaning|carpet sanitization,local_specialty,,,900,hero|og|inline-1|inline-2,service|local-business|faq|breadcrumb-list,/services/carpet-cleaning/|/service-areas/monahans-tx/|/service-areas/monahans-tx/water-damage-restoration/|/service-areas/monahans-tx/emergency-water-removal/|/service-areas/andrews-tx/carpet-cleaning/|/service-areas/big-lake-tx/carpet-cleaning/|/contact/,2.80,planned
/service-areas/monahans-tx/tile-grout-cleaning/,service-area-service,"Tile & Grout Cleaning in Monahans, TX | ACS Enterprise ",Tile & Grout Cleaning in Monahans,"Tile & grout cleaning in Monahans, TX. Insurance billing accepted. Call (432) 847-4704.",tile & grout cleaning monahans,grout cleaning|tile cleaning|grout sealing|grout restoration|floor tile cleaning,local_specialty,,,900,hero|og|inline-1|inline-2,service|local-business|faq|breadcrumb-list,/services/tile-grout-cleaning/|/service-areas/monahans-tx/|/service-areas/monahans-tx/water-damage-restoration/|/service-areas/monahans-tx/emergency-water-removal/|/service-areas/andrews-tx/tile-grout-cleaning/|/service-areas/big-lake-tx/tile-grout-cleaning/|/contact/,2.80,planned
/service-areas/monahans-tx/upholstery-cleaning/,service-area-service,"Upholstery Cleaning in Monahans, TX | ACS Enterprise ",Upholstery Cleaning in Monahans,"Upholstery cleaning in Monahans, TX. Insurance billing accepted. Call (432) 847-4704.",upholstery cleaning monahans,sofa cleaning|couch cleaning|furniture steam cleaning|leather upholstery cleaning|fabric upholstery cleaning,local_specialty,,,900,hero|og|inline-1|inline-2,service|local-business|faq|breadcrumb-list,/services/upholstery-cleaning/|/service-areas/monahans-tx/|/service-areas/monahans-tx/water-damage-restoration/|/service-areas/monahans-tx/emergency-water-removal/|/service-areas/andrews-tx/upholstery-cleaning/|/service-areas/big-lake-tx/upholstery-cleaning/|/contact/,2.80,planned
/service-areas/odessa-tx/carpet-cleaning/,service-area-service,"Carpet Cleaning in Odessa, TX | ACS Enterprise ",Carpet Cleaning in Odessa,"Carpet cleaning in Odessa, TX. Insurance billing accepted. Call (432) 847-4704.",carpet cleaning odessa,professional carpet cleaning|deep carpet cleaning|carpet stain removal|commercial carpet cleaning|carpet sanitization,local_specialty,,,900,hero|og|inline-1|inline-2,service|local-business|faq|breadcrumb-list,/services/carpet-cleaning/|/service-areas/odessa-tx/|/service-areas/odessa-tx/water-damage-restoration/|/service-areas/odessa-tx/emergency-water-removal/|/service-areas/andrews-tx/carpet-cleaning/|/service-areas/big-lake-tx/carpet-cleaning/|/contact/,2.80,planned
/service-areas/odessa-tx/tile-grout-cleaning/,service-area-service,"Tile & Grout Cleaning in Odessa, TX | ACS Enterprise ",Tile & Grout Cleaning in Odessa,"Tile & grout cleaning in Odessa, TX. Insurance billing accepted. Call (432) 847-4704.",tile & grout cleaning odessa,grout cleaning|tile cleaning|grout sealing|grout restoration|floor tile cleaning,local_specialty,,,900,hero|og|inline-1|inline-2,service|local-business|faq|breadcrumb-list,/services/tile-grout-cleaning/|/service-areas/odessa-tx/|/service-areas/odessa-tx/water-damage-restoration/|/service-areas/odessa-tx/emergency-water-removal/|/service-areas/andrews-tx/tile-grout-cleaning/|/service-areas/big-lake-tx/tile-grout-cleaning/|/contact/,2.80,planned
/service-areas/odessa-tx/upholstery-cleaning/,service-area-service,"Upholstery Cleaning in Odessa, TX | ACS Enterprise ",Upholstery Cleaning in Odessa,"Upholstery cleaning in Odessa, TX. Insurance billing accepted. Call (432) 847-4704.",upholstery cleaning odessa,sofa cleaning|couch cleaning|furniture steam cleaning|leather upholstery cleaning|fabric upholstery cleaning,local_specialty,,,900,hero|og|inline-1|inline-2,service|local-business|faq|breadcrumb-list,/services/upholstery-cleaning/|/service-areas/odessa-tx/|/service-areas/odessa-tx/water-damage-restoration/|/service-areas/odessa-tx/emergency-water-removal/|/service-areas/andrews-tx/upholstery-cleaning/|/service-areas/big-lake-tx/upholstery-cleaning/|/contact/,2.80,planned
/service-areas/southwest-sandhill-tx/carpet-cleaning/,service-area-service,"Carpet Cleaning in Southwest Sandhill, TX | ACS Enterprise ",Carpet Cleaning in Southwest Sandhill,"Carpet cleaning in Southwest Sandhill, TX. Insurance billing accepted. Call (432) 847-4704.",carpet cleaning southwest sandhill,professional carpet cleaning|deep carpet cleaning|carpet stain removal|commercial carpet cleaning|carpet sanitization,local_specialty,,,900,hero|og|inline-1|inline-2,service|local-business|faq|breadcrumb-list,/services/carpet-cleaning/|/service-areas/southwest-sandhill-tx/|/service-areas/southwest-sandhill-tx/water-damage-restoration/|/service-areas/southwest-sandhill-tx/emergency-water-removal/|/service-areas/andrews-tx/carpet-cleaning/|/service-areas/big-lake-tx/carpet-cleaning/|/contact/,2.80,planned
/service-areas/southwest-sandhill-tx/tile-grout-cleaning/,service-area-service,"Tile & Grout Cleaning in Southwest Sandhill, TX | ACS Enterprise ",Tile & Grout Cleaning in Southwest Sandhill,"Tile & grout cleaning in Southwest Sandhill, TX. Insurance billing accepted. Call (432) 847-4704.",tile & grout cleaning southwest sandhill,grout cleaning|tile cleaning|grout sealing|grout restoration|floor tile cleaning,local_specialty,,,900,hero|og|inline-1|inline-2,service|local-business|faq|breadcrumb-list,/services/tile-grout-cleaning/|/service-areas/southwest-sandhill-tx/|/service-areas/southwest-sandhill-tx/water-damage-restoration/|/service-areas/southwest-sandhill-tx/emergency-water-removal/|/service-areas/andrews-tx/tile-grout-cleaning/|/service-areas/big-lake-tx/tile-grout-cleaning/|/contact/,2.80,planned
/service-areas/southwest-sandhill-tx/upholstery-cleaning/,service-area-service,"Upholstery Cleaning in Southwest Sandhill, TX | ACS Enterprise ",Upholstery Cleaning in Southwest Sandhill,"Upholstery cleaning in Southwest Sandhill, TX. Insurance billing accepted. Call (432) 847-4704.",upholstery cleaning southwest sandhill,sofa cleaning|couch cleaning|furniture steam cleaning|leather upholstery cleaning|fabric upholstery cleaning,local_specialty,,,900,hero|og|inline-1|inline-2,service|local-business|faq|breadcrumb-list,/services/upholstery-cleaning/|/service-areas/southwest-sandhill-tx/|/service-areas/southwest-sandhill-tx/water-damage-restoration/|/service-areas/southwest-sandhill-tx/emergency-water-removal/|/service-areas/andrews-tx/upholstery-cleaning/|/service-areas/big-lake-tx/upholstery-cleaning/|/contact/,2.80,planned
/service-areas/stanton-tx/carpet-cleaning/,service-area-service,"Carpet Cleaning in Stanton, TX | ACS Enterprise ",Carpet Cleaning in Stanton,"Carpet cleaning in Stanton, TX. Insurance billing accepted. Call (432) 847-4704.",carpet cleaning stanton,professional carpet cleaning|deep carpet cleaning|carpet stain removal|commercial carpet cleaning|carpet sanitization,local_specialty,,,900,hero|og|inline-1|inline-2,service|local-business|faq|breadcrumb-list,/services/carpet-cleaning/|/service-areas/stanton-tx/|/service-areas/stanton-tx/water-damage-restoration/|/service-areas/stanton-tx/emergency-water-removal/|/service-areas/andrews-tx/carpet-cleaning/|/service-areas/big-lake-tx/carpet-cleaning/|/contact/,2.80,planned
/service-areas/stanton-tx/tile-grout-cleaning/,service-area-service,"Tile & Grout Cleaning in Stanton, TX | ACS Enterprise ",Tile & Grout Cleaning in Stanton,"Tile & grout cleaning in Stanton, TX. Insurance billing accepted. Call (432) 847-4704.",tile & grout cleaning stanton,grout cleaning|tile cleaning|grout sealing|grout restoration|floor tile cleaning,local_specialty,,,900,hero|og|inline-1|inline-2,service|local-business|faq|breadcrumb-list,/services/tile-grout-cleaning/|/service-areas/stanton-tx/|/service-areas/stanton-tx/water-damage-restoration/|/service-areas/stanton-tx/emergency-water-removal/|/service-areas/andrews-tx/tile-grout-cleaning/|/service-areas/big-lake-tx/tile-grout-cleaning/|/contact/,2.80,planned
/service-areas/stanton-tx/upholstery-cleaning/,service-area-service,"Upholstery Cleaning in Stanton, TX | ACS Enterprise ",Upholstery Cleaning in Stanton,"Upholstery cleaning in Stanton, TX. Insurance billing accepted. Call (432) 847-4704.",upholstery cleaning stanton,sofa cleaning|couch cleaning|furniture steam cleaning|leather upholstery cleaning|fabric upholstery cleaning,local_specialty,,,900,hero|og|inline-1|inline-2,service|local-business|faq|breadcrumb-list,/services/upholstery-cleaning/|/service-areas/stanton-tx/|/service-areas/stanton-tx/water-damage-restoration/|/service-areas/stanton-tx/emergency-water-removal/|/service-areas/andrews-tx/upholstery-cleaning/|/service-areas/big-lake-tx/upholstery-cleaning/|/contact/,2.80,planned
/service-areas/west-odessa-tx/carpet-cleaning/,service-area-service,"Carpet Cleaning in West Odessa, TX | ACS Enterprise ",Carpet Cleaning in West Odessa,"Carpet cleaning in West Odessa, TX. Insurance billing accepted. Call (432) 847-4704.",carpet cleaning west odessa,professional carpet cleaning|deep carpet cleaning|carpet stain removal|commercial carpet cleaning|carpet sanitization,local_specialty,,,900,hero|og|inline-1|inline-2,service|local-business|faq|breadcrumb-list,/services/carpet-cleaning/|/service-areas/west-odessa-tx/|/service-areas/west-odessa-tx/water-damage-restoration/|/service-areas/west-odessa-tx/emergency-water-removal/|/service-areas/andrews-tx/carpet-cleaning/|/service-areas/big-lake-tx/carpet-cleaning/|/contact/,2.80,planned
/service-areas/west-odessa-tx/tile-grout-cleaning/,service-area-service,"Tile & Grout Cleaning in West Odessa, TX | ACS Enterprise ",Tile & Grout Cleaning in West Odessa,"Tile & grout cleaning in West Odessa, TX. Insurance billing accepted. Call (432) 847-4704.",tile & grout cleaning west odessa,grout cleaning|tile cleaning|grout sealing|grout restoration|floor tile cleaning,local_specialty,,,900,hero|og|inline-1|inline-2,service|local-business|faq|breadcrumb-list,/services/tile-grout-cleaning/|/service-areas/west-odessa-tx/|/service-areas/west-odessa-tx/water-damage-restoration/|/service-areas/west-odessa-tx/emergency-water-removal/|/service-areas/andrews-tx/tile-grout-cleaning/|/service-areas/big-lake-tx/tile-grout-cleaning/|/contact/,2.80,planned
/service-areas/west-odessa-tx/upholstery-cleaning/,service-area-service,"Upholstery Cleaning in West Odessa, TX | ACS Enterprise ",Upholstery Cleaning in West Odessa,"Upholstery cleaning in West Odessa, TX. Insurance billing accepted. Call (432) 847-4704.",upholstery cleaning west odessa,sofa cleaning|couch cleaning|furniture steam cleaning|leather upholstery cleaning|fabric upholstery cleaning,local_specialty,,,900,hero|og|inline-1|inline-2,service|local-business|faq|breadcrumb-list,/services/upholstery-cleaning/|/service-areas/west-odessa-tx/|/service-areas/west-odessa-tx/water-damage-restoration/|/service-areas/west-odessa-tx/emergency-water-removal/|/service-areas/andrews-tx/upholstery-cleaning/|/service-areas/big-lake-tx/upholstery-cleaning/|/contact/,2.80,planned
/about/,about,About ACS Enterprise  | Midland Restoration Company,About ACS Enterprise ,"ACS Enterprise has served Midland since 2019. Meet our restoration team. Licensed, insured, locally owned.",acs enterprise  midland,local restoration company|iicrc certified restoration|licensed restoration contractor,navigational_trust,,,700,hero|og|inline-1,organization|website|local-business|aggregate-rating|breadcrumb-list,/|/services/|/contact/,2.50,planned
/contact/,contact,Contact ACS Enterprise | Restoration in Midland,Contact ACS Enterprise ,Call (432) 847-4704 for restoration services in Midland and surrounding areas. Free estimates. Direct insurance billing.,acs enterprise  contact,restoration company contact,navigational_action,,,400,hero|og,organization|website|local-business|breadcrumb-list,/|/services/|/service-areas/,2.50,planned
/accessibility/,legal,Accessibility Statement | ACS Enterprise ,Accessibility Statement,Accessibility Statement | {brand.display_name}.,acs enterprise  accessibility,,navigational_legal,,,400,og,,,1.00,planned
/privacy/,legal,Privacy Policy | ACS Enterprise ,Privacy Policy,Privacy Policy | {brand.display_name}.,acs enterprise  privacy,,navigational_legal,,,600,og,,,1.00,planned
/terms/,legal,Terms of Service | ACS Enterprise ,Terms of Service,Terms of Service | {brand.display_name}.,acs enterprise  terms,,navigational_legal,,,600,og,,,1.00,planned
