url_path,archetype,title,h1,meta_description,primary_keyword,secondary_keywords,search_intent,search_volume,difficulty,target_word_count,image_roles,schema_stubs,internal_links_out,priority,status
/services/fire-damage-restoration/,service-landing,Fire Damage Restoration in Thonotosassa | DRYCOR RESTORE,Fire Damage Restoration in Thonotosassa,"24/7 fire damage restoration in Thonotosassa and surrounding areas. IICRC-certified, insurance billing accepted. Call (813) 829-1091.",fire damage restoration thonotosassa,fire cleanup|fire and smoke restoration|structural fire damage|post-fire restoration|fire damage repair,local_emergency,,,1100,hero|og|inline-1|inline-2,service|local-business|faq|breadcrumb-list,/services/|/contact/|/service-areas/apollo-beach-fl/fire-damage-restoration/|/service-areas/auburndale-fl/fire-damage-restoration/|/service-areas/bradenton-fl/fire-damage-restoration/|/service-areas/brandon-fl/fire-damage-restoration/|/service-areas/clearwater-fl/fire-damage-restoration/|/service-areas/dover-fl/fire-damage-restoration/|/service-areas/dunedin-fl/fire-damage-restoration/|/service-areas/lakeland-fl/fire-damage-restoration/|/service-areas/land-o-lakes-fl/fire-damage-restoration/|/service-areas/largo-fl/fire-damage-restoration/|/service-areas/lutz-fl/fire-damage-restoration/|/service-areas/new-port-richey-fl/fire-damage-restoration/|/blog/choosing-a-restoration-company/|/blog/fire-damage-restoration-process/,9.00,planned
/services/mold-remediation/,service-landing,Mold Remediation in Thonotosassa | DRYCOR RESTORE,Mold Remediation in Thonotosassa,"24/7 mold remediation in Thonotosassa and surrounding areas. IICRC-certified, insurance billing accepted. Call (813) 829-1091.",mold remediation thonotosassa,mold removal|black mold remediation|mold abatement|mold containment|mold cleanup,local_health,,,1100,hero|og|inline-1|inline-2,service|local-business|faq|breadcrumb-list,/services/|/contact/|/service-areas/apollo-beach-fl/mold-remediation/|/service-areas/auburndale-fl/mold-remediation/|/service-areas/bradenton-fl/mold-remediation/|/service-areas/brandon-fl/mold-remediation/|/service-areas/clearwater-fl/mold-remediation/|/service-areas/dover-fl/mold-remediation/|/service-areas/dunedin-fl/mold-remediation/|/service-areas/lakeland-fl/mold-remediation/|/service-areas/land-o-lakes-fl/mold-remediation/|/service-areas/largo-fl/mold-remediation/|/service-areas/lutz-fl/mold-remediation/|/service-areas/new-port-richey-fl/mold-remediation/|/blog/choosing-a-restoration-company/|/blog/how-to-test-for-mold/|/blog/signs-of-hidden-mold/,9.00,planned
/services/water-damage-restoration/,service-landing,Water Damage Restoration in Thonotosassa | DRYCOR RESTORE,Water Damage Restoration in Thonotosassa,"24/7 water damage restoration in Thonotosassa and surrounding areas. IICRC-certified, insurance billing accepted. Call (813) 829-1091.",water damage restoration thonotosassa,water removal|water extraction|water cleanup|structural drying|water mitigation,local_emergency,,,1100,hero|og|inline-1|inline-2,service|local-business|faq|breadcrumb-list,/services/|/contact/|/service-areas/apollo-beach-fl/water-damage-restoration/|/service-areas/auburndale-fl/water-damage-restoration/|/service-areas/bradenton-fl/water-damage-restoration/|/service-areas/brandon-fl/water-damage-restoration/|/service-areas/clearwater-fl/water-damage-restoration/|/service-areas/dover-fl/water-damage-restoration/|/service-areas/dunedin-fl/water-damage-restoration/|/service-areas/lakeland-fl/water-damage-restoration/|/service-areas/land-o-lakes-fl/water-damage-restoration/|/service-areas/largo-fl/water-damage-restoration/|/service-areas/lutz-fl/water-damage-restoration/|/service-areas/new-port-richey-fl/water-damage-restoration/|/blog/burst-pipe-emergency-checklist/|/blog/what-to-do-first-24-hours-water-damage/|/blog/choosing-a-restoration-company/,9.00,planned
/services/sewage-cleanup/,service-landing,Sewage Cleanup and Sanitization in Thonotosassa | DRYCOR RESTORE,Sewage Cleanup and Sanitization in Thonotosassa,"24/7 sewage cleanup and sanitization in Thonotosassa and surrounding areas. IICRC-certified, insurance billing accepted. Call (813) 829-1091.",sewage cleanup and sanitization thonotosassa,sewage backup cleanup|raw sewage removal|septic overflow cleanup|sewer line backup|sanitization services,local_emergency,,,1100,hero|og|inline-1|inline-2,service|local-business|faq|breadcrumb-list,/services/|/contact/|/service-areas/apollo-beach-fl/sewage-cleanup/|/service-areas/auburndale-fl/sewage-cleanup/|/service-areas/bradenton-fl/sewage-cleanup/|/service-areas/brandon-fl/sewage-cleanup/|/service-areas/clearwater-fl/sewage-cleanup/|/service-areas/dover-fl/sewage-cleanup/|/service-areas/dunedin-fl/sewage-cleanup/|/service-areas/lakeland-fl/sewage-cleanup/|/service-areas/land-o-lakes-fl/sewage-cleanup/|/service-areas/largo-fl/sewage-cleanup/|/service-areas/lutz-fl/sewage-cleanup/|/service-areas/new-port-richey-fl/sewage-cleanup/,8.10,planned
/services/storm-damage-restoration/,service-landing,Storm Damage Restoration in Thonotosassa | DRYCOR RESTORE,Storm Damage Restoration in Thonotosassa,"24/7 storm damage restoration in Thonotosassa and surrounding areas. IICRC-certified, insurance billing accepted. Call (813) 829-1091.",storm damage restoration thonotosassa,hurricane damage cleanup|tornado damage cleanup|tree damage cleanup|storm cleanup services|severe weather damage repair,local_emergency,,,1100,hero|og|inline-1|inline-2,service|local-business|faq|breadcrumb-list,/services/|/contact/|/service-areas/apollo-beach-fl/storm-damage-restoration/|/service-areas/auburndale-fl/storm-damage-restoration/|/service-areas/bradenton-fl/storm-damage-restoration/|/service-areas/brandon-fl/storm-damage-restoration/|/service-areas/clearwater-fl/storm-damage-restoration/|/service-areas/dover-fl/storm-damage-restoration/|/service-areas/dunedin-fl/storm-damage-restoration/|/service-areas/lakeland-fl/storm-damage-restoration/|/service-areas/land-o-lakes-fl/storm-damage-restoration/|/service-areas/largo-fl/storm-damage-restoration/|/service-areas/lutz-fl/storm-damage-restoration/|/service-areas/new-port-richey-fl/storm-damage-restoration/,8.10,planned
/services/water-cleanup/,service-landing,Water Cleanup in Thonotosassa | DRYCOR RESTORE,Water Cleanup in Thonotosassa,"24/7 water cleanup in Thonotosassa and surrounding areas. IICRC-certified, insurance billing accepted. Call (813) 829-1091.",water cleanup thonotosassa,water damage cleanup|water clean up|emergency water cleanup|flood water cleanup|standing water removal,local_emergency,,,1100,hero|og|inline-1|inline-2,service|local-business|faq|breadcrumb-list,/services/|/contact/|/service-areas/apollo-beach-fl/water-cleanup/|/service-areas/auburndale-fl/water-cleanup/|/service-areas/bradenton-fl/water-cleanup/|/service-areas/brandon-fl/water-cleanup/|/service-areas/clearwater-fl/water-cleanup/|/service-areas/dover-fl/water-cleanup/|/service-areas/dunedin-fl/water-cleanup/|/service-areas/lakeland-fl/water-cleanup/|/service-areas/land-o-lakes-fl/water-cleanup/|/service-areas/largo-fl/water-cleanup/|/service-areas/lutz-fl/water-cleanup/|/service-areas/new-port-richey-fl/water-cleanup/,8.10,planned
/services/general-contracting/,service-landing,"Renovations, Remodels and General Contracting in Thonotosassa | DRYCOR RESTORE","Renovations, Remodels and General Contracting in Thonotosassa","24/7 renovations, remodels and general contracting in Thonotosassa and surrounding areas. IICRC-certified, insurance billing accepted. Call (813) 829-1091.","renovations, remodels and general contracting thonotosassa",general contractor|home renovation services|home remodeling|kitchen remodel|bathroom remodel|post-damage rebuild,local_commercial,,,1100,hero|og|inline-1|inline-2,service|local-business|faq|breadcrumb-list,/services/|/contact/|/service-areas/apollo-beach-fl/general-contracting/|/service-areas/auburndale-fl/general-contracting/|/service-areas/bradenton-fl/general-contracting/|/service-areas/brandon-fl/general-contracting/|/service-areas/clearwater-fl/general-contracting/|/service-areas/dover-fl/general-contracting/|/service-areas/dunedin-fl/general-contracting/|/service-areas/lakeland-fl/general-contracting/|/service-areas/land-o-lakes-fl/general-contracting/|/service-areas/largo-fl/general-contracting/|/service-areas/lutz-fl/general-contracting/|/service-areas/new-port-richey-fl/general-contracting/,7.20,planned
/service-areas/apollo-beach-fl/fire-damage-restoration/,service-area-service,"Fire Damage Restoration in Apollo Beach, FL | DRYCOR RESTORE",Fire Damage Restoration in Apollo Beach,"24/7 fire damage restoration in Apollo Beach, FL. IICRC-certified, insurance billing accepted. Call (813) 829-1091.",fire damage restoration apollo beach,fire cleanup|fire and smoke restoration|structural fire damage|post-fire restoration|fire damage repair,local_emergency,,,900,hero|og|inline-1|inline-2,service|local-business|faq|breadcrumb-list,/services/fire-damage-restoration/|/service-areas/apollo-beach-fl/|/service-areas/apollo-beach-fl/mold-remediation/|/service-areas/apollo-beach-fl/water-damage-restoration/|/service-areas/auburndale-fl/fire-damage-restoration/|/service-areas/bradenton-fl/fire-damage-restoration/|/contact/,7.00,planned
/service-areas/apollo-beach-fl/mold-remediation/,service-area-service,"Mold Remediation in Apollo Beach, FL | DRYCOR RESTORE",Mold Remediation in Apollo Beach,"24/7 mold remediation in Apollo Beach, FL. IICRC-certified, insurance billing accepted. Call (813) 829-1091.",mold remediation apollo beach,mold removal|black mold remediation|mold abatement|mold containment|mold cleanup,local_health,,,900,hero|og|inline-1|inline-2,service|local-business|faq|breadcrumb-list,/services/mold-remediation/|/service-areas/apollo-beach-fl/|/service-areas/apollo-beach-fl/fire-damage-restoration/|/service-areas/apollo-beach-fl/water-damage-restoration/|/service-areas/auburndale-fl/mold-remediation/|/service-areas/bradenton-fl/mold-remediation/|/contact/,7.00,planned
/service-areas/apollo-beach-fl/water-damage-restoration/,service-area-service,"Water Damage Restoration in Apollo Beach, FL | DRYCOR RESTORE",Water Damage Restoration in Apollo Beach,"24/7 water damage restoration in Apollo Beach, FL. IICRC-certified, insurance billing accepted. Call (813) 829-1091.",water damage restoration apollo beach,water removal|water extraction|water cleanup|structural drying|water mitigation,local_emergency,,,900,hero|og|inline-1|inline-2,service|local-business|faq|breadcrumb-list,/services/water-damage-restoration/|/service-areas/apollo-beach-fl/|/service-areas/apollo-beach-fl/fire-damage-restoration/|/service-areas/apollo-beach-fl/mold-remediation/|/service-areas/auburndale-fl/water-damage-restoration/|/service-areas/bradenton-fl/water-damage-restoration/|/contact/,7.00,planned
/service-areas/auburndale-fl/fire-damage-restoration/,service-area-service,"Fire Damage Restoration in Auburndale, FL | DRYCOR RESTORE",Fire Damage Restoration in Auburndale,"24/7 fire damage restoration in Auburndale, FL. IICRC-certified, insurance billing accepted. Call (813) 829-1091.",fire damage restoration auburndale,fire cleanup|fire and smoke restoration|structural fire damage|post-fire restoration|fire damage repair,local_emergency,,,900,hero|og|inline-1|inline-2,service|local-business|faq|breadcrumb-list,/services/fire-damage-restoration/|/service-areas/auburndale-fl/|/service-areas/auburndale-fl/mold-remediation/|/service-areas/auburndale-fl/water-damage-restoration/|/service-areas/apollo-beach-fl/fire-damage-restoration/|/service-areas/bradenton-fl/fire-damage-restoration/|/contact/,7.00,planned
/service-areas/auburndale-fl/mold-remediation/,service-area-service,"Mold Remediation in Auburndale, FL | DRYCOR RESTORE",Mold Remediation in Auburndale,"24/7 mold remediation in Auburndale, FL. IICRC-certified, insurance billing accepted. Call (813) 829-1091.",mold remediation auburndale,mold removal|black mold remediation|mold abatement|mold containment|mold cleanup,local_health,,,900,hero|og|inline-1|inline-2,service|local-business|faq|breadcrumb-list,/services/mold-remediation/|/service-areas/auburndale-fl/|/service-areas/auburndale-fl/fire-damage-restoration/|/service-areas/auburndale-fl/water-damage-restoration/|/service-areas/apollo-beach-fl/mold-remediation/|/service-areas/bradenton-fl/mold-remediation/|/contact/,7.00,planned
/service-areas/auburndale-fl/water-damage-restoration/,service-area-service,"Water Damage Restoration in Auburndale, FL | DRYCOR RESTORE",Water Damage Restoration in Auburndale,"24/7 water damage restoration in Auburndale, FL. IICRC-certified, insurance billing accepted. Call (813) 829-1091.",water damage restoration auburndale,water removal|water extraction|water cleanup|structural drying|water mitigation,local_emergency,,,900,hero|og|inline-1|inline-2,service|local-business|faq|breadcrumb-list,/services/water-damage-restoration/|/service-areas/auburndale-fl/|/service-areas/auburndale-fl/fire-damage-restoration/|/service-areas/auburndale-fl/mold-remediation/|/service-areas/apollo-beach-fl/water-damage-restoration/|/service-areas/bradenton-fl/water-damage-restoration/|/contact/,7.00,planned
/service-areas/bradenton-fl/fire-damage-restoration/,service-area-service,"Fire Damage Restoration in Bradenton, FL | DRYCOR RESTORE",Fire Damage Restoration in Bradenton,"24/7 fire damage restoration in Bradenton, FL. IICRC-certified, insurance billing accepted. Call (813) 829-1091.",fire damage restoration bradenton,fire cleanup|fire and smoke restoration|structural fire damage|post-fire restoration|fire damage repair,local_emergency,,,900,hero|og|inline-1|inline-2,service|local-business|faq|breadcrumb-list,/services/fire-damage-restoration/|/service-areas/bradenton-fl/|/service-areas/bradenton-fl/mold-remediation/|/service-areas/bradenton-fl/water-damage-restoration/|/service-areas/apollo-beach-fl/fire-damage-restoration/|/service-areas/auburndale-fl/fire-damage-restoration/|/contact/,7.00,planned
/service-areas/bradenton-fl/mold-remediation/,service-area-service,"Mold Remediation in Bradenton, FL | DRYCOR RESTORE",Mold Remediation in Bradenton,"24/7 mold remediation in Bradenton, FL. IICRC-certified, insurance billing accepted. Call (813) 829-1091.",mold remediation bradenton,mold removal|black mold remediation|mold abatement|mold containment|mold cleanup,local_health,,,900,hero|og|inline-1|inline-2,service|local-business|faq|breadcrumb-list,/services/mold-remediation/|/service-areas/bradenton-fl/|/service-areas/bradenton-fl/fire-damage-restoration/|/service-areas/bradenton-fl/water-damage-restoration/|/service-areas/apollo-beach-fl/mold-remediation/|/service-areas/auburndale-fl/mold-remediation/|/contact/,7.00,planned
/service-areas/bradenton-fl/water-damage-restoration/,service-area-service,"Water Damage Restoration in Bradenton, FL | DRYCOR RESTORE",Water Damage Restoration in Bradenton,"24/7 water damage restoration in Bradenton, FL. IICRC-certified, insurance billing accepted. Call (813) 829-1091.",water damage restoration bradenton,water removal|water extraction|water cleanup|structural drying|water mitigation,local_emergency,,,900,hero|og|inline-1|inline-2,service|local-business|faq|breadcrumb-list,/services/water-damage-restoration/|/service-areas/bradenton-fl/|/service-areas/bradenton-fl/fire-damage-restoration/|/service-areas/bradenton-fl/mold-remediation/|/service-areas/apollo-beach-fl/water-damage-restoration/|/service-areas/auburndale-fl/water-damage-restoration/|/contact/,7.00,planned
/service-areas/brandon-fl/fire-damage-restoration/,service-area-service,"Fire Damage Restoration in Brandon, FL | DRYCOR RESTORE",Fire Damage Restoration in Brandon,"24/7 fire damage restoration in Brandon, FL. IICRC-certified, insurance billing accepted. Call (813) 829-1091.",fire damage restoration brandon,fire cleanup|fire and smoke restoration|structural fire damage|post-fire restoration|fire damage repair,local_emergency,,,900,hero|og|inline-1|inline-2,service|local-business|faq|breadcrumb-list,/services/fire-damage-restoration/|/service-areas/brandon-fl/|/service-areas/brandon-fl/mold-remediation/|/service-areas/brandon-fl/water-damage-restoration/|/service-areas/apollo-beach-fl/fire-damage-restoration/|/service-areas/auburndale-fl/fire-damage-restoration/|/contact/,7.00,planned
/service-areas/brandon-fl/mold-remediation/,service-area-service,"Mold Remediation in Brandon, FL | DRYCOR RESTORE",Mold Remediation in Brandon,"24/7 mold remediation in Brandon, FL. IICRC-certified, insurance billing accepted. Call (813) 829-1091.",mold remediation brandon,mold removal|black mold remediation|mold abatement|mold containment|mold cleanup,local_health,,,900,hero|og|inline-1|inline-2,service|local-business|faq|breadcrumb-list,/services/mold-remediation/|/service-areas/brandon-fl/|/service-areas/brandon-fl/fire-damage-restoration/|/service-areas/brandon-fl/water-damage-restoration/|/service-areas/apollo-beach-fl/mold-remediation/|/service-areas/auburndale-fl/mold-remediation/|/contact/,7.00,planned
/service-areas/brandon-fl/water-damage-restoration/,service-area-service,"Water Damage Restoration in Brandon, FL | DRYCOR RESTORE",Water Damage Restoration in Brandon,"24/7 water damage restoration in Brandon, FL. IICRC-certified, insurance billing accepted. Call (813) 829-1091.",water damage restoration brandon,water removal|water extraction|water cleanup|structural drying|water mitigation,local_emergency,,,900,hero|og|inline-1|inline-2,service|local-business|faq|breadcrumb-list,/services/water-damage-restoration/|/service-areas/brandon-fl/|/service-areas/brandon-fl/fire-damage-restoration/|/service-areas/brandon-fl/mold-remediation/|/service-areas/apollo-beach-fl/water-damage-restoration/|/service-areas/auburndale-fl/water-damage-restoration/|/contact/,7.00,planned
/service-areas/clearwater-fl/fire-damage-restoration/,service-area-service,"Fire Damage Restoration in Clearwater, FL | DRYCOR RESTORE",Fire Damage Restoration in Clearwater,"24/7 fire damage restoration in Clearwater, FL. IICRC-certified, insurance billing accepted. Call (813) 829-1091.",fire damage restoration clearwater,fire cleanup|fire and smoke restoration|structural fire damage|post-fire restoration|fire damage repair,local_emergency,,,900,hero|og|inline-1|inline-2,service|local-business|faq|breadcrumb-list,/services/fire-damage-restoration/|/service-areas/clearwater-fl/|/service-areas/clearwater-fl/mold-remediation/|/service-areas/clearwater-fl/water-damage-restoration/|/service-areas/apollo-beach-fl/fire-damage-restoration/|/service-areas/auburndale-fl/fire-damage-restoration/|/contact/,7.00,planned
/service-areas/clearwater-fl/mold-remediation/,service-area-service,"Mold Remediation in Clearwater, FL | DRYCOR RESTORE",Mold Remediation in Clearwater,"24/7 mold remediation in Clearwater, FL. IICRC-certified, insurance billing accepted. Call (813) 829-1091.",mold remediation clearwater,mold removal|black mold remediation|mold abatement|mold containment|mold cleanup,local_health,,,900,hero|og|inline-1|inline-2,service|local-business|faq|breadcrumb-list,/services/mold-remediation/|/service-areas/clearwater-fl/|/service-areas/clearwater-fl/fire-damage-restoration/|/service-areas/clearwater-fl/water-damage-restoration/|/service-areas/apollo-beach-fl/mold-remediation/|/service-areas/auburndale-fl/mold-remediation/|/contact/,7.00,planned
/service-areas/clearwater-fl/water-damage-restoration/,service-area-service,"Water Damage Restoration in Clearwater, FL | DRYCOR RESTORE",Water Damage Restoration in Clearwater,"24/7 water damage restoration in Clearwater, FL. IICRC-certified, insurance billing accepted. Call (813) 829-1091.",water damage restoration clearwater,water removal|water extraction|water cleanup|structural drying|water mitigation,local_emergency,,,900,hero|og|inline-1|inline-2,service|local-business|faq|breadcrumb-list,/services/water-damage-restoration/|/service-areas/clearwater-fl/|/service-areas/clearwater-fl/fire-damage-restoration/|/service-areas/clearwater-fl/mold-remediation/|/service-areas/apollo-beach-fl/water-damage-restoration/|/service-areas/auburndale-fl/water-damage-restoration/|/contact/,7.00,planned
/service-areas/dover-fl/fire-damage-restoration/,service-area-service,"Fire Damage Restoration in Dover, FL | DRYCOR RESTORE",Fire Damage Restoration in Dover,"24/7 fire damage restoration in Dover, FL. IICRC-certified, insurance billing accepted. Call (813) 829-1091.",fire damage restoration dover,fire cleanup|fire and smoke restoration|structural fire damage|post-fire restoration|fire damage repair,local_emergency,,,900,hero|og|inline-1|inline-2,service|local-business|faq|breadcrumb-list,/services/fire-damage-restoration/|/service-areas/dover-fl/|/service-areas/dover-fl/mold-remediation/|/service-areas/dover-fl/water-damage-restoration/|/service-areas/apollo-beach-fl/fire-damage-restoration/|/service-areas/auburndale-fl/fire-damage-restoration/|/contact/,7.00,planned
/service-areas/dover-fl/mold-remediation/,service-area-service,"Mold Remediation in Dover, FL | DRYCOR RESTORE",Mold Remediation in Dover,"24/7 mold remediation in Dover, FL. IICRC-certified, insurance billing accepted. Call (813) 829-1091.",mold remediation dover,mold removal|black mold remediation|mold abatement|mold containment|mold cleanup,local_health,,,900,hero|og|inline-1|inline-2,service|local-business|faq|breadcrumb-list,/services/mold-remediation/|/service-areas/dover-fl/|/service-areas/dover-fl/fire-damage-restoration/|/service-areas/dover-fl/water-damage-restoration/|/service-areas/apollo-beach-fl/mold-remediation/|/service-areas/auburndale-fl/mold-remediation/|/contact/,7.00,planned
/service-areas/dover-fl/water-damage-restoration/,service-area-service,"Water Damage Restoration in Dover, FL | DRYCOR RESTORE",Water Damage Restoration in Dover,"24/7 water damage restoration in Dover, FL. IICRC-certified, insurance billing accepted. Call (813) 829-1091.",water damage restoration dover,water removal|water extraction|water cleanup|structural drying|water mitigation,local_emergency,,,900,hero|og|inline-1|inline-2,service|local-business|faq|breadcrumb-list,/services/water-damage-restoration/|/service-areas/dover-fl/|/service-areas/dover-fl/fire-damage-restoration/|/service-areas/dover-fl/mold-remediation/|/service-areas/apollo-beach-fl/water-damage-restoration/|/service-areas/auburndale-fl/water-damage-restoration/|/contact/,7.00,planned
/service-areas/dunedin-fl/fire-damage-restoration/,service-area-service,"Fire Damage Restoration in Dunedin, FL | DRYCOR RESTORE",Fire Damage Restoration in Dunedin,"24/7 fire damage restoration in Dunedin, FL. IICRC-certified, insurance billing accepted. Call (813) 829-1091.",fire damage restoration dunedin,fire cleanup|fire and smoke restoration|structural fire damage|post-fire restoration|fire damage repair,local_emergency,,,900,hero|og|inline-1|inline-2,service|local-business|faq|breadcrumb-list,/services/fire-damage-restoration/|/service-areas/dunedin-fl/|/service-areas/dunedin-fl/mold-remediation/|/service-areas/dunedin-fl/water-damage-restoration/|/service-areas/apollo-beach-fl/fire-damage-restoration/|/service-areas/auburndale-fl/fire-damage-restoration/|/contact/,7.00,planned
/service-areas/dunedin-fl/mold-remediation/,service-area-service,"Mold Remediation in Dunedin, FL | DRYCOR RESTORE",Mold Remediation in Dunedin,"24/7 mold remediation in Dunedin, FL. IICRC-certified, insurance billing accepted. Call (813) 829-1091.",mold remediation dunedin,mold removal|black mold remediation|mold abatement|mold containment|mold cleanup,local_health,,,900,hero|og|inline-1|inline-2,service|local-business|faq|breadcrumb-list,/services/mold-remediation/|/service-areas/dunedin-fl/|/service-areas/dunedin-fl/fire-damage-restoration/|/service-areas/dunedin-fl/water-damage-restoration/|/service-areas/apollo-beach-fl/mold-remediation/|/service-areas/auburndale-fl/mold-remediation/|/contact/,7.00,planned
/service-areas/dunedin-fl/water-damage-restoration/,service-area-service,"Water Damage Restoration in Dunedin, FL | DRYCOR RESTORE",Water Damage Restoration in Dunedin,"24/7 water damage restoration in Dunedin, FL. IICRC-certified, insurance billing accepted. Call (813) 829-1091.",water damage restoration dunedin,water removal|water extraction|water cleanup|structural drying|water mitigation,local_emergency,,,900,hero|og|inline-1|inline-2,service|local-business|faq|breadcrumb-list,/services/water-damage-restoration/|/service-areas/dunedin-fl/|/service-areas/dunedin-fl/fire-damage-restoration/|/service-areas/dunedin-fl/mold-remediation/|/service-areas/apollo-beach-fl/water-damage-restoration/|/service-areas/auburndale-fl/water-damage-restoration/|/contact/,7.00,planned
/service-areas/lakeland-fl/fire-damage-restoration/,service-area-service,"Fire Damage Restoration in Lakeland, FL | DRYCOR RESTORE",Fire Damage Restoration in Lakeland,"24/7 fire damage restoration in Lakeland, FL. IICRC-certified, insurance billing accepted. Call (813) 829-1091.",fire damage restoration lakeland,fire cleanup|fire and smoke restoration|structural fire damage|post-fire restoration|fire damage repair,local_emergency,,,900,hero|og|inline-1|inline-2,service|local-business|faq|breadcrumb-list,/services/fire-damage-restoration/|/service-areas/lakeland-fl/|/service-areas/lakeland-fl/mold-remediation/|/service-areas/lakeland-fl/water-damage-restoration/|/service-areas/apollo-beach-fl/fire-damage-restoration/|/service-areas/auburndale-fl/fire-damage-restoration/|/contact/,7.00,planned
/service-areas/lakeland-fl/mold-remediation/,service-area-service,"Mold Remediation in Lakeland, FL | DRYCOR RESTORE",Mold Remediation in Lakeland,"24/7 mold remediation in Lakeland, FL. IICRC-certified, insurance billing accepted. Call (813) 829-1091.",mold remediation lakeland,mold removal|black mold remediation|mold abatement|mold containment|mold cleanup,local_health,,,900,hero|og|inline-1|inline-2,service|local-business|faq|breadcrumb-list,/services/mold-remediation/|/service-areas/lakeland-fl/|/service-areas/lakeland-fl/fire-damage-restoration/|/service-areas/lakeland-fl/water-damage-restoration/|/service-areas/apollo-beach-fl/mold-remediation/|/service-areas/auburndale-fl/mold-remediation/|/contact/,7.00,planned
/service-areas/lakeland-fl/water-damage-restoration/,service-area-service,"Water Damage Restoration in Lakeland, FL | DRYCOR RESTORE",Water Damage Restoration in Lakeland,"24/7 water damage restoration in Lakeland, FL. IICRC-certified, insurance billing accepted. Call (813) 829-1091.",water damage restoration lakeland,water removal|water extraction|water cleanup|structural drying|water mitigation,local_emergency,,,900,hero|og|inline-1|inline-2,service|local-business|faq|breadcrumb-list,/services/water-damage-restoration/|/service-areas/lakeland-fl/|/service-areas/lakeland-fl/fire-damage-restoration/|/service-areas/lakeland-fl/mold-remediation/|/service-areas/apollo-beach-fl/water-damage-restoration/|/service-areas/auburndale-fl/water-damage-restoration/|/contact/,7.00,planned
/service-areas/land-o-lakes-fl/fire-damage-restoration/,service-area-service,"Fire Damage Restoration in Land O' Lakes, FL | DRYCOR RESTORE",Fire Damage Restoration in Land O' Lakes,"24/7 fire damage restoration in Land O' Lakes, FL. IICRC-certified, insurance billing accepted. Call (813) 829-1091.",fire damage restoration land o' lakes,fire cleanup|fire and smoke restoration|structural fire damage|post-fire restoration|fire damage repair,local_emergency,,,900,hero|og|inline-1|inline-2,service|local-business|faq|breadcrumb-list,/services/fire-damage-restoration/|/service-areas/land-o-lakes-fl/|/service-areas/land-o-lakes-fl/mold-remediation/|/service-areas/land-o-lakes-fl/water-damage-restoration/|/service-areas/apollo-beach-fl/fire-damage-restoration/|/service-areas/auburndale-fl/fire-damage-restoration/|/contact/,7.00,planned
/service-areas/land-o-lakes-fl/mold-remediation/,service-area-service,"Mold Remediation in Land O' Lakes, FL | DRYCOR RESTORE",Mold Remediation in Land O' Lakes,"24/7 mold remediation in Land O' Lakes, FL. IICRC-certified, insurance billing accepted. Call (813) 829-1091.",mold remediation land o' lakes,mold removal|black mold remediation|mold abatement|mold containment|mold cleanup,local_health,,,900,hero|og|inline-1|inline-2,service|local-business|faq|breadcrumb-list,/services/mold-remediation/|/service-areas/land-o-lakes-fl/|/service-areas/land-o-lakes-fl/fire-damage-restoration/|/service-areas/land-o-lakes-fl/water-damage-restoration/|/service-areas/apollo-beach-fl/mold-remediation/|/service-areas/auburndale-fl/mold-remediation/|/contact/,7.00,planned
/service-areas/land-o-lakes-fl/water-damage-restoration/,service-area-service,"Water Damage Restoration in Land O' Lakes, FL | DRYCOR RESTORE",Water Damage Restoration in Land O' Lakes,"24/7 water damage restoration in Land O' Lakes, FL. IICRC-certified, insurance billing accepted. Call (813) 829-1091.",water damage restoration land o' lakes,water removal|water extraction|water cleanup|structural drying|water mitigation,local_emergency,,,900,hero|og|inline-1|inline-2,service|local-business|faq|breadcrumb-list,/services/water-damage-restoration/|/service-areas/land-o-lakes-fl/|/service-areas/land-o-lakes-fl/fire-damage-restoration/|/service-areas/land-o-lakes-fl/mold-remediation/|/service-areas/apollo-beach-fl/water-damage-restoration/|/service-areas/auburndale-fl/water-damage-restoration/|/contact/,7.00,planned
/service-areas/largo-fl/fire-damage-restoration/,service-area-service,"Fire Damage Restoration in Largo, FL | DRYCOR RESTORE",Fire Damage Restoration in Largo,"24/7 fire damage restoration in Largo, FL. IICRC-certified, insurance billing accepted. Call (813) 829-1091.",fire damage restoration largo,fire cleanup|fire and smoke restoration|structural fire damage|post-fire restoration|fire damage repair,local_emergency,,,900,hero|og|inline-1|inline-2,service|local-business|faq|breadcrumb-list,/services/fire-damage-restoration/|/service-areas/largo-fl/|/service-areas/largo-fl/mold-remediation/|/service-areas/largo-fl/water-damage-restoration/|/service-areas/apollo-beach-fl/fire-damage-restoration/|/service-areas/auburndale-fl/fire-damage-restoration/|/contact/,7.00,planned
/service-areas/largo-fl/mold-remediation/,service-area-service,"Mold Remediation in Largo, FL | DRYCOR RESTORE",Mold Remediation in Largo,"24/7 mold remediation in Largo, FL. IICRC-certified, insurance billing accepted. Call (813) 829-1091.",mold remediation largo,mold removal|black mold remediation|mold abatement|mold containment|mold cleanup,local_health,,,900,hero|og|inline-1|inline-2,service|local-business|faq|breadcrumb-list,/services/mold-remediation/|/service-areas/largo-fl/|/service-areas/largo-fl/fire-damage-restoration/|/service-areas/largo-fl/water-damage-restoration/|/service-areas/apollo-beach-fl/mold-remediation/|/service-areas/auburndale-fl/mold-remediation/|/contact/,7.00,planned
/service-areas/largo-fl/water-damage-restoration/,service-area-service,"Water Damage Restoration in Largo, FL | DRYCOR RESTORE",Water Damage Restoration in Largo,"24/7 water damage restoration in Largo, FL. IICRC-certified, insurance billing accepted. Call (813) 829-1091.",water damage restoration largo,water removal|water extraction|water cleanup|structural drying|water mitigation,local_emergency,,,900,hero|og|inline-1|inline-2,service|local-business|faq|breadcrumb-list,/services/water-damage-restoration/|/service-areas/largo-fl/|/service-areas/largo-fl/fire-damage-restoration/|/service-areas/largo-fl/mold-remediation/|/service-areas/apollo-beach-fl/water-damage-restoration/|/service-areas/auburndale-fl/water-damage-restoration/|/contact/,7.00,planned
/service-areas/lutz-fl/fire-damage-restoration/,service-area-service,"Fire Damage Restoration in Lutz, FL | DRYCOR RESTORE",Fire Damage Restoration in Lutz,"24/7 fire damage restoration in Lutz, FL. IICRC-certified, insurance billing accepted. Call (813) 829-1091.",fire damage restoration lutz,fire cleanup|fire and smoke restoration|structural fire damage|post-fire restoration|fire damage repair,local_emergency,,,900,hero|og|inline-1|inline-2,service|local-business|faq|breadcrumb-list,/services/fire-damage-restoration/|/service-areas/lutz-fl/|/service-areas/lutz-fl/mold-remediation/|/service-areas/lutz-fl/water-damage-restoration/|/service-areas/apollo-beach-fl/fire-damage-restoration/|/service-areas/auburndale-fl/fire-damage-restoration/|/contact/,7.00,planned
/service-areas/lutz-fl/mold-remediation/,service-area-service,"Mold Remediation in Lutz, FL | DRYCOR RESTORE",Mold Remediation in Lutz,"24/7 mold remediation in Lutz, FL. IICRC-certified, insurance billing accepted. Call (813) 829-1091.",mold remediation lutz,mold removal|black mold remediation|mold abatement|mold containment|mold cleanup,local_health,,,900,hero|og|inline-1|inline-2,service|local-business|faq|breadcrumb-list,/services/mold-remediation/|/service-areas/lutz-fl/|/service-areas/lutz-fl/fire-damage-restoration/|/service-areas/lutz-fl/water-damage-restoration/|/service-areas/apollo-beach-fl/mold-remediation/|/service-areas/auburndale-fl/mold-remediation/|/contact/,7.00,planned
/service-areas/lutz-fl/water-damage-restoration/,service-area-service,"Water Damage Restoration in Lutz, FL | DRYCOR RESTORE",Water Damage Restoration in Lutz,"24/7 water damage restoration in Lutz, FL. IICRC-certified, insurance billing accepted. Call (813) 829-1091.",water damage restoration lutz,water removal|water extraction|water cleanup|structural drying|water mitigation,local_emergency,,,900,hero|og|inline-1|inline-2,service|local-business|faq|breadcrumb-list,/services/water-damage-restoration/|/service-areas/lutz-fl/|/service-areas/lutz-fl/fire-damage-restoration/|/service-areas/lutz-fl/mold-remediation/|/service-areas/apollo-beach-fl/water-damage-restoration/|/service-areas/auburndale-fl/water-damage-restoration/|/contact/,7.00,planned
/service-areas/new-port-richey-fl/fire-damage-restoration/,service-area-service,"Fire Damage Restoration in New Port Richey, FL | DRYCOR RESTORE",Fire Damage Restoration in New Port Richey,"24/7 fire damage restoration in New Port Richey, FL. IICRC-certified, insurance billing accepted. Call (813) 829-1091.",fire damage restoration new port richey,fire cleanup|fire and smoke restoration|structural fire damage|post-fire restoration|fire damage repair,local_emergency,,,900,hero|og|inline-1|inline-2,service|local-business|faq|breadcrumb-list,/services/fire-damage-restoration/|/service-areas/new-port-richey-fl/|/service-areas/new-port-richey-fl/mold-remediation/|/service-areas/new-port-richey-fl/water-damage-restoration/|/service-areas/apollo-beach-fl/fire-damage-restoration/|/service-areas/auburndale-fl/fire-damage-restoration/|/contact/,7.00,planned
/service-areas/new-port-richey-fl/mold-remediation/,service-area-service,"Mold Remediation in New Port Richey, FL | DRYCOR RESTORE",Mold Remediation in New Port Richey,"24/7 mold remediation in New Port Richey, FL. IICRC-certified, insurance billing accepted. Call (813) 829-1091.",mold remediation new port richey,mold removal|black mold remediation|mold abatement|mold containment|mold cleanup,local_health,,,900,hero|og|inline-1|inline-2,service|local-business|faq|breadcrumb-list,/services/mold-remediation/|/service-areas/new-port-richey-fl/|/service-areas/new-port-richey-fl/fire-damage-restoration/|/service-areas/new-port-richey-fl/water-damage-restoration/|/service-areas/apollo-beach-fl/mold-remediation/|/service-areas/auburndale-fl/mold-remediation/|/contact/,7.00,planned
/service-areas/new-port-richey-fl/water-damage-restoration/,service-area-service,"Water Damage Restoration in New Port Richey, FL | DRYCOR RESTORE",Water Damage Restoration in New Port Richey,"24/7 water damage restoration in New Port Richey, FL. IICRC-certified, insurance billing accepted. Call (813) 829-1091.",water damage restoration new port richey,water removal|water extraction|water cleanup|structural drying|water mitigation,local_emergency,,,900,hero|og|inline-1|inline-2,service|local-business|faq|breadcrumb-list,/services/water-damage-restoration/|/service-areas/new-port-richey-fl/|/service-areas/new-port-richey-fl/fire-damage-restoration/|/service-areas/new-port-richey-fl/mold-remediation/|/service-areas/apollo-beach-fl/water-damage-restoration/|/service-areas/auburndale-fl/water-damage-restoration/|/contact/,7.00,planned
/service-areas/palm-harbor-fl/fire-damage-restoration/,service-area-service,"Fire Damage Restoration in Palm Harbor, FL | DRYCOR RESTORE",Fire Damage Restoration in Palm Harbor,"24/7 fire damage restoration in Palm Harbor, FL. IICRC-certified, insurance billing accepted. Call (813) 829-1091.",fire damage restoration palm harbor,fire cleanup|fire and smoke restoration|structural fire damage|post-fire restoration|fire damage repair,local_emergency,,,900,hero|og|inline-1|inline-2,service|local-business|faq|breadcrumb-list,/services/fire-damage-restoration/|/service-areas/palm-harbor-fl/|/service-areas/palm-harbor-fl/mold-remediation/|/service-areas/palm-harbor-fl/water-damage-restoration/|/service-areas/apollo-beach-fl/fire-damage-restoration/|/service-areas/auburndale-fl/fire-damage-restoration/|/contact/,7.00,planned
/service-areas/palm-harbor-fl/mold-remediation/,service-area-service,"Mold Remediation in Palm Harbor, FL | DRYCOR RESTORE",Mold Remediation in Palm Harbor,"24/7 mold remediation in Palm Harbor, FL. IICRC-certified, insurance billing accepted. Call (813) 829-1091.",mold remediation palm harbor,mold removal|black mold remediation|mold abatement|mold containment|mold cleanup,local_health,,,900,hero|og|inline-1|inline-2,service|local-business|faq|breadcrumb-list,/services/mold-remediation/|/service-areas/palm-harbor-fl/|/service-areas/palm-harbor-fl/fire-damage-restoration/|/service-areas/palm-harbor-fl/water-damage-restoration/|/service-areas/apollo-beach-fl/mold-remediation/|/service-areas/auburndale-fl/mold-remediation/|/contact/,7.00,planned
/service-areas/palm-harbor-fl/water-damage-restoration/,service-area-service,"Water Damage Restoration in Palm Harbor, FL | DRYCOR RESTORE",Water Damage Restoration in Palm Harbor,"24/7 water damage restoration in Palm Harbor, FL. IICRC-certified, insurance billing accepted. Call (813) 829-1091.",water damage restoration palm harbor,water removal|water extraction|water cleanup|structural drying|water mitigation,local_emergency,,,900,hero|og|inline-1|inline-2,service|local-business|faq|breadcrumb-list,/services/water-damage-restoration/|/service-areas/palm-harbor-fl/|/service-areas/palm-harbor-fl/fire-damage-restoration/|/service-areas/palm-harbor-fl/mold-remediation/|/service-areas/apollo-beach-fl/water-damage-restoration/|/service-areas/auburndale-fl/water-damage-restoration/|/contact/,7.00,planned
/service-areas/palmetto-fl/fire-damage-restoration/,service-area-service,"Fire Damage Restoration in Palmetto, FL | DRYCOR RESTORE",Fire Damage Restoration in Palmetto,"24/7 fire damage restoration in Palmetto, FL. IICRC-certified, insurance billing accepted. Call (813) 829-1091.",fire damage restoration palmetto,fire cleanup|fire and smoke restoration|structural fire damage|post-fire restoration|fire damage repair,local_emergency,,,900,hero|og|inline-1|inline-2,service|local-business|faq|breadcrumb-list,/services/fire-damage-restoration/|/service-areas/palmetto-fl/|/service-areas/palmetto-fl/mold-remediation/|/service-areas/palmetto-fl/water-damage-restoration/|/service-areas/apollo-beach-fl/fire-damage-restoration/|/service-areas/auburndale-fl/fire-damage-restoration/|/contact/,7.00,planned
/service-areas/palmetto-fl/mold-remediation/,service-area-service,"Mold Remediation in Palmetto, FL | DRYCOR RESTORE",Mold Remediation in Palmetto,"24/7 mold remediation in Palmetto, FL. IICRC-certified, insurance billing accepted. Call (813) 829-1091.",mold remediation palmetto,mold removal|black mold remediation|mold abatement|mold containment|mold cleanup,local_health,,,900,hero|og|inline-1|inline-2,service|local-business|faq|breadcrumb-list,/services/mold-remediation/|/service-areas/palmetto-fl/|/service-areas/palmetto-fl/fire-damage-restoration/|/service-areas/palmetto-fl/water-damage-restoration/|/service-areas/apollo-beach-fl/mold-remediation/|/service-areas/auburndale-fl/mold-remediation/|/contact/,7.00,planned
/service-areas/palmetto-fl/water-damage-restoration/,service-area-service,"Water Damage Restoration in Palmetto, FL | DRYCOR RESTORE",Water Damage Restoration in Palmetto,"24/7 water damage restoration in Palmetto, FL. IICRC-certified, insurance billing accepted. Call (813) 829-1091.",water damage restoration palmetto,water removal|water extraction|water cleanup|structural drying|water mitigation,local_emergency,,,900,hero|og|inline-1|inline-2,service|local-business|faq|breadcrumb-list,/services/water-damage-restoration/|/service-areas/palmetto-fl/|/service-areas/palmetto-fl/fire-damage-restoration/|/service-areas/palmetto-fl/mold-remediation/|/service-areas/apollo-beach-fl/water-damage-restoration/|/service-areas/auburndale-fl/water-damage-restoration/|/contact/,7.00,planned
/service-areas/pinellas-park-fl/fire-damage-restoration/,service-area-service,"Fire Damage Restoration in Pinellas Park, FL | DRYCOR RESTORE",Fire Damage Restoration in Pinellas Park,"24/7 fire damage restoration in Pinellas Park, FL. IICRC-certified, insurance billing accepted. Call (813) 829-1091.",fire damage restoration pinellas park,fire cleanup|fire and smoke restoration|structural fire damage|post-fire restoration|fire damage repair,local_emergency,,,900,hero|og|inline-1|inline-2,service|local-business|faq|breadcrumb-list,/services/fire-damage-restoration/|/service-areas/pinellas-park-fl/|/service-areas/pinellas-park-fl/mold-remediation/|/service-areas/pinellas-park-fl/water-damage-restoration/|/service-areas/apollo-beach-fl/fire-damage-restoration/|/service-areas/auburndale-fl/fire-damage-restoration/|/contact/,7.00,planned
/service-areas/pinellas-park-fl/mold-remediation/,service-area-service,"Mold Remediation in Pinellas Park, FL | DRYCOR RESTORE",Mold Remediation in Pinellas Park,"24/7 mold remediation in Pinellas Park, FL. IICRC-certified, insurance billing accepted. Call (813) 829-1091.",mold remediation pinellas park,mold removal|black mold remediation|mold abatement|mold containment|mold cleanup,local_health,,,900,hero|og|inline-1|inline-2,service|local-business|faq|breadcrumb-list,/services/mold-remediation/|/service-areas/pinellas-park-fl/|/service-areas/pinellas-park-fl/fire-damage-restoration/|/service-areas/pinellas-park-fl/water-damage-restoration/|/service-areas/apollo-beach-fl/mold-remediation/|/service-areas/auburndale-fl/mold-remediation/|/contact/,7.00,planned
/service-areas/pinellas-park-fl/water-damage-restoration/,service-area-service,"Water Damage Restoration in Pinellas Park, FL | DRYCOR RESTORE",Water Damage Restoration in Pinellas Park,"24/7 water damage restoration in Pinellas Park, FL. IICRC-certified, insurance billing accepted. Call (813) 829-1091.",water damage restoration pinellas park,water removal|water extraction|water cleanup|structural drying|water mitigation,local_emergency,,,900,hero|og|inline-1|inline-2,service|local-business|faq|breadcrumb-list,/services/water-damage-restoration/|/service-areas/pinellas-park-fl/|/service-areas/pinellas-park-fl/fire-damage-restoration/|/service-areas/pinellas-park-fl/mold-remediation/|/service-areas/apollo-beach-fl/water-damage-restoration/|/service-areas/auburndale-fl/water-damage-restoration/|/contact/,7.00,planned
/service-areas/plant-city-fl/fire-damage-restoration/,service-area-service,"Fire Damage Restoration in Plant City, FL | DRYCOR RESTORE",Fire Damage Restoration in Plant City,"24/7 fire damage restoration in Plant City, FL. IICRC-certified, insurance billing accepted. Call (813) 829-1091.",fire damage restoration plant city,fire cleanup|fire and smoke restoration|structural fire damage|post-fire restoration|fire damage repair,local_emergency,,,900,hero|og|inline-1|inline-2,service|local-business|faq|breadcrumb-list,/services/fire-damage-restoration/|/service-areas/plant-city-fl/|/service-areas/plant-city-fl/mold-remediation/|/service-areas/plant-city-fl/water-damage-restoration/|/service-areas/apollo-beach-fl/fire-damage-restoration/|/service-areas/auburndale-fl/fire-damage-restoration/|/contact/,7.00,planned
/service-areas/plant-city-fl/mold-remediation/,service-area-service,"Mold Remediation in Plant City, FL | DRYCOR RESTORE",Mold Remediation in Plant City,"24/7 mold remediation in Plant City, FL. IICRC-certified, insurance billing accepted. Call (813) 829-1091.",mold remediation plant city,mold removal|black mold remediation|mold abatement|mold containment|mold cleanup,local_health,,,900,hero|og|inline-1|inline-2,service|local-business|faq|breadcrumb-list,/services/mold-remediation/|/service-areas/plant-city-fl/|/service-areas/plant-city-fl/fire-damage-restoration/|/service-areas/plant-city-fl/water-damage-restoration/|/service-areas/apollo-beach-fl/mold-remediation/|/service-areas/auburndale-fl/mold-remediation/|/contact/,7.00,planned
/service-areas/plant-city-fl/water-damage-restoration/,service-area-service,"Water Damage Restoration in Plant City, FL | DRYCOR RESTORE",Water Damage Restoration in Plant City,"24/7 water damage restoration in Plant City, FL. IICRC-certified, insurance billing accepted. Call (813) 829-1091.",water damage restoration plant city,water removal|water extraction|water cleanup|structural drying|water mitigation,local_emergency,,,900,hero|og|inline-1|inline-2,service|local-business|faq|breadcrumb-list,/services/water-damage-restoration/|/service-areas/plant-city-fl/|/service-areas/plant-city-fl/fire-damage-restoration/|/service-areas/plant-city-fl/mold-remediation/|/service-areas/apollo-beach-fl/water-damage-restoration/|/service-areas/auburndale-fl/water-damage-restoration/|/contact/,7.00,planned
/service-areas/riverview-fl/fire-damage-restoration/,service-area-service,"Fire Damage Restoration in Riverview, FL | DRYCOR RESTORE",Fire Damage Restoration in Riverview,"24/7 fire damage restoration in Riverview, FL. IICRC-certified, insurance billing accepted. Call (813) 829-1091.",fire damage restoration riverview,fire cleanup|fire and smoke restoration|structural fire damage|post-fire restoration|fire damage repair,local_emergency,,,900,hero|og|inline-1|inline-2,service|local-business|faq|breadcrumb-list,/services/fire-damage-restoration/|/service-areas/riverview-fl/|/service-areas/riverview-fl/mold-remediation/|/service-areas/riverview-fl/water-damage-restoration/|/service-areas/apollo-beach-fl/fire-damage-restoration/|/service-areas/auburndale-fl/fire-damage-restoration/|/contact/,7.00,planned
/service-areas/riverview-fl/mold-remediation/,service-area-service,"Mold Remediation in Riverview, FL | DRYCOR RESTORE",Mold Remediation in Riverview,"24/7 mold remediation in Riverview, FL. IICRC-certified, insurance billing accepted. Call (813) 829-1091.",mold remediation riverview,mold removal|black mold remediation|mold abatement|mold containment|mold cleanup,local_health,,,900,hero|og|inline-1|inline-2,service|local-business|faq|breadcrumb-list,/services/mold-remediation/|/service-areas/riverview-fl/|/service-areas/riverview-fl/fire-damage-restoration/|/service-areas/riverview-fl/water-damage-restoration/|/service-areas/apollo-beach-fl/mold-remediation/|/service-areas/auburndale-fl/mold-remediation/|/contact/,7.00,planned
/service-areas/riverview-fl/water-damage-restoration/,service-area-service,"Water Damage Restoration in Riverview, FL | DRYCOR RESTORE",Water Damage Restoration in Riverview,"24/7 water damage restoration in Riverview, FL. IICRC-certified, insurance billing accepted. Call (813) 829-1091.",water damage restoration riverview,water removal|water extraction|water cleanup|structural drying|water mitigation,local_emergency,,,900,hero|og|inline-1|inline-2,service|local-business|faq|breadcrumb-list,/services/water-damage-restoration/|/service-areas/riverview-fl/|/service-areas/riverview-fl/fire-damage-restoration/|/service-areas/riverview-fl/mold-remediation/|/service-areas/apollo-beach-fl/water-damage-restoration/|/service-areas/auburndale-fl/water-damage-restoration/|/contact/,7.00,planned
/service-areas/ruskin-fl/fire-damage-restoration/,service-area-service,"Fire Damage Restoration in Ruskin, FL | DRYCOR RESTORE",Fire Damage Restoration in Ruskin,"24/7 fire damage restoration in Ruskin, FL. IICRC-certified, insurance billing accepted. Call (813) 829-1091.",fire damage restoration ruskin,fire cleanup|fire and smoke restoration|structural fire damage|post-fire restoration|fire damage repair,local_emergency,,,900,hero|og|inline-1|inline-2,service|local-business|faq|breadcrumb-list,/services/fire-damage-restoration/|/service-areas/ruskin-fl/|/service-areas/ruskin-fl/mold-remediation/|/service-areas/ruskin-fl/water-damage-restoration/|/service-areas/apollo-beach-fl/fire-damage-restoration/|/service-areas/auburndale-fl/fire-damage-restoration/|/contact/,7.00,planned
/service-areas/ruskin-fl/mold-remediation/,service-area-service,"Mold Remediation in Ruskin, FL | DRYCOR RESTORE",Mold Remediation in Ruskin,"24/7 mold remediation in Ruskin, FL. IICRC-certified, insurance billing accepted. Call (813) 829-1091.",mold remediation ruskin,mold removal|black mold remediation|mold abatement|mold containment|mold cleanup,local_health,,,900,hero|og|inline-1|inline-2,service|local-business|faq|breadcrumb-list,/services/mold-remediation/|/service-areas/ruskin-fl/|/service-areas/ruskin-fl/fire-damage-restoration/|/service-areas/ruskin-fl/water-damage-restoration/|/service-areas/apollo-beach-fl/mold-remediation/|/service-areas/auburndale-fl/mold-remediation/|/contact/,7.00,planned
/service-areas/ruskin-fl/water-damage-restoration/,service-area-service,"Water Damage Restoration in Ruskin, FL | DRYCOR RESTORE",Water Damage Restoration in Ruskin,"24/7 water damage restoration in Ruskin, FL. IICRC-certified, insurance billing accepted. Call (813) 829-1091.",water damage restoration ruskin,water removal|water extraction|water cleanup|structural drying|water mitigation,local_emergency,,,900,hero|og|inline-1|inline-2,service|local-business|faq|breadcrumb-list,/services/water-damage-restoration/|/service-areas/ruskin-fl/|/service-areas/ruskin-fl/fire-damage-restoration/|/service-areas/ruskin-fl/mold-remediation/|/service-areas/apollo-beach-fl/water-damage-restoration/|/service-areas/auburndale-fl/water-damage-restoration/|/contact/,7.00,planned
/service-areas/seffner-fl/fire-damage-restoration/,service-area-service,"Fire Damage Restoration in Seffner, FL | DRYCOR RESTORE",Fire Damage Restoration in Seffner,"24/7 fire damage restoration in Seffner, FL. IICRC-certified, insurance billing accepted. Call (813) 829-1091.",fire damage restoration seffner,fire cleanup|fire and smoke restoration|structural fire damage|post-fire restoration|fire damage repair,local_emergency,,,900,hero|og|inline-1|inline-2,service|local-business|faq|breadcrumb-list,/services/fire-damage-restoration/|/service-areas/seffner-fl/|/service-areas/seffner-fl/mold-remediation/|/service-areas/seffner-fl/water-damage-restoration/|/service-areas/apollo-beach-fl/fire-damage-restoration/|/service-areas/auburndale-fl/fire-damage-restoration/|/contact/,7.00,planned
/service-areas/seffner-fl/mold-remediation/,service-area-service,"Mold Remediation in Seffner, FL | DRYCOR RESTORE",Mold Remediation in Seffner,"24/7 mold remediation in Seffner, FL. IICRC-certified, insurance billing accepted. Call (813) 829-1091.",mold remediation seffner,mold removal|black mold remediation|mold abatement|mold containment|mold cleanup,local_health,,,900,hero|og|inline-1|inline-2,service|local-business|faq|breadcrumb-list,/services/mold-remediation/|/service-areas/seffner-fl/|/service-areas/seffner-fl/fire-damage-restoration/|/service-areas/seffner-fl/water-damage-restoration/|/service-areas/apollo-beach-fl/mold-remediation/|/service-areas/auburndale-fl/mold-remediation/|/contact/,7.00,planned
/service-areas/seffner-fl/water-damage-restoration/,service-area-service,"Water Damage Restoration in Seffner, FL | DRYCOR RESTORE",Water Damage Restoration in Seffner,"24/7 water damage restoration in Seffner, FL. IICRC-certified, insurance billing accepted. Call (813) 829-1091.",water damage restoration seffner,water removal|water extraction|water cleanup|structural drying|water mitigation,local_emergency,,,900,hero|og|inline-1|inline-2,service|local-business|faq|breadcrumb-list,/services/water-damage-restoration/|/service-areas/seffner-fl/|/service-areas/seffner-fl/fire-damage-restoration/|/service-areas/seffner-fl/mold-remediation/|/service-areas/apollo-beach-fl/water-damage-restoration/|/service-areas/auburndale-fl/water-damage-restoration/|/contact/,7.00,planned
/service-areas/st-petersburg-fl/fire-damage-restoration/,service-area-service,"Fire Damage Restoration in St. Petersburg, FL | DRYCOR RESTORE",Fire Damage Restoration in St. Petersburg,"24/7 fire damage restoration in St. Petersburg, FL. IICRC-certified, insurance billing accepted. Call (813) 829-1091.",fire damage restoration st. petersburg,fire cleanup|fire and smoke restoration|structural fire damage|post-fire restoration|fire damage repair,local_emergency,,,900,hero|og|inline-1|inline-2,service|local-business|faq|breadcrumb-list,/services/fire-damage-restoration/|/service-areas/st-petersburg-fl/|/service-areas/st-petersburg-fl/mold-remediation/|/service-areas/st-petersburg-fl/water-damage-restoration/|/service-areas/apollo-beach-fl/fire-damage-restoration/|/service-areas/auburndale-fl/fire-damage-restoration/|/contact/,7.00,planned
/service-areas/st-petersburg-fl/mold-remediation/,service-area-service,"Mold Remediation in St. Petersburg, FL | DRYCOR RESTORE",Mold Remediation in St. Petersburg,"24/7 mold remediation in St. Petersburg, FL. IICRC-certified, insurance billing accepted. Call (813) 829-1091.",mold remediation st. petersburg,mold removal|black mold remediation|mold abatement|mold containment|mold cleanup,local_health,,,900,hero|og|inline-1|inline-2,service|local-business|faq|breadcrumb-list,/services/mold-remediation/|/service-areas/st-petersburg-fl/|/service-areas/st-petersburg-fl/fire-damage-restoration/|/service-areas/st-petersburg-fl/water-damage-restoration/|/service-areas/apollo-beach-fl/mold-remediation/|/service-areas/auburndale-fl/mold-remediation/|/contact/,7.00,planned
/service-areas/st-petersburg-fl/water-damage-restoration/,service-area-service,"Water Damage Restoration in St. Petersburg, FL | DRYCOR RESTORE",Water Damage Restoration in St. Petersburg,"24/7 water damage restoration in St. Petersburg, FL. IICRC-certified, insurance billing accepted. Call (813) 829-1091.",water damage restoration st. petersburg,water removal|water extraction|water cleanup|structural drying|water mitigation,local_emergency,,,900,hero|og|inline-1|inline-2,service|local-business|faq|breadcrumb-list,/services/water-damage-restoration/|/service-areas/st-petersburg-fl/|/service-areas/st-petersburg-fl/fire-damage-restoration/|/service-areas/st-petersburg-fl/mold-remediation/|/service-areas/apollo-beach-fl/water-damage-restoration/|/service-areas/auburndale-fl/water-damage-restoration/|/contact/,7.00,planned
/service-areas/tampa-fl/fire-damage-restoration/,service-area-service,"Fire Damage Restoration in Tampa, FL | DRYCOR RESTORE",Fire Damage Restoration in Tampa,"24/7 fire damage restoration in Tampa, FL. IICRC-certified, insurance billing accepted. Call (813) 829-1091.",fire damage restoration tampa,fire cleanup|fire and smoke restoration|structural fire damage|post-fire restoration|fire damage repair,local_emergency,,,900,hero|og|inline-1|inline-2,service|local-business|faq|breadcrumb-list,/services/fire-damage-restoration/|/service-areas/tampa-fl/|/service-areas/tampa-fl/mold-remediation/|/service-areas/tampa-fl/water-damage-restoration/|/service-areas/apollo-beach-fl/fire-damage-restoration/|/service-areas/auburndale-fl/fire-damage-restoration/|/contact/,7.00,planned
/service-areas/tampa-fl/mold-remediation/,service-area-service,"Mold Remediation in Tampa, FL | DRYCOR RESTORE",Mold Remediation in Tampa,"24/7 mold remediation in Tampa, FL. IICRC-certified, insurance billing accepted. Call (813) 829-1091.",mold remediation tampa,mold removal|black mold remediation|mold abatement|mold containment|mold cleanup,local_health,,,900,hero|og|inline-1|inline-2,service|local-business|faq|breadcrumb-list,/services/mold-remediation/|/service-areas/tampa-fl/|/service-areas/tampa-fl/fire-damage-restoration/|/service-areas/tampa-fl/water-damage-restoration/|/service-areas/apollo-beach-fl/mold-remediation/|/service-areas/auburndale-fl/mold-remediation/|/contact/,7.00,planned
/service-areas/tampa-fl/water-damage-restoration/,service-area-service,"Water Damage Restoration in Tampa, FL | DRYCOR RESTORE",Water Damage Restoration in Tampa,"24/7 water damage restoration in Tampa, FL. IICRC-certified, insurance billing accepted. Call (813) 829-1091.",water damage restoration tampa,water removal|water extraction|water cleanup|structural drying|water mitigation,local_emergency,,,900,hero|og|inline-1|inline-2,service|local-business|faq|breadcrumb-list,/services/water-damage-restoration/|/service-areas/tampa-fl/|/service-areas/tampa-fl/fire-damage-restoration/|/service-areas/tampa-fl/mold-remediation/|/service-areas/apollo-beach-fl/water-damage-restoration/|/service-areas/auburndale-fl/water-damage-restoration/|/contact/,7.00,planned
/service-areas/temple-terrace-fl/fire-damage-restoration/,service-area-service,"Fire Damage Restoration in Temple Terrace, FL | DRYCOR RESTORE",Fire Damage Restoration in Temple Terrace,"24/7 fire damage restoration in Temple Terrace, FL. IICRC-certified, insurance billing accepted. Call (813) 829-1091.",fire damage restoration temple terrace,fire cleanup|fire and smoke restoration|structural fire damage|post-fire restoration|fire damage repair,local_emergency,,,900,hero|og|inline-1|inline-2,service|local-business|faq|breadcrumb-list,/services/fire-damage-restoration/|/service-areas/temple-terrace-fl/|/service-areas/temple-terrace-fl/mold-remediation/|/service-areas/temple-terrace-fl/water-damage-restoration/|/service-areas/apollo-beach-fl/fire-damage-restoration/|/service-areas/auburndale-fl/fire-damage-restoration/|/contact/,7.00,planned
/service-areas/temple-terrace-fl/mold-remediation/,service-area-service,"Mold Remediation in Temple Terrace, FL | DRYCOR RESTORE",Mold Remediation in Temple Terrace,"24/7 mold remediation in Temple Terrace, FL. IICRC-certified, insurance billing accepted. Call (813) 829-1091.",mold remediation temple terrace,mold removal|black mold remediation|mold abatement|mold containment|mold cleanup,local_health,,,900,hero|og|inline-1|inline-2,service|local-business|faq|breadcrumb-list,/services/mold-remediation/|/service-areas/temple-terrace-fl/|/service-areas/temple-terrace-fl/fire-damage-restoration/|/service-areas/temple-terrace-fl/water-damage-restoration/|/service-areas/apollo-beach-fl/mold-remediation/|/service-areas/auburndale-fl/mold-remediation/|/contact/,7.00,planned
/service-areas/temple-terrace-fl/water-damage-restoration/,service-area-service,"Water Damage Restoration in Temple Terrace, FL | DRYCOR RESTORE",Water Damage Restoration in Temple Terrace,"24/7 water damage restoration in Temple Terrace, FL. IICRC-certified, insurance billing accepted. Call (813) 829-1091.",water damage restoration temple terrace,water removal|water extraction|water cleanup|structural drying|water mitigation,local_emergency,,,900,hero|og|inline-1|inline-2,service|local-business|faq|breadcrumb-list,/services/water-damage-restoration/|/service-areas/temple-terrace-fl/|/service-areas/temple-terrace-fl/fire-damage-restoration/|/service-areas/temple-terrace-fl/mold-remediation/|/service-areas/apollo-beach-fl/water-damage-restoration/|/service-areas/auburndale-fl/water-damage-restoration/|/contact/,7.00,planned
/service-areas/valrico-fl/fire-damage-restoration/,service-area-service,"Fire Damage Restoration in Valrico, FL | DRYCOR RESTORE",Fire Damage Restoration in Valrico,"24/7 fire damage restoration in Valrico, FL. IICRC-certified, insurance billing accepted. Call (813) 829-1091.",fire damage restoration valrico,fire cleanup|fire and smoke restoration|structural fire damage|post-fire restoration|fire damage repair,local_emergency,,,900,hero|og|inline-1|inline-2,service|local-business|faq|breadcrumb-list,/services/fire-damage-restoration/|/service-areas/valrico-fl/|/service-areas/valrico-fl/mold-remediation/|/service-areas/valrico-fl/water-damage-restoration/|/service-areas/apollo-beach-fl/fire-damage-restoration/|/service-areas/auburndale-fl/fire-damage-restoration/|/contact/,7.00,planned
/service-areas/valrico-fl/mold-remediation/,service-area-service,"Mold Remediation in Valrico, FL | DRYCOR RESTORE",Mold Remediation in Valrico,"24/7 mold remediation in Valrico, FL. IICRC-certified, insurance billing accepted. Call (813) 829-1091.",mold remediation valrico,mold removal|black mold remediation|mold abatement|mold containment|mold cleanup,local_health,,,900,hero|og|inline-1|inline-2,service|local-business|faq|breadcrumb-list,/services/mold-remediation/|/service-areas/valrico-fl/|/service-areas/valrico-fl/fire-damage-restoration/|/service-areas/valrico-fl/water-damage-restoration/|/service-areas/apollo-beach-fl/mold-remediation/|/service-areas/auburndale-fl/mold-remediation/|/contact/,7.00,planned
/service-areas/valrico-fl/water-damage-restoration/,service-area-service,"Water Damage Restoration in Valrico, FL | DRYCOR RESTORE",Water Damage Restoration in Valrico,"24/7 water damage restoration in Valrico, FL. IICRC-certified, insurance billing accepted. Call (813) 829-1091.",water damage restoration valrico,water removal|water extraction|water cleanup|structural drying|water mitigation,local_emergency,,,900,hero|og|inline-1|inline-2,service|local-business|faq|breadcrumb-list,/services/water-damage-restoration/|/service-areas/valrico-fl/|/service-areas/valrico-fl/fire-damage-restoration/|/service-areas/valrico-fl/mold-remediation/|/service-areas/apollo-beach-fl/water-damage-restoration/|/service-areas/auburndale-fl/water-damage-restoration/|/contact/,7.00,planned
/service-areas/wesley-chapel-fl/fire-damage-restoration/,service-area-service,"Fire Damage Restoration in Wesley Chapel, FL | DRYCOR RESTORE",Fire Damage Restoration in Wesley Chapel,"24/7 fire damage restoration in Wesley Chapel, FL. IICRC-certified, insurance billing accepted. Call (813) 829-1091.",fire damage restoration wesley chapel,fire cleanup|fire and smoke restoration|structural fire damage|post-fire restoration|fire damage repair,local_emergency,,,900,hero|og|inline-1|inline-2,service|local-business|faq|breadcrumb-list,/services/fire-damage-restoration/|/service-areas/wesley-chapel-fl/|/service-areas/wesley-chapel-fl/mold-remediation/|/service-areas/wesley-chapel-fl/water-damage-restoration/|/service-areas/apollo-beach-fl/fire-damage-restoration/|/service-areas/auburndale-fl/fire-damage-restoration/|/contact/,7.00,planned
/service-areas/wesley-chapel-fl/mold-remediation/,service-area-service,"Mold Remediation in Wesley Chapel, FL | DRYCOR RESTORE",Mold Remediation in Wesley Chapel,"24/7 mold remediation in Wesley Chapel, FL. IICRC-certified, insurance billing accepted. Call (813) 829-1091.",mold remediation wesley chapel,mold removal|black mold remediation|mold abatement|mold containment|mold cleanup,local_health,,,900,hero|og|inline-1|inline-2,service|local-business|faq|breadcrumb-list,/services/mold-remediation/|/service-areas/wesley-chapel-fl/|/service-areas/wesley-chapel-fl/fire-damage-restoration/|/service-areas/wesley-chapel-fl/water-damage-restoration/|/service-areas/apollo-beach-fl/mold-remediation/|/service-areas/auburndale-fl/mold-remediation/|/contact/,7.00,planned
/service-areas/wesley-chapel-fl/water-damage-restoration/,service-area-service,"Water Damage Restoration in Wesley Chapel, FL | DRYCOR RESTORE",Water Damage Restoration in Wesley Chapel,"24/7 water damage restoration in Wesley Chapel, FL. IICRC-certified, insurance billing accepted. Call (813) 829-1091.",water damage restoration wesley chapel,water removal|water extraction|water cleanup|structural drying|water mitigation,local_emergency,,,900,hero|og|inline-1|inline-2,service|local-business|faq|breadcrumb-list,/services/water-damage-restoration/|/service-areas/wesley-chapel-fl/|/service-areas/wesley-chapel-fl/fire-damage-restoration/|/service-areas/wesley-chapel-fl/mold-remediation/|/service-areas/apollo-beach-fl/water-damage-restoration/|/service-areas/auburndale-fl/water-damage-restoration/|/contact/,7.00,planned
/service-areas/winter-haven-fl/fire-damage-restoration/,service-area-service,"Fire Damage Restoration in Winter Haven, FL | DRYCOR RESTORE",Fire Damage Restoration in Winter Haven,"24/7 fire damage restoration in Winter Haven, FL. IICRC-certified, insurance billing accepted. Call (813) 829-1091.",fire damage restoration winter haven,fire cleanup|fire and smoke restoration|structural fire damage|post-fire restoration|fire damage repair,local_emergency,,,900,hero|og|inline-1|inline-2,service|local-business|faq|breadcrumb-list,/services/fire-damage-restoration/|/service-areas/winter-haven-fl/|/service-areas/winter-haven-fl/mold-remediation/|/service-areas/winter-haven-fl/water-damage-restoration/|/service-areas/apollo-beach-fl/fire-damage-restoration/|/service-areas/auburndale-fl/fire-damage-restoration/|/contact/,7.00,planned
/service-areas/winter-haven-fl/mold-remediation/,service-area-service,"Mold Remediation in Winter Haven, FL | DRYCOR RESTORE",Mold Remediation in Winter Haven,"24/7 mold remediation in Winter Haven, FL. IICRC-certified, insurance billing accepted. Call (813) 829-1091.",mold remediation winter haven,mold removal|black mold remediation|mold abatement|mold containment|mold cleanup,local_health,,,900,hero|og|inline-1|inline-2,service|local-business|faq|breadcrumb-list,/services/mold-remediation/|/service-areas/winter-haven-fl/|/service-areas/winter-haven-fl/fire-damage-restoration/|/service-areas/winter-haven-fl/water-damage-restoration/|/service-areas/apollo-beach-fl/mold-remediation/|/service-areas/auburndale-fl/mold-remediation/|/contact/,7.00,planned
/service-areas/winter-haven-fl/water-damage-restoration/,service-area-service,"Water Damage Restoration in Winter Haven, FL | DRYCOR RESTORE",Water Damage Restoration in Winter Haven,"24/7 water damage restoration in Winter Haven, FL. IICRC-certified, insurance billing accepted. Call (813) 829-1091.",water damage restoration winter haven,water removal|water extraction|water cleanup|structural drying|water mitigation,local_emergency,,,900,hero|og|inline-1|inline-2,service|local-business|faq|breadcrumb-list,/services/water-damage-restoration/|/service-areas/winter-haven-fl/|/service-areas/winter-haven-fl/fire-damage-restoration/|/service-areas/winter-haven-fl/mold-remediation/|/service-areas/apollo-beach-fl/water-damage-restoration/|/service-areas/auburndale-fl/water-damage-restoration/|/contact/,7.00,planned
/service-areas/zephyrhills-fl/fire-damage-restoration/,service-area-service,"Fire Damage Restoration in Zephyrhills, FL | DRYCOR RESTORE",Fire Damage Restoration in Zephyrhills,"24/7 fire damage restoration in Zephyrhills, FL. IICRC-certified, insurance billing accepted. Call (813) 829-1091.",fire damage restoration zephyrhills,fire cleanup|fire and smoke restoration|structural fire damage|post-fire restoration|fire damage repair,local_emergency,,,900,hero|og|inline-1|inline-2,service|local-business|faq|breadcrumb-list,/services/fire-damage-restoration/|/service-areas/zephyrhills-fl/|/service-areas/zephyrhills-fl/mold-remediation/|/service-areas/zephyrhills-fl/water-damage-restoration/|/service-areas/apollo-beach-fl/fire-damage-restoration/|/service-areas/auburndale-fl/fire-damage-restoration/|/contact/,7.00,planned
/service-areas/zephyrhills-fl/mold-remediation/,service-area-service,"Mold Remediation in Zephyrhills, FL | DRYCOR RESTORE",Mold Remediation in Zephyrhills,"24/7 mold remediation in Zephyrhills, FL. IICRC-certified, insurance billing accepted. Call (813) 829-1091.",mold remediation zephyrhills,mold removal|black mold remediation|mold abatement|mold containment|mold cleanup,local_health,,,900,hero|og|inline-1|inline-2,service|local-business|faq|breadcrumb-list,/services/mold-remediation/|/service-areas/zephyrhills-fl/|/service-areas/zephyrhills-fl/fire-damage-restoration/|/service-areas/zephyrhills-fl/water-damage-restoration/|/service-areas/apollo-beach-fl/mold-remediation/|/service-areas/auburndale-fl/mold-remediation/|/contact/,7.00,planned
/service-areas/zephyrhills-fl/water-damage-restoration/,service-area-service,"Water Damage Restoration in Zephyrhills, FL | DRYCOR RESTORE",Water Damage Restoration in Zephyrhills,"24/7 water damage restoration in Zephyrhills, FL. IICRC-certified, insurance billing accepted. Call (813) 829-1091.",water damage restoration zephyrhills,water removal|water extraction|water cleanup|structural drying|water mitigation,local_emergency,,,900,hero|og|inline-1|inline-2,service|local-business|faq|breadcrumb-list,/services/water-damage-restoration/|/service-areas/zephyrhills-fl/|/service-areas/zephyrhills-fl/fire-damage-restoration/|/service-areas/zephyrhills-fl/mold-remediation/|/service-areas/apollo-beach-fl/water-damage-restoration/|/service-areas/auburndale-fl/water-damage-restoration/|/contact/,7.00,planned
/service-areas/apollo-beach-fl/sewage-cleanup/,service-area-service,"Sewage Cleanup and Sanitization in Apollo Beach, FL | DRYCOR RESTORE",Sewage Cleanup and Sanitization in Apollo Beach,"24/7 sewage cleanup and sanitization in Apollo Beach, FL. IICRC-certified, insurance billing accepted. Call (813) 829-1091.",sewage cleanup and sanitization apollo beach,sewage backup cleanup|raw sewage removal|septic overflow cleanup|sewer line backup|sanitization services,local_emergency,,,900,hero|og|inline-1|inline-2,service|local-business|faq|breadcrumb-list,/services/sewage-cleanup/|/service-areas/apollo-beach-fl/|/service-areas/apollo-beach-fl/fire-damage-restoration/|/service-areas/apollo-beach-fl/mold-remediation/|/service-areas/auburndale-fl/sewage-cleanup/|/service-areas/bradenton-fl/sewage-cleanup/|/contact/,6.30,planned
/service-areas/apollo-beach-fl/storm-damage-restoration/,service-area-service,"Storm Damage Restoration in Apollo Beach, FL | DRYCOR RESTORE",Storm Damage Restoration in Apollo Beach,"24/7 storm damage restoration in Apollo Beach, FL. IICRC-certified, insurance billing accepted. Call (813) 829-1091.",storm damage restoration apollo beach,hurricane damage cleanup|tornado damage cleanup|tree damage cleanup|storm cleanup services|severe weather damage repair,local_emergency,,,900,hero|og|inline-1|inline-2,service|local-business|faq|breadcrumb-list,/services/storm-damage-restoration/|/service-areas/apollo-beach-fl/|/service-areas/apollo-beach-fl/fire-damage-restoration/|/service-areas/apollo-beach-fl/mold-remediation/|/service-areas/auburndale-fl/storm-damage-restoration/|/service-areas/bradenton-fl/storm-damage-restoration/|/contact/,6.30,planned
/service-areas/apollo-beach-fl/water-cleanup/,service-area-service,"Water Cleanup in Apollo Beach, FL | DRYCOR RESTORE",Water Cleanup in Apollo Beach,"24/7 water cleanup in Apollo Beach, FL. IICRC-certified, insurance billing accepted. Call (813) 829-1091.",water cleanup apollo beach,water damage cleanup|water clean up|emergency water cleanup|flood water cleanup|standing water removal,local_emergency,,,900,hero|og|inline-1|inline-2,service|local-business|faq|breadcrumb-list,/services/water-cleanup/|/service-areas/apollo-beach-fl/|/service-areas/apollo-beach-fl/fire-damage-restoration/|/service-areas/apollo-beach-fl/mold-remediation/|/service-areas/auburndale-fl/water-cleanup/|/service-areas/bradenton-fl/water-cleanup/|/contact/,6.30,planned
/service-areas/auburndale-fl/sewage-cleanup/,service-area-service,"Sewage Cleanup and Sanitization in Auburndale, FL | DRYCOR RESTORE",Sewage Cleanup and Sanitization in Auburndale,"24/7 sewage cleanup and sanitization in Auburndale, FL. IICRC-certified, insurance billing accepted. Call (813) 829-1091.",sewage cleanup and sanitization auburndale,sewage backup cleanup|raw sewage removal|septic overflow cleanup|sewer line backup|sanitization services,local_emergency,,,900,hero|og|inline-1|inline-2,service|local-business|faq|breadcrumb-list,/services/sewage-cleanup/|/service-areas/auburndale-fl/|/service-areas/auburndale-fl/fire-damage-restoration/|/service-areas/auburndale-fl/mold-remediation/|/service-areas/apollo-beach-fl/sewage-cleanup/|/service-areas/bradenton-fl/sewage-cleanup/|/contact/,6.30,planned
/service-areas/auburndale-fl/storm-damage-restoration/,service-area-service,"Storm Damage Restoration in Auburndale, FL | DRYCOR RESTORE",Storm Damage Restoration in Auburndale,"24/7 storm damage restoration in Auburndale, FL. IICRC-certified, insurance billing accepted. Call (813) 829-1091.",storm damage restoration auburndale,hurricane damage cleanup|tornado damage cleanup|tree damage cleanup|storm cleanup services|severe weather damage repair,local_emergency,,,900,hero|og|inline-1|inline-2,service|local-business|faq|breadcrumb-list,/services/storm-damage-restoration/|/service-areas/auburndale-fl/|/service-areas/auburndale-fl/fire-damage-restoration/|/service-areas/auburndale-fl/mold-remediation/|/service-areas/apollo-beach-fl/storm-damage-restoration/|/service-areas/bradenton-fl/storm-damage-restoration/|/contact/,6.30,planned
/service-areas/auburndale-fl/water-cleanup/,service-area-service,"Water Cleanup in Auburndale, FL | DRYCOR RESTORE",Water Cleanup in Auburndale,"24/7 water cleanup in Auburndale, FL. IICRC-certified, insurance billing accepted. Call (813) 829-1091.",water cleanup auburndale,water damage cleanup|water clean up|emergency water cleanup|flood water cleanup|standing water removal,local_emergency,,,900,hero|og|inline-1|inline-2,service|local-business|faq|breadcrumb-list,/services/water-cleanup/|/service-areas/auburndale-fl/|/service-areas/auburndale-fl/fire-damage-restoration/|/service-areas/auburndale-fl/mold-remediation/|/service-areas/apollo-beach-fl/water-cleanup/|/service-areas/bradenton-fl/water-cleanup/|/contact/,6.30,planned
/service-areas/bradenton-fl/sewage-cleanup/,service-area-service,"Sewage Cleanup and Sanitization in Bradenton, FL | DRYCOR RESTORE",Sewage Cleanup and Sanitization in Bradenton,"24/7 sewage cleanup and sanitization in Bradenton, FL. IICRC-certified, insurance billing accepted. Call (813) 829-1091.",sewage cleanup and sanitization bradenton,sewage backup cleanup|raw sewage removal|septic overflow cleanup|sewer line backup|sanitization services,local_emergency,,,900,hero|og|inline-1|inline-2,service|local-business|faq|breadcrumb-list,/services/sewage-cleanup/|/service-areas/bradenton-fl/|/service-areas/bradenton-fl/fire-damage-restoration/|/service-areas/bradenton-fl/mold-remediation/|/service-areas/apollo-beach-fl/sewage-cleanup/|/service-areas/auburndale-fl/sewage-cleanup/|/contact/,6.30,planned
/service-areas/bradenton-fl/storm-damage-restoration/,service-area-service,"Storm Damage Restoration in Bradenton, FL | DRYCOR RESTORE",Storm Damage Restoration in Bradenton,"24/7 storm damage restoration in Bradenton, FL. IICRC-certified, insurance billing accepted. Call (813) 829-1091.",storm damage restoration bradenton,hurricane damage cleanup|tornado damage cleanup|tree damage cleanup|storm cleanup services|severe weather damage repair,local_emergency,,,900,hero|og|inline-1|inline-2,service|local-business|faq|breadcrumb-list,/services/storm-damage-restoration/|/service-areas/bradenton-fl/|/service-areas/bradenton-fl/fire-damage-restoration/|/service-areas/bradenton-fl/mold-remediation/|/service-areas/apollo-beach-fl/storm-damage-restoration/|/service-areas/auburndale-fl/storm-damage-restoration/|/contact/,6.30,planned
/service-areas/bradenton-fl/water-cleanup/,service-area-service,"Water Cleanup in Bradenton, FL | DRYCOR RESTORE",Water Cleanup in Bradenton,"24/7 water cleanup in Bradenton, FL. IICRC-certified, insurance billing accepted. Call (813) 829-1091.",water cleanup bradenton,water damage cleanup|water clean up|emergency water cleanup|flood water cleanup|standing water removal,local_emergency,,,900,hero|og|inline-1|inline-2,service|local-business|faq|breadcrumb-list,/services/water-cleanup/|/service-areas/bradenton-fl/|/service-areas/bradenton-fl/fire-damage-restoration/|/service-areas/bradenton-fl/mold-remediation/|/service-areas/apollo-beach-fl/water-cleanup/|/service-areas/auburndale-fl/water-cleanup/|/contact/,6.30,planned
/service-areas/brandon-fl/sewage-cleanup/,service-area-service,"Sewage Cleanup and Sanitization in Brandon, FL | DRYCOR RESTORE",Sewage Cleanup and Sanitization in Brandon,"24/7 sewage cleanup and sanitization in Brandon, FL. IICRC-certified, insurance billing accepted. Call (813) 829-1091.",sewage cleanup and sanitization brandon,sewage backup cleanup|raw sewage removal|septic overflow cleanup|sewer line backup|sanitization services,local_emergency,,,900,hero|og|inline-1|inline-2,service|local-business|faq|breadcrumb-list,/services/sewage-cleanup/|/service-areas/brandon-fl/|/service-areas/brandon-fl/fire-damage-restoration/|/service-areas/brandon-fl/mold-remediation/|/service-areas/apollo-beach-fl/sewage-cleanup/|/service-areas/auburndale-fl/sewage-cleanup/|/contact/,6.30,planned
/service-areas/brandon-fl/storm-damage-restoration/,service-area-service,"Storm Damage Restoration in Brandon, FL | DRYCOR RESTORE",Storm Damage Restoration in Brandon,"24/7 storm damage restoration in Brandon, FL. IICRC-certified, insurance billing accepted. Call (813) 829-1091.",storm damage restoration brandon,hurricane damage cleanup|tornado damage cleanup|tree damage cleanup|storm cleanup services|severe weather damage repair,local_emergency,,,900,hero|og|inline-1|inline-2,service|local-business|faq|breadcrumb-list,/services/storm-damage-restoration/|/service-areas/brandon-fl/|/service-areas/brandon-fl/fire-damage-restoration/|/service-areas/brandon-fl/mold-remediation/|/service-areas/apollo-beach-fl/storm-damage-restoration/|/service-areas/auburndale-fl/storm-damage-restoration/|/contact/,6.30,planned
/service-areas/brandon-fl/water-cleanup/,service-area-service,"Water Cleanup in Brandon, FL | DRYCOR RESTORE",Water Cleanup in Brandon,"24/7 water cleanup in Brandon, FL. IICRC-certified, insurance billing accepted. Call (813) 829-1091.",water cleanup brandon,water damage cleanup|water clean up|emergency water cleanup|flood water cleanup|standing water removal,local_emergency,,,900,hero|og|inline-1|inline-2,service|local-business|faq|breadcrumb-list,/services/water-cleanup/|/service-areas/brandon-fl/|/service-areas/brandon-fl/fire-damage-restoration/|/service-areas/brandon-fl/mold-remediation/|/service-areas/apollo-beach-fl/water-cleanup/|/service-areas/auburndale-fl/water-cleanup/|/contact/,6.30,planned
/service-areas/clearwater-fl/sewage-cleanup/,service-area-service,"Sewage Cleanup and Sanitization in Clearwater, FL | DRYCOR RESTORE",Sewage Cleanup and Sanitization in Clearwater,"24/7 sewage cleanup and sanitization in Clearwater, FL. IICRC-certified, insurance billing accepted. Call (813) 829-1091.",sewage cleanup and sanitization clearwater,sewage backup cleanup|raw sewage removal|septic overflow cleanup|sewer line backup|sanitization services,local_emergency,,,900,hero|og|inline-1|inline-2,service|local-business|faq|breadcrumb-list,/services/sewage-cleanup/|/service-areas/clearwater-fl/|/service-areas/clearwater-fl/fire-damage-restoration/|/service-areas/clearwater-fl/mold-remediation/|/service-areas/apollo-beach-fl/sewage-cleanup/|/service-areas/auburndale-fl/sewage-cleanup/|/contact/,6.30,planned
/service-areas/clearwater-fl/storm-damage-restoration/,service-area-service,"Storm Damage Restoration in Clearwater, FL | DRYCOR RESTORE",Storm Damage Restoration in Clearwater,"24/7 storm damage restoration in Clearwater, FL. IICRC-certified, insurance billing accepted. Call (813) 829-1091.",storm damage restoration clearwater,hurricane damage cleanup|tornado damage cleanup|tree damage cleanup|storm cleanup services|severe weather damage repair,local_emergency,,,900,hero|og|inline-1|inline-2,service|local-business|faq|breadcrumb-list,/services/storm-damage-restoration/|/service-areas/clearwater-fl/|/service-areas/clearwater-fl/fire-damage-restoration/|/service-areas/clearwater-fl/mold-remediation/|/service-areas/apollo-beach-fl/storm-damage-restoration/|/service-areas/auburndale-fl/storm-damage-restoration/|/contact/,6.30,planned
/service-areas/clearwater-fl/water-cleanup/,service-area-service,"Water Cleanup in Clearwater, FL | DRYCOR RESTORE",Water Cleanup in Clearwater,"24/7 water cleanup in Clearwater, FL. IICRC-certified, insurance billing accepted. Call (813) 829-1091.",water cleanup clearwater,water damage cleanup|water clean up|emergency water cleanup|flood water cleanup|standing water removal,local_emergency,,,900,hero|og|inline-1|inline-2,service|local-business|faq|breadcrumb-list,/services/water-cleanup/|/service-areas/clearwater-fl/|/service-areas/clearwater-fl/fire-damage-restoration/|/service-areas/clearwater-fl/mold-remediation/|/service-areas/apollo-beach-fl/water-cleanup/|/service-areas/auburndale-fl/water-cleanup/|/contact/,6.30,planned
/service-areas/dover-fl/sewage-cleanup/,service-area-service,"Sewage Cleanup and Sanitization in Dover, FL | DRYCOR RESTORE",Sewage Cleanup and Sanitization in Dover,"24/7 sewage cleanup and sanitization in Dover, FL. IICRC-certified, insurance billing accepted. Call (813) 829-1091.",sewage cleanup and sanitization dover,sewage backup cleanup|raw sewage removal|septic overflow cleanup|sewer line backup|sanitization services,local_emergency,,,900,hero|og|inline-1|inline-2,service|local-business|faq|breadcrumb-list,/services/sewage-cleanup/|/service-areas/dover-fl/|/service-areas/dover-fl/fire-damage-restoration/|/service-areas/dover-fl/mold-remediation/|/service-areas/apollo-beach-fl/sewage-cleanup/|/service-areas/auburndale-fl/sewage-cleanup/|/contact/,6.30,planned
/service-areas/dover-fl/storm-damage-restoration/,service-area-service,"Storm Damage Restoration in Dover, FL | DRYCOR RESTORE",Storm Damage Restoration in Dover,"24/7 storm damage restoration in Dover, FL. IICRC-certified, insurance billing accepted. Call (813) 829-1091.",storm damage restoration dover,hurricane damage cleanup|tornado damage cleanup|tree damage cleanup|storm cleanup services|severe weather damage repair,local_emergency,,,900,hero|og|inline-1|inline-2,service|local-business|faq|breadcrumb-list,/services/storm-damage-restoration/|/service-areas/dover-fl/|/service-areas/dover-fl/fire-damage-restoration/|/service-areas/dover-fl/mold-remediation/|/service-areas/apollo-beach-fl/storm-damage-restoration/|/service-areas/auburndale-fl/storm-damage-restoration/|/contact/,6.30,planned
/service-areas/dover-fl/water-cleanup/,service-area-service,"Water Cleanup in Dover, FL | DRYCOR RESTORE",Water Cleanup in Dover,"24/7 water cleanup in Dover, FL. IICRC-certified, insurance billing accepted. Call (813) 829-1091.",water cleanup dover,water damage cleanup|water clean up|emergency water cleanup|flood water cleanup|standing water removal,local_emergency,,,900,hero|og|inline-1|inline-2,service|local-business|faq|breadcrumb-list,/services/water-cleanup/|/service-areas/dover-fl/|/service-areas/dover-fl/fire-damage-restoration/|/service-areas/dover-fl/mold-remediation/|/service-areas/apollo-beach-fl/water-cleanup/|/service-areas/auburndale-fl/water-cleanup/|/contact/,6.30,planned
/service-areas/dunedin-fl/sewage-cleanup/,service-area-service,"Sewage Cleanup and Sanitization in Dunedin, FL | DRYCOR RESTORE",Sewage Cleanup and Sanitization in Dunedin,"24/7 sewage cleanup and sanitization in Dunedin, FL. IICRC-certified, insurance billing accepted. Call (813) 829-1091.",sewage cleanup and sanitization dunedin,sewage backup cleanup|raw sewage removal|septic overflow cleanup|sewer line backup|sanitization services,local_emergency,,,900,hero|og|inline-1|inline-2,service|local-business|faq|breadcrumb-list,/services/sewage-cleanup/|/service-areas/dunedin-fl/|/service-areas/dunedin-fl/fire-damage-restoration/|/service-areas/dunedin-fl/mold-remediation/|/service-areas/apollo-beach-fl/sewage-cleanup/|/service-areas/auburndale-fl/sewage-cleanup/|/contact/,6.30,planned
/service-areas/dunedin-fl/storm-damage-restoration/,service-area-service,"Storm Damage Restoration in Dunedin, FL | DRYCOR RESTORE",Storm Damage Restoration in Dunedin,"24/7 storm damage restoration in Dunedin, FL. IICRC-certified, insurance billing accepted. Call (813) 829-1091.",storm damage restoration dunedin,hurricane damage cleanup|tornado damage cleanup|tree damage cleanup|storm cleanup services|severe weather damage repair,local_emergency,,,900,hero|og|inline-1|inline-2,service|local-business|faq|breadcrumb-list,/services/storm-damage-restoration/|/service-areas/dunedin-fl/|/service-areas/dunedin-fl/fire-damage-restoration/|/service-areas/dunedin-fl/mold-remediation/|/service-areas/apollo-beach-fl/storm-damage-restoration/|/service-areas/auburndale-fl/storm-damage-restoration/|/contact/,6.30,planned
/service-areas/dunedin-fl/water-cleanup/,service-area-service,"Water Cleanup in Dunedin, FL | DRYCOR RESTORE",Water Cleanup in Dunedin,"24/7 water cleanup in Dunedin, FL. IICRC-certified, insurance billing accepted. Call (813) 829-1091.",water cleanup dunedin,water damage cleanup|water clean up|emergency water cleanup|flood water cleanup|standing water removal,local_emergency,,,900,hero|og|inline-1|inline-2,service|local-business|faq|breadcrumb-list,/services/water-cleanup/|/service-areas/dunedin-fl/|/service-areas/dunedin-fl/fire-damage-restoration/|/service-areas/dunedin-fl/mold-remediation/|/service-areas/apollo-beach-fl/water-cleanup/|/service-areas/auburndale-fl/water-cleanup/|/contact/,6.30,planned
/service-areas/lakeland-fl/sewage-cleanup/,service-area-service,"Sewage Cleanup and Sanitization in Lakeland, FL | DRYCOR RESTORE",Sewage Cleanup and Sanitization in Lakeland,"24/7 sewage cleanup and sanitization in Lakeland, FL. IICRC-certified, insurance billing accepted. Call (813) 829-1091.",sewage cleanup and sanitization lakeland,sewage backup cleanup|raw sewage removal|septic overflow cleanup|sewer line backup|sanitization services,local_emergency,,,900,hero|og|inline-1|inline-2,service|local-business|faq|breadcrumb-list,/services/sewage-cleanup/|/service-areas/lakeland-fl/|/service-areas/lakeland-fl/fire-damage-restoration/|/service-areas/lakeland-fl/mold-remediation/|/service-areas/apollo-beach-fl/sewage-cleanup/|/service-areas/auburndale-fl/sewage-cleanup/|/contact/,6.30,planned
/service-areas/lakeland-fl/storm-damage-restoration/,service-area-service,"Storm Damage Restoration in Lakeland, FL | DRYCOR RESTORE",Storm Damage Restoration in Lakeland,"24/7 storm damage restoration in Lakeland, FL. IICRC-certified, insurance billing accepted. Call (813) 829-1091.",storm damage restoration lakeland,hurricane damage cleanup|tornado damage cleanup|tree damage cleanup|storm cleanup services|severe weather damage repair,local_emergency,,,900,hero|og|inline-1|inline-2,service|local-business|faq|breadcrumb-list,/services/storm-damage-restoration/|/service-areas/lakeland-fl/|/service-areas/lakeland-fl/fire-damage-restoration/|/service-areas/lakeland-fl/mold-remediation/|/service-areas/apollo-beach-fl/storm-damage-restoration/|/service-areas/auburndale-fl/storm-damage-restoration/|/contact/,6.30,planned
/service-areas/lakeland-fl/water-cleanup/,service-area-service,"Water Cleanup in Lakeland, FL | DRYCOR RESTORE",Water Cleanup in Lakeland,"24/7 water cleanup in Lakeland, FL. IICRC-certified, insurance billing accepted. Call (813) 829-1091.",water cleanup lakeland,water damage cleanup|water clean up|emergency water cleanup|flood water cleanup|standing water removal,local_emergency,,,900,hero|og|inline-1|inline-2,service|local-business|faq|breadcrumb-list,/services/water-cleanup/|/service-areas/lakeland-fl/|/service-areas/lakeland-fl/fire-damage-restoration/|/service-areas/lakeland-fl/mold-remediation/|/service-areas/apollo-beach-fl/water-cleanup/|/service-areas/auburndale-fl/water-cleanup/|/contact/,6.30,planned
/service-areas/land-o-lakes-fl/sewage-cleanup/,service-area-service,"Sewage Cleanup and Sanitization in Land O' Lakes, FL | DRYCOR RESTORE",Sewage Cleanup and Sanitization in Land O' Lakes,"24/7 sewage cleanup and sanitization in Land O' Lakes, FL. IICRC-certified, insurance billing accepted. Call (813) 829-1091.",sewage cleanup and sanitization land o' lakes,sewage backup cleanup|raw sewage removal|septic overflow cleanup|sewer line backup|sanitization services,local_emergency,,,900,hero|og|inline-1|inline-2,service|local-business|faq|breadcrumb-list,/services/sewage-cleanup/|/service-areas/land-o-lakes-fl/|/service-areas/land-o-lakes-fl/fire-damage-restoration/|/service-areas/land-o-lakes-fl/mold-remediation/|/service-areas/apollo-beach-fl/sewage-cleanup/|/service-areas/auburndale-fl/sewage-cleanup/|/contact/,6.30,planned
/service-areas/land-o-lakes-fl/storm-damage-restoration/,service-area-service,"Storm Damage Restoration in Land O' Lakes, FL | DRYCOR RESTORE",Storm Damage Restoration in Land O' Lakes,"24/7 storm damage restoration in Land O' Lakes, FL. IICRC-certified, insurance billing accepted. Call (813) 829-1091.",storm damage restoration land o' lakes,hurricane damage cleanup|tornado damage cleanup|tree damage cleanup|storm cleanup services|severe weather damage repair,local_emergency,,,900,hero|og|inline-1|inline-2,service|local-business|faq|breadcrumb-list,/services/storm-damage-restoration/|/service-areas/land-o-lakes-fl/|/service-areas/land-o-lakes-fl/fire-damage-restoration/|/service-areas/land-o-lakes-fl/mold-remediation/|/service-areas/apollo-beach-fl/storm-damage-restoration/|/service-areas/auburndale-fl/storm-damage-restoration/|/contact/,6.30,planned
/service-areas/land-o-lakes-fl/water-cleanup/,service-area-service,"Water Cleanup in Land O' Lakes, FL | DRYCOR RESTORE",Water Cleanup in Land O' Lakes,"24/7 water cleanup in Land O' Lakes, FL. IICRC-certified, insurance billing accepted. Call (813) 829-1091.",water cleanup land o' lakes,water damage cleanup|water clean up|emergency water cleanup|flood water cleanup|standing water removal,local_emergency,,,900,hero|og|inline-1|inline-2,service|local-business|faq|breadcrumb-list,/services/water-cleanup/|/service-areas/land-o-lakes-fl/|/service-areas/land-o-lakes-fl/fire-damage-restoration/|/service-areas/land-o-lakes-fl/mold-remediation/|/service-areas/apollo-beach-fl/water-cleanup/|/service-areas/auburndale-fl/water-cleanup/|/contact/,6.30,planned
/service-areas/largo-fl/sewage-cleanup/,service-area-service,"Sewage Cleanup and Sanitization in Largo, FL | DRYCOR RESTORE",Sewage Cleanup and Sanitization in Largo,"24/7 sewage cleanup and sanitization in Largo, FL. IICRC-certified, insurance billing accepted. Call (813) 829-1091.",sewage cleanup and sanitization largo,sewage backup cleanup|raw sewage removal|septic overflow cleanup|sewer line backup|sanitization services,local_emergency,,,900,hero|og|inline-1|inline-2,service|local-business|faq|breadcrumb-list,/services/sewage-cleanup/|/service-areas/largo-fl/|/service-areas/largo-fl/fire-damage-restoration/|/service-areas/largo-fl/mold-remediation/|/service-areas/apollo-beach-fl/sewage-cleanup/|/service-areas/auburndale-fl/sewage-cleanup/|/contact/,6.30,planned
/service-areas/largo-fl/storm-damage-restoration/,service-area-service,"Storm Damage Restoration in Largo, FL | DRYCOR RESTORE",Storm Damage Restoration in Largo,"24/7 storm damage restoration in Largo, FL. IICRC-certified, insurance billing accepted. Call (813) 829-1091.",storm damage restoration largo,hurricane damage cleanup|tornado damage cleanup|tree damage cleanup|storm cleanup services|severe weather damage repair,local_emergency,,,900,hero|og|inline-1|inline-2,service|local-business|faq|breadcrumb-list,/services/storm-damage-restoration/|/service-areas/largo-fl/|/service-areas/largo-fl/fire-damage-restoration/|/service-areas/largo-fl/mold-remediation/|/service-areas/apollo-beach-fl/storm-damage-restoration/|/service-areas/auburndale-fl/storm-damage-restoration/|/contact/,6.30,planned
/service-areas/largo-fl/water-cleanup/,service-area-service,"Water Cleanup in Largo, FL | DRYCOR RESTORE",Water Cleanup in Largo,"24/7 water cleanup in Largo, FL. IICRC-certified, insurance billing accepted. Call (813) 829-1091.",water cleanup largo,water damage cleanup|water clean up|emergency water cleanup|flood water cleanup|standing water removal,local_emergency,,,900,hero|og|inline-1|inline-2,service|local-business|faq|breadcrumb-list,/services/water-cleanup/|/service-areas/largo-fl/|/service-areas/largo-fl/fire-damage-restoration/|/service-areas/largo-fl/mold-remediation/|/service-areas/apollo-beach-fl/water-cleanup/|/service-areas/auburndale-fl/water-cleanup/|/contact/,6.30,planned
/service-areas/lutz-fl/sewage-cleanup/,service-area-service,"Sewage Cleanup and Sanitization in Lutz, FL | DRYCOR RESTORE",Sewage Cleanup and Sanitization in Lutz,"24/7 sewage cleanup and sanitization in Lutz, FL. IICRC-certified, insurance billing accepted. Call (813) 829-1091.",sewage cleanup and sanitization lutz,sewage backup cleanup|raw sewage removal|septic overflow cleanup|sewer line backup|sanitization services,local_emergency,,,900,hero|og|inline-1|inline-2,service|local-business|faq|breadcrumb-list,/services/sewage-cleanup/|/service-areas/lutz-fl/|/service-areas/lutz-fl/fire-damage-restoration/|/service-areas/lutz-fl/mold-remediation/|/service-areas/apollo-beach-fl/sewage-cleanup/|/service-areas/auburndale-fl/sewage-cleanup/|/contact/,6.30,planned
/service-areas/lutz-fl/storm-damage-restoration/,service-area-service,"Storm Damage Restoration in Lutz, FL | DRYCOR RESTORE",Storm Damage Restoration in Lutz,"24/7 storm damage restoration in Lutz, FL. IICRC-certified, insurance billing accepted. Call (813) 829-1091.",storm damage restoration lutz,hurricane damage cleanup|tornado damage cleanup|tree damage cleanup|storm cleanup services|severe weather damage repair,local_emergency,,,900,hero|og|inline-1|inline-2,service|local-business|faq|breadcrumb-list,/services/storm-damage-restoration/|/service-areas/lutz-fl/|/service-areas/lutz-fl/fire-damage-restoration/|/service-areas/lutz-fl/mold-remediation/|/service-areas/apollo-beach-fl/storm-damage-restoration/|/service-areas/auburndale-fl/storm-damage-restoration/|/contact/,6.30,planned
/service-areas/lutz-fl/water-cleanup/,service-area-service,"Water Cleanup in Lutz, FL | DRYCOR RESTORE",Water Cleanup in Lutz,"24/7 water cleanup in Lutz, FL. IICRC-certified, insurance billing accepted. Call (813) 829-1091.",water cleanup lutz,water damage cleanup|water clean up|emergency water cleanup|flood water cleanup|standing water removal,local_emergency,,,900,hero|og|inline-1|inline-2,service|local-business|faq|breadcrumb-list,/services/water-cleanup/|/service-areas/lutz-fl/|/service-areas/lutz-fl/fire-damage-restoration/|/service-areas/lutz-fl/mold-remediation/|/service-areas/apollo-beach-fl/water-cleanup/|/service-areas/auburndale-fl/water-cleanup/|/contact/,6.30,planned
/service-areas/new-port-richey-fl/sewage-cleanup/,service-area-service,"Sewage Cleanup and Sanitization in New Port Richey, FL | DRYCOR RESTORE",Sewage Cleanup and Sanitization in New Port Richey,"24/7 sewage cleanup and sanitization in New Port Richey, FL. IICRC-certified, insurance billing accepted. Call (813) 829-1091.",sewage cleanup and sanitization new port richey,sewage backup cleanup|raw sewage removal|septic overflow cleanup|sewer line backup|sanitization services,local_emergency,,,900,hero|og|inline-1|inline-2,service|local-business|faq|breadcrumb-list,/services/sewage-cleanup/|/service-areas/new-port-richey-fl/|/service-areas/new-port-richey-fl/fire-damage-restoration/|/service-areas/new-port-richey-fl/mold-remediation/|/service-areas/apollo-beach-fl/sewage-cleanup/|/service-areas/auburndale-fl/sewage-cleanup/|/contact/,6.30,planned
/service-areas/new-port-richey-fl/storm-damage-restoration/,service-area-service,"Storm Damage Restoration in New Port Richey, FL | DRYCOR RESTORE",Storm Damage Restoration in New Port Richey,"24/7 storm damage restoration in New Port Richey, FL. IICRC-certified, insurance billing accepted. Call (813) 829-1091.",storm damage restoration new port richey,hurricane damage cleanup|tornado damage cleanup|tree damage cleanup|storm cleanup services|severe weather damage repair,local_emergency,,,900,hero|og|inline-1|inline-2,service|local-business|faq|breadcrumb-list,/services/storm-damage-restoration/|/service-areas/new-port-richey-fl/|/service-areas/new-port-richey-fl/fire-damage-restoration/|/service-areas/new-port-richey-fl/mold-remediation/|/service-areas/apollo-beach-fl/storm-damage-restoration/|/service-areas/auburndale-fl/storm-damage-restoration/|/contact/,6.30,planned
/service-areas/new-port-richey-fl/water-cleanup/,service-area-service,"Water Cleanup in New Port Richey, FL | DRYCOR RESTORE",Water Cleanup in New Port Richey,"24/7 water cleanup in New Port Richey, FL. IICRC-certified, insurance billing accepted. Call (813) 829-1091.",water cleanup new port richey,water damage cleanup|water clean up|emergency water cleanup|flood water cleanup|standing water removal,local_emergency,,,900,hero|og|inline-1|inline-2,service|local-business|faq|breadcrumb-list,/services/water-cleanup/|/service-areas/new-port-richey-fl/|/service-areas/new-port-richey-fl/fire-damage-restoration/|/service-areas/new-port-richey-fl/mold-remediation/|/service-areas/apollo-beach-fl/water-cleanup/|/service-areas/auburndale-fl/water-cleanup/|/contact/,6.30,planned
/service-areas/palm-harbor-fl/sewage-cleanup/,service-area-service,"Sewage Cleanup and Sanitization in Palm Harbor, FL | DRYCOR RESTORE",Sewage Cleanup and Sanitization in Palm Harbor,"24/7 sewage cleanup and sanitization in Palm Harbor, FL. IICRC-certified, insurance billing accepted. Call (813) 829-1091.",sewage cleanup and sanitization palm harbor,sewage backup cleanup|raw sewage removal|septic overflow cleanup|sewer line backup|sanitization services,local_emergency,,,900,hero|og|inline-1|inline-2,service|local-business|faq|breadcrumb-list,/services/sewage-cleanup/|/service-areas/palm-harbor-fl/|/service-areas/palm-harbor-fl/fire-damage-restoration/|/service-areas/palm-harbor-fl/mold-remediation/|/service-areas/apollo-beach-fl/sewage-cleanup/|/service-areas/auburndale-fl/sewage-cleanup/|/contact/,6.30,planned
/service-areas/palm-harbor-fl/storm-damage-restoration/,service-area-service,"Storm Damage Restoration in Palm Harbor, FL | DRYCOR RESTORE",Storm Damage Restoration in Palm Harbor,"24/7 storm damage restoration in Palm Harbor, FL. IICRC-certified, insurance billing accepted. Call (813) 829-1091.",storm damage restoration palm harbor,hurricane damage cleanup|tornado damage cleanup|tree damage cleanup|storm cleanup services|severe weather damage repair,local_emergency,,,900,hero|og|inline-1|inline-2,service|local-business|faq|breadcrumb-list,/services/storm-damage-restoration/|/service-areas/palm-harbor-fl/|/service-areas/palm-harbor-fl/fire-damage-restoration/|/service-areas/palm-harbor-fl/mold-remediation/|/service-areas/apollo-beach-fl/storm-damage-restoration/|/service-areas/auburndale-fl/storm-damage-restoration/|/contact/,6.30,planned
/service-areas/palm-harbor-fl/water-cleanup/,service-area-service,"Water Cleanup in Palm Harbor, FL | DRYCOR RESTORE",Water Cleanup in Palm Harbor,"24/7 water cleanup in Palm Harbor, FL. IICRC-certified, insurance billing accepted. Call (813) 829-1091.",water cleanup palm harbor,water damage cleanup|water clean up|emergency water cleanup|flood water cleanup|standing water removal,local_emergency,,,900,hero|og|inline-1|inline-2,service|local-business|faq|breadcrumb-list,/services/water-cleanup/|/service-areas/palm-harbor-fl/|/service-areas/palm-harbor-fl/fire-damage-restoration/|/service-areas/palm-harbor-fl/mold-remediation/|/service-areas/apollo-beach-fl/water-cleanup/|/service-areas/auburndale-fl/water-cleanup/|/contact/,6.30,planned
/service-areas/palmetto-fl/sewage-cleanup/,service-area-service,"Sewage Cleanup and Sanitization in Palmetto, FL | DRYCOR RESTORE",Sewage Cleanup and Sanitization in Palmetto,"24/7 sewage cleanup and sanitization in Palmetto, FL. IICRC-certified, insurance billing accepted. Call (813) 829-1091.",sewage cleanup and sanitization palmetto,sewage backup cleanup|raw sewage removal|septic overflow cleanup|sewer line backup|sanitization services,local_emergency,,,900,hero|og|inline-1|inline-2,service|local-business|faq|breadcrumb-list,/services/sewage-cleanup/|/service-areas/palmetto-fl/|/service-areas/palmetto-fl/fire-damage-restoration/|/service-areas/palmetto-fl/mold-remediation/|/service-areas/apollo-beach-fl/sewage-cleanup/|/service-areas/auburndale-fl/sewage-cleanup/|/contact/,6.30,planned
/service-areas/palmetto-fl/storm-damage-restoration/,service-area-service,"Storm Damage Restoration in Palmetto, FL | DRYCOR RESTORE",Storm Damage Restoration in Palmetto,"24/7 storm damage restoration in Palmetto, FL. IICRC-certified, insurance billing accepted. Call (813) 829-1091.",storm damage restoration palmetto,hurricane damage cleanup|tornado damage cleanup|tree damage cleanup|storm cleanup services|severe weather damage repair,local_emergency,,,900,hero|og|inline-1|inline-2,service|local-business|faq|breadcrumb-list,/services/storm-damage-restoration/|/service-areas/palmetto-fl/|/service-areas/palmetto-fl/fire-damage-restoration/|/service-areas/palmetto-fl/mold-remediation/|/service-areas/apollo-beach-fl/storm-damage-restoration/|/service-areas/auburndale-fl/storm-damage-restoration/|/contact/,6.30,planned
/service-areas/palmetto-fl/water-cleanup/,service-area-service,"Water Cleanup in Palmetto, FL | DRYCOR RESTORE",Water Cleanup in Palmetto,"24/7 water cleanup in Palmetto, FL. IICRC-certified, insurance billing accepted. Call (813) 829-1091.",water cleanup palmetto,water damage cleanup|water clean up|emergency water cleanup|flood water cleanup|standing water removal,local_emergency,,,900,hero|og|inline-1|inline-2,service|local-business|faq|breadcrumb-list,/services/water-cleanup/|/service-areas/palmetto-fl/|/service-areas/palmetto-fl/fire-damage-restoration/|/service-areas/palmetto-fl/mold-remediation/|/service-areas/apollo-beach-fl/water-cleanup/|/service-areas/auburndale-fl/water-cleanup/|/contact/,6.30,planned
/service-areas/pinellas-park-fl/sewage-cleanup/,service-area-service,"Sewage Cleanup and Sanitization in Pinellas Park, FL | DRYCOR RESTORE",Sewage Cleanup and Sanitization in Pinellas Park,"24/7 sewage cleanup and sanitization in Pinellas Park, FL. IICRC-certified, insurance billing accepted. Call (813) 829-1091.",sewage cleanup and sanitization pinellas park,sewage backup cleanup|raw sewage removal|septic overflow cleanup|sewer line backup|sanitization services,local_emergency,,,900,hero|og|inline-1|inline-2,service|local-business|faq|breadcrumb-list,/services/sewage-cleanup/|/service-areas/pinellas-park-fl/|/service-areas/pinellas-park-fl/fire-damage-restoration/|/service-areas/pinellas-park-fl/mold-remediation/|/service-areas/apollo-beach-fl/sewage-cleanup/|/service-areas/auburndale-fl/sewage-cleanup/|/contact/,6.30,planned
/service-areas/pinellas-park-fl/storm-damage-restoration/,service-area-service,"Storm Damage Restoration in Pinellas Park, FL | DRYCOR RESTORE",Storm Damage Restoration in Pinellas Park,"24/7 storm damage restoration in Pinellas Park, FL. IICRC-certified, insurance billing accepted. Call (813) 829-1091.",storm damage restoration pinellas park,hurricane damage cleanup|tornado damage cleanup|tree damage cleanup|storm cleanup services|severe weather damage repair,local_emergency,,,900,hero|og|inline-1|inline-2,service|local-business|faq|breadcrumb-list,/services/storm-damage-restoration/|/service-areas/pinellas-park-fl/|/service-areas/pinellas-park-fl/fire-damage-restoration/|/service-areas/pinellas-park-fl/mold-remediation/|/service-areas/apollo-beach-fl/storm-damage-restoration/|/service-areas/auburndale-fl/storm-damage-restoration/|/contact/,6.30,planned
/service-areas/pinellas-park-fl/water-cleanup/,service-area-service,"Water Cleanup in Pinellas Park, FL | DRYCOR RESTORE",Water Cleanup in Pinellas Park,"24/7 water cleanup in Pinellas Park, FL. IICRC-certified, insurance billing accepted. Call (813) 829-1091.",water cleanup pinellas park,water damage cleanup|water clean up|emergency water cleanup|flood water cleanup|standing water removal,local_emergency,,,900,hero|og|inline-1|inline-2,service|local-business|faq|breadcrumb-list,/services/water-cleanup/|/service-areas/pinellas-park-fl/|/service-areas/pinellas-park-fl/fire-damage-restoration/|/service-areas/pinellas-park-fl/mold-remediation/|/service-areas/apollo-beach-fl/water-cleanup/|/service-areas/auburndale-fl/water-cleanup/|/contact/,6.30,planned
/service-areas/plant-city-fl/sewage-cleanup/,service-area-service,"Sewage Cleanup and Sanitization in Plant City, FL | DRYCOR RESTORE",Sewage Cleanup and Sanitization in Plant City,"24/7 sewage cleanup and sanitization in Plant City, FL. IICRC-certified, insurance billing accepted. Call (813) 829-1091.",sewage cleanup and sanitization plant city,sewage backup cleanup|raw sewage removal|septic overflow cleanup|sewer line backup|sanitization services,local_emergency,,,900,hero|og|inline-1|inline-2,service|local-business|faq|breadcrumb-list,/services/sewage-cleanup/|/service-areas/plant-city-fl/|/service-areas/plant-city-fl/fire-damage-restoration/|/service-areas/plant-city-fl/mold-remediation/|/service-areas/apollo-beach-fl/sewage-cleanup/|/service-areas/auburndale-fl/sewage-cleanup/|/contact/,6.30,planned
/service-areas/plant-city-fl/storm-damage-restoration/,service-area-service,"Storm Damage Restoration in Plant City, FL | DRYCOR RESTORE",Storm Damage Restoration in Plant City,"24/7 storm damage restoration in Plant City, FL. IICRC-certified, insurance billing accepted. Call (813) 829-1091.",storm damage restoration plant city,hurricane damage cleanup|tornado damage cleanup|tree damage cleanup|storm cleanup services|severe weather damage repair,local_emergency,,,900,hero|og|inline-1|inline-2,service|local-business|faq|breadcrumb-list,/services/storm-damage-restoration/|/service-areas/plant-city-fl/|/service-areas/plant-city-fl/fire-damage-restoration/|/service-areas/plant-city-fl/mold-remediation/|/service-areas/apollo-beach-fl/storm-damage-restoration/|/service-areas/auburndale-fl/storm-damage-restoration/|/contact/,6.30,planned
/service-areas/plant-city-fl/water-cleanup/,service-area-service,"Water Cleanup in Plant City, FL | DRYCOR RESTORE",Water Cleanup in Plant City,"24/7 water cleanup in Plant City, FL. IICRC-certified, insurance billing accepted. Call (813) 829-1091.",water cleanup plant city,water damage cleanup|water clean up|emergency water cleanup|flood water cleanup|standing water removal,local_emergency,,,900,hero|og|inline-1|inline-2,service|local-business|faq|breadcrumb-list,/services/water-cleanup/|/service-areas/plant-city-fl/|/service-areas/plant-city-fl/fire-damage-restoration/|/service-areas/plant-city-fl/mold-remediation/|/service-areas/apollo-beach-fl/water-cleanup/|/service-areas/auburndale-fl/water-cleanup/|/contact/,6.30,planned
/service-areas/riverview-fl/sewage-cleanup/,service-area-service,"Sewage Cleanup and Sanitization in Riverview, FL | DRYCOR RESTORE",Sewage Cleanup and Sanitization in Riverview,"24/7 sewage cleanup and sanitization in Riverview, FL. IICRC-certified, insurance billing accepted. Call (813) 829-1091.",sewage cleanup and sanitization riverview,sewage backup cleanup|raw sewage removal|septic overflow cleanup|sewer line backup|sanitization services,local_emergency,,,900,hero|og|inline-1|inline-2,service|local-business|faq|breadcrumb-list,/services/sewage-cleanup/|/service-areas/riverview-fl/|/service-areas/riverview-fl/fire-damage-restoration/|/service-areas/riverview-fl/mold-remediation/|/service-areas/apollo-beach-fl/sewage-cleanup/|/service-areas/auburndale-fl/sewage-cleanup/|/contact/,6.30,planned
/service-areas/riverview-fl/storm-damage-restoration/,service-area-service,"Storm Damage Restoration in Riverview, FL | DRYCOR RESTORE",Storm Damage Restoration in Riverview,"24/7 storm damage restoration in Riverview, FL. IICRC-certified, insurance billing accepted. Call (813) 829-1091.",storm damage restoration riverview,hurricane damage cleanup|tornado damage cleanup|tree damage cleanup|storm cleanup services|severe weather damage repair,local_emergency,,,900,hero|og|inline-1|inline-2,service|local-business|faq|breadcrumb-list,/services/storm-damage-restoration/|/service-areas/riverview-fl/|/service-areas/riverview-fl/fire-damage-restoration/|/service-areas/riverview-fl/mold-remediation/|/service-areas/apollo-beach-fl/storm-damage-restoration/|/service-areas/auburndale-fl/storm-damage-restoration/|/contact/,6.30,planned
/service-areas/riverview-fl/water-cleanup/,service-area-service,"Water Cleanup in Riverview, FL | DRYCOR RESTORE",Water Cleanup in Riverview,"24/7 water cleanup in Riverview, FL. IICRC-certified, insurance billing accepted. Call (813) 829-1091.",water cleanup riverview,water damage cleanup|water clean up|emergency water cleanup|flood water cleanup|standing water removal,local_emergency,,,900,hero|og|inline-1|inline-2,service|local-business|faq|breadcrumb-list,/services/water-cleanup/|/service-areas/riverview-fl/|/service-areas/riverview-fl/fire-damage-restoration/|/service-areas/riverview-fl/mold-remediation/|/service-areas/apollo-beach-fl/water-cleanup/|/service-areas/auburndale-fl/water-cleanup/|/contact/,6.30,planned
/service-areas/ruskin-fl/sewage-cleanup/,service-area-service,"Sewage Cleanup and Sanitization in Ruskin, FL | DRYCOR RESTORE",Sewage Cleanup and Sanitization in Ruskin,"24/7 sewage cleanup and sanitization in Ruskin, FL. IICRC-certified, insurance billing accepted. Call (813) 829-1091.",sewage cleanup and sanitization ruskin,sewage backup cleanup|raw sewage removal|septic overflow cleanup|sewer line backup|sanitization services,local_emergency,,,900,hero|og|inline-1|inline-2,service|local-business|faq|breadcrumb-list,/services/sewage-cleanup/|/service-areas/ruskin-fl/|/service-areas/ruskin-fl/fire-damage-restoration/|/service-areas/ruskin-fl/mold-remediation/|/service-areas/apollo-beach-fl/sewage-cleanup/|/service-areas/auburndale-fl/sewage-cleanup/|/contact/,6.30,planned
/service-areas/ruskin-fl/storm-damage-restoration/,service-area-service,"Storm Damage Restoration in Ruskin, FL | DRYCOR RESTORE",Storm Damage Restoration in Ruskin,"24/7 storm damage restoration in Ruskin, FL. IICRC-certified, insurance billing accepted. Call (813) 829-1091.",storm damage restoration ruskin,hurricane damage cleanup|tornado damage cleanup|tree damage cleanup|storm cleanup services|severe weather damage repair,local_emergency,,,900,hero|og|inline-1|inline-2,service|local-business|faq|breadcrumb-list,/services/storm-damage-restoration/|/service-areas/ruskin-fl/|/service-areas/ruskin-fl/fire-damage-restoration/|/service-areas/ruskin-fl/mold-remediation/|/service-areas/apollo-beach-fl/storm-damage-restoration/|/service-areas/auburndale-fl/storm-damage-restoration/|/contact/,6.30,planned
/service-areas/ruskin-fl/water-cleanup/,service-area-service,"Water Cleanup in Ruskin, FL | DRYCOR RESTORE",Water Cleanup in Ruskin,"24/7 water cleanup in Ruskin, FL. IICRC-certified, insurance billing accepted. Call (813) 829-1091.",water cleanup ruskin,water damage cleanup|water clean up|emergency water cleanup|flood water cleanup|standing water removal,local_emergency,,,900,hero|og|inline-1|inline-2,service|local-business|faq|breadcrumb-list,/services/water-cleanup/|/service-areas/ruskin-fl/|/service-areas/ruskin-fl/fire-damage-restoration/|/service-areas/ruskin-fl/mold-remediation/|/service-areas/apollo-beach-fl/water-cleanup/|/service-areas/auburndale-fl/water-cleanup/|/contact/,6.30,planned
/service-areas/seffner-fl/sewage-cleanup/,service-area-service,"Sewage Cleanup and Sanitization in Seffner, FL | DRYCOR RESTORE",Sewage Cleanup and Sanitization in Seffner,"24/7 sewage cleanup and sanitization in Seffner, FL. IICRC-certified, insurance billing accepted. Call (813) 829-1091.",sewage cleanup and sanitization seffner,sewage backup cleanup|raw sewage removal|septic overflow cleanup|sewer line backup|sanitization services,local_emergency,,,900,hero|og|inline-1|inline-2,service|local-business|faq|breadcrumb-list,/services/sewage-cleanup/|/service-areas/seffner-fl/|/service-areas/seffner-fl/fire-damage-restoration/|/service-areas/seffner-fl/mold-remediation/|/service-areas/apollo-beach-fl/sewage-cleanup/|/service-areas/auburndale-fl/sewage-cleanup/|/contact/,6.30,planned
/service-areas/seffner-fl/storm-damage-restoration/,service-area-service,"Storm Damage Restoration in Seffner, FL | DRYCOR RESTORE",Storm Damage Restoration in Seffner,"24/7 storm damage restoration in Seffner, FL. IICRC-certified, insurance billing accepted. Call (813) 829-1091.",storm damage restoration seffner,hurricane damage cleanup|tornado damage cleanup|tree damage cleanup|storm cleanup services|severe weather damage repair,local_emergency,,,900,hero|og|inline-1|inline-2,service|local-business|faq|breadcrumb-list,/services/storm-damage-restoration/|/service-areas/seffner-fl/|/service-areas/seffner-fl/fire-damage-restoration/|/service-areas/seffner-fl/mold-remediation/|/service-areas/apollo-beach-fl/storm-damage-restoration/|/service-areas/auburndale-fl/storm-damage-restoration/|/contact/,6.30,planned
/service-areas/seffner-fl/water-cleanup/,service-area-service,"Water Cleanup in Seffner, FL | DRYCOR RESTORE",Water Cleanup in Seffner,"24/7 water cleanup in Seffner, FL. IICRC-certified, insurance billing accepted. Call (813) 829-1091.",water cleanup seffner,water damage cleanup|water clean up|emergency water cleanup|flood water cleanup|standing water removal,local_emergency,,,900,hero|og|inline-1|inline-2,service|local-business|faq|breadcrumb-list,/services/water-cleanup/|/service-areas/seffner-fl/|/service-areas/seffner-fl/fire-damage-restoration/|/service-areas/seffner-fl/mold-remediation/|/service-areas/apollo-beach-fl/water-cleanup/|/service-areas/auburndale-fl/water-cleanup/|/contact/,6.30,planned
/service-areas/st-petersburg-fl/sewage-cleanup/,service-area-service,"Sewage Cleanup and Sanitization in St. Petersburg, FL | DRYCOR RESTORE",Sewage Cleanup and Sanitization in St. Petersburg,"24/7 sewage cleanup and sanitization in St. Petersburg, FL. IICRC-certified, insurance billing accepted. Call (813) 829-1091.",sewage cleanup and sanitization st. petersburg,sewage backup cleanup|raw sewage removal|septic overflow cleanup|sewer line backup|sanitization services,local_emergency,,,900,hero|og|inline-1|inline-2,service|local-business|faq|breadcrumb-list,/services/sewage-cleanup/|/service-areas/st-petersburg-fl/|/service-areas/st-petersburg-fl/fire-damage-restoration/|/service-areas/st-petersburg-fl/mold-remediation/|/service-areas/apollo-beach-fl/sewage-cleanup/|/service-areas/auburndale-fl/sewage-cleanup/|/contact/,6.30,planned
/service-areas/st-petersburg-fl/storm-damage-restoration/,service-area-service,"Storm Damage Restoration in St. Petersburg, FL | DRYCOR RESTORE",Storm Damage Restoration in St. Petersburg,"24/7 storm damage restoration in St. Petersburg, FL. IICRC-certified, insurance billing accepted. Call (813) 829-1091.",storm damage restoration st. petersburg,hurricane damage cleanup|tornado damage cleanup|tree damage cleanup|storm cleanup services|severe weather damage repair,local_emergency,,,900,hero|og|inline-1|inline-2,service|local-business|faq|breadcrumb-list,/services/storm-damage-restoration/|/service-areas/st-petersburg-fl/|/service-areas/st-petersburg-fl/fire-damage-restoration/|/service-areas/st-petersburg-fl/mold-remediation/|/service-areas/apollo-beach-fl/storm-damage-restoration/|/service-areas/auburndale-fl/storm-damage-restoration/|/contact/,6.30,planned
/service-areas/st-petersburg-fl/water-cleanup/,service-area-service,"Water Cleanup in St. Petersburg, FL | DRYCOR RESTORE",Water Cleanup in St. Petersburg,"24/7 water cleanup in St. Petersburg, FL. IICRC-certified, insurance billing accepted. Call (813) 829-1091.",water cleanup st. petersburg,water damage cleanup|water clean up|emergency water cleanup|flood water cleanup|standing water removal,local_emergency,,,900,hero|og|inline-1|inline-2,service|local-business|faq|breadcrumb-list,/services/water-cleanup/|/service-areas/st-petersburg-fl/|/service-areas/st-petersburg-fl/fire-damage-restoration/|/service-areas/st-petersburg-fl/mold-remediation/|/service-areas/apollo-beach-fl/water-cleanup/|/service-areas/auburndale-fl/water-cleanup/|/contact/,6.30,planned
/service-areas/tampa-fl/sewage-cleanup/,service-area-service,"Sewage Cleanup and Sanitization in Tampa, FL | DRYCOR RESTORE",Sewage Cleanup and Sanitization in Tampa,"24/7 sewage cleanup and sanitization in Tampa, FL. IICRC-certified, insurance billing accepted. Call (813) 829-1091.",sewage cleanup and sanitization tampa,sewage backup cleanup|raw sewage removal|septic overflow cleanup|sewer line backup|sanitization services,local_emergency,,,900,hero|og|inline-1|inline-2,service|local-business|faq|breadcrumb-list,/services/sewage-cleanup/|/service-areas/tampa-fl/|/service-areas/tampa-fl/fire-damage-restoration/|/service-areas/tampa-fl/mold-remediation/|/service-areas/apollo-beach-fl/sewage-cleanup/|/service-areas/auburndale-fl/sewage-cleanup/|/contact/,6.30,planned
/service-areas/tampa-fl/storm-damage-restoration/,service-area-service,"Storm Damage Restoration in Tampa, FL | DRYCOR RESTORE",Storm Damage Restoration in Tampa,"24/7 storm damage restoration in Tampa, FL. IICRC-certified, insurance billing accepted. Call (813) 829-1091.",storm damage restoration tampa,hurricane damage cleanup|tornado damage cleanup|tree damage cleanup|storm cleanup services|severe weather damage repair,local_emergency,,,900,hero|og|inline-1|inline-2,service|local-business|faq|breadcrumb-list,/services/storm-damage-restoration/|/service-areas/tampa-fl/|/service-areas/tampa-fl/fire-damage-restoration/|/service-areas/tampa-fl/mold-remediation/|/service-areas/apollo-beach-fl/storm-damage-restoration/|/service-areas/auburndale-fl/storm-damage-restoration/|/contact/,6.30,planned
/service-areas/tampa-fl/water-cleanup/,service-area-service,"Water Cleanup in Tampa, FL | DRYCOR RESTORE",Water Cleanup in Tampa,"24/7 water cleanup in Tampa, FL. IICRC-certified, insurance billing accepted. Call (813) 829-1091.",water cleanup tampa,water damage cleanup|water clean up|emergency water cleanup|flood water cleanup|standing water removal,local_emergency,,,900,hero|og|inline-1|inline-2,service|local-business|faq|breadcrumb-list,/services/water-cleanup/|/service-areas/tampa-fl/|/service-areas/tampa-fl/fire-damage-restoration/|/service-areas/tampa-fl/mold-remediation/|/service-areas/apollo-beach-fl/water-cleanup/|/service-areas/auburndale-fl/water-cleanup/|/contact/,6.30,planned
/service-areas/temple-terrace-fl/sewage-cleanup/,service-area-service,"Sewage Cleanup and Sanitization in Temple Terrace, FL | DRYCOR RESTORE",Sewage Cleanup and Sanitization in Temple Terrace,"24/7 sewage cleanup and sanitization in Temple Terrace, FL. IICRC-certified, insurance billing accepted. Call (813) 829-1091.",sewage cleanup and sanitization temple terrace,sewage backup cleanup|raw sewage removal|septic overflow cleanup|sewer line backup|sanitization services,local_emergency,,,900,hero|og|inline-1|inline-2,service|local-business|faq|breadcrumb-list,/services/sewage-cleanup/|/service-areas/temple-terrace-fl/|/service-areas/temple-terrace-fl/fire-damage-restoration/|/service-areas/temple-terrace-fl/mold-remediation/|/service-areas/apollo-beach-fl/sewage-cleanup/|/service-areas/auburndale-fl/sewage-cleanup/|/contact/,6.30,planned
/service-areas/temple-terrace-fl/storm-damage-restoration/,service-area-service,"Storm Damage Restoration in Temple Terrace, FL | DRYCOR RESTORE",Storm Damage Restoration in Temple Terrace,"24/7 storm damage restoration in Temple Terrace, FL. IICRC-certified, insurance billing accepted. Call (813) 829-1091.",storm damage restoration temple terrace,hurricane damage cleanup|tornado damage cleanup|tree damage cleanup|storm cleanup services|severe weather damage repair,local_emergency,,,900,hero|og|inline-1|inline-2,service|local-business|faq|breadcrumb-list,/services/storm-damage-restoration/|/service-areas/temple-terrace-fl/|/service-areas/temple-terrace-fl/fire-damage-restoration/|/service-areas/temple-terrace-fl/mold-remediation/|/service-areas/apollo-beach-fl/storm-damage-restoration/|/service-areas/auburndale-fl/storm-damage-restoration/|/contact/,6.30,planned
/service-areas/temple-terrace-fl/water-cleanup/,service-area-service,"Water Cleanup in Temple Terrace, FL | DRYCOR RESTORE",Water Cleanup in Temple Terrace,"24/7 water cleanup in Temple Terrace, FL. IICRC-certified, insurance billing accepted. Call (813) 829-1091.",water cleanup temple terrace,water damage cleanup|water clean up|emergency water cleanup|flood water cleanup|standing water removal,local_emergency,,,900,hero|og|inline-1|inline-2,service|local-business|faq|breadcrumb-list,/services/water-cleanup/|/service-areas/temple-terrace-fl/|/service-areas/temple-terrace-fl/fire-damage-restoration/|/service-areas/temple-terrace-fl/mold-remediation/|/service-areas/apollo-beach-fl/water-cleanup/|/service-areas/auburndale-fl/water-cleanup/|/contact/,6.30,planned
/service-areas/valrico-fl/sewage-cleanup/,service-area-service,"Sewage Cleanup and Sanitization in Valrico, FL | DRYCOR RESTORE",Sewage Cleanup and Sanitization in Valrico,"24/7 sewage cleanup and sanitization in Valrico, FL. IICRC-certified, insurance billing accepted. Call (813) 829-1091.",sewage cleanup and sanitization valrico,sewage backup cleanup|raw sewage removal|septic overflow cleanup|sewer line backup|sanitization services,local_emergency,,,900,hero|og|inline-1|inline-2,service|local-business|faq|breadcrumb-list,/services/sewage-cleanup/|/service-areas/valrico-fl/|/service-areas/valrico-fl/fire-damage-restoration/|/service-areas/valrico-fl/mold-remediation/|/service-areas/apollo-beach-fl/sewage-cleanup/|/service-areas/auburndale-fl/sewage-cleanup/|/contact/,6.30,planned
/service-areas/valrico-fl/storm-damage-restoration/,service-area-service,"Storm Damage Restoration in Valrico, FL | DRYCOR RESTORE",Storm Damage Restoration in Valrico,"24/7 storm damage restoration in Valrico, FL. IICRC-certified, insurance billing accepted. Call (813) 829-1091.",storm damage restoration valrico,hurricane damage cleanup|tornado damage cleanup|tree damage cleanup|storm cleanup services|severe weather damage repair,local_emergency,,,900,hero|og|inline-1|inline-2,service|local-business|faq|breadcrumb-list,/services/storm-damage-restoration/|/service-areas/valrico-fl/|/service-areas/valrico-fl/fire-damage-restoration/|/service-areas/valrico-fl/mold-remediation/|/service-areas/apollo-beach-fl/storm-damage-restoration/|/service-areas/auburndale-fl/storm-damage-restoration/|/contact/,6.30,planned
/service-areas/valrico-fl/water-cleanup/,service-area-service,"Water Cleanup in Valrico, FL | DRYCOR RESTORE",Water Cleanup in Valrico,"24/7 water cleanup in Valrico, FL. IICRC-certified, insurance billing accepted. Call (813) 829-1091.",water cleanup valrico,water damage cleanup|water clean up|emergency water cleanup|flood water cleanup|standing water removal,local_emergency,,,900,hero|og|inline-1|inline-2,service|local-business|faq|breadcrumb-list,/services/water-cleanup/|/service-areas/valrico-fl/|/service-areas/valrico-fl/fire-damage-restoration/|/service-areas/valrico-fl/mold-remediation/|/service-areas/apollo-beach-fl/water-cleanup/|/service-areas/auburndale-fl/water-cleanup/|/contact/,6.30,planned
/service-areas/wesley-chapel-fl/sewage-cleanup/,service-area-service,"Sewage Cleanup and Sanitization in Wesley Chapel, FL | DRYCOR RESTORE",Sewage Cleanup and Sanitization in Wesley Chapel,"24/7 sewage cleanup and sanitization in Wesley Chapel, FL. IICRC-certified, insurance billing accepted. Call (813) 829-1091.",sewage cleanup and sanitization wesley chapel,sewage backup cleanup|raw sewage removal|septic overflow cleanup|sewer line backup|sanitization services,local_emergency,,,900,hero|og|inline-1|inline-2,service|local-business|faq|breadcrumb-list,/services/sewage-cleanup/|/service-areas/wesley-chapel-fl/|/service-areas/wesley-chapel-fl/fire-damage-restoration/|/service-areas/wesley-chapel-fl/mold-remediation/|/service-areas/apollo-beach-fl/sewage-cleanup/|/service-areas/auburndale-fl/sewage-cleanup/|/contact/,6.30,planned
/service-areas/wesley-chapel-fl/storm-damage-restoration/,service-area-service,"Storm Damage Restoration in Wesley Chapel, FL | DRYCOR RESTORE",Storm Damage Restoration in Wesley Chapel,"24/7 storm damage restoration in Wesley Chapel, FL. IICRC-certified, insurance billing accepted. Call (813) 829-1091.",storm damage restoration wesley chapel,hurricane damage cleanup|tornado damage cleanup|tree damage cleanup|storm cleanup services|severe weather damage repair,local_emergency,,,900,hero|og|inline-1|inline-2,service|local-business|faq|breadcrumb-list,/services/storm-damage-restoration/|/service-areas/wesley-chapel-fl/|/service-areas/wesley-chapel-fl/fire-damage-restoration/|/service-areas/wesley-chapel-fl/mold-remediation/|/service-areas/apollo-beach-fl/storm-damage-restoration/|/service-areas/auburndale-fl/storm-damage-restoration/|/contact/,6.30,planned
/service-areas/wesley-chapel-fl/water-cleanup/,service-area-service,"Water Cleanup in Wesley Chapel, FL | DRYCOR RESTORE",Water Cleanup in Wesley Chapel,"24/7 water cleanup in Wesley Chapel, FL. IICRC-certified, insurance billing accepted. Call (813) 829-1091.",water cleanup wesley chapel,water damage cleanup|water clean up|emergency water cleanup|flood water cleanup|standing water removal,local_emergency,,,900,hero|og|inline-1|inline-2,service|local-business|faq|breadcrumb-list,/services/water-cleanup/|/service-areas/wesley-chapel-fl/|/service-areas/wesley-chapel-fl/fire-damage-restoration/|/service-areas/wesley-chapel-fl/mold-remediation/|/service-areas/apollo-beach-fl/water-cleanup/|/service-areas/auburndale-fl/water-cleanup/|/contact/,6.30,planned
/service-areas/winter-haven-fl/sewage-cleanup/,service-area-service,"Sewage Cleanup and Sanitization in Winter Haven, FL | DRYCOR RESTORE",Sewage Cleanup and Sanitization in Winter Haven,"24/7 sewage cleanup and sanitization in Winter Haven, FL. IICRC-certified, insurance billing accepted. Call (813) 829-1091.",sewage cleanup and sanitization winter haven,sewage backup cleanup|raw sewage removal|septic overflow cleanup|sewer line backup|sanitization services,local_emergency,,,900,hero|og|inline-1|inline-2,service|local-business|faq|breadcrumb-list,/services/sewage-cleanup/|/service-areas/winter-haven-fl/|/service-areas/winter-haven-fl/fire-damage-restoration/|/service-areas/winter-haven-fl/mold-remediation/|/service-areas/apollo-beach-fl/sewage-cleanup/|/service-areas/auburndale-fl/sewage-cleanup/|/contact/,6.30,planned
/service-areas/winter-haven-fl/storm-damage-restoration/,service-area-service,"Storm Damage Restoration in Winter Haven, FL | DRYCOR RESTORE",Storm Damage Restoration in Winter Haven,"24/7 storm damage restoration in Winter Haven, FL. IICRC-certified, insurance billing accepted. Call (813) 829-1091.",storm damage restoration winter haven,hurricane damage cleanup|tornado damage cleanup|tree damage cleanup|storm cleanup services|severe weather damage repair,local_emergency,,,900,hero|og|inline-1|inline-2,service|local-business|faq|breadcrumb-list,/services/storm-damage-restoration/|/service-areas/winter-haven-fl/|/service-areas/winter-haven-fl/fire-damage-restoration/|/service-areas/winter-haven-fl/mold-remediation/|/service-areas/apollo-beach-fl/storm-damage-restoration/|/service-areas/auburndale-fl/storm-damage-restoration/|/contact/,6.30,planned
/service-areas/winter-haven-fl/water-cleanup/,service-area-service,"Water Cleanup in Winter Haven, FL | DRYCOR RESTORE",Water Cleanup in Winter Haven,"24/7 water cleanup in Winter Haven, FL. IICRC-certified, insurance billing accepted. Call (813) 829-1091.",water cleanup winter haven,water damage cleanup|water clean up|emergency water cleanup|flood water cleanup|standing water removal,local_emergency,,,900,hero|og|inline-1|inline-2,service|local-business|faq|breadcrumb-list,/services/water-cleanup/|/service-areas/winter-haven-fl/|/service-areas/winter-haven-fl/fire-damage-restoration/|/service-areas/winter-haven-fl/mold-remediation/|/service-areas/apollo-beach-fl/water-cleanup/|/service-areas/auburndale-fl/water-cleanup/|/contact/,6.30,planned
/service-areas/zephyrhills-fl/sewage-cleanup/,service-area-service,"Sewage Cleanup and Sanitization in Zephyrhills, FL | DRYCOR RESTORE",Sewage Cleanup and Sanitization in Zephyrhills,"24/7 sewage cleanup and sanitization in Zephyrhills, FL. IICRC-certified, insurance billing accepted. Call (813) 829-1091.",sewage cleanup and sanitization zephyrhills,sewage backup cleanup|raw sewage removal|septic overflow cleanup|sewer line backup|sanitization services,local_emergency,,,900,hero|og|inline-1|inline-2,service|local-business|faq|breadcrumb-list,/services/sewage-cleanup/|/service-areas/zephyrhills-fl/|/service-areas/zephyrhills-fl/fire-damage-restoration/|/service-areas/zephyrhills-fl/mold-remediation/|/service-areas/apollo-beach-fl/sewage-cleanup/|/service-areas/auburndale-fl/sewage-cleanup/|/contact/,6.30,planned
/service-areas/zephyrhills-fl/storm-damage-restoration/,service-area-service,"Storm Damage Restoration in Zephyrhills, FL | DRYCOR RESTORE",Storm Damage Restoration in Zephyrhills,"24/7 storm damage restoration in Zephyrhills, FL. IICRC-certified, insurance billing accepted. Call (813) 829-1091.",storm damage restoration zephyrhills,hurricane damage cleanup|tornado damage cleanup|tree damage cleanup|storm cleanup services|severe weather damage repair,local_emergency,,,900,hero|og|inline-1|inline-2,service|local-business|faq|breadcrumb-list,/services/storm-damage-restoration/|/service-areas/zephyrhills-fl/|/service-areas/zephyrhills-fl/fire-damage-restoration/|/service-areas/zephyrhills-fl/mold-remediation/|/service-areas/apollo-beach-fl/storm-damage-restoration/|/service-areas/auburndale-fl/storm-damage-restoration/|/contact/,6.30,planned
/service-areas/zephyrhills-fl/water-cleanup/,service-area-service,"Water Cleanup in Zephyrhills, FL | DRYCOR RESTORE",Water Cleanup in Zephyrhills,"24/7 water cleanup in Zephyrhills, FL. IICRC-certified, insurance billing accepted. Call (813) 829-1091.",water cleanup zephyrhills,water damage cleanup|water clean up|emergency water cleanup|flood water cleanup|standing water removal,local_emergency,,,900,hero|og|inline-1|inline-2,service|local-business|faq|breadcrumb-list,/services/water-cleanup/|/service-areas/zephyrhills-fl/|/service-areas/zephyrhills-fl/fire-damage-restoration/|/service-areas/zephyrhills-fl/mold-remediation/|/service-areas/apollo-beach-fl/water-cleanup/|/service-areas/auburndale-fl/water-cleanup/|/contact/,6.30,planned
/services/emergency-board-up-tarping/,service-landing,Emergency Board-Up and Tarping in Thonotosassa | DRYCOR RESTORE,Emergency Board-Up and Tarping in Thonotosassa,"24/7 emergency board-up and tarping in Thonotosassa and surrounding areas. IICRC-certified, insurance billing accepted. Call (813) 829-1091.",emergency board-up and tarping thonotosassa,emergency board up|roof tarping|emergency tarping service|fire damage board up|broken window board up,local_emergency,,,1100,hero|og|inline-1|inline-2,service|local-business|faq|breadcrumb-list,/services/|/contact/|/service-areas/apollo-beach-fl/emergency-board-up-tarping/|/service-areas/auburndale-fl/emergency-board-up-tarping/|/service-areas/bradenton-fl/emergency-board-up-tarping/|/service-areas/brandon-fl/emergency-board-up-tarping/|/service-areas/clearwater-fl/emergency-board-up-tarping/|/service-areas/dover-fl/emergency-board-up-tarping/|/service-areas/dunedin-fl/emergency-board-up-tarping/|/service-areas/lakeland-fl/emergency-board-up-tarping/|/service-areas/land-o-lakes-fl/emergency-board-up-tarping/|/service-areas/largo-fl/emergency-board-up-tarping/|/service-areas/lutz-fl/emergency-board-up-tarping/|/service-areas/new-port-richey-fl/emergency-board-up-tarping/,6.30,planned
/blog/burst-pipe-emergency-checklist/,blog-post,Burst Pipe Emergency Checklist: Step-by-Step Response,Burst Pipe Emergency Checklist: Step-by-Step Response,,burst pipe emergency checklist stepbystep response,water damage restoration|appliance leak cleanup,informational_emergency,,,1400,hero|og|inline-1|inline-2,blog-posting|faq|breadcrumb-list,/blog/|/services/water-damage-restoration/|/blog/what-to-do-first-24-hours-water-damage/|/blog/choosing-a-restoration-company/|/blog/does-homeowners-insurance-cover-water-damage/,6.00,planned
/blog/what-to-do-first-24-hours-water-damage/,blog-post,What To Do in the First 24 Hours After Water Damage,What To Do in the First 24 Hours After Water Damage,,what to do in the first 24 hours after water damage,water damage restoration,informational_emergency,,,1400,hero|og|inline-1|inline-2,blog-posting|faq|breadcrumb-list,/blog/|/services/water-damage-restoration/|/blog/burst-pipe-emergency-checklist/|/blog/choosing-a-restoration-company/|/blog/does-homeowners-insurance-cover-water-damage/,6.00,planned
/service-areas/apollo-beach-fl/general-contracting/,service-area-service,"Renovations, Remodels and General Contracting in Apollo Beach, FL | DRYCOR RESTORE","Renovations, Remodels and General Contracting in Apollo Beach","24/7 renovations, remodels and general contracting in Apollo Beach, FL. IICRC-certified, insurance billing accepted. Call (813) 829-1091.","renovations, remodels and general contracting apollo beach",general contractor|home renovation services|home remodeling|kitchen remodel|bathroom remodel|post-damage rebuild,local_commercial,,,900,hero|og|inline-1|inline-2,service|local-business|faq|breadcrumb-list,/services/general-contracting/|/service-areas/apollo-beach-fl/|/service-areas/apollo-beach-fl/fire-damage-restoration/|/service-areas/apollo-beach-fl/mold-remediation/|/service-areas/auburndale-fl/general-contracting/|/service-areas/bradenton-fl/general-contracting/|/contact/,5.60,planned
/service-areas/auburndale-fl/general-contracting/,service-area-service,"Renovations, Remodels and General Contracting in Auburndale, FL | DRYCOR RESTORE","Renovations, Remodels and General Contracting in Auburndale","24/7 renovations, remodels and general contracting in Auburndale, FL. IICRC-certified, insurance billing accepted. Call (813) 829-1091.","renovations, remodels and general contracting auburndale",general contractor|home renovation services|home remodeling|kitchen remodel|bathroom remodel|post-damage rebuild,local_commercial,,,900,hero|og|inline-1|inline-2,service|local-business|faq|breadcrumb-list,/services/general-contracting/|/service-areas/auburndale-fl/|/service-areas/auburndale-fl/fire-damage-restoration/|/service-areas/auburndale-fl/mold-remediation/|/service-areas/apollo-beach-fl/general-contracting/|/service-areas/bradenton-fl/general-contracting/|/contact/,5.60,planned
/service-areas/bradenton-fl/general-contracting/,service-area-service,"Renovations, Remodels and General Contracting in Bradenton, FL | DRYCOR RESTORE","Renovations, Remodels and General Contracting in Bradenton","24/7 renovations, remodels and general contracting in Bradenton, FL. IICRC-certified, insurance billing accepted. Call (813) 829-1091.","renovations, remodels and general contracting bradenton",general contractor|home renovation services|home remodeling|kitchen remodel|bathroom remodel|post-damage rebuild,local_commercial,,,900,hero|og|inline-1|inline-2,service|local-business|faq|breadcrumb-list,/services/general-contracting/|/service-areas/bradenton-fl/|/service-areas/bradenton-fl/fire-damage-restoration/|/service-areas/bradenton-fl/mold-remediation/|/service-areas/apollo-beach-fl/general-contracting/|/service-areas/auburndale-fl/general-contracting/|/contact/,5.60,planned
/service-areas/brandon-fl/general-contracting/,service-area-service,"Renovations, Remodels and General Contracting in Brandon, FL | DRYCOR RESTORE","Renovations, Remodels and General Contracting in Brandon","24/7 renovations, remodels and general contracting in Brandon, FL. IICRC-certified, insurance billing accepted. Call (813) 829-1091.","renovations, remodels and general contracting brandon",general contractor|home renovation services|home remodeling|kitchen remodel|bathroom remodel|post-damage rebuild,local_commercial,,,900,hero|og|inline-1|inline-2,service|local-business|faq|breadcrumb-list,/services/general-contracting/|/service-areas/brandon-fl/|/service-areas/brandon-fl/fire-damage-restoration/|/service-areas/brandon-fl/mold-remediation/|/service-areas/apollo-beach-fl/general-contracting/|/service-areas/auburndale-fl/general-contracting/|/contact/,5.60,planned
/service-areas/clearwater-fl/general-contracting/,service-area-service,"Renovations, Remodels and General Contracting in Clearwater, FL | DRYCOR RESTORE","Renovations, Remodels and General Contracting in Clearwater","24/7 renovations, remodels and general contracting in Clearwater, FL. IICRC-certified, insurance billing accepted. Call (813) 829-1091.","renovations, remodels and general contracting clearwater",general contractor|home renovation services|home remodeling|kitchen remodel|bathroom remodel|post-damage rebuild,local_commercial,,,900,hero|og|inline-1|inline-2,service|local-business|faq|breadcrumb-list,/services/general-contracting/|/service-areas/clearwater-fl/|/service-areas/clearwater-fl/fire-damage-restoration/|/service-areas/clearwater-fl/mold-remediation/|/service-areas/apollo-beach-fl/general-contracting/|/service-areas/auburndale-fl/general-contracting/|/contact/,5.60,planned
/service-areas/dover-fl/general-contracting/,service-area-service,"Renovations, Remodels and General Contracting in Dover, FL | DRYCOR RESTORE","Renovations, Remodels and General Contracting in Dover","24/7 renovations, remodels and general contracting in Dover, FL. IICRC-certified, insurance billing accepted. Call (813) 829-1091.","renovations, remodels and general contracting dover",general contractor|home renovation services|home remodeling|kitchen remodel|bathroom remodel|post-damage rebuild,local_commercial,,,900,hero|og|inline-1|inline-2,service|local-business|faq|breadcrumb-list,/services/general-contracting/|/service-areas/dover-fl/|/service-areas/dover-fl/fire-damage-restoration/|/service-areas/dover-fl/mold-remediation/|/service-areas/apollo-beach-fl/general-contracting/|/service-areas/auburndale-fl/general-contracting/|/contact/,5.60,planned
/service-areas/dunedin-fl/general-contracting/,service-area-service,"Renovations, Remodels and General Contracting in Dunedin, FL | DRYCOR RESTORE","Renovations, Remodels and General Contracting in Dunedin","24/7 renovations, remodels and general contracting in Dunedin, FL. IICRC-certified, insurance billing accepted. Call (813) 829-1091.","renovations, remodels and general contracting dunedin",general contractor|home renovation services|home remodeling|kitchen remodel|bathroom remodel|post-damage rebuild,local_commercial,,,900,hero|og|inline-1|inline-2,service|local-business|faq|breadcrumb-list,/services/general-contracting/|/service-areas/dunedin-fl/|/service-areas/dunedin-fl/fire-damage-restoration/|/service-areas/dunedin-fl/mold-remediation/|/service-areas/apollo-beach-fl/general-contracting/|/service-areas/auburndale-fl/general-contracting/|/contact/,5.60,planned
/service-areas/lakeland-fl/general-contracting/,service-area-service,"Renovations, Remodels and General Contracting in Lakeland, FL | DRYCOR RESTORE","Renovations, Remodels and General Contracting in Lakeland","24/7 renovations, remodels and general contracting in Lakeland, FL. IICRC-certified, insurance billing accepted. Call (813) 829-1091.","renovations, remodels and general contracting lakeland",general contractor|home renovation services|home remodeling|kitchen remodel|bathroom remodel|post-damage rebuild,local_commercial,,,900,hero|og|inline-1|inline-2,service|local-business|faq|breadcrumb-list,/services/general-contracting/|/service-areas/lakeland-fl/|/service-areas/lakeland-fl/fire-damage-restoration/|/service-areas/lakeland-fl/mold-remediation/|/service-areas/apollo-beach-fl/general-contracting/|/service-areas/auburndale-fl/general-contracting/|/contact/,5.60,planned
/service-areas/land-o-lakes-fl/general-contracting/,service-area-service,"Renovations, Remodels and General Contracting in Land O' Lakes, FL | DRYCOR RESTORE","Renovations, Remodels and General Contracting in Land O' Lakes","24/7 renovations, remodels and general contracting in Land O' Lakes, FL. IICRC-certified, insurance billing accepted. Call (813) 829-1091.","renovations, remodels and general contracting land o' lakes",general contractor|home renovation services|home remodeling|kitchen remodel|bathroom remodel|post-damage rebuild,local_commercial,,,900,hero|og|inline-1|inline-2,service|local-business|faq|breadcrumb-list,/services/general-contracting/|/service-areas/land-o-lakes-fl/|/service-areas/land-o-lakes-fl/fire-damage-restoration/|/service-areas/land-o-lakes-fl/mold-remediation/|/service-areas/apollo-beach-fl/general-contracting/|/service-areas/auburndale-fl/general-contracting/|/contact/,5.60,planned
/service-areas/largo-fl/general-contracting/,service-area-service,"Renovations, Remodels and General Contracting in Largo, FL | DRYCOR RESTORE","Renovations, Remodels and General Contracting in Largo","24/7 renovations, remodels and general contracting in Largo, FL. IICRC-certified, insurance billing accepted. Call (813) 829-1091.","renovations, remodels and general contracting largo",general contractor|home renovation services|home remodeling|kitchen remodel|bathroom remodel|post-damage rebuild,local_commercial,,,900,hero|og|inline-1|inline-2,service|local-business|faq|breadcrumb-list,/services/general-contracting/|/service-areas/largo-fl/|/service-areas/largo-fl/fire-damage-restoration/|/service-areas/largo-fl/mold-remediation/|/service-areas/apollo-beach-fl/general-contracting/|/service-areas/auburndale-fl/general-contracting/|/contact/,5.60,planned
/service-areas/lutz-fl/general-contracting/,service-area-service,"Renovations, Remodels and General Contracting in Lutz, FL | DRYCOR RESTORE","Renovations, Remodels and General Contracting in Lutz","24/7 renovations, remodels and general contracting in Lutz, FL. IICRC-certified, insurance billing accepted. Call (813) 829-1091.","renovations, remodels and general contracting lutz",general contractor|home renovation services|home remodeling|kitchen remodel|bathroom remodel|post-damage rebuild,local_commercial,,,900,hero|og|inline-1|inline-2,service|local-business|faq|breadcrumb-list,/services/general-contracting/|/service-areas/lutz-fl/|/service-areas/lutz-fl/fire-damage-restoration/|/service-areas/lutz-fl/mold-remediation/|/service-areas/apollo-beach-fl/general-contracting/|/service-areas/auburndale-fl/general-contracting/|/contact/,5.60,planned
/service-areas/new-port-richey-fl/general-contracting/,service-area-service,"Renovations, Remodels and General Contracting in New Port Richey, FL | DRYCOR RESTORE","Renovations, Remodels and General Contracting in New Port Richey","24/7 renovations, remodels and general contracting in New Port Richey, FL. IICRC-certified, insurance billing accepted. Call (813) 829-1091.","renovations, remodels and general contracting new port richey",general contractor|home renovation services|home remodeling|kitchen remodel|bathroom remodel|post-damage rebuild,local_commercial,,,900,hero|og|inline-1|inline-2,service|local-business|faq|breadcrumb-list,/services/general-contracting/|/service-areas/new-port-richey-fl/|/service-areas/new-port-richey-fl/fire-damage-restoration/|/service-areas/new-port-richey-fl/mold-remediation/|/service-areas/apollo-beach-fl/general-contracting/|/service-areas/auburndale-fl/general-contracting/|/contact/,5.60,planned
/service-areas/palm-harbor-fl/general-contracting/,service-area-service,"Renovations, Remodels and General Contracting in Palm Harbor, FL | DRYCOR RESTORE","Renovations, Remodels and General Contracting in Palm Harbor","24/7 renovations, remodels and general contracting in Palm Harbor, FL. IICRC-certified, insurance billing accepted. Call (813) 829-1091.","renovations, remodels and general contracting palm harbor",general contractor|home renovation services|home remodeling|kitchen remodel|bathroom remodel|post-damage rebuild,local_commercial,,,900,hero|og|inline-1|inline-2,service|local-business|faq|breadcrumb-list,/services/general-contracting/|/service-areas/palm-harbor-fl/|/service-areas/palm-harbor-fl/fire-damage-restoration/|/service-areas/palm-harbor-fl/mold-remediation/|/service-areas/apollo-beach-fl/general-contracting/|/service-areas/auburndale-fl/general-contracting/|/contact/,5.60,planned
/service-areas/palmetto-fl/general-contracting/,service-area-service,"Renovations, Remodels and General Contracting in Palmetto, FL | DRYCOR RESTORE","Renovations, Remodels and General Contracting in Palmetto","24/7 renovations, remodels and general contracting in Palmetto, FL. IICRC-certified, insurance billing accepted. Call (813) 829-1091.","renovations, remodels and general contracting palmetto",general contractor|home renovation services|home remodeling|kitchen remodel|bathroom remodel|post-damage rebuild,local_commercial,,,900,hero|og|inline-1|inline-2,service|local-business|faq|breadcrumb-list,/services/general-contracting/|/service-areas/palmetto-fl/|/service-areas/palmetto-fl/fire-damage-restoration/|/service-areas/palmetto-fl/mold-remediation/|/service-areas/apollo-beach-fl/general-contracting/|/service-areas/auburndale-fl/general-contracting/|/contact/,5.60,planned
/service-areas/pinellas-park-fl/general-contracting/,service-area-service,"Renovations, Remodels and General Contracting in Pinellas Park, FL | DRYCOR RESTORE","Renovations, Remodels and General Contracting in Pinellas Park","24/7 renovations, remodels and general contracting in Pinellas Park, FL. IICRC-certified, insurance billing accepted. Call (813) 829-1091.","renovations, remodels and general contracting pinellas park",general contractor|home renovation services|home remodeling|kitchen remodel|bathroom remodel|post-damage rebuild,local_commercial,,,900,hero|og|inline-1|inline-2,service|local-business|faq|breadcrumb-list,/services/general-contracting/|/service-areas/pinellas-park-fl/|/service-areas/pinellas-park-fl/fire-damage-restoration/|/service-areas/pinellas-park-fl/mold-remediation/|/service-areas/apollo-beach-fl/general-contracting/|/service-areas/auburndale-fl/general-contracting/|/contact/,5.60,planned
/service-areas/plant-city-fl/general-contracting/,service-area-service,"Renovations, Remodels and General Contracting in Plant City, FL | DRYCOR RESTORE","Renovations, Remodels and General Contracting in Plant City","24/7 renovations, remodels and general contracting in Plant City, FL. IICRC-certified, insurance billing accepted. Call (813) 829-1091.","renovations, remodels and general contracting plant city",general contractor|home renovation services|home remodeling|kitchen remodel|bathroom remodel|post-damage rebuild,local_commercial,,,900,hero|og|inline-1|inline-2,service|local-business|faq|breadcrumb-list,/services/general-contracting/|/service-areas/plant-city-fl/|/service-areas/plant-city-fl/fire-damage-restoration/|/service-areas/plant-city-fl/mold-remediation/|/service-areas/apollo-beach-fl/general-contracting/|/service-areas/auburndale-fl/general-contracting/|/contact/,5.60,planned
/service-areas/riverview-fl/general-contracting/,service-area-service,"Renovations, Remodels and General Contracting in Riverview, FL | DRYCOR RESTORE","Renovations, Remodels and General Contracting in Riverview","24/7 renovations, remodels and general contracting in Riverview, FL. IICRC-certified, insurance billing accepted. Call (813) 829-1091.","renovations, remodels and general contracting riverview",general contractor|home renovation services|home remodeling|kitchen remodel|bathroom remodel|post-damage rebuild,local_commercial,,,900,hero|og|inline-1|inline-2,service|local-business|faq|breadcrumb-list,/services/general-contracting/|/service-areas/riverview-fl/|/service-areas/riverview-fl/fire-damage-restoration/|/service-areas/riverview-fl/mold-remediation/|/service-areas/apollo-beach-fl/general-contracting/|/service-areas/auburndale-fl/general-contracting/|/contact/,5.60,planned
/service-areas/ruskin-fl/general-contracting/,service-area-service,"Renovations, Remodels and General Contracting in Ruskin, FL | DRYCOR RESTORE","Renovations, Remodels and General Contracting in Ruskin","24/7 renovations, remodels and general contracting in Ruskin, FL. IICRC-certified, insurance billing accepted. Call (813) 829-1091.","renovations, remodels and general contracting ruskin",general contractor|home renovation services|home remodeling|kitchen remodel|bathroom remodel|post-damage rebuild,local_commercial,,,900,hero|og|inline-1|inline-2,service|local-business|faq|breadcrumb-list,/services/general-contracting/|/service-areas/ruskin-fl/|/service-areas/ruskin-fl/fire-damage-restoration/|/service-areas/ruskin-fl/mold-remediation/|/service-areas/apollo-beach-fl/general-contracting/|/service-areas/auburndale-fl/general-contracting/|/contact/,5.60,planned
/service-areas/seffner-fl/general-contracting/,service-area-service,"Renovations, Remodels and General Contracting in Seffner, FL | DRYCOR RESTORE","Renovations, Remodels and General Contracting in Seffner","24/7 renovations, remodels and general contracting in Seffner, FL. IICRC-certified, insurance billing accepted. Call (813) 829-1091.","renovations, remodels and general contracting seffner",general contractor|home renovation services|home remodeling|kitchen remodel|bathroom remodel|post-damage rebuild,local_commercial,,,900,hero|og|inline-1|inline-2,service|local-business|faq|breadcrumb-list,/services/general-contracting/|/service-areas/seffner-fl/|/service-areas/seffner-fl/fire-damage-restoration/|/service-areas/seffner-fl/mold-remediation/|/service-areas/apollo-beach-fl/general-contracting/|/service-areas/auburndale-fl/general-contracting/|/contact/,5.60,planned
/service-areas/st-petersburg-fl/general-contracting/,service-area-service,"Renovations, Remodels and General Contracting in St. Petersburg, FL | DRYCOR RESTORE","Renovations, Remodels and General Contracting in St. Petersburg","24/7 renovations, remodels and general contracting in St. Petersburg, FL. IICRC-certified, insurance billing accepted. Call (813) 829-1091.","renovations, remodels and general contracting st. petersburg",general contractor|home renovation services|home remodeling|kitchen remodel|bathroom remodel|post-damage rebuild,local_commercial,,,900,hero|og|inline-1|inline-2,service|local-business|faq|breadcrumb-list,/services/general-contracting/|/service-areas/st-petersburg-fl/|/service-areas/st-petersburg-fl/fire-damage-restoration/|/service-areas/st-petersburg-fl/mold-remediation/|/service-areas/apollo-beach-fl/general-contracting/|/service-areas/auburndale-fl/general-contracting/|/contact/,5.60,planned
/service-areas/tampa-fl/general-contracting/,service-area-service,"Renovations, Remodels and General Contracting in Tampa, FL | DRYCOR RESTORE","Renovations, Remodels and General Contracting in Tampa","24/7 renovations, remodels and general contracting in Tampa, FL. IICRC-certified, insurance billing accepted. Call (813) 829-1091.","renovations, remodels and general contracting tampa",general contractor|home renovation services|home remodeling|kitchen remodel|bathroom remodel|post-damage rebuild,local_commercial,,,900,hero|og|inline-1|inline-2,service|local-business|faq|breadcrumb-list,/services/general-contracting/|/service-areas/tampa-fl/|/service-areas/tampa-fl/fire-damage-restoration/|/service-areas/tampa-fl/mold-remediation/|/service-areas/apollo-beach-fl/general-contracting/|/service-areas/auburndale-fl/general-contracting/|/contact/,5.60,planned
/service-areas/temple-terrace-fl/general-contracting/,service-area-service,"Renovations, Remodels and General Contracting in Temple Terrace, FL | DRYCOR RESTORE","Renovations, Remodels and General Contracting in Temple Terrace","24/7 renovations, remodels and general contracting in Temple Terrace, FL. IICRC-certified, insurance billing accepted. Call (813) 829-1091.","renovations, remodels and general contracting temple terrace",general contractor|home renovation services|home remodeling|kitchen remodel|bathroom remodel|post-damage rebuild,local_commercial,,,900,hero|og|inline-1|inline-2,service|local-business|faq|breadcrumb-list,/services/general-contracting/|/service-areas/temple-terrace-fl/|/service-areas/temple-terrace-fl/fire-damage-restoration/|/service-areas/temple-terrace-fl/mold-remediation/|/service-areas/apollo-beach-fl/general-contracting/|/service-areas/auburndale-fl/general-contracting/|/contact/,5.60,planned
/service-areas/valrico-fl/general-contracting/,service-area-service,"Renovations, Remodels and General Contracting in Valrico, FL | DRYCOR RESTORE","Renovations, Remodels and General Contracting in Valrico","24/7 renovations, remodels and general contracting in Valrico, FL. IICRC-certified, insurance billing accepted. Call (813) 829-1091.","renovations, remodels and general contracting valrico",general contractor|home renovation services|home remodeling|kitchen remodel|bathroom remodel|post-damage rebuild,local_commercial,,,900,hero|og|inline-1|inline-2,service|local-business|faq|breadcrumb-list,/services/general-contracting/|/service-areas/valrico-fl/|/service-areas/valrico-fl/fire-damage-restoration/|/service-areas/valrico-fl/mold-remediation/|/service-areas/apollo-beach-fl/general-contracting/|/service-areas/auburndale-fl/general-contracting/|/contact/,5.60,planned
/service-areas/wesley-chapel-fl/general-contracting/,service-area-service,"Renovations, Remodels and General Contracting in Wesley Chapel, FL | DRYCOR RESTORE","Renovations, Remodels and General Contracting in Wesley Chapel","24/7 renovations, remodels and general contracting in Wesley Chapel, FL. IICRC-certified, insurance billing accepted. Call (813) 829-1091.","renovations, remodels and general contracting wesley chapel",general contractor|home renovation services|home remodeling|kitchen remodel|bathroom remodel|post-damage rebuild,local_commercial,,,900,hero|og|inline-1|inline-2,service|local-business|faq|breadcrumb-list,/services/general-contracting/|/service-areas/wesley-chapel-fl/|/service-areas/wesley-chapel-fl/fire-damage-restoration/|/service-areas/wesley-chapel-fl/mold-remediation/|/service-areas/apollo-beach-fl/general-contracting/|/service-areas/auburndale-fl/general-contracting/|/contact/,5.60,planned
/service-areas/winter-haven-fl/general-contracting/,service-area-service,"Renovations, Remodels and General Contracting in Winter Haven, FL | DRYCOR RESTORE","Renovations, Remodels and General Contracting in Winter Haven","24/7 renovations, remodels and general contracting in Winter Haven, FL. IICRC-certified, insurance billing accepted. Call (813) 829-1091.","renovations, remodels and general contracting winter haven",general contractor|home renovation services|home remodeling|kitchen remodel|bathroom remodel|post-damage rebuild,local_commercial,,,900,hero|og|inline-1|inline-2,service|local-business|faq|breadcrumb-list,/services/general-contracting/|/service-areas/winter-haven-fl/|/service-areas/winter-haven-fl/fire-damage-restoration/|/service-areas/winter-haven-fl/mold-remediation/|/service-areas/apollo-beach-fl/general-contracting/|/service-areas/auburndale-fl/general-contracting/|/contact/,5.60,planned
/service-areas/zephyrhills-fl/general-contracting/,service-area-service,"Renovations, Remodels and General Contracting in Zephyrhills, FL | DRYCOR RESTORE","Renovations, Remodels and General Contracting in Zephyrhills","24/7 renovations, remodels and general contracting in Zephyrhills, FL. IICRC-certified, insurance billing accepted. Call (813) 829-1091.","renovations, remodels and general contracting zephyrhills",general contractor|home renovation services|home remodeling|kitchen remodel|bathroom remodel|post-damage rebuild,local_commercial,,,900,hero|og|inline-1|inline-2,service|local-business|faq|breadcrumb-list,/services/general-contracting/|/service-areas/zephyrhills-fl/|/service-areas/zephyrhills-fl/fire-damage-restoration/|/service-areas/zephyrhills-fl/mold-remediation/|/service-areas/apollo-beach-fl/general-contracting/|/service-areas/auburndale-fl/general-contracting/|/contact/,5.60,planned
/blog/choosing-a-restoration-company/,blog-post,How To Choose a Restoration Company in  (Without Getting Burned),How To Choose a Restoration Company in  (Without Getting Burned),,how to choose a restoration company in  without getting burned,water damage restoration|fire damage restoration|mold remediation,commercial_decision,,,1400,hero|og|inline-1|inline-2,blog-posting|faq|breadcrumb-list,/blog/|/services/fire-damage-restoration/|/services/mold-remediation/|/services/water-damage-restoration/|/blog/burst-pipe-emergency-checklist/|/blog/what-to-do-first-24-hours-water-damage/|/blog/does-homeowners-insurance-cover-water-damage/,5.40,planned
/blog/does-homeowners-insurance-cover-water-damage/,blog-post,Does Homeowners Insurance Cover Water Damage? A Plain-English Guide,Does Homeowners Insurance Cover Water Damage? A Plain-English Guide,,does homeowners insurance cover water damage a plainenglish guide,water damage restoration,informational_insurance,,,1400,hero|og|inline-1|inline-2,blog-posting|faq|breadcrumb-list,/blog/|/services/water-damage-restoration/|/blog/burst-pipe-emergency-checklist/|/blog/what-to-do-first-24-hours-water-damage/|/blog/choosing-a-restoration-company/,5.40,planned
/blog/fire-damage-restoration-process/,blog-post,"The Fire Damage Restoration Process, Explained","The Fire Damage Restoration Process, Explained",,the fire damage restoration process explained,fire damage restoration|smoke damage restoration,informational_emergency,,,1400,hero|og|inline-1|inline-2,blog-posting|faq|breadcrumb-list,/blog/|/services/fire-damage-restoration/|/blog/choosing-a-restoration-company/,5.40,planned
/blog/how-to-test-for-mold/,blog-post,How To Test for Mold in Your Home (DIY Kits vs a Pro Inspection),How To Test for Mold in Your Home (DIY Kits vs a Pro Inspection),,how to test for mold in your home diy kits vs a pro inspection,mold remediation|mold inspection and testing,informational_health,,,1400,hero|og|inline-1|inline-2,blog-posting|faq|breadcrumb-list,/blog/|/services/mold-remediation/|/blog/choosing-a-restoration-company/|/blog/signs-of-hidden-mold/|/blog/black-mold-vs-regular-mold/,5.40,planned
/blog/signs-of-hidden-mold/,blog-post,7 Signs You Have Hidden Mold (and What To Do Next),7 Signs You Have Hidden Mold (and What To Do Next),,7 signs you have hidden mold and what to do next,mold remediation,informational_health,,,1400,hero|og|inline-1|inline-2,blog-posting|faq|breadcrumb-list,/blog/|/services/mold-remediation/|/blog/choosing-a-restoration-company/|/blog/how-to-test-for-mold/|/blog/black-mold-vs-regular-mold/,5.40,planned
/,home,"DRYCOR RESTORE | Restoration Services in Thonotosassa, FL",24/7 Restoration Services in Thonotosassa,"DRYCOR RESTORE provides 24/7 water, fire, mold, and storm damage restoration across Thonotosassa and surrounding areas. Licensed, insured, IICRC-certified. Call (813) 829-1091.",restoration services thonotosassa,restoration company near me|24/7 damage restoration|emergency restoration,local_commercial,,,1200,hero|og|inline-1|inline-2|inline-3,organization|website|local-business|aggregate-rating,/services/|/service-areas/|/contact/|/about/|/services/fire-damage-restoration/|/services/mold-remediation/|/services/water-damage-restoration/|/services/sewage-cleanup/|/services/storm-damage-restoration/|/services/water-cleanup/|/services/general-contracting/|/services/emergency-board-up-tarping/|/services/contents-restoration-storage/|/service-areas/apollo-beach-fl/|/service-areas/auburndale-fl/|/service-areas/bradenton-fl/|/service-areas/brandon-fl/|/service-areas/clearwater-fl/|/service-areas/dover-fl/|/service-areas/dunedin-fl/|/service-areas/lakeland-fl/|/service-areas/land-o-lakes-fl/|/service-areas/largo-fl/|/service-areas/lutz-fl/|/service-areas/new-port-richey-fl/|/service-areas/palm-harbor-fl/|/service-areas/palmetto-fl/|/service-areas/pinellas-park-fl/|/service-areas/plant-city-fl/|/service-areas/riverview-fl/|/service-areas/ruskin-fl/|/service-areas/seffner-fl/|/service-areas/st-petersburg-fl/|/service-areas/tampa-fl/|/service-areas/temple-terrace-fl/|/service-areas/valrico-fl/|/service-areas/wesley-chapel-fl/|/service-areas/winter-haven-fl/|/service-areas/zephyrhills-fl/,5.00,planned
/service-areas/apollo-beach-fl/emergency-board-up-tarping/,service-area-service,"Emergency Board-Up and Tarping in Apollo Beach, FL | DRYCOR RESTORE",Emergency Board-Up and Tarping in Apollo Beach,"24/7 emergency board-up and tarping in Apollo Beach, FL. IICRC-certified, insurance billing accepted. Call (813) 829-1091.",emergency board-up and tarping apollo beach,emergency board up|roof tarping|emergency tarping service|fire damage board up|broken window board up,local_emergency,,,900,hero|og|inline-1|inline-2,service|local-business|faq|breadcrumb-list,/services/emergency-board-up-tarping/|/service-areas/apollo-beach-fl/|/service-areas/apollo-beach-fl/fire-damage-restoration/|/service-areas/apollo-beach-fl/mold-remediation/|/service-areas/auburndale-fl/emergency-board-up-tarping/|/service-areas/bradenton-fl/emergency-board-up-tarping/|/contact/,4.90,planned
/service-areas/auburndale-fl/emergency-board-up-tarping/,service-area-service,"Emergency Board-Up and Tarping in Auburndale, FL | DRYCOR RESTORE",Emergency Board-Up and Tarping in Auburndale,"24/7 emergency board-up and tarping in Auburndale, FL. IICRC-certified, insurance billing accepted. Call (813) 829-1091.",emergency board-up and tarping auburndale,emergency board up|roof tarping|emergency tarping service|fire damage board up|broken window board up,local_emergency,,,900,hero|og|inline-1|inline-2,service|local-business|faq|breadcrumb-list,/services/emergency-board-up-tarping/|/service-areas/auburndale-fl/|/service-areas/auburndale-fl/fire-damage-restoration/|/service-areas/auburndale-fl/mold-remediation/|/service-areas/apollo-beach-fl/emergency-board-up-tarping/|/service-areas/bradenton-fl/emergency-board-up-tarping/|/contact/,4.90,planned
/service-areas/bradenton-fl/emergency-board-up-tarping/,service-area-service,"Emergency Board-Up and Tarping in Bradenton, FL | DRYCOR RESTORE",Emergency Board-Up and Tarping in Bradenton,"24/7 emergency board-up and tarping in Bradenton, FL. IICRC-certified, insurance billing accepted. Call (813) 829-1091.",emergency board-up and tarping bradenton,emergency board up|roof tarping|emergency tarping service|fire damage board up|broken window board up,local_emergency,,,900,hero|og|inline-1|inline-2,service|local-business|faq|breadcrumb-list,/services/emergency-board-up-tarping/|/service-areas/bradenton-fl/|/service-areas/bradenton-fl/fire-damage-restoration/|/service-areas/bradenton-fl/mold-remediation/|/service-areas/apollo-beach-fl/emergency-board-up-tarping/|/service-areas/auburndale-fl/emergency-board-up-tarping/|/contact/,4.90,planned
/service-areas/brandon-fl/emergency-board-up-tarping/,service-area-service,"Emergency Board-Up and Tarping in Brandon, FL | DRYCOR RESTORE",Emergency Board-Up and Tarping in Brandon,"24/7 emergency board-up and tarping in Brandon, FL. IICRC-certified, insurance billing accepted. Call (813) 829-1091.",emergency board-up and tarping brandon,emergency board up|roof tarping|emergency tarping service|fire damage board up|broken window board up,local_emergency,,,900,hero|og|inline-1|inline-2,service|local-business|faq|breadcrumb-list,/services/emergency-board-up-tarping/|/service-areas/brandon-fl/|/service-areas/brandon-fl/fire-damage-restoration/|/service-areas/brandon-fl/mold-remediation/|/service-areas/apollo-beach-fl/emergency-board-up-tarping/|/service-areas/auburndale-fl/emergency-board-up-tarping/|/contact/,4.90,planned
/service-areas/clearwater-fl/emergency-board-up-tarping/,service-area-service,"Emergency Board-Up and Tarping in Clearwater, FL | DRYCOR RESTORE",Emergency Board-Up and Tarping in Clearwater,"24/7 emergency board-up and tarping in Clearwater, FL. IICRC-certified, insurance billing accepted. Call (813) 829-1091.",emergency board-up and tarping clearwater,emergency board up|roof tarping|emergency tarping service|fire damage board up|broken window board up,local_emergency,,,900,hero|og|inline-1|inline-2,service|local-business|faq|breadcrumb-list,/services/emergency-board-up-tarping/|/service-areas/clearwater-fl/|/service-areas/clearwater-fl/fire-damage-restoration/|/service-areas/clearwater-fl/mold-remediation/|/service-areas/apollo-beach-fl/emergency-board-up-tarping/|/service-areas/auburndale-fl/emergency-board-up-tarping/|/contact/,4.90,planned
/service-areas/dover-fl/emergency-board-up-tarping/,service-area-service,"Emergency Board-Up and Tarping in Dover, FL | DRYCOR RESTORE",Emergency Board-Up and Tarping in Dover,"24/7 emergency board-up and tarping in Dover, FL. IICRC-certified, insurance billing accepted. Call (813) 829-1091.",emergency board-up and tarping dover,emergency board up|roof tarping|emergency tarping service|fire damage board up|broken window board up,local_emergency,,,900,hero|og|inline-1|inline-2,service|local-business|faq|breadcrumb-list,/services/emergency-board-up-tarping/|/service-areas/dover-fl/|/service-areas/dover-fl/fire-damage-restoration/|/service-areas/dover-fl/mold-remediation/|/service-areas/apollo-beach-fl/emergency-board-up-tarping/|/service-areas/auburndale-fl/emergency-board-up-tarping/|/contact/,4.90,planned
/service-areas/dunedin-fl/emergency-board-up-tarping/,service-area-service,"Emergency Board-Up and Tarping in Dunedin, FL | DRYCOR RESTORE",Emergency Board-Up and Tarping in Dunedin,"24/7 emergency board-up and tarping in Dunedin, FL. IICRC-certified, insurance billing accepted. Call (813) 829-1091.",emergency board-up and tarping dunedin,emergency board up|roof tarping|emergency tarping service|fire damage board up|broken window board up,local_emergency,,,900,hero|og|inline-1|inline-2,service|local-business|faq|breadcrumb-list,/services/emergency-board-up-tarping/|/service-areas/dunedin-fl/|/service-areas/dunedin-fl/fire-damage-restoration/|/service-areas/dunedin-fl/mold-remediation/|/service-areas/apollo-beach-fl/emergency-board-up-tarping/|/service-areas/auburndale-fl/emergency-board-up-tarping/|/contact/,4.90,planned
/service-areas/lakeland-fl/emergency-board-up-tarping/,service-area-service,"Emergency Board-Up and Tarping in Lakeland, FL | DRYCOR RESTORE",Emergency Board-Up and Tarping in Lakeland,"24/7 emergency board-up and tarping in Lakeland, FL. IICRC-certified, insurance billing accepted. Call (813) 829-1091.",emergency board-up and tarping lakeland,emergency board up|roof tarping|emergency tarping service|fire damage board up|broken window board up,local_emergency,,,900,hero|og|inline-1|inline-2,service|local-business|faq|breadcrumb-list,/services/emergency-board-up-tarping/|/service-areas/lakeland-fl/|/service-areas/lakeland-fl/fire-damage-restoration/|/service-areas/lakeland-fl/mold-remediation/|/service-areas/apollo-beach-fl/emergency-board-up-tarping/|/service-areas/auburndale-fl/emergency-board-up-tarping/|/contact/,4.90,planned
/service-areas/land-o-lakes-fl/emergency-board-up-tarping/,service-area-service,"Emergency Board-Up and Tarping in Land O' Lakes, FL | DRYCOR RESTORE",Emergency Board-Up and Tarping in Land O' Lakes,"24/7 emergency board-up and tarping in Land O' Lakes, FL. IICRC-certified, insurance billing accepted. Call (813) 829-1091.",emergency board-up and tarping land o' lakes,emergency board up|roof tarping|emergency tarping service|fire damage board up|broken window board up,local_emergency,,,900,hero|og|inline-1|inline-2,service|local-business|faq|breadcrumb-list,/services/emergency-board-up-tarping/|/service-areas/land-o-lakes-fl/|/service-areas/land-o-lakes-fl/fire-damage-restoration/|/service-areas/land-o-lakes-fl/mold-remediation/|/service-areas/apollo-beach-fl/emergency-board-up-tarping/|/service-areas/auburndale-fl/emergency-board-up-tarping/|/contact/,4.90,planned
/service-areas/largo-fl/emergency-board-up-tarping/,service-area-service,"Emergency Board-Up and Tarping in Largo, FL | DRYCOR RESTORE",Emergency Board-Up and Tarping in Largo,"24/7 emergency board-up and tarping in Largo, FL. IICRC-certified, insurance billing accepted. Call (813) 829-1091.",emergency board-up and tarping largo,emergency board up|roof tarping|emergency tarping service|fire damage board up|broken window board up,local_emergency,,,900,hero|og|inline-1|inline-2,service|local-business|faq|breadcrumb-list,/services/emergency-board-up-tarping/|/service-areas/largo-fl/|/service-areas/largo-fl/fire-damage-restoration/|/service-areas/largo-fl/mold-remediation/|/service-areas/apollo-beach-fl/emergency-board-up-tarping/|/service-areas/auburndale-fl/emergency-board-up-tarping/|/contact/,4.90,planned
/service-areas/lutz-fl/emergency-board-up-tarping/,service-area-service,"Emergency Board-Up and Tarping in Lutz, FL | DRYCOR RESTORE",Emergency Board-Up and Tarping in Lutz,"24/7 emergency board-up and tarping in Lutz, FL. IICRC-certified, insurance billing accepted. Call (813) 829-1091.",emergency board-up and tarping lutz,emergency board up|roof tarping|emergency tarping service|fire damage board up|broken window board up,local_emergency,,,900,hero|og|inline-1|inline-2,service|local-business|faq|breadcrumb-list,/services/emergency-board-up-tarping/|/service-areas/lutz-fl/|/service-areas/lutz-fl/fire-damage-restoration/|/service-areas/lutz-fl/mold-remediation/|/service-areas/apollo-beach-fl/emergency-board-up-tarping/|/service-areas/auburndale-fl/emergency-board-up-tarping/|/contact/,4.90,planned
/service-areas/new-port-richey-fl/emergency-board-up-tarping/,service-area-service,"Emergency Board-Up and Tarping in New Port Richey, FL | DRYCOR RESTORE",Emergency Board-Up and Tarping in New Port Richey,"24/7 emergency board-up and tarping in New Port Richey, FL. IICRC-certified, insurance billing accepted. Call (813) 829-1091.",emergency board-up and tarping new port richey,emergency board up|roof tarping|emergency tarping service|fire damage board up|broken window board up,local_emergency,,,900,hero|og|inline-1|inline-2,service|local-business|faq|breadcrumb-list,/services/emergency-board-up-tarping/|/service-areas/new-port-richey-fl/|/service-areas/new-port-richey-fl/fire-damage-restoration/|/service-areas/new-port-richey-fl/mold-remediation/|/service-areas/apollo-beach-fl/emergency-board-up-tarping/|/service-areas/auburndale-fl/emergency-board-up-tarping/|/contact/,4.90,planned
/service-areas/palm-harbor-fl/emergency-board-up-tarping/,service-area-service,"Emergency Board-Up and Tarping in Palm Harbor, FL | DRYCOR RESTORE",Emergency Board-Up and Tarping in Palm Harbor,"24/7 emergency board-up and tarping in Palm Harbor, FL. IICRC-certified, insurance billing accepted. Call (813) 829-1091.",emergency board-up and tarping palm harbor,emergency board up|roof tarping|emergency tarping service|fire damage board up|broken window board up,local_emergency,,,900,hero|og|inline-1|inline-2,service|local-business|faq|breadcrumb-list,/services/emergency-board-up-tarping/|/service-areas/palm-harbor-fl/|/service-areas/palm-harbor-fl/fire-damage-restoration/|/service-areas/palm-harbor-fl/mold-remediation/|/service-areas/apollo-beach-fl/emergency-board-up-tarping/|/service-areas/auburndale-fl/emergency-board-up-tarping/|/contact/,4.90,planned
/service-areas/palmetto-fl/emergency-board-up-tarping/,service-area-service,"Emergency Board-Up and Tarping in Palmetto, FL | DRYCOR RESTORE",Emergency Board-Up and Tarping in Palmetto,"24/7 emergency board-up and tarping in Palmetto, FL. IICRC-certified, insurance billing accepted. Call (813) 829-1091.",emergency board-up and tarping palmetto,emergency board up|roof tarping|emergency tarping service|fire damage board up|broken window board up,local_emergency,,,900,hero|og|inline-1|inline-2,service|local-business|faq|breadcrumb-list,/services/emergency-board-up-tarping/|/service-areas/palmetto-fl/|/service-areas/palmetto-fl/fire-damage-restoration/|/service-areas/palmetto-fl/mold-remediation/|/service-areas/apollo-beach-fl/emergency-board-up-tarping/|/service-areas/auburndale-fl/emergency-board-up-tarping/|/contact/,4.90,planned
/service-areas/pinellas-park-fl/emergency-board-up-tarping/,service-area-service,"Emergency Board-Up and Tarping in Pinellas Park, FL | DRYCOR RESTORE",Emergency Board-Up and Tarping in Pinellas Park,"24/7 emergency board-up and tarping in Pinellas Park, FL. IICRC-certified, insurance billing accepted. Call (813) 829-1091.",emergency board-up and tarping pinellas park,emergency board up|roof tarping|emergency tarping service|fire damage board up|broken window board up,local_emergency,,,900,hero|og|inline-1|inline-2,service|local-business|faq|breadcrumb-list,/services/emergency-board-up-tarping/|/service-areas/pinellas-park-fl/|/service-areas/pinellas-park-fl/fire-damage-restoration/|/service-areas/pinellas-park-fl/mold-remediation/|/service-areas/apollo-beach-fl/emergency-board-up-tarping/|/service-areas/auburndale-fl/emergency-board-up-tarping/|/contact/,4.90,planned
/service-areas/plant-city-fl/emergency-board-up-tarping/,service-area-service,"Emergency Board-Up and Tarping in Plant City, FL | DRYCOR RESTORE",Emergency Board-Up and Tarping in Plant City,"24/7 emergency board-up and tarping in Plant City, FL. IICRC-certified, insurance billing accepted. Call (813) 829-1091.",emergency board-up and tarping plant city,emergency board up|roof tarping|emergency tarping service|fire damage board up|broken window board up,local_emergency,,,900,hero|og|inline-1|inline-2,service|local-business|faq|breadcrumb-list,/services/emergency-board-up-tarping/|/service-areas/plant-city-fl/|/service-areas/plant-city-fl/fire-damage-restoration/|/service-areas/plant-city-fl/mold-remediation/|/service-areas/apollo-beach-fl/emergency-board-up-tarping/|/service-areas/auburndale-fl/emergency-board-up-tarping/|/contact/,4.90,planned
/service-areas/riverview-fl/emergency-board-up-tarping/,service-area-service,"Emergency Board-Up and Tarping in Riverview, FL | DRYCOR RESTORE",Emergency Board-Up and Tarping in Riverview,"24/7 emergency board-up and tarping in Riverview, FL. IICRC-certified, insurance billing accepted. Call (813) 829-1091.",emergency board-up and tarping riverview,emergency board up|roof tarping|emergency tarping service|fire damage board up|broken window board up,local_emergency,,,900,hero|og|inline-1|inline-2,service|local-business|faq|breadcrumb-list,/services/emergency-board-up-tarping/|/service-areas/riverview-fl/|/service-areas/riverview-fl/fire-damage-restoration/|/service-areas/riverview-fl/mold-remediation/|/service-areas/apollo-beach-fl/emergency-board-up-tarping/|/service-areas/auburndale-fl/emergency-board-up-tarping/|/contact/,4.90,planned
/service-areas/ruskin-fl/emergency-board-up-tarping/,service-area-service,"Emergency Board-Up and Tarping in Ruskin, FL | DRYCOR RESTORE",Emergency Board-Up and Tarping in Ruskin,"24/7 emergency board-up and tarping in Ruskin, FL. IICRC-certified, insurance billing accepted. Call (813) 829-1091.",emergency board-up and tarping ruskin,emergency board up|roof tarping|emergency tarping service|fire damage board up|broken window board up,local_emergency,,,900,hero|og|inline-1|inline-2,service|local-business|faq|breadcrumb-list,/services/emergency-board-up-tarping/|/service-areas/ruskin-fl/|/service-areas/ruskin-fl/fire-damage-restoration/|/service-areas/ruskin-fl/mold-remediation/|/service-areas/apollo-beach-fl/emergency-board-up-tarping/|/service-areas/auburndale-fl/emergency-board-up-tarping/|/contact/,4.90,planned
/service-areas/seffner-fl/emergency-board-up-tarping/,service-area-service,"Emergency Board-Up and Tarping in Seffner, FL | DRYCOR RESTORE",Emergency Board-Up and Tarping in Seffner,"24/7 emergency board-up and tarping in Seffner, FL. IICRC-certified, insurance billing accepted. Call (813) 829-1091.",emergency board-up and tarping seffner,emergency board up|roof tarping|emergency tarping service|fire damage board up|broken window board up,local_emergency,,,900,hero|og|inline-1|inline-2,service|local-business|faq|breadcrumb-list,/services/emergency-board-up-tarping/|/service-areas/seffner-fl/|/service-areas/seffner-fl/fire-damage-restoration/|/service-areas/seffner-fl/mold-remediation/|/service-areas/apollo-beach-fl/emergency-board-up-tarping/|/service-areas/auburndale-fl/emergency-board-up-tarping/|/contact/,4.90,planned
/service-areas/st-petersburg-fl/emergency-board-up-tarping/,service-area-service,"Emergency Board-Up and Tarping in St. Petersburg, FL | DRYCOR RESTORE",Emergency Board-Up and Tarping in St. Petersburg,"24/7 emergency board-up and tarping in St. Petersburg, FL. IICRC-certified, insurance billing accepted. Call (813) 829-1091.",emergency board-up and tarping st. petersburg,emergency board up|roof tarping|emergency tarping service|fire damage board up|broken window board up,local_emergency,,,900,hero|og|inline-1|inline-2,service|local-business|faq|breadcrumb-list,/services/emergency-board-up-tarping/|/service-areas/st-petersburg-fl/|/service-areas/st-petersburg-fl/fire-damage-restoration/|/service-areas/st-petersburg-fl/mold-remediation/|/service-areas/apollo-beach-fl/emergency-board-up-tarping/|/service-areas/auburndale-fl/emergency-board-up-tarping/|/contact/,4.90,planned
/service-areas/tampa-fl/emergency-board-up-tarping/,service-area-service,"Emergency Board-Up and Tarping in Tampa, FL | DRYCOR RESTORE",Emergency Board-Up and Tarping in Tampa,"24/7 emergency board-up and tarping in Tampa, FL. IICRC-certified, insurance billing accepted. Call (813) 829-1091.",emergency board-up and tarping tampa,emergency board up|roof tarping|emergency tarping service|fire damage board up|broken window board up,local_emergency,,,900,hero|og|inline-1|inline-2,service|local-business|faq|breadcrumb-list,/services/emergency-board-up-tarping/|/service-areas/tampa-fl/|/service-areas/tampa-fl/fire-damage-restoration/|/service-areas/tampa-fl/mold-remediation/|/service-areas/apollo-beach-fl/emergency-board-up-tarping/|/service-areas/auburndale-fl/emergency-board-up-tarping/|/contact/,4.90,planned
/service-areas/temple-terrace-fl/emergency-board-up-tarping/,service-area-service,"Emergency Board-Up and Tarping in Temple Terrace, FL | DRYCOR RESTORE",Emergency Board-Up and Tarping in Temple Terrace,"24/7 emergency board-up and tarping in Temple Terrace, FL. IICRC-certified, insurance billing accepted. Call (813) 829-1091.",emergency board-up and tarping temple terrace,emergency board up|roof tarping|emergency tarping service|fire damage board up|broken window board up,local_emergency,,,900,hero|og|inline-1|inline-2,service|local-business|faq|breadcrumb-list,/services/emergency-board-up-tarping/|/service-areas/temple-terrace-fl/|/service-areas/temple-terrace-fl/fire-damage-restoration/|/service-areas/temple-terrace-fl/mold-remediation/|/service-areas/apollo-beach-fl/emergency-board-up-tarping/|/service-areas/auburndale-fl/emergency-board-up-tarping/|/contact/,4.90,planned
/service-areas/valrico-fl/emergency-board-up-tarping/,service-area-service,"Emergency Board-Up and Tarping in Valrico, FL | DRYCOR RESTORE",Emergency Board-Up and Tarping in Valrico,"24/7 emergency board-up and tarping in Valrico, FL. IICRC-certified, insurance billing accepted. Call (813) 829-1091.",emergency board-up and tarping valrico,emergency board up|roof tarping|emergency tarping service|fire damage board up|broken window board up,local_emergency,,,900,hero|og|inline-1|inline-2,service|local-business|faq|breadcrumb-list,/services/emergency-board-up-tarping/|/service-areas/valrico-fl/|/service-areas/valrico-fl/fire-damage-restoration/|/service-areas/valrico-fl/mold-remediation/|/service-areas/apollo-beach-fl/emergency-board-up-tarping/|/service-areas/auburndale-fl/emergency-board-up-tarping/|/contact/,4.90,planned
/service-areas/wesley-chapel-fl/emergency-board-up-tarping/,service-area-service,"Emergency Board-Up and Tarping in Wesley Chapel, FL | DRYCOR RESTORE",Emergency Board-Up and Tarping in Wesley Chapel,"24/7 emergency board-up and tarping in Wesley Chapel, FL. IICRC-certified, insurance billing accepted. Call (813) 829-1091.",emergency board-up and tarping wesley chapel,emergency board up|roof tarping|emergency tarping service|fire damage board up|broken window board up,local_emergency,,,900,hero|og|inline-1|inline-2,service|local-business|faq|breadcrumb-list,/services/emergency-board-up-tarping/|/service-areas/wesley-chapel-fl/|/service-areas/wesley-chapel-fl/fire-damage-restoration/|/service-areas/wesley-chapel-fl/mold-remediation/|/service-areas/apollo-beach-fl/emergency-board-up-tarping/|/service-areas/auburndale-fl/emergency-board-up-tarping/|/contact/,4.90,planned
/service-areas/winter-haven-fl/emergency-board-up-tarping/,service-area-service,"Emergency Board-Up and Tarping in Winter Haven, FL | DRYCOR RESTORE",Emergency Board-Up and Tarping in Winter Haven,"24/7 emergency board-up and tarping in Winter Haven, FL. IICRC-certified, insurance billing accepted. Call (813) 829-1091.",emergency board-up and tarping winter haven,emergency board up|roof tarping|emergency tarping service|fire damage board up|broken window board up,local_emergency,,,900,hero|og|inline-1|inline-2,service|local-business|faq|breadcrumb-list,/services/emergency-board-up-tarping/|/service-areas/winter-haven-fl/|/service-areas/winter-haven-fl/fire-damage-restoration/|/service-areas/winter-haven-fl/mold-remediation/|/service-areas/apollo-beach-fl/emergency-board-up-tarping/|/service-areas/auburndale-fl/emergency-board-up-tarping/|/contact/,4.90,planned
/service-areas/zephyrhills-fl/emergency-board-up-tarping/,service-area-service,"Emergency Board-Up and Tarping in Zephyrhills, FL | DRYCOR RESTORE",Emergency Board-Up and Tarping in Zephyrhills,"24/7 emergency board-up and tarping in Zephyrhills, FL. IICRC-certified, insurance billing accepted. Call (813) 829-1091.",emergency board-up and tarping zephyrhills,emergency board up|roof tarping|emergency tarping service|fire damage board up|broken window board up,local_emergency,,,900,hero|og|inline-1|inline-2,service|local-business|faq|breadcrumb-list,/services/emergency-board-up-tarping/|/service-areas/zephyrhills-fl/|/service-areas/zephyrhills-fl/fire-damage-restoration/|/service-areas/zephyrhills-fl/mold-remediation/|/service-areas/apollo-beach-fl/emergency-board-up-tarping/|/service-areas/auburndale-fl/emergency-board-up-tarping/|/contact/,4.90,planned
/blog/black-mold-vs-regular-mold/,blog-post,Black Mold vs Regular Mold: How To Tell the Difference,Black Mold vs Regular Mold: How To Tell the Difference,,black mold vs regular mold how to tell the difference,mold remediation,informational_health,,,1400,hero|og|inline-1|inline-2,blog-posting|faq|breadcrumb-list,/blog/|/services/mold-remediation/|/blog/choosing-a-restoration-company/|/blog/how-to-test-for-mold/|/blog/signs-of-hidden-mold/,4.80,planned
/service-areas/apollo-beach-fl/,service-area,"Restoration Services in Apollo Beach, FL | DRYCOR RESTORE",Restoration Services in Apollo Beach,"Serving Apollo Beach, FL with 24/7 water, fire, mold, and storm damage restoration. IICRC-certified team. Call (813) 829-1091.",restoration services apollo beach,apollo beach restoration company|damage restoration apollo beach|apollo beach disaster restoration,local_commercial,,,900,hero|og|inline-1,local-business|service|breadcrumb-list,/service-areas/|/contact/|/service-areas/apollo-beach-fl/fire-damage-restoration/|/service-areas/apollo-beach-fl/mold-remediation/|/service-areas/apollo-beach-fl/water-damage-restoration/|/service-areas/apollo-beach-fl/sewage-cleanup/|/service-areas/apollo-beach-fl/storm-damage-restoration/|/service-areas/apollo-beach-fl/water-cleanup/|/service-areas/apollo-beach-fl/general-contracting/|/service-areas/apollo-beach-fl/emergency-board-up-tarping/|/service-areas/apollo-beach-fl/contents-restoration-storage/|/service-areas/auburndale-fl/|/service-areas/bradenton-fl/|/service-areas/brandon-fl/,4.80,planned
/service-areas/auburndale-fl/,service-area,"Restoration Services in Auburndale, FL | DRYCOR RESTORE",Restoration Services in Auburndale,"Serving Auburndale, FL with 24/7 water, fire, mold, and storm damage restoration. IICRC-certified team. Call (813) 829-1091.",restoration services auburndale,auburndale restoration company|damage restoration auburndale|auburndale disaster restoration,local_commercial,,,900,hero|og|inline-1,local-business|service|breadcrumb-list,/service-areas/|/contact/|/service-areas/auburndale-fl/fire-damage-restoration/|/service-areas/auburndale-fl/mold-remediation/|/service-areas/auburndale-fl/water-damage-restoration/|/service-areas/auburndale-fl/sewage-cleanup/|/service-areas/auburndale-fl/storm-damage-restoration/|/service-areas/auburndale-fl/water-cleanup/|/service-areas/auburndale-fl/general-contracting/|/service-areas/auburndale-fl/emergency-board-up-tarping/|/service-areas/auburndale-fl/contents-restoration-storage/|/service-areas/apollo-beach-fl/|/service-areas/bradenton-fl/|/service-areas/brandon-fl/,4.80,planned
/service-areas/bradenton-fl/,service-area,"Restoration Services in Bradenton, FL | DRYCOR RESTORE",Restoration Services in Bradenton,"Serving Bradenton, FL with 24/7 water, fire, mold, and storm damage restoration. IICRC-certified team. Call (813) 829-1091.",restoration services bradenton,bradenton restoration company|damage restoration bradenton|bradenton disaster restoration,local_commercial,,,900,hero|og|inline-1,local-business|service|breadcrumb-list,/service-areas/|/contact/|/service-areas/bradenton-fl/fire-damage-restoration/|/service-areas/bradenton-fl/mold-remediation/|/service-areas/bradenton-fl/water-damage-restoration/|/service-areas/bradenton-fl/sewage-cleanup/|/service-areas/bradenton-fl/storm-damage-restoration/|/service-areas/bradenton-fl/water-cleanup/|/service-areas/bradenton-fl/general-contracting/|/service-areas/bradenton-fl/emergency-board-up-tarping/|/service-areas/bradenton-fl/contents-restoration-storage/|/service-areas/apollo-beach-fl/|/service-areas/auburndale-fl/|/service-areas/brandon-fl/,4.80,planned
/service-areas/brandon-fl/,service-area,"Restoration Services in Brandon, FL | DRYCOR RESTORE",Restoration Services in Brandon,"Serving Brandon, FL with 24/7 water, fire, mold, and storm damage restoration. IICRC-certified team. Call (813) 829-1091.",restoration services brandon,brandon restoration company|damage restoration brandon|brandon disaster restoration,local_commercial,,,900,hero|og|inline-1,local-business|service|breadcrumb-list,/service-areas/|/contact/|/service-areas/brandon-fl/fire-damage-restoration/|/service-areas/brandon-fl/mold-remediation/|/service-areas/brandon-fl/water-damage-restoration/|/service-areas/brandon-fl/sewage-cleanup/|/service-areas/brandon-fl/storm-damage-restoration/|/service-areas/brandon-fl/water-cleanup/|/service-areas/brandon-fl/general-contracting/|/service-areas/brandon-fl/emergency-board-up-tarping/|/service-areas/brandon-fl/contents-restoration-storage/|/service-areas/apollo-beach-fl/|/service-areas/auburndale-fl/|/service-areas/bradenton-fl/,4.80,planned
/service-areas/clearwater-fl/,service-area,"Restoration Services in Clearwater, FL | DRYCOR RESTORE",Restoration Services in Clearwater,"Serving Clearwater, FL with 24/7 water, fire, mold, and storm damage restoration. IICRC-certified team. Call (813) 829-1091.",restoration services clearwater,clearwater restoration company|damage restoration clearwater|clearwater disaster restoration,local_commercial,,,900,hero|og|inline-1,local-business|service|breadcrumb-list,/service-areas/|/contact/|/service-areas/clearwater-fl/fire-damage-restoration/|/service-areas/clearwater-fl/mold-remediation/|/service-areas/clearwater-fl/water-damage-restoration/|/service-areas/clearwater-fl/sewage-cleanup/|/service-areas/clearwater-fl/storm-damage-restoration/|/service-areas/clearwater-fl/water-cleanup/|/service-areas/clearwater-fl/general-contracting/|/service-areas/clearwater-fl/emergency-board-up-tarping/|/service-areas/clearwater-fl/contents-restoration-storage/|/service-areas/apollo-beach-fl/|/service-areas/auburndale-fl/|/service-areas/bradenton-fl/,4.80,planned
/service-areas/dover-fl/,service-area,"Restoration Services in Dover, FL | DRYCOR RESTORE",Restoration Services in Dover,"Serving Dover, FL with 24/7 water, fire, mold, and storm damage restoration. IICRC-certified team. Call (813) 829-1091.",restoration services dover,dover restoration company|damage restoration dover|dover disaster restoration,local_commercial,,,900,hero|og|inline-1,local-business|service|breadcrumb-list,/service-areas/|/contact/|/service-areas/dover-fl/fire-damage-restoration/|/service-areas/dover-fl/mold-remediation/|/service-areas/dover-fl/water-damage-restoration/|/service-areas/dover-fl/sewage-cleanup/|/service-areas/dover-fl/storm-damage-restoration/|/service-areas/dover-fl/water-cleanup/|/service-areas/dover-fl/general-contracting/|/service-areas/dover-fl/emergency-board-up-tarping/|/service-areas/dover-fl/contents-restoration-storage/|/service-areas/apollo-beach-fl/|/service-areas/auburndale-fl/|/service-areas/bradenton-fl/,4.80,planned
/service-areas/dunedin-fl/,service-area,"Restoration Services in Dunedin, FL | DRYCOR RESTORE",Restoration Services in Dunedin,"Serving Dunedin, FL with 24/7 water, fire, mold, and storm damage restoration. IICRC-certified team. Call (813) 829-1091.",restoration services dunedin,dunedin restoration company|damage restoration dunedin|dunedin disaster restoration,local_commercial,,,900,hero|og|inline-1,local-business|service|breadcrumb-list,/service-areas/|/contact/|/service-areas/dunedin-fl/fire-damage-restoration/|/service-areas/dunedin-fl/mold-remediation/|/service-areas/dunedin-fl/water-damage-restoration/|/service-areas/dunedin-fl/sewage-cleanup/|/service-areas/dunedin-fl/storm-damage-restoration/|/service-areas/dunedin-fl/water-cleanup/|/service-areas/dunedin-fl/general-contracting/|/service-areas/dunedin-fl/emergency-board-up-tarping/|/service-areas/dunedin-fl/contents-restoration-storage/|/service-areas/apollo-beach-fl/|/service-areas/auburndale-fl/|/service-areas/bradenton-fl/,4.80,planned
/service-areas/lakeland-fl/,service-area,"Restoration Services in Lakeland, FL | DRYCOR RESTORE",Restoration Services in Lakeland,"Serving Lakeland, FL with 24/7 water, fire, mold, and storm damage restoration. IICRC-certified team. Call (813) 829-1091.",restoration services lakeland,lakeland restoration company|damage restoration lakeland|lakeland disaster restoration,local_commercial,,,900,hero|og|inline-1,local-business|service|breadcrumb-list,/service-areas/|/contact/|/service-areas/lakeland-fl/fire-damage-restoration/|/service-areas/lakeland-fl/mold-remediation/|/service-areas/lakeland-fl/water-damage-restoration/|/service-areas/lakeland-fl/sewage-cleanup/|/service-areas/lakeland-fl/storm-damage-restoration/|/service-areas/lakeland-fl/water-cleanup/|/service-areas/lakeland-fl/general-contracting/|/service-areas/lakeland-fl/emergency-board-up-tarping/|/service-areas/lakeland-fl/contents-restoration-storage/|/service-areas/apollo-beach-fl/|/service-areas/auburndale-fl/|/service-areas/bradenton-fl/,4.80,planned
/service-areas/land-o-lakes-fl/,service-area,"Restoration Services in Land O' Lakes, FL | DRYCOR RESTORE",Restoration Services in Land O' Lakes,"Serving Land O' Lakes, FL with 24/7 water, fire, mold, and storm damage restoration. IICRC-certified team. Call (813) 829-1091.",restoration services land o' lakes,land o' lakes restoration company|damage restoration land o' lakes|land o' lakes disaster restoration,local_commercial,,,900,hero|og|inline-1,local-business|service|breadcrumb-list,/service-areas/|/contact/|/service-areas/land-o-lakes-fl/fire-damage-restoration/|/service-areas/land-o-lakes-fl/mold-remediation/|/service-areas/land-o-lakes-fl/water-damage-restoration/|/service-areas/land-o-lakes-fl/sewage-cleanup/|/service-areas/land-o-lakes-fl/storm-damage-restoration/|/service-areas/land-o-lakes-fl/water-cleanup/|/service-areas/land-o-lakes-fl/general-contracting/|/service-areas/land-o-lakes-fl/emergency-board-up-tarping/|/service-areas/land-o-lakes-fl/contents-restoration-storage/|/service-areas/apollo-beach-fl/|/service-areas/auburndale-fl/|/service-areas/bradenton-fl/,4.80,planned
/service-areas/largo-fl/,service-area,"Restoration Services in Largo, FL | DRYCOR RESTORE",Restoration Services in Largo,"Serving Largo, FL with 24/7 water, fire, mold, and storm damage restoration. IICRC-certified team. Call (813) 829-1091.",restoration services largo,largo restoration company|damage restoration largo|largo disaster restoration,local_commercial,,,900,hero|og|inline-1,local-business|service|breadcrumb-list,/service-areas/|/contact/|/service-areas/largo-fl/fire-damage-restoration/|/service-areas/largo-fl/mold-remediation/|/service-areas/largo-fl/water-damage-restoration/|/service-areas/largo-fl/sewage-cleanup/|/service-areas/largo-fl/storm-damage-restoration/|/service-areas/largo-fl/water-cleanup/|/service-areas/largo-fl/general-contracting/|/service-areas/largo-fl/emergency-board-up-tarping/|/service-areas/largo-fl/contents-restoration-storage/|/service-areas/apollo-beach-fl/|/service-areas/auburndale-fl/|/service-areas/bradenton-fl/,4.80,planned
/service-areas/lutz-fl/,service-area,"Restoration Services in Lutz, FL | DRYCOR RESTORE",Restoration Services in Lutz,"Serving Lutz, FL with 24/7 water, fire, mold, and storm damage restoration. IICRC-certified team. Call (813) 829-1091.",restoration services lutz,lutz restoration company|damage restoration lutz|lutz disaster restoration,local_commercial,,,900,hero|og|inline-1,local-business|service|breadcrumb-list,/service-areas/|/contact/|/service-areas/lutz-fl/fire-damage-restoration/|/service-areas/lutz-fl/mold-remediation/|/service-areas/lutz-fl/water-damage-restoration/|/service-areas/lutz-fl/sewage-cleanup/|/service-areas/lutz-fl/storm-damage-restoration/|/service-areas/lutz-fl/water-cleanup/|/service-areas/lutz-fl/general-contracting/|/service-areas/lutz-fl/emergency-board-up-tarping/|/service-areas/lutz-fl/contents-restoration-storage/|/service-areas/apollo-beach-fl/|/service-areas/auburndale-fl/|/service-areas/bradenton-fl/,4.80,planned
/service-areas/new-port-richey-fl/,service-area,"Restoration Services in New Port Richey, FL | DRYCOR RESTORE",Restoration Services in New Port Richey,"Serving New Port Richey, FL with 24/7 water, fire, mold, and storm damage restoration. IICRC-certified team. Call (813) 829-1091.",restoration services new port richey,new port richey restoration company|damage restoration new port richey|new port richey disaster restoration,local_commercial,,,900,hero|og|inline-1,local-business|service|breadcrumb-list,/service-areas/|/contact/|/service-areas/new-port-richey-fl/fire-damage-restoration/|/service-areas/new-port-richey-fl/mold-remediation/|/service-areas/new-port-richey-fl/water-damage-restoration/|/service-areas/new-port-richey-fl/sewage-cleanup/|/service-areas/new-port-richey-fl/storm-damage-restoration/|/service-areas/new-port-richey-fl/water-cleanup/|/service-areas/new-port-richey-fl/general-contracting/|/service-areas/new-port-richey-fl/emergency-board-up-tarping/|/service-areas/new-port-richey-fl/contents-restoration-storage/|/service-areas/apollo-beach-fl/|/service-areas/auburndale-fl/|/service-areas/bradenton-fl/,4.80,planned
/service-areas/palm-harbor-fl/,service-area,"Restoration Services in Palm Harbor, FL | DRYCOR RESTORE",Restoration Services in Palm Harbor,"Serving Palm Harbor, FL with 24/7 water, fire, mold, and storm damage restoration. IICRC-certified team. Call (813) 829-1091.",restoration services palm harbor,palm harbor restoration company|damage restoration palm harbor|palm harbor disaster restoration,local_commercial,,,900,hero|og|inline-1,local-business|service|breadcrumb-list,/service-areas/|/contact/|/service-areas/palm-harbor-fl/fire-damage-restoration/|/service-areas/palm-harbor-fl/mold-remediation/|/service-areas/palm-harbor-fl/water-damage-restoration/|/service-areas/palm-harbor-fl/sewage-cleanup/|/service-areas/palm-harbor-fl/storm-damage-restoration/|/service-areas/palm-harbor-fl/water-cleanup/|/service-areas/palm-harbor-fl/general-contracting/|/service-areas/palm-harbor-fl/emergency-board-up-tarping/|/service-areas/palm-harbor-fl/contents-restoration-storage/|/service-areas/apollo-beach-fl/|/service-areas/auburndale-fl/|/service-areas/bradenton-fl/,4.80,planned
/service-areas/palmetto-fl/,service-area,"Restoration Services in Palmetto, FL | DRYCOR RESTORE",Restoration Services in Palmetto,"Serving Palmetto, FL with 24/7 water, fire, mold, and storm damage restoration. IICRC-certified team. Call (813) 829-1091.",restoration services palmetto,palmetto restoration company|damage restoration palmetto|palmetto disaster restoration,local_commercial,,,900,hero|og|inline-1,local-business|service|breadcrumb-list,/service-areas/|/contact/|/service-areas/palmetto-fl/fire-damage-restoration/|/service-areas/palmetto-fl/mold-remediation/|/service-areas/palmetto-fl/water-damage-restoration/|/service-areas/palmetto-fl/sewage-cleanup/|/service-areas/palmetto-fl/storm-damage-restoration/|/service-areas/palmetto-fl/water-cleanup/|/service-areas/palmetto-fl/general-contracting/|/service-areas/palmetto-fl/emergency-board-up-tarping/|/service-areas/palmetto-fl/contents-restoration-storage/|/service-areas/apollo-beach-fl/|/service-areas/auburndale-fl/|/service-areas/bradenton-fl/,4.80,planned
/service-areas/pinellas-park-fl/,service-area,"Restoration Services in Pinellas Park, FL | DRYCOR RESTORE",Restoration Services in Pinellas Park,"Serving Pinellas Park, FL with 24/7 water, fire, mold, and storm damage restoration. IICRC-certified team. Call (813) 829-1091.",restoration services pinellas park,pinellas park restoration company|damage restoration pinellas park|pinellas park disaster restoration,local_commercial,,,900,hero|og|inline-1,local-business|service|breadcrumb-list,/service-areas/|/contact/|/service-areas/pinellas-park-fl/fire-damage-restoration/|/service-areas/pinellas-park-fl/mold-remediation/|/service-areas/pinellas-park-fl/water-damage-restoration/|/service-areas/pinellas-park-fl/sewage-cleanup/|/service-areas/pinellas-park-fl/storm-damage-restoration/|/service-areas/pinellas-park-fl/water-cleanup/|/service-areas/pinellas-park-fl/general-contracting/|/service-areas/pinellas-park-fl/emergency-board-up-tarping/|/service-areas/pinellas-park-fl/contents-restoration-storage/|/service-areas/apollo-beach-fl/|/service-areas/auburndale-fl/|/service-areas/bradenton-fl/,4.80,planned
/service-areas/plant-city-fl/,service-area,"Restoration Services in Plant City, FL | DRYCOR RESTORE",Restoration Services in Plant City,"Serving Plant City, FL with 24/7 water, fire, mold, and storm damage restoration. IICRC-certified team. Call (813) 829-1091.",restoration services plant city,plant city restoration company|damage restoration plant city|plant city disaster restoration,local_commercial,,,900,hero|og|inline-1,local-business|service|breadcrumb-list,/service-areas/|/contact/|/service-areas/plant-city-fl/fire-damage-restoration/|/service-areas/plant-city-fl/mold-remediation/|/service-areas/plant-city-fl/water-damage-restoration/|/service-areas/plant-city-fl/sewage-cleanup/|/service-areas/plant-city-fl/storm-damage-restoration/|/service-areas/plant-city-fl/water-cleanup/|/service-areas/plant-city-fl/general-contracting/|/service-areas/plant-city-fl/emergency-board-up-tarping/|/service-areas/plant-city-fl/contents-restoration-storage/|/service-areas/apollo-beach-fl/|/service-areas/auburndale-fl/|/service-areas/bradenton-fl/,4.80,planned
/service-areas/riverview-fl/,service-area,"Restoration Services in Riverview, FL | DRYCOR RESTORE",Restoration Services in Riverview,"Serving Riverview, FL with 24/7 water, fire, mold, and storm damage restoration. IICRC-certified team. Call (813) 829-1091.",restoration services riverview,riverview restoration company|damage restoration riverview|riverview disaster restoration,local_commercial,,,900,hero|og|inline-1,local-business|service|breadcrumb-list,/service-areas/|/contact/|/service-areas/riverview-fl/fire-damage-restoration/|/service-areas/riverview-fl/mold-remediation/|/service-areas/riverview-fl/water-damage-restoration/|/service-areas/riverview-fl/sewage-cleanup/|/service-areas/riverview-fl/storm-damage-restoration/|/service-areas/riverview-fl/water-cleanup/|/service-areas/riverview-fl/general-contracting/|/service-areas/riverview-fl/emergency-board-up-tarping/|/service-areas/riverview-fl/contents-restoration-storage/|/service-areas/apollo-beach-fl/|/service-areas/auburndale-fl/|/service-areas/bradenton-fl/,4.80,planned
/service-areas/ruskin-fl/,service-area,"Restoration Services in Ruskin, FL | DRYCOR RESTORE",Restoration Services in Ruskin,"Serving Ruskin, FL with 24/7 water, fire, mold, and storm damage restoration. IICRC-certified team. Call (813) 829-1091.",restoration services ruskin,ruskin restoration company|damage restoration ruskin|ruskin disaster restoration,local_commercial,,,900,hero|og|inline-1,local-business|service|breadcrumb-list,/service-areas/|/contact/|/service-areas/ruskin-fl/fire-damage-restoration/|/service-areas/ruskin-fl/mold-remediation/|/service-areas/ruskin-fl/water-damage-restoration/|/service-areas/ruskin-fl/sewage-cleanup/|/service-areas/ruskin-fl/storm-damage-restoration/|/service-areas/ruskin-fl/water-cleanup/|/service-areas/ruskin-fl/general-contracting/|/service-areas/ruskin-fl/emergency-board-up-tarping/|/service-areas/ruskin-fl/contents-restoration-storage/|/service-areas/apollo-beach-fl/|/service-areas/auburndale-fl/|/service-areas/bradenton-fl/,4.80,planned
/service-areas/seffner-fl/,service-area,"Restoration Services in Seffner, FL | DRYCOR RESTORE",Restoration Services in Seffner,"Serving Seffner, FL with 24/7 water, fire, mold, and storm damage restoration. IICRC-certified team. Call (813) 829-1091.",restoration services seffner,seffner restoration company|damage restoration seffner|seffner disaster restoration,local_commercial,,,900,hero|og|inline-1,local-business|service|breadcrumb-list,/service-areas/|/contact/|/service-areas/seffner-fl/fire-damage-restoration/|/service-areas/seffner-fl/mold-remediation/|/service-areas/seffner-fl/water-damage-restoration/|/service-areas/seffner-fl/sewage-cleanup/|/service-areas/seffner-fl/storm-damage-restoration/|/service-areas/seffner-fl/water-cleanup/|/service-areas/seffner-fl/general-contracting/|/service-areas/seffner-fl/emergency-board-up-tarping/|/service-areas/seffner-fl/contents-restoration-storage/|/service-areas/apollo-beach-fl/|/service-areas/auburndale-fl/|/service-areas/bradenton-fl/,4.80,planned
/service-areas/st-petersburg-fl/,service-area,"Restoration Services in St. Petersburg, FL | DRYCOR RESTORE",Restoration Services in St. Petersburg,"Serving St. Petersburg, FL with 24/7 water, fire, mold, and storm damage restoration. IICRC-certified team. Call (813) 829-1091.",restoration services st. petersburg,st. petersburg restoration company|damage restoration st. petersburg|st. petersburg disaster restoration,local_commercial,,,900,hero|og|inline-1,local-business|service|breadcrumb-list,/service-areas/|/contact/|/service-areas/st-petersburg-fl/fire-damage-restoration/|/service-areas/st-petersburg-fl/mold-remediation/|/service-areas/st-petersburg-fl/water-damage-restoration/|/service-areas/st-petersburg-fl/sewage-cleanup/|/service-areas/st-petersburg-fl/storm-damage-restoration/|/service-areas/st-petersburg-fl/water-cleanup/|/service-areas/st-petersburg-fl/general-contracting/|/service-areas/st-petersburg-fl/emergency-board-up-tarping/|/service-areas/st-petersburg-fl/contents-restoration-storage/|/service-areas/apollo-beach-fl/|/service-areas/auburndale-fl/|/service-areas/bradenton-fl/,4.80,planned
/service-areas/tampa-fl/,service-area,"Restoration Services in Tampa, FL | DRYCOR RESTORE",Restoration Services in Tampa,"Serving Tampa, FL with 24/7 water, fire, mold, and storm damage restoration. IICRC-certified team. Call (813) 829-1091.",restoration services tampa,tampa restoration company|damage restoration tampa|tampa disaster restoration,local_commercial,,,900,hero|og|inline-1,local-business|service|breadcrumb-list,/service-areas/|/contact/|/service-areas/tampa-fl/fire-damage-restoration/|/service-areas/tampa-fl/mold-remediation/|/service-areas/tampa-fl/water-damage-restoration/|/service-areas/tampa-fl/sewage-cleanup/|/service-areas/tampa-fl/storm-damage-restoration/|/service-areas/tampa-fl/water-cleanup/|/service-areas/tampa-fl/general-contracting/|/service-areas/tampa-fl/emergency-board-up-tarping/|/service-areas/tampa-fl/contents-restoration-storage/|/service-areas/apollo-beach-fl/|/service-areas/auburndale-fl/|/service-areas/bradenton-fl/,4.80,planned
/service-areas/temple-terrace-fl/,service-area,"Restoration Services in Temple Terrace, FL | DRYCOR RESTORE",Restoration Services in Temple Terrace,"Serving Temple Terrace, FL with 24/7 water, fire, mold, and storm damage restoration. IICRC-certified team. Call (813) 829-1091.",restoration services temple terrace,temple terrace restoration company|damage restoration temple terrace|temple terrace disaster restoration,local_commercial,,,900,hero|og|inline-1,local-business|service|breadcrumb-list,/service-areas/|/contact/|/service-areas/temple-terrace-fl/fire-damage-restoration/|/service-areas/temple-terrace-fl/mold-remediation/|/service-areas/temple-terrace-fl/water-damage-restoration/|/service-areas/temple-terrace-fl/sewage-cleanup/|/service-areas/temple-terrace-fl/storm-damage-restoration/|/service-areas/temple-terrace-fl/water-cleanup/|/service-areas/temple-terrace-fl/general-contracting/|/service-areas/temple-terrace-fl/emergency-board-up-tarping/|/service-areas/temple-terrace-fl/contents-restoration-storage/|/service-areas/apollo-beach-fl/|/service-areas/auburndale-fl/|/service-areas/bradenton-fl/,4.80,planned
/service-areas/valrico-fl/,service-area,"Restoration Services in Valrico, FL | DRYCOR RESTORE",Restoration Services in Valrico,"Serving Valrico, FL with 24/7 water, fire, mold, and storm damage restoration. IICRC-certified team. Call (813) 829-1091.",restoration services valrico,valrico restoration company|damage restoration valrico|valrico disaster restoration,local_commercial,,,900,hero|og|inline-1,local-business|service|breadcrumb-list,/service-areas/|/contact/|/service-areas/valrico-fl/fire-damage-restoration/|/service-areas/valrico-fl/mold-remediation/|/service-areas/valrico-fl/water-damage-restoration/|/service-areas/valrico-fl/sewage-cleanup/|/service-areas/valrico-fl/storm-damage-restoration/|/service-areas/valrico-fl/water-cleanup/|/service-areas/valrico-fl/general-contracting/|/service-areas/valrico-fl/emergency-board-up-tarping/|/service-areas/valrico-fl/contents-restoration-storage/|/service-areas/apollo-beach-fl/|/service-areas/auburndale-fl/|/service-areas/bradenton-fl/,4.80,planned
/service-areas/wesley-chapel-fl/,service-area,"Restoration Services in Wesley Chapel, FL | DRYCOR RESTORE",Restoration Services in Wesley Chapel,"Serving Wesley Chapel, FL with 24/7 water, fire, mold, and storm damage restoration. IICRC-certified team. Call (813) 829-1091.",restoration services wesley chapel,wesley chapel restoration company|damage restoration wesley chapel|wesley chapel disaster restoration,local_commercial,,,900,hero|og|inline-1,local-business|service|breadcrumb-list,/service-areas/|/contact/|/service-areas/wesley-chapel-fl/fire-damage-restoration/|/service-areas/wesley-chapel-fl/mold-remediation/|/service-areas/wesley-chapel-fl/water-damage-restoration/|/service-areas/wesley-chapel-fl/sewage-cleanup/|/service-areas/wesley-chapel-fl/storm-damage-restoration/|/service-areas/wesley-chapel-fl/water-cleanup/|/service-areas/wesley-chapel-fl/general-contracting/|/service-areas/wesley-chapel-fl/emergency-board-up-tarping/|/service-areas/wesley-chapel-fl/contents-restoration-storage/|/service-areas/apollo-beach-fl/|/service-areas/auburndale-fl/|/service-areas/bradenton-fl/,4.80,planned
/service-areas/winter-haven-fl/,service-area,"Restoration Services in Winter Haven, FL | DRYCOR RESTORE",Restoration Services in Winter Haven,"Serving Winter Haven, FL with 24/7 water, fire, mold, and storm damage restoration. IICRC-certified team. Call (813) 829-1091.",restoration services winter haven,winter haven restoration company|damage restoration winter haven|winter haven disaster restoration,local_commercial,,,900,hero|og|inline-1,local-business|service|breadcrumb-list,/service-areas/|/contact/|/service-areas/winter-haven-fl/fire-damage-restoration/|/service-areas/winter-haven-fl/mold-remediation/|/service-areas/winter-haven-fl/water-damage-restoration/|/service-areas/winter-haven-fl/sewage-cleanup/|/service-areas/winter-haven-fl/storm-damage-restoration/|/service-areas/winter-haven-fl/water-cleanup/|/service-areas/winter-haven-fl/general-contracting/|/service-areas/winter-haven-fl/emergency-board-up-tarping/|/service-areas/winter-haven-fl/contents-restoration-storage/|/service-areas/apollo-beach-fl/|/service-areas/auburndale-fl/|/service-areas/bradenton-fl/,4.80,planned
/service-areas/zephyrhills-fl/,service-area,"Restoration Services in Zephyrhills, FL | DRYCOR RESTORE",Restoration Services in Zephyrhills,"Serving Zephyrhills, FL with 24/7 water, fire, mold, and storm damage restoration. IICRC-certified team. Call (813) 829-1091.",restoration services zephyrhills,zephyrhills restoration company|damage restoration zephyrhills|zephyrhills disaster restoration,local_commercial,,,900,hero|og|inline-1,local-business|service|breadcrumb-list,/service-areas/|/contact/|/service-areas/zephyrhills-fl/fire-damage-restoration/|/service-areas/zephyrhills-fl/mold-remediation/|/service-areas/zephyrhills-fl/water-damage-restoration/|/service-areas/zephyrhills-fl/sewage-cleanup/|/service-areas/zephyrhills-fl/storm-damage-restoration/|/service-areas/zephyrhills-fl/water-cleanup/|/service-areas/zephyrhills-fl/general-contracting/|/service-areas/zephyrhills-fl/emergency-board-up-tarping/|/service-areas/zephyrhills-fl/contents-restoration-storage/|/service-areas/apollo-beach-fl/|/service-areas/auburndale-fl/|/service-areas/bradenton-fl/,4.80,planned
/services/contents-restoration-storage/,service-landing,Contents Restoration & Storage in Thonotosassa | DRYCOR RESTORE,Contents Restoration & Storage in Thonotosassa,"24/7 contents restoration & storage in Thonotosassa and surrounding areas. IICRC-certified, insurance billing accepted. Call (813) 829-1091.",contents restoration & storage thonotosassa,,local_specialty,,,1100,hero|og|inline-1|inline-2,service|local-business|faq|breadcrumb-list,/services/|/contact/|/service-areas/apollo-beach-fl/contents-restoration-storage/|/service-areas/auburndale-fl/contents-restoration-storage/|/service-areas/bradenton-fl/contents-restoration-storage/|/service-areas/brandon-fl/contents-restoration-storage/|/service-areas/clearwater-fl/contents-restoration-storage/|/service-areas/dover-fl/contents-restoration-storage/|/service-areas/dunedin-fl/contents-restoration-storage/|/service-areas/lakeland-fl/contents-restoration-storage/|/service-areas/land-o-lakes-fl/contents-restoration-storage/|/service-areas/largo-fl/contents-restoration-storage/|/service-areas/lutz-fl/contents-restoration-storage/|/service-areas/new-port-richey-fl/contents-restoration-storage/,4.50,planned
/services/,services-hub,Restoration Services in Thonotosassa | DRYCOR RESTORE,Our Restoration Services,"Full-service restoration in Thonotosassa: water, fire, mold, storm, biohazard, and commercial restoration. 24/7 response. Call (813) 829-1091.",restoration services thonotosassa,damage restoration services|property restoration services|disaster restoration,local_commercial,,,800,hero|og|inline-1,organization|website|local-business|breadcrumb-list,/|/services/fire-damage-restoration/|/services/mold-remediation/|/services/water-damage-restoration/|/services/sewage-cleanup/|/services/storm-damage-restoration/|/services/water-cleanup/|/services/general-contracting/|/services/emergency-board-up-tarping/|/services/contents-restoration-storage/,4.00,planned
/service-areas/,service-areas-hub,Service Areas | DRYCOR RESTORE Restoration,Areas We Serve,DRYCOR RESTORE provides 24/7 restoration services across Thonotosassa and the surrounding region. Find your city.,drycor restore service areas,restoration service area|cities we serve|local restoration coverage,navigational_local,,,500,hero|og,organization|website|local-business|breadcrumb-list,/|/service-areas/apollo-beach-fl/|/service-areas/auburndale-fl/|/service-areas/bradenton-fl/|/service-areas/brandon-fl/|/service-areas/clearwater-fl/|/service-areas/dover-fl/|/service-areas/dunedin-fl/|/service-areas/lakeland-fl/|/service-areas/land-o-lakes-fl/|/service-areas/largo-fl/|/service-areas/lutz-fl/|/service-areas/new-port-richey-fl/|/service-areas/palm-harbor-fl/|/service-areas/palmetto-fl/|/service-areas/pinellas-park-fl/|/service-areas/plant-city-fl/|/service-areas/riverview-fl/|/service-areas/ruskin-fl/|/service-areas/seffner-fl/|/service-areas/st-petersburg-fl/|/service-areas/tampa-fl/|/service-areas/temple-terrace-fl/|/service-areas/valrico-fl/|/service-areas/wesley-chapel-fl/|/service-areas/winter-haven-fl/|/service-areas/zephyrhills-fl/,3.50,planned
/service-areas/apollo-beach-fl/contents-restoration-storage/,service-area-service,"Contents Restoration & Storage in Apollo Beach, FL | DRYCOR RESTORE",Contents Restoration & Storage in Apollo Beach,"24/7 contents restoration & storage in Apollo Beach, FL. IICRC-certified, insurance billing accepted. Call (813) 829-1091.",contents restoration & storage apollo beach,,local_specialty,,,900,hero|og|inline-1|inline-2,service|local-business|faq|breadcrumb-list,/services/contents-restoration-storage/|/service-areas/apollo-beach-fl/|/service-areas/apollo-beach-fl/fire-damage-restoration/|/service-areas/apollo-beach-fl/mold-remediation/|/service-areas/auburndale-fl/contents-restoration-storage/|/service-areas/bradenton-fl/contents-restoration-storage/|/contact/,3.50,planned
/service-areas/auburndale-fl/contents-restoration-storage/,service-area-service,"Contents Restoration & Storage in Auburndale, FL | DRYCOR RESTORE",Contents Restoration & Storage in Auburndale,"24/7 contents restoration & storage in Auburndale, FL. IICRC-certified, insurance billing accepted. Call (813) 829-1091.",contents restoration & storage auburndale,,local_specialty,,,900,hero|og|inline-1|inline-2,service|local-business|faq|breadcrumb-list,/services/contents-restoration-storage/|/service-areas/auburndale-fl/|/service-areas/auburndale-fl/fire-damage-restoration/|/service-areas/auburndale-fl/mold-remediation/|/service-areas/apollo-beach-fl/contents-restoration-storage/|/service-areas/bradenton-fl/contents-restoration-storage/|/contact/,3.50,planned
/service-areas/bradenton-fl/contents-restoration-storage/,service-area-service,"Contents Restoration & Storage in Bradenton, FL | DRYCOR RESTORE",Contents Restoration & Storage in Bradenton,"24/7 contents restoration & storage in Bradenton, FL. IICRC-certified, insurance billing accepted. Call (813) 829-1091.",contents restoration & storage bradenton,,local_specialty,,,900,hero|og|inline-1|inline-2,service|local-business|faq|breadcrumb-list,/services/contents-restoration-storage/|/service-areas/bradenton-fl/|/service-areas/bradenton-fl/fire-damage-restoration/|/service-areas/bradenton-fl/mold-remediation/|/service-areas/apollo-beach-fl/contents-restoration-storage/|/service-areas/auburndale-fl/contents-restoration-storage/|/contact/,3.50,planned
/service-areas/brandon-fl/contents-restoration-storage/,service-area-service,"Contents Restoration & Storage in Brandon, FL | DRYCOR RESTORE",Contents Restoration & Storage in Brandon,"24/7 contents restoration & storage in Brandon, FL. IICRC-certified, insurance billing accepted. Call (813) 829-1091.",contents restoration & storage brandon,,local_specialty,,,900,hero|og|inline-1|inline-2,service|local-business|faq|breadcrumb-list,/services/contents-restoration-storage/|/service-areas/brandon-fl/|/service-areas/brandon-fl/fire-damage-restoration/|/service-areas/brandon-fl/mold-remediation/|/service-areas/apollo-beach-fl/contents-restoration-storage/|/service-areas/auburndale-fl/contents-restoration-storage/|/contact/,3.50,planned
/service-areas/clearwater-fl/contents-restoration-storage/,service-area-service,"Contents Restoration & Storage in Clearwater, FL | DRYCOR RESTORE",Contents Restoration & Storage in Clearwater,"24/7 contents restoration & storage in Clearwater, FL. IICRC-certified, insurance billing accepted. Call (813) 829-1091.",contents restoration & storage clearwater,,local_specialty,,,900,hero|og|inline-1|inline-2,service|local-business|faq|breadcrumb-list,/services/contents-restoration-storage/|/service-areas/clearwater-fl/|/service-areas/clearwater-fl/fire-damage-restoration/|/service-areas/clearwater-fl/mold-remediation/|/service-areas/apollo-beach-fl/contents-restoration-storage/|/service-areas/auburndale-fl/contents-restoration-storage/|/contact/,3.50,planned
/service-areas/dover-fl/contents-restoration-storage/,service-area-service,"Contents Restoration & Storage in Dover, FL | DRYCOR RESTORE",Contents Restoration & Storage in Dover,"24/7 contents restoration & storage in Dover, FL. IICRC-certified, insurance billing accepted. Call (813) 829-1091.",contents restoration & storage dover,,local_specialty,,,900,hero|og|inline-1|inline-2,service|local-business|faq|breadcrumb-list,/services/contents-restoration-storage/|/service-areas/dover-fl/|/service-areas/dover-fl/fire-damage-restoration/|/service-areas/dover-fl/mold-remediation/|/service-areas/apollo-beach-fl/contents-restoration-storage/|/service-areas/auburndale-fl/contents-restoration-storage/|/contact/,3.50,planned
/service-areas/dunedin-fl/contents-restoration-storage/,service-area-service,"Contents Restoration & Storage in Dunedin, FL | DRYCOR RESTORE",Contents Restoration & Storage in Dunedin,"24/7 contents restoration & storage in Dunedin, FL. IICRC-certified, insurance billing accepted. Call (813) 829-1091.",contents restoration & storage dunedin,,local_specialty,,,900,hero|og|inline-1|inline-2,service|local-business|faq|breadcrumb-list,/services/contents-restoration-storage/|/service-areas/dunedin-fl/|/service-areas/dunedin-fl/fire-damage-restoration/|/service-areas/dunedin-fl/mold-remediation/|/service-areas/apollo-beach-fl/contents-restoration-storage/|/service-areas/auburndale-fl/contents-restoration-storage/|/contact/,3.50,planned
/service-areas/lakeland-fl/contents-restoration-storage/,service-area-service,"Contents Restoration & Storage in Lakeland, FL | DRYCOR RESTORE",Contents Restoration & Storage in Lakeland,"24/7 contents restoration & storage in Lakeland, FL. IICRC-certified, insurance billing accepted. Call (813) 829-1091.",contents restoration & storage lakeland,,local_specialty,,,900,hero|og|inline-1|inline-2,service|local-business|faq|breadcrumb-list,/services/contents-restoration-storage/|/service-areas/lakeland-fl/|/service-areas/lakeland-fl/fire-damage-restoration/|/service-areas/lakeland-fl/mold-remediation/|/service-areas/apollo-beach-fl/contents-restoration-storage/|/service-areas/auburndale-fl/contents-restoration-storage/|/contact/,3.50,planned
/service-areas/land-o-lakes-fl/contents-restoration-storage/,service-area-service,"Contents Restoration & Storage in Land O' Lakes, FL | DRYCOR RESTORE",Contents Restoration & Storage in Land O' Lakes,"24/7 contents restoration & storage in Land O' Lakes, FL. IICRC-certified, insurance billing accepted. Call (813) 829-1091.",contents restoration & storage land o' lakes,,local_specialty,,,900,hero|og|inline-1|inline-2,service|local-business|faq|breadcrumb-list,/services/contents-restoration-storage/|/service-areas/land-o-lakes-fl/|/service-areas/land-o-lakes-fl/fire-damage-restoration/|/service-areas/land-o-lakes-fl/mold-remediation/|/service-areas/apollo-beach-fl/contents-restoration-storage/|/service-areas/auburndale-fl/contents-restoration-storage/|/contact/,3.50,planned
/service-areas/largo-fl/contents-restoration-storage/,service-area-service,"Contents Restoration & Storage in Largo, FL | DRYCOR RESTORE",Contents Restoration & Storage in Largo,"24/7 contents restoration & storage in Largo, FL. IICRC-certified, insurance billing accepted. Call (813) 829-1091.",contents restoration & storage largo,,local_specialty,,,900,hero|og|inline-1|inline-2,service|local-business|faq|breadcrumb-list,/services/contents-restoration-storage/|/service-areas/largo-fl/|/service-areas/largo-fl/fire-damage-restoration/|/service-areas/largo-fl/mold-remediation/|/service-areas/apollo-beach-fl/contents-restoration-storage/|/service-areas/auburndale-fl/contents-restoration-storage/|/contact/,3.50,planned
/service-areas/lutz-fl/contents-restoration-storage/,service-area-service,"Contents Restoration & Storage in Lutz, FL | DRYCOR RESTORE",Contents Restoration & Storage in Lutz,"24/7 contents restoration & storage in Lutz, FL. IICRC-certified, insurance billing accepted. Call (813) 829-1091.",contents restoration & storage lutz,,local_specialty,,,900,hero|og|inline-1|inline-2,service|local-business|faq|breadcrumb-list,/services/contents-restoration-storage/|/service-areas/lutz-fl/|/service-areas/lutz-fl/fire-damage-restoration/|/service-areas/lutz-fl/mold-remediation/|/service-areas/apollo-beach-fl/contents-restoration-storage/|/service-areas/auburndale-fl/contents-restoration-storage/|/contact/,3.50,planned
/service-areas/new-port-richey-fl/contents-restoration-storage/,service-area-service,"Contents Restoration & Storage in New Port Richey, FL | DRYCOR RESTORE",Contents Restoration & Storage in New Port Richey,"24/7 contents restoration & storage in New Port Richey, FL. IICRC-certified, insurance billing accepted. Call (813) 829-1091.",contents restoration & storage new port richey,,local_specialty,,,900,hero|og|inline-1|inline-2,service|local-business|faq|breadcrumb-list,/services/contents-restoration-storage/|/service-areas/new-port-richey-fl/|/service-areas/new-port-richey-fl/fire-damage-restoration/|/service-areas/new-port-richey-fl/mold-remediation/|/service-areas/apollo-beach-fl/contents-restoration-storage/|/service-areas/auburndale-fl/contents-restoration-storage/|/contact/,3.50,planned
/service-areas/palm-harbor-fl/contents-restoration-storage/,service-area-service,"Contents Restoration & Storage in Palm Harbor, FL | DRYCOR RESTORE",Contents Restoration & Storage in Palm Harbor,"24/7 contents restoration & storage in Palm Harbor, FL. IICRC-certified, insurance billing accepted. Call (813) 829-1091.",contents restoration & storage palm harbor,,local_specialty,,,900,hero|og|inline-1|inline-2,service|local-business|faq|breadcrumb-list,/services/contents-restoration-storage/|/service-areas/palm-harbor-fl/|/service-areas/palm-harbor-fl/fire-damage-restoration/|/service-areas/palm-harbor-fl/mold-remediation/|/service-areas/apollo-beach-fl/contents-restoration-storage/|/service-areas/auburndale-fl/contents-restoration-storage/|/contact/,3.50,planned
/service-areas/palmetto-fl/contents-restoration-storage/,service-area-service,"Contents Restoration & Storage in Palmetto, FL | DRYCOR RESTORE",Contents Restoration & Storage in Palmetto,"24/7 contents restoration & storage in Palmetto, FL. IICRC-certified, insurance billing accepted. Call (813) 829-1091.",contents restoration & storage palmetto,,local_specialty,,,900,hero|og|inline-1|inline-2,service|local-business|faq|breadcrumb-list,/services/contents-restoration-storage/|/service-areas/palmetto-fl/|/service-areas/palmetto-fl/fire-damage-restoration/|/service-areas/palmetto-fl/mold-remediation/|/service-areas/apollo-beach-fl/contents-restoration-storage/|/service-areas/auburndale-fl/contents-restoration-storage/|/contact/,3.50,planned
/service-areas/pinellas-park-fl/contents-restoration-storage/,service-area-service,"Contents Restoration & Storage in Pinellas Park, FL | DRYCOR RESTORE",Contents Restoration & Storage in Pinellas Park,"24/7 contents restoration & storage in Pinellas Park, FL. IICRC-certified, insurance billing accepted. Call (813) 829-1091.",contents restoration & storage pinellas park,,local_specialty,,,900,hero|og|inline-1|inline-2,service|local-business|faq|breadcrumb-list,/services/contents-restoration-storage/|/service-areas/pinellas-park-fl/|/service-areas/pinellas-park-fl/fire-damage-restoration/|/service-areas/pinellas-park-fl/mold-remediation/|/service-areas/apollo-beach-fl/contents-restoration-storage/|/service-areas/auburndale-fl/contents-restoration-storage/|/contact/,3.50,planned
/service-areas/plant-city-fl/contents-restoration-storage/,service-area-service,"Contents Restoration & Storage in Plant City, FL | DRYCOR RESTORE",Contents Restoration & Storage in Plant City,"24/7 contents restoration & storage in Plant City, FL. IICRC-certified, insurance billing accepted. Call (813) 829-1091.",contents restoration & storage plant city,,local_specialty,,,900,hero|og|inline-1|inline-2,service|local-business|faq|breadcrumb-list,/services/contents-restoration-storage/|/service-areas/plant-city-fl/|/service-areas/plant-city-fl/fire-damage-restoration/|/service-areas/plant-city-fl/mold-remediation/|/service-areas/apollo-beach-fl/contents-restoration-storage/|/service-areas/auburndale-fl/contents-restoration-storage/|/contact/,3.50,planned
/service-areas/riverview-fl/contents-restoration-storage/,service-area-service,"Contents Restoration & Storage in Riverview, FL | DRYCOR RESTORE",Contents Restoration & Storage in Riverview,"24/7 contents restoration & storage in Riverview, FL. IICRC-certified, insurance billing accepted. Call (813) 829-1091.",contents restoration & storage riverview,,local_specialty,,,900,hero|og|inline-1|inline-2,service|local-business|faq|breadcrumb-list,/services/contents-restoration-storage/|/service-areas/riverview-fl/|/service-areas/riverview-fl/fire-damage-restoration/|/service-areas/riverview-fl/mold-remediation/|/service-areas/apollo-beach-fl/contents-restoration-storage/|/service-areas/auburndale-fl/contents-restoration-storage/|/contact/,3.50,planned
/service-areas/ruskin-fl/contents-restoration-storage/,service-area-service,"Contents Restoration & Storage in Ruskin, FL | DRYCOR RESTORE",Contents Restoration & Storage in Ruskin,"24/7 contents restoration & storage in Ruskin, FL. IICRC-certified, insurance billing accepted. Call (813) 829-1091.",contents restoration & storage ruskin,,local_specialty,,,900,hero|og|inline-1|inline-2,service|local-business|faq|breadcrumb-list,/services/contents-restoration-storage/|/service-areas/ruskin-fl/|/service-areas/ruskin-fl/fire-damage-restoration/|/service-areas/ruskin-fl/mold-remediation/|/service-areas/apollo-beach-fl/contents-restoration-storage/|/service-areas/auburndale-fl/contents-restoration-storage/|/contact/,3.50,planned
/service-areas/seffner-fl/contents-restoration-storage/,service-area-service,"Contents Restoration & Storage in Seffner, FL | DRYCOR RESTORE",Contents Restoration & Storage in Seffner,"24/7 contents restoration & storage in Seffner, FL. IICRC-certified, insurance billing accepted. Call (813) 829-1091.",contents restoration & storage seffner,,local_specialty,,,900,hero|og|inline-1|inline-2,service|local-business|faq|breadcrumb-list,/services/contents-restoration-storage/|/service-areas/seffner-fl/|/service-areas/seffner-fl/fire-damage-restoration/|/service-areas/seffner-fl/mold-remediation/|/service-areas/apollo-beach-fl/contents-restoration-storage/|/service-areas/auburndale-fl/contents-restoration-storage/|/contact/,3.50,planned
/service-areas/st-petersburg-fl/contents-restoration-storage/,service-area-service,"Contents Restoration & Storage in St. Petersburg, FL | DRYCOR RESTORE",Contents Restoration & Storage in St. Petersburg,"24/7 contents restoration & storage in St. Petersburg, FL. IICRC-certified, insurance billing accepted. Call (813) 829-1091.",contents restoration & storage st. petersburg,,local_specialty,,,900,hero|og|inline-1|inline-2,service|local-business|faq|breadcrumb-list,/services/contents-restoration-storage/|/service-areas/st-petersburg-fl/|/service-areas/st-petersburg-fl/fire-damage-restoration/|/service-areas/st-petersburg-fl/mold-remediation/|/service-areas/apollo-beach-fl/contents-restoration-storage/|/service-areas/auburndale-fl/contents-restoration-storage/|/contact/,3.50,planned
/service-areas/tampa-fl/contents-restoration-storage/,service-area-service,"Contents Restoration & Storage in Tampa, FL | DRYCOR RESTORE",Contents Restoration & Storage in Tampa,"24/7 contents restoration & storage in Tampa, FL. IICRC-certified, insurance billing accepted. Call (813) 829-1091.",contents restoration & storage tampa,,local_specialty,,,900,hero|og|inline-1|inline-2,service|local-business|faq|breadcrumb-list,/services/contents-restoration-storage/|/service-areas/tampa-fl/|/service-areas/tampa-fl/fire-damage-restoration/|/service-areas/tampa-fl/mold-remediation/|/service-areas/apollo-beach-fl/contents-restoration-storage/|/service-areas/auburndale-fl/contents-restoration-storage/|/contact/,3.50,planned
/service-areas/temple-terrace-fl/contents-restoration-storage/,service-area-service,"Contents Restoration & Storage in Temple Terrace, FL | DRYCOR RESTORE",Contents Restoration & Storage in Temple Terrace,"24/7 contents restoration & storage in Temple Terrace, FL. IICRC-certified, insurance billing accepted. Call (813) 829-1091.",contents restoration & storage temple terrace,,local_specialty,,,900,hero|og|inline-1|inline-2,service|local-business|faq|breadcrumb-list,/services/contents-restoration-storage/|/service-areas/temple-terrace-fl/|/service-areas/temple-terrace-fl/fire-damage-restoration/|/service-areas/temple-terrace-fl/mold-remediation/|/service-areas/apollo-beach-fl/contents-restoration-storage/|/service-areas/auburndale-fl/contents-restoration-storage/|/contact/,3.50,planned
/service-areas/valrico-fl/contents-restoration-storage/,service-area-service,"Contents Restoration & Storage in Valrico, FL | DRYCOR RESTORE",Contents Restoration & Storage in Valrico,"24/7 contents restoration & storage in Valrico, FL. IICRC-certified, insurance billing accepted. Call (813) 829-1091.",contents restoration & storage valrico,,local_specialty,,,900,hero|og|inline-1|inline-2,service|local-business|faq|breadcrumb-list,/services/contents-restoration-storage/|/service-areas/valrico-fl/|/service-areas/valrico-fl/fire-damage-restoration/|/service-areas/valrico-fl/mold-remediation/|/service-areas/apollo-beach-fl/contents-restoration-storage/|/service-areas/auburndale-fl/contents-restoration-storage/|/contact/,3.50,planned
/service-areas/wesley-chapel-fl/contents-restoration-storage/,service-area-service,"Contents Restoration & Storage in Wesley Chapel, FL | DRYCOR RESTORE",Contents Restoration & Storage in Wesley Chapel,"24/7 contents restoration & storage in Wesley Chapel, FL. IICRC-certified, insurance billing accepted. Call (813) 829-1091.",contents restoration & storage wesley chapel,,local_specialty,,,900,hero|og|inline-1|inline-2,service|local-business|faq|breadcrumb-list,/services/contents-restoration-storage/|/service-areas/wesley-chapel-fl/|/service-areas/wesley-chapel-fl/fire-damage-restoration/|/service-areas/wesley-chapel-fl/mold-remediation/|/service-areas/apollo-beach-fl/contents-restoration-storage/|/service-areas/auburndale-fl/contents-restoration-storage/|/contact/,3.50,planned
/service-areas/winter-haven-fl/contents-restoration-storage/,service-area-service,"Contents Restoration & Storage in Winter Haven, FL | DRYCOR RESTORE",Contents Restoration & Storage in Winter Haven,"24/7 contents restoration & storage in Winter Haven, FL. IICRC-certified, insurance billing accepted. Call (813) 829-1091.",contents restoration & storage winter haven,,local_specialty,,,900,hero|og|inline-1|inline-2,service|local-business|faq|breadcrumb-list,/services/contents-restoration-storage/|/service-areas/winter-haven-fl/|/service-areas/winter-haven-fl/fire-damage-restoration/|/service-areas/winter-haven-fl/mold-remediation/|/service-areas/apollo-beach-fl/contents-restoration-storage/|/service-areas/auburndale-fl/contents-restoration-storage/|/contact/,3.50,planned
/service-areas/zephyrhills-fl/contents-restoration-storage/,service-area-service,"Contents Restoration & Storage in Zephyrhills, FL | DRYCOR RESTORE",Contents Restoration & Storage in Zephyrhills,"24/7 contents restoration & storage in Zephyrhills, FL. IICRC-certified, insurance billing accepted. Call (813) 829-1091.",contents restoration & storage zephyrhills,,local_specialty,,,900,hero|og|inline-1|inline-2,service|local-business|faq|breadcrumb-list,/services/contents-restoration-storage/|/service-areas/zephyrhills-fl/|/service-areas/zephyrhills-fl/fire-damage-restoration/|/service-areas/zephyrhills-fl/mold-remediation/|/service-areas/apollo-beach-fl/contents-restoration-storage/|/service-areas/auburndale-fl/contents-restoration-storage/|/contact/,3.50,planned
/blog/,blog-index,Restoration Blog | DRYCOR RESTORE,Restoration Resources and Insights,"Guides, checklists, and explainers from DRYCOR RESTORE on water, fire, mold, and storm damage restoration.",restoration blog thonotosassa,restoration guides|damage restoration tips|restoration insights,informational_browse,,,300,hero|og,website|breadcrumb-list,/|/blog/burst-pipe-emergency-checklist/|/blog/what-to-do-first-24-hours-water-damage/|/blog/choosing-a-restoration-company/|/blog/does-homeowners-insurance-cover-water-damage/|/blog/fire-damage-restoration-process/|/blog/how-to-test-for-mold/|/blog/signs-of-hidden-mold/|/blog/black-mold-vs-regular-mold/,3.00,planned
/about/,about,About DRYCOR RESTORE | Thonotosassa Restoration Company,About DRYCOR RESTORE,"DRYCOR RESTORE has served Thonotosassa since 2005. Meet our IICRC-certified restoration team. Licensed, insured, locally owned.",drycor restore thonotosassa,local restoration company|iicrc certified restoration|licensed restoration contractor,navigational_trust,,,700,hero|og|inline-1,organization|website|local-business|aggregate-rating|breadcrumb-list,/|/services/|/contact/,2.50,planned
/contact/,contact,Contact DRYCOR RESTORE | 24/7 Restoration in Thonotosassa,Contact DRYCOR RESTORE,Call (813) 829-1091 for 24/7 emergency restoration in Thonotosassa and surrounding areas. Free estimates. Direct insurance billing.,drycor restore contact,restoration company contact|24/7 restoration phone|emergency restoration near me,navigational_action,,,400,hero|og,organization|website|local-business|breadcrumb-list,/|/services/|/service-areas/,2.50,planned
/accessibility/,legal,Accessibility Statement | DRYCOR RESTORE,Accessibility Statement,Accessibility Statement | {brand.display_name}.,drycor restore accessibility,,navigational_legal,,,400,og,,,1.00,planned
/privacy/,legal,Privacy Policy | DRYCOR RESTORE,Privacy Policy,Privacy Policy | {brand.display_name}.,drycor restore privacy,,navigational_legal,,,600,og,,,1.00,planned
/terms/,legal,Terms of Service | DRYCOR RESTORE,Terms of Service,Terms of Service | {brand.display_name}.,drycor restore terms,,navigational_legal,,,600,og,,,1.00,planned
