url_path,archetype,title,h1,meta_description,primary_keyword,secondary_keywords,search_intent,search_volume,difficulty,target_word_count,image_roles,schema_stubs,internal_links_out,priority,status
/services/fire-damage-restoration/,service-landing,24/7 Emergency Fire Damage Restoration in Henderson | Life Savers Restoration LLC,24/7 Emergency Fire Damage Restoration in Henderson,"24/7 emergency fire damage restoration in Henderson and surrounding areas. IICRC-certified, insurance billing accepted. Call (702) 845-1325.",fire damage restoration henderson,fire cleanup|fire and smoke restoration|structural fire damage|post-fire restoration|fire damage repair,local_emergency,,,1100,hero|og|inline-1|inline-2,service|local-business|faq|breadcrumb-list,/services/|/contact/|/service-areas/boulder-city-nv/fire-damage-restoration/|/service-areas/enterprise-nv/fire-damage-restoration/|/service-areas/las-vegas-nv/fire-damage-restoration/|/service-areas/north-las-vegas-nv/fire-damage-restoration/|/service-areas/paradise-nv/fire-damage-restoration/|/service-areas/spring-valley-nv/fire-damage-restoration/|/service-areas/sunrise-manor-nv/fire-damage-restoration/|/service-areas/whitney-nv/fire-damage-restoration/|/service-areas/winchester-nv/fire-damage-restoration/|/blog/choosing-a-restoration-company/|/blog/fire-damage-restoration-process/,9.00,planned
/services/mold-remediation/,service-landing,Mold Remediation in Henderson | Life Savers Restoration LLC,Mold Remediation in Henderson,"24/7 mold remediation in Henderson and surrounding areas. IICRC-certified, insurance billing accepted. Call (702) 845-1325.",mold remediation henderson,mold removal|black mold remediation|mold abatement|mold containment|mold cleanup,local_health,,,1100,hero|og|inline-1|inline-2,service|local-business|faq|breadcrumb-list,/services/|/contact/|/service-areas/boulder-city-nv/mold-remediation/|/service-areas/enterprise-nv/mold-remediation/|/service-areas/las-vegas-nv/mold-remediation/|/service-areas/north-las-vegas-nv/mold-remediation/|/service-areas/paradise-nv/mold-remediation/|/service-areas/spring-valley-nv/mold-remediation/|/service-areas/sunrise-manor-nv/mold-remediation/|/service-areas/whitney-nv/mold-remediation/|/service-areas/winchester-nv/mold-remediation/|/blog/choosing-a-restoration-company/|/blog/how-to-test-for-mold/|/blog/signs-of-hidden-mold/,9.00,planned
/services/water-damage-restoration/,service-landing,24/7 Emergency Water Damage Restoration in Henderson | Life Savers Restoration LLC,24/7 Emergency Water Damage Restoration in Henderson,"24/7 emergency water damage restoration in Henderson and surrounding areas. IICRC-certified, insurance billing accepted. Call (702) 845-1325.",water damage restoration henderson,water removal|water extraction|water cleanup|structural drying|water mitigation,local_emergency,,,1100,hero|og|inline-1|inline-2,service|local-business|faq|breadcrumb-list,/services/|/contact/|/service-areas/blue-diamond-nv/water-damage-restoration/|/service-areas/boulder-city-nv/water-damage-restoration/|/service-areas/cal-nev-ari-nv/water-damage-restoration/|/service-areas/enterprise-nv/water-damage-restoration/|/service-areas/goodsprings-nv/water-damage-restoration/|/service-areas/indian-springs-nv/water-damage-restoration/|/service-areas/las-vegas-nv/water-damage-restoration/|/service-areas/laughlin-nv/water-damage-restoration/|/service-areas/nellis-afb-nv/water-damage-restoration/|/service-areas/nelson-nv/water-damage-restoration/|/service-areas/north-las-vegas-nv/water-damage-restoration/|/service-areas/paradise-nv/water-damage-restoration/|/services/emergency-water-removal/|/blog/burst-pipe-emergency-checklist/|/blog/what-to-do-first-24-hours-water-damage/|/blog/choosing-a-restoration-company/,9.00,planned
/services/commercial-restoration/,service-landing,Commercial Restoration in Henderson | Life Savers Restoration LLC,Commercial Restoration in Henderson,"24/7 commercial restoration in Henderson and surrounding areas. IICRC-certified, insurance billing accepted. Call (702) 845-1325.",commercial restoration henderson,commercial water damage|commercial fire damage|business restoration|office restoration|retail restoration,local_b2b,,,1100,hero|og|inline-1|inline-2,service|local-business|faq|breadcrumb-list,/services/|/contact/,8.10,planned
/services/emergency-water-removal/,service-landing,24/7 Emergency Water Removal & Cleanup in Henderson | Life Savers Restoration LLC,24/7 Emergency Water Removal & Cleanup in Henderson,"24/7 emergency water removal & cleanup in Henderson and surrounding areas. IICRC-certified, insurance billing accepted. Call (702) 845-1325.",emergency water removal & cleanup henderson,emergency water removal|water extraction|water removal|water cleanup|emergency water cleanup|standing water removal,local_emergency,,,1100,hero|og|inline-1|inline-2,service|local-business|faq|breadcrumb-list,/services/|/contact/|/service-areas/las-vegas-nv/emergency-water-removal/|/services/water-damage-restoration/,8.10,planned
/services/flood-damage-restoration/,service-landing,24/7 Emergency Flood Damage Restoration in Henderson | Life Savers Restoration LLC,24/7 Emergency Flood Damage Restoration in Henderson,"24/7 emergency flood damage restoration in Henderson and surrounding areas. IICRC-certified, insurance billing accepted. Call (702) 845-1325.",flood damage restoration henderson,flood cleanup|flood restoration|post-flood restoration|residential flood damage|flood damage repair,local_emergency,,,1100,hero|og|inline-1|inline-2,service|local-business|faq|breadcrumb-list,/services/|/contact/,8.10,planned
/services/reconstruction/,service-landing,Reconstruction Services in Henderson | Life Savers Restoration LLC,Reconstruction Services in Henderson,"24/7 reconstruction services in Henderson and surrounding areas. IICRC-certified, insurance billing accepted. Call (702) 845-1325.",reconstruction services henderson,post-damage reconstruction|rebuild services|structural reconstruction|post-disaster rebuilding|fire damage reconstruction,local_commercial,,,1100,hero|og|inline-1|inline-2,service|local-business|faq|breadcrumb-list,/services/|/contact/,8.10,planned
/services/sewage-cleanup/,service-landing,24/7 Emergency Sewage Cleanup and Sanitization in Henderson | Life Savers Restoration LLC,24/7 Emergency Sewage Cleanup and Sanitization in Henderson,"24/7 emergency sewage cleanup and sanitization in Henderson and surrounding areas. IICRC-certified, insurance billing accepted. Call (702) 845-1325.",sewage cleanup and sanitization henderson,sewage backup cleanup|raw sewage removal|septic overflow cleanup|sewer line backup|sanitization services,local_emergency,,,1100,hero|og|inline-1|inline-2,service|local-business|faq|breadcrumb-list,/services/|/contact/|/service-areas/boulder-city-nv/sewage-cleanup/|/service-areas/enterprise-nv/sewage-cleanup/|/service-areas/las-vegas-nv/sewage-cleanup/|/service-areas/north-las-vegas-nv/sewage-cleanup/|/service-areas/paradise-nv/sewage-cleanup/|/service-areas/spring-valley-nv/sewage-cleanup/|/service-areas/sunrise-manor-nv/sewage-cleanup/|/service-areas/whitney-nv/sewage-cleanup/,8.10,planned
/services/smoke-damage-restoration/,service-landing,24/7 Emergency Smoke Damage Restoration in Henderson | Life Savers Restoration LLC,24/7 Emergency Smoke Damage Restoration in Henderson,"24/7 emergency smoke damage restoration in Henderson and surrounding areas. IICRC-certified, insurance billing accepted. Call (702) 845-1325.",smoke damage restoration henderson,smoke residue cleanup|smoke damage repair|post-fire smoke cleanup|smoke damage restoration services|wildfire smoke cleanup,local_emergency,,,1100,hero|og|inline-1|inline-2,service|local-business|faq|breadcrumb-list,/services/|/contact/|/blog/fire-damage-restoration-process/,8.10,planned
/services/storm-damage-restoration/,service-landing,24/7 Emergency Storm Damage Restoration in Henderson | Life Savers Restoration LLC,24/7 Emergency Storm Damage Restoration in Henderson,"24/7 emergency storm damage restoration in Henderson and surrounding areas. IICRC-certified, insurance billing accepted. Call (702) 845-1325.",storm damage restoration henderson,hurricane damage cleanup|tornado damage cleanup|tree damage cleanup|storm cleanup services|severe weather damage repair,local_emergency,,,1100,hero|og|inline-1|inline-2,service|local-business|faq|breadcrumb-list,/services/|/contact/|/service-areas/boulder-city-nv/storm-damage-restoration/|/service-areas/enterprise-nv/storm-damage-restoration/|/service-areas/las-vegas-nv/storm-damage-restoration/|/service-areas/laughlin-nv/storm-damage-restoration/|/service-areas/north-las-vegas-nv/storm-damage-restoration/|/service-areas/paradise-nv/storm-damage-restoration/|/service-areas/spring-valley-nv/storm-damage-restoration/|/service-areas/sunrise-manor-nv/storm-damage-restoration/|/service-areas/whitney-nv/storm-damage-restoration/,8.10,planned
/services/basement-flooding-cleanup/,service-landing,24/7 Emergency Basement Flooding Cleanup in Henderson | Life Savers Restoration LLC,24/7 Emergency Basement Flooding Cleanup in Henderson,"24/7 emergency basement flooding cleanup in Henderson and surrounding areas. IICRC-certified, insurance billing accepted. Call (702) 845-1325.",basement flooding cleanup henderson,flooded basement cleanup|basement water removal|wet basement restoration|basement water damage|basement drying,local_emergency,,,1100,hero|og|inline-1|inline-2,service|local-business|faq|breadcrumb-list,/services/|/contact/,7.20,planned
/services/biohazard-cleanup/,service-landing,24/7 Emergency Biohazard Cleanup in Henderson | Life Savers Restoration LLC,24/7 Emergency Biohazard Cleanup in Henderson,"24/7 emergency biohazard cleanup in Henderson and surrounding areas. IICRC-certified, insurance billing accepted. Call (702) 845-1325.",biohazard cleanup henderson,biohazard remediation|blood cleanup|bodily fluid cleanup|sharps and needle cleanup|infectious material cleanup,local_sensitive,,,1100,hero|og|inline-1|inline-2,service|local-business|faq|breadcrumb-list,/services/|/contact/|/service-areas/boulder-city-nv/biohazard-cleanup/|/service-areas/enterprise-nv/biohazard-cleanup/|/service-areas/indian-springs-nv/biohazard-cleanup/|/service-areas/las-vegas-nv/biohazard-cleanup/|/service-areas/nellis-afb-nv/biohazard-cleanup/|/service-areas/north-las-vegas-nv/biohazard-cleanup/|/service-areas/paradise-nv/biohazard-cleanup/|/service-areas/spring-valley-nv/biohazard-cleanup/|/service-areas/sunrise-manor-nv/biohazard-cleanup/|/service-areas/whitney-nv/biohazard-cleanup/,7.20,planned
/services/burst-pipe-repair/,service-landing,24/7 Emergency Burst Pipe Cleanup and Repair in Henderson | Life Savers Restoration LLC,24/7 Emergency Burst Pipe Cleanup and Repair in Henderson,"24/7 emergency burst pipe cleanup and repair in Henderson and surrounding areas. IICRC-certified, insurance billing accepted. Call (702) 845-1325.",burst pipe cleanup and repair henderson,burst pipe cleanup|pipe burst emergency|pipe break water damage|water line break|emergency pipe repair,local_emergency,,,1100,hero|og|inline-1|inline-2,service|local-business|faq|breadcrumb-list,/services/|/contact/,7.20,planned
/services/ceiling-water-damage-repair/,service-landing,24/7 Emergency Ceiling Water Damage Repair in Henderson | Life Savers Restoration LLC,24/7 Emergency Ceiling Water Damage Repair in Henderson,"24/7 emergency ceiling water damage repair in Henderson and surrounding areas. IICRC-certified, insurance billing accepted. Call (702) 845-1325.",ceiling water damage repair henderson,ceiling leaking|water coming through ceiling|ceiling leak repair|sagging ceiling water damage|water stain ceiling,local_emergency,,,1100,hero|og|inline-1|inline-2,service|local-business|faq|breadcrumb-list,/services/|/contact/,7.20,planned
/services/general-contracting/,service-landing,"Renovations, Remodels and General Contracting in Henderson | Life Savers Restoration LLC","Renovations, Remodels and General Contracting in Henderson","24/7 renovations, remodels and general contracting in Henderson and surrounding areas. IICRC-certified, insurance billing accepted. Call (702) 845-1325.","renovations, remodels and general contracting henderson",general contractor|home renovation services|home remodeling|kitchen remodel|bathroom remodel|post-damage rebuild,local_commercial,,,1100,hero|og|inline-1|inline-2,service|local-business|faq|breadcrumb-list,/services/|/contact/,7.20,planned
/services/large-loss-response/,service-landing,Large Loss and Catastrophic Response in Henderson | Life Savers Restoration LLC,Large Loss and Catastrophic Response in Henderson,"24/7 large loss and catastrophic response in Henderson and surrounding areas. IICRC-certified, insurance billing accepted. Call (702) 845-1325.",large loss and catastrophic response henderson,large loss restoration|catastrophic loss response|commercial catastrophic restoration|multi-million dollar restoration|large loss adjusters,local_b2b,,,1100,hero|og|inline-1|inline-2,service|local-business|faq|breadcrumb-list,/services/|/contact/,7.20,planned
/services/mold-inspection-testing/,service-landing,Mold Inspection and Testing in Henderson | Life Savers Restoration LLC,Mold Inspection and Testing in Henderson,"24/7 mold inspection and testing in Henderson and surrounding areas. IICRC-certified, insurance billing accepted. Call (702) 845-1325.",mold inspection and testing henderson,mold inspection|mold testing|indoor air quality testing|mold spore testing|mold assessment,local_health,,,1100,hero|og|inline-1|inline-2,service|local-business|faq|breadcrumb-list,/services/|/contact/|/blog/how-to-test-for-mold/,7.20,planned
/service-areas/blue-diamond-nv/water-damage-restoration/,service-area-service,"24/7 Emergency Water Damage Restoration in Blue Diamond, NV | Life Savers Restoration LLC",24/7 Emergency Water Damage Restoration in Blue Diamond,"24/7 emergency water damage restoration in Blue Diamond, NV. IICRC-certified, insurance billing accepted. Call (702) 845-1325.",water damage restoration blue diamond,water removal|water extraction|water cleanup|structural drying|water mitigation,local_emergency,,,900,hero|og|inline-1|inline-2,service|local-business|faq|breadcrumb-list,/services/water-damage-restoration/|/service-areas/blue-diamond-nv/|/service-areas/boulder-city-nv/water-damage-restoration/|/service-areas/cal-nev-ari-nv/water-damage-restoration/|/contact/,7.00,planned
/service-areas/boulder-city-nv/fire-damage-restoration/,service-area-service,"24/7 Emergency Fire Damage Restoration in Boulder City, NV | Life Savers Restoration LLC",24/7 Emergency Fire Damage Restoration in Boulder City,"24/7 emergency fire damage restoration in Boulder City, NV. IICRC-certified, insurance billing accepted. Call (702) 845-1325.",fire damage restoration boulder city,fire cleanup|fire and smoke restoration|structural fire damage|post-fire restoration|fire damage repair,local_emergency,,,900,hero|og|inline-1|inline-2,service|local-business|faq|breadcrumb-list,/services/fire-damage-restoration/|/service-areas/boulder-city-nv/|/service-areas/boulder-city-nv/mold-remediation/|/service-areas/boulder-city-nv/water-damage-restoration/|/service-areas/enterprise-nv/fire-damage-restoration/|/service-areas/las-vegas-nv/fire-damage-restoration/|/contact/,7.00,planned
/service-areas/boulder-city-nv/mold-remediation/,service-area-service,"Mold Remediation in Boulder City, NV | Life Savers Restoration LLC",Mold Remediation in Boulder City,"24/7 mold remediation in Boulder City, NV. IICRC-certified, insurance billing accepted. Call (702) 845-1325.",mold remediation boulder city,mold removal|black mold remediation|mold abatement|mold containment|mold cleanup,local_health,,,900,hero|og|inline-1|inline-2,service|local-business|faq|breadcrumb-list,/services/mold-remediation/|/service-areas/boulder-city-nv/|/service-areas/boulder-city-nv/fire-damage-restoration/|/service-areas/boulder-city-nv/water-damage-restoration/|/service-areas/enterprise-nv/mold-remediation/|/service-areas/las-vegas-nv/mold-remediation/|/contact/,7.00,planned
/service-areas/boulder-city-nv/water-damage-restoration/,service-area-service,"24/7 Emergency Water Damage Restoration in Boulder City, NV | Life Savers Restoration LLC",24/7 Emergency Water Damage Restoration in Boulder City,"24/7 emergency water damage restoration in Boulder City, NV. IICRC-certified, insurance billing accepted. Call (702) 845-1325.",water damage restoration boulder city,water removal|water extraction|water cleanup|structural drying|water mitigation,local_emergency,,,900,hero|og|inline-1|inline-2,service|local-business|faq|breadcrumb-list,/services/water-damage-restoration/|/service-areas/boulder-city-nv/|/service-areas/boulder-city-nv/fire-damage-restoration/|/service-areas/boulder-city-nv/mold-remediation/|/service-areas/blue-diamond-nv/water-damage-restoration/|/service-areas/cal-nev-ari-nv/water-damage-restoration/|/contact/,7.00,planned
/service-areas/cal-nev-ari-nv/water-damage-restoration/,service-area-service,"24/7 Emergency Water Damage Restoration in Cal-Nev-Ari, NV | Life Savers Restoration LLC",24/7 Emergency Water Damage Restoration in Cal-Nev-Ari,"24/7 emergency water damage restoration in Cal-Nev-Ari, NV. IICRC-certified, insurance billing accepted. Call (702) 845-1325.",water damage restoration cal-nev-ari,water removal|water extraction|water cleanup|structural drying|water mitigation,local_emergency,,,900,hero|og|inline-1|inline-2,service|local-business|faq|breadcrumb-list,/services/water-damage-restoration/|/service-areas/cal-nev-ari-nv/|/service-areas/blue-diamond-nv/water-damage-restoration/|/service-areas/boulder-city-nv/water-damage-restoration/|/contact/,7.00,planned
/service-areas/enterprise-nv/fire-damage-restoration/,service-area-service,"24/7 Emergency Fire Damage Restoration in Enterprise, NV | Life Savers Restoration LLC",24/7 Emergency Fire Damage Restoration in Enterprise,"24/7 emergency fire damage restoration in Enterprise, NV. IICRC-certified, insurance billing accepted. Call (702) 845-1325.",fire damage restoration enterprise,fire cleanup|fire and smoke restoration|structural fire damage|post-fire restoration|fire damage repair,local_emergency,,,900,hero|og|inline-1|inline-2,service|local-business|faq|breadcrumb-list,/services/fire-damage-restoration/|/service-areas/enterprise-nv/|/service-areas/enterprise-nv/mold-remediation/|/service-areas/enterprise-nv/water-damage-restoration/|/service-areas/boulder-city-nv/fire-damage-restoration/|/service-areas/las-vegas-nv/fire-damage-restoration/|/contact/,7.00,planned
/service-areas/enterprise-nv/mold-remediation/,service-area-service,"Mold Remediation in Enterprise, NV | Life Savers Restoration LLC",Mold Remediation in Enterprise,"24/7 mold remediation in Enterprise, NV. IICRC-certified, insurance billing accepted. Call (702) 845-1325.",mold remediation enterprise,mold removal|black mold remediation|mold abatement|mold containment|mold cleanup,local_health,,,900,hero|og|inline-1|inline-2,service|local-business|faq|breadcrumb-list,/services/mold-remediation/|/service-areas/enterprise-nv/|/service-areas/enterprise-nv/fire-damage-restoration/|/service-areas/enterprise-nv/water-damage-restoration/|/service-areas/boulder-city-nv/mold-remediation/|/service-areas/las-vegas-nv/mold-remediation/|/contact/,7.00,planned
/service-areas/enterprise-nv/water-damage-restoration/,service-area-service,"24/7 Emergency Water Damage Restoration in Enterprise, NV | Life Savers Restoration LLC",24/7 Emergency Water Damage Restoration in Enterprise,"24/7 emergency water damage restoration in Enterprise, NV. IICRC-certified, insurance billing accepted. Call (702) 845-1325.",water damage restoration enterprise,water removal|water extraction|water cleanup|structural drying|water mitigation,local_emergency,,,900,hero|og|inline-1|inline-2,service|local-business|faq|breadcrumb-list,/services/water-damage-restoration/|/service-areas/enterprise-nv/|/service-areas/enterprise-nv/fire-damage-restoration/|/service-areas/enterprise-nv/mold-remediation/|/service-areas/blue-diamond-nv/water-damage-restoration/|/service-areas/boulder-city-nv/water-damage-restoration/|/contact/,7.00,planned
/service-areas/goodsprings-nv/water-damage-restoration/,service-area-service,"24/7 Emergency Water Damage Restoration in Goodsprings, NV | Life Savers Restoration LLC",24/7 Emergency Water Damage Restoration in Goodsprings,"24/7 emergency water damage restoration in Goodsprings, NV. IICRC-certified, insurance billing accepted. Call (702) 845-1325.",water damage restoration goodsprings,water removal|water extraction|water cleanup|structural drying|water mitigation,local_emergency,,,900,hero|og|inline-1|inline-2,service|local-business|faq|breadcrumb-list,/services/water-damage-restoration/|/service-areas/goodsprings-nv/|/service-areas/blue-diamond-nv/water-damage-restoration/|/service-areas/boulder-city-nv/water-damage-restoration/|/contact/,7.00,planned
/service-areas/indian-springs-nv/water-damage-restoration/,service-area-service,"Emergency Water Damage Restoration in Indian Springs, NV | Life Savers Restoration LLC",24/7 Emergency Water Damage Restoration in Indian Springs,"24/7 emergency water damage restoration in Indian Springs, NV. IICRC-certified, insurance billing accepted. Call (702) 845-1325.",water damage restoration indian springs,water removal|water extraction|water cleanup|structural drying|water mitigation,local_emergency,,,900,hero|og|inline-1|inline-2,service|local-business|faq|breadcrumb-list,/services/water-damage-restoration/|/service-areas/indian-springs-nv/|/service-areas/indian-springs-nv/biohazard-cleanup/|/service-areas/blue-diamond-nv/water-damage-restoration/|/service-areas/boulder-city-nv/water-damage-restoration/|/contact/,7.00,planned
/service-areas/las-vegas-nv/fire-damage-restoration/,service-area-service,"24/7 Emergency Fire Damage Restoration in Las Vegas, NV | Life Savers Restoration LLC",24/7 Emergency Fire Damage Restoration in Las Vegas,"24/7 emergency fire damage restoration in Las Vegas, NV. IICRC-certified, insurance billing accepted. Call (702) 845-1325.",fire damage restoration las vegas,fire cleanup|fire and smoke restoration|structural fire damage|post-fire restoration|fire damage repair,local_emergency,,,900,hero|og|inline-1|inline-2,service|local-business|faq|breadcrumb-list,/services/fire-damage-restoration/|/service-areas/las-vegas-nv/|/service-areas/las-vegas-nv/mold-remediation/|/service-areas/las-vegas-nv/water-damage-restoration/|/service-areas/boulder-city-nv/fire-damage-restoration/|/service-areas/enterprise-nv/fire-damage-restoration/|/contact/,7.00,planned
/service-areas/las-vegas-nv/mold-remediation/,service-area-service,"Mold Remediation in Las Vegas, NV | Life Savers Restoration LLC",Mold Remediation in Las Vegas,"24/7 mold remediation in Las Vegas, NV. IICRC-certified, insurance billing accepted. Call (702) 845-1325.",mold remediation las vegas,mold removal|black mold remediation|mold abatement|mold containment|mold cleanup,local_health,,,900,hero|og|inline-1|inline-2,service|local-business|faq|breadcrumb-list,/services/mold-remediation/|/service-areas/las-vegas-nv/|/service-areas/las-vegas-nv/fire-damage-restoration/|/service-areas/las-vegas-nv/water-damage-restoration/|/service-areas/boulder-city-nv/mold-remediation/|/service-areas/enterprise-nv/mold-remediation/|/contact/,7.00,planned
/service-areas/las-vegas-nv/water-damage-restoration/,service-area-service,"24/7 Emergency Water Damage Restoration in Las Vegas, NV | Life Savers Restoration LLC",24/7 Emergency Water Damage Restoration in Las Vegas,"24/7 emergency water damage restoration in Las Vegas, NV. IICRC-certified, insurance billing accepted. Call (702) 845-1325.",water damage restoration las vegas,water removal|water extraction|water cleanup|structural drying|water mitigation,local_emergency,,,900,hero|og|inline-1|inline-2,service|local-business|faq|breadcrumb-list,/services/water-damage-restoration/|/service-areas/las-vegas-nv/|/service-areas/las-vegas-nv/fire-damage-restoration/|/service-areas/las-vegas-nv/mold-remediation/|/service-areas/blue-diamond-nv/water-damage-restoration/|/service-areas/boulder-city-nv/water-damage-restoration/|/contact/,7.00,planned
/service-areas/laughlin-nv/water-damage-restoration/,service-area-service,"24/7 Emergency Water Damage Restoration in Laughlin, NV | Life Savers Restoration LLC",24/7 Emergency Water Damage Restoration in Laughlin,"24/7 emergency water damage restoration in Laughlin, NV. IICRC-certified, insurance billing accepted. Call (702) 845-1325.",water damage restoration laughlin,water removal|water extraction|water cleanup|structural drying|water mitigation,local_emergency,,,900,hero|og|inline-1|inline-2,service|local-business|faq|breadcrumb-list,/services/water-damage-restoration/|/service-areas/laughlin-nv/|/service-areas/laughlin-nv/storm-damage-restoration/|/service-areas/blue-diamond-nv/water-damage-restoration/|/service-areas/boulder-city-nv/water-damage-restoration/|/contact/,7.00,planned
/service-areas/nellis-afb-nv/water-damage-restoration/,service-area-service,"24/7 Emergency Water Damage Restoration in Nellis AFB, NV | Life Savers Restoration LLC",24/7 Emergency Water Damage Restoration in Nellis AFB,"24/7 emergency water damage restoration in Nellis AFB, NV. IICRC-certified, insurance billing accepted. Call (702) 845-1325.",water damage restoration nellis afb,water removal|water extraction|water cleanup|structural drying|water mitigation,local_emergency,,,900,hero|og|inline-1|inline-2,service|local-business|faq|breadcrumb-list,/services/water-damage-restoration/|/service-areas/nellis-afb-nv/|/service-areas/nellis-afb-nv/biohazard-cleanup/|/service-areas/blue-diamond-nv/water-damage-restoration/|/service-areas/boulder-city-nv/water-damage-restoration/|/contact/,7.00,planned
/service-areas/nelson-nv/water-damage-restoration/,service-area-service,"24/7 Emergency Water Damage Restoration in Nelson, NV | Life Savers Restoration LLC",24/7 Emergency Water Damage Restoration in Nelson,"24/7 emergency water damage restoration in Nelson, NV. IICRC-certified, insurance billing accepted. Call (702) 845-1325.",water damage restoration nelson,water removal|water extraction|water cleanup|structural drying|water mitigation,local_emergency,,,900,hero|og|inline-1|inline-2,service|local-business|faq|breadcrumb-list,/services/water-damage-restoration/|/service-areas/nelson-nv/|/service-areas/blue-diamond-nv/water-damage-restoration/|/service-areas/boulder-city-nv/water-damage-restoration/|/contact/,7.00,planned
/service-areas/north-las-vegas-nv/fire-damage-restoration/,service-area-service,"Emergency Fire Damage Restoration in North Las Vegas, NV | Life Savers Restoration LLC",24/7 Emergency Fire Damage Restoration in North Las Vegas,"24/7 emergency fire damage restoration in North Las Vegas, NV. IICRC-certified, insurance billing accepted. Call (702) 845-1325.",fire damage restoration north las vegas,fire cleanup|fire and smoke restoration|structural fire damage|post-fire restoration|fire damage repair,local_emergency,,,900,hero|og|inline-1|inline-2,service|local-business|faq|breadcrumb-list,/services/fire-damage-restoration/|/service-areas/north-las-vegas-nv/|/service-areas/north-las-vegas-nv/mold-remediation/|/service-areas/north-las-vegas-nv/water-damage-restoration/|/service-areas/boulder-city-nv/fire-damage-restoration/|/service-areas/enterprise-nv/fire-damage-restoration/|/contact/,7.00,planned
/service-areas/north-las-vegas-nv/mold-remediation/,service-area-service,"Mold Remediation in North Las Vegas, NV | Life Savers Restoration LLC",Mold Remediation in North Las Vegas,"24/7 mold remediation in North Las Vegas, NV. IICRC-certified, insurance billing accepted. Call (702) 845-1325.",mold remediation north las vegas,mold removal|black mold remediation|mold abatement|mold containment|mold cleanup,local_health,,,900,hero|og|inline-1|inline-2,service|local-business|faq|breadcrumb-list,/services/mold-remediation/|/service-areas/north-las-vegas-nv/|/service-areas/north-las-vegas-nv/fire-damage-restoration/|/service-areas/north-las-vegas-nv/water-damage-restoration/|/service-areas/boulder-city-nv/mold-remediation/|/service-areas/enterprise-nv/mold-remediation/|/contact/,7.00,planned
/service-areas/north-las-vegas-nv/water-damage-restoration/,service-area-service,"Emergency Water Damage Restoration in North Las Vegas, NV | Life Savers Restoration LLC",24/7 Emergency Water Damage Restoration in North Las Vegas,"24/7 emergency water damage restoration in North Las Vegas, NV. IICRC-certified, insurance billing accepted. Call (702) 845-1325.",water damage restoration north las vegas,water removal|water extraction|water cleanup|structural drying|water mitigation,local_emergency,,,900,hero|og|inline-1|inline-2,service|local-business|faq|breadcrumb-list,/services/water-damage-restoration/|/service-areas/north-las-vegas-nv/|/service-areas/north-las-vegas-nv/fire-damage-restoration/|/service-areas/north-las-vegas-nv/mold-remediation/|/service-areas/blue-diamond-nv/water-damage-restoration/|/service-areas/boulder-city-nv/water-damage-restoration/|/contact/,7.00,planned
/service-areas/paradise-nv/fire-damage-restoration/,service-area-service,"24/7 Emergency Fire Damage Restoration in Paradise, NV | Life Savers Restoration LLC",24/7 Emergency Fire Damage Restoration in Paradise,"24/7 emergency fire damage restoration in Paradise, NV. IICRC-certified, insurance billing accepted. Call (702) 845-1325.",fire damage restoration paradise,fire cleanup|fire and smoke restoration|structural fire damage|post-fire restoration|fire damage repair,local_emergency,,,900,hero|og|inline-1|inline-2,service|local-business|faq|breadcrumb-list,/services/fire-damage-restoration/|/service-areas/paradise-nv/|/service-areas/paradise-nv/mold-remediation/|/service-areas/paradise-nv/water-damage-restoration/|/service-areas/boulder-city-nv/fire-damage-restoration/|/service-areas/enterprise-nv/fire-damage-restoration/|/contact/,7.00,planned
/service-areas/paradise-nv/mold-remediation/,service-area-service,"Mold Remediation in Paradise, NV | Life Savers Restoration LLC",Mold Remediation in Paradise,"24/7 mold remediation in Paradise, NV. IICRC-certified, insurance billing accepted. Call (702) 845-1325.",mold remediation paradise,mold removal|black mold remediation|mold abatement|mold containment|mold cleanup,local_health,,,900,hero|og|inline-1|inline-2,service|local-business|faq|breadcrumb-list,/services/mold-remediation/|/service-areas/paradise-nv/|/service-areas/paradise-nv/fire-damage-restoration/|/service-areas/paradise-nv/water-damage-restoration/|/service-areas/boulder-city-nv/mold-remediation/|/service-areas/enterprise-nv/mold-remediation/|/contact/,7.00,planned
/service-areas/paradise-nv/water-damage-restoration/,service-area-service,"24/7 Emergency Water Damage Restoration in Paradise, NV | Life Savers Restoration LLC",24/7 Emergency Water Damage Restoration in Paradise,"24/7 emergency water damage restoration in Paradise, NV. IICRC-certified, insurance billing accepted. Call (702) 845-1325.",water damage restoration paradise,water removal|water extraction|water cleanup|structural drying|water mitigation,local_emergency,,,900,hero|og|inline-1|inline-2,service|local-business|faq|breadcrumb-list,/services/water-damage-restoration/|/service-areas/paradise-nv/|/service-areas/paradise-nv/fire-damage-restoration/|/service-areas/paradise-nv/mold-remediation/|/service-areas/blue-diamond-nv/water-damage-restoration/|/service-areas/boulder-city-nv/water-damage-restoration/|/contact/,7.00,planned
/service-areas/sandy-valley-nv/water-damage-restoration/,service-area-service,"24/7 Emergency Water Damage Restoration in Sandy Valley, NV | Life Savers Restoration LLC",24/7 Emergency Water Damage Restoration in Sandy Valley,"24/7 emergency water damage restoration in Sandy Valley, NV. IICRC-certified, insurance billing accepted. Call (702) 845-1325.",water damage restoration sandy valley,water removal|water extraction|water cleanup|structural drying|water mitigation,local_emergency,,,900,hero|og|inline-1|inline-2,service|local-business|faq|breadcrumb-list,/services/water-damage-restoration/|/service-areas/sandy-valley-nv/|/service-areas/blue-diamond-nv/water-damage-restoration/|/service-areas/boulder-city-nv/water-damage-restoration/|/contact/,7.00,planned
/service-areas/searchlight-nv/water-damage-restoration/,service-area-service,"24/7 Emergency Water Damage Restoration in Searchlight, NV | Life Savers Restoration LLC",24/7 Emergency Water Damage Restoration in Searchlight,"24/7 emergency water damage restoration in Searchlight, NV. IICRC-certified, insurance billing accepted. Call (702) 845-1325.",water damage restoration searchlight,water removal|water extraction|water cleanup|structural drying|water mitigation,local_emergency,,,900,hero|og|inline-1|inline-2,service|local-business|faq|breadcrumb-list,/services/water-damage-restoration/|/service-areas/searchlight-nv/|/service-areas/blue-diamond-nv/water-damage-restoration/|/service-areas/boulder-city-nv/water-damage-restoration/|/contact/,7.00,planned
/service-areas/spring-valley-nv/fire-damage-restoration/,service-area-service,"24/7 Emergency Fire Damage Restoration in Spring Valley, NV | Life Savers Restoration LLC",24/7 Emergency Fire Damage Restoration in Spring Valley,"24/7 emergency fire damage restoration in Spring Valley, NV. IICRC-certified, insurance billing accepted. Call (702) 845-1325.",fire damage restoration spring valley,fire cleanup|fire and smoke restoration|structural fire damage|post-fire restoration|fire damage repair,local_emergency,,,900,hero|og|inline-1|inline-2,service|local-business|faq|breadcrumb-list,/services/fire-damage-restoration/|/service-areas/spring-valley-nv/|/service-areas/spring-valley-nv/mold-remediation/|/service-areas/spring-valley-nv/water-damage-restoration/|/service-areas/boulder-city-nv/fire-damage-restoration/|/service-areas/enterprise-nv/fire-damage-restoration/|/contact/,7.00,planned
/service-areas/spring-valley-nv/mold-remediation/,service-area-service,"Mold Remediation in Spring Valley, NV | Life Savers Restoration LLC",Mold Remediation in Spring Valley,"24/7 mold remediation in Spring Valley, NV. IICRC-certified, insurance billing accepted. Call (702) 845-1325.",mold remediation spring valley,mold removal|black mold remediation|mold abatement|mold containment|mold cleanup,local_health,,,900,hero|og|inline-1|inline-2,service|local-business|faq|breadcrumb-list,/services/mold-remediation/|/service-areas/spring-valley-nv/|/service-areas/spring-valley-nv/fire-damage-restoration/|/service-areas/spring-valley-nv/water-damage-restoration/|/service-areas/boulder-city-nv/mold-remediation/|/service-areas/enterprise-nv/mold-remediation/|/contact/,7.00,planned
/service-areas/spring-valley-nv/water-damage-restoration/,service-area-service,"24/7 Emergency Water Damage Restoration in Spring Valley, NV | Life Savers Restoration LLC",24/7 Emergency Water Damage Restoration in Spring Valley,"24/7 emergency water damage restoration in Spring Valley, NV. IICRC-certified, insurance billing accepted. Call (702) 845-1325.",water damage restoration spring valley,water removal|water extraction|water cleanup|structural drying|water mitigation,local_emergency,,,900,hero|og|inline-1|inline-2,service|local-business|faq|breadcrumb-list,/services/water-damage-restoration/|/service-areas/spring-valley-nv/|/service-areas/spring-valley-nv/fire-damage-restoration/|/service-areas/spring-valley-nv/mold-remediation/|/service-areas/blue-diamond-nv/water-damage-restoration/|/service-areas/boulder-city-nv/water-damage-restoration/|/contact/,7.00,planned
/service-areas/summerlin-south-nv/water-damage-restoration/,service-area-service,"Emergency Water Damage Restoration in Summerlin South, NV | Life Savers Restoration LLC",24/7 Emergency Water Damage Restoration in Summerlin South,"24/7 emergency water damage restoration in Summerlin South, NV. IICRC-certified, insurance billing accepted. Call (702) 845-1325.",water damage restoration summerlin south,water removal|water extraction|water cleanup|structural drying|water mitigation,local_emergency,,,900,hero|og|inline-1|inline-2,service|local-business|faq|breadcrumb-list,/services/water-damage-restoration/|/service-areas/summerlin-south-nv/|/service-areas/blue-diamond-nv/water-damage-restoration/|/service-areas/boulder-city-nv/water-damage-restoration/|/contact/,7.00,planned
/service-areas/sunrise-manor-nv/fire-damage-restoration/,service-area-service,"24/7 Emergency Fire Damage Restoration in Sunrise Manor, NV | Life Savers Restoration LLC",24/7 Emergency Fire Damage Restoration in Sunrise Manor,"24/7 emergency fire damage restoration in Sunrise Manor, NV. IICRC-certified, insurance billing accepted. Call (702) 845-1325.",fire damage restoration sunrise manor,fire cleanup|fire and smoke restoration|structural fire damage|post-fire restoration|fire damage repair,local_emergency,,,900,hero|og|inline-1|inline-2,service|local-business|faq|breadcrumb-list,/services/fire-damage-restoration/|/service-areas/sunrise-manor-nv/|/service-areas/sunrise-manor-nv/mold-remediation/|/service-areas/sunrise-manor-nv/water-damage-restoration/|/service-areas/boulder-city-nv/fire-damage-restoration/|/service-areas/enterprise-nv/fire-damage-restoration/|/contact/,7.00,planned
/service-areas/sunrise-manor-nv/mold-remediation/,service-area-service,"Mold Remediation in Sunrise Manor, NV | Life Savers Restoration LLC",Mold Remediation in Sunrise Manor,"24/7 mold remediation in Sunrise Manor, NV. IICRC-certified, insurance billing accepted. Call (702) 845-1325.",mold remediation sunrise manor,mold removal|black mold remediation|mold abatement|mold containment|mold cleanup,local_health,,,900,hero|og|inline-1|inline-2,service|local-business|faq|breadcrumb-list,/services/mold-remediation/|/service-areas/sunrise-manor-nv/|/service-areas/sunrise-manor-nv/fire-damage-restoration/|/service-areas/sunrise-manor-nv/water-damage-restoration/|/service-areas/boulder-city-nv/mold-remediation/|/service-areas/enterprise-nv/mold-remediation/|/contact/,7.00,planned
/service-areas/sunrise-manor-nv/water-damage-restoration/,service-area-service,"24/7 Emergency Water Damage Restoration in Sunrise Manor, NV | Life Savers Restoration LLC",24/7 Emergency Water Damage Restoration in Sunrise Manor,"24/7 emergency water damage restoration in Sunrise Manor, NV. IICRC-certified, insurance billing accepted. Call (702) 845-1325.",water damage restoration sunrise manor,water removal|water extraction|water cleanup|structural drying|water mitigation,local_emergency,,,900,hero|og|inline-1|inline-2,service|local-business|faq|breadcrumb-list,/services/water-damage-restoration/|/service-areas/sunrise-manor-nv/|/service-areas/sunrise-manor-nv/fire-damage-restoration/|/service-areas/sunrise-manor-nv/mold-remediation/|/service-areas/blue-diamond-nv/water-damage-restoration/|/service-areas/boulder-city-nv/water-damage-restoration/|/contact/,7.00,planned
/service-areas/whitney-nv/fire-damage-restoration/,service-area-service,"24/7 Emergency Fire Damage Restoration in Whitney, NV | Life Savers Restoration LLC",24/7 Emergency Fire Damage Restoration in Whitney,"24/7 emergency fire damage restoration in Whitney, NV. IICRC-certified, insurance billing accepted. Call (702) 845-1325.",fire damage restoration whitney,fire cleanup|fire and smoke restoration|structural fire damage|post-fire restoration|fire damage repair,local_emergency,,,900,hero|og|inline-1|inline-2,service|local-business|faq|breadcrumb-list,/services/fire-damage-restoration/|/service-areas/whitney-nv/|/service-areas/whitney-nv/mold-remediation/|/service-areas/whitney-nv/water-damage-restoration/|/service-areas/boulder-city-nv/fire-damage-restoration/|/service-areas/enterprise-nv/fire-damage-restoration/|/contact/,7.00,planned
/service-areas/whitney-nv/mold-remediation/,service-area-service,"Mold Remediation in Whitney, NV | Life Savers Restoration LLC",Mold Remediation in Whitney,"24/7 mold remediation in Whitney, NV. IICRC-certified, insurance billing accepted. Call (702) 845-1325.",mold remediation whitney,mold removal|black mold remediation|mold abatement|mold containment|mold cleanup,local_health,,,900,hero|og|inline-1|inline-2,service|local-business|faq|breadcrumb-list,/services/mold-remediation/|/service-areas/whitney-nv/|/service-areas/whitney-nv/fire-damage-restoration/|/service-areas/whitney-nv/water-damage-restoration/|/service-areas/boulder-city-nv/mold-remediation/|/service-areas/enterprise-nv/mold-remediation/|/contact/,7.00,planned
/service-areas/whitney-nv/water-damage-restoration/,service-area-service,"24/7 Emergency Water Damage Restoration in Whitney, NV | Life Savers Restoration LLC",24/7 Emergency Water Damage Restoration in Whitney,"24/7 emergency water damage restoration in Whitney, NV. IICRC-certified, insurance billing accepted. Call (702) 845-1325.",water damage restoration whitney,water removal|water extraction|water cleanup|structural drying|water mitigation,local_emergency,,,900,hero|og|inline-1|inline-2,service|local-business|faq|breadcrumb-list,/services/water-damage-restoration/|/service-areas/whitney-nv/|/service-areas/whitney-nv/fire-damage-restoration/|/service-areas/whitney-nv/mold-remediation/|/service-areas/blue-diamond-nv/water-damage-restoration/|/service-areas/boulder-city-nv/water-damage-restoration/|/contact/,7.00,planned
/service-areas/winchester-nv/fire-damage-restoration/,service-area-service,"24/7 Emergency Fire Damage Restoration in Winchester, NV | Life Savers Restoration LLC",24/7 Emergency Fire Damage Restoration in Winchester,"24/7 emergency fire damage restoration in Winchester, NV. IICRC-certified, insurance billing accepted. Call (702) 845-1325.",fire damage restoration winchester,fire cleanup|fire and smoke restoration|structural fire damage|post-fire restoration|fire damage repair,local_emergency,,,900,hero|og|inline-1|inline-2,service|local-business|faq|breadcrumb-list,/services/fire-damage-restoration/|/service-areas/winchester-nv/|/service-areas/winchester-nv/mold-remediation/|/service-areas/winchester-nv/water-damage-restoration/|/service-areas/boulder-city-nv/fire-damage-restoration/|/service-areas/enterprise-nv/fire-damage-restoration/|/contact/,7.00,planned
/service-areas/winchester-nv/mold-remediation/,service-area-service,"Mold Remediation in Winchester, NV | Life Savers Restoration LLC",Mold Remediation in Winchester,"24/7 mold remediation in Winchester, NV. IICRC-certified, insurance billing accepted. Call (702) 845-1325.",mold remediation winchester,mold removal|black mold remediation|mold abatement|mold containment|mold cleanup,local_health,,,900,hero|og|inline-1|inline-2,service|local-business|faq|breadcrumb-list,/services/mold-remediation/|/service-areas/winchester-nv/|/service-areas/winchester-nv/fire-damage-restoration/|/service-areas/winchester-nv/water-damage-restoration/|/service-areas/boulder-city-nv/mold-remediation/|/service-areas/enterprise-nv/mold-remediation/|/contact/,7.00,planned
/service-areas/winchester-nv/water-damage-restoration/,service-area-service,"24/7 Emergency Water Damage Restoration in Winchester, NV | Life Savers Restoration LLC",24/7 Emergency Water Damage Restoration in Winchester,"24/7 emergency water damage restoration in Winchester, NV. IICRC-certified, insurance billing accepted. Call (702) 845-1325.",water damage restoration winchester,water removal|water extraction|water cleanup|structural drying|water mitigation,local_emergency,,,900,hero|og|inline-1|inline-2,service|local-business|faq|breadcrumb-list,/services/water-damage-restoration/|/service-areas/winchester-nv/|/service-areas/winchester-nv/fire-damage-restoration/|/service-areas/winchester-nv/mold-remediation/|/service-areas/blue-diamond-nv/water-damage-restoration/|/service-areas/boulder-city-nv/water-damage-restoration/|/contact/,7.00,planned
/service-areas/boulder-city-nv/sewage-cleanup/,service-area-service,Emergency Sewage Cleanup and Sanitization in Boulder City | Life Savers Restoration LLC,24/7 Emergency Sewage Cleanup and Sanitization in Boulder City,"24/7 emergency sewage cleanup and sanitization in Boulder City, NV. IICRC-certified, insurance billing accepted. Call (702) 845-1325.",sewage cleanup and sanitization boulder city,sewage backup cleanup|raw sewage removal|septic overflow cleanup|sewer line backup|sanitization services,local_emergency,,,900,hero|og|inline-1|inline-2,service|local-business|faq|breadcrumb-list,/services/sewage-cleanup/|/service-areas/boulder-city-nv/|/service-areas/boulder-city-nv/fire-damage-restoration/|/service-areas/boulder-city-nv/mold-remediation/|/service-areas/enterprise-nv/sewage-cleanup/|/service-areas/las-vegas-nv/sewage-cleanup/|/contact/,6.30,planned
/service-areas/boulder-city-nv/storm-damage-restoration/,service-area-service,"24/7 Emergency Storm Damage Restoration in Boulder City, NV | Life Savers Restoration LLC",24/7 Emergency Storm Damage Restoration in Boulder City,"24/7 emergency storm damage restoration in Boulder City, NV. IICRC-certified, insurance billing accepted. Call (702) 845-1325.",storm damage restoration boulder city,hurricane damage cleanup|tornado damage cleanup|tree damage cleanup|storm cleanup services|severe weather damage repair,local_emergency,,,900,hero|og|inline-1|inline-2,service|local-business|faq|breadcrumb-list,/services/storm-damage-restoration/|/service-areas/boulder-city-nv/|/service-areas/boulder-city-nv/fire-damage-restoration/|/service-areas/boulder-city-nv/mold-remediation/|/service-areas/enterprise-nv/storm-damage-restoration/|/service-areas/las-vegas-nv/storm-damage-restoration/|/contact/,6.30,planned
/service-areas/enterprise-nv/sewage-cleanup/,service-area-service,"Emergency Sewage Cleanup and Sanitization in Enterprise, NV | Life Savers Restoration LLC",24/7 Emergency Sewage Cleanup and Sanitization in Enterprise,"24/7 emergency sewage cleanup and sanitization in Enterprise, NV. IICRC-certified, insurance billing accepted. Call (702) 845-1325.",sewage cleanup and sanitization enterprise,sewage backup cleanup|raw sewage removal|septic overflow cleanup|sewer line backup|sanitization services,local_emergency,,,900,hero|og|inline-1|inline-2,service|local-business|faq|breadcrumb-list,/services/sewage-cleanup/|/service-areas/enterprise-nv/|/service-areas/enterprise-nv/fire-damage-restoration/|/service-areas/enterprise-nv/mold-remediation/|/service-areas/boulder-city-nv/sewage-cleanup/|/service-areas/las-vegas-nv/sewage-cleanup/|/contact/,6.30,planned
/service-areas/enterprise-nv/storm-damage-restoration/,service-area-service,"24/7 Emergency Storm Damage Restoration in Enterprise, NV | Life Savers Restoration LLC",24/7 Emergency Storm Damage Restoration in Enterprise,"24/7 emergency storm damage restoration in Enterprise, NV. IICRC-certified, insurance billing accepted. Call (702) 845-1325.",storm damage restoration enterprise,hurricane damage cleanup|tornado damage cleanup|tree damage cleanup|storm cleanup services|severe weather damage repair,local_emergency,,,900,hero|og|inline-1|inline-2,service|local-business|faq|breadcrumb-list,/services/storm-damage-restoration/|/service-areas/enterprise-nv/|/service-areas/enterprise-nv/fire-damage-restoration/|/service-areas/enterprise-nv/mold-remediation/|/service-areas/boulder-city-nv/storm-damage-restoration/|/service-areas/las-vegas-nv/storm-damage-restoration/|/contact/,6.30,planned
/service-areas/las-vegas-nv/emergency-water-removal/,service-area-service,"24/7 Emergency Water Removal & Cleanup in Las Vegas, NV | Life Savers Restoration LLC",24/7 Emergency Water Removal & Cleanup in Las Vegas,"24/7 emergency water removal & cleanup in Las Vegas, NV. IICRC-certified, insurance billing accepted. Call (702) 845-1325.",emergency water removal & cleanup las vegas,emergency water removal|water extraction|water removal|water cleanup|emergency water cleanup|standing water removal,local_emergency,,,900,hero|og|inline-1|inline-2,service|local-business|faq|breadcrumb-list,/services/emergency-water-removal/|/service-areas/las-vegas-nv/|/service-areas/las-vegas-nv/fire-damage-restoration/|/service-areas/las-vegas-nv/mold-remediation/|/contact/,6.30,planned
/service-areas/las-vegas-nv/sewage-cleanup/,service-area-service,"Emergency Sewage Cleanup and Sanitization in Las Vegas, NV | Life Savers Restoration LLC",24/7 Emergency Sewage Cleanup and Sanitization in Las Vegas,"24/7 emergency sewage cleanup and sanitization in Las Vegas, NV. IICRC-certified, insurance billing accepted. Call (702) 845-1325.",sewage cleanup and sanitization las vegas,sewage backup cleanup|raw sewage removal|septic overflow cleanup|sewer line backup|sanitization services,local_emergency,,,900,hero|og|inline-1|inline-2,service|local-business|faq|breadcrumb-list,/services/sewage-cleanup/|/service-areas/las-vegas-nv/|/service-areas/las-vegas-nv/fire-damage-restoration/|/service-areas/las-vegas-nv/mold-remediation/|/service-areas/boulder-city-nv/sewage-cleanup/|/service-areas/enterprise-nv/sewage-cleanup/|/contact/,6.30,planned
/service-areas/las-vegas-nv/storm-damage-restoration/,service-area-service,"24/7 Emergency Storm Damage Restoration in Las Vegas, NV | Life Savers Restoration LLC",24/7 Emergency Storm Damage Restoration in Las Vegas,"24/7 emergency storm damage restoration in Las Vegas, NV. IICRC-certified, insurance billing accepted. Call (702) 845-1325.",storm damage restoration las vegas,hurricane damage cleanup|tornado damage cleanup|tree damage cleanup|storm cleanup services|severe weather damage repair,local_emergency,,,900,hero|og|inline-1|inline-2,service|local-business|faq|breadcrumb-list,/services/storm-damage-restoration/|/service-areas/las-vegas-nv/|/service-areas/las-vegas-nv/fire-damage-restoration/|/service-areas/las-vegas-nv/mold-remediation/|/service-areas/boulder-city-nv/storm-damage-restoration/|/service-areas/enterprise-nv/storm-damage-restoration/|/contact/,6.30,planned
/service-areas/laughlin-nv/storm-damage-restoration/,service-area-service,"24/7 Emergency Storm Damage Restoration in Laughlin, NV | Life Savers Restoration LLC",24/7 Emergency Storm Damage Restoration in Laughlin,"24/7 emergency storm damage restoration in Laughlin, NV. IICRC-certified, insurance billing accepted. Call (702) 845-1325.",storm damage restoration laughlin,hurricane damage cleanup|tornado damage cleanup|tree damage cleanup|storm cleanup services|severe weather damage repair,local_emergency,,,900,hero|og|inline-1|inline-2,service|local-business|faq|breadcrumb-list,/services/storm-damage-restoration/|/service-areas/laughlin-nv/|/service-areas/laughlin-nv/water-damage-restoration/|/service-areas/boulder-city-nv/storm-damage-restoration/|/service-areas/enterprise-nv/storm-damage-restoration/|/contact/,6.30,planned
/service-areas/north-las-vegas-nv/sewage-cleanup/,service-area-service,Emergency Sewage Cleanup and Sanitization in North Las Vegas | Life Savers Restoration LLC,24/7 Emergency Sewage Cleanup and Sanitization in North Las Vegas,"24/7 emergency sewage cleanup and sanitization in North Las Vegas, NV. IICRC-certified, insurance billing accepted. Call (702) 845-1325.",sewage cleanup and sanitization north las vegas,sewage backup cleanup|raw sewage removal|septic overflow cleanup|sewer line backup|sanitization services,local_emergency,,,900,hero|og|inline-1|inline-2,service|local-business|faq|breadcrumb-list,/services/sewage-cleanup/|/service-areas/north-las-vegas-nv/|/service-areas/north-las-vegas-nv/fire-damage-restoration/|/service-areas/north-las-vegas-nv/mold-remediation/|/service-areas/boulder-city-nv/sewage-cleanup/|/service-areas/enterprise-nv/sewage-cleanup/|/contact/,6.30,planned
/service-areas/north-las-vegas-nv/storm-damage-restoration/,service-area-service,"Emergency Storm Damage Restoration in North Las Vegas, NV | Life Savers Restoration LLC",24/7 Emergency Storm Damage Restoration in North Las Vegas,"24/7 emergency storm damage restoration in North Las Vegas, NV. IICRC-certified, insurance billing accepted. Call (702) 845-1325.",storm damage restoration north las vegas,hurricane damage cleanup|tornado damage cleanup|tree damage cleanup|storm cleanup services|severe weather damage repair,local_emergency,,,900,hero|og|inline-1|inline-2,service|local-business|faq|breadcrumb-list,/services/storm-damage-restoration/|/service-areas/north-las-vegas-nv/|/service-areas/north-las-vegas-nv/fire-damage-restoration/|/service-areas/north-las-vegas-nv/mold-remediation/|/service-areas/boulder-city-nv/storm-damage-restoration/|/service-areas/enterprise-nv/storm-damage-restoration/|/contact/,6.30,planned
/service-areas/paradise-nv/sewage-cleanup/,service-area-service,"Emergency Sewage Cleanup and Sanitization in Paradise, NV | Life Savers Restoration LLC",24/7 Emergency Sewage Cleanup and Sanitization in Paradise,"24/7 emergency sewage cleanup and sanitization in Paradise, NV. IICRC-certified, insurance billing accepted. Call (702) 845-1325.",sewage cleanup and sanitization paradise,sewage backup cleanup|raw sewage removal|septic overflow cleanup|sewer line backup|sanitization services,local_emergency,,,900,hero|og|inline-1|inline-2,service|local-business|faq|breadcrumb-list,/services/sewage-cleanup/|/service-areas/paradise-nv/|/service-areas/paradise-nv/fire-damage-restoration/|/service-areas/paradise-nv/mold-remediation/|/service-areas/boulder-city-nv/sewage-cleanup/|/service-areas/enterprise-nv/sewage-cleanup/|/contact/,6.30,planned
/service-areas/paradise-nv/storm-damage-restoration/,service-area-service,"24/7 Emergency Storm Damage Restoration in Paradise, NV | Life Savers Restoration LLC",24/7 Emergency Storm Damage Restoration in Paradise,"24/7 emergency storm damage restoration in Paradise, NV. IICRC-certified, insurance billing accepted. Call (702) 845-1325.",storm damage restoration paradise,hurricane damage cleanup|tornado damage cleanup|tree damage cleanup|storm cleanup services|severe weather damage repair,local_emergency,,,900,hero|og|inline-1|inline-2,service|local-business|faq|breadcrumb-list,/services/storm-damage-restoration/|/service-areas/paradise-nv/|/service-areas/paradise-nv/fire-damage-restoration/|/service-areas/paradise-nv/mold-remediation/|/service-areas/boulder-city-nv/storm-damage-restoration/|/service-areas/enterprise-nv/storm-damage-restoration/|/contact/,6.30,planned
/service-areas/spring-valley-nv/sewage-cleanup/,service-area-service,Emergency Sewage Cleanup and Sanitization in Spring Valley | Life Savers Restoration LLC,24/7 Emergency Sewage Cleanup and Sanitization in Spring Valley,"24/7 emergency sewage cleanup and sanitization in Spring Valley, NV. IICRC-certified, insurance billing accepted. Call (702) 845-1325.",sewage cleanup and sanitization spring valley,sewage backup cleanup|raw sewage removal|septic overflow cleanup|sewer line backup|sanitization services,local_emergency,,,900,hero|og|inline-1|inline-2,service|local-business|faq|breadcrumb-list,/services/sewage-cleanup/|/service-areas/spring-valley-nv/|/service-areas/spring-valley-nv/fire-damage-restoration/|/service-areas/spring-valley-nv/mold-remediation/|/service-areas/boulder-city-nv/sewage-cleanup/|/service-areas/enterprise-nv/sewage-cleanup/|/contact/,6.30,planned
/service-areas/spring-valley-nv/storm-damage-restoration/,service-area-service,"24/7 Emergency Storm Damage Restoration in Spring Valley, NV | Life Savers Restoration LLC",24/7 Emergency Storm Damage Restoration in Spring Valley,"24/7 emergency storm damage restoration in Spring Valley, NV. IICRC-certified, insurance billing accepted. Call (702) 845-1325.",storm damage restoration spring valley,hurricane damage cleanup|tornado damage cleanup|tree damage cleanup|storm cleanup services|severe weather damage repair,local_emergency,,,900,hero|og|inline-1|inline-2,service|local-business|faq|breadcrumb-list,/services/storm-damage-restoration/|/service-areas/spring-valley-nv/|/service-areas/spring-valley-nv/fire-damage-restoration/|/service-areas/spring-valley-nv/mold-remediation/|/service-areas/boulder-city-nv/storm-damage-restoration/|/service-areas/enterprise-nv/storm-damage-restoration/|/contact/,6.30,planned
/service-areas/sunrise-manor-nv/sewage-cleanup/,service-area-service,Emergency Sewage Cleanup and Sanitization in Sunrise Manor | Life Savers Restoration LLC,24/7 Emergency Sewage Cleanup and Sanitization in Sunrise Manor,"24/7 emergency sewage cleanup and sanitization in Sunrise Manor, NV. IICRC-certified, insurance billing accepted. Call (702) 845-1325.",sewage cleanup and sanitization sunrise manor,sewage backup cleanup|raw sewage removal|septic overflow cleanup|sewer line backup|sanitization services,local_emergency,,,900,hero|og|inline-1|inline-2,service|local-business|faq|breadcrumb-list,/services/sewage-cleanup/|/service-areas/sunrise-manor-nv/|/service-areas/sunrise-manor-nv/fire-damage-restoration/|/service-areas/sunrise-manor-nv/mold-remediation/|/service-areas/boulder-city-nv/sewage-cleanup/|/service-areas/enterprise-nv/sewage-cleanup/|/contact/,6.30,planned
/service-areas/sunrise-manor-nv/storm-damage-restoration/,service-area-service,"24/7 Emergency Storm Damage Restoration in Sunrise Manor, NV | Life Savers Restoration LLC",24/7 Emergency Storm Damage Restoration in Sunrise Manor,"24/7 emergency storm damage restoration in Sunrise Manor, NV. IICRC-certified, insurance billing accepted. Call (702) 845-1325.",storm damage restoration sunrise manor,hurricane damage cleanup|tornado damage cleanup|tree damage cleanup|storm cleanup services|severe weather damage repair,local_emergency,,,900,hero|og|inline-1|inline-2,service|local-business|faq|breadcrumb-list,/services/storm-damage-restoration/|/service-areas/sunrise-manor-nv/|/service-areas/sunrise-manor-nv/fire-damage-restoration/|/service-areas/sunrise-manor-nv/mold-remediation/|/service-areas/boulder-city-nv/storm-damage-restoration/|/service-areas/enterprise-nv/storm-damage-restoration/|/contact/,6.30,planned
/service-areas/whitney-nv/sewage-cleanup/,service-area-service,"Emergency Sewage Cleanup and Sanitization in Whitney, NV | Life Savers Restoration LLC",24/7 Emergency Sewage Cleanup and Sanitization in Whitney,"24/7 emergency sewage cleanup and sanitization in Whitney, NV. IICRC-certified, insurance billing accepted. Call (702) 845-1325.",sewage cleanup and sanitization whitney,sewage backup cleanup|raw sewage removal|septic overflow cleanup|sewer line backup|sanitization services,local_emergency,,,900,hero|og|inline-1|inline-2,service|local-business|faq|breadcrumb-list,/services/sewage-cleanup/|/service-areas/whitney-nv/|/service-areas/whitney-nv/fire-damage-restoration/|/service-areas/whitney-nv/mold-remediation/|/service-areas/boulder-city-nv/sewage-cleanup/|/service-areas/enterprise-nv/sewage-cleanup/|/contact/,6.30,planned
/service-areas/whitney-nv/storm-damage-restoration/,service-area-service,"24/7 Emergency Storm Damage Restoration in Whitney, NV | Life Savers Restoration LLC",24/7 Emergency Storm Damage Restoration in Whitney,"24/7 emergency storm damage restoration in Whitney, NV. IICRC-certified, insurance billing accepted. Call (702) 845-1325.",storm damage restoration whitney,hurricane damage cleanup|tornado damage cleanup|tree damage cleanup|storm cleanup services|severe weather damage repair,local_emergency,,,900,hero|og|inline-1|inline-2,service|local-business|faq|breadcrumb-list,/services/storm-damage-restoration/|/service-areas/whitney-nv/|/service-areas/whitney-nv/fire-damage-restoration/|/service-areas/whitney-nv/mold-remediation/|/service-areas/boulder-city-nv/storm-damage-restoration/|/service-areas/enterprise-nv/storm-damage-restoration/|/contact/,6.30,planned
/services/industrial-restoration/,service-landing,Industrial Restoration in Henderson | Life Savers Restoration LLC,Industrial Restoration in Henderson,"24/7 industrial restoration in Henderson and surrounding areas. IICRC-certified, insurance billing accepted. Call (702) 845-1325.",industrial restoration henderson,industrial water damage|warehouse restoration|manufacturing facility restoration|industrial fire damage|plant restoration services,local_b2b,,,1100,hero|og|inline-1|inline-2,service|local-business|faq|breadcrumb-list,/services/|/contact/,6.30,planned
/services/odor-removal/,service-landing,Odor Removal and Deodorization in Henderson | Life Savers Restoration LLC,Odor Removal and Deodorization in Henderson,"24/7 odor removal and deodorization in Henderson and surrounding areas. IICRC-certified, insurance billing accepted. Call (702) 845-1325.",odor removal and deodorization henderson,smoke odor removal|ozone treatment|hydroxyl deodorization|thermal fogging|professional odor elimination,local_specialty,,,1100,hero|og|inline-1|inline-2,service|local-business|faq|breadcrumb-list,/services/|/contact/|/service-areas/las-vegas-nv/odor-removal/|/service-areas/paradise-nv/odor-removal/|/service-areas/winchester-nv/odor-removal/,6.30,planned
/services/water-heater-flood-cleanup/,service-landing,24/7 Emergency Water Heater Flood Cleanup in Henderson | Life Savers Restoration LLC,24/7 Emergency Water Heater Flood Cleanup in Henderson,"24/7 emergency water heater flood cleanup in Henderson and surrounding areas. IICRC-certified, insurance billing accepted. Call (702) 845-1325.",water heater flood cleanup henderson,water heater leaking|water heater burst|flooded water heater|water heater leak damage,local_emergency,,,1100,hero|og|inline-1|inline-2,service|local-business|faq|breadcrumb-list,/services/|/contact/,6.30,planned
/services/water-leak-detection/,service-landing,Water Leak Detection in Henderson | Life Savers Restoration LLC,Water Leak Detection in Henderson,"24/7 water leak detection in Henderson and surrounding areas. IICRC-certified, insurance billing accepted. Call (702) 845-1325.",water leak detection henderson,leak detection|hidden water leak|slab leak detection|water leak in wall|leak detection service,local_emergency,,,1100,hero|og|inline-1|inline-2,service|local-business|faq|breadcrumb-list,/services/|/contact/,6.30,planned
/blog/burst-pipe-emergency-checklist/,blog-post,Burst Pipe Emergency Checklist: Step-by-Step Response,Burst Pipe Emergency Checklist: Step-by-Step Response,,burst pipe emergency checklist stepbystep response,water damage restoration|appliance leak cleanup,informational_emergency,,,1400,hero|og|inline-1|inline-2,blog-posting|faq|breadcrumb-list,/blog/|/services/water-damage-restoration/|/blog/what-to-do-first-24-hours-water-damage/|/blog/choosing-a-restoration-company/|/blog/does-homeowners-insurance-cover-water-damage/,6.00,planned
/blog/what-to-do-first-24-hours-water-damage/,blog-post,What To Do in the First 24 Hours After Water Damage,What To Do in the First 24 Hours After Water Damage,,what to do in the first 24 hours after water damage,water damage restoration,informational_emergency,,,1400,hero|og|inline-1|inline-2,blog-posting|faq|breadcrumb-list,/blog/|/services/water-damage-restoration/|/blog/burst-pipe-emergency-checklist/|/blog/choosing-a-restoration-company/|/blog/does-homeowners-insurance-cover-water-damage/,6.00,planned
/service-areas/boulder-city-nv/biohazard-cleanup/,service-area-service,"24/7 Emergency Biohazard Cleanup in Boulder City, NV | Life Savers Restoration LLC",24/7 Emergency Biohazard Cleanup in Boulder City,"24/7 emergency biohazard cleanup in Boulder City, NV. IICRC-certified, insurance billing accepted. Call (702) 845-1325.",biohazard cleanup boulder city,biohazard remediation|blood cleanup|bodily fluid cleanup|sharps and needle cleanup|infectious material cleanup,local_sensitive,,,900,hero|og|inline-1|inline-2,service|local-business|faq|breadcrumb-list,/services/biohazard-cleanup/|/service-areas/boulder-city-nv/|/service-areas/boulder-city-nv/fire-damage-restoration/|/service-areas/boulder-city-nv/mold-remediation/|/service-areas/enterprise-nv/biohazard-cleanup/|/service-areas/indian-springs-nv/biohazard-cleanup/|/contact/,5.60,planned
/service-areas/enterprise-nv/biohazard-cleanup/,service-area-service,"24/7 Emergency Biohazard Cleanup in Enterprise, NV | Life Savers Restoration LLC",24/7 Emergency Biohazard Cleanup in Enterprise,"24/7 emergency biohazard cleanup in Enterprise, NV. IICRC-certified, insurance billing accepted. Call (702) 845-1325.",biohazard cleanup enterprise,biohazard remediation|blood cleanup|bodily fluid cleanup|sharps and needle cleanup|infectious material cleanup,local_sensitive,,,900,hero|og|inline-1|inline-2,service|local-business|faq|breadcrumb-list,/services/biohazard-cleanup/|/service-areas/enterprise-nv/|/service-areas/enterprise-nv/fire-damage-restoration/|/service-areas/enterprise-nv/mold-remediation/|/service-areas/boulder-city-nv/biohazard-cleanup/|/service-areas/indian-springs-nv/biohazard-cleanup/|/contact/,5.60,planned
/service-areas/indian-springs-nv/biohazard-cleanup/,service-area-service,"24/7 Emergency Biohazard Cleanup in Indian Springs, NV | Life Savers Restoration LLC",24/7 Emergency Biohazard Cleanup in Indian Springs,"24/7 emergency biohazard cleanup in Indian Springs, NV. IICRC-certified, insurance billing accepted. Call (702) 845-1325.",biohazard cleanup indian springs,biohazard remediation|blood cleanup|bodily fluid cleanup|sharps and needle cleanup|infectious material cleanup,local_sensitive,,,900,hero|og|inline-1|inline-2,service|local-business|faq|breadcrumb-list,/services/biohazard-cleanup/|/service-areas/indian-springs-nv/|/service-areas/indian-springs-nv/water-damage-restoration/|/service-areas/boulder-city-nv/biohazard-cleanup/|/service-areas/enterprise-nv/biohazard-cleanup/|/contact/,5.60,planned
/service-areas/las-vegas-nv/biohazard-cleanup/,service-area-service,"24/7 Emergency Biohazard Cleanup in Las Vegas, NV | Life Savers Restoration LLC",24/7 Emergency Biohazard Cleanup in Las Vegas,"24/7 emergency biohazard cleanup in Las Vegas, NV. IICRC-certified, insurance billing accepted. Call (702) 845-1325.",biohazard cleanup las vegas,biohazard remediation|blood cleanup|bodily fluid cleanup|sharps and needle cleanup|infectious material cleanup,local_sensitive,,,900,hero|og|inline-1|inline-2,service|local-business|faq|breadcrumb-list,/services/biohazard-cleanup/|/service-areas/las-vegas-nv/|/service-areas/las-vegas-nv/fire-damage-restoration/|/service-areas/las-vegas-nv/mold-remediation/|/service-areas/boulder-city-nv/biohazard-cleanup/|/service-areas/enterprise-nv/biohazard-cleanup/|/contact/,5.60,planned
/service-areas/nellis-afb-nv/biohazard-cleanup/,service-area-service,"24/7 Emergency Biohazard Cleanup in Nellis AFB, NV | Life Savers Restoration LLC",24/7 Emergency Biohazard Cleanup in Nellis AFB,"24/7 emergency biohazard cleanup in Nellis AFB, NV. IICRC-certified, insurance billing accepted. Call (702) 845-1325.",biohazard cleanup nellis afb,biohazard remediation|blood cleanup|bodily fluid cleanup|sharps and needle cleanup|infectious material cleanup,local_sensitive,,,900,hero|og|inline-1|inline-2,service|local-business|faq|breadcrumb-list,/services/biohazard-cleanup/|/service-areas/nellis-afb-nv/|/service-areas/nellis-afb-nv/water-damage-restoration/|/service-areas/boulder-city-nv/biohazard-cleanup/|/service-areas/enterprise-nv/biohazard-cleanup/|/contact/,5.60,planned
/service-areas/north-las-vegas-nv/biohazard-cleanup/,service-area-service,"24/7 Emergency Biohazard Cleanup in North Las Vegas, NV | Life Savers Restoration LLC",24/7 Emergency Biohazard Cleanup in North Las Vegas,"24/7 emergency biohazard cleanup in North Las Vegas, NV. IICRC-certified, insurance billing accepted. Call (702) 845-1325.",biohazard cleanup north las vegas,biohazard remediation|blood cleanup|bodily fluid cleanup|sharps and needle cleanup|infectious material cleanup,local_sensitive,,,900,hero|og|inline-1|inline-2,service|local-business|faq|breadcrumb-list,/services/biohazard-cleanup/|/service-areas/north-las-vegas-nv/|/service-areas/north-las-vegas-nv/fire-damage-restoration/|/service-areas/north-las-vegas-nv/mold-remediation/|/service-areas/boulder-city-nv/biohazard-cleanup/|/service-areas/enterprise-nv/biohazard-cleanup/|/contact/,5.60,planned
/service-areas/paradise-nv/biohazard-cleanup/,service-area-service,"24/7 Emergency Biohazard Cleanup in Paradise, NV | Life Savers Restoration LLC",24/7 Emergency Biohazard Cleanup in Paradise,"24/7 emergency biohazard cleanup in Paradise, NV. IICRC-certified, insurance billing accepted. Call (702) 845-1325.",biohazard cleanup paradise,biohazard remediation|blood cleanup|bodily fluid cleanup|sharps and needle cleanup|infectious material cleanup,local_sensitive,,,900,hero|og|inline-1|inline-2,service|local-business|faq|breadcrumb-list,/services/biohazard-cleanup/|/service-areas/paradise-nv/|/service-areas/paradise-nv/fire-damage-restoration/|/service-areas/paradise-nv/mold-remediation/|/service-areas/boulder-city-nv/biohazard-cleanup/|/service-areas/enterprise-nv/biohazard-cleanup/|/contact/,5.60,planned
/service-areas/spring-valley-nv/biohazard-cleanup/,service-area-service,"24/7 Emergency Biohazard Cleanup in Spring Valley, NV | Life Savers Restoration LLC",24/7 Emergency Biohazard Cleanup in Spring Valley,"24/7 emergency biohazard cleanup in Spring Valley, NV. IICRC-certified, insurance billing accepted. Call (702) 845-1325.",biohazard cleanup spring valley,biohazard remediation|blood cleanup|bodily fluid cleanup|sharps and needle cleanup|infectious material cleanup,local_sensitive,,,900,hero|og|inline-1|inline-2,service|local-business|faq|breadcrumb-list,/services/biohazard-cleanup/|/service-areas/spring-valley-nv/|/service-areas/spring-valley-nv/fire-damage-restoration/|/service-areas/spring-valley-nv/mold-remediation/|/service-areas/boulder-city-nv/biohazard-cleanup/|/service-areas/enterprise-nv/biohazard-cleanup/|/contact/,5.60,planned
/service-areas/sunrise-manor-nv/biohazard-cleanup/,service-area-service,"24/7 Emergency Biohazard Cleanup in Sunrise Manor, NV | Life Savers Restoration LLC",24/7 Emergency Biohazard Cleanup in Sunrise Manor,"24/7 emergency biohazard cleanup in Sunrise Manor, NV. IICRC-certified, insurance billing accepted. Call (702) 845-1325.",biohazard cleanup sunrise manor,biohazard remediation|blood cleanup|bodily fluid cleanup|sharps and needle cleanup|infectious material cleanup,local_sensitive,,,900,hero|og|inline-1|inline-2,service|local-business|faq|breadcrumb-list,/services/biohazard-cleanup/|/service-areas/sunrise-manor-nv/|/service-areas/sunrise-manor-nv/fire-damage-restoration/|/service-areas/sunrise-manor-nv/mold-remediation/|/service-areas/boulder-city-nv/biohazard-cleanup/|/service-areas/enterprise-nv/biohazard-cleanup/|/contact/,5.60,planned
/service-areas/whitney-nv/biohazard-cleanup/,service-area-service,"24/7 Emergency Biohazard Cleanup in Whitney, NV | Life Savers Restoration LLC",24/7 Emergency Biohazard Cleanup in Whitney,"24/7 emergency biohazard cleanup in Whitney, NV. IICRC-certified, insurance billing accepted. Call (702) 845-1325.",biohazard cleanup whitney,biohazard remediation|blood cleanup|bodily fluid cleanup|sharps and needle cleanup|infectious material cleanup,local_sensitive,,,900,hero|og|inline-1|inline-2,service|local-business|faq|breadcrumb-list,/services/biohazard-cleanup/|/service-areas/whitney-nv/|/service-areas/whitney-nv/fire-damage-restoration/|/service-areas/whitney-nv/mold-remediation/|/service-areas/boulder-city-nv/biohazard-cleanup/|/service-areas/enterprise-nv/biohazard-cleanup/|/contact/,5.60,planned
/blog/choosing-a-restoration-company/,blog-post,How To Choose a Restoration Company in  (Without Getting Burned),How To Choose a Restoration Company in  (Without Getting Burned),,how to choose a restoration company in  without getting burned,water damage restoration|fire damage restoration|mold remediation,commercial_decision,,,1400,hero|og|inline-1|inline-2,blog-posting|faq|breadcrumb-list,/blog/|/services/fire-damage-restoration/|/services/mold-remediation/|/services/water-damage-restoration/|/blog/burst-pipe-emergency-checklist/|/blog/what-to-do-first-24-hours-water-damage/|/blog/does-homeowners-insurance-cover-water-damage/,5.40,planned
/blog/does-homeowners-insurance-cover-water-damage/,blog-post,Does Homeowners Insurance Cover Water Damage? A Plain-English Guide,Does Homeowners Insurance Cover Water Damage? A Plain-English Guide,,does homeowners insurance cover water damage a plainenglish guide,water damage restoration,informational_insurance,,,1400,hero|og|inline-1|inline-2,blog-posting|faq|breadcrumb-list,/blog/|/services/water-damage-restoration/|/blog/burst-pipe-emergency-checklist/|/blog/what-to-do-first-24-hours-water-damage/|/blog/choosing-a-restoration-company/,5.40,planned
/blog/fire-damage-restoration-process/,blog-post,"The Fire Damage Restoration Process, Explained","The Fire Damage Restoration Process, Explained",,the fire damage restoration process explained,fire damage restoration|smoke damage restoration,informational_emergency,,,1400,hero|og|inline-1|inline-2,blog-posting|faq|breadcrumb-list,/blog/|/services/fire-damage-restoration/|/services/smoke-damage-restoration/|/blog/choosing-a-restoration-company/,5.40,planned
/blog/how-to-test-for-mold/,blog-post,How To Test for Mold in Your Home (DIY Kits vs a Pro Inspection),How To Test for Mold in Your Home (DIY Kits vs a Pro Inspection),,how to test for mold in your home diy kits vs a pro inspection,mold remediation|mold inspection and testing,informational_health,,,1400,hero|og|inline-1|inline-2,blog-posting|faq|breadcrumb-list,/blog/|/services/mold-remediation/|/services/mold-inspection-testing/|/blog/choosing-a-restoration-company/|/blog/signs-of-hidden-mold/|/blog/black-mold-vs-regular-mold/,5.40,planned
/blog/signs-of-hidden-mold/,blog-post,7 Signs You Have Hidden Mold (and What To Do Next),7 Signs You Have Hidden Mold (and What To Do Next),,7 signs you have hidden mold and what to do next,mold remediation,informational_health,,,1400,hero|og|inline-1|inline-2,blog-posting|faq|breadcrumb-list,/blog/|/services/mold-remediation/|/blog/choosing-a-restoration-company/|/blog/how-to-test-for-mold/|/blog/black-mold-vs-regular-mold/,5.40,planned
/,home,"Life Savers Restoration LLC | Restoration Services in Henderson, NV",24/7 Restoration Services in Henderson,"Life Savers Restoration LLC provides 24/7 water, fire, mold, and storm damage restoration across Henderson and surrounding areas. Licensed, insured, IICRC-certified. Call (702) 845-1325.",restoration services henderson,restoration company near me|24/7 damage restoration|emergency restoration,local_commercial,,,1200,hero|og|inline-1|inline-2|inline-3,organization|website|local-business|aggregate-rating,/services/|/service-areas/|/contact/|/about/|/services/fire-damage-restoration/|/services/mold-remediation/|/services/water-damage-restoration/|/services/commercial-restoration/|/services/emergency-water-removal/|/services/flood-damage-restoration/|/services/reconstruction/|/services/sewage-cleanup/|/services/smoke-damage-restoration/|/services/storm-damage-restoration/|/services/basement-flooding-cleanup/|/services/biohazard-cleanup/|/services/burst-pipe-repair/|/services/ceiling-water-damage-repair/|/services/general-contracting/|/services/large-loss-response/|/services/mold-inspection-testing/|/services/industrial-restoration/|/services/odor-removal/|/services/water-heater-flood-cleanup/|/services/water-leak-detection/|/services/contents-restoration/|/service-areas/blue-diamond-nv/|/service-areas/boulder-city-nv/|/service-areas/cal-nev-ari-nv/|/service-areas/enterprise-nv/|/service-areas/goodsprings-nv/|/service-areas/indian-springs-nv/|/service-areas/las-vegas-nv/|/service-areas/laughlin-nv/|/service-areas/nellis-afb-nv/|/service-areas/nelson-nv/|/service-areas/north-las-vegas-nv/|/service-areas/paradise-nv/|/service-areas/sandy-valley-nv/|/service-areas/searchlight-nv/|/service-areas/spring-valley-nv/|/service-areas/summerlin-south-nv/|/service-areas/sunrise-manor-nv/|/service-areas/whitney-nv/|/service-areas/winchester-nv/,5.00,planned
/service-areas/las-vegas-nv/odor-removal/,service-area-service,"Odor Removal and Deodorization in Las Vegas, NV | Life Savers Restoration LLC",Odor Removal and Deodorization in Las Vegas,"24/7 odor removal and deodorization in Las Vegas, NV. IICRC-certified, insurance billing accepted. Call (702) 845-1325.",odor removal and deodorization las vegas,smoke odor removal|ozone treatment|hydroxyl deodorization|thermal fogging|professional odor elimination,local_specialty,,,900,hero|og|inline-1|inline-2,service|local-business|faq|breadcrumb-list,/services/odor-removal/|/service-areas/las-vegas-nv/|/service-areas/las-vegas-nv/fire-damage-restoration/|/service-areas/las-vegas-nv/mold-remediation/|/service-areas/paradise-nv/odor-removal/|/service-areas/winchester-nv/odor-removal/|/contact/,4.90,planned
/service-areas/paradise-nv/odor-removal/,service-area-service,"Odor Removal and Deodorization in Paradise, NV | Life Savers Restoration LLC",Odor Removal and Deodorization in Paradise,"24/7 odor removal and deodorization in Paradise, NV. IICRC-certified, insurance billing accepted. Call (702) 845-1325.",odor removal and deodorization paradise,smoke odor removal|ozone treatment|hydroxyl deodorization|thermal fogging|professional odor elimination,local_specialty,,,900,hero|og|inline-1|inline-2,service|local-business|faq|breadcrumb-list,/services/odor-removal/|/service-areas/paradise-nv/|/service-areas/paradise-nv/fire-damage-restoration/|/service-areas/paradise-nv/mold-remediation/|/service-areas/las-vegas-nv/odor-removal/|/service-areas/winchester-nv/odor-removal/|/contact/,4.90,planned
/service-areas/winchester-nv/odor-removal/,service-area-service,"Odor Removal and Deodorization in Winchester, NV | Life Savers Restoration LLC",Odor Removal and Deodorization in Winchester,"24/7 odor removal and deodorization in Winchester, NV. IICRC-certified, insurance billing accepted. Call (702) 845-1325.",odor removal and deodorization winchester,smoke odor removal|ozone treatment|hydroxyl deodorization|thermal fogging|professional odor elimination,local_specialty,,,900,hero|og|inline-1|inline-2,service|local-business|faq|breadcrumb-list,/services/odor-removal/|/service-areas/winchester-nv/|/service-areas/winchester-nv/fire-damage-restoration/|/service-areas/winchester-nv/mold-remediation/|/service-areas/las-vegas-nv/odor-removal/|/service-areas/paradise-nv/odor-removal/|/contact/,4.90,planned
/blog/black-mold-vs-regular-mold/,blog-post,Black Mold vs Regular Mold: How To Tell the Difference,Black Mold vs Regular Mold: How To Tell the Difference,,black mold vs regular mold how to tell the difference,mold remediation,informational_health,,,1400,hero|og|inline-1|inline-2,blog-posting|faq|breadcrumb-list,/blog/|/services/mold-remediation/|/blog/choosing-a-restoration-company/|/blog/how-to-test-for-mold/|/blog/signs-of-hidden-mold/,4.80,planned
/service-areas/blue-diamond-nv/,service-area,"Restoration Services in Blue Diamond, NV | Life Savers Restoration LLC",Restoration Services in Blue Diamond,"Serving Blue Diamond, NV with 24/7 water, fire, mold, and storm damage restoration. IICRC-certified team. Call (702) 845-1325.",restoration services blue diamond,blue diamond restoration company|damage restoration blue diamond|blue diamond disaster restoration,local_commercial,,,900,hero|og|inline-1,local-business|service|breadcrumb-list,/service-areas/|/contact/|/service-areas/blue-diamond-nv/water-damage-restoration/|/service-areas/boulder-city-nv/|/service-areas/cal-nev-ari-nv/|/service-areas/enterprise-nv/,4.80,planned
/service-areas/boulder-city-nv/,service-area,"Restoration Services in Boulder City, NV | Life Savers Restoration LLC",Restoration Services in Boulder City,"Serving Boulder City, NV with 24/7 water, fire, mold, and storm damage restoration. IICRC-certified team. Call (702) 845-1325.",restoration services boulder city,boulder city restoration company|damage restoration boulder city|boulder city disaster restoration,local_commercial,,,900,hero|og|inline-1,local-business|service|breadcrumb-list,/service-areas/|/contact/|/service-areas/boulder-city-nv/fire-damage-restoration/|/service-areas/boulder-city-nv/mold-remediation/|/service-areas/boulder-city-nv/water-damage-restoration/|/service-areas/boulder-city-nv/sewage-cleanup/|/service-areas/boulder-city-nv/storm-damage-restoration/|/service-areas/boulder-city-nv/biohazard-cleanup/|/service-areas/boulder-city-nv/contents-restoration/|/service-areas/blue-diamond-nv/|/service-areas/cal-nev-ari-nv/|/service-areas/enterprise-nv/,4.80,planned
/service-areas/cal-nev-ari-nv/,service-area,"Restoration Services in Cal-Nev-Ari, NV | Life Savers Restoration LLC",Restoration Services in Cal-Nev-Ari,"Serving Cal-Nev-Ari, NV with 24/7 water, fire, mold, and storm damage restoration. IICRC-certified team. Call (702) 845-1325.",restoration services cal-nev-ari,cal-nev-ari restoration company|damage restoration cal-nev-ari|cal-nev-ari disaster restoration,local_commercial,,,900,hero|og|inline-1,local-business|service|breadcrumb-list,/service-areas/|/contact/|/service-areas/cal-nev-ari-nv/water-damage-restoration/|/service-areas/blue-diamond-nv/|/service-areas/boulder-city-nv/|/service-areas/enterprise-nv/,4.80,planned
/service-areas/enterprise-nv/,service-area,"Restoration Services in Enterprise, NV | Life Savers Restoration LLC",Restoration Services in Enterprise,"Serving Enterprise, NV with 24/7 water, fire, mold, and storm damage restoration. IICRC-certified team. Call (702) 845-1325.",restoration services enterprise,enterprise restoration company|damage restoration enterprise|enterprise disaster restoration,local_commercial,,,900,hero|og|inline-1,local-business|service|breadcrumb-list,/service-areas/|/contact/|/service-areas/enterprise-nv/fire-damage-restoration/|/service-areas/enterprise-nv/mold-remediation/|/service-areas/enterprise-nv/water-damage-restoration/|/service-areas/enterprise-nv/sewage-cleanup/|/service-areas/enterprise-nv/storm-damage-restoration/|/service-areas/enterprise-nv/biohazard-cleanup/|/service-areas/enterprise-nv/contents-restoration/|/service-areas/blue-diamond-nv/|/service-areas/boulder-city-nv/|/service-areas/cal-nev-ari-nv/,4.80,planned
/service-areas/goodsprings-nv/,service-area,"Restoration Services in Goodsprings, NV | Life Savers Restoration LLC",Restoration Services in Goodsprings,"Serving Goodsprings, NV with 24/7 water, fire, mold, and storm damage restoration. IICRC-certified team. Call (702) 845-1325.",restoration services goodsprings,goodsprings restoration company|damage restoration goodsprings|goodsprings disaster restoration,local_commercial,,,900,hero|og|inline-1,local-business|service|breadcrumb-list,/service-areas/|/contact/|/service-areas/goodsprings-nv/water-damage-restoration/|/service-areas/blue-diamond-nv/|/service-areas/boulder-city-nv/|/service-areas/cal-nev-ari-nv/,4.80,planned
/service-areas/indian-springs-nv/,service-area,"Restoration Services in Indian Springs, NV | Life Savers Restoration LLC",Restoration Services in Indian Springs,"Serving Indian Springs, NV with 24/7 water, fire, mold, and storm damage restoration. IICRC-certified team. Call (702) 845-1325.",restoration services indian springs,indian springs restoration company|damage restoration indian springs|indian springs disaster restoration,local_commercial,,,900,hero|og|inline-1,local-business|service|breadcrumb-list,/service-areas/|/contact/|/service-areas/indian-springs-nv/water-damage-restoration/|/service-areas/indian-springs-nv/biohazard-cleanup/|/service-areas/blue-diamond-nv/|/service-areas/boulder-city-nv/|/service-areas/cal-nev-ari-nv/,4.80,planned
/service-areas/las-vegas-nv/,service-area,"Restoration Services in Las Vegas, NV | Life Savers Restoration LLC",Restoration Services in Las Vegas,"Serving Las Vegas, NV with 24/7 water, fire, mold, and storm damage restoration. IICRC-certified team. Call (702) 845-1325.",restoration services las vegas,las vegas restoration company|damage restoration las vegas|las vegas disaster restoration,local_commercial,,,900,hero|og|inline-1,local-business|service|breadcrumb-list,/service-areas/|/contact/|/service-areas/las-vegas-nv/fire-damage-restoration/|/service-areas/las-vegas-nv/mold-remediation/|/service-areas/las-vegas-nv/water-damage-restoration/|/service-areas/las-vegas-nv/emergency-water-removal/|/service-areas/las-vegas-nv/sewage-cleanup/|/service-areas/las-vegas-nv/storm-damage-restoration/|/service-areas/las-vegas-nv/biohazard-cleanup/|/service-areas/las-vegas-nv/odor-removal/|/service-areas/las-vegas-nv/contents-restoration/|/service-areas/blue-diamond-nv/|/service-areas/boulder-city-nv/|/service-areas/cal-nev-ari-nv/,4.80,planned
/service-areas/laughlin-nv/,service-area,"Restoration Services in Laughlin, NV | Life Savers Restoration LLC",Restoration Services in Laughlin,"Serving Laughlin, NV with 24/7 water, fire, mold, and storm damage restoration. IICRC-certified team. Call (702) 845-1325.",restoration services laughlin,laughlin restoration company|damage restoration laughlin|laughlin disaster restoration,local_commercial,,,900,hero|og|inline-1,local-business|service|breadcrumb-list,/service-areas/|/contact/|/service-areas/laughlin-nv/water-damage-restoration/|/service-areas/laughlin-nv/storm-damage-restoration/|/service-areas/blue-diamond-nv/|/service-areas/boulder-city-nv/|/service-areas/cal-nev-ari-nv/,4.80,planned
/service-areas/nellis-afb-nv/,service-area,"Restoration Services in Nellis AFB, NV | Life Savers Restoration LLC",Restoration Services in Nellis AFB,"Serving Nellis AFB, NV with 24/7 water, fire, mold, and storm damage restoration. IICRC-certified team. Call (702) 845-1325.",restoration services nellis afb,nellis afb restoration company|damage restoration nellis afb|nellis afb disaster restoration,local_commercial,,,900,hero|og|inline-1,local-business|service|breadcrumb-list,/service-areas/|/contact/|/service-areas/nellis-afb-nv/water-damage-restoration/|/service-areas/nellis-afb-nv/biohazard-cleanup/|/service-areas/blue-diamond-nv/|/service-areas/boulder-city-nv/|/service-areas/cal-nev-ari-nv/,4.80,planned
/service-areas/nelson-nv/,service-area,"Restoration Services in Nelson, NV | Life Savers Restoration LLC",Restoration Services in Nelson,"Serving Nelson, NV with 24/7 water, fire, mold, and storm damage restoration. IICRC-certified team. Call (702) 845-1325.",restoration services nelson,nelson restoration company|damage restoration nelson|nelson disaster restoration,local_commercial,,,900,hero|og|inline-1,local-business|service|breadcrumb-list,/service-areas/|/contact/|/service-areas/nelson-nv/water-damage-restoration/|/service-areas/blue-diamond-nv/|/service-areas/boulder-city-nv/|/service-areas/cal-nev-ari-nv/,4.80,planned
/service-areas/north-las-vegas-nv/,service-area,"Restoration Services in North Las Vegas, NV | Life Savers Restoration LLC",Restoration Services in North Las Vegas,"Serving North Las Vegas, NV with 24/7 water, fire, mold, and storm damage restoration. IICRC-certified team. Call (702) 845-1325.",restoration services north las vegas,north las vegas restoration company|damage restoration north las vegas|north las vegas disaster restoration,local_commercial,,,900,hero|og|inline-1,local-business|service|breadcrumb-list,/service-areas/|/contact/|/service-areas/north-las-vegas-nv/fire-damage-restoration/|/service-areas/north-las-vegas-nv/mold-remediation/|/service-areas/north-las-vegas-nv/water-damage-restoration/|/service-areas/north-las-vegas-nv/sewage-cleanup/|/service-areas/north-las-vegas-nv/storm-damage-restoration/|/service-areas/north-las-vegas-nv/biohazard-cleanup/|/service-areas/north-las-vegas-nv/contents-restoration/|/service-areas/blue-diamond-nv/|/service-areas/boulder-city-nv/|/service-areas/cal-nev-ari-nv/,4.80,planned
/service-areas/paradise-nv/,service-area,"Restoration Services in Paradise, NV | Life Savers Restoration LLC",Restoration Services in Paradise,"Serving Paradise, NV with 24/7 water, fire, mold, and storm damage restoration. IICRC-certified team. Call (702) 845-1325.",restoration services paradise,paradise restoration company|damage restoration paradise|paradise disaster restoration,local_commercial,,,900,hero|og|inline-1,local-business|service|breadcrumb-list,/service-areas/|/contact/|/service-areas/paradise-nv/fire-damage-restoration/|/service-areas/paradise-nv/mold-remediation/|/service-areas/paradise-nv/water-damage-restoration/|/service-areas/paradise-nv/sewage-cleanup/|/service-areas/paradise-nv/storm-damage-restoration/|/service-areas/paradise-nv/biohazard-cleanup/|/service-areas/paradise-nv/odor-removal/|/service-areas/paradise-nv/contents-restoration/|/service-areas/blue-diamond-nv/|/service-areas/boulder-city-nv/|/service-areas/cal-nev-ari-nv/,4.80,planned
/service-areas/sandy-valley-nv/,service-area,"Restoration Services in Sandy Valley, NV | Life Savers Restoration LLC",Restoration Services in Sandy Valley,"Serving Sandy Valley, NV with 24/7 water, fire, mold, and storm damage restoration. IICRC-certified team. Call (702) 845-1325.",restoration services sandy valley,sandy valley restoration company|damage restoration sandy valley|sandy valley disaster restoration,local_commercial,,,900,hero|og|inline-1,local-business|service|breadcrumb-list,/service-areas/|/contact/|/service-areas/sandy-valley-nv/water-damage-restoration/|/service-areas/blue-diamond-nv/|/service-areas/boulder-city-nv/|/service-areas/cal-nev-ari-nv/,4.80,planned
/service-areas/searchlight-nv/,service-area,"Restoration Services in Searchlight, NV | Life Savers Restoration LLC",Restoration Services in Searchlight,"Serving Searchlight, NV with 24/7 water, fire, mold, and storm damage restoration. IICRC-certified team. Call (702) 845-1325.",restoration services searchlight,searchlight restoration company|damage restoration searchlight|searchlight disaster restoration,local_commercial,,,900,hero|og|inline-1,local-business|service|breadcrumb-list,/service-areas/|/contact/|/service-areas/searchlight-nv/water-damage-restoration/|/service-areas/blue-diamond-nv/|/service-areas/boulder-city-nv/|/service-areas/cal-nev-ari-nv/,4.80,planned
/service-areas/spring-valley-nv/,service-area,"Restoration Services in Spring Valley, NV | Life Savers Restoration LLC",Restoration Services in Spring Valley,"Serving Spring Valley, NV with 24/7 water, fire, mold, and storm damage restoration. IICRC-certified team. Call (702) 845-1325.",restoration services spring valley,spring valley restoration company|damage restoration spring valley|spring valley disaster restoration,local_commercial,,,900,hero|og|inline-1,local-business|service|breadcrumb-list,/service-areas/|/contact/|/service-areas/spring-valley-nv/fire-damage-restoration/|/service-areas/spring-valley-nv/mold-remediation/|/service-areas/spring-valley-nv/water-damage-restoration/|/service-areas/spring-valley-nv/sewage-cleanup/|/service-areas/spring-valley-nv/storm-damage-restoration/|/service-areas/spring-valley-nv/biohazard-cleanup/|/service-areas/spring-valley-nv/contents-restoration/|/service-areas/blue-diamond-nv/|/service-areas/boulder-city-nv/|/service-areas/cal-nev-ari-nv/,4.80,planned
/service-areas/summerlin-south-nv/,service-area,"Restoration Services in Summerlin South, NV | Life Savers Restoration LLC",Restoration Services in Summerlin South,"Serving Summerlin South, NV with 24/7 water, fire, mold, and storm damage restoration. IICRC-certified team. Call (702) 845-1325.",restoration services summerlin south,summerlin south restoration company|damage restoration summerlin south|summerlin south disaster restoration,local_commercial,,,900,hero|og|inline-1,local-business|service|breadcrumb-list,/service-areas/|/contact/|/service-areas/summerlin-south-nv/water-damage-restoration/|/service-areas/blue-diamond-nv/|/service-areas/boulder-city-nv/|/service-areas/cal-nev-ari-nv/,4.80,planned
/service-areas/sunrise-manor-nv/,service-area,"Restoration Services in Sunrise Manor, NV | Life Savers Restoration LLC",Restoration Services in Sunrise Manor,"Serving Sunrise Manor, NV with 24/7 water, fire, mold, and storm damage restoration. IICRC-certified team. Call (702) 845-1325.",restoration services sunrise manor,sunrise manor restoration company|damage restoration sunrise manor|sunrise manor disaster restoration,local_commercial,,,900,hero|og|inline-1,local-business|service|breadcrumb-list,/service-areas/|/contact/|/service-areas/sunrise-manor-nv/fire-damage-restoration/|/service-areas/sunrise-manor-nv/mold-remediation/|/service-areas/sunrise-manor-nv/water-damage-restoration/|/service-areas/sunrise-manor-nv/sewage-cleanup/|/service-areas/sunrise-manor-nv/storm-damage-restoration/|/service-areas/sunrise-manor-nv/biohazard-cleanup/|/service-areas/sunrise-manor-nv/contents-restoration/|/service-areas/blue-diamond-nv/|/service-areas/boulder-city-nv/|/service-areas/cal-nev-ari-nv/,4.80,planned
/service-areas/whitney-nv/,service-area,"Restoration Services in Whitney, NV | Life Savers Restoration LLC",Restoration Services in Whitney,"Serving Whitney, NV with 24/7 water, fire, mold, and storm damage restoration. IICRC-certified team. Call (702) 845-1325.",restoration services whitney,whitney restoration company|damage restoration whitney|whitney disaster restoration,local_commercial,,,900,hero|og|inline-1,local-business|service|breadcrumb-list,/service-areas/|/contact/|/service-areas/whitney-nv/fire-damage-restoration/|/service-areas/whitney-nv/mold-remediation/|/service-areas/whitney-nv/water-damage-restoration/|/service-areas/whitney-nv/sewage-cleanup/|/service-areas/whitney-nv/storm-damage-restoration/|/service-areas/whitney-nv/biohazard-cleanup/|/service-areas/whitney-nv/contents-restoration/|/service-areas/blue-diamond-nv/|/service-areas/boulder-city-nv/|/service-areas/cal-nev-ari-nv/,4.80,planned
/service-areas/winchester-nv/,service-area,"Restoration Services in Winchester, NV | Life Savers Restoration LLC",Restoration Services in Winchester,"Serving Winchester, NV with 24/7 water, fire, mold, and storm damage restoration. IICRC-certified team. Call (702) 845-1325.",restoration services winchester,winchester restoration company|damage restoration winchester|winchester disaster restoration,local_commercial,,,900,hero|og|inline-1,local-business|service|breadcrumb-list,/service-areas/|/contact/|/service-areas/winchester-nv/fire-damage-restoration/|/service-areas/winchester-nv/mold-remediation/|/service-areas/winchester-nv/water-damage-restoration/|/service-areas/winchester-nv/odor-removal/|/service-areas/blue-diamond-nv/|/service-areas/boulder-city-nv/|/service-areas/cal-nev-ari-nv/,4.80,planned
/services/contents-restoration/,service-landing,Contents Restoration and Storage in Henderson | Life Savers Restoration LLC,Contents Restoration and Storage in Henderson,"24/7 contents restoration and storage in Henderson and surrounding areas. IICRC-certified, insurance billing accepted. Call (702) 845-1325.",contents restoration and storage henderson,contents pack-out|contents cleaning|belongings restoration|furniture restoration after fire|contents storage,local_service,,,1100,hero|og|inline-1|inline-2,service|local-business|faq|breadcrumb-list,/services/|/contact/|/service-areas/boulder-city-nv/contents-restoration/|/service-areas/enterprise-nv/contents-restoration/|/service-areas/las-vegas-nv/contents-restoration/|/service-areas/north-las-vegas-nv/contents-restoration/|/service-areas/paradise-nv/contents-restoration/|/service-areas/spring-valley-nv/contents-restoration/|/service-areas/sunrise-manor-nv/contents-restoration/|/service-areas/whitney-nv/contents-restoration/,4.50,planned
/services/,services-hub,Restoration Services in Henderson | Life Savers Restoration LLC,Our Restoration Services,"Full-service restoration in Henderson: water, fire, mold, storm, biohazard, and commercial restoration. 24/7 response. Call (702) 845-1325.",restoration services henderson,damage restoration services|property restoration services|disaster restoration,local_commercial,,,800,hero|og|inline-1,organization|website|local-business|breadcrumb-list,/|/services/fire-damage-restoration/|/services/mold-remediation/|/services/water-damage-restoration/|/services/commercial-restoration/|/services/emergency-water-removal/|/services/flood-damage-restoration/|/services/reconstruction/|/services/sewage-cleanup/|/services/smoke-damage-restoration/|/services/storm-damage-restoration/|/services/basement-flooding-cleanup/|/services/biohazard-cleanup/|/services/burst-pipe-repair/|/services/ceiling-water-damage-repair/|/services/general-contracting/|/services/large-loss-response/|/services/mold-inspection-testing/|/services/industrial-restoration/|/services/odor-removal/|/services/water-heater-flood-cleanup/|/services/water-leak-detection/|/services/contents-restoration/,4.00,planned
/service-areas/,service-areas-hub,Service Areas | Life Savers Restoration LLC Restoration,Areas We Serve,Life Savers Restoration LLC provides 24/7 restoration services across Henderson and the surrounding region. Find your city.,life savers restoration llc service areas,restoration service area|cities we serve|local restoration coverage,navigational_local,,,500,hero|og,organization|website|local-business|breadcrumb-list,/|/service-areas/blue-diamond-nv/|/service-areas/boulder-city-nv/|/service-areas/cal-nev-ari-nv/|/service-areas/enterprise-nv/|/service-areas/goodsprings-nv/|/service-areas/indian-springs-nv/|/service-areas/las-vegas-nv/|/service-areas/laughlin-nv/|/service-areas/nellis-afb-nv/|/service-areas/nelson-nv/|/service-areas/north-las-vegas-nv/|/service-areas/paradise-nv/|/service-areas/sandy-valley-nv/|/service-areas/searchlight-nv/|/service-areas/spring-valley-nv/|/service-areas/summerlin-south-nv/|/service-areas/sunrise-manor-nv/|/service-areas/whitney-nv/|/service-areas/winchester-nv/,3.50,planned
/service-areas/boulder-city-nv/contents-restoration/,service-area-service,"Contents Restoration and Storage in Boulder City, NV | Life Savers Restoration LLC",Contents Restoration and Storage in Boulder City,"24/7 contents restoration and storage in Boulder City, NV. IICRC-certified, insurance billing accepted. Call (702) 845-1325.",contents restoration and storage boulder city,contents pack-out|contents cleaning|belongings restoration|furniture restoration after fire|contents storage,local_service,,,900,hero|og|inline-1|inline-2,service|local-business|faq|breadcrumb-list,/services/contents-restoration/|/service-areas/boulder-city-nv/|/service-areas/boulder-city-nv/fire-damage-restoration/|/service-areas/boulder-city-nv/mold-remediation/|/service-areas/enterprise-nv/contents-restoration/|/service-areas/las-vegas-nv/contents-restoration/|/contact/,3.50,planned
/service-areas/enterprise-nv/contents-restoration/,service-area-service,"Contents Restoration and Storage in Enterprise, NV | Life Savers Restoration LLC",Contents Restoration and Storage in Enterprise,"24/7 contents restoration and storage in Enterprise, NV. IICRC-certified, insurance billing accepted. Call (702) 845-1325.",contents restoration and storage enterprise,contents pack-out|contents cleaning|belongings restoration|furniture restoration after fire|contents storage,local_service,,,900,hero|og|inline-1|inline-2,service|local-business|faq|breadcrumb-list,/services/contents-restoration/|/service-areas/enterprise-nv/|/service-areas/enterprise-nv/fire-damage-restoration/|/service-areas/enterprise-nv/mold-remediation/|/service-areas/boulder-city-nv/contents-restoration/|/service-areas/las-vegas-nv/contents-restoration/|/contact/,3.50,planned
/service-areas/las-vegas-nv/contents-restoration/,service-area-service,"Contents Restoration and Storage in Las Vegas, NV | Life Savers Restoration LLC",Contents Restoration and Storage in Las Vegas,"24/7 contents restoration and storage in Las Vegas, NV. IICRC-certified, insurance billing accepted. Call (702) 845-1325.",contents restoration and storage las vegas,contents pack-out|contents cleaning|belongings restoration|furniture restoration after fire|contents storage,local_service,,,900,hero|og|inline-1|inline-2,service|local-business|faq|breadcrumb-list,/services/contents-restoration/|/service-areas/las-vegas-nv/|/service-areas/las-vegas-nv/fire-damage-restoration/|/service-areas/las-vegas-nv/mold-remediation/|/service-areas/boulder-city-nv/contents-restoration/|/service-areas/enterprise-nv/contents-restoration/|/contact/,3.50,planned
/service-areas/north-las-vegas-nv/contents-restoration/,service-area-service,"Contents Restoration and Storage in North Las Vegas, NV | Life Savers Restoration LLC",Contents Restoration and Storage in North Las Vegas,"24/7 contents restoration and storage in North Las Vegas, NV. IICRC-certified, insurance billing accepted. Call (702) 845-1325.",contents restoration and storage north las vegas,contents pack-out|contents cleaning|belongings restoration|furniture restoration after fire|contents storage,local_service,,,900,hero|og|inline-1|inline-2,service|local-business|faq|breadcrumb-list,/services/contents-restoration/|/service-areas/north-las-vegas-nv/|/service-areas/north-las-vegas-nv/fire-damage-restoration/|/service-areas/north-las-vegas-nv/mold-remediation/|/service-areas/boulder-city-nv/contents-restoration/|/service-areas/enterprise-nv/contents-restoration/|/contact/,3.50,planned
/service-areas/paradise-nv/contents-restoration/,service-area-service,"Contents Restoration and Storage in Paradise, NV | Life Savers Restoration LLC",Contents Restoration and Storage in Paradise,"24/7 contents restoration and storage in Paradise, NV. IICRC-certified, insurance billing accepted. Call (702) 845-1325.",contents restoration and storage paradise,contents pack-out|contents cleaning|belongings restoration|furniture restoration after fire|contents storage,local_service,,,900,hero|og|inline-1|inline-2,service|local-business|faq|breadcrumb-list,/services/contents-restoration/|/service-areas/paradise-nv/|/service-areas/paradise-nv/fire-damage-restoration/|/service-areas/paradise-nv/mold-remediation/|/service-areas/boulder-city-nv/contents-restoration/|/service-areas/enterprise-nv/contents-restoration/|/contact/,3.50,planned
/service-areas/spring-valley-nv/contents-restoration/,service-area-service,"Contents Restoration and Storage in Spring Valley, NV | Life Savers Restoration LLC",Contents Restoration and Storage in Spring Valley,"24/7 contents restoration and storage in Spring Valley, NV. IICRC-certified, insurance billing accepted. Call (702) 845-1325.",contents restoration and storage spring valley,contents pack-out|contents cleaning|belongings restoration|furniture restoration after fire|contents storage,local_service,,,900,hero|og|inline-1|inline-2,service|local-business|faq|breadcrumb-list,/services/contents-restoration/|/service-areas/spring-valley-nv/|/service-areas/spring-valley-nv/fire-damage-restoration/|/service-areas/spring-valley-nv/mold-remediation/|/service-areas/boulder-city-nv/contents-restoration/|/service-areas/enterprise-nv/contents-restoration/|/contact/,3.50,planned
/service-areas/sunrise-manor-nv/contents-restoration/,service-area-service,"Contents Restoration and Storage in Sunrise Manor, NV | Life Savers Restoration LLC",Contents Restoration and Storage in Sunrise Manor,"24/7 contents restoration and storage in Sunrise Manor, NV. IICRC-certified, insurance billing accepted. Call (702) 845-1325.",contents restoration and storage sunrise manor,contents pack-out|contents cleaning|belongings restoration|furniture restoration after fire|contents storage,local_service,,,900,hero|og|inline-1|inline-2,service|local-business|faq|breadcrumb-list,/services/contents-restoration/|/service-areas/sunrise-manor-nv/|/service-areas/sunrise-manor-nv/fire-damage-restoration/|/service-areas/sunrise-manor-nv/mold-remediation/|/service-areas/boulder-city-nv/contents-restoration/|/service-areas/enterprise-nv/contents-restoration/|/contact/,3.50,planned
/service-areas/whitney-nv/contents-restoration/,service-area-service,"Contents Restoration and Storage in Whitney, NV | Life Savers Restoration LLC",Contents Restoration and Storage in Whitney,"24/7 contents restoration and storage in Whitney, NV. IICRC-certified, insurance billing accepted. Call (702) 845-1325.",contents restoration and storage whitney,contents pack-out|contents cleaning|belongings restoration|furniture restoration after fire|contents storage,local_service,,,900,hero|og|inline-1|inline-2,service|local-business|faq|breadcrumb-list,/services/contents-restoration/|/service-areas/whitney-nv/|/service-areas/whitney-nv/fire-damage-restoration/|/service-areas/whitney-nv/mold-remediation/|/service-areas/boulder-city-nv/contents-restoration/|/service-areas/enterprise-nv/contents-restoration/|/contact/,3.50,planned
/blog/,blog-index,Restoration Blog | Life Savers Restoration LLC,Restoration Resources and Insights,"Guides, checklists, and explainers from Life Savers Restoration LLC on water, fire, mold, and storm damage restoration.",restoration blog henderson,restoration guides|damage restoration tips|restoration insights,informational_browse,,,300,hero|og,website|breadcrumb-list,/|/blog/burst-pipe-emergency-checklist/|/blog/what-to-do-first-24-hours-water-damage/|/blog/choosing-a-restoration-company/|/blog/does-homeowners-insurance-cover-water-damage/|/blog/fire-damage-restoration-process/|/blog/how-to-test-for-mold/|/blog/signs-of-hidden-mold/|/blog/black-mold-vs-regular-mold/,3.00,planned
/about/,about,About Life Savers Restoration LLC | Henderson Restoration Company,About Life Savers Restoration LLC,"Life Savers Restoration LLC has served Henderson since 2019. Meet our IICRC-certified restoration team. Licensed, insured, locally owned.",life savers restoration llc henderson,local restoration company|iicrc certified restoration|licensed restoration contractor,navigational_trust,,,700,hero|og|inline-1,organization|website|local-business|aggregate-rating|breadcrumb-list,/|/services/|/contact/,2.50,planned
/contact/,contact,Contact Life Savers Restoration LLC | 24/7 Restoration in Henderson,Contact Life Savers Restoration LLC,Call (702) 845-1325 for 24/7 emergency restoration in Henderson and surrounding areas. Free estimates. Direct insurance billing.,life savers restoration llc contact,restoration company contact|24/7 restoration phone|emergency restoration near me,navigational_action,,,400,hero|og,organization|website|local-business|breadcrumb-list,/|/services/|/service-areas/,2.50,planned
/accessibility/,legal,Accessibility Statement | Life Savers Restoration LLC,Accessibility Statement,Accessibility Statement | {brand.display_name}.,life savers restoration llc accessibility,,navigational_legal,,,400,og,,,1.00,planned
/privacy/,legal,Privacy Policy | Life Savers Restoration LLC,Privacy Policy,Privacy Policy | {brand.display_name}.,life savers restoration llc privacy,,navigational_legal,,,600,og,,,1.00,planned
/terms/,legal,Terms of Service | Life Savers Restoration LLC,Terms of Service,Terms of Service | {brand.display_name}.,life savers restoration llc terms,,navigational_legal,,,600,og,,,1.00,planned
