url_path,archetype,title,h1,meta_description,primary_keyword,secondary_keywords,search_intent,search_volume,difficulty,target_word_count,image_roles,schema_stubs,internal_links_out,priority,status
/services/fire-damage-restoration/,service-landing,Fire Damage Restoration in Pittsburgh | Katofsky Construction LLC,Fire Damage Restoration in Pittsburgh,"24/7 fire damage restoration in Pittsburgh and surrounding areas. IICRC-certified, insurance billing accepted. Call (412) 304-9284.",fire damage restoration pittsburgh,fire cleanup|fire and smoke restoration|structural fire damage|post-fire restoration|fire damage repair,local_emergency,,,1100,hero|og|inline-1|inline-2,service|local-business|faq|breadcrumb-list,/services/|/contact/|/service-areas/allison-park-pa/fire-damage-restoration/|/service-areas/baldwin-pa/fire-damage-restoration/|/service-areas/bethel-park-pa/fire-damage-restoration/|/service-areas/carnegie-pa/fire-damage-restoration/|/service-areas/castle-shannon-pa/fire-damage-restoration/|/service-areas/churchill-pa/fire-damage-restoration/|/service-areas/duquesne-pa/fire-damage-restoration/|/service-areas/forest-hills-pa/fire-damage-restoration/|/service-areas/fox-chapel-pa/fire-damage-restoration/|/service-areas/glenshaw-pa/fire-damage-restoration/|/service-areas/green-tree-pa/fire-damage-restoration/|/service-areas/greensburg-pa/fire-damage-restoration/|/blog/choosing-a-restoration-company/|/blog/fire-damage-restoration-process/,9.00,planned
/services/mold-remediation/,service-landing,Mold Remediation in Pittsburgh | Katofsky Construction LLC,Mold Remediation in Pittsburgh,"24/7 mold remediation in Pittsburgh and surrounding areas. IICRC-certified, insurance billing accepted. Call (412) 304-9284.",mold remediation pittsburgh,mold removal|black mold remediation|mold abatement|mold containment|mold cleanup,local_health,,,1100,hero|og|inline-1|inline-2,service|local-business|faq|breadcrumb-list,/services/|/contact/|/service-areas/allison-park-pa/mold-remediation/|/service-areas/baldwin-pa/mold-remediation/|/service-areas/bethel-park-pa/mold-remediation/|/service-areas/carnegie-pa/mold-remediation/|/service-areas/castle-shannon-pa/mold-remediation/|/service-areas/churchill-pa/mold-remediation/|/service-areas/duquesne-pa/mold-remediation/|/service-areas/forest-hills-pa/mold-remediation/|/service-areas/fox-chapel-pa/mold-remediation/|/service-areas/glenshaw-pa/mold-remediation/|/service-areas/green-tree-pa/mold-remediation/|/service-areas/greensburg-pa/mold-remediation/|/blog/choosing-a-restoration-company/|/blog/how-to-test-for-mold/|/blog/signs-of-hidden-mold/,9.00,planned
/services/roofing/,service-landing,Roofing Installation and Replacement in Pittsburgh | Katofsky Construction LLC,Roofing Installation and Replacement in Pittsburgh,"24/7 roofing installation and replacement in Pittsburgh and surrounding areas. IICRC-certified, insurance billing accepted. Call (412) 304-9284.",roofing installation and replacement pittsburgh,roofing contractor|roof replacement|new roof installation|residential roofing|roof repair,local_commercial,,,1100,hero|og|inline-1|inline-2,service|local-business|faq|breadcrumb-list,/services/|/contact/|/service-areas/allison-park-pa/roofing/|/service-areas/baldwin-pa/roofing/|/service-areas/bethel-park-pa/roofing/|/service-areas/carnegie-pa/roofing/|/service-areas/castle-shannon-pa/roofing/|/service-areas/churchill-pa/roofing/|/service-areas/duquesne-pa/roofing/|/service-areas/forest-hills-pa/roofing/|/service-areas/fox-chapel-pa/roofing/|/service-areas/glenshaw-pa/roofing/|/service-areas/green-tree-pa/roofing/|/service-areas/greensburg-pa/roofing/,9.00,planned
/services/water-damage-restoration/,service-landing,Water Damage Restoration in Pittsburgh | Katofsky Construction LLC,Water Damage Restoration in Pittsburgh,"24/7 water damage restoration in Pittsburgh and surrounding areas. IICRC-certified, insurance billing accepted. Call (412) 304-9284.",water damage restoration pittsburgh,water removal|water extraction|water cleanup|structural drying|water mitigation,local_emergency,,,1100,hero|og|inline-1|inline-2,service|local-business|faq|breadcrumb-list,/services/|/contact/|/service-areas/allison-park-pa/water-damage-restoration/|/service-areas/baldwin-pa/water-damage-restoration/|/service-areas/bethel-park-pa/water-damage-restoration/|/service-areas/carnegie-pa/water-damage-restoration/|/service-areas/castle-shannon-pa/water-damage-restoration/|/service-areas/churchill-pa/water-damage-restoration/|/service-areas/duquesne-pa/water-damage-restoration/|/service-areas/forest-hills-pa/water-damage-restoration/|/service-areas/fox-chapel-pa/water-damage-restoration/|/service-areas/glenshaw-pa/water-damage-restoration/|/service-areas/green-tree-pa/water-damage-restoration/|/service-areas/greensburg-pa/water-damage-restoration/|/services/water-cleanup/|/blog/burst-pipe-emergency-checklist/|/blog/what-to-do-first-24-hours-water-damage/|/blog/choosing-a-restoration-company/,9.00,planned
/services/commercial-restoration/,service-landing,Commercial Restoration in Pittsburgh | Katofsky Construction LLC,Commercial Restoration in Pittsburgh,"24/7 commercial restoration in Pittsburgh and surrounding areas. IICRC-certified, insurance billing accepted. Call (412) 304-9284.",commercial restoration pittsburgh,commercial water damage|commercial fire damage|business restoration|office restoration|retail restoration,local_b2b,,,1100,hero|og|inline-1|inline-2,service|local-business|faq|breadcrumb-list,/services/|/contact/|/service-areas/allison-park-pa/commercial-restoration/|/service-areas/baldwin-pa/commercial-restoration/|/service-areas/bethel-park-pa/commercial-restoration/|/service-areas/carnegie-pa/commercial-restoration/|/service-areas/castle-shannon-pa/commercial-restoration/|/service-areas/churchill-pa/commercial-restoration/|/service-areas/duquesne-pa/commercial-restoration/|/service-areas/forest-hills-pa/commercial-restoration/|/service-areas/fox-chapel-pa/commercial-restoration/|/service-areas/glenshaw-pa/commercial-restoration/|/service-areas/green-tree-pa/commercial-restoration/|/service-areas/greensburg-pa/commercial-restoration/,8.10,planned
/services/emergency-plumbing/,service-landing,Emergency Plumbing in Pittsburgh | Katofsky Construction LLC,Emergency Plumbing in Pittsburgh,"24/7 emergency plumbing in Pittsburgh and surrounding areas. IICRC-certified, insurance billing accepted. Call (412) 304-9284.",emergency plumbing pittsburgh,emergency plumber|24 hour plumber|burst pipe plumber|emergency plumbing repair|24/7 plumbing,local_emergency,,,1100,hero|og|inline-1|inline-2,service|local-business|faq|breadcrumb-list,/services/|/contact/|/service-areas/allison-park-pa/emergency-plumbing/|/service-areas/baldwin-pa/emergency-plumbing/|/service-areas/bethel-park-pa/emergency-plumbing/|/service-areas/carnegie-pa/emergency-plumbing/|/service-areas/castle-shannon-pa/emergency-plumbing/|/service-areas/churchill-pa/emergency-plumbing/|/service-areas/duquesne-pa/emergency-plumbing/|/service-areas/forest-hills-pa/emergency-plumbing/|/service-areas/fox-chapel-pa/emergency-plumbing/|/service-areas/glenshaw-pa/emergency-plumbing/|/service-areas/green-tree-pa/emergency-plumbing/|/service-areas/greensburg-pa/emergency-plumbing/,8.10,planned
/services/emergency-water-removal/,service-landing,24/7 Emergency Water Removal in Pittsburgh | Katofsky Construction LLC,24/7 Emergency Water Removal in Pittsburgh,"24/7 24/7 emergency water removal in Pittsburgh and surrounding areas. IICRC-certified, insurance billing accepted. Call (412) 304-9284.",24/7 emergency water removal pittsburgh,emergency water removal|emergency water damage|24 hour water damage restoration|emergency flood service|emergency water extraction,local_emergency,,,1100,hero|og|inline-1|inline-2,service|local-business|faq|breadcrumb-list,/services/|/contact/|/service-areas/allison-park-pa/emergency-water-removal/|/service-areas/baldwin-pa/emergency-water-removal/|/service-areas/bethel-park-pa/emergency-water-removal/|/service-areas/carnegie-pa/emergency-water-removal/|/service-areas/castle-shannon-pa/emergency-water-removal/|/service-areas/churchill-pa/emergency-water-removal/|/service-areas/duquesne-pa/emergency-water-removal/|/service-areas/forest-hills-pa/emergency-water-removal/|/service-areas/fox-chapel-pa/emergency-water-removal/|/service-areas/glenshaw-pa/emergency-water-removal/|/service-areas/green-tree-pa/emergency-water-removal/|/service-areas/greensburg-pa/emergency-water-removal/,8.10,planned
/services/flood-damage-restoration/,service-landing,Flood Damage Restoration in Pittsburgh | Katofsky Construction LLC,Flood Damage Restoration in Pittsburgh,"24/7 flood damage restoration in Pittsburgh and surrounding areas. IICRC-certified, insurance billing accepted. Call (412) 304-9284.",flood damage restoration pittsburgh,flood cleanup|flood restoration|post-flood restoration|residential flood damage|flood damage repair,local_emergency,,,1100,hero|og|inline-1|inline-2,service|local-business|faq|breadcrumb-list,/services/|/contact/|/service-areas/allison-park-pa/flood-damage-restoration/|/service-areas/baldwin-pa/flood-damage-restoration/|/service-areas/bethel-park-pa/flood-damage-restoration/|/service-areas/carnegie-pa/flood-damage-restoration/|/service-areas/castle-shannon-pa/flood-damage-restoration/|/service-areas/churchill-pa/flood-damage-restoration/|/service-areas/duquesne-pa/flood-damage-restoration/|/service-areas/forest-hills-pa/flood-damage-restoration/|/service-areas/fox-chapel-pa/flood-damage-restoration/|/service-areas/glenshaw-pa/flood-damage-restoration/|/service-areas/green-tree-pa/flood-damage-restoration/|/service-areas/greensburg-pa/flood-damage-restoration/,8.10,planned
/services/reconstruction/,service-landing,Reconstruction Services in Pittsburgh | Katofsky Construction LLC,Reconstruction Services in Pittsburgh,"24/7 reconstruction services in Pittsburgh and surrounding areas. IICRC-certified, insurance billing accepted. Call (412) 304-9284.",reconstruction services pittsburgh,post-damage reconstruction|rebuild services|structural reconstruction|post-disaster rebuilding|fire damage reconstruction,local_commercial,,,1100,hero|og|inline-1|inline-2,service|local-business|faq|breadcrumb-list,/services/|/contact/|/service-areas/allison-park-pa/reconstruction/|/service-areas/baldwin-pa/reconstruction/|/service-areas/bethel-park-pa/reconstruction/|/service-areas/carnegie-pa/reconstruction/|/service-areas/castle-shannon-pa/reconstruction/|/service-areas/churchill-pa/reconstruction/|/service-areas/duquesne-pa/reconstruction/|/service-areas/forest-hills-pa/reconstruction/|/service-areas/fox-chapel-pa/reconstruction/|/service-areas/glenshaw-pa/reconstruction/|/service-areas/green-tree-pa/reconstruction/|/service-areas/greensburg-pa/reconstruction/,8.10,planned
/services/sewage-cleanup/,service-landing,Sewage Cleanup and Sanitization in Pittsburgh | Katofsky Construction LLC,Sewage Cleanup and Sanitization in Pittsburgh,"24/7 sewage cleanup and sanitization in Pittsburgh and surrounding areas. IICRC-certified, insurance billing accepted. Call (412) 304-9284.",sewage cleanup and sanitization pittsburgh,sewage backup cleanup|raw sewage removal|septic overflow cleanup|sewer line backup|sanitization services,local_emergency,,,1100,hero|og|inline-1|inline-2,service|local-business|faq|breadcrumb-list,/services/|/contact/|/service-areas/allison-park-pa/sewage-cleanup/|/service-areas/baldwin-pa/sewage-cleanup/|/service-areas/bethel-park-pa/sewage-cleanup/|/service-areas/carnegie-pa/sewage-cleanup/|/service-areas/castle-shannon-pa/sewage-cleanup/|/service-areas/churchill-pa/sewage-cleanup/|/service-areas/duquesne-pa/sewage-cleanup/|/service-areas/forest-hills-pa/sewage-cleanup/|/service-areas/fox-chapel-pa/sewage-cleanup/|/service-areas/glenshaw-pa/sewage-cleanup/|/service-areas/green-tree-pa/sewage-cleanup/|/service-areas/greensburg-pa/sewage-cleanup/,8.10,planned
/services/smoke-damage-restoration/,service-landing,Smoke Damage Restoration in Pittsburgh | Katofsky Construction LLC,Smoke Damage Restoration in Pittsburgh,"24/7 smoke damage restoration in Pittsburgh and surrounding areas. IICRC-certified, insurance billing accepted. Call (412) 304-9284.",smoke damage restoration pittsburgh,smoke residue cleanup|smoke damage repair|post-fire smoke cleanup|smoke damage restoration services|wildfire smoke cleanup,local_emergency,,,1100,hero|og|inline-1|inline-2,service|local-business|faq|breadcrumb-list,/services/|/contact/|/service-areas/allison-park-pa/smoke-damage-restoration/|/service-areas/baldwin-pa/smoke-damage-restoration/|/service-areas/bethel-park-pa/smoke-damage-restoration/|/service-areas/carnegie-pa/smoke-damage-restoration/|/service-areas/castle-shannon-pa/smoke-damage-restoration/|/service-areas/churchill-pa/smoke-damage-restoration/|/service-areas/duquesne-pa/smoke-damage-restoration/|/service-areas/forest-hills-pa/smoke-damage-restoration/|/service-areas/fox-chapel-pa/smoke-damage-restoration/|/service-areas/glenshaw-pa/smoke-damage-restoration/|/service-areas/green-tree-pa/smoke-damage-restoration/|/service-areas/greensburg-pa/smoke-damage-restoration/|/blog/fire-damage-restoration-process/,8.10,planned
/services/storm-damage-restoration/,service-landing,Storm Damage Restoration in Pittsburgh | Katofsky Construction LLC,Storm Damage Restoration in Pittsburgh,"24/7 storm damage restoration in Pittsburgh and surrounding areas. IICRC-certified, insurance billing accepted. Call (412) 304-9284.",storm damage restoration pittsburgh,hurricane damage cleanup|tornado damage cleanup|tree damage cleanup|storm cleanup services|severe weather damage repair,local_emergency,,,1100,hero|og|inline-1|inline-2,service|local-business|faq|breadcrumb-list,/services/|/contact/|/service-areas/allison-park-pa/storm-damage-restoration/|/service-areas/baldwin-pa/storm-damage-restoration/|/service-areas/bethel-park-pa/storm-damage-restoration/|/service-areas/carnegie-pa/storm-damage-restoration/|/service-areas/castle-shannon-pa/storm-damage-restoration/|/service-areas/churchill-pa/storm-damage-restoration/|/service-areas/duquesne-pa/storm-damage-restoration/|/service-areas/forest-hills-pa/storm-damage-restoration/|/service-areas/fox-chapel-pa/storm-damage-restoration/|/service-areas/glenshaw-pa/storm-damage-restoration/|/service-areas/green-tree-pa/storm-damage-restoration/|/service-areas/greensburg-pa/storm-damage-restoration/,8.10,planned
/services/water-cleanup/,service-landing,Emergency Water Cleanup in Pittsburgh | Katofsky Construction LLC,Emergency Water Cleanup in Pittsburgh,"24/7 emergency water cleanup in Pittsburgh and surrounding areas. IICRC-certified, insurance billing accepted. Call (412) 304-9284.",emergency water cleanup pittsburgh,water cleanup|water damage cleanup|water clean up|emergency water cleanup|flood water cleanup|standing water removal,local_emergency,,,1100,hero|og|inline-1|inline-2,service|local-business|faq|breadcrumb-list,/services/|/contact/|/service-areas/allison-park-pa/water-cleanup/|/service-areas/baldwin-pa/water-cleanup/|/service-areas/bethel-park-pa/water-cleanup/|/service-areas/carnegie-pa/water-cleanup/|/service-areas/castle-shannon-pa/water-cleanup/|/service-areas/churchill-pa/water-cleanup/|/service-areas/duquesne-pa/water-cleanup/|/service-areas/forest-hills-pa/water-cleanup/|/service-areas/fox-chapel-pa/water-cleanup/|/service-areas/glenshaw-pa/water-cleanup/|/service-areas/green-tree-pa/water-cleanup/|/service-areas/greensburg-pa/water-cleanup/|/services/water-damage-restoration/,8.10,planned
/services/basement-flooding-cleanup/,service-landing,Basement Flooding Cleanup in Pittsburgh | Katofsky Construction LLC,Basement Flooding Cleanup in Pittsburgh,"24/7 basement flooding cleanup in Pittsburgh and surrounding areas. IICRC-certified, insurance billing accepted. Call (412) 304-9284.",basement flooding cleanup pittsburgh,flooded basement cleanup|basement water removal|wet basement restoration|basement water damage|basement drying,local_emergency,,,1100,hero|og|inline-1|inline-2,service|local-business|faq|breadcrumb-list,/services/|/contact/|/service-areas/allison-park-pa/basement-flooding-cleanup/|/service-areas/baldwin-pa/basement-flooding-cleanup/|/service-areas/bethel-park-pa/basement-flooding-cleanup/|/service-areas/carnegie-pa/basement-flooding-cleanup/|/service-areas/castle-shannon-pa/basement-flooding-cleanup/|/service-areas/churchill-pa/basement-flooding-cleanup/|/service-areas/duquesne-pa/basement-flooding-cleanup/|/service-areas/forest-hills-pa/basement-flooding-cleanup/|/service-areas/fox-chapel-pa/basement-flooding-cleanup/|/service-areas/glenshaw-pa/basement-flooding-cleanup/|/service-areas/green-tree-pa/basement-flooding-cleanup/|/service-areas/greensburg-pa/basement-flooding-cleanup/,7.20,planned
/services/biohazard-cleanup/,service-landing,Biohazard Cleanup in Pittsburgh | Katofsky Construction LLC,Biohazard Cleanup in Pittsburgh,"24/7 biohazard cleanup in Pittsburgh and surrounding areas. IICRC-certified, insurance billing accepted. Call (412) 304-9284.",biohazard cleanup pittsburgh,biohazard remediation|blood cleanup|bodily fluid cleanup|sharps and needle cleanup|infectious material cleanup,local_sensitive,,,1100,hero|og|inline-1|inline-2,service|local-business|faq|breadcrumb-list,/services/|/contact/|/service-areas/allison-park-pa/biohazard-cleanup/|/service-areas/baldwin-pa/biohazard-cleanup/|/service-areas/bethel-park-pa/biohazard-cleanup/|/service-areas/carnegie-pa/biohazard-cleanup/|/service-areas/castle-shannon-pa/biohazard-cleanup/|/service-areas/churchill-pa/biohazard-cleanup/|/service-areas/duquesne-pa/biohazard-cleanup/|/service-areas/forest-hills-pa/biohazard-cleanup/|/service-areas/fox-chapel-pa/biohazard-cleanup/|/service-areas/glenshaw-pa/biohazard-cleanup/|/service-areas/green-tree-pa/biohazard-cleanup/|/service-areas/greensburg-pa/biohazard-cleanup/,7.20,planned
/services/burst-pipe-repair/,service-landing,Burst Pipe Cleanup and Repair in Pittsburgh | Katofsky Construction LLC,Burst Pipe Cleanup and Repair in Pittsburgh,"24/7 burst pipe cleanup and repair in Pittsburgh and surrounding areas. IICRC-certified, insurance billing accepted. Call (412) 304-9284.",burst pipe cleanup and repair pittsburgh,burst pipe cleanup|pipe burst emergency|pipe break water damage|water line break|emergency pipe repair,local_emergency,,,1100,hero|og|inline-1|inline-2,service|local-business|faq|breadcrumb-list,/services/|/contact/|/service-areas/allison-park-pa/burst-pipe-repair/|/service-areas/baldwin-pa/burst-pipe-repair/|/service-areas/bethel-park-pa/burst-pipe-repair/|/service-areas/carnegie-pa/burst-pipe-repair/|/service-areas/castle-shannon-pa/burst-pipe-repair/|/service-areas/churchill-pa/burst-pipe-repair/|/service-areas/duquesne-pa/burst-pipe-repair/|/service-areas/forest-hills-pa/burst-pipe-repair/|/service-areas/fox-chapel-pa/burst-pipe-repair/|/service-areas/glenshaw-pa/burst-pipe-repair/|/service-areas/green-tree-pa/burst-pipe-repair/|/service-areas/greensburg-pa/burst-pipe-repair/,7.20,planned
/services/ceiling-water-damage-repair/,service-landing,Ceiling Water Damage Repair in Pittsburgh | Katofsky Construction LLC,Ceiling Water Damage Repair in Pittsburgh,"24/7 ceiling water damage repair in Pittsburgh and surrounding areas. IICRC-certified, insurance billing accepted. Call (412) 304-9284.",ceiling water damage repair pittsburgh,ceiling leaking|water coming through ceiling|ceiling leak repair|sagging ceiling water damage|water stain ceiling,local_emergency,,,1100,hero|og|inline-1|inline-2,service|local-business|faq|breadcrumb-list,/services/|/contact/|/service-areas/allison-park-pa/ceiling-water-damage-repair/|/service-areas/baldwin-pa/ceiling-water-damage-repair/|/service-areas/bethel-park-pa/ceiling-water-damage-repair/|/service-areas/carnegie-pa/ceiling-water-damage-repair/|/service-areas/castle-shannon-pa/ceiling-water-damage-repair/|/service-areas/churchill-pa/ceiling-water-damage-repair/|/service-areas/duquesne-pa/ceiling-water-damage-repair/|/service-areas/forest-hills-pa/ceiling-water-damage-repair/|/service-areas/fox-chapel-pa/ceiling-water-damage-repair/|/service-areas/glenshaw-pa/ceiling-water-damage-repair/|/service-areas/green-tree-pa/ceiling-water-damage-repair/|/service-areas/greensburg-pa/ceiling-water-damage-repair/,7.20,planned
/services/general-contracting/,service-landing,"Renovations, Remodels and General Contracting in Pittsburgh | Katofsky Construction LLC","Renovations, Remodels and General Contracting in Pittsburgh","24/7 renovations, remodels and general contracting in Pittsburgh and surrounding areas. IICRC-certified, insurance billing accepted. Call (412) 304-9284.","renovations, remodels and general contracting pittsburgh",general contractor|home renovation services|home remodeling|kitchen remodel|bathroom remodel|post-damage rebuild,local_commercial,,,1100,hero|og|inline-1|inline-2,service|local-business|faq|breadcrumb-list,/services/|/contact/|/service-areas/allison-park-pa/general-contracting/|/service-areas/baldwin-pa/general-contracting/|/service-areas/bethel-park-pa/general-contracting/|/service-areas/carnegie-pa/general-contracting/|/service-areas/castle-shannon-pa/general-contracting/|/service-areas/churchill-pa/general-contracting/|/service-areas/duquesne-pa/general-contracting/|/service-areas/forest-hills-pa/general-contracting/|/service-areas/fox-chapel-pa/general-contracting/|/service-areas/glenshaw-pa/general-contracting/|/service-areas/green-tree-pa/general-contracting/|/service-areas/greensburg-pa/general-contracting/,7.20,planned
/services/large-loss-response/,service-landing,Large Loss and Catastrophic Response in Pittsburgh | Katofsky Construction LLC,Large Loss and Catastrophic Response in Pittsburgh,"24/7 large loss and catastrophic response in Pittsburgh and surrounding areas. IICRC-certified, insurance billing accepted. Call (412) 304-9284.",large loss and catastrophic response pittsburgh,large loss restoration|catastrophic loss response|commercial catastrophic restoration|multi-million dollar restoration|large loss adjusters,local_b2b,,,1100,hero|og|inline-1|inline-2,service|local-business|faq|breadcrumb-list,/services/|/contact/|/service-areas/allison-park-pa/large-loss-response/|/service-areas/baldwin-pa/large-loss-response/|/service-areas/bethel-park-pa/large-loss-response/|/service-areas/carnegie-pa/large-loss-response/|/service-areas/castle-shannon-pa/large-loss-response/|/service-areas/churchill-pa/large-loss-response/|/service-areas/duquesne-pa/large-loss-response/|/service-areas/forest-hills-pa/large-loss-response/|/service-areas/fox-chapel-pa/large-loss-response/|/service-areas/glenshaw-pa/large-loss-response/|/service-areas/green-tree-pa/large-loss-response/|/service-areas/greensburg-pa/large-loss-response/,7.20,planned
/services/mold-inspection-testing/,service-landing,Mold Inspection and Testing in Pittsburgh | Katofsky Construction LLC,Mold Inspection and Testing in Pittsburgh,"24/7 mold inspection and testing in Pittsburgh and surrounding areas. IICRC-certified, insurance billing accepted. Call (412) 304-9284.",mold inspection and testing pittsburgh,mold inspection|mold testing|indoor air quality testing|mold spore testing|mold assessment,local_health,,,1100,hero|og|inline-1|inline-2,service|local-business|faq|breadcrumb-list,/services/|/contact/|/service-areas/allison-park-pa/mold-inspection-testing/|/service-areas/baldwin-pa/mold-inspection-testing/|/service-areas/bethel-park-pa/mold-inspection-testing/|/service-areas/carnegie-pa/mold-inspection-testing/|/service-areas/castle-shannon-pa/mold-inspection-testing/|/service-areas/churchill-pa/mold-inspection-testing/|/service-areas/duquesne-pa/mold-inspection-testing/|/service-areas/forest-hills-pa/mold-inspection-testing/|/service-areas/fox-chapel-pa/mold-inspection-testing/|/service-areas/glenshaw-pa/mold-inspection-testing/|/service-areas/green-tree-pa/mold-inspection-testing/|/service-areas/greensburg-pa/mold-inspection-testing/|/blog/how-to-test-for-mold/,7.20,planned
/service-areas/allison-park-pa/fire-damage-restoration/,service-area-service,"Fire Damage Restoration in Allison Park, PA | Katofsky Construction LLC",Fire Damage Restoration in Allison Park,"24/7 fire damage restoration in Allison Park, PA. IICRC-certified, insurance billing accepted. Call (412) 304-9284.",fire damage restoration allison park,fire cleanup|fire and smoke restoration|structural fire damage|post-fire restoration|fire damage repair,local_emergency,,,900,hero|og|inline-1|inline-2,service|local-business|faq|breadcrumb-list,/services/fire-damage-restoration/|/service-areas/allison-park-pa/|/service-areas/allison-park-pa/mold-remediation/|/service-areas/allison-park-pa/roofing/|/service-areas/baldwin-pa/fire-damage-restoration/|/service-areas/bethel-park-pa/fire-damage-restoration/|/contact/,7.00,planned
/service-areas/allison-park-pa/mold-remediation/,service-area-service,"Mold Remediation in Allison Park, PA | Katofsky Construction LLC",Mold Remediation in Allison Park,"24/7 mold remediation in Allison Park, PA. IICRC-certified, insurance billing accepted. Call (412) 304-9284.",mold remediation allison park,mold removal|black mold remediation|mold abatement|mold containment|mold cleanup,local_health,,,900,hero|og|inline-1|inline-2,service|local-business|faq|breadcrumb-list,/services/mold-remediation/|/service-areas/allison-park-pa/|/service-areas/allison-park-pa/fire-damage-restoration/|/service-areas/allison-park-pa/roofing/|/service-areas/baldwin-pa/mold-remediation/|/service-areas/bethel-park-pa/mold-remediation/|/contact/,7.00,planned
/service-areas/allison-park-pa/roofing/,service-area-service,"Roofing Installation and Replacement in Allison Park, PA | Katofsky Construction LLC",Roofing Installation and Replacement in Allison Park,"24/7 roofing installation and replacement in Allison Park, PA. IICRC-certified, insurance billing accepted. Call (412) 304-9284.",roofing installation and replacement allison park,roofing contractor|roof replacement|new roof installation|residential roofing|roof repair,local_commercial,,,900,hero|og|inline-1|inline-2,service|local-business|faq|breadcrumb-list,/services/roofing/|/service-areas/allison-park-pa/|/service-areas/allison-park-pa/fire-damage-restoration/|/service-areas/allison-park-pa/mold-remediation/|/service-areas/baldwin-pa/roofing/|/service-areas/bethel-park-pa/roofing/|/contact/,7.00,planned
/service-areas/allison-park-pa/water-damage-restoration/,service-area-service,"Water Damage Restoration in Allison Park, PA | Katofsky Construction LLC",Water Damage Restoration in Allison Park,"24/7 water damage restoration in Allison Park, PA. IICRC-certified, insurance billing accepted. Call (412) 304-9284.",water damage restoration allison park,water removal|water extraction|water cleanup|structural drying|water mitigation,local_emergency,,,900,hero|og|inline-1|inline-2,service|local-business|faq|breadcrumb-list,/services/water-damage-restoration/|/service-areas/allison-park-pa/|/service-areas/allison-park-pa/fire-damage-restoration/|/service-areas/allison-park-pa/mold-remediation/|/service-areas/baldwin-pa/water-damage-restoration/|/service-areas/bethel-park-pa/water-damage-restoration/|/contact/,7.00,planned
/service-areas/baldwin-pa/fire-damage-restoration/,service-area-service,"Fire Damage Restoration in Baldwin, PA | Katofsky Construction LLC",Fire Damage Restoration in Baldwin,"24/7 fire damage restoration in Baldwin, PA. IICRC-certified, insurance billing accepted. Call (412) 304-9284.",fire damage restoration baldwin,fire cleanup|fire and smoke restoration|structural fire damage|post-fire restoration|fire damage repair,local_emergency,,,900,hero|og|inline-1|inline-2,service|local-business|faq|breadcrumb-list,/services/fire-damage-restoration/|/service-areas/baldwin-pa/|/service-areas/baldwin-pa/mold-remediation/|/service-areas/baldwin-pa/roofing/|/service-areas/allison-park-pa/fire-damage-restoration/|/service-areas/bethel-park-pa/fire-damage-restoration/|/contact/,7.00,planned
/service-areas/baldwin-pa/mold-remediation/,service-area-service,"Mold Remediation in Baldwin, PA | Katofsky Construction LLC",Mold Remediation in Baldwin,"24/7 mold remediation in Baldwin, PA. IICRC-certified, insurance billing accepted. Call (412) 304-9284.",mold remediation baldwin,mold removal|black mold remediation|mold abatement|mold containment|mold cleanup,local_health,,,900,hero|og|inline-1|inline-2,service|local-business|faq|breadcrumb-list,/services/mold-remediation/|/service-areas/baldwin-pa/|/service-areas/baldwin-pa/fire-damage-restoration/|/service-areas/baldwin-pa/roofing/|/service-areas/allison-park-pa/mold-remediation/|/service-areas/bethel-park-pa/mold-remediation/|/contact/,7.00,planned
/service-areas/baldwin-pa/roofing/,service-area-service,"Roofing Installation and Replacement in Baldwin, PA | Katofsky Construction LLC",Roofing Installation and Replacement in Baldwin,"24/7 roofing installation and replacement in Baldwin, PA. IICRC-certified, insurance billing accepted. Call (412) 304-9284.",roofing installation and replacement baldwin,roofing contractor|roof replacement|new roof installation|residential roofing|roof repair,local_commercial,,,900,hero|og|inline-1|inline-2,service|local-business|faq|breadcrumb-list,/services/roofing/|/service-areas/baldwin-pa/|/service-areas/baldwin-pa/fire-damage-restoration/|/service-areas/baldwin-pa/mold-remediation/|/service-areas/allison-park-pa/roofing/|/service-areas/bethel-park-pa/roofing/|/contact/,7.00,planned
/service-areas/baldwin-pa/water-damage-restoration/,service-area-service,"Water Damage Restoration in Baldwin, PA | Katofsky Construction LLC",Water Damage Restoration in Baldwin,"24/7 water damage restoration in Baldwin, PA. IICRC-certified, insurance billing accepted. Call (412) 304-9284.",water damage restoration baldwin,water removal|water extraction|water cleanup|structural drying|water mitigation,local_emergency,,,900,hero|og|inline-1|inline-2,service|local-business|faq|breadcrumb-list,/services/water-damage-restoration/|/service-areas/baldwin-pa/|/service-areas/baldwin-pa/fire-damage-restoration/|/service-areas/baldwin-pa/mold-remediation/|/service-areas/allison-park-pa/water-damage-restoration/|/service-areas/bethel-park-pa/water-damage-restoration/|/contact/,7.00,planned
/service-areas/bethel-park-pa/fire-damage-restoration/,service-area-service,"Fire Damage Restoration in Bethel Park, PA | Katofsky Construction LLC",Fire Damage Restoration in Bethel Park,"24/7 fire damage restoration in Bethel Park, PA. IICRC-certified, insurance billing accepted. Call (412) 304-9284.",fire damage restoration bethel park,fire cleanup|fire and smoke restoration|structural fire damage|post-fire restoration|fire damage repair,local_emergency,,,900,hero|og|inline-1|inline-2,service|local-business|faq|breadcrumb-list,/services/fire-damage-restoration/|/service-areas/bethel-park-pa/|/service-areas/bethel-park-pa/mold-remediation/|/service-areas/bethel-park-pa/roofing/|/service-areas/allison-park-pa/fire-damage-restoration/|/service-areas/baldwin-pa/fire-damage-restoration/|/contact/,7.00,planned
/service-areas/bethel-park-pa/mold-remediation/,service-area-service,"Mold Remediation in Bethel Park, PA | Katofsky Construction LLC",Mold Remediation in Bethel Park,"24/7 mold remediation in Bethel Park, PA. IICRC-certified, insurance billing accepted. Call (412) 304-9284.",mold remediation bethel park,mold removal|black mold remediation|mold abatement|mold containment|mold cleanup,local_health,,,900,hero|og|inline-1|inline-2,service|local-business|faq|breadcrumb-list,/services/mold-remediation/|/service-areas/bethel-park-pa/|/service-areas/bethel-park-pa/fire-damage-restoration/|/service-areas/bethel-park-pa/roofing/|/service-areas/allison-park-pa/mold-remediation/|/service-areas/baldwin-pa/mold-remediation/|/contact/,7.00,planned
/service-areas/bethel-park-pa/roofing/,service-area-service,"Roofing Installation and Replacement in Bethel Park, PA | Katofsky Construction LLC",Roofing Installation and Replacement in Bethel Park,"24/7 roofing installation and replacement in Bethel Park, PA. IICRC-certified, insurance billing accepted. Call (412) 304-9284.",roofing installation and replacement bethel park,roofing contractor|roof replacement|new roof installation|residential roofing|roof repair,local_commercial,,,900,hero|og|inline-1|inline-2,service|local-business|faq|breadcrumb-list,/services/roofing/|/service-areas/bethel-park-pa/|/service-areas/bethel-park-pa/fire-damage-restoration/|/service-areas/bethel-park-pa/mold-remediation/|/service-areas/allison-park-pa/roofing/|/service-areas/baldwin-pa/roofing/|/contact/,7.00,planned
/service-areas/bethel-park-pa/water-damage-restoration/,service-area-service,"Water Damage Restoration in Bethel Park, PA | Katofsky Construction LLC",Water Damage Restoration in Bethel Park,"24/7 water damage restoration in Bethel Park, PA. IICRC-certified, insurance billing accepted. Call (412) 304-9284.",water damage restoration bethel park,water removal|water extraction|water cleanup|structural drying|water mitigation,local_emergency,,,900,hero|og|inline-1|inline-2,service|local-business|faq|breadcrumb-list,/services/water-damage-restoration/|/service-areas/bethel-park-pa/|/service-areas/bethel-park-pa/fire-damage-restoration/|/service-areas/bethel-park-pa/mold-remediation/|/service-areas/allison-park-pa/water-damage-restoration/|/service-areas/baldwin-pa/water-damage-restoration/|/contact/,7.00,planned
/service-areas/carnegie-pa/fire-damage-restoration/,service-area-service,"Fire Damage Restoration in Carnegie, PA | Katofsky Construction LLC",Fire Damage Restoration in Carnegie,"24/7 fire damage restoration in Carnegie, PA. IICRC-certified, insurance billing accepted. Call (412) 304-9284.",fire damage restoration carnegie,fire cleanup|fire and smoke restoration|structural fire damage|post-fire restoration|fire damage repair,local_emergency,,,900,hero|og|inline-1|inline-2,service|local-business|faq|breadcrumb-list,/services/fire-damage-restoration/|/service-areas/carnegie-pa/|/service-areas/carnegie-pa/mold-remediation/|/service-areas/carnegie-pa/roofing/|/service-areas/allison-park-pa/fire-damage-restoration/|/service-areas/baldwin-pa/fire-damage-restoration/|/contact/,7.00,planned
/service-areas/carnegie-pa/mold-remediation/,service-area-service,"Mold Remediation in Carnegie, PA | Katofsky Construction LLC",Mold Remediation in Carnegie,"24/7 mold remediation in Carnegie, PA. IICRC-certified, insurance billing accepted. Call (412) 304-9284.",mold remediation carnegie,mold removal|black mold remediation|mold abatement|mold containment|mold cleanup,local_health,,,900,hero|og|inline-1|inline-2,service|local-business|faq|breadcrumb-list,/services/mold-remediation/|/service-areas/carnegie-pa/|/service-areas/carnegie-pa/fire-damage-restoration/|/service-areas/carnegie-pa/roofing/|/service-areas/allison-park-pa/mold-remediation/|/service-areas/baldwin-pa/mold-remediation/|/contact/,7.00,planned
/service-areas/carnegie-pa/roofing/,service-area-service,"Roofing Installation and Replacement in Carnegie, PA | Katofsky Construction LLC",Roofing Installation and Replacement in Carnegie,"24/7 roofing installation and replacement in Carnegie, PA. IICRC-certified, insurance billing accepted. Call (412) 304-9284.",roofing installation and replacement carnegie,roofing contractor|roof replacement|new roof installation|residential roofing|roof repair,local_commercial,,,900,hero|og|inline-1|inline-2,service|local-business|faq|breadcrumb-list,/services/roofing/|/service-areas/carnegie-pa/|/service-areas/carnegie-pa/fire-damage-restoration/|/service-areas/carnegie-pa/mold-remediation/|/service-areas/allison-park-pa/roofing/|/service-areas/baldwin-pa/roofing/|/contact/,7.00,planned
/service-areas/carnegie-pa/water-damage-restoration/,service-area-service,"Water Damage Restoration in Carnegie, PA | Katofsky Construction LLC",Water Damage Restoration in Carnegie,"24/7 water damage restoration in Carnegie, PA. IICRC-certified, insurance billing accepted. Call (412) 304-9284.",water damage restoration carnegie,water removal|water extraction|water cleanup|structural drying|water mitigation,local_emergency,,,900,hero|og|inline-1|inline-2,service|local-business|faq|breadcrumb-list,/services/water-damage-restoration/|/service-areas/carnegie-pa/|/service-areas/carnegie-pa/fire-damage-restoration/|/service-areas/carnegie-pa/mold-remediation/|/service-areas/allison-park-pa/water-damage-restoration/|/service-areas/baldwin-pa/water-damage-restoration/|/contact/,7.00,planned
/service-areas/castle-shannon-pa/fire-damage-restoration/,service-area-service,"Fire Damage Restoration in Castle Shannon, PA | Katofsky Construction LLC",Fire Damage Restoration in Castle Shannon,"24/7 fire damage restoration in Castle Shannon, PA. IICRC-certified, insurance billing accepted. Call (412) 304-9284.",fire damage restoration castle shannon,fire cleanup|fire and smoke restoration|structural fire damage|post-fire restoration|fire damage repair,local_emergency,,,900,hero|og|inline-1|inline-2,service|local-business|faq|breadcrumb-list,/services/fire-damage-restoration/|/service-areas/castle-shannon-pa/|/service-areas/castle-shannon-pa/mold-remediation/|/service-areas/castle-shannon-pa/roofing/|/service-areas/allison-park-pa/fire-damage-restoration/|/service-areas/baldwin-pa/fire-damage-restoration/|/contact/,7.00,planned
/service-areas/castle-shannon-pa/mold-remediation/,service-area-service,"Mold Remediation in Castle Shannon, PA | Katofsky Construction LLC",Mold Remediation in Castle Shannon,"24/7 mold remediation in Castle Shannon, PA. IICRC-certified, insurance billing accepted. Call (412) 304-9284.",mold remediation castle shannon,mold removal|black mold remediation|mold abatement|mold containment|mold cleanup,local_health,,,900,hero|og|inline-1|inline-2,service|local-business|faq|breadcrumb-list,/services/mold-remediation/|/service-areas/castle-shannon-pa/|/service-areas/castle-shannon-pa/fire-damage-restoration/|/service-areas/castle-shannon-pa/roofing/|/service-areas/allison-park-pa/mold-remediation/|/service-areas/baldwin-pa/mold-remediation/|/contact/,7.00,planned
/service-areas/castle-shannon-pa/roofing/,service-area-service,"Roofing Installation and Replacement in Castle Shannon, PA | Katofsky Construction LLC",Roofing Installation and Replacement in Castle Shannon,"24/7 roofing installation and replacement in Castle Shannon, PA. IICRC-certified, insurance billing accepted. Call (412) 304-9284.",roofing installation and replacement castle shannon,roofing contractor|roof replacement|new roof installation|residential roofing|roof repair,local_commercial,,,900,hero|og|inline-1|inline-2,service|local-business|faq|breadcrumb-list,/services/roofing/|/service-areas/castle-shannon-pa/|/service-areas/castle-shannon-pa/fire-damage-restoration/|/service-areas/castle-shannon-pa/mold-remediation/|/service-areas/allison-park-pa/roofing/|/service-areas/baldwin-pa/roofing/|/contact/,7.00,planned
/service-areas/castle-shannon-pa/water-damage-restoration/,service-area-service,"Water Damage Restoration in Castle Shannon, PA | Katofsky Construction LLC",Water Damage Restoration in Castle Shannon,"24/7 water damage restoration in Castle Shannon, PA. IICRC-certified, insurance billing accepted. Call (412) 304-9284.",water damage restoration castle shannon,water removal|water extraction|water cleanup|structural drying|water mitigation,local_emergency,,,900,hero|og|inline-1|inline-2,service|local-business|faq|breadcrumb-list,/services/water-damage-restoration/|/service-areas/castle-shannon-pa/|/service-areas/castle-shannon-pa/fire-damage-restoration/|/service-areas/castle-shannon-pa/mold-remediation/|/service-areas/allison-park-pa/water-damage-restoration/|/service-areas/baldwin-pa/water-damage-restoration/|/contact/,7.00,planned
/service-areas/churchill-pa/fire-damage-restoration/,service-area-service,"Fire Damage Restoration in Churchill, PA | Katofsky Construction LLC",Fire Damage Restoration in Churchill,"24/7 fire damage restoration in Churchill, PA. IICRC-certified, insurance billing accepted. Call (412) 304-9284.",fire damage restoration churchill,fire cleanup|fire and smoke restoration|structural fire damage|post-fire restoration|fire damage repair,local_emergency,,,900,hero|og|inline-1|inline-2,service|local-business|faq|breadcrumb-list,/services/fire-damage-restoration/|/service-areas/churchill-pa/|/service-areas/churchill-pa/mold-remediation/|/service-areas/churchill-pa/roofing/|/service-areas/allison-park-pa/fire-damage-restoration/|/service-areas/baldwin-pa/fire-damage-restoration/|/contact/,7.00,planned
/service-areas/churchill-pa/mold-remediation/,service-area-service,"Mold Remediation in Churchill, PA | Katofsky Construction LLC",Mold Remediation in Churchill,"24/7 mold remediation in Churchill, PA. IICRC-certified, insurance billing accepted. Call (412) 304-9284.",mold remediation churchill,mold removal|black mold remediation|mold abatement|mold containment|mold cleanup,local_health,,,900,hero|og|inline-1|inline-2,service|local-business|faq|breadcrumb-list,/services/mold-remediation/|/service-areas/churchill-pa/|/service-areas/churchill-pa/fire-damage-restoration/|/service-areas/churchill-pa/roofing/|/service-areas/allison-park-pa/mold-remediation/|/service-areas/baldwin-pa/mold-remediation/|/contact/,7.00,planned
/service-areas/churchill-pa/roofing/,service-area-service,"Roofing Installation and Replacement in Churchill, PA | Katofsky Construction LLC",Roofing Installation and Replacement in Churchill,"24/7 roofing installation and replacement in Churchill, PA. IICRC-certified, insurance billing accepted. Call (412) 304-9284.",roofing installation and replacement churchill,roofing contractor|roof replacement|new roof installation|residential roofing|roof repair,local_commercial,,,900,hero|og|inline-1|inline-2,service|local-business|faq|breadcrumb-list,/services/roofing/|/service-areas/churchill-pa/|/service-areas/churchill-pa/fire-damage-restoration/|/service-areas/churchill-pa/mold-remediation/|/service-areas/allison-park-pa/roofing/|/service-areas/baldwin-pa/roofing/|/contact/,7.00,planned
/service-areas/churchill-pa/water-damage-restoration/,service-area-service,"Water Damage Restoration in Churchill, PA | Katofsky Construction LLC",Water Damage Restoration in Churchill,"24/7 water damage restoration in Churchill, PA. IICRC-certified, insurance billing accepted. Call (412) 304-9284.",water damage restoration churchill,water removal|water extraction|water cleanup|structural drying|water mitigation,local_emergency,,,900,hero|og|inline-1|inline-2,service|local-business|faq|breadcrumb-list,/services/water-damage-restoration/|/service-areas/churchill-pa/|/service-areas/churchill-pa/fire-damage-restoration/|/service-areas/churchill-pa/mold-remediation/|/service-areas/allison-park-pa/water-damage-restoration/|/service-areas/baldwin-pa/water-damage-restoration/|/contact/,7.00,planned
/service-areas/duquesne-pa/fire-damage-restoration/,service-area-service,"Fire Damage Restoration in Duquesne, PA | Katofsky Construction LLC",Fire Damage Restoration in Duquesne,"24/7 fire damage restoration in Duquesne, PA. IICRC-certified, insurance billing accepted. Call (412) 304-9284.",fire damage restoration duquesne,fire cleanup|fire and smoke restoration|structural fire damage|post-fire restoration|fire damage repair,local_emergency,,,900,hero|og|inline-1|inline-2,service|local-business|faq|breadcrumb-list,/services/fire-damage-restoration/|/service-areas/duquesne-pa/|/service-areas/duquesne-pa/mold-remediation/|/service-areas/duquesne-pa/roofing/|/service-areas/allison-park-pa/fire-damage-restoration/|/service-areas/baldwin-pa/fire-damage-restoration/|/contact/,7.00,planned
/service-areas/duquesne-pa/mold-remediation/,service-area-service,"Mold Remediation in Duquesne, PA | Katofsky Construction LLC",Mold Remediation in Duquesne,"24/7 mold remediation in Duquesne, PA. IICRC-certified, insurance billing accepted. Call (412) 304-9284.",mold remediation duquesne,mold removal|black mold remediation|mold abatement|mold containment|mold cleanup,local_health,,,900,hero|og|inline-1|inline-2,service|local-business|faq|breadcrumb-list,/services/mold-remediation/|/service-areas/duquesne-pa/|/service-areas/duquesne-pa/fire-damage-restoration/|/service-areas/duquesne-pa/roofing/|/service-areas/allison-park-pa/mold-remediation/|/service-areas/baldwin-pa/mold-remediation/|/contact/,7.00,planned
/service-areas/duquesne-pa/roofing/,service-area-service,"Roofing Installation and Replacement in Duquesne, PA | Katofsky Construction LLC",Roofing Installation and Replacement in Duquesne,"24/7 roofing installation and replacement in Duquesne, PA. IICRC-certified, insurance billing accepted. Call (412) 304-9284.",roofing installation and replacement duquesne,roofing contractor|roof replacement|new roof installation|residential roofing|roof repair,local_commercial,,,900,hero|og|inline-1|inline-2,service|local-business|faq|breadcrumb-list,/services/roofing/|/service-areas/duquesne-pa/|/service-areas/duquesne-pa/fire-damage-restoration/|/service-areas/duquesne-pa/mold-remediation/|/service-areas/allison-park-pa/roofing/|/service-areas/baldwin-pa/roofing/|/contact/,7.00,planned
/service-areas/duquesne-pa/water-damage-restoration/,service-area-service,"Water Damage Restoration in Duquesne, PA | Katofsky Construction LLC",Water Damage Restoration in Duquesne,"24/7 water damage restoration in Duquesne, PA. IICRC-certified, insurance billing accepted. Call (412) 304-9284.",water damage restoration duquesne,water removal|water extraction|water cleanup|structural drying|water mitigation,local_emergency,,,900,hero|og|inline-1|inline-2,service|local-business|faq|breadcrumb-list,/services/water-damage-restoration/|/service-areas/duquesne-pa/|/service-areas/duquesne-pa/fire-damage-restoration/|/service-areas/duquesne-pa/mold-remediation/|/service-areas/allison-park-pa/water-damage-restoration/|/service-areas/baldwin-pa/water-damage-restoration/|/contact/,7.00,planned
/service-areas/forest-hills-pa/fire-damage-restoration/,service-area-service,"Fire Damage Restoration in Forest Hills, PA | Katofsky Construction LLC",Fire Damage Restoration in Forest Hills,"24/7 fire damage restoration in Forest Hills, PA. IICRC-certified, insurance billing accepted. Call (412) 304-9284.",fire damage restoration forest hills,fire cleanup|fire and smoke restoration|structural fire damage|post-fire restoration|fire damage repair,local_emergency,,,900,hero|og|inline-1|inline-2,service|local-business|faq|breadcrumb-list,/services/fire-damage-restoration/|/service-areas/forest-hills-pa/|/service-areas/forest-hills-pa/mold-remediation/|/service-areas/forest-hills-pa/roofing/|/service-areas/allison-park-pa/fire-damage-restoration/|/service-areas/baldwin-pa/fire-damage-restoration/|/contact/,7.00,planned
/service-areas/forest-hills-pa/mold-remediation/,service-area-service,"Mold Remediation in Forest Hills, PA | Katofsky Construction LLC",Mold Remediation in Forest Hills,"24/7 mold remediation in Forest Hills, PA. IICRC-certified, insurance billing accepted. Call (412) 304-9284.",mold remediation forest hills,mold removal|black mold remediation|mold abatement|mold containment|mold cleanup,local_health,,,900,hero|og|inline-1|inline-2,service|local-business|faq|breadcrumb-list,/services/mold-remediation/|/service-areas/forest-hills-pa/|/service-areas/forest-hills-pa/fire-damage-restoration/|/service-areas/forest-hills-pa/roofing/|/service-areas/allison-park-pa/mold-remediation/|/service-areas/baldwin-pa/mold-remediation/|/contact/,7.00,planned
/service-areas/forest-hills-pa/roofing/,service-area-service,"Roofing Installation and Replacement in Forest Hills, PA | Katofsky Construction LLC",Roofing Installation and Replacement in Forest Hills,"24/7 roofing installation and replacement in Forest Hills, PA. IICRC-certified, insurance billing accepted. Call (412) 304-9284.",roofing installation and replacement forest hills,roofing contractor|roof replacement|new roof installation|residential roofing|roof repair,local_commercial,,,900,hero|og|inline-1|inline-2,service|local-business|faq|breadcrumb-list,/services/roofing/|/service-areas/forest-hills-pa/|/service-areas/forest-hills-pa/fire-damage-restoration/|/service-areas/forest-hills-pa/mold-remediation/|/service-areas/allison-park-pa/roofing/|/service-areas/baldwin-pa/roofing/|/contact/,7.00,planned
/service-areas/forest-hills-pa/water-damage-restoration/,service-area-service,"Water Damage Restoration in Forest Hills, PA | Katofsky Construction LLC",Water Damage Restoration in Forest Hills,"24/7 water damage restoration in Forest Hills, PA. IICRC-certified, insurance billing accepted. Call (412) 304-9284.",water damage restoration forest hills,water removal|water extraction|water cleanup|structural drying|water mitigation,local_emergency,,,900,hero|og|inline-1|inline-2,service|local-business|faq|breadcrumb-list,/services/water-damage-restoration/|/service-areas/forest-hills-pa/|/service-areas/forest-hills-pa/fire-damage-restoration/|/service-areas/forest-hills-pa/mold-remediation/|/service-areas/allison-park-pa/water-damage-restoration/|/service-areas/baldwin-pa/water-damage-restoration/|/contact/,7.00,planned
/service-areas/fox-chapel-pa/fire-damage-restoration/,service-area-service,"Fire Damage Restoration in Fox Chapel, PA | Katofsky Construction LLC",Fire Damage Restoration in Fox Chapel,"24/7 fire damage restoration in Fox Chapel, PA. IICRC-certified, insurance billing accepted. Call (412) 304-9284.",fire damage restoration fox chapel,fire cleanup|fire and smoke restoration|structural fire damage|post-fire restoration|fire damage repair,local_emergency,,,900,hero|og|inline-1|inline-2,service|local-business|faq|breadcrumb-list,/services/fire-damage-restoration/|/service-areas/fox-chapel-pa/|/service-areas/fox-chapel-pa/mold-remediation/|/service-areas/fox-chapel-pa/roofing/|/service-areas/allison-park-pa/fire-damage-restoration/|/service-areas/baldwin-pa/fire-damage-restoration/|/contact/,7.00,planned
/service-areas/fox-chapel-pa/mold-remediation/,service-area-service,"Mold Remediation in Fox Chapel, PA | Katofsky Construction LLC",Mold Remediation in Fox Chapel,"24/7 mold remediation in Fox Chapel, PA. IICRC-certified, insurance billing accepted. Call (412) 304-9284.",mold remediation fox chapel,mold removal|black mold remediation|mold abatement|mold containment|mold cleanup,local_health,,,900,hero|og|inline-1|inline-2,service|local-business|faq|breadcrumb-list,/services/mold-remediation/|/service-areas/fox-chapel-pa/|/service-areas/fox-chapel-pa/fire-damage-restoration/|/service-areas/fox-chapel-pa/roofing/|/service-areas/allison-park-pa/mold-remediation/|/service-areas/baldwin-pa/mold-remediation/|/contact/,7.00,planned
/service-areas/fox-chapel-pa/roofing/,service-area-service,"Roofing Installation and Replacement in Fox Chapel, PA | Katofsky Construction LLC",Roofing Installation and Replacement in Fox Chapel,"24/7 roofing installation and replacement in Fox Chapel, PA. IICRC-certified, insurance billing accepted. Call (412) 304-9284.",roofing installation and replacement fox chapel,roofing contractor|roof replacement|new roof installation|residential roofing|roof repair,local_commercial,,,900,hero|og|inline-1|inline-2,service|local-business|faq|breadcrumb-list,/services/roofing/|/service-areas/fox-chapel-pa/|/service-areas/fox-chapel-pa/fire-damage-restoration/|/service-areas/fox-chapel-pa/mold-remediation/|/service-areas/allison-park-pa/roofing/|/service-areas/baldwin-pa/roofing/|/contact/,7.00,planned
/service-areas/fox-chapel-pa/water-damage-restoration/,service-area-service,"Water Damage Restoration in Fox Chapel, PA | Katofsky Construction LLC",Water Damage Restoration in Fox Chapel,"24/7 water damage restoration in Fox Chapel, PA. IICRC-certified, insurance billing accepted. Call (412) 304-9284.",water damage restoration fox chapel,water removal|water extraction|water cleanup|structural drying|water mitigation,local_emergency,,,900,hero|og|inline-1|inline-2,service|local-business|faq|breadcrumb-list,/services/water-damage-restoration/|/service-areas/fox-chapel-pa/|/service-areas/fox-chapel-pa/fire-damage-restoration/|/service-areas/fox-chapel-pa/mold-remediation/|/service-areas/allison-park-pa/water-damage-restoration/|/service-areas/baldwin-pa/water-damage-restoration/|/contact/,7.00,planned
/service-areas/glenshaw-pa/fire-damage-restoration/,service-area-service,"Fire Damage Restoration in Glenshaw, PA | Katofsky Construction LLC",Fire Damage Restoration in Glenshaw,"24/7 fire damage restoration in Glenshaw, PA. IICRC-certified, insurance billing accepted. Call (412) 304-9284.",fire damage restoration glenshaw,fire cleanup|fire and smoke restoration|structural fire damage|post-fire restoration|fire damage repair,local_emergency,,,900,hero|og|inline-1|inline-2,service|local-business|faq|breadcrumb-list,/services/fire-damage-restoration/|/service-areas/glenshaw-pa/|/service-areas/glenshaw-pa/mold-remediation/|/service-areas/glenshaw-pa/roofing/|/service-areas/allison-park-pa/fire-damage-restoration/|/service-areas/baldwin-pa/fire-damage-restoration/|/contact/,7.00,planned
/service-areas/glenshaw-pa/mold-remediation/,service-area-service,"Mold Remediation in Glenshaw, PA | Katofsky Construction LLC",Mold Remediation in Glenshaw,"24/7 mold remediation in Glenshaw, PA. IICRC-certified, insurance billing accepted. Call (412) 304-9284.",mold remediation glenshaw,mold removal|black mold remediation|mold abatement|mold containment|mold cleanup,local_health,,,900,hero|og|inline-1|inline-2,service|local-business|faq|breadcrumb-list,/services/mold-remediation/|/service-areas/glenshaw-pa/|/service-areas/glenshaw-pa/fire-damage-restoration/|/service-areas/glenshaw-pa/roofing/|/service-areas/allison-park-pa/mold-remediation/|/service-areas/baldwin-pa/mold-remediation/|/contact/,7.00,planned
/service-areas/glenshaw-pa/roofing/,service-area-service,"Roofing Installation and Replacement in Glenshaw, PA | Katofsky Construction LLC",Roofing Installation and Replacement in Glenshaw,"24/7 roofing installation and replacement in Glenshaw, PA. IICRC-certified, insurance billing accepted. Call (412) 304-9284.",roofing installation and replacement glenshaw,roofing contractor|roof replacement|new roof installation|residential roofing|roof repair,local_commercial,,,900,hero|og|inline-1|inline-2,service|local-business|faq|breadcrumb-list,/services/roofing/|/service-areas/glenshaw-pa/|/service-areas/glenshaw-pa/fire-damage-restoration/|/service-areas/glenshaw-pa/mold-remediation/|/service-areas/allison-park-pa/roofing/|/service-areas/baldwin-pa/roofing/|/contact/,7.00,planned
/service-areas/glenshaw-pa/water-damage-restoration/,service-area-service,"Water Damage Restoration in Glenshaw, PA | Katofsky Construction LLC",Water Damage Restoration in Glenshaw,"24/7 water damage restoration in Glenshaw, PA. IICRC-certified, insurance billing accepted. Call (412) 304-9284.",water damage restoration glenshaw,water removal|water extraction|water cleanup|structural drying|water mitigation,local_emergency,,,900,hero|og|inline-1|inline-2,service|local-business|faq|breadcrumb-list,/services/water-damage-restoration/|/service-areas/glenshaw-pa/|/service-areas/glenshaw-pa/fire-damage-restoration/|/service-areas/glenshaw-pa/mold-remediation/|/service-areas/allison-park-pa/water-damage-restoration/|/service-areas/baldwin-pa/water-damage-restoration/|/contact/,7.00,planned
/service-areas/green-tree-pa/fire-damage-restoration/,service-area-service,"Fire Damage Restoration in Green Tree, PA | Katofsky Construction LLC",Fire Damage Restoration in Green Tree,"24/7 fire damage restoration in Green Tree, PA. IICRC-certified, insurance billing accepted. Call (412) 304-9284.",fire damage restoration green tree,fire cleanup|fire and smoke restoration|structural fire damage|post-fire restoration|fire damage repair,local_emergency,,,900,hero|og|inline-1|inline-2,service|local-business|faq|breadcrumb-list,/services/fire-damage-restoration/|/service-areas/green-tree-pa/|/service-areas/green-tree-pa/mold-remediation/|/service-areas/green-tree-pa/roofing/|/service-areas/allison-park-pa/fire-damage-restoration/|/service-areas/baldwin-pa/fire-damage-restoration/|/contact/,7.00,planned
/service-areas/green-tree-pa/mold-remediation/,service-area-service,"Mold Remediation in Green Tree, PA | Katofsky Construction LLC",Mold Remediation in Green Tree,"24/7 mold remediation in Green Tree, PA. IICRC-certified, insurance billing accepted. Call (412) 304-9284.",mold remediation green tree,mold removal|black mold remediation|mold abatement|mold containment|mold cleanup,local_health,,,900,hero|og|inline-1|inline-2,service|local-business|faq|breadcrumb-list,/services/mold-remediation/|/service-areas/green-tree-pa/|/service-areas/green-tree-pa/fire-damage-restoration/|/service-areas/green-tree-pa/roofing/|/service-areas/allison-park-pa/mold-remediation/|/service-areas/baldwin-pa/mold-remediation/|/contact/,7.00,planned
/service-areas/green-tree-pa/roofing/,service-area-service,"Roofing Installation and Replacement in Green Tree, PA | Katofsky Construction LLC",Roofing Installation and Replacement in Green Tree,"24/7 roofing installation and replacement in Green Tree, PA. IICRC-certified, insurance billing accepted. Call (412) 304-9284.",roofing installation and replacement green tree,roofing contractor|roof replacement|new roof installation|residential roofing|roof repair,local_commercial,,,900,hero|og|inline-1|inline-2,service|local-business|faq|breadcrumb-list,/services/roofing/|/service-areas/green-tree-pa/|/service-areas/green-tree-pa/fire-damage-restoration/|/service-areas/green-tree-pa/mold-remediation/|/service-areas/allison-park-pa/roofing/|/service-areas/baldwin-pa/roofing/|/contact/,7.00,planned
/service-areas/green-tree-pa/water-damage-restoration/,service-area-service,"Water Damage Restoration in Green Tree, PA | Katofsky Construction LLC",Water Damage Restoration in Green Tree,"24/7 water damage restoration in Green Tree, PA. IICRC-certified, insurance billing accepted. Call (412) 304-9284.",water damage restoration green tree,water removal|water extraction|water cleanup|structural drying|water mitigation,local_emergency,,,900,hero|og|inline-1|inline-2,service|local-business|faq|breadcrumb-list,/services/water-damage-restoration/|/service-areas/green-tree-pa/|/service-areas/green-tree-pa/fire-damage-restoration/|/service-areas/green-tree-pa/mold-remediation/|/service-areas/allison-park-pa/water-damage-restoration/|/service-areas/baldwin-pa/water-damage-restoration/|/contact/,7.00,planned
/service-areas/greensburg-pa/fire-damage-restoration/,service-area-service,"Fire Damage Restoration in Greensburg, PA | Katofsky Construction LLC",Fire Damage Restoration in Greensburg,"24/7 fire damage restoration in Greensburg, PA. IICRC-certified, insurance billing accepted. Call (412) 304-9284.",fire damage restoration greensburg,fire cleanup|fire and smoke restoration|structural fire damage|post-fire restoration|fire damage repair,local_emergency,,,900,hero|og|inline-1|inline-2,service|local-business|faq|breadcrumb-list,/services/fire-damage-restoration/|/service-areas/greensburg-pa/|/service-areas/greensburg-pa/mold-remediation/|/service-areas/greensburg-pa/roofing/|/service-areas/allison-park-pa/fire-damage-restoration/|/service-areas/baldwin-pa/fire-damage-restoration/|/contact/,7.00,planned
/service-areas/greensburg-pa/mold-remediation/,service-area-service,"Mold Remediation in Greensburg, PA | Katofsky Construction LLC",Mold Remediation in Greensburg,"24/7 mold remediation in Greensburg, PA. IICRC-certified, insurance billing accepted. Call (412) 304-9284.",mold remediation greensburg,mold removal|black mold remediation|mold abatement|mold containment|mold cleanup,local_health,,,900,hero|og|inline-1|inline-2,service|local-business|faq|breadcrumb-list,/services/mold-remediation/|/service-areas/greensburg-pa/|/service-areas/greensburg-pa/fire-damage-restoration/|/service-areas/greensburg-pa/roofing/|/service-areas/allison-park-pa/mold-remediation/|/service-areas/baldwin-pa/mold-remediation/|/contact/,7.00,planned
/service-areas/greensburg-pa/roofing/,service-area-service,"Roofing Installation and Replacement in Greensburg, PA | Katofsky Construction LLC",Roofing Installation and Replacement in Greensburg,"24/7 roofing installation and replacement in Greensburg, PA. IICRC-certified, insurance billing accepted. Call (412) 304-9284.",roofing installation and replacement greensburg,roofing contractor|roof replacement|new roof installation|residential roofing|roof repair,local_commercial,,,900,hero|og|inline-1|inline-2,service|local-business|faq|breadcrumb-list,/services/roofing/|/service-areas/greensburg-pa/|/service-areas/greensburg-pa/fire-damage-restoration/|/service-areas/greensburg-pa/mold-remediation/|/service-areas/allison-park-pa/roofing/|/service-areas/baldwin-pa/roofing/|/contact/,7.00,planned
/service-areas/greensburg-pa/water-damage-restoration/,service-area-service,"Water Damage Restoration in Greensburg, PA | Katofsky Construction LLC",Water Damage Restoration in Greensburg,"24/7 water damage restoration in Greensburg, PA. IICRC-certified, insurance billing accepted. Call (412) 304-9284.",water damage restoration greensburg,water removal|water extraction|water cleanup|structural drying|water mitigation,local_emergency,,,900,hero|og|inline-1|inline-2,service|local-business|faq|breadcrumb-list,/services/water-damage-restoration/|/service-areas/greensburg-pa/|/service-areas/greensburg-pa/fire-damage-restoration/|/service-areas/greensburg-pa/mold-remediation/|/service-areas/allison-park-pa/water-damage-restoration/|/service-areas/baldwin-pa/water-damage-restoration/|/contact/,7.00,planned
/service-areas/hempfield-township-pa/fire-damage-restoration/,service-area-service,"Fire Damage Restoration in Hempfield Township, PA | Katofsky Construction LLC",Fire Damage Restoration in Hempfield Township,"24/7 fire damage restoration in Hempfield Township, PA. IICRC-certified, insurance billing accepted. Call (412) 304-9284.",fire damage restoration hempfield township,fire cleanup|fire and smoke restoration|structural fire damage|post-fire restoration|fire damage repair,local_emergency,,,900,hero|og|inline-1|inline-2,service|local-business|faq|breadcrumb-list,/services/fire-damage-restoration/|/service-areas/hempfield-township-pa/|/service-areas/hempfield-township-pa/mold-remediation/|/service-areas/hempfield-township-pa/roofing/|/service-areas/allison-park-pa/fire-damage-restoration/|/service-areas/baldwin-pa/fire-damage-restoration/|/contact/,7.00,planned
/service-areas/hempfield-township-pa/mold-remediation/,service-area-service,"Mold Remediation in Hempfield Township, PA | Katofsky Construction LLC",Mold Remediation in Hempfield Township,"24/7 mold remediation in Hempfield Township, PA. IICRC-certified, insurance billing accepted. Call (412) 304-9284.",mold remediation hempfield township,mold removal|black mold remediation|mold abatement|mold containment|mold cleanup,local_health,,,900,hero|og|inline-1|inline-2,service|local-business|faq|breadcrumb-list,/services/mold-remediation/|/service-areas/hempfield-township-pa/|/service-areas/hempfield-township-pa/fire-damage-restoration/|/service-areas/hempfield-township-pa/roofing/|/service-areas/allison-park-pa/mold-remediation/|/service-areas/baldwin-pa/mold-remediation/|/contact/,7.00,planned
/service-areas/hempfield-township-pa/roofing/,service-area-service,"Roofing Installation and Replacement in Hempfield Township, PA | Katofsky Construction LLC",Roofing Installation and Replacement in Hempfield Township,"24/7 roofing installation and replacement in Hempfield Township, PA. IICRC-certified, insurance billing accepted. Call (412) 304-9284.",roofing installation and replacement hempfield township,roofing contractor|roof replacement|new roof installation|residential roofing|roof repair,local_commercial,,,900,hero|og|inline-1|inline-2,service|local-business|faq|breadcrumb-list,/services/roofing/|/service-areas/hempfield-township-pa/|/service-areas/hempfield-township-pa/fire-damage-restoration/|/service-areas/hempfield-township-pa/mold-remediation/|/service-areas/allison-park-pa/roofing/|/service-areas/baldwin-pa/roofing/|/contact/,7.00,planned
/service-areas/hempfield-township-pa/water-damage-restoration/,service-area-service,"Water Damage Restoration in Hempfield Township, PA | Katofsky Construction LLC",Water Damage Restoration in Hempfield Township,"24/7 water damage restoration in Hempfield Township, PA. IICRC-certified, insurance billing accepted. Call (412) 304-9284.",water damage restoration hempfield township,water removal|water extraction|water cleanup|structural drying|water mitigation,local_emergency,,,900,hero|og|inline-1|inline-2,service|local-business|faq|breadcrumb-list,/services/water-damage-restoration/|/service-areas/hempfield-township-pa/|/service-areas/hempfield-township-pa/fire-damage-restoration/|/service-areas/hempfield-township-pa/mold-remediation/|/service-areas/allison-park-pa/water-damage-restoration/|/service-areas/baldwin-pa/water-damage-restoration/|/contact/,7.00,planned
/service-areas/jeannette-pa/fire-damage-restoration/,service-area-service,"Fire Damage Restoration in Jeannette, PA | Katofsky Construction LLC",Fire Damage Restoration in Jeannette,"24/7 fire damage restoration in Jeannette, PA. IICRC-certified, insurance billing accepted. Call (412) 304-9284.",fire damage restoration jeannette,fire cleanup|fire and smoke restoration|structural fire damage|post-fire restoration|fire damage repair,local_emergency,,,900,hero|og|inline-1|inline-2,service|local-business|faq|breadcrumb-list,/services/fire-damage-restoration/|/service-areas/jeannette-pa/|/service-areas/jeannette-pa/mold-remediation/|/service-areas/jeannette-pa/roofing/|/service-areas/allison-park-pa/fire-damage-restoration/|/service-areas/baldwin-pa/fire-damage-restoration/|/contact/,7.00,planned
/service-areas/jeannette-pa/mold-remediation/,service-area-service,"Mold Remediation in Jeannette, PA | Katofsky Construction LLC",Mold Remediation in Jeannette,"24/7 mold remediation in Jeannette, PA. IICRC-certified, insurance billing accepted. Call (412) 304-9284.",mold remediation jeannette,mold removal|black mold remediation|mold abatement|mold containment|mold cleanup,local_health,,,900,hero|og|inline-1|inline-2,service|local-business|faq|breadcrumb-list,/services/mold-remediation/|/service-areas/jeannette-pa/|/service-areas/jeannette-pa/fire-damage-restoration/|/service-areas/jeannette-pa/roofing/|/service-areas/allison-park-pa/mold-remediation/|/service-areas/baldwin-pa/mold-remediation/|/contact/,7.00,planned
/service-areas/jeannette-pa/roofing/,service-area-service,"Roofing Installation and Replacement in Jeannette, PA | Katofsky Construction LLC",Roofing Installation and Replacement in Jeannette,"24/7 roofing installation and replacement in Jeannette, PA. IICRC-certified, insurance billing accepted. Call (412) 304-9284.",roofing installation and replacement jeannette,roofing contractor|roof replacement|new roof installation|residential roofing|roof repair,local_commercial,,,900,hero|og|inline-1|inline-2,service|local-business|faq|breadcrumb-list,/services/roofing/|/service-areas/jeannette-pa/|/service-areas/jeannette-pa/fire-damage-restoration/|/service-areas/jeannette-pa/mold-remediation/|/service-areas/allison-park-pa/roofing/|/service-areas/baldwin-pa/roofing/|/contact/,7.00,planned
/service-areas/jeannette-pa/water-damage-restoration/,service-area-service,"Water Damage Restoration in Jeannette, PA | Katofsky Construction LLC",Water Damage Restoration in Jeannette,"24/7 water damage restoration in Jeannette, PA. IICRC-certified, insurance billing accepted. Call (412) 304-9284.",water damage restoration jeannette,water removal|water extraction|water cleanup|structural drying|water mitigation,local_emergency,,,900,hero|og|inline-1|inline-2,service|local-business|faq|breadcrumb-list,/services/water-damage-restoration/|/service-areas/jeannette-pa/|/service-areas/jeannette-pa/fire-damage-restoration/|/service-areas/jeannette-pa/mold-remediation/|/service-areas/allison-park-pa/water-damage-restoration/|/service-areas/baldwin-pa/water-damage-restoration/|/contact/,7.00,planned
/service-areas/jefferson-hills-pa/fire-damage-restoration/,service-area-service,"Fire Damage Restoration in Jefferson Hills, PA | Katofsky Construction LLC",Fire Damage Restoration in Jefferson Hills,"24/7 fire damage restoration in Jefferson Hills, PA. IICRC-certified, insurance billing accepted. Call (412) 304-9284.",fire damage restoration jefferson hills,fire cleanup|fire and smoke restoration|structural fire damage|post-fire restoration|fire damage repair,local_emergency,,,900,hero|og|inline-1|inline-2,service|local-business|faq|breadcrumb-list,/services/fire-damage-restoration/|/service-areas/jefferson-hills-pa/|/service-areas/jefferson-hills-pa/mold-remediation/|/service-areas/jefferson-hills-pa/roofing/|/service-areas/allison-park-pa/fire-damage-restoration/|/service-areas/baldwin-pa/fire-damage-restoration/|/contact/,7.00,planned
/service-areas/jefferson-hills-pa/mold-remediation/,service-area-service,"Mold Remediation in Jefferson Hills, PA | Katofsky Construction LLC",Mold Remediation in Jefferson Hills,"24/7 mold remediation in Jefferson Hills, PA. IICRC-certified, insurance billing accepted. Call (412) 304-9284.",mold remediation jefferson hills,mold removal|black mold remediation|mold abatement|mold containment|mold cleanup,local_health,,,900,hero|og|inline-1|inline-2,service|local-business|faq|breadcrumb-list,/services/mold-remediation/|/service-areas/jefferson-hills-pa/|/service-areas/jefferson-hills-pa/fire-damage-restoration/|/service-areas/jefferson-hills-pa/roofing/|/service-areas/allison-park-pa/mold-remediation/|/service-areas/baldwin-pa/mold-remediation/|/contact/,7.00,planned
/service-areas/jefferson-hills-pa/roofing/,service-area-service,"Roofing Installation and Replacement in Jefferson Hills, PA | Katofsky Construction LLC",Roofing Installation and Replacement in Jefferson Hills,"24/7 roofing installation and replacement in Jefferson Hills, PA. IICRC-certified, insurance billing accepted. Call (412) 304-9284.",roofing installation and replacement jefferson hills,roofing contractor|roof replacement|new roof installation|residential roofing|roof repair,local_commercial,,,900,hero|og|inline-1|inline-2,service|local-business|faq|breadcrumb-list,/services/roofing/|/service-areas/jefferson-hills-pa/|/service-areas/jefferson-hills-pa/fire-damage-restoration/|/service-areas/jefferson-hills-pa/mold-remediation/|/service-areas/allison-park-pa/roofing/|/service-areas/baldwin-pa/roofing/|/contact/,7.00,planned
/service-areas/jefferson-hills-pa/water-damage-restoration/,service-area-service,"Water Damage Restoration in Jefferson Hills, PA | Katofsky Construction LLC",Water Damage Restoration in Jefferson Hills,"24/7 water damage restoration in Jefferson Hills, PA. IICRC-certified, insurance billing accepted. Call (412) 304-9284.",water damage restoration jefferson hills,water removal|water extraction|water cleanup|structural drying|water mitigation,local_emergency,,,900,hero|og|inline-1|inline-2,service|local-business|faq|breadcrumb-list,/services/water-damage-restoration/|/service-areas/jefferson-hills-pa/|/service-areas/jefferson-hills-pa/fire-damage-restoration/|/service-areas/jefferson-hills-pa/mold-remediation/|/service-areas/allison-park-pa/water-damage-restoration/|/service-areas/baldwin-pa/water-damage-restoration/|/contact/,7.00,planned
/service-areas/latrobe-pa/fire-damage-restoration/,service-area-service,"Fire Damage Restoration in Latrobe, PA | Katofsky Construction LLC",Fire Damage Restoration in Latrobe,"24/7 fire damage restoration in Latrobe, PA. IICRC-certified, insurance billing accepted. Call (412) 304-9284.",fire damage restoration latrobe,fire cleanup|fire and smoke restoration|structural fire damage|post-fire restoration|fire damage repair,local_emergency,,,900,hero|og|inline-1|inline-2,service|local-business|faq|breadcrumb-list,/services/fire-damage-restoration/|/service-areas/latrobe-pa/|/service-areas/latrobe-pa/mold-remediation/|/service-areas/latrobe-pa/roofing/|/service-areas/allison-park-pa/fire-damage-restoration/|/service-areas/baldwin-pa/fire-damage-restoration/|/contact/,7.00,planned
/service-areas/latrobe-pa/mold-remediation/,service-area-service,"Mold Remediation in Latrobe, PA | Katofsky Construction LLC",Mold Remediation in Latrobe,"24/7 mold remediation in Latrobe, PA. IICRC-certified, insurance billing accepted. Call (412) 304-9284.",mold remediation latrobe,mold removal|black mold remediation|mold abatement|mold containment|mold cleanup,local_health,,,900,hero|og|inline-1|inline-2,service|local-business|faq|breadcrumb-list,/services/mold-remediation/|/service-areas/latrobe-pa/|/service-areas/latrobe-pa/fire-damage-restoration/|/service-areas/latrobe-pa/roofing/|/service-areas/allison-park-pa/mold-remediation/|/service-areas/baldwin-pa/mold-remediation/|/contact/,7.00,planned
/service-areas/latrobe-pa/roofing/,service-area-service,"Roofing Installation and Replacement in Latrobe, PA | Katofsky Construction LLC",Roofing Installation and Replacement in Latrobe,"24/7 roofing installation and replacement in Latrobe, PA. IICRC-certified, insurance billing accepted. Call (412) 304-9284.",roofing installation and replacement latrobe,roofing contractor|roof replacement|new roof installation|residential roofing|roof repair,local_commercial,,,900,hero|og|inline-1|inline-2,service|local-business|faq|breadcrumb-list,/services/roofing/|/service-areas/latrobe-pa/|/service-areas/latrobe-pa/fire-damage-restoration/|/service-areas/latrobe-pa/mold-remediation/|/service-areas/allison-park-pa/roofing/|/service-areas/baldwin-pa/roofing/|/contact/,7.00,planned
/service-areas/latrobe-pa/water-damage-restoration/,service-area-service,"Water Damage Restoration in Latrobe, PA | Katofsky Construction LLC",Water Damage Restoration in Latrobe,"24/7 water damage restoration in Latrobe, PA. IICRC-certified, insurance billing accepted. Call (412) 304-9284.",water damage restoration latrobe,water removal|water extraction|water cleanup|structural drying|water mitigation,local_emergency,,,900,hero|og|inline-1|inline-2,service|local-business|faq|breadcrumb-list,/services/water-damage-restoration/|/service-areas/latrobe-pa/|/service-areas/latrobe-pa/fire-damage-restoration/|/service-areas/latrobe-pa/mold-remediation/|/service-areas/allison-park-pa/water-damage-restoration/|/service-areas/baldwin-pa/water-damage-restoration/|/contact/,7.00,planned
/service-areas/lower-burrell-pa/fire-damage-restoration/,service-area-service,"Fire Damage Restoration in Lower Burrell, PA | Katofsky Construction LLC",Fire Damage Restoration in Lower Burrell,"24/7 fire damage restoration in Lower Burrell, PA. IICRC-certified, insurance billing accepted. Call (412) 304-9284.",fire damage restoration lower burrell,fire cleanup|fire and smoke restoration|structural fire damage|post-fire restoration|fire damage repair,local_emergency,,,900,hero|og|inline-1|inline-2,service|local-business|faq|breadcrumb-list,/services/fire-damage-restoration/|/service-areas/lower-burrell-pa/|/service-areas/lower-burrell-pa/mold-remediation/|/service-areas/lower-burrell-pa/roofing/|/service-areas/allison-park-pa/fire-damage-restoration/|/service-areas/baldwin-pa/fire-damage-restoration/|/contact/,7.00,planned
/service-areas/lower-burrell-pa/mold-remediation/,service-area-service,"Mold Remediation in Lower Burrell, PA | Katofsky Construction LLC",Mold Remediation in Lower Burrell,"24/7 mold remediation in Lower Burrell, PA. IICRC-certified, insurance billing accepted. Call (412) 304-9284.",mold remediation lower burrell,mold removal|black mold remediation|mold abatement|mold containment|mold cleanup,local_health,,,900,hero|og|inline-1|inline-2,service|local-business|faq|breadcrumb-list,/services/mold-remediation/|/service-areas/lower-burrell-pa/|/service-areas/lower-burrell-pa/fire-damage-restoration/|/service-areas/lower-burrell-pa/roofing/|/service-areas/allison-park-pa/mold-remediation/|/service-areas/baldwin-pa/mold-remediation/|/contact/,7.00,planned
/service-areas/lower-burrell-pa/roofing/,service-area-service,"Roofing Installation and Replacement in Lower Burrell, PA | Katofsky Construction LLC",Roofing Installation and Replacement in Lower Burrell,"24/7 roofing installation and replacement in Lower Burrell, PA. IICRC-certified, insurance billing accepted. Call (412) 304-9284.",roofing installation and replacement lower burrell,roofing contractor|roof replacement|new roof installation|residential roofing|roof repair,local_commercial,,,900,hero|og|inline-1|inline-2,service|local-business|faq|breadcrumb-list,/services/roofing/|/service-areas/lower-burrell-pa/|/service-areas/lower-burrell-pa/fire-damage-restoration/|/service-areas/lower-burrell-pa/mold-remediation/|/service-areas/allison-park-pa/roofing/|/service-areas/baldwin-pa/roofing/|/contact/,7.00,planned
/service-areas/lower-burrell-pa/water-damage-restoration/,service-area-service,"Water Damage Restoration in Lower Burrell, PA | Katofsky Construction LLC",Water Damage Restoration in Lower Burrell,"24/7 water damage restoration in Lower Burrell, PA. IICRC-certified, insurance billing accepted. Call (412) 304-9284.",water damage restoration lower burrell,water removal|water extraction|water cleanup|structural drying|water mitigation,local_emergency,,,900,hero|og|inline-1|inline-2,service|local-business|faq|breadcrumb-list,/services/water-damage-restoration/|/service-areas/lower-burrell-pa/|/service-areas/lower-burrell-pa/fire-damage-restoration/|/service-areas/lower-burrell-pa/mold-remediation/|/service-areas/allison-park-pa/water-damage-restoration/|/service-areas/baldwin-pa/water-damage-restoration/|/contact/,7.00,planned
/service-areas/mccandless-pa/fire-damage-restoration/,service-area-service,"Fire Damage Restoration in McCandless, PA | Katofsky Construction LLC",Fire Damage Restoration in McCandless,"24/7 fire damage restoration in McCandless, PA. IICRC-certified, insurance billing accepted. Call (412) 304-9284.",fire damage restoration mccandless,fire cleanup|fire and smoke restoration|structural fire damage|post-fire restoration|fire damage repair,local_emergency,,,900,hero|og|inline-1|inline-2,service|local-business|faq|breadcrumb-list,/services/fire-damage-restoration/|/service-areas/mccandless-pa/|/service-areas/mccandless-pa/mold-remediation/|/service-areas/mccandless-pa/roofing/|/service-areas/allison-park-pa/fire-damage-restoration/|/service-areas/baldwin-pa/fire-damage-restoration/|/contact/,7.00,planned
/service-areas/mccandless-pa/mold-remediation/,service-area-service,"Mold Remediation in McCandless, PA | Katofsky Construction LLC",Mold Remediation in McCandless,"24/7 mold remediation in McCandless, PA. IICRC-certified, insurance billing accepted. Call (412) 304-9284.",mold remediation mccandless,mold removal|black mold remediation|mold abatement|mold containment|mold cleanup,local_health,,,900,hero|og|inline-1|inline-2,service|local-business|faq|breadcrumb-list,/services/mold-remediation/|/service-areas/mccandless-pa/|/service-areas/mccandless-pa/fire-damage-restoration/|/service-areas/mccandless-pa/roofing/|/service-areas/allison-park-pa/mold-remediation/|/service-areas/baldwin-pa/mold-remediation/|/contact/,7.00,planned
/service-areas/mccandless-pa/roofing/,service-area-service,"Roofing Installation and Replacement in McCandless, PA | Katofsky Construction LLC",Roofing Installation and Replacement in McCandless,"24/7 roofing installation and replacement in McCandless, PA. IICRC-certified, insurance billing accepted. Call (412) 304-9284.",roofing installation and replacement mccandless,roofing contractor|roof replacement|new roof installation|residential roofing|roof repair,local_commercial,,,900,hero|og|inline-1|inline-2,service|local-business|faq|breadcrumb-list,/services/roofing/|/service-areas/mccandless-pa/|/service-areas/mccandless-pa/fire-damage-restoration/|/service-areas/mccandless-pa/mold-remediation/|/service-areas/allison-park-pa/roofing/|/service-areas/baldwin-pa/roofing/|/contact/,7.00,planned
/service-areas/mccandless-pa/water-damage-restoration/,service-area-service,"Water Damage Restoration in McCandless, PA | Katofsky Construction LLC",Water Damage Restoration in McCandless,"24/7 water damage restoration in McCandless, PA. IICRC-certified, insurance billing accepted. Call (412) 304-9284.",water damage restoration mccandless,water removal|water extraction|water cleanup|structural drying|water mitigation,local_emergency,,,900,hero|og|inline-1|inline-2,service|local-business|faq|breadcrumb-list,/services/water-damage-restoration/|/service-areas/mccandless-pa/|/service-areas/mccandless-pa/fire-damage-restoration/|/service-areas/mccandless-pa/mold-remediation/|/service-areas/allison-park-pa/water-damage-restoration/|/service-areas/baldwin-pa/water-damage-restoration/|/contact/,7.00,planned
/service-areas/mckeesport-pa/fire-damage-restoration/,service-area-service,"Fire Damage Restoration in McKeesport, PA | Katofsky Construction LLC",Fire Damage Restoration in McKeesport,"24/7 fire damage restoration in McKeesport, PA. IICRC-certified, insurance billing accepted. Call (412) 304-9284.",fire damage restoration mckeesport,fire cleanup|fire and smoke restoration|structural fire damage|post-fire restoration|fire damage repair,local_emergency,,,900,hero|og|inline-1|inline-2,service|local-business|faq|breadcrumb-list,/services/fire-damage-restoration/|/service-areas/mckeesport-pa/|/service-areas/mckeesport-pa/mold-remediation/|/service-areas/mckeesport-pa/roofing/|/service-areas/allison-park-pa/fire-damage-restoration/|/service-areas/baldwin-pa/fire-damage-restoration/|/contact/,7.00,planned
/service-areas/mckeesport-pa/mold-remediation/,service-area-service,"Mold Remediation in McKeesport, PA | Katofsky Construction LLC",Mold Remediation in McKeesport,"24/7 mold remediation in McKeesport, PA. IICRC-certified, insurance billing accepted. Call (412) 304-9284.",mold remediation mckeesport,mold removal|black mold remediation|mold abatement|mold containment|mold cleanup,local_health,,,900,hero|og|inline-1|inline-2,service|local-business|faq|breadcrumb-list,/services/mold-remediation/|/service-areas/mckeesport-pa/|/service-areas/mckeesport-pa/fire-damage-restoration/|/service-areas/mckeesport-pa/roofing/|/service-areas/allison-park-pa/mold-remediation/|/service-areas/baldwin-pa/mold-remediation/|/contact/,7.00,planned
/service-areas/mckeesport-pa/roofing/,service-area-service,"Roofing Installation and Replacement in McKeesport, PA | Katofsky Construction LLC",Roofing Installation and Replacement in McKeesport,"24/7 roofing installation and replacement in McKeesport, PA. IICRC-certified, insurance billing accepted. Call (412) 304-9284.",roofing installation and replacement mckeesport,roofing contractor|roof replacement|new roof installation|residential roofing|roof repair,local_commercial,,,900,hero|og|inline-1|inline-2,service|local-business|faq|breadcrumb-list,/services/roofing/|/service-areas/mckeesport-pa/|/service-areas/mckeesport-pa/fire-damage-restoration/|/service-areas/mckeesport-pa/mold-remediation/|/service-areas/allison-park-pa/roofing/|/service-areas/baldwin-pa/roofing/|/contact/,7.00,planned
/service-areas/mckeesport-pa/water-damage-restoration/,service-area-service,"Water Damage Restoration in McKeesport, PA | Katofsky Construction LLC",Water Damage Restoration in McKeesport,"24/7 water damage restoration in McKeesport, PA. IICRC-certified, insurance billing accepted. Call (412) 304-9284.",water damage restoration mckeesport,water removal|water extraction|water cleanup|structural drying|water mitigation,local_emergency,,,900,hero|og|inline-1|inline-2,service|local-business|faq|breadcrumb-list,/services/water-damage-restoration/|/service-areas/mckeesport-pa/|/service-areas/mckeesport-pa/fire-damage-restoration/|/service-areas/mckeesport-pa/mold-remediation/|/service-areas/allison-park-pa/water-damage-restoration/|/service-areas/baldwin-pa/water-damage-restoration/|/contact/,7.00,planned
/service-areas/monroeville-pa/fire-damage-restoration/,service-area-service,"Fire Damage Restoration in Monroeville, PA | Katofsky Construction LLC",Fire Damage Restoration in Monroeville,"24/7 fire damage restoration in Monroeville, PA. IICRC-certified, insurance billing accepted. Call (412) 304-9284.",fire damage restoration monroeville,fire cleanup|fire and smoke restoration|structural fire damage|post-fire restoration|fire damage repair,local_emergency,,,900,hero|og|inline-1|inline-2,service|local-business|faq|breadcrumb-list,/services/fire-damage-restoration/|/service-areas/monroeville-pa/|/service-areas/monroeville-pa/mold-remediation/|/service-areas/monroeville-pa/roofing/|/service-areas/allison-park-pa/fire-damage-restoration/|/service-areas/baldwin-pa/fire-damage-restoration/|/contact/,7.00,planned
/service-areas/monroeville-pa/mold-remediation/,service-area-service,"Mold Remediation in Monroeville, PA | Katofsky Construction LLC",Mold Remediation in Monroeville,"24/7 mold remediation in Monroeville, PA. IICRC-certified, insurance billing accepted. Call (412) 304-9284.",mold remediation monroeville,mold removal|black mold remediation|mold abatement|mold containment|mold cleanup,local_health,,,900,hero|og|inline-1|inline-2,service|local-business|faq|breadcrumb-list,/services/mold-remediation/|/service-areas/monroeville-pa/|/service-areas/monroeville-pa/fire-damage-restoration/|/service-areas/monroeville-pa/roofing/|/service-areas/allison-park-pa/mold-remediation/|/service-areas/baldwin-pa/mold-remediation/|/contact/,7.00,planned
/service-areas/monroeville-pa/roofing/,service-area-service,"Roofing Installation and Replacement in Monroeville, PA | Katofsky Construction LLC",Roofing Installation and Replacement in Monroeville,"24/7 roofing installation and replacement in Monroeville, PA. IICRC-certified, insurance billing accepted. Call (412) 304-9284.",roofing installation and replacement monroeville,roofing contractor|roof replacement|new roof installation|residential roofing|roof repair,local_commercial,,,900,hero|og|inline-1|inline-2,service|local-business|faq|breadcrumb-list,/services/roofing/|/service-areas/monroeville-pa/|/service-areas/monroeville-pa/fire-damage-restoration/|/service-areas/monroeville-pa/mold-remediation/|/service-areas/allison-park-pa/roofing/|/service-areas/baldwin-pa/roofing/|/contact/,7.00,planned
/service-areas/monroeville-pa/water-damage-restoration/,service-area-service,"Water Damage Restoration in Monroeville, PA | Katofsky Construction LLC",Water Damage Restoration in Monroeville,"24/7 water damage restoration in Monroeville, PA. IICRC-certified, insurance billing accepted. Call (412) 304-9284.",water damage restoration monroeville,water removal|water extraction|water cleanup|structural drying|water mitigation,local_emergency,,,900,hero|og|inline-1|inline-2,service|local-business|faq|breadcrumb-list,/services/water-damage-restoration/|/service-areas/monroeville-pa/|/service-areas/monroeville-pa/fire-damage-restoration/|/service-areas/monroeville-pa/mold-remediation/|/service-areas/allison-park-pa/water-damage-restoration/|/service-areas/baldwin-pa/water-damage-restoration/|/contact/,7.00,planned
/service-areas/mount-lebanon-pa/fire-damage-restoration/,service-area-service,"Fire Damage Restoration in Mount Lebanon, PA | Katofsky Construction LLC",Fire Damage Restoration in Mount Lebanon,"24/7 fire damage restoration in Mount Lebanon, PA. IICRC-certified, insurance billing accepted. Call (412) 304-9284.",fire damage restoration mount lebanon,fire cleanup|fire and smoke restoration|structural fire damage|post-fire restoration|fire damage repair,local_emergency,,,900,hero|og|inline-1|inline-2,service|local-business|faq|breadcrumb-list,/services/fire-damage-restoration/|/service-areas/mount-lebanon-pa/|/service-areas/mount-lebanon-pa/mold-remediation/|/service-areas/mount-lebanon-pa/roofing/|/service-areas/allison-park-pa/fire-damage-restoration/|/service-areas/baldwin-pa/fire-damage-restoration/|/contact/,7.00,planned
/service-areas/mount-lebanon-pa/mold-remediation/,service-area-service,"Mold Remediation in Mount Lebanon, PA | Katofsky Construction LLC",Mold Remediation in Mount Lebanon,"24/7 mold remediation in Mount Lebanon, PA. IICRC-certified, insurance billing accepted. Call (412) 304-9284.",mold remediation mount lebanon,mold removal|black mold remediation|mold abatement|mold containment|mold cleanup,local_health,,,900,hero|og|inline-1|inline-2,service|local-business|faq|breadcrumb-list,/services/mold-remediation/|/service-areas/mount-lebanon-pa/|/service-areas/mount-lebanon-pa/fire-damage-restoration/|/service-areas/mount-lebanon-pa/roofing/|/service-areas/allison-park-pa/mold-remediation/|/service-areas/baldwin-pa/mold-remediation/|/contact/,7.00,planned
/service-areas/mount-lebanon-pa/roofing/,service-area-service,"Roofing Installation and Replacement in Mount Lebanon, PA | Katofsky Construction LLC",Roofing Installation and Replacement in Mount Lebanon,"24/7 roofing installation and replacement in Mount Lebanon, PA. IICRC-certified, insurance billing accepted. Call (412) 304-9284.",roofing installation and replacement mount lebanon,roofing contractor|roof replacement|new roof installation|residential roofing|roof repair,local_commercial,,,900,hero|og|inline-1|inline-2,service|local-business|faq|breadcrumb-list,/services/roofing/|/service-areas/mount-lebanon-pa/|/service-areas/mount-lebanon-pa/fire-damage-restoration/|/service-areas/mount-lebanon-pa/mold-remediation/|/service-areas/allison-park-pa/roofing/|/service-areas/baldwin-pa/roofing/|/contact/,7.00,planned
/service-areas/mount-lebanon-pa/water-damage-restoration/,service-area-service,"Water Damage Restoration in Mount Lebanon, PA | Katofsky Construction LLC",Water Damage Restoration in Mount Lebanon,"24/7 water damage restoration in Mount Lebanon, PA. IICRC-certified, insurance billing accepted. Call (412) 304-9284.",water damage restoration mount lebanon,water removal|water extraction|water cleanup|structural drying|water mitigation,local_emergency,,,900,hero|og|inline-1|inline-2,service|local-business|faq|breadcrumb-list,/services/water-damage-restoration/|/service-areas/mount-lebanon-pa/|/service-areas/mount-lebanon-pa/fire-damage-restoration/|/service-areas/mount-lebanon-pa/mold-remediation/|/service-areas/allison-park-pa/water-damage-restoration/|/service-areas/baldwin-pa/water-damage-restoration/|/contact/,7.00,planned
/service-areas/munhall-pa/fire-damage-restoration/,service-area-service,"Fire Damage Restoration in Munhall, PA | Katofsky Construction LLC",Fire Damage Restoration in Munhall,"24/7 fire damage restoration in Munhall, PA. IICRC-certified, insurance billing accepted. Call (412) 304-9284.",fire damage restoration munhall,fire cleanup|fire and smoke restoration|structural fire damage|post-fire restoration|fire damage repair,local_emergency,,,900,hero|og|inline-1|inline-2,service|local-business|faq|breadcrumb-list,/services/fire-damage-restoration/|/service-areas/munhall-pa/|/service-areas/munhall-pa/mold-remediation/|/service-areas/munhall-pa/roofing/|/service-areas/allison-park-pa/fire-damage-restoration/|/service-areas/baldwin-pa/fire-damage-restoration/|/contact/,7.00,planned
/service-areas/munhall-pa/mold-remediation/,service-area-service,"Mold Remediation in Munhall, PA | Katofsky Construction LLC",Mold Remediation in Munhall,"24/7 mold remediation in Munhall, PA. IICRC-certified, insurance billing accepted. Call (412) 304-9284.",mold remediation munhall,mold removal|black mold remediation|mold abatement|mold containment|mold cleanup,local_health,,,900,hero|og|inline-1|inline-2,service|local-business|faq|breadcrumb-list,/services/mold-remediation/|/service-areas/munhall-pa/|/service-areas/munhall-pa/fire-damage-restoration/|/service-areas/munhall-pa/roofing/|/service-areas/allison-park-pa/mold-remediation/|/service-areas/baldwin-pa/mold-remediation/|/contact/,7.00,planned
/service-areas/munhall-pa/roofing/,service-area-service,"Roofing Installation and Replacement in Munhall, PA | Katofsky Construction LLC",Roofing Installation and Replacement in Munhall,"24/7 roofing installation and replacement in Munhall, PA. IICRC-certified, insurance billing accepted. Call (412) 304-9284.",roofing installation and replacement munhall,roofing contractor|roof replacement|new roof installation|residential roofing|roof repair,local_commercial,,,900,hero|og|inline-1|inline-2,service|local-business|faq|breadcrumb-list,/services/roofing/|/service-areas/munhall-pa/|/service-areas/munhall-pa/fire-damage-restoration/|/service-areas/munhall-pa/mold-remediation/|/service-areas/allison-park-pa/roofing/|/service-areas/baldwin-pa/roofing/|/contact/,7.00,planned
/service-areas/munhall-pa/water-damage-restoration/,service-area-service,"Water Damage Restoration in Munhall, PA | Katofsky Construction LLC",Water Damage Restoration in Munhall,"24/7 water damage restoration in Munhall, PA. IICRC-certified, insurance billing accepted. Call (412) 304-9284.",water damage restoration munhall,water removal|water extraction|water cleanup|structural drying|water mitigation,local_emergency,,,900,hero|og|inline-1|inline-2,service|local-business|faq|breadcrumb-list,/services/water-damage-restoration/|/service-areas/munhall-pa/|/service-areas/munhall-pa/fire-damage-restoration/|/service-areas/munhall-pa/mold-remediation/|/service-areas/allison-park-pa/water-damage-restoration/|/service-areas/baldwin-pa/water-damage-restoration/|/contact/,7.00,planned
/service-areas/murrysville-pa/fire-damage-restoration/,service-area-service,"Fire Damage Restoration in Murrysville, PA | Katofsky Construction LLC",Fire Damage Restoration in Murrysville,"24/7 fire damage restoration in Murrysville, PA. IICRC-certified, insurance billing accepted. Call (412) 304-9284.",fire damage restoration murrysville,fire cleanup|fire and smoke restoration|structural fire damage|post-fire restoration|fire damage repair,local_emergency,,,900,hero|og|inline-1|inline-2,service|local-business|faq|breadcrumb-list,/services/fire-damage-restoration/|/service-areas/murrysville-pa/|/service-areas/murrysville-pa/mold-remediation/|/service-areas/murrysville-pa/roofing/|/service-areas/allison-park-pa/fire-damage-restoration/|/service-areas/baldwin-pa/fire-damage-restoration/|/contact/,7.00,planned
/service-areas/murrysville-pa/mold-remediation/,service-area-service,"Mold Remediation in Murrysville, PA | Katofsky Construction LLC",Mold Remediation in Murrysville,"24/7 mold remediation in Murrysville, PA. IICRC-certified, insurance billing accepted. Call (412) 304-9284.",mold remediation murrysville,mold removal|black mold remediation|mold abatement|mold containment|mold cleanup,local_health,,,900,hero|og|inline-1|inline-2,service|local-business|faq|breadcrumb-list,/services/mold-remediation/|/service-areas/murrysville-pa/|/service-areas/murrysville-pa/fire-damage-restoration/|/service-areas/murrysville-pa/roofing/|/service-areas/allison-park-pa/mold-remediation/|/service-areas/baldwin-pa/mold-remediation/|/contact/,7.00,planned
/service-areas/murrysville-pa/roofing/,service-area-service,"Roofing Installation and Replacement in Murrysville, PA | Katofsky Construction LLC",Roofing Installation and Replacement in Murrysville,"24/7 roofing installation and replacement in Murrysville, PA. IICRC-certified, insurance billing accepted. Call (412) 304-9284.",roofing installation and replacement murrysville,roofing contractor|roof replacement|new roof installation|residential roofing|roof repair,local_commercial,,,900,hero|og|inline-1|inline-2,service|local-business|faq|breadcrumb-list,/services/roofing/|/service-areas/murrysville-pa/|/service-areas/murrysville-pa/fire-damage-restoration/|/service-areas/murrysville-pa/mold-remediation/|/service-areas/allison-park-pa/roofing/|/service-areas/baldwin-pa/roofing/|/contact/,7.00,planned
/service-areas/murrysville-pa/water-damage-restoration/,service-area-service,"Water Damage Restoration in Murrysville, PA | Katofsky Construction LLC",Water Damage Restoration in Murrysville,"24/7 water damage restoration in Murrysville, PA. IICRC-certified, insurance billing accepted. Call (412) 304-9284.",water damage restoration murrysville,water removal|water extraction|water cleanup|structural drying|water mitigation,local_emergency,,,900,hero|og|inline-1|inline-2,service|local-business|faq|breadcrumb-list,/services/water-damage-restoration/|/service-areas/murrysville-pa/|/service-areas/murrysville-pa/fire-damage-restoration/|/service-areas/murrysville-pa/mold-remediation/|/service-areas/allison-park-pa/water-damage-restoration/|/service-areas/baldwin-pa/water-damage-restoration/|/contact/,7.00,planned
/service-areas/new-kensington-pa/fire-damage-restoration/,service-area-service,"Fire Damage Restoration in New Kensington, PA | Katofsky Construction LLC",Fire Damage Restoration in New Kensington,"24/7 fire damage restoration in New Kensington, PA. IICRC-certified, insurance billing accepted. Call (412) 304-9284.",fire damage restoration new kensington,fire cleanup|fire and smoke restoration|structural fire damage|post-fire restoration|fire damage repair,local_emergency,,,900,hero|og|inline-1|inline-2,service|local-business|faq|breadcrumb-list,/services/fire-damage-restoration/|/service-areas/new-kensington-pa/|/service-areas/new-kensington-pa/mold-remediation/|/service-areas/new-kensington-pa/roofing/|/service-areas/allison-park-pa/fire-damage-restoration/|/service-areas/baldwin-pa/fire-damage-restoration/|/contact/,7.00,planned
/service-areas/new-kensington-pa/mold-remediation/,service-area-service,"Mold Remediation in New Kensington, PA | Katofsky Construction LLC",Mold Remediation in New Kensington,"24/7 mold remediation in New Kensington, PA. IICRC-certified, insurance billing accepted. Call (412) 304-9284.",mold remediation new kensington,mold removal|black mold remediation|mold abatement|mold containment|mold cleanup,local_health,,,900,hero|og|inline-1|inline-2,service|local-business|faq|breadcrumb-list,/services/mold-remediation/|/service-areas/new-kensington-pa/|/service-areas/new-kensington-pa/fire-damage-restoration/|/service-areas/new-kensington-pa/roofing/|/service-areas/allison-park-pa/mold-remediation/|/service-areas/baldwin-pa/mold-remediation/|/contact/,7.00,planned
/service-areas/new-kensington-pa/roofing/,service-area-service,"Roofing Installation and Replacement in New Kensington, PA | Katofsky Construction LLC",Roofing Installation and Replacement in New Kensington,"24/7 roofing installation and replacement in New Kensington, PA. IICRC-certified, insurance billing accepted. Call (412) 304-9284.",roofing installation and replacement new kensington,roofing contractor|roof replacement|new roof installation|residential roofing|roof repair,local_commercial,,,900,hero|og|inline-1|inline-2,service|local-business|faq|breadcrumb-list,/services/roofing/|/service-areas/new-kensington-pa/|/service-areas/new-kensington-pa/fire-damage-restoration/|/service-areas/new-kensington-pa/mold-remediation/|/service-areas/allison-park-pa/roofing/|/service-areas/baldwin-pa/roofing/|/contact/,7.00,planned
/service-areas/new-kensington-pa/water-damage-restoration/,service-area-service,"Water Damage Restoration in New Kensington, PA | Katofsky Construction LLC",Water Damage Restoration in New Kensington,"24/7 water damage restoration in New Kensington, PA. IICRC-certified, insurance billing accepted. Call (412) 304-9284.",water damage restoration new kensington,water removal|water extraction|water cleanup|structural drying|water mitigation,local_emergency,,,900,hero|og|inline-1|inline-2,service|local-business|faq|breadcrumb-list,/services/water-damage-restoration/|/service-areas/new-kensington-pa/|/service-areas/new-kensington-pa/fire-damage-restoration/|/service-areas/new-kensington-pa/mold-remediation/|/service-areas/allison-park-pa/water-damage-restoration/|/service-areas/baldwin-pa/water-damage-restoration/|/contact/,7.00,planned
/service-areas/north-huntingdon-pa/fire-damage-restoration/,service-area-service,"Fire Damage Restoration in North Huntingdon, PA | Katofsky Construction LLC",Fire Damage Restoration in North Huntingdon,"24/7 fire damage restoration in North Huntingdon, PA. IICRC-certified, insurance billing accepted. Call (412) 304-9284.",fire damage restoration north huntingdon,fire cleanup|fire and smoke restoration|structural fire damage|post-fire restoration|fire damage repair,local_emergency,,,900,hero|og|inline-1|inline-2,service|local-business|faq|breadcrumb-list,/services/fire-damage-restoration/|/service-areas/north-huntingdon-pa/|/service-areas/north-huntingdon-pa/mold-remediation/|/service-areas/north-huntingdon-pa/roofing/|/service-areas/allison-park-pa/fire-damage-restoration/|/service-areas/baldwin-pa/fire-damage-restoration/|/contact/,7.00,planned
/service-areas/north-huntingdon-pa/mold-remediation/,service-area-service,"Mold Remediation in North Huntingdon, PA | Katofsky Construction LLC",Mold Remediation in North Huntingdon,"24/7 mold remediation in North Huntingdon, PA. IICRC-certified, insurance billing accepted. Call (412) 304-9284.",mold remediation north huntingdon,mold removal|black mold remediation|mold abatement|mold containment|mold cleanup,local_health,,,900,hero|og|inline-1|inline-2,service|local-business|faq|breadcrumb-list,/services/mold-remediation/|/service-areas/north-huntingdon-pa/|/service-areas/north-huntingdon-pa/fire-damage-restoration/|/service-areas/north-huntingdon-pa/roofing/|/service-areas/allison-park-pa/mold-remediation/|/service-areas/baldwin-pa/mold-remediation/|/contact/,7.00,planned
/service-areas/north-huntingdon-pa/roofing/,service-area-service,"Roofing Installation and Replacement in North Huntingdon, PA | Katofsky Construction LLC",Roofing Installation and Replacement in North Huntingdon,"24/7 roofing installation and replacement in North Huntingdon, PA. IICRC-certified, insurance billing accepted. Call (412) 304-9284.",roofing installation and replacement north huntingdon,roofing contractor|roof replacement|new roof installation|residential roofing|roof repair,local_commercial,,,900,hero|og|inline-1|inline-2,service|local-business|faq|breadcrumb-list,/services/roofing/|/service-areas/north-huntingdon-pa/|/service-areas/north-huntingdon-pa/fire-damage-restoration/|/service-areas/north-huntingdon-pa/mold-remediation/|/service-areas/allison-park-pa/roofing/|/service-areas/baldwin-pa/roofing/|/contact/,7.00,planned
/service-areas/north-huntingdon-pa/water-damage-restoration/,service-area-service,"Water Damage Restoration in North Huntingdon, PA | Katofsky Construction LLC",Water Damage Restoration in North Huntingdon,"24/7 water damage restoration in North Huntingdon, PA. IICRC-certified, insurance billing accepted. Call (412) 304-9284.",water damage restoration north huntingdon,water removal|water extraction|water cleanup|structural drying|water mitigation,local_emergency,,,900,hero|og|inline-1|inline-2,service|local-business|faq|breadcrumb-list,/services/water-damage-restoration/|/service-areas/north-huntingdon-pa/|/service-areas/north-huntingdon-pa/fire-damage-restoration/|/service-areas/north-huntingdon-pa/mold-remediation/|/service-areas/allison-park-pa/water-damage-restoration/|/service-areas/baldwin-pa/water-damage-restoration/|/contact/,7.00,planned
/service-areas/penn-hills-pa/fire-damage-restoration/,service-area-service,"Fire Damage Restoration in Penn Hills, PA | Katofsky Construction LLC",Fire Damage Restoration in Penn Hills,"24/7 fire damage restoration in Penn Hills, PA. IICRC-certified, insurance billing accepted. Call (412) 304-9284.",fire damage restoration penn hills,fire cleanup|fire and smoke restoration|structural fire damage|post-fire restoration|fire damage repair,local_emergency,,,900,hero|og|inline-1|inline-2,service|local-business|faq|breadcrumb-list,/services/fire-damage-restoration/|/service-areas/penn-hills-pa/|/service-areas/penn-hills-pa/mold-remediation/|/service-areas/penn-hills-pa/roofing/|/service-areas/allison-park-pa/fire-damage-restoration/|/service-areas/baldwin-pa/fire-damage-restoration/|/contact/,7.00,planned
/service-areas/penn-hills-pa/mold-remediation/,service-area-service,"Mold Remediation in Penn Hills, PA | Katofsky Construction LLC",Mold Remediation in Penn Hills,"24/7 mold remediation in Penn Hills, PA. IICRC-certified, insurance billing accepted. Call (412) 304-9284.",mold remediation penn hills,mold removal|black mold remediation|mold abatement|mold containment|mold cleanup,local_health,,,900,hero|og|inline-1|inline-2,service|local-business|faq|breadcrumb-list,/services/mold-remediation/|/service-areas/penn-hills-pa/|/service-areas/penn-hills-pa/fire-damage-restoration/|/service-areas/penn-hills-pa/roofing/|/service-areas/allison-park-pa/mold-remediation/|/service-areas/baldwin-pa/mold-remediation/|/contact/,7.00,planned
/service-areas/penn-hills-pa/roofing/,service-area-service,"Roofing Installation and Replacement in Penn Hills, PA | Katofsky Construction LLC",Roofing Installation and Replacement in Penn Hills,"24/7 roofing installation and replacement in Penn Hills, PA. IICRC-certified, insurance billing accepted. Call (412) 304-9284.",roofing installation and replacement penn hills,roofing contractor|roof replacement|new roof installation|residential roofing|roof repair,local_commercial,,,900,hero|og|inline-1|inline-2,service|local-business|faq|breadcrumb-list,/services/roofing/|/service-areas/penn-hills-pa/|/service-areas/penn-hills-pa/fire-damage-restoration/|/service-areas/penn-hills-pa/mold-remediation/|/service-areas/allison-park-pa/roofing/|/service-areas/baldwin-pa/roofing/|/contact/,7.00,planned
/service-areas/penn-hills-pa/water-damage-restoration/,service-area-service,"Water Damage Restoration in Penn Hills, PA | Katofsky Construction LLC",Water Damage Restoration in Penn Hills,"24/7 water damage restoration in Penn Hills, PA. IICRC-certified, insurance billing accepted. Call (412) 304-9284.",water damage restoration penn hills,water removal|water extraction|water cleanup|structural drying|water mitigation,local_emergency,,,900,hero|og|inline-1|inline-2,service|local-business|faq|breadcrumb-list,/services/water-damage-restoration/|/service-areas/penn-hills-pa/|/service-areas/penn-hills-pa/fire-damage-restoration/|/service-areas/penn-hills-pa/mold-remediation/|/service-areas/allison-park-pa/water-damage-restoration/|/service-areas/baldwin-pa/water-damage-restoration/|/contact/,7.00,planned
/service-areas/pleasant-hills-pa/fire-damage-restoration/,service-area-service,"Fire Damage Restoration in Pleasant Hills, PA | Katofsky Construction LLC",Fire Damage Restoration in Pleasant Hills,"24/7 fire damage restoration in Pleasant Hills, PA. IICRC-certified, insurance billing accepted. Call (412) 304-9284.",fire damage restoration pleasant hills,fire cleanup|fire and smoke restoration|structural fire damage|post-fire restoration|fire damage repair,local_emergency,,,900,hero|og|inline-1|inline-2,service|local-business|faq|breadcrumb-list,/services/fire-damage-restoration/|/service-areas/pleasant-hills-pa/|/service-areas/pleasant-hills-pa/mold-remediation/|/service-areas/pleasant-hills-pa/roofing/|/service-areas/allison-park-pa/fire-damage-restoration/|/service-areas/baldwin-pa/fire-damage-restoration/|/contact/,7.00,planned
/service-areas/pleasant-hills-pa/mold-remediation/,service-area-service,"Mold Remediation in Pleasant Hills, PA | Katofsky Construction LLC",Mold Remediation in Pleasant Hills,"24/7 mold remediation in Pleasant Hills, PA. IICRC-certified, insurance billing accepted. Call (412) 304-9284.",mold remediation pleasant hills,mold removal|black mold remediation|mold abatement|mold containment|mold cleanup,local_health,,,900,hero|og|inline-1|inline-2,service|local-business|faq|breadcrumb-list,/services/mold-remediation/|/service-areas/pleasant-hills-pa/|/service-areas/pleasant-hills-pa/fire-damage-restoration/|/service-areas/pleasant-hills-pa/roofing/|/service-areas/allison-park-pa/mold-remediation/|/service-areas/baldwin-pa/mold-remediation/|/contact/,7.00,planned
/service-areas/pleasant-hills-pa/roofing/,service-area-service,"Roofing Installation and Replacement in Pleasant Hills, PA | Katofsky Construction LLC",Roofing Installation and Replacement in Pleasant Hills,"24/7 roofing installation and replacement in Pleasant Hills, PA. IICRC-certified, insurance billing accepted. Call (412) 304-9284.",roofing installation and replacement pleasant hills,roofing contractor|roof replacement|new roof installation|residential roofing|roof repair,local_commercial,,,900,hero|og|inline-1|inline-2,service|local-business|faq|breadcrumb-list,/services/roofing/|/service-areas/pleasant-hills-pa/|/service-areas/pleasant-hills-pa/fire-damage-restoration/|/service-areas/pleasant-hills-pa/mold-remediation/|/service-areas/allison-park-pa/roofing/|/service-areas/baldwin-pa/roofing/|/contact/,7.00,planned
/service-areas/pleasant-hills-pa/water-damage-restoration/,service-area-service,"Water Damage Restoration in Pleasant Hills, PA | Katofsky Construction LLC",Water Damage Restoration in Pleasant Hills,"24/7 water damage restoration in Pleasant Hills, PA. IICRC-certified, insurance billing accepted. Call (412) 304-9284.",water damage restoration pleasant hills,water removal|water extraction|water cleanup|structural drying|water mitigation,local_emergency,,,900,hero|og|inline-1|inline-2,service|local-business|faq|breadcrumb-list,/services/water-damage-restoration/|/service-areas/pleasant-hills-pa/|/service-areas/pleasant-hills-pa/fire-damage-restoration/|/service-areas/pleasant-hills-pa/mold-remediation/|/service-areas/allison-park-pa/water-damage-restoration/|/service-areas/baldwin-pa/water-damage-restoration/|/contact/,7.00,planned
/service-areas/plum-pa/fire-damage-restoration/,service-area-service,"Fire Damage Restoration in Plum, PA | Katofsky Construction LLC",Fire Damage Restoration in Plum,"24/7 fire damage restoration in Plum, PA. IICRC-certified, insurance billing accepted. Call (412) 304-9284.",fire damage restoration plum,fire cleanup|fire and smoke restoration|structural fire damage|post-fire restoration|fire damage repair,local_emergency,,,900,hero|og|inline-1|inline-2,service|local-business|faq|breadcrumb-list,/services/fire-damage-restoration/|/service-areas/plum-pa/|/service-areas/plum-pa/mold-remediation/|/service-areas/plum-pa/roofing/|/service-areas/allison-park-pa/fire-damage-restoration/|/service-areas/baldwin-pa/fire-damage-restoration/|/contact/,7.00,planned
/service-areas/plum-pa/mold-remediation/,service-area-service,"Mold Remediation in Plum, PA | Katofsky Construction LLC",Mold Remediation in Plum,"24/7 mold remediation in Plum, PA. IICRC-certified, insurance billing accepted. Call (412) 304-9284.",mold remediation plum,mold removal|black mold remediation|mold abatement|mold containment|mold cleanup,local_health,,,900,hero|og|inline-1|inline-2,service|local-business|faq|breadcrumb-list,/services/mold-remediation/|/service-areas/plum-pa/|/service-areas/plum-pa/fire-damage-restoration/|/service-areas/plum-pa/roofing/|/service-areas/allison-park-pa/mold-remediation/|/service-areas/baldwin-pa/mold-remediation/|/contact/,7.00,planned
/service-areas/plum-pa/roofing/,service-area-service,"Roofing Installation and Replacement in Plum, PA | Katofsky Construction LLC",Roofing Installation and Replacement in Plum,"24/7 roofing installation and replacement in Plum, PA. IICRC-certified, insurance billing accepted. Call (412) 304-9284.",roofing installation and replacement plum,roofing contractor|roof replacement|new roof installation|residential roofing|roof repair,local_commercial,,,900,hero|og|inline-1|inline-2,service|local-business|faq|breadcrumb-list,/services/roofing/|/service-areas/plum-pa/|/service-areas/plum-pa/fire-damage-restoration/|/service-areas/plum-pa/mold-remediation/|/service-areas/allison-park-pa/roofing/|/service-areas/baldwin-pa/roofing/|/contact/,7.00,planned
/service-areas/plum-pa/water-damage-restoration/,service-area-service,"Water Damage Restoration in Plum, PA | Katofsky Construction LLC",Water Damage Restoration in Plum,"24/7 water damage restoration in Plum, PA. IICRC-certified, insurance billing accepted. Call (412) 304-9284.",water damage restoration plum,water removal|water extraction|water cleanup|structural drying|water mitigation,local_emergency,,,900,hero|og|inline-1|inline-2,service|local-business|faq|breadcrumb-list,/services/water-damage-restoration/|/service-areas/plum-pa/|/service-areas/plum-pa/fire-damage-restoration/|/service-areas/plum-pa/mold-remediation/|/service-areas/allison-park-pa/water-damage-restoration/|/service-areas/baldwin-pa/water-damage-restoration/|/contact/,7.00,planned
/service-areas/ross-township-pa/fire-damage-restoration/,service-area-service,"Fire Damage Restoration in Ross Township, PA | Katofsky Construction LLC",Fire Damage Restoration in Ross Township,"24/7 fire damage restoration in Ross Township, PA. IICRC-certified, insurance billing accepted. Call (412) 304-9284.",fire damage restoration ross township,fire cleanup|fire and smoke restoration|structural fire damage|post-fire restoration|fire damage repair,local_emergency,,,900,hero|og|inline-1|inline-2,service|local-business|faq|breadcrumb-list,/services/fire-damage-restoration/|/service-areas/ross-township-pa/|/service-areas/ross-township-pa/mold-remediation/|/service-areas/ross-township-pa/roofing/|/service-areas/allison-park-pa/fire-damage-restoration/|/service-areas/baldwin-pa/fire-damage-restoration/|/contact/,7.00,planned
/service-areas/ross-township-pa/mold-remediation/,service-area-service,"Mold Remediation in Ross Township, PA | Katofsky Construction LLC",Mold Remediation in Ross Township,"24/7 mold remediation in Ross Township, PA. IICRC-certified, insurance billing accepted. Call (412) 304-9284.",mold remediation ross township,mold removal|black mold remediation|mold abatement|mold containment|mold cleanup,local_health,,,900,hero|og|inline-1|inline-2,service|local-business|faq|breadcrumb-list,/services/mold-remediation/|/service-areas/ross-township-pa/|/service-areas/ross-township-pa/fire-damage-restoration/|/service-areas/ross-township-pa/roofing/|/service-areas/allison-park-pa/mold-remediation/|/service-areas/baldwin-pa/mold-remediation/|/contact/,7.00,planned
/service-areas/ross-township-pa/roofing/,service-area-service,"Roofing Installation and Replacement in Ross Township, PA | Katofsky Construction LLC",Roofing Installation and Replacement in Ross Township,"24/7 roofing installation and replacement in Ross Township, PA. IICRC-certified, insurance billing accepted. Call (412) 304-9284.",roofing installation and replacement ross township,roofing contractor|roof replacement|new roof installation|residential roofing|roof repair,local_commercial,,,900,hero|og|inline-1|inline-2,service|local-business|faq|breadcrumb-list,/services/roofing/|/service-areas/ross-township-pa/|/service-areas/ross-township-pa/fire-damage-restoration/|/service-areas/ross-township-pa/mold-remediation/|/service-areas/allison-park-pa/roofing/|/service-areas/baldwin-pa/roofing/|/contact/,7.00,planned
/service-areas/ross-township-pa/water-damage-restoration/,service-area-service,"Water Damage Restoration in Ross Township, PA | Katofsky Construction LLC",Water Damage Restoration in Ross Township,"24/7 water damage restoration in Ross Township, PA. IICRC-certified, insurance billing accepted. Call (412) 304-9284.",water damage restoration ross township,water removal|water extraction|water cleanup|structural drying|water mitigation,local_emergency,,,900,hero|og|inline-1|inline-2,service|local-business|faq|breadcrumb-list,/services/water-damage-restoration/|/service-areas/ross-township-pa/|/service-areas/ross-township-pa/fire-damage-restoration/|/service-areas/ross-township-pa/mold-remediation/|/service-areas/allison-park-pa/water-damage-restoration/|/service-areas/baldwin-pa/water-damage-restoration/|/contact/,7.00,planned
/service-areas/shaler-township-pa/fire-damage-restoration/,service-area-service,"Fire Damage Restoration in Shaler Township, PA | Katofsky Construction LLC",Fire Damage Restoration in Shaler Township,"24/7 fire damage restoration in Shaler Township, PA. IICRC-certified, insurance billing accepted. Call (412) 304-9284.",fire damage restoration shaler township,fire cleanup|fire and smoke restoration|structural fire damage|post-fire restoration|fire damage repair,local_emergency,,,900,hero|og|inline-1|inline-2,service|local-business|faq|breadcrumb-list,/services/fire-damage-restoration/|/service-areas/shaler-township-pa/|/service-areas/shaler-township-pa/mold-remediation/|/service-areas/shaler-township-pa/roofing/|/service-areas/allison-park-pa/fire-damage-restoration/|/service-areas/baldwin-pa/fire-damage-restoration/|/contact/,7.00,planned
/service-areas/shaler-township-pa/mold-remediation/,service-area-service,"Mold Remediation in Shaler Township, PA | Katofsky Construction LLC",Mold Remediation in Shaler Township,"24/7 mold remediation in Shaler Township, PA. IICRC-certified, insurance billing accepted. Call (412) 304-9284.",mold remediation shaler township,mold removal|black mold remediation|mold abatement|mold containment|mold cleanup,local_health,,,900,hero|og|inline-1|inline-2,service|local-business|faq|breadcrumb-list,/services/mold-remediation/|/service-areas/shaler-township-pa/|/service-areas/shaler-township-pa/fire-damage-restoration/|/service-areas/shaler-township-pa/roofing/|/service-areas/allison-park-pa/mold-remediation/|/service-areas/baldwin-pa/mold-remediation/|/contact/,7.00,planned
/service-areas/shaler-township-pa/roofing/,service-area-service,"Roofing Installation and Replacement in Shaler Township, PA | Katofsky Construction LLC",Roofing Installation and Replacement in Shaler Township,"24/7 roofing installation and replacement in Shaler Township, PA. IICRC-certified, insurance billing accepted. Call (412) 304-9284.",roofing installation and replacement shaler township,roofing contractor|roof replacement|new roof installation|residential roofing|roof repair,local_commercial,,,900,hero|og|inline-1|inline-2,service|local-business|faq|breadcrumb-list,/services/roofing/|/service-areas/shaler-township-pa/|/service-areas/shaler-township-pa/fire-damage-restoration/|/service-areas/shaler-township-pa/mold-remediation/|/service-areas/allison-park-pa/roofing/|/service-areas/baldwin-pa/roofing/|/contact/,7.00,planned
/service-areas/shaler-township-pa/water-damage-restoration/,service-area-service,"Water Damage Restoration in Shaler Township, PA | Katofsky Construction LLC",Water Damage Restoration in Shaler Township,"24/7 water damage restoration in Shaler Township, PA. IICRC-certified, insurance billing accepted. Call (412) 304-9284.",water damage restoration shaler township,water removal|water extraction|water cleanup|structural drying|water mitigation,local_emergency,,,900,hero|og|inline-1|inline-2,service|local-business|faq|breadcrumb-list,/services/water-damage-restoration/|/service-areas/shaler-township-pa/|/service-areas/shaler-township-pa/fire-damage-restoration/|/service-areas/shaler-township-pa/mold-remediation/|/service-areas/allison-park-pa/water-damage-restoration/|/service-areas/baldwin-pa/water-damage-restoration/|/contact/,7.00,planned
/service-areas/west-mifflin-pa/fire-damage-restoration/,service-area-service,"Fire Damage Restoration in West Mifflin, PA | Katofsky Construction LLC",Fire Damage Restoration in West Mifflin,"24/7 fire damage restoration in West Mifflin, PA. IICRC-certified, insurance billing accepted. Call (412) 304-9284.",fire damage restoration west mifflin,fire cleanup|fire and smoke restoration|structural fire damage|post-fire restoration|fire damage repair,local_emergency,,,900,hero|og|inline-1|inline-2,service|local-business|faq|breadcrumb-list,/services/fire-damage-restoration/|/service-areas/west-mifflin-pa/|/service-areas/west-mifflin-pa/mold-remediation/|/service-areas/west-mifflin-pa/roofing/|/service-areas/allison-park-pa/fire-damage-restoration/|/service-areas/baldwin-pa/fire-damage-restoration/|/contact/,7.00,planned
/service-areas/west-mifflin-pa/mold-remediation/,service-area-service,"Mold Remediation in West Mifflin, PA | Katofsky Construction LLC",Mold Remediation in West Mifflin,"24/7 mold remediation in West Mifflin, PA. IICRC-certified, insurance billing accepted. Call (412) 304-9284.",mold remediation west mifflin,mold removal|black mold remediation|mold abatement|mold containment|mold cleanup,local_health,,,900,hero|og|inline-1|inline-2,service|local-business|faq|breadcrumb-list,/services/mold-remediation/|/service-areas/west-mifflin-pa/|/service-areas/west-mifflin-pa/fire-damage-restoration/|/service-areas/west-mifflin-pa/roofing/|/service-areas/allison-park-pa/mold-remediation/|/service-areas/baldwin-pa/mold-remediation/|/contact/,7.00,planned
/service-areas/west-mifflin-pa/roofing/,service-area-service,"Roofing Installation and Replacement in West Mifflin, PA | Katofsky Construction LLC",Roofing Installation and Replacement in West Mifflin,"24/7 roofing installation and replacement in West Mifflin, PA. IICRC-certified, insurance billing accepted. Call (412) 304-9284.",roofing installation and replacement west mifflin,roofing contractor|roof replacement|new roof installation|residential roofing|roof repair,local_commercial,,,900,hero|og|inline-1|inline-2,service|local-business|faq|breadcrumb-list,/services/roofing/|/service-areas/west-mifflin-pa/|/service-areas/west-mifflin-pa/fire-damage-restoration/|/service-areas/west-mifflin-pa/mold-remediation/|/service-areas/allison-park-pa/roofing/|/service-areas/baldwin-pa/roofing/|/contact/,7.00,planned
/service-areas/west-mifflin-pa/water-damage-restoration/,service-area-service,"Water Damage Restoration in West Mifflin, PA | Katofsky Construction LLC",Water Damage Restoration in West Mifflin,"24/7 water damage restoration in West Mifflin, PA. IICRC-certified, insurance billing accepted. Call (412) 304-9284.",water damage restoration west mifflin,water removal|water extraction|water cleanup|structural drying|water mitigation,local_emergency,,,900,hero|og|inline-1|inline-2,service|local-business|faq|breadcrumb-list,/services/water-damage-restoration/|/service-areas/west-mifflin-pa/|/service-areas/west-mifflin-pa/fire-damage-restoration/|/service-areas/west-mifflin-pa/mold-remediation/|/service-areas/allison-park-pa/water-damage-restoration/|/service-areas/baldwin-pa/water-damage-restoration/|/contact/,7.00,planned
/service-areas/whitehall-pa/fire-damage-restoration/,service-area-service,"Fire Damage Restoration in Whitehall, PA | Katofsky Construction LLC",Fire Damage Restoration in Whitehall,"24/7 fire damage restoration in Whitehall, PA. IICRC-certified, insurance billing accepted. Call (412) 304-9284.",fire damage restoration whitehall,fire cleanup|fire and smoke restoration|structural fire damage|post-fire restoration|fire damage repair,local_emergency,,,900,hero|og|inline-1|inline-2,service|local-business|faq|breadcrumb-list,/services/fire-damage-restoration/|/service-areas/whitehall-pa/|/service-areas/whitehall-pa/mold-remediation/|/service-areas/whitehall-pa/roofing/|/service-areas/allison-park-pa/fire-damage-restoration/|/service-areas/baldwin-pa/fire-damage-restoration/|/contact/,7.00,planned
/service-areas/whitehall-pa/mold-remediation/,service-area-service,"Mold Remediation in Whitehall, PA | Katofsky Construction LLC",Mold Remediation in Whitehall,"24/7 mold remediation in Whitehall, PA. IICRC-certified, insurance billing accepted. Call (412) 304-9284.",mold remediation whitehall,mold removal|black mold remediation|mold abatement|mold containment|mold cleanup,local_health,,,900,hero|og|inline-1|inline-2,service|local-business|faq|breadcrumb-list,/services/mold-remediation/|/service-areas/whitehall-pa/|/service-areas/whitehall-pa/fire-damage-restoration/|/service-areas/whitehall-pa/roofing/|/service-areas/allison-park-pa/mold-remediation/|/service-areas/baldwin-pa/mold-remediation/|/contact/,7.00,planned
/service-areas/whitehall-pa/roofing/,service-area-service,"Roofing Installation and Replacement in Whitehall, PA | Katofsky Construction LLC",Roofing Installation and Replacement in Whitehall,"24/7 roofing installation and replacement in Whitehall, PA. IICRC-certified, insurance billing accepted. Call (412) 304-9284.",roofing installation and replacement whitehall,roofing contractor|roof replacement|new roof installation|residential roofing|roof repair,local_commercial,,,900,hero|og|inline-1|inline-2,service|local-business|faq|breadcrumb-list,/services/roofing/|/service-areas/whitehall-pa/|/service-areas/whitehall-pa/fire-damage-restoration/|/service-areas/whitehall-pa/mold-remediation/|/service-areas/allison-park-pa/roofing/|/service-areas/baldwin-pa/roofing/|/contact/,7.00,planned
/service-areas/whitehall-pa/water-damage-restoration/,service-area-service,"Water Damage Restoration in Whitehall, PA | Katofsky Construction LLC",Water Damage Restoration in Whitehall,"24/7 water damage restoration in Whitehall, PA. IICRC-certified, insurance billing accepted. Call (412) 304-9284.",water damage restoration whitehall,water removal|water extraction|water cleanup|structural drying|water mitigation,local_emergency,,,900,hero|og|inline-1|inline-2,service|local-business|faq|breadcrumb-list,/services/water-damage-restoration/|/service-areas/whitehall-pa/|/service-areas/whitehall-pa/fire-damage-restoration/|/service-areas/whitehall-pa/mold-remediation/|/service-areas/allison-park-pa/water-damage-restoration/|/service-areas/baldwin-pa/water-damage-restoration/|/contact/,7.00,planned
/service-areas/wilkinsburg-pa/fire-damage-restoration/,service-area-service,"Fire Damage Restoration in Wilkinsburg, PA | Katofsky Construction LLC",Fire Damage Restoration in Wilkinsburg,"24/7 fire damage restoration in Wilkinsburg, PA. IICRC-certified, insurance billing accepted. Call (412) 304-9284.",fire damage restoration wilkinsburg,fire cleanup|fire and smoke restoration|structural fire damage|post-fire restoration|fire damage repair,local_emergency,,,900,hero|og|inline-1|inline-2,service|local-business|faq|breadcrumb-list,/services/fire-damage-restoration/|/service-areas/wilkinsburg-pa/|/service-areas/wilkinsburg-pa/mold-remediation/|/service-areas/wilkinsburg-pa/roofing/|/service-areas/allison-park-pa/fire-damage-restoration/|/service-areas/baldwin-pa/fire-damage-restoration/|/contact/,7.00,planned
/service-areas/wilkinsburg-pa/mold-remediation/,service-area-service,"Mold Remediation in Wilkinsburg, PA | Katofsky Construction LLC",Mold Remediation in Wilkinsburg,"24/7 mold remediation in Wilkinsburg, PA. IICRC-certified, insurance billing accepted. Call (412) 304-9284.",mold remediation wilkinsburg,mold removal|black mold remediation|mold abatement|mold containment|mold cleanup,local_health,,,900,hero|og|inline-1|inline-2,service|local-business|faq|breadcrumb-list,/services/mold-remediation/|/service-areas/wilkinsburg-pa/|/service-areas/wilkinsburg-pa/fire-damage-restoration/|/service-areas/wilkinsburg-pa/roofing/|/service-areas/allison-park-pa/mold-remediation/|/service-areas/baldwin-pa/mold-remediation/|/contact/,7.00,planned
/service-areas/wilkinsburg-pa/roofing/,service-area-service,"Roofing Installation and Replacement in Wilkinsburg, PA | Katofsky Construction LLC",Roofing Installation and Replacement in Wilkinsburg,"24/7 roofing installation and replacement in Wilkinsburg, PA. IICRC-certified, insurance billing accepted. Call (412) 304-9284.",roofing installation and replacement wilkinsburg,roofing contractor|roof replacement|new roof installation|residential roofing|roof repair,local_commercial,,,900,hero|og|inline-1|inline-2,service|local-business|faq|breadcrumb-list,/services/roofing/|/service-areas/wilkinsburg-pa/|/service-areas/wilkinsburg-pa/fire-damage-restoration/|/service-areas/wilkinsburg-pa/mold-remediation/|/service-areas/allison-park-pa/roofing/|/service-areas/baldwin-pa/roofing/|/contact/,7.00,planned
/service-areas/wilkinsburg-pa/water-damage-restoration/,service-area-service,"Water Damage Restoration in Wilkinsburg, PA | Katofsky Construction LLC",Water Damage Restoration in Wilkinsburg,"24/7 water damage restoration in Wilkinsburg, PA. IICRC-certified, insurance billing accepted. Call (412) 304-9284.",water damage restoration wilkinsburg,water removal|water extraction|water cleanup|structural drying|water mitigation,local_emergency,,,900,hero|og|inline-1|inline-2,service|local-business|faq|breadcrumb-list,/services/water-damage-restoration/|/service-areas/wilkinsburg-pa/|/service-areas/wilkinsburg-pa/fire-damage-restoration/|/service-areas/wilkinsburg-pa/mold-remediation/|/service-areas/allison-park-pa/water-damage-restoration/|/service-areas/baldwin-pa/water-damage-restoration/|/contact/,7.00,planned
/service-areas/allison-park-pa/commercial-restoration/,service-area-service,"Commercial Restoration in Allison Park, PA | Katofsky Construction LLC",Commercial Restoration in Allison Park,"24/7 commercial restoration in Allison Park, PA. IICRC-certified, insurance billing accepted. Call (412) 304-9284.",commercial restoration allison park,commercial water damage|commercial fire damage|business restoration|office restoration|retail restoration,local_b2b,,,900,hero|og|inline-1|inline-2,service|local-business|faq|breadcrumb-list,/services/commercial-restoration/|/service-areas/allison-park-pa/|/service-areas/allison-park-pa/fire-damage-restoration/|/service-areas/allison-park-pa/mold-remediation/|/service-areas/baldwin-pa/commercial-restoration/|/service-areas/bethel-park-pa/commercial-restoration/|/contact/,6.30,planned
/service-areas/allison-park-pa/emergency-plumbing/,service-area-service,"Emergency Plumbing in Allison Park, PA | Katofsky Construction LLC",Emergency Plumbing in Allison Park,"24/7 emergency plumbing in Allison Park, PA. IICRC-certified, insurance billing accepted. Call (412) 304-9284.",emergency plumbing allison park,emergency plumber|24 hour plumber|burst pipe plumber|emergency plumbing repair|24/7 plumbing,local_emergency,,,900,hero|og|inline-1|inline-2,service|local-business|faq|breadcrumb-list,/services/emergency-plumbing/|/service-areas/allison-park-pa/|/service-areas/allison-park-pa/fire-damage-restoration/|/service-areas/allison-park-pa/mold-remediation/|/service-areas/baldwin-pa/emergency-plumbing/|/service-areas/bethel-park-pa/emergency-plumbing/|/contact/,6.30,planned
/service-areas/allison-park-pa/emergency-water-removal/,service-area-service,"24/7 Emergency Water Removal in Allison Park, PA | Katofsky Construction LLC",24/7 Emergency Water Removal in Allison Park,"24/7 24/7 emergency water removal in Allison Park, PA. IICRC-certified, insurance billing accepted. Call (412) 304-9284.",24/7 emergency water removal allison park,emergency water removal|emergency water damage|24 hour water damage restoration|emergency flood service|emergency water extraction,local_emergency,,,900,hero|og|inline-1|inline-2,service|local-business|faq|breadcrumb-list,/services/emergency-water-removal/|/service-areas/allison-park-pa/|/service-areas/allison-park-pa/fire-damage-restoration/|/service-areas/allison-park-pa/mold-remediation/|/service-areas/baldwin-pa/emergency-water-removal/|/service-areas/bethel-park-pa/emergency-water-removal/|/contact/,6.30,planned
/service-areas/allison-park-pa/flood-damage-restoration/,service-area-service,"Flood Damage Restoration in Allison Park, PA | Katofsky Construction LLC",Flood Damage Restoration in Allison Park,"24/7 flood damage restoration in Allison Park, PA. IICRC-certified, insurance billing accepted. Call (412) 304-9284.",flood damage restoration allison park,flood cleanup|flood restoration|post-flood restoration|residential flood damage|flood damage repair,local_emergency,,,900,hero|og|inline-1|inline-2,service|local-business|faq|breadcrumb-list,/services/flood-damage-restoration/|/service-areas/allison-park-pa/|/service-areas/allison-park-pa/fire-damage-restoration/|/service-areas/allison-park-pa/mold-remediation/|/service-areas/baldwin-pa/flood-damage-restoration/|/service-areas/bethel-park-pa/flood-damage-restoration/|/contact/,6.30,planned
/service-areas/allison-park-pa/reconstruction/,service-area-service,"Reconstruction Services in Allison Park, PA | Katofsky Construction LLC",Reconstruction Services in Allison Park,"24/7 reconstruction services in Allison Park, PA. IICRC-certified, insurance billing accepted. Call (412) 304-9284.",reconstruction services allison park,post-damage reconstruction|rebuild services|structural reconstruction|post-disaster rebuilding|fire damage reconstruction,local_commercial,,,900,hero|og|inline-1|inline-2,service|local-business|faq|breadcrumb-list,/services/reconstruction/|/service-areas/allison-park-pa/|/service-areas/allison-park-pa/fire-damage-restoration/|/service-areas/allison-park-pa/mold-remediation/|/service-areas/baldwin-pa/reconstruction/|/service-areas/bethel-park-pa/reconstruction/|/contact/,6.30,planned
/service-areas/allison-park-pa/sewage-cleanup/,service-area-service,"Sewage Cleanup and Sanitization in Allison Park, PA | Katofsky Construction LLC",Sewage Cleanup and Sanitization in Allison Park,"24/7 sewage cleanup and sanitization in Allison Park, PA. IICRC-certified, insurance billing accepted. Call (412) 304-9284.",sewage cleanup and sanitization allison park,sewage backup cleanup|raw sewage removal|septic overflow cleanup|sewer line backup|sanitization services,local_emergency,,,900,hero|og|inline-1|inline-2,service|local-business|faq|breadcrumb-list,/services/sewage-cleanup/|/service-areas/allison-park-pa/|/service-areas/allison-park-pa/fire-damage-restoration/|/service-areas/allison-park-pa/mold-remediation/|/service-areas/baldwin-pa/sewage-cleanup/|/service-areas/bethel-park-pa/sewage-cleanup/|/contact/,6.30,planned
/service-areas/allison-park-pa/smoke-damage-restoration/,service-area-service,"Smoke Damage Restoration in Allison Park, PA | Katofsky Construction LLC",Smoke Damage Restoration in Allison Park,"24/7 smoke damage restoration in Allison Park, PA. IICRC-certified, insurance billing accepted. Call (412) 304-9284.",smoke damage restoration allison park,smoke residue cleanup|smoke damage repair|post-fire smoke cleanup|smoke damage restoration services|wildfire smoke cleanup,local_emergency,,,900,hero|og|inline-1|inline-2,service|local-business|faq|breadcrumb-list,/services/smoke-damage-restoration/|/service-areas/allison-park-pa/|/service-areas/allison-park-pa/fire-damage-restoration/|/service-areas/allison-park-pa/mold-remediation/|/service-areas/baldwin-pa/smoke-damage-restoration/|/service-areas/bethel-park-pa/smoke-damage-restoration/|/contact/,6.30,planned
/service-areas/allison-park-pa/storm-damage-restoration/,service-area-service,"Storm Damage Restoration in Allison Park, PA | Katofsky Construction LLC",Storm Damage Restoration in Allison Park,"24/7 storm damage restoration in Allison Park, PA. IICRC-certified, insurance billing accepted. Call (412) 304-9284.",storm damage restoration allison park,hurricane damage cleanup|tornado damage cleanup|tree damage cleanup|storm cleanup services|severe weather damage repair,local_emergency,,,900,hero|og|inline-1|inline-2,service|local-business|faq|breadcrumb-list,/services/storm-damage-restoration/|/service-areas/allison-park-pa/|/service-areas/allison-park-pa/fire-damage-restoration/|/service-areas/allison-park-pa/mold-remediation/|/service-areas/baldwin-pa/storm-damage-restoration/|/service-areas/bethel-park-pa/storm-damage-restoration/|/contact/,6.30,planned
/service-areas/allison-park-pa/water-cleanup/,service-area-service,"Emergency Water Cleanup in Allison Park, PA | Katofsky Construction LLC",Emergency Water Cleanup in Allison Park,"24/7 emergency water cleanup in Allison Park, PA. IICRC-certified, insurance billing accepted. Call (412) 304-9284.",emergency water cleanup allison park,water cleanup|water damage cleanup|water clean up|emergency water cleanup|flood water cleanup|standing water removal,local_emergency,,,900,hero|og|inline-1|inline-2,service|local-business|faq|breadcrumb-list,/services/water-cleanup/|/service-areas/allison-park-pa/|/service-areas/allison-park-pa/fire-damage-restoration/|/service-areas/allison-park-pa/mold-remediation/|/service-areas/baldwin-pa/water-cleanup/|/service-areas/bethel-park-pa/water-cleanup/|/contact/,6.30,planned
/service-areas/baldwin-pa/commercial-restoration/,service-area-service,"Commercial Restoration in Baldwin, PA | Katofsky Construction LLC",Commercial Restoration in Baldwin,"24/7 commercial restoration in Baldwin, PA. IICRC-certified, insurance billing accepted. Call (412) 304-9284.",commercial restoration baldwin,commercial water damage|commercial fire damage|business restoration|office restoration|retail restoration,local_b2b,,,900,hero|og|inline-1|inline-2,service|local-business|faq|breadcrumb-list,/services/commercial-restoration/|/service-areas/baldwin-pa/|/service-areas/baldwin-pa/fire-damage-restoration/|/service-areas/baldwin-pa/mold-remediation/|/service-areas/allison-park-pa/commercial-restoration/|/service-areas/bethel-park-pa/commercial-restoration/|/contact/,6.30,planned
/service-areas/baldwin-pa/emergency-plumbing/,service-area-service,"Emergency Plumbing in Baldwin, PA | Katofsky Construction LLC",Emergency Plumbing in Baldwin,"24/7 emergency plumbing in Baldwin, PA. IICRC-certified, insurance billing accepted. Call (412) 304-9284.",emergency plumbing baldwin,emergency plumber|24 hour plumber|burst pipe plumber|emergency plumbing repair|24/7 plumbing,local_emergency,,,900,hero|og|inline-1|inline-2,service|local-business|faq|breadcrumb-list,/services/emergency-plumbing/|/service-areas/baldwin-pa/|/service-areas/baldwin-pa/fire-damage-restoration/|/service-areas/baldwin-pa/mold-remediation/|/service-areas/allison-park-pa/emergency-plumbing/|/service-areas/bethel-park-pa/emergency-plumbing/|/contact/,6.30,planned
/service-areas/baldwin-pa/emergency-water-removal/,service-area-service,"24/7 Emergency Water Removal in Baldwin, PA | Katofsky Construction LLC",24/7 Emergency Water Removal in Baldwin,"24/7 24/7 emergency water removal in Baldwin, PA. IICRC-certified, insurance billing accepted. Call (412) 304-9284.",24/7 emergency water removal baldwin,emergency water removal|emergency water damage|24 hour water damage restoration|emergency flood service|emergency water extraction,local_emergency,,,900,hero|og|inline-1|inline-2,service|local-business|faq|breadcrumb-list,/services/emergency-water-removal/|/service-areas/baldwin-pa/|/service-areas/baldwin-pa/fire-damage-restoration/|/service-areas/baldwin-pa/mold-remediation/|/service-areas/allison-park-pa/emergency-water-removal/|/service-areas/bethel-park-pa/emergency-water-removal/|/contact/,6.30,planned
/service-areas/baldwin-pa/flood-damage-restoration/,service-area-service,"Flood Damage Restoration in Baldwin, PA | Katofsky Construction LLC",Flood Damage Restoration in Baldwin,"24/7 flood damage restoration in Baldwin, PA. IICRC-certified, insurance billing accepted. Call (412) 304-9284.",flood damage restoration baldwin,flood cleanup|flood restoration|post-flood restoration|residential flood damage|flood damage repair,local_emergency,,,900,hero|og|inline-1|inline-2,service|local-business|faq|breadcrumb-list,/services/flood-damage-restoration/|/service-areas/baldwin-pa/|/service-areas/baldwin-pa/fire-damage-restoration/|/service-areas/baldwin-pa/mold-remediation/|/service-areas/allison-park-pa/flood-damage-restoration/|/service-areas/bethel-park-pa/flood-damage-restoration/|/contact/,6.30,planned
/service-areas/baldwin-pa/reconstruction/,service-area-service,"Reconstruction Services in Baldwin, PA | Katofsky Construction LLC",Reconstruction Services in Baldwin,"24/7 reconstruction services in Baldwin, PA. IICRC-certified, insurance billing accepted. Call (412) 304-9284.",reconstruction services baldwin,post-damage reconstruction|rebuild services|structural reconstruction|post-disaster rebuilding|fire damage reconstruction,local_commercial,,,900,hero|og|inline-1|inline-2,service|local-business|faq|breadcrumb-list,/services/reconstruction/|/service-areas/baldwin-pa/|/service-areas/baldwin-pa/fire-damage-restoration/|/service-areas/baldwin-pa/mold-remediation/|/service-areas/allison-park-pa/reconstruction/|/service-areas/bethel-park-pa/reconstruction/|/contact/,6.30,planned
/service-areas/baldwin-pa/sewage-cleanup/,service-area-service,"Sewage Cleanup and Sanitization in Baldwin, PA | Katofsky Construction LLC",Sewage Cleanup and Sanitization in Baldwin,"24/7 sewage cleanup and sanitization in Baldwin, PA. IICRC-certified, insurance billing accepted. Call (412) 304-9284.",sewage cleanup and sanitization baldwin,sewage backup cleanup|raw sewage removal|septic overflow cleanup|sewer line backup|sanitization services,local_emergency,,,900,hero|og|inline-1|inline-2,service|local-business|faq|breadcrumb-list,/services/sewage-cleanup/|/service-areas/baldwin-pa/|/service-areas/baldwin-pa/fire-damage-restoration/|/service-areas/baldwin-pa/mold-remediation/|/service-areas/allison-park-pa/sewage-cleanup/|/service-areas/bethel-park-pa/sewage-cleanup/|/contact/,6.30,planned
/service-areas/baldwin-pa/smoke-damage-restoration/,service-area-service,"Smoke Damage Restoration in Baldwin, PA | Katofsky Construction LLC",Smoke Damage Restoration in Baldwin,"24/7 smoke damage restoration in Baldwin, PA. IICRC-certified, insurance billing accepted. Call (412) 304-9284.",smoke damage restoration baldwin,smoke residue cleanup|smoke damage repair|post-fire smoke cleanup|smoke damage restoration services|wildfire smoke cleanup,local_emergency,,,900,hero|og|inline-1|inline-2,service|local-business|faq|breadcrumb-list,/services/smoke-damage-restoration/|/service-areas/baldwin-pa/|/service-areas/baldwin-pa/fire-damage-restoration/|/service-areas/baldwin-pa/mold-remediation/|/service-areas/allison-park-pa/smoke-damage-restoration/|/service-areas/bethel-park-pa/smoke-damage-restoration/|/contact/,6.30,planned
/service-areas/baldwin-pa/storm-damage-restoration/,service-area-service,"Storm Damage Restoration in Baldwin, PA | Katofsky Construction LLC",Storm Damage Restoration in Baldwin,"24/7 storm damage restoration in Baldwin, PA. IICRC-certified, insurance billing accepted. Call (412) 304-9284.",storm damage restoration baldwin,hurricane damage cleanup|tornado damage cleanup|tree damage cleanup|storm cleanup services|severe weather damage repair,local_emergency,,,900,hero|og|inline-1|inline-2,service|local-business|faq|breadcrumb-list,/services/storm-damage-restoration/|/service-areas/baldwin-pa/|/service-areas/baldwin-pa/fire-damage-restoration/|/service-areas/baldwin-pa/mold-remediation/|/service-areas/allison-park-pa/storm-damage-restoration/|/service-areas/bethel-park-pa/storm-damage-restoration/|/contact/,6.30,planned
/service-areas/baldwin-pa/water-cleanup/,service-area-service,"Emergency Water Cleanup in Baldwin, PA | Katofsky Construction LLC",Emergency Water Cleanup in Baldwin,"24/7 emergency water cleanup in Baldwin, PA. IICRC-certified, insurance billing accepted. Call (412) 304-9284.",emergency water cleanup baldwin,water cleanup|water damage cleanup|water clean up|emergency water cleanup|flood water cleanup|standing water removal,local_emergency,,,900,hero|og|inline-1|inline-2,service|local-business|faq|breadcrumb-list,/services/water-cleanup/|/service-areas/baldwin-pa/|/service-areas/baldwin-pa/fire-damage-restoration/|/service-areas/baldwin-pa/mold-remediation/|/service-areas/allison-park-pa/water-cleanup/|/service-areas/bethel-park-pa/water-cleanup/|/contact/,6.30,planned
/service-areas/bethel-park-pa/commercial-restoration/,service-area-service,"Commercial Restoration in Bethel Park, PA | Katofsky Construction LLC",Commercial Restoration in Bethel Park,"24/7 commercial restoration in Bethel Park, PA. IICRC-certified, insurance billing accepted. Call (412) 304-9284.",commercial restoration bethel park,commercial water damage|commercial fire damage|business restoration|office restoration|retail restoration,local_b2b,,,900,hero|og|inline-1|inline-2,service|local-business|faq|breadcrumb-list,/services/commercial-restoration/|/service-areas/bethel-park-pa/|/service-areas/bethel-park-pa/fire-damage-restoration/|/service-areas/bethel-park-pa/mold-remediation/|/service-areas/allison-park-pa/commercial-restoration/|/service-areas/baldwin-pa/commercial-restoration/|/contact/,6.30,planned
/service-areas/bethel-park-pa/emergency-plumbing/,service-area-service,"Emergency Plumbing in Bethel Park, PA | Katofsky Construction LLC",Emergency Plumbing in Bethel Park,"24/7 emergency plumbing in Bethel Park, PA. IICRC-certified, insurance billing accepted. Call (412) 304-9284.",emergency plumbing bethel park,emergency plumber|24 hour plumber|burst pipe plumber|emergency plumbing repair|24/7 plumbing,local_emergency,,,900,hero|og|inline-1|inline-2,service|local-business|faq|breadcrumb-list,/services/emergency-plumbing/|/service-areas/bethel-park-pa/|/service-areas/bethel-park-pa/fire-damage-restoration/|/service-areas/bethel-park-pa/mold-remediation/|/service-areas/allison-park-pa/emergency-plumbing/|/service-areas/baldwin-pa/emergency-plumbing/|/contact/,6.30,planned
/service-areas/bethel-park-pa/emergency-water-removal/,service-area-service,"24/7 Emergency Water Removal in Bethel Park, PA | Katofsky Construction LLC",24/7 Emergency Water Removal in Bethel Park,"24/7 24/7 emergency water removal in Bethel Park, PA. IICRC-certified, insurance billing accepted. Call (412) 304-9284.",24/7 emergency water removal bethel park,emergency water removal|emergency water damage|24 hour water damage restoration|emergency flood service|emergency water extraction,local_emergency,,,900,hero|og|inline-1|inline-2,service|local-business|faq|breadcrumb-list,/services/emergency-water-removal/|/service-areas/bethel-park-pa/|/service-areas/bethel-park-pa/fire-damage-restoration/|/service-areas/bethel-park-pa/mold-remediation/|/service-areas/allison-park-pa/emergency-water-removal/|/service-areas/baldwin-pa/emergency-water-removal/|/contact/,6.30,planned
/service-areas/bethel-park-pa/flood-damage-restoration/,service-area-service,"Flood Damage Restoration in Bethel Park, PA | Katofsky Construction LLC",Flood Damage Restoration in Bethel Park,"24/7 flood damage restoration in Bethel Park, PA. IICRC-certified, insurance billing accepted. Call (412) 304-9284.",flood damage restoration bethel park,flood cleanup|flood restoration|post-flood restoration|residential flood damage|flood damage repair,local_emergency,,,900,hero|og|inline-1|inline-2,service|local-business|faq|breadcrumb-list,/services/flood-damage-restoration/|/service-areas/bethel-park-pa/|/service-areas/bethel-park-pa/fire-damage-restoration/|/service-areas/bethel-park-pa/mold-remediation/|/service-areas/allison-park-pa/flood-damage-restoration/|/service-areas/baldwin-pa/flood-damage-restoration/|/contact/,6.30,planned
/service-areas/bethel-park-pa/reconstruction/,service-area-service,"Reconstruction Services in Bethel Park, PA | Katofsky Construction LLC",Reconstruction Services in Bethel Park,"24/7 reconstruction services in Bethel Park, PA. IICRC-certified, insurance billing accepted. Call (412) 304-9284.",reconstruction services bethel park,post-damage reconstruction|rebuild services|structural reconstruction|post-disaster rebuilding|fire damage reconstruction,local_commercial,,,900,hero|og|inline-1|inline-2,service|local-business|faq|breadcrumb-list,/services/reconstruction/|/service-areas/bethel-park-pa/|/service-areas/bethel-park-pa/fire-damage-restoration/|/service-areas/bethel-park-pa/mold-remediation/|/service-areas/allison-park-pa/reconstruction/|/service-areas/baldwin-pa/reconstruction/|/contact/,6.30,planned
/service-areas/bethel-park-pa/sewage-cleanup/,service-area-service,"Sewage Cleanup and Sanitization in Bethel Park, PA | Katofsky Construction LLC",Sewage Cleanup and Sanitization in Bethel Park,"24/7 sewage cleanup and sanitization in Bethel Park, PA. IICRC-certified, insurance billing accepted. Call (412) 304-9284.",sewage cleanup and sanitization bethel park,sewage backup cleanup|raw sewage removal|septic overflow cleanup|sewer line backup|sanitization services,local_emergency,,,900,hero|og|inline-1|inline-2,service|local-business|faq|breadcrumb-list,/services/sewage-cleanup/|/service-areas/bethel-park-pa/|/service-areas/bethel-park-pa/fire-damage-restoration/|/service-areas/bethel-park-pa/mold-remediation/|/service-areas/allison-park-pa/sewage-cleanup/|/service-areas/baldwin-pa/sewage-cleanup/|/contact/,6.30,planned
/service-areas/bethel-park-pa/smoke-damage-restoration/,service-area-service,"Smoke Damage Restoration in Bethel Park, PA | Katofsky Construction LLC",Smoke Damage Restoration in Bethel Park,"24/7 smoke damage restoration in Bethel Park, PA. IICRC-certified, insurance billing accepted. Call (412) 304-9284.",smoke damage restoration bethel park,smoke residue cleanup|smoke damage repair|post-fire smoke cleanup|smoke damage restoration services|wildfire smoke cleanup,local_emergency,,,900,hero|og|inline-1|inline-2,service|local-business|faq|breadcrumb-list,/services/smoke-damage-restoration/|/service-areas/bethel-park-pa/|/service-areas/bethel-park-pa/fire-damage-restoration/|/service-areas/bethel-park-pa/mold-remediation/|/service-areas/allison-park-pa/smoke-damage-restoration/|/service-areas/baldwin-pa/smoke-damage-restoration/|/contact/,6.30,planned
/service-areas/bethel-park-pa/storm-damage-restoration/,service-area-service,"Storm Damage Restoration in Bethel Park, PA | Katofsky Construction LLC",Storm Damage Restoration in Bethel Park,"24/7 storm damage restoration in Bethel Park, PA. IICRC-certified, insurance billing accepted. Call (412) 304-9284.",storm damage restoration bethel park,hurricane damage cleanup|tornado damage cleanup|tree damage cleanup|storm cleanup services|severe weather damage repair,local_emergency,,,900,hero|og|inline-1|inline-2,service|local-business|faq|breadcrumb-list,/services/storm-damage-restoration/|/service-areas/bethel-park-pa/|/service-areas/bethel-park-pa/fire-damage-restoration/|/service-areas/bethel-park-pa/mold-remediation/|/service-areas/allison-park-pa/storm-damage-restoration/|/service-areas/baldwin-pa/storm-damage-restoration/|/contact/,6.30,planned
/service-areas/bethel-park-pa/water-cleanup/,service-area-service,"Emergency Water Cleanup in Bethel Park, PA | Katofsky Construction LLC",Emergency Water Cleanup in Bethel Park,"24/7 emergency water cleanup in Bethel Park, PA. IICRC-certified, insurance billing accepted. Call (412) 304-9284.",emergency water cleanup bethel park,water cleanup|water damage cleanup|water clean up|emergency water cleanup|flood water cleanup|standing water removal,local_emergency,,,900,hero|og|inline-1|inline-2,service|local-business|faq|breadcrumb-list,/services/water-cleanup/|/service-areas/bethel-park-pa/|/service-areas/bethel-park-pa/fire-damage-restoration/|/service-areas/bethel-park-pa/mold-remediation/|/service-areas/allison-park-pa/water-cleanup/|/service-areas/baldwin-pa/water-cleanup/|/contact/,6.30,planned
/service-areas/carnegie-pa/commercial-restoration/,service-area-service,"Commercial Restoration in Carnegie, PA | Katofsky Construction LLC",Commercial Restoration in Carnegie,"24/7 commercial restoration in Carnegie, PA. IICRC-certified, insurance billing accepted. Call (412) 304-9284.",commercial restoration carnegie,commercial water damage|commercial fire damage|business restoration|office restoration|retail restoration,local_b2b,,,900,hero|og|inline-1|inline-2,service|local-business|faq|breadcrumb-list,/services/commercial-restoration/|/service-areas/carnegie-pa/|/service-areas/carnegie-pa/fire-damage-restoration/|/service-areas/carnegie-pa/mold-remediation/|/service-areas/allison-park-pa/commercial-restoration/|/service-areas/baldwin-pa/commercial-restoration/|/contact/,6.30,planned
/service-areas/carnegie-pa/emergency-plumbing/,service-area-service,"Emergency Plumbing in Carnegie, PA | Katofsky Construction LLC",Emergency Plumbing in Carnegie,"24/7 emergency plumbing in Carnegie, PA. IICRC-certified, insurance billing accepted. Call (412) 304-9284.",emergency plumbing carnegie,emergency plumber|24 hour plumber|burst pipe plumber|emergency plumbing repair|24/7 plumbing,local_emergency,,,900,hero|og|inline-1|inline-2,service|local-business|faq|breadcrumb-list,/services/emergency-plumbing/|/service-areas/carnegie-pa/|/service-areas/carnegie-pa/fire-damage-restoration/|/service-areas/carnegie-pa/mold-remediation/|/service-areas/allison-park-pa/emergency-plumbing/|/service-areas/baldwin-pa/emergency-plumbing/|/contact/,6.30,planned
/service-areas/carnegie-pa/emergency-water-removal/,service-area-service,"24/7 Emergency Water Removal in Carnegie, PA | Katofsky Construction LLC",24/7 Emergency Water Removal in Carnegie,"24/7 24/7 emergency water removal in Carnegie, PA. IICRC-certified, insurance billing accepted. Call (412) 304-9284.",24/7 emergency water removal carnegie,emergency water removal|emergency water damage|24 hour water damage restoration|emergency flood service|emergency water extraction,local_emergency,,,900,hero|og|inline-1|inline-2,service|local-business|faq|breadcrumb-list,/services/emergency-water-removal/|/service-areas/carnegie-pa/|/service-areas/carnegie-pa/fire-damage-restoration/|/service-areas/carnegie-pa/mold-remediation/|/service-areas/allison-park-pa/emergency-water-removal/|/service-areas/baldwin-pa/emergency-water-removal/|/contact/,6.30,planned
/service-areas/carnegie-pa/flood-damage-restoration/,service-area-service,"Flood Damage Restoration in Carnegie, PA | Katofsky Construction LLC",Flood Damage Restoration in Carnegie,"24/7 flood damage restoration in Carnegie, PA. IICRC-certified, insurance billing accepted. Call (412) 304-9284.",flood damage restoration carnegie,flood cleanup|flood restoration|post-flood restoration|residential flood damage|flood damage repair,local_emergency,,,900,hero|og|inline-1|inline-2,service|local-business|faq|breadcrumb-list,/services/flood-damage-restoration/|/service-areas/carnegie-pa/|/service-areas/carnegie-pa/fire-damage-restoration/|/service-areas/carnegie-pa/mold-remediation/|/service-areas/allison-park-pa/flood-damage-restoration/|/service-areas/baldwin-pa/flood-damage-restoration/|/contact/,6.30,planned
/service-areas/carnegie-pa/reconstruction/,service-area-service,"Reconstruction Services in Carnegie, PA | Katofsky Construction LLC",Reconstruction Services in Carnegie,"24/7 reconstruction services in Carnegie, PA. IICRC-certified, insurance billing accepted. Call (412) 304-9284.",reconstruction services carnegie,post-damage reconstruction|rebuild services|structural reconstruction|post-disaster rebuilding|fire damage reconstruction,local_commercial,,,900,hero|og|inline-1|inline-2,service|local-business|faq|breadcrumb-list,/services/reconstruction/|/service-areas/carnegie-pa/|/service-areas/carnegie-pa/fire-damage-restoration/|/service-areas/carnegie-pa/mold-remediation/|/service-areas/allison-park-pa/reconstruction/|/service-areas/baldwin-pa/reconstruction/|/contact/,6.30,planned
/service-areas/carnegie-pa/sewage-cleanup/,service-area-service,"Sewage Cleanup and Sanitization in Carnegie, PA | Katofsky Construction LLC",Sewage Cleanup and Sanitization in Carnegie,"24/7 sewage cleanup and sanitization in Carnegie, PA. IICRC-certified, insurance billing accepted. Call (412) 304-9284.",sewage cleanup and sanitization carnegie,sewage backup cleanup|raw sewage removal|septic overflow cleanup|sewer line backup|sanitization services,local_emergency,,,900,hero|og|inline-1|inline-2,service|local-business|faq|breadcrumb-list,/services/sewage-cleanup/|/service-areas/carnegie-pa/|/service-areas/carnegie-pa/fire-damage-restoration/|/service-areas/carnegie-pa/mold-remediation/|/service-areas/allison-park-pa/sewage-cleanup/|/service-areas/baldwin-pa/sewage-cleanup/|/contact/,6.30,planned
/service-areas/carnegie-pa/smoke-damage-restoration/,service-area-service,"Smoke Damage Restoration in Carnegie, PA | Katofsky Construction LLC",Smoke Damage Restoration in Carnegie,"24/7 smoke damage restoration in Carnegie, PA. IICRC-certified, insurance billing accepted. Call (412) 304-9284.",smoke damage restoration carnegie,smoke residue cleanup|smoke damage repair|post-fire smoke cleanup|smoke damage restoration services|wildfire smoke cleanup,local_emergency,,,900,hero|og|inline-1|inline-2,service|local-business|faq|breadcrumb-list,/services/smoke-damage-restoration/|/service-areas/carnegie-pa/|/service-areas/carnegie-pa/fire-damage-restoration/|/service-areas/carnegie-pa/mold-remediation/|/service-areas/allison-park-pa/smoke-damage-restoration/|/service-areas/baldwin-pa/smoke-damage-restoration/|/contact/,6.30,planned
/service-areas/carnegie-pa/storm-damage-restoration/,service-area-service,"Storm Damage Restoration in Carnegie, PA | Katofsky Construction LLC",Storm Damage Restoration in Carnegie,"24/7 storm damage restoration in Carnegie, PA. IICRC-certified, insurance billing accepted. Call (412) 304-9284.",storm damage restoration carnegie,hurricane damage cleanup|tornado damage cleanup|tree damage cleanup|storm cleanup services|severe weather damage repair,local_emergency,,,900,hero|og|inline-1|inline-2,service|local-business|faq|breadcrumb-list,/services/storm-damage-restoration/|/service-areas/carnegie-pa/|/service-areas/carnegie-pa/fire-damage-restoration/|/service-areas/carnegie-pa/mold-remediation/|/service-areas/allison-park-pa/storm-damage-restoration/|/service-areas/baldwin-pa/storm-damage-restoration/|/contact/,6.30,planned
/service-areas/carnegie-pa/water-cleanup/,service-area-service,"Emergency Water Cleanup in Carnegie, PA | Katofsky Construction LLC",Emergency Water Cleanup in Carnegie,"24/7 emergency water cleanup in Carnegie, PA. IICRC-certified, insurance billing accepted. Call (412) 304-9284.",emergency water cleanup carnegie,water cleanup|water damage cleanup|water clean up|emergency water cleanup|flood water cleanup|standing water removal,local_emergency,,,900,hero|og|inline-1|inline-2,service|local-business|faq|breadcrumb-list,/services/water-cleanup/|/service-areas/carnegie-pa/|/service-areas/carnegie-pa/fire-damage-restoration/|/service-areas/carnegie-pa/mold-remediation/|/service-areas/allison-park-pa/water-cleanup/|/service-areas/baldwin-pa/water-cleanup/|/contact/,6.30,planned
/service-areas/castle-shannon-pa/commercial-restoration/,service-area-service,"Commercial Restoration in Castle Shannon, PA | Katofsky Construction LLC",Commercial Restoration in Castle Shannon,"24/7 commercial restoration in Castle Shannon, PA. IICRC-certified, insurance billing accepted. Call (412) 304-9284.",commercial restoration castle shannon,commercial water damage|commercial fire damage|business restoration|office restoration|retail restoration,local_b2b,,,900,hero|og|inline-1|inline-2,service|local-business|faq|breadcrumb-list,/services/commercial-restoration/|/service-areas/castle-shannon-pa/|/service-areas/castle-shannon-pa/fire-damage-restoration/|/service-areas/castle-shannon-pa/mold-remediation/|/service-areas/allison-park-pa/commercial-restoration/|/service-areas/baldwin-pa/commercial-restoration/|/contact/,6.30,planned
/service-areas/castle-shannon-pa/emergency-plumbing/,service-area-service,"Emergency Plumbing in Castle Shannon, PA | Katofsky Construction LLC",Emergency Plumbing in Castle Shannon,"24/7 emergency plumbing in Castle Shannon, PA. IICRC-certified, insurance billing accepted. Call (412) 304-9284.",emergency plumbing castle shannon,emergency plumber|24 hour plumber|burst pipe plumber|emergency plumbing repair|24/7 plumbing,local_emergency,,,900,hero|og|inline-1|inline-2,service|local-business|faq|breadcrumb-list,/services/emergency-plumbing/|/service-areas/castle-shannon-pa/|/service-areas/castle-shannon-pa/fire-damage-restoration/|/service-areas/castle-shannon-pa/mold-remediation/|/service-areas/allison-park-pa/emergency-plumbing/|/service-areas/baldwin-pa/emergency-plumbing/|/contact/,6.30,planned
/service-areas/castle-shannon-pa/emergency-water-removal/,service-area-service,"24/7 Emergency Water Removal in Castle Shannon, PA | Katofsky Construction LLC",24/7 Emergency Water Removal in Castle Shannon,"24/7 24/7 emergency water removal in Castle Shannon, PA. IICRC-certified, insurance billing accepted. Call (412) 304-9284.",24/7 emergency water removal castle shannon,emergency water removal|emergency water damage|24 hour water damage restoration|emergency flood service|emergency water extraction,local_emergency,,,900,hero|og|inline-1|inline-2,service|local-business|faq|breadcrumb-list,/services/emergency-water-removal/|/service-areas/castle-shannon-pa/|/service-areas/castle-shannon-pa/fire-damage-restoration/|/service-areas/castle-shannon-pa/mold-remediation/|/service-areas/allison-park-pa/emergency-water-removal/|/service-areas/baldwin-pa/emergency-water-removal/|/contact/,6.30,planned
/service-areas/castle-shannon-pa/flood-damage-restoration/,service-area-service,"Flood Damage Restoration in Castle Shannon, PA | Katofsky Construction LLC",Flood Damage Restoration in Castle Shannon,"24/7 flood damage restoration in Castle Shannon, PA. IICRC-certified, insurance billing accepted. Call (412) 304-9284.",flood damage restoration castle shannon,flood cleanup|flood restoration|post-flood restoration|residential flood damage|flood damage repair,local_emergency,,,900,hero|og|inline-1|inline-2,service|local-business|faq|breadcrumb-list,/services/flood-damage-restoration/|/service-areas/castle-shannon-pa/|/service-areas/castle-shannon-pa/fire-damage-restoration/|/service-areas/castle-shannon-pa/mold-remediation/|/service-areas/allison-park-pa/flood-damage-restoration/|/service-areas/baldwin-pa/flood-damage-restoration/|/contact/,6.30,planned
/service-areas/castle-shannon-pa/reconstruction/,service-area-service,"Reconstruction Services in Castle Shannon, PA | Katofsky Construction LLC",Reconstruction Services in Castle Shannon,"24/7 reconstruction services in Castle Shannon, PA. IICRC-certified, insurance billing accepted. Call (412) 304-9284.",reconstruction services castle shannon,post-damage reconstruction|rebuild services|structural reconstruction|post-disaster rebuilding|fire damage reconstruction,local_commercial,,,900,hero|og|inline-1|inline-2,service|local-business|faq|breadcrumb-list,/services/reconstruction/|/service-areas/castle-shannon-pa/|/service-areas/castle-shannon-pa/fire-damage-restoration/|/service-areas/castle-shannon-pa/mold-remediation/|/service-areas/allison-park-pa/reconstruction/|/service-areas/baldwin-pa/reconstruction/|/contact/,6.30,planned
/service-areas/castle-shannon-pa/sewage-cleanup/,service-area-service,"Sewage Cleanup and Sanitization in Castle Shannon, PA | Katofsky Construction LLC",Sewage Cleanup and Sanitization in Castle Shannon,"24/7 sewage cleanup and sanitization in Castle Shannon, PA. IICRC-certified, insurance billing accepted. Call (412) 304-9284.",sewage cleanup and sanitization castle shannon,sewage backup cleanup|raw sewage removal|septic overflow cleanup|sewer line backup|sanitization services,local_emergency,,,900,hero|og|inline-1|inline-2,service|local-business|faq|breadcrumb-list,/services/sewage-cleanup/|/service-areas/castle-shannon-pa/|/service-areas/castle-shannon-pa/fire-damage-restoration/|/service-areas/castle-shannon-pa/mold-remediation/|/service-areas/allison-park-pa/sewage-cleanup/|/service-areas/baldwin-pa/sewage-cleanup/|/contact/,6.30,planned
/service-areas/castle-shannon-pa/smoke-damage-restoration/,service-area-service,"Smoke Damage Restoration in Castle Shannon, PA | Katofsky Construction LLC",Smoke Damage Restoration in Castle Shannon,"24/7 smoke damage restoration in Castle Shannon, PA. IICRC-certified, insurance billing accepted. Call (412) 304-9284.",smoke damage restoration castle shannon,smoke residue cleanup|smoke damage repair|post-fire smoke cleanup|smoke damage restoration services|wildfire smoke cleanup,local_emergency,,,900,hero|og|inline-1|inline-2,service|local-business|faq|breadcrumb-list,/services/smoke-damage-restoration/|/service-areas/castle-shannon-pa/|/service-areas/castle-shannon-pa/fire-damage-restoration/|/service-areas/castle-shannon-pa/mold-remediation/|/service-areas/allison-park-pa/smoke-damage-restoration/|/service-areas/baldwin-pa/smoke-damage-restoration/|/contact/,6.30,planned
/service-areas/castle-shannon-pa/storm-damage-restoration/,service-area-service,"Storm Damage Restoration in Castle Shannon, PA | Katofsky Construction LLC",Storm Damage Restoration in Castle Shannon,"24/7 storm damage restoration in Castle Shannon, PA. IICRC-certified, insurance billing accepted. Call (412) 304-9284.",storm damage restoration castle shannon,hurricane damage cleanup|tornado damage cleanup|tree damage cleanup|storm cleanup services|severe weather damage repair,local_emergency,,,900,hero|og|inline-1|inline-2,service|local-business|faq|breadcrumb-list,/services/storm-damage-restoration/|/service-areas/castle-shannon-pa/|/service-areas/castle-shannon-pa/fire-damage-restoration/|/service-areas/castle-shannon-pa/mold-remediation/|/service-areas/allison-park-pa/storm-damage-restoration/|/service-areas/baldwin-pa/storm-damage-restoration/|/contact/,6.30,planned
/service-areas/castle-shannon-pa/water-cleanup/,service-area-service,"Emergency Water Cleanup in Castle Shannon, PA | Katofsky Construction LLC",Emergency Water Cleanup in Castle Shannon,"24/7 emergency water cleanup in Castle Shannon, PA. IICRC-certified, insurance billing accepted. Call (412) 304-9284.",emergency water cleanup castle shannon,water cleanup|water damage cleanup|water clean up|emergency water cleanup|flood water cleanup|standing water removal,local_emergency,,,900,hero|og|inline-1|inline-2,service|local-business|faq|breadcrumb-list,/services/water-cleanup/|/service-areas/castle-shannon-pa/|/service-areas/castle-shannon-pa/fire-damage-restoration/|/service-areas/castle-shannon-pa/mold-remediation/|/service-areas/allison-park-pa/water-cleanup/|/service-areas/baldwin-pa/water-cleanup/|/contact/,6.30,planned
/service-areas/churchill-pa/commercial-restoration/,service-area-service,"Commercial Restoration in Churchill, PA | Katofsky Construction LLC",Commercial Restoration in Churchill,"24/7 commercial restoration in Churchill, PA. IICRC-certified, insurance billing accepted. Call (412) 304-9284.",commercial restoration churchill,commercial water damage|commercial fire damage|business restoration|office restoration|retail restoration,local_b2b,,,900,hero|og|inline-1|inline-2,service|local-business|faq|breadcrumb-list,/services/commercial-restoration/|/service-areas/churchill-pa/|/service-areas/churchill-pa/fire-damage-restoration/|/service-areas/churchill-pa/mold-remediation/|/service-areas/allison-park-pa/commercial-restoration/|/service-areas/baldwin-pa/commercial-restoration/|/contact/,6.30,planned
/service-areas/churchill-pa/emergency-plumbing/,service-area-service,"Emergency Plumbing in Churchill, PA | Katofsky Construction LLC",Emergency Plumbing in Churchill,"24/7 emergency plumbing in Churchill, PA. IICRC-certified, insurance billing accepted. Call (412) 304-9284.",emergency plumbing churchill,emergency plumber|24 hour plumber|burst pipe plumber|emergency plumbing repair|24/7 plumbing,local_emergency,,,900,hero|og|inline-1|inline-2,service|local-business|faq|breadcrumb-list,/services/emergency-plumbing/|/service-areas/churchill-pa/|/service-areas/churchill-pa/fire-damage-restoration/|/service-areas/churchill-pa/mold-remediation/|/service-areas/allison-park-pa/emergency-plumbing/|/service-areas/baldwin-pa/emergency-plumbing/|/contact/,6.30,planned
/service-areas/churchill-pa/emergency-water-removal/,service-area-service,"24/7 Emergency Water Removal in Churchill, PA | Katofsky Construction LLC",24/7 Emergency Water Removal in Churchill,"24/7 24/7 emergency water removal in Churchill, PA. IICRC-certified, insurance billing accepted. Call (412) 304-9284.",24/7 emergency water removal churchill,emergency water removal|emergency water damage|24 hour water damage restoration|emergency flood service|emergency water extraction,local_emergency,,,900,hero|og|inline-1|inline-2,service|local-business|faq|breadcrumb-list,/services/emergency-water-removal/|/service-areas/churchill-pa/|/service-areas/churchill-pa/fire-damage-restoration/|/service-areas/churchill-pa/mold-remediation/|/service-areas/allison-park-pa/emergency-water-removal/|/service-areas/baldwin-pa/emergency-water-removal/|/contact/,6.30,planned
/service-areas/churchill-pa/flood-damage-restoration/,service-area-service,"Flood Damage Restoration in Churchill, PA | Katofsky Construction LLC",Flood Damage Restoration in Churchill,"24/7 flood damage restoration in Churchill, PA. IICRC-certified, insurance billing accepted. Call (412) 304-9284.",flood damage restoration churchill,flood cleanup|flood restoration|post-flood restoration|residential flood damage|flood damage repair,local_emergency,,,900,hero|og|inline-1|inline-2,service|local-business|faq|breadcrumb-list,/services/flood-damage-restoration/|/service-areas/churchill-pa/|/service-areas/churchill-pa/fire-damage-restoration/|/service-areas/churchill-pa/mold-remediation/|/service-areas/allison-park-pa/flood-damage-restoration/|/service-areas/baldwin-pa/flood-damage-restoration/|/contact/,6.30,planned
/service-areas/churchill-pa/reconstruction/,service-area-service,"Reconstruction Services in Churchill, PA | Katofsky Construction LLC",Reconstruction Services in Churchill,"24/7 reconstruction services in Churchill, PA. IICRC-certified, insurance billing accepted. Call (412) 304-9284.",reconstruction services churchill,post-damage reconstruction|rebuild services|structural reconstruction|post-disaster rebuilding|fire damage reconstruction,local_commercial,,,900,hero|og|inline-1|inline-2,service|local-business|faq|breadcrumb-list,/services/reconstruction/|/service-areas/churchill-pa/|/service-areas/churchill-pa/fire-damage-restoration/|/service-areas/churchill-pa/mold-remediation/|/service-areas/allison-park-pa/reconstruction/|/service-areas/baldwin-pa/reconstruction/|/contact/,6.30,planned
/service-areas/churchill-pa/sewage-cleanup/,service-area-service,"Sewage Cleanup and Sanitization in Churchill, PA | Katofsky Construction LLC",Sewage Cleanup and Sanitization in Churchill,"24/7 sewage cleanup and sanitization in Churchill, PA. IICRC-certified, insurance billing accepted. Call (412) 304-9284.",sewage cleanup and sanitization churchill,sewage backup cleanup|raw sewage removal|septic overflow cleanup|sewer line backup|sanitization services,local_emergency,,,900,hero|og|inline-1|inline-2,service|local-business|faq|breadcrumb-list,/services/sewage-cleanup/|/service-areas/churchill-pa/|/service-areas/churchill-pa/fire-damage-restoration/|/service-areas/churchill-pa/mold-remediation/|/service-areas/allison-park-pa/sewage-cleanup/|/service-areas/baldwin-pa/sewage-cleanup/|/contact/,6.30,planned
/service-areas/churchill-pa/smoke-damage-restoration/,service-area-service,"Smoke Damage Restoration in Churchill, PA | Katofsky Construction LLC",Smoke Damage Restoration in Churchill,"24/7 smoke damage restoration in Churchill, PA. IICRC-certified, insurance billing accepted. Call (412) 304-9284.",smoke damage restoration churchill,smoke residue cleanup|smoke damage repair|post-fire smoke cleanup|smoke damage restoration services|wildfire smoke cleanup,local_emergency,,,900,hero|og|inline-1|inline-2,service|local-business|faq|breadcrumb-list,/services/smoke-damage-restoration/|/service-areas/churchill-pa/|/service-areas/churchill-pa/fire-damage-restoration/|/service-areas/churchill-pa/mold-remediation/|/service-areas/allison-park-pa/smoke-damage-restoration/|/service-areas/baldwin-pa/smoke-damage-restoration/|/contact/,6.30,planned
/service-areas/churchill-pa/storm-damage-restoration/,service-area-service,"Storm Damage Restoration in Churchill, PA | Katofsky Construction LLC",Storm Damage Restoration in Churchill,"24/7 storm damage restoration in Churchill, PA. IICRC-certified, insurance billing accepted. Call (412) 304-9284.",storm damage restoration churchill,hurricane damage cleanup|tornado damage cleanup|tree damage cleanup|storm cleanup services|severe weather damage repair,local_emergency,,,900,hero|og|inline-1|inline-2,service|local-business|faq|breadcrumb-list,/services/storm-damage-restoration/|/service-areas/churchill-pa/|/service-areas/churchill-pa/fire-damage-restoration/|/service-areas/churchill-pa/mold-remediation/|/service-areas/allison-park-pa/storm-damage-restoration/|/service-areas/baldwin-pa/storm-damage-restoration/|/contact/,6.30,planned
/service-areas/churchill-pa/water-cleanup/,service-area-service,"Emergency Water Cleanup in Churchill, PA | Katofsky Construction LLC",Emergency Water Cleanup in Churchill,"24/7 emergency water cleanup in Churchill, PA. IICRC-certified, insurance billing accepted. Call (412) 304-9284.",emergency water cleanup churchill,water cleanup|water damage cleanup|water clean up|emergency water cleanup|flood water cleanup|standing water removal,local_emergency,,,900,hero|og|inline-1|inline-2,service|local-business|faq|breadcrumb-list,/services/water-cleanup/|/service-areas/churchill-pa/|/service-areas/churchill-pa/fire-damage-restoration/|/service-areas/churchill-pa/mold-remediation/|/service-areas/allison-park-pa/water-cleanup/|/service-areas/baldwin-pa/water-cleanup/|/contact/,6.30,planned
/service-areas/duquesne-pa/commercial-restoration/,service-area-service,"Commercial Restoration in Duquesne, PA | Katofsky Construction LLC",Commercial Restoration in Duquesne,"24/7 commercial restoration in Duquesne, PA. IICRC-certified, insurance billing accepted. Call (412) 304-9284.",commercial restoration duquesne,commercial water damage|commercial fire damage|business restoration|office restoration|retail restoration,local_b2b,,,900,hero|og|inline-1|inline-2,service|local-business|faq|breadcrumb-list,/services/commercial-restoration/|/service-areas/duquesne-pa/|/service-areas/duquesne-pa/fire-damage-restoration/|/service-areas/duquesne-pa/mold-remediation/|/service-areas/allison-park-pa/commercial-restoration/|/service-areas/baldwin-pa/commercial-restoration/|/contact/,6.30,planned
/service-areas/duquesne-pa/emergency-plumbing/,service-area-service,"Emergency Plumbing in Duquesne, PA | Katofsky Construction LLC",Emergency Plumbing in Duquesne,"24/7 emergency plumbing in Duquesne, PA. IICRC-certified, insurance billing accepted. Call (412) 304-9284.",emergency plumbing duquesne,emergency plumber|24 hour plumber|burst pipe plumber|emergency plumbing repair|24/7 plumbing,local_emergency,,,900,hero|og|inline-1|inline-2,service|local-business|faq|breadcrumb-list,/services/emergency-plumbing/|/service-areas/duquesne-pa/|/service-areas/duquesne-pa/fire-damage-restoration/|/service-areas/duquesne-pa/mold-remediation/|/service-areas/allison-park-pa/emergency-plumbing/|/service-areas/baldwin-pa/emergency-plumbing/|/contact/,6.30,planned
/service-areas/duquesne-pa/emergency-water-removal/,service-area-service,"24/7 Emergency Water Removal in Duquesne, PA | Katofsky Construction LLC",24/7 Emergency Water Removal in Duquesne,"24/7 24/7 emergency water removal in Duquesne, PA. IICRC-certified, insurance billing accepted. Call (412) 304-9284.",24/7 emergency water removal duquesne,emergency water removal|emergency water damage|24 hour water damage restoration|emergency flood service|emergency water extraction,local_emergency,,,900,hero|og|inline-1|inline-2,service|local-business|faq|breadcrumb-list,/services/emergency-water-removal/|/service-areas/duquesne-pa/|/service-areas/duquesne-pa/fire-damage-restoration/|/service-areas/duquesne-pa/mold-remediation/|/service-areas/allison-park-pa/emergency-water-removal/|/service-areas/baldwin-pa/emergency-water-removal/|/contact/,6.30,planned
/service-areas/duquesne-pa/flood-damage-restoration/,service-area-service,"Flood Damage Restoration in Duquesne, PA | Katofsky Construction LLC",Flood Damage Restoration in Duquesne,"24/7 flood damage restoration in Duquesne, PA. IICRC-certified, insurance billing accepted. Call (412) 304-9284.",flood damage restoration duquesne,flood cleanup|flood restoration|post-flood restoration|residential flood damage|flood damage repair,local_emergency,,,900,hero|og|inline-1|inline-2,service|local-business|faq|breadcrumb-list,/services/flood-damage-restoration/|/service-areas/duquesne-pa/|/service-areas/duquesne-pa/fire-damage-restoration/|/service-areas/duquesne-pa/mold-remediation/|/service-areas/allison-park-pa/flood-damage-restoration/|/service-areas/baldwin-pa/flood-damage-restoration/|/contact/,6.30,planned
/service-areas/duquesne-pa/reconstruction/,service-area-service,"Reconstruction Services in Duquesne, PA | Katofsky Construction LLC",Reconstruction Services in Duquesne,"24/7 reconstruction services in Duquesne, PA. IICRC-certified, insurance billing accepted. Call (412) 304-9284.",reconstruction services duquesne,post-damage reconstruction|rebuild services|structural reconstruction|post-disaster rebuilding|fire damage reconstruction,local_commercial,,,900,hero|og|inline-1|inline-2,service|local-business|faq|breadcrumb-list,/services/reconstruction/|/service-areas/duquesne-pa/|/service-areas/duquesne-pa/fire-damage-restoration/|/service-areas/duquesne-pa/mold-remediation/|/service-areas/allison-park-pa/reconstruction/|/service-areas/baldwin-pa/reconstruction/|/contact/,6.30,planned
/service-areas/duquesne-pa/sewage-cleanup/,service-area-service,"Sewage Cleanup and Sanitization in Duquesne, PA | Katofsky Construction LLC",Sewage Cleanup and Sanitization in Duquesne,"24/7 sewage cleanup and sanitization in Duquesne, PA. IICRC-certified, insurance billing accepted. Call (412) 304-9284.",sewage cleanup and sanitization duquesne,sewage backup cleanup|raw sewage removal|septic overflow cleanup|sewer line backup|sanitization services,local_emergency,,,900,hero|og|inline-1|inline-2,service|local-business|faq|breadcrumb-list,/services/sewage-cleanup/|/service-areas/duquesne-pa/|/service-areas/duquesne-pa/fire-damage-restoration/|/service-areas/duquesne-pa/mold-remediation/|/service-areas/allison-park-pa/sewage-cleanup/|/service-areas/baldwin-pa/sewage-cleanup/|/contact/,6.30,planned
/service-areas/duquesne-pa/smoke-damage-restoration/,service-area-service,"Smoke Damage Restoration in Duquesne, PA | Katofsky Construction LLC",Smoke Damage Restoration in Duquesne,"24/7 smoke damage restoration in Duquesne, PA. IICRC-certified, insurance billing accepted. Call (412) 304-9284.",smoke damage restoration duquesne,smoke residue cleanup|smoke damage repair|post-fire smoke cleanup|smoke damage restoration services|wildfire smoke cleanup,local_emergency,,,900,hero|og|inline-1|inline-2,service|local-business|faq|breadcrumb-list,/services/smoke-damage-restoration/|/service-areas/duquesne-pa/|/service-areas/duquesne-pa/fire-damage-restoration/|/service-areas/duquesne-pa/mold-remediation/|/service-areas/allison-park-pa/smoke-damage-restoration/|/service-areas/baldwin-pa/smoke-damage-restoration/|/contact/,6.30,planned
/service-areas/duquesne-pa/storm-damage-restoration/,service-area-service,"Storm Damage Restoration in Duquesne, PA | Katofsky Construction LLC",Storm Damage Restoration in Duquesne,"24/7 storm damage restoration in Duquesne, PA. IICRC-certified, insurance billing accepted. Call (412) 304-9284.",storm damage restoration duquesne,hurricane damage cleanup|tornado damage cleanup|tree damage cleanup|storm cleanup services|severe weather damage repair,local_emergency,,,900,hero|og|inline-1|inline-2,service|local-business|faq|breadcrumb-list,/services/storm-damage-restoration/|/service-areas/duquesne-pa/|/service-areas/duquesne-pa/fire-damage-restoration/|/service-areas/duquesne-pa/mold-remediation/|/service-areas/allison-park-pa/storm-damage-restoration/|/service-areas/baldwin-pa/storm-damage-restoration/|/contact/,6.30,planned
/service-areas/duquesne-pa/water-cleanup/,service-area-service,"Emergency Water Cleanup in Duquesne, PA | Katofsky Construction LLC",Emergency Water Cleanup in Duquesne,"24/7 emergency water cleanup in Duquesne, PA. IICRC-certified, insurance billing accepted. Call (412) 304-9284.",emergency water cleanup duquesne,water cleanup|water damage cleanup|water clean up|emergency water cleanup|flood water cleanup|standing water removal,local_emergency,,,900,hero|og|inline-1|inline-2,service|local-business|faq|breadcrumb-list,/services/water-cleanup/|/service-areas/duquesne-pa/|/service-areas/duquesne-pa/fire-damage-restoration/|/service-areas/duquesne-pa/mold-remediation/|/service-areas/allison-park-pa/water-cleanup/|/service-areas/baldwin-pa/water-cleanup/|/contact/,6.30,planned
/service-areas/forest-hills-pa/commercial-restoration/,service-area-service,"Commercial Restoration in Forest Hills, PA | Katofsky Construction LLC",Commercial Restoration in Forest Hills,"24/7 commercial restoration in Forest Hills, PA. IICRC-certified, insurance billing accepted. Call (412) 304-9284.",commercial restoration forest hills,commercial water damage|commercial fire damage|business restoration|office restoration|retail restoration,local_b2b,,,900,hero|og|inline-1|inline-2,service|local-business|faq|breadcrumb-list,/services/commercial-restoration/|/service-areas/forest-hills-pa/|/service-areas/forest-hills-pa/fire-damage-restoration/|/service-areas/forest-hills-pa/mold-remediation/|/service-areas/allison-park-pa/commercial-restoration/|/service-areas/baldwin-pa/commercial-restoration/|/contact/,6.30,planned
/service-areas/forest-hills-pa/emergency-plumbing/,service-area-service,"Emergency Plumbing in Forest Hills, PA | Katofsky Construction LLC",Emergency Plumbing in Forest Hills,"24/7 emergency plumbing in Forest Hills, PA. IICRC-certified, insurance billing accepted. Call (412) 304-9284.",emergency plumbing forest hills,emergency plumber|24 hour plumber|burst pipe plumber|emergency plumbing repair|24/7 plumbing,local_emergency,,,900,hero|og|inline-1|inline-2,service|local-business|faq|breadcrumb-list,/services/emergency-plumbing/|/service-areas/forest-hills-pa/|/service-areas/forest-hills-pa/fire-damage-restoration/|/service-areas/forest-hills-pa/mold-remediation/|/service-areas/allison-park-pa/emergency-plumbing/|/service-areas/baldwin-pa/emergency-plumbing/|/contact/,6.30,planned
/service-areas/forest-hills-pa/emergency-water-removal/,service-area-service,"24/7 Emergency Water Removal in Forest Hills, PA | Katofsky Construction LLC",24/7 Emergency Water Removal in Forest Hills,"24/7 24/7 emergency water removal in Forest Hills, PA. IICRC-certified, insurance billing accepted. Call (412) 304-9284.",24/7 emergency water removal forest hills,emergency water removal|emergency water damage|24 hour water damage restoration|emergency flood service|emergency water extraction,local_emergency,,,900,hero|og|inline-1|inline-2,service|local-business|faq|breadcrumb-list,/services/emergency-water-removal/|/service-areas/forest-hills-pa/|/service-areas/forest-hills-pa/fire-damage-restoration/|/service-areas/forest-hills-pa/mold-remediation/|/service-areas/allison-park-pa/emergency-water-removal/|/service-areas/baldwin-pa/emergency-water-removal/|/contact/,6.30,planned
/service-areas/forest-hills-pa/flood-damage-restoration/,service-area-service,"Flood Damage Restoration in Forest Hills, PA | Katofsky Construction LLC",Flood Damage Restoration in Forest Hills,"24/7 flood damage restoration in Forest Hills, PA. IICRC-certified, insurance billing accepted. Call (412) 304-9284.",flood damage restoration forest hills,flood cleanup|flood restoration|post-flood restoration|residential flood damage|flood damage repair,local_emergency,,,900,hero|og|inline-1|inline-2,service|local-business|faq|breadcrumb-list,/services/flood-damage-restoration/|/service-areas/forest-hills-pa/|/service-areas/forest-hills-pa/fire-damage-restoration/|/service-areas/forest-hills-pa/mold-remediation/|/service-areas/allison-park-pa/flood-damage-restoration/|/service-areas/baldwin-pa/flood-damage-restoration/|/contact/,6.30,planned
/service-areas/forest-hills-pa/reconstruction/,service-area-service,"Reconstruction Services in Forest Hills, PA | Katofsky Construction LLC",Reconstruction Services in Forest Hills,"24/7 reconstruction services in Forest Hills, PA. IICRC-certified, insurance billing accepted. Call (412) 304-9284.",reconstruction services forest hills,post-damage reconstruction|rebuild services|structural reconstruction|post-disaster rebuilding|fire damage reconstruction,local_commercial,,,900,hero|og|inline-1|inline-2,service|local-business|faq|breadcrumb-list,/services/reconstruction/|/service-areas/forest-hills-pa/|/service-areas/forest-hills-pa/fire-damage-restoration/|/service-areas/forest-hills-pa/mold-remediation/|/service-areas/allison-park-pa/reconstruction/|/service-areas/baldwin-pa/reconstruction/|/contact/,6.30,planned
/service-areas/forest-hills-pa/sewage-cleanup/,service-area-service,"Sewage Cleanup and Sanitization in Forest Hills, PA | Katofsky Construction LLC",Sewage Cleanup and Sanitization in Forest Hills,"24/7 sewage cleanup and sanitization in Forest Hills, PA. IICRC-certified, insurance billing accepted. Call (412) 304-9284.",sewage cleanup and sanitization forest hills,sewage backup cleanup|raw sewage removal|septic overflow cleanup|sewer line backup|sanitization services,local_emergency,,,900,hero|og|inline-1|inline-2,service|local-business|faq|breadcrumb-list,/services/sewage-cleanup/|/service-areas/forest-hills-pa/|/service-areas/forest-hills-pa/fire-damage-restoration/|/service-areas/forest-hills-pa/mold-remediation/|/service-areas/allison-park-pa/sewage-cleanup/|/service-areas/baldwin-pa/sewage-cleanup/|/contact/,6.30,planned
/service-areas/forest-hills-pa/smoke-damage-restoration/,service-area-service,"Smoke Damage Restoration in Forest Hills, PA | Katofsky Construction LLC",Smoke Damage Restoration in Forest Hills,"24/7 smoke damage restoration in Forest Hills, PA. IICRC-certified, insurance billing accepted. Call (412) 304-9284.",smoke damage restoration forest hills,smoke residue cleanup|smoke damage repair|post-fire smoke cleanup|smoke damage restoration services|wildfire smoke cleanup,local_emergency,,,900,hero|og|inline-1|inline-2,service|local-business|faq|breadcrumb-list,/services/smoke-damage-restoration/|/service-areas/forest-hills-pa/|/service-areas/forest-hills-pa/fire-damage-restoration/|/service-areas/forest-hills-pa/mold-remediation/|/service-areas/allison-park-pa/smoke-damage-restoration/|/service-areas/baldwin-pa/smoke-damage-restoration/|/contact/,6.30,planned
/service-areas/forest-hills-pa/storm-damage-restoration/,service-area-service,"Storm Damage Restoration in Forest Hills, PA | Katofsky Construction LLC",Storm Damage Restoration in Forest Hills,"24/7 storm damage restoration in Forest Hills, PA. IICRC-certified, insurance billing accepted. Call (412) 304-9284.",storm damage restoration forest hills,hurricane damage cleanup|tornado damage cleanup|tree damage cleanup|storm cleanup services|severe weather damage repair,local_emergency,,,900,hero|og|inline-1|inline-2,service|local-business|faq|breadcrumb-list,/services/storm-damage-restoration/|/service-areas/forest-hills-pa/|/service-areas/forest-hills-pa/fire-damage-restoration/|/service-areas/forest-hills-pa/mold-remediation/|/service-areas/allison-park-pa/storm-damage-restoration/|/service-areas/baldwin-pa/storm-damage-restoration/|/contact/,6.30,planned
/service-areas/forest-hills-pa/water-cleanup/,service-area-service,"Emergency Water Cleanup in Forest Hills, PA | Katofsky Construction LLC",Emergency Water Cleanup in Forest Hills,"24/7 emergency water cleanup in Forest Hills, PA. IICRC-certified, insurance billing accepted. Call (412) 304-9284.",emergency water cleanup forest hills,water cleanup|water damage cleanup|water clean up|emergency water cleanup|flood water cleanup|standing water removal,local_emergency,,,900,hero|og|inline-1|inline-2,service|local-business|faq|breadcrumb-list,/services/water-cleanup/|/service-areas/forest-hills-pa/|/service-areas/forest-hills-pa/fire-damage-restoration/|/service-areas/forest-hills-pa/mold-remediation/|/service-areas/allison-park-pa/water-cleanup/|/service-areas/baldwin-pa/water-cleanup/|/contact/,6.30,planned
/service-areas/fox-chapel-pa/commercial-restoration/,service-area-service,"Commercial Restoration in Fox Chapel, PA | Katofsky Construction LLC",Commercial Restoration in Fox Chapel,"24/7 commercial restoration in Fox Chapel, PA. IICRC-certified, insurance billing accepted. Call (412) 304-9284.",commercial restoration fox chapel,commercial water damage|commercial fire damage|business restoration|office restoration|retail restoration,local_b2b,,,900,hero|og|inline-1|inline-2,service|local-business|faq|breadcrumb-list,/services/commercial-restoration/|/service-areas/fox-chapel-pa/|/service-areas/fox-chapel-pa/fire-damage-restoration/|/service-areas/fox-chapel-pa/mold-remediation/|/service-areas/allison-park-pa/commercial-restoration/|/service-areas/baldwin-pa/commercial-restoration/|/contact/,6.30,planned
/service-areas/fox-chapel-pa/emergency-plumbing/,service-area-service,"Emergency Plumbing in Fox Chapel, PA | Katofsky Construction LLC",Emergency Plumbing in Fox Chapel,"24/7 emergency plumbing in Fox Chapel, PA. IICRC-certified, insurance billing accepted. Call (412) 304-9284.",emergency plumbing fox chapel,emergency plumber|24 hour plumber|burst pipe plumber|emergency plumbing repair|24/7 plumbing,local_emergency,,,900,hero|og|inline-1|inline-2,service|local-business|faq|breadcrumb-list,/services/emergency-plumbing/|/service-areas/fox-chapel-pa/|/service-areas/fox-chapel-pa/fire-damage-restoration/|/service-areas/fox-chapel-pa/mold-remediation/|/service-areas/allison-park-pa/emergency-plumbing/|/service-areas/baldwin-pa/emergency-plumbing/|/contact/,6.30,planned
/service-areas/fox-chapel-pa/emergency-water-removal/,service-area-service,"24/7 Emergency Water Removal in Fox Chapel, PA | Katofsky Construction LLC",24/7 Emergency Water Removal in Fox Chapel,"24/7 24/7 emergency water removal in Fox Chapel, PA. IICRC-certified, insurance billing accepted. Call (412) 304-9284.",24/7 emergency water removal fox chapel,emergency water removal|emergency water damage|24 hour water damage restoration|emergency flood service|emergency water extraction,local_emergency,,,900,hero|og|inline-1|inline-2,service|local-business|faq|breadcrumb-list,/services/emergency-water-removal/|/service-areas/fox-chapel-pa/|/service-areas/fox-chapel-pa/fire-damage-restoration/|/service-areas/fox-chapel-pa/mold-remediation/|/service-areas/allison-park-pa/emergency-water-removal/|/service-areas/baldwin-pa/emergency-water-removal/|/contact/,6.30,planned
/service-areas/fox-chapel-pa/flood-damage-restoration/,service-area-service,"Flood Damage Restoration in Fox Chapel, PA | Katofsky Construction LLC",Flood Damage Restoration in Fox Chapel,"24/7 flood damage restoration in Fox Chapel, PA. IICRC-certified, insurance billing accepted. Call (412) 304-9284.",flood damage restoration fox chapel,flood cleanup|flood restoration|post-flood restoration|residential flood damage|flood damage repair,local_emergency,,,900,hero|og|inline-1|inline-2,service|local-business|faq|breadcrumb-list,/services/flood-damage-restoration/|/service-areas/fox-chapel-pa/|/service-areas/fox-chapel-pa/fire-damage-restoration/|/service-areas/fox-chapel-pa/mold-remediation/|/service-areas/allison-park-pa/flood-damage-restoration/|/service-areas/baldwin-pa/flood-damage-restoration/|/contact/,6.30,planned
/service-areas/fox-chapel-pa/reconstruction/,service-area-service,"Reconstruction Services in Fox Chapel, PA | Katofsky Construction LLC",Reconstruction Services in Fox Chapel,"24/7 reconstruction services in Fox Chapel, PA. IICRC-certified, insurance billing accepted. Call (412) 304-9284.",reconstruction services fox chapel,post-damage reconstruction|rebuild services|structural reconstruction|post-disaster rebuilding|fire damage reconstruction,local_commercial,,,900,hero|og|inline-1|inline-2,service|local-business|faq|breadcrumb-list,/services/reconstruction/|/service-areas/fox-chapel-pa/|/service-areas/fox-chapel-pa/fire-damage-restoration/|/service-areas/fox-chapel-pa/mold-remediation/|/service-areas/allison-park-pa/reconstruction/|/service-areas/baldwin-pa/reconstruction/|/contact/,6.30,planned
/service-areas/fox-chapel-pa/sewage-cleanup/,service-area-service,"Sewage Cleanup and Sanitization in Fox Chapel, PA | Katofsky Construction LLC",Sewage Cleanup and Sanitization in Fox Chapel,"24/7 sewage cleanup and sanitization in Fox Chapel, PA. IICRC-certified, insurance billing accepted. Call (412) 304-9284.",sewage cleanup and sanitization fox chapel,sewage backup cleanup|raw sewage removal|septic overflow cleanup|sewer line backup|sanitization services,local_emergency,,,900,hero|og|inline-1|inline-2,service|local-business|faq|breadcrumb-list,/services/sewage-cleanup/|/service-areas/fox-chapel-pa/|/service-areas/fox-chapel-pa/fire-damage-restoration/|/service-areas/fox-chapel-pa/mold-remediation/|/service-areas/allison-park-pa/sewage-cleanup/|/service-areas/baldwin-pa/sewage-cleanup/|/contact/,6.30,planned
/service-areas/fox-chapel-pa/smoke-damage-restoration/,service-area-service,"Smoke Damage Restoration in Fox Chapel, PA | Katofsky Construction LLC",Smoke Damage Restoration in Fox Chapel,"24/7 smoke damage restoration in Fox Chapel, PA. IICRC-certified, insurance billing accepted. Call (412) 304-9284.",smoke damage restoration fox chapel,smoke residue cleanup|smoke damage repair|post-fire smoke cleanup|smoke damage restoration services|wildfire smoke cleanup,local_emergency,,,900,hero|og|inline-1|inline-2,service|local-business|faq|breadcrumb-list,/services/smoke-damage-restoration/|/service-areas/fox-chapel-pa/|/service-areas/fox-chapel-pa/fire-damage-restoration/|/service-areas/fox-chapel-pa/mold-remediation/|/service-areas/allison-park-pa/smoke-damage-restoration/|/service-areas/baldwin-pa/smoke-damage-restoration/|/contact/,6.30,planned
/service-areas/fox-chapel-pa/storm-damage-restoration/,service-area-service,"Storm Damage Restoration in Fox Chapel, PA | Katofsky Construction LLC",Storm Damage Restoration in Fox Chapel,"24/7 storm damage restoration in Fox Chapel, PA. IICRC-certified, insurance billing accepted. Call (412) 304-9284.",storm damage restoration fox chapel,hurricane damage cleanup|tornado damage cleanup|tree damage cleanup|storm cleanup services|severe weather damage repair,local_emergency,,,900,hero|og|inline-1|inline-2,service|local-business|faq|breadcrumb-list,/services/storm-damage-restoration/|/service-areas/fox-chapel-pa/|/service-areas/fox-chapel-pa/fire-damage-restoration/|/service-areas/fox-chapel-pa/mold-remediation/|/service-areas/allison-park-pa/storm-damage-restoration/|/service-areas/baldwin-pa/storm-damage-restoration/|/contact/,6.30,planned
/service-areas/fox-chapel-pa/water-cleanup/,service-area-service,"Emergency Water Cleanup in Fox Chapel, PA | Katofsky Construction LLC",Emergency Water Cleanup in Fox Chapel,"24/7 emergency water cleanup in Fox Chapel, PA. IICRC-certified, insurance billing accepted. Call (412) 304-9284.",emergency water cleanup fox chapel,water cleanup|water damage cleanup|water clean up|emergency water cleanup|flood water cleanup|standing water removal,local_emergency,,,900,hero|og|inline-1|inline-2,service|local-business|faq|breadcrumb-list,/services/water-cleanup/|/service-areas/fox-chapel-pa/|/service-areas/fox-chapel-pa/fire-damage-restoration/|/service-areas/fox-chapel-pa/mold-remediation/|/service-areas/allison-park-pa/water-cleanup/|/service-areas/baldwin-pa/water-cleanup/|/contact/,6.30,planned
/service-areas/glenshaw-pa/commercial-restoration/,service-area-service,"Commercial Restoration in Glenshaw, PA | Katofsky Construction LLC",Commercial Restoration in Glenshaw,"24/7 commercial restoration in Glenshaw, PA. IICRC-certified, insurance billing accepted. Call (412) 304-9284.",commercial restoration glenshaw,commercial water damage|commercial fire damage|business restoration|office restoration|retail restoration,local_b2b,,,900,hero|og|inline-1|inline-2,service|local-business|faq|breadcrumb-list,/services/commercial-restoration/|/service-areas/glenshaw-pa/|/service-areas/glenshaw-pa/fire-damage-restoration/|/service-areas/glenshaw-pa/mold-remediation/|/service-areas/allison-park-pa/commercial-restoration/|/service-areas/baldwin-pa/commercial-restoration/|/contact/,6.30,planned
/service-areas/glenshaw-pa/emergency-plumbing/,service-area-service,"Emergency Plumbing in Glenshaw, PA | Katofsky Construction LLC",Emergency Plumbing in Glenshaw,"24/7 emergency plumbing in Glenshaw, PA. IICRC-certified, insurance billing accepted. Call (412) 304-9284.",emergency plumbing glenshaw,emergency plumber|24 hour plumber|burst pipe plumber|emergency plumbing repair|24/7 plumbing,local_emergency,,,900,hero|og|inline-1|inline-2,service|local-business|faq|breadcrumb-list,/services/emergency-plumbing/|/service-areas/glenshaw-pa/|/service-areas/glenshaw-pa/fire-damage-restoration/|/service-areas/glenshaw-pa/mold-remediation/|/service-areas/allison-park-pa/emergency-plumbing/|/service-areas/baldwin-pa/emergency-plumbing/|/contact/,6.30,planned
/service-areas/glenshaw-pa/emergency-water-removal/,service-area-service,"24/7 Emergency Water Removal in Glenshaw, PA | Katofsky Construction LLC",24/7 Emergency Water Removal in Glenshaw,"24/7 24/7 emergency water removal in Glenshaw, PA. IICRC-certified, insurance billing accepted. Call (412) 304-9284.",24/7 emergency water removal glenshaw,emergency water removal|emergency water damage|24 hour water damage restoration|emergency flood service|emergency water extraction,local_emergency,,,900,hero|og|inline-1|inline-2,service|local-business|faq|breadcrumb-list,/services/emergency-water-removal/|/service-areas/glenshaw-pa/|/service-areas/glenshaw-pa/fire-damage-restoration/|/service-areas/glenshaw-pa/mold-remediation/|/service-areas/allison-park-pa/emergency-water-removal/|/service-areas/baldwin-pa/emergency-water-removal/|/contact/,6.30,planned
/service-areas/glenshaw-pa/flood-damage-restoration/,service-area-service,"Flood Damage Restoration in Glenshaw, PA | Katofsky Construction LLC",Flood Damage Restoration in Glenshaw,"24/7 flood damage restoration in Glenshaw, PA. IICRC-certified, insurance billing accepted. Call (412) 304-9284.",flood damage restoration glenshaw,flood cleanup|flood restoration|post-flood restoration|residential flood damage|flood damage repair,local_emergency,,,900,hero|og|inline-1|inline-2,service|local-business|faq|breadcrumb-list,/services/flood-damage-restoration/|/service-areas/glenshaw-pa/|/service-areas/glenshaw-pa/fire-damage-restoration/|/service-areas/glenshaw-pa/mold-remediation/|/service-areas/allison-park-pa/flood-damage-restoration/|/service-areas/baldwin-pa/flood-damage-restoration/|/contact/,6.30,planned
/service-areas/glenshaw-pa/reconstruction/,service-area-service,"Reconstruction Services in Glenshaw, PA | Katofsky Construction LLC",Reconstruction Services in Glenshaw,"24/7 reconstruction services in Glenshaw, PA. IICRC-certified, insurance billing accepted. Call (412) 304-9284.",reconstruction services glenshaw,post-damage reconstruction|rebuild services|structural reconstruction|post-disaster rebuilding|fire damage reconstruction,local_commercial,,,900,hero|og|inline-1|inline-2,service|local-business|faq|breadcrumb-list,/services/reconstruction/|/service-areas/glenshaw-pa/|/service-areas/glenshaw-pa/fire-damage-restoration/|/service-areas/glenshaw-pa/mold-remediation/|/service-areas/allison-park-pa/reconstruction/|/service-areas/baldwin-pa/reconstruction/|/contact/,6.30,planned
/service-areas/glenshaw-pa/sewage-cleanup/,service-area-service,"Sewage Cleanup and Sanitization in Glenshaw, PA | Katofsky Construction LLC",Sewage Cleanup and Sanitization in Glenshaw,"24/7 sewage cleanup and sanitization in Glenshaw, PA. IICRC-certified, insurance billing accepted. Call (412) 304-9284.",sewage cleanup and sanitization glenshaw,sewage backup cleanup|raw sewage removal|septic overflow cleanup|sewer line backup|sanitization services,local_emergency,,,900,hero|og|inline-1|inline-2,service|local-business|faq|breadcrumb-list,/services/sewage-cleanup/|/service-areas/glenshaw-pa/|/service-areas/glenshaw-pa/fire-damage-restoration/|/service-areas/glenshaw-pa/mold-remediation/|/service-areas/allison-park-pa/sewage-cleanup/|/service-areas/baldwin-pa/sewage-cleanup/|/contact/,6.30,planned
/service-areas/glenshaw-pa/smoke-damage-restoration/,service-area-service,"Smoke Damage Restoration in Glenshaw, PA | Katofsky Construction LLC",Smoke Damage Restoration in Glenshaw,"24/7 smoke damage restoration in Glenshaw, PA. IICRC-certified, insurance billing accepted. Call (412) 304-9284.",smoke damage restoration glenshaw,smoke residue cleanup|smoke damage repair|post-fire smoke cleanup|smoke damage restoration services|wildfire smoke cleanup,local_emergency,,,900,hero|og|inline-1|inline-2,service|local-business|faq|breadcrumb-list,/services/smoke-damage-restoration/|/service-areas/glenshaw-pa/|/service-areas/glenshaw-pa/fire-damage-restoration/|/service-areas/glenshaw-pa/mold-remediation/|/service-areas/allison-park-pa/smoke-damage-restoration/|/service-areas/baldwin-pa/smoke-damage-restoration/|/contact/,6.30,planned
/service-areas/glenshaw-pa/storm-damage-restoration/,service-area-service,"Storm Damage Restoration in Glenshaw, PA | Katofsky Construction LLC",Storm Damage Restoration in Glenshaw,"24/7 storm damage restoration in Glenshaw, PA. IICRC-certified, insurance billing accepted. Call (412) 304-9284.",storm damage restoration glenshaw,hurricane damage cleanup|tornado damage cleanup|tree damage cleanup|storm cleanup services|severe weather damage repair,local_emergency,,,900,hero|og|inline-1|inline-2,service|local-business|faq|breadcrumb-list,/services/storm-damage-restoration/|/service-areas/glenshaw-pa/|/service-areas/glenshaw-pa/fire-damage-restoration/|/service-areas/glenshaw-pa/mold-remediation/|/service-areas/allison-park-pa/storm-damage-restoration/|/service-areas/baldwin-pa/storm-damage-restoration/|/contact/,6.30,planned
/service-areas/glenshaw-pa/water-cleanup/,service-area-service,"Emergency Water Cleanup in Glenshaw, PA | Katofsky Construction LLC",Emergency Water Cleanup in Glenshaw,"24/7 emergency water cleanup in Glenshaw, PA. IICRC-certified, insurance billing accepted. Call (412) 304-9284.",emergency water cleanup glenshaw,water cleanup|water damage cleanup|water clean up|emergency water cleanup|flood water cleanup|standing water removal,local_emergency,,,900,hero|og|inline-1|inline-2,service|local-business|faq|breadcrumb-list,/services/water-cleanup/|/service-areas/glenshaw-pa/|/service-areas/glenshaw-pa/fire-damage-restoration/|/service-areas/glenshaw-pa/mold-remediation/|/service-areas/allison-park-pa/water-cleanup/|/service-areas/baldwin-pa/water-cleanup/|/contact/,6.30,planned
/service-areas/green-tree-pa/commercial-restoration/,service-area-service,"Commercial Restoration in Green Tree, PA | Katofsky Construction LLC",Commercial Restoration in Green Tree,"24/7 commercial restoration in Green Tree, PA. IICRC-certified, insurance billing accepted. Call (412) 304-9284.",commercial restoration green tree,commercial water damage|commercial fire damage|business restoration|office restoration|retail restoration,local_b2b,,,900,hero|og|inline-1|inline-2,service|local-business|faq|breadcrumb-list,/services/commercial-restoration/|/service-areas/green-tree-pa/|/service-areas/green-tree-pa/fire-damage-restoration/|/service-areas/green-tree-pa/mold-remediation/|/service-areas/allison-park-pa/commercial-restoration/|/service-areas/baldwin-pa/commercial-restoration/|/contact/,6.30,planned
/service-areas/green-tree-pa/emergency-plumbing/,service-area-service,"Emergency Plumbing in Green Tree, PA | Katofsky Construction LLC",Emergency Plumbing in Green Tree,"24/7 emergency plumbing in Green Tree, PA. IICRC-certified, insurance billing accepted. Call (412) 304-9284.",emergency plumbing green tree,emergency plumber|24 hour plumber|burst pipe plumber|emergency plumbing repair|24/7 plumbing,local_emergency,,,900,hero|og|inline-1|inline-2,service|local-business|faq|breadcrumb-list,/services/emergency-plumbing/|/service-areas/green-tree-pa/|/service-areas/green-tree-pa/fire-damage-restoration/|/service-areas/green-tree-pa/mold-remediation/|/service-areas/allison-park-pa/emergency-plumbing/|/service-areas/baldwin-pa/emergency-plumbing/|/contact/,6.30,planned
/service-areas/green-tree-pa/emergency-water-removal/,service-area-service,"24/7 Emergency Water Removal in Green Tree, PA | Katofsky Construction LLC",24/7 Emergency Water Removal in Green Tree,"24/7 24/7 emergency water removal in Green Tree, PA. IICRC-certified, insurance billing accepted. Call (412) 304-9284.",24/7 emergency water removal green tree,emergency water removal|emergency water damage|24 hour water damage restoration|emergency flood service|emergency water extraction,local_emergency,,,900,hero|og|inline-1|inline-2,service|local-business|faq|breadcrumb-list,/services/emergency-water-removal/|/service-areas/green-tree-pa/|/service-areas/green-tree-pa/fire-damage-restoration/|/service-areas/green-tree-pa/mold-remediation/|/service-areas/allison-park-pa/emergency-water-removal/|/service-areas/baldwin-pa/emergency-water-removal/|/contact/,6.30,planned
/service-areas/green-tree-pa/flood-damage-restoration/,service-area-service,"Flood Damage Restoration in Green Tree, PA | Katofsky Construction LLC",Flood Damage Restoration in Green Tree,"24/7 flood damage restoration in Green Tree, PA. IICRC-certified, insurance billing accepted. Call (412) 304-9284.",flood damage restoration green tree,flood cleanup|flood restoration|post-flood restoration|residential flood damage|flood damage repair,local_emergency,,,900,hero|og|inline-1|inline-2,service|local-business|faq|breadcrumb-list,/services/flood-damage-restoration/|/service-areas/green-tree-pa/|/service-areas/green-tree-pa/fire-damage-restoration/|/service-areas/green-tree-pa/mold-remediation/|/service-areas/allison-park-pa/flood-damage-restoration/|/service-areas/baldwin-pa/flood-damage-restoration/|/contact/,6.30,planned
/service-areas/green-tree-pa/reconstruction/,service-area-service,"Reconstruction Services in Green Tree, PA | Katofsky Construction LLC",Reconstruction Services in Green Tree,"24/7 reconstruction services in Green Tree, PA. IICRC-certified, insurance billing accepted. Call (412) 304-9284.",reconstruction services green tree,post-damage reconstruction|rebuild services|structural reconstruction|post-disaster rebuilding|fire damage reconstruction,local_commercial,,,900,hero|og|inline-1|inline-2,service|local-business|faq|breadcrumb-list,/services/reconstruction/|/service-areas/green-tree-pa/|/service-areas/green-tree-pa/fire-damage-restoration/|/service-areas/green-tree-pa/mold-remediation/|/service-areas/allison-park-pa/reconstruction/|/service-areas/baldwin-pa/reconstruction/|/contact/,6.30,planned
/service-areas/green-tree-pa/sewage-cleanup/,service-area-service,"Sewage Cleanup and Sanitization in Green Tree, PA | Katofsky Construction LLC",Sewage Cleanup and Sanitization in Green Tree,"24/7 sewage cleanup and sanitization in Green Tree, PA. IICRC-certified, insurance billing accepted. Call (412) 304-9284.",sewage cleanup and sanitization green tree,sewage backup cleanup|raw sewage removal|septic overflow cleanup|sewer line backup|sanitization services,local_emergency,,,900,hero|og|inline-1|inline-2,service|local-business|faq|breadcrumb-list,/services/sewage-cleanup/|/service-areas/green-tree-pa/|/service-areas/green-tree-pa/fire-damage-restoration/|/service-areas/green-tree-pa/mold-remediation/|/service-areas/allison-park-pa/sewage-cleanup/|/service-areas/baldwin-pa/sewage-cleanup/|/contact/,6.30,planned
/service-areas/green-tree-pa/smoke-damage-restoration/,service-area-service,"Smoke Damage Restoration in Green Tree, PA | Katofsky Construction LLC",Smoke Damage Restoration in Green Tree,"24/7 smoke damage restoration in Green Tree, PA. IICRC-certified, insurance billing accepted. Call (412) 304-9284.",smoke damage restoration green tree,smoke residue cleanup|smoke damage repair|post-fire smoke cleanup|smoke damage restoration services|wildfire smoke cleanup,local_emergency,,,900,hero|og|inline-1|inline-2,service|local-business|faq|breadcrumb-list,/services/smoke-damage-restoration/|/service-areas/green-tree-pa/|/service-areas/green-tree-pa/fire-damage-restoration/|/service-areas/green-tree-pa/mold-remediation/|/service-areas/allison-park-pa/smoke-damage-restoration/|/service-areas/baldwin-pa/smoke-damage-restoration/|/contact/,6.30,planned
/service-areas/green-tree-pa/storm-damage-restoration/,service-area-service,"Storm Damage Restoration in Green Tree, PA | Katofsky Construction LLC",Storm Damage Restoration in Green Tree,"24/7 storm damage restoration in Green Tree, PA. IICRC-certified, insurance billing accepted. Call (412) 304-9284.",storm damage restoration green tree,hurricane damage cleanup|tornado damage cleanup|tree damage cleanup|storm cleanup services|severe weather damage repair,local_emergency,,,900,hero|og|inline-1|inline-2,service|local-business|faq|breadcrumb-list,/services/storm-damage-restoration/|/service-areas/green-tree-pa/|/service-areas/green-tree-pa/fire-damage-restoration/|/service-areas/green-tree-pa/mold-remediation/|/service-areas/allison-park-pa/storm-damage-restoration/|/service-areas/baldwin-pa/storm-damage-restoration/|/contact/,6.30,planned
/service-areas/green-tree-pa/water-cleanup/,service-area-service,"Emergency Water Cleanup in Green Tree, PA | Katofsky Construction LLC",Emergency Water Cleanup in Green Tree,"24/7 emergency water cleanup in Green Tree, PA. IICRC-certified, insurance billing accepted. Call (412) 304-9284.",emergency water cleanup green tree,water cleanup|water damage cleanup|water clean up|emergency water cleanup|flood water cleanup|standing water removal,local_emergency,,,900,hero|og|inline-1|inline-2,service|local-business|faq|breadcrumb-list,/services/water-cleanup/|/service-areas/green-tree-pa/|/service-areas/green-tree-pa/fire-damage-restoration/|/service-areas/green-tree-pa/mold-remediation/|/service-areas/allison-park-pa/water-cleanup/|/service-areas/baldwin-pa/water-cleanup/|/contact/,6.30,planned
/service-areas/greensburg-pa/commercial-restoration/,service-area-service,"Commercial Restoration in Greensburg, PA | Katofsky Construction LLC",Commercial Restoration in Greensburg,"24/7 commercial restoration in Greensburg, PA. IICRC-certified, insurance billing accepted. Call (412) 304-9284.",commercial restoration greensburg,commercial water damage|commercial fire damage|business restoration|office restoration|retail restoration,local_b2b,,,900,hero|og|inline-1|inline-2,service|local-business|faq|breadcrumb-list,/services/commercial-restoration/|/service-areas/greensburg-pa/|/service-areas/greensburg-pa/fire-damage-restoration/|/service-areas/greensburg-pa/mold-remediation/|/service-areas/allison-park-pa/commercial-restoration/|/service-areas/baldwin-pa/commercial-restoration/|/contact/,6.30,planned
/service-areas/greensburg-pa/emergency-plumbing/,service-area-service,"Emergency Plumbing in Greensburg, PA | Katofsky Construction LLC",Emergency Plumbing in Greensburg,"24/7 emergency plumbing in Greensburg, PA. IICRC-certified, insurance billing accepted. Call (412) 304-9284.",emergency plumbing greensburg,emergency plumber|24 hour plumber|burst pipe plumber|emergency plumbing repair|24/7 plumbing,local_emergency,,,900,hero|og|inline-1|inline-2,service|local-business|faq|breadcrumb-list,/services/emergency-plumbing/|/service-areas/greensburg-pa/|/service-areas/greensburg-pa/fire-damage-restoration/|/service-areas/greensburg-pa/mold-remediation/|/service-areas/allison-park-pa/emergency-plumbing/|/service-areas/baldwin-pa/emergency-plumbing/|/contact/,6.30,planned
/service-areas/greensburg-pa/emergency-water-removal/,service-area-service,"24/7 Emergency Water Removal in Greensburg, PA | Katofsky Construction LLC",24/7 Emergency Water Removal in Greensburg,"24/7 24/7 emergency water removal in Greensburg, PA. IICRC-certified, insurance billing accepted. Call (412) 304-9284.",24/7 emergency water removal greensburg,emergency water removal|emergency water damage|24 hour water damage restoration|emergency flood service|emergency water extraction,local_emergency,,,900,hero|og|inline-1|inline-2,service|local-business|faq|breadcrumb-list,/services/emergency-water-removal/|/service-areas/greensburg-pa/|/service-areas/greensburg-pa/fire-damage-restoration/|/service-areas/greensburg-pa/mold-remediation/|/service-areas/allison-park-pa/emergency-water-removal/|/service-areas/baldwin-pa/emergency-water-removal/|/contact/,6.30,planned
/service-areas/greensburg-pa/flood-damage-restoration/,service-area-service,"Flood Damage Restoration in Greensburg, PA | Katofsky Construction LLC",Flood Damage Restoration in Greensburg,"24/7 flood damage restoration in Greensburg, PA. IICRC-certified, insurance billing accepted. Call (412) 304-9284.",flood damage restoration greensburg,flood cleanup|flood restoration|post-flood restoration|residential flood damage|flood damage repair,local_emergency,,,900,hero|og|inline-1|inline-2,service|local-business|faq|breadcrumb-list,/services/flood-damage-restoration/|/service-areas/greensburg-pa/|/service-areas/greensburg-pa/fire-damage-restoration/|/service-areas/greensburg-pa/mold-remediation/|/service-areas/allison-park-pa/flood-damage-restoration/|/service-areas/baldwin-pa/flood-damage-restoration/|/contact/,6.30,planned
/service-areas/greensburg-pa/reconstruction/,service-area-service,"Reconstruction Services in Greensburg, PA | Katofsky Construction LLC",Reconstruction Services in Greensburg,"24/7 reconstruction services in Greensburg, PA. IICRC-certified, insurance billing accepted. Call (412) 304-9284.",reconstruction services greensburg,post-damage reconstruction|rebuild services|structural reconstruction|post-disaster rebuilding|fire damage reconstruction,local_commercial,,,900,hero|og|inline-1|inline-2,service|local-business|faq|breadcrumb-list,/services/reconstruction/|/service-areas/greensburg-pa/|/service-areas/greensburg-pa/fire-damage-restoration/|/service-areas/greensburg-pa/mold-remediation/|/service-areas/allison-park-pa/reconstruction/|/service-areas/baldwin-pa/reconstruction/|/contact/,6.30,planned
/service-areas/greensburg-pa/sewage-cleanup/,service-area-service,"Sewage Cleanup and Sanitization in Greensburg, PA | Katofsky Construction LLC",Sewage Cleanup and Sanitization in Greensburg,"24/7 sewage cleanup and sanitization in Greensburg, PA. IICRC-certified, insurance billing accepted. Call (412) 304-9284.",sewage cleanup and sanitization greensburg,sewage backup cleanup|raw sewage removal|septic overflow cleanup|sewer line backup|sanitization services,local_emergency,,,900,hero|og|inline-1|inline-2,service|local-business|faq|breadcrumb-list,/services/sewage-cleanup/|/service-areas/greensburg-pa/|/service-areas/greensburg-pa/fire-damage-restoration/|/service-areas/greensburg-pa/mold-remediation/|/service-areas/allison-park-pa/sewage-cleanup/|/service-areas/baldwin-pa/sewage-cleanup/|/contact/,6.30,planned
/service-areas/greensburg-pa/smoke-damage-restoration/,service-area-service,"Smoke Damage Restoration in Greensburg, PA | Katofsky Construction LLC",Smoke Damage Restoration in Greensburg,"24/7 smoke damage restoration in Greensburg, PA. IICRC-certified, insurance billing accepted. Call (412) 304-9284.",smoke damage restoration greensburg,smoke residue cleanup|smoke damage repair|post-fire smoke cleanup|smoke damage restoration services|wildfire smoke cleanup,local_emergency,,,900,hero|og|inline-1|inline-2,service|local-business|faq|breadcrumb-list,/services/smoke-damage-restoration/|/service-areas/greensburg-pa/|/service-areas/greensburg-pa/fire-damage-restoration/|/service-areas/greensburg-pa/mold-remediation/|/service-areas/allison-park-pa/smoke-damage-restoration/|/service-areas/baldwin-pa/smoke-damage-restoration/|/contact/,6.30,planned
/service-areas/greensburg-pa/storm-damage-restoration/,service-area-service,"Storm Damage Restoration in Greensburg, PA | Katofsky Construction LLC",Storm Damage Restoration in Greensburg,"24/7 storm damage restoration in Greensburg, PA. IICRC-certified, insurance billing accepted. Call (412) 304-9284.",storm damage restoration greensburg,hurricane damage cleanup|tornado damage cleanup|tree damage cleanup|storm cleanup services|severe weather damage repair,local_emergency,,,900,hero|og|inline-1|inline-2,service|local-business|faq|breadcrumb-list,/services/storm-damage-restoration/|/service-areas/greensburg-pa/|/service-areas/greensburg-pa/fire-damage-restoration/|/service-areas/greensburg-pa/mold-remediation/|/service-areas/allison-park-pa/storm-damage-restoration/|/service-areas/baldwin-pa/storm-damage-restoration/|/contact/,6.30,planned
/service-areas/greensburg-pa/water-cleanup/,service-area-service,"Emergency Water Cleanup in Greensburg, PA | Katofsky Construction LLC",Emergency Water Cleanup in Greensburg,"24/7 emergency water cleanup in Greensburg, PA. IICRC-certified, insurance billing accepted. Call (412) 304-9284.",emergency water cleanup greensburg,water cleanup|water damage cleanup|water clean up|emergency water cleanup|flood water cleanup|standing water removal,local_emergency,,,900,hero|og|inline-1|inline-2,service|local-business|faq|breadcrumb-list,/services/water-cleanup/|/service-areas/greensburg-pa/|/service-areas/greensburg-pa/fire-damage-restoration/|/service-areas/greensburg-pa/mold-remediation/|/service-areas/allison-park-pa/water-cleanup/|/service-areas/baldwin-pa/water-cleanup/|/contact/,6.30,planned
/service-areas/hempfield-township-pa/commercial-restoration/,service-area-service,"Commercial Restoration in Hempfield Township, PA | Katofsky Construction LLC",Commercial Restoration in Hempfield Township,"24/7 commercial restoration in Hempfield Township, PA. IICRC-certified, insurance billing accepted. Call (412) 304-9284.",commercial restoration hempfield township,commercial water damage|commercial fire damage|business restoration|office restoration|retail restoration,local_b2b,,,900,hero|og|inline-1|inline-2,service|local-business|faq|breadcrumb-list,/services/commercial-restoration/|/service-areas/hempfield-township-pa/|/service-areas/hempfield-township-pa/fire-damage-restoration/|/service-areas/hempfield-township-pa/mold-remediation/|/service-areas/allison-park-pa/commercial-restoration/|/service-areas/baldwin-pa/commercial-restoration/|/contact/,6.30,planned
/service-areas/hempfield-township-pa/emergency-plumbing/,service-area-service,"Emergency Plumbing in Hempfield Township, PA | Katofsky Construction LLC",Emergency Plumbing in Hempfield Township,"24/7 emergency plumbing in Hempfield Township, PA. IICRC-certified, insurance billing accepted. Call (412) 304-9284.",emergency plumbing hempfield township,emergency plumber|24 hour plumber|burst pipe plumber|emergency plumbing repair|24/7 plumbing,local_emergency,,,900,hero|og|inline-1|inline-2,service|local-business|faq|breadcrumb-list,/services/emergency-plumbing/|/service-areas/hempfield-township-pa/|/service-areas/hempfield-township-pa/fire-damage-restoration/|/service-areas/hempfield-township-pa/mold-remediation/|/service-areas/allison-park-pa/emergency-plumbing/|/service-areas/baldwin-pa/emergency-plumbing/|/contact/,6.30,planned
/service-areas/hempfield-township-pa/emergency-water-removal/,service-area-service,"24/7 Emergency Water Removal in Hempfield Township, PA | Katofsky Construction LLC",24/7 Emergency Water Removal in Hempfield Township,"24/7 24/7 emergency water removal in Hempfield Township, PA. IICRC-certified, insurance billing accepted. Call (412) 304-9284.",24/7 emergency water removal hempfield township,emergency water removal|emergency water damage|24 hour water damage restoration|emergency flood service|emergency water extraction,local_emergency,,,900,hero|og|inline-1|inline-2,service|local-business|faq|breadcrumb-list,/services/emergency-water-removal/|/service-areas/hempfield-township-pa/|/service-areas/hempfield-township-pa/fire-damage-restoration/|/service-areas/hempfield-township-pa/mold-remediation/|/service-areas/allison-park-pa/emergency-water-removal/|/service-areas/baldwin-pa/emergency-water-removal/|/contact/,6.30,planned
/service-areas/hempfield-township-pa/flood-damage-restoration/,service-area-service,"Flood Damage Restoration in Hempfield Township, PA | Katofsky Construction LLC",Flood Damage Restoration in Hempfield Township,"24/7 flood damage restoration in Hempfield Township, PA. IICRC-certified, insurance billing accepted. Call (412) 304-9284.",flood damage restoration hempfield township,flood cleanup|flood restoration|post-flood restoration|residential flood damage|flood damage repair,local_emergency,,,900,hero|og|inline-1|inline-2,service|local-business|faq|breadcrumb-list,/services/flood-damage-restoration/|/service-areas/hempfield-township-pa/|/service-areas/hempfield-township-pa/fire-damage-restoration/|/service-areas/hempfield-township-pa/mold-remediation/|/service-areas/allison-park-pa/flood-damage-restoration/|/service-areas/baldwin-pa/flood-damage-restoration/|/contact/,6.30,planned
/service-areas/hempfield-township-pa/reconstruction/,service-area-service,"Reconstruction Services in Hempfield Township, PA | Katofsky Construction LLC",Reconstruction Services in Hempfield Township,"24/7 reconstruction services in Hempfield Township, PA. IICRC-certified, insurance billing accepted. Call (412) 304-9284.",reconstruction services hempfield township,post-damage reconstruction|rebuild services|structural reconstruction|post-disaster rebuilding|fire damage reconstruction,local_commercial,,,900,hero|og|inline-1|inline-2,service|local-business|faq|breadcrumb-list,/services/reconstruction/|/service-areas/hempfield-township-pa/|/service-areas/hempfield-township-pa/fire-damage-restoration/|/service-areas/hempfield-township-pa/mold-remediation/|/service-areas/allison-park-pa/reconstruction/|/service-areas/baldwin-pa/reconstruction/|/contact/,6.30,planned
/service-areas/hempfield-township-pa/sewage-cleanup/,service-area-service,"Sewage Cleanup and Sanitization in Hempfield Township, PA | Katofsky Construction LLC",Sewage Cleanup and Sanitization in Hempfield Township,"24/7 sewage cleanup and sanitization in Hempfield Township, PA. IICRC-certified, insurance billing accepted. Call (412) 304-9284.",sewage cleanup and sanitization hempfield township,sewage backup cleanup|raw sewage removal|septic overflow cleanup|sewer line backup|sanitization services,local_emergency,,,900,hero|og|inline-1|inline-2,service|local-business|faq|breadcrumb-list,/services/sewage-cleanup/|/service-areas/hempfield-township-pa/|/service-areas/hempfield-township-pa/fire-damage-restoration/|/service-areas/hempfield-township-pa/mold-remediation/|/service-areas/allison-park-pa/sewage-cleanup/|/service-areas/baldwin-pa/sewage-cleanup/|/contact/,6.30,planned
/service-areas/hempfield-township-pa/smoke-damage-restoration/,service-area-service,"Smoke Damage Restoration in Hempfield Township, PA | Katofsky Construction LLC",Smoke Damage Restoration in Hempfield Township,"24/7 smoke damage restoration in Hempfield Township, PA. IICRC-certified, insurance billing accepted. Call (412) 304-9284.",smoke damage restoration hempfield township,smoke residue cleanup|smoke damage repair|post-fire smoke cleanup|smoke damage restoration services|wildfire smoke cleanup,local_emergency,,,900,hero|og|inline-1|inline-2,service|local-business|faq|breadcrumb-list,/services/smoke-damage-restoration/|/service-areas/hempfield-township-pa/|/service-areas/hempfield-township-pa/fire-damage-restoration/|/service-areas/hempfield-township-pa/mold-remediation/|/service-areas/allison-park-pa/smoke-damage-restoration/|/service-areas/baldwin-pa/smoke-damage-restoration/|/contact/,6.30,planned
/service-areas/hempfield-township-pa/storm-damage-restoration/,service-area-service,"Storm Damage Restoration in Hempfield Township, PA | Katofsky Construction LLC",Storm Damage Restoration in Hempfield Township,"24/7 storm damage restoration in Hempfield Township, PA. IICRC-certified, insurance billing accepted. Call (412) 304-9284.",storm damage restoration hempfield township,hurricane damage cleanup|tornado damage cleanup|tree damage cleanup|storm cleanup services|severe weather damage repair,local_emergency,,,900,hero|og|inline-1|inline-2,service|local-business|faq|breadcrumb-list,/services/storm-damage-restoration/|/service-areas/hempfield-township-pa/|/service-areas/hempfield-township-pa/fire-damage-restoration/|/service-areas/hempfield-township-pa/mold-remediation/|/service-areas/allison-park-pa/storm-damage-restoration/|/service-areas/baldwin-pa/storm-damage-restoration/|/contact/,6.30,planned
/service-areas/hempfield-township-pa/water-cleanup/,service-area-service,"Emergency Water Cleanup in Hempfield Township, PA | Katofsky Construction LLC",Emergency Water Cleanup in Hempfield Township,"24/7 emergency water cleanup in Hempfield Township, PA. IICRC-certified, insurance billing accepted. Call (412) 304-9284.",emergency water cleanup hempfield township,water cleanup|water damage cleanup|water clean up|emergency water cleanup|flood water cleanup|standing water removal,local_emergency,,,900,hero|og|inline-1|inline-2,service|local-business|faq|breadcrumb-list,/services/water-cleanup/|/service-areas/hempfield-township-pa/|/service-areas/hempfield-township-pa/fire-damage-restoration/|/service-areas/hempfield-township-pa/mold-remediation/|/service-areas/allison-park-pa/water-cleanup/|/service-areas/baldwin-pa/water-cleanup/|/contact/,6.30,planned
/service-areas/jeannette-pa/commercial-restoration/,service-area-service,"Commercial Restoration in Jeannette, PA | Katofsky Construction LLC",Commercial Restoration in Jeannette,"24/7 commercial restoration in Jeannette, PA. IICRC-certified, insurance billing accepted. Call (412) 304-9284.",commercial restoration jeannette,commercial water damage|commercial fire damage|business restoration|office restoration|retail restoration,local_b2b,,,900,hero|og|inline-1|inline-2,service|local-business|faq|breadcrumb-list,/services/commercial-restoration/|/service-areas/jeannette-pa/|/service-areas/jeannette-pa/fire-damage-restoration/|/service-areas/jeannette-pa/mold-remediation/|/service-areas/allison-park-pa/commercial-restoration/|/service-areas/baldwin-pa/commercial-restoration/|/contact/,6.30,planned
/service-areas/jeannette-pa/emergency-plumbing/,service-area-service,"Emergency Plumbing in Jeannette, PA | Katofsky Construction LLC",Emergency Plumbing in Jeannette,"24/7 emergency plumbing in Jeannette, PA. IICRC-certified, insurance billing accepted. Call (412) 304-9284.",emergency plumbing jeannette,emergency plumber|24 hour plumber|burst pipe plumber|emergency plumbing repair|24/7 plumbing,local_emergency,,,900,hero|og|inline-1|inline-2,service|local-business|faq|breadcrumb-list,/services/emergency-plumbing/|/service-areas/jeannette-pa/|/service-areas/jeannette-pa/fire-damage-restoration/|/service-areas/jeannette-pa/mold-remediation/|/service-areas/allison-park-pa/emergency-plumbing/|/service-areas/baldwin-pa/emergency-plumbing/|/contact/,6.30,planned
/service-areas/jeannette-pa/emergency-water-removal/,service-area-service,"24/7 Emergency Water Removal in Jeannette, PA | Katofsky Construction LLC",24/7 Emergency Water Removal in Jeannette,"24/7 24/7 emergency water removal in Jeannette, PA. IICRC-certified, insurance billing accepted. Call (412) 304-9284.",24/7 emergency water removal jeannette,emergency water removal|emergency water damage|24 hour water damage restoration|emergency flood service|emergency water extraction,local_emergency,,,900,hero|og|inline-1|inline-2,service|local-business|faq|breadcrumb-list,/services/emergency-water-removal/|/service-areas/jeannette-pa/|/service-areas/jeannette-pa/fire-damage-restoration/|/service-areas/jeannette-pa/mold-remediation/|/service-areas/allison-park-pa/emergency-water-removal/|/service-areas/baldwin-pa/emergency-water-removal/|/contact/,6.30,planned
/service-areas/jeannette-pa/flood-damage-restoration/,service-area-service,"Flood Damage Restoration in Jeannette, PA | Katofsky Construction LLC",Flood Damage Restoration in Jeannette,"24/7 flood damage restoration in Jeannette, PA. IICRC-certified, insurance billing accepted. Call (412) 304-9284.",flood damage restoration jeannette,flood cleanup|flood restoration|post-flood restoration|residential flood damage|flood damage repair,local_emergency,,,900,hero|og|inline-1|inline-2,service|local-business|faq|breadcrumb-list,/services/flood-damage-restoration/|/service-areas/jeannette-pa/|/service-areas/jeannette-pa/fire-damage-restoration/|/service-areas/jeannette-pa/mold-remediation/|/service-areas/allison-park-pa/flood-damage-restoration/|/service-areas/baldwin-pa/flood-damage-restoration/|/contact/,6.30,planned
/service-areas/jeannette-pa/reconstruction/,service-area-service,"Reconstruction Services in Jeannette, PA | Katofsky Construction LLC",Reconstruction Services in Jeannette,"24/7 reconstruction services in Jeannette, PA. IICRC-certified, insurance billing accepted. Call (412) 304-9284.",reconstruction services jeannette,post-damage reconstruction|rebuild services|structural reconstruction|post-disaster rebuilding|fire damage reconstruction,local_commercial,,,900,hero|og|inline-1|inline-2,service|local-business|faq|breadcrumb-list,/services/reconstruction/|/service-areas/jeannette-pa/|/service-areas/jeannette-pa/fire-damage-restoration/|/service-areas/jeannette-pa/mold-remediation/|/service-areas/allison-park-pa/reconstruction/|/service-areas/baldwin-pa/reconstruction/|/contact/,6.30,planned
/service-areas/jeannette-pa/sewage-cleanup/,service-area-service,"Sewage Cleanup and Sanitization in Jeannette, PA | Katofsky Construction LLC",Sewage Cleanup and Sanitization in Jeannette,"24/7 sewage cleanup and sanitization in Jeannette, PA. IICRC-certified, insurance billing accepted. Call (412) 304-9284.",sewage cleanup and sanitization jeannette,sewage backup cleanup|raw sewage removal|septic overflow cleanup|sewer line backup|sanitization services,local_emergency,,,900,hero|og|inline-1|inline-2,service|local-business|faq|breadcrumb-list,/services/sewage-cleanup/|/service-areas/jeannette-pa/|/service-areas/jeannette-pa/fire-damage-restoration/|/service-areas/jeannette-pa/mold-remediation/|/service-areas/allison-park-pa/sewage-cleanup/|/service-areas/baldwin-pa/sewage-cleanup/|/contact/,6.30,planned
/service-areas/jeannette-pa/smoke-damage-restoration/,service-area-service,"Smoke Damage Restoration in Jeannette, PA | Katofsky Construction LLC",Smoke Damage Restoration in Jeannette,"24/7 smoke damage restoration in Jeannette, PA. IICRC-certified, insurance billing accepted. Call (412) 304-9284.",smoke damage restoration jeannette,smoke residue cleanup|smoke damage repair|post-fire smoke cleanup|smoke damage restoration services|wildfire smoke cleanup,local_emergency,,,900,hero|og|inline-1|inline-2,service|local-business|faq|breadcrumb-list,/services/smoke-damage-restoration/|/service-areas/jeannette-pa/|/service-areas/jeannette-pa/fire-damage-restoration/|/service-areas/jeannette-pa/mold-remediation/|/service-areas/allison-park-pa/smoke-damage-restoration/|/service-areas/baldwin-pa/smoke-damage-restoration/|/contact/,6.30,planned
/service-areas/jeannette-pa/storm-damage-restoration/,service-area-service,"Storm Damage Restoration in Jeannette, PA | Katofsky Construction LLC",Storm Damage Restoration in Jeannette,"24/7 storm damage restoration in Jeannette, PA. IICRC-certified, insurance billing accepted. Call (412) 304-9284.",storm damage restoration jeannette,hurricane damage cleanup|tornado damage cleanup|tree damage cleanup|storm cleanup services|severe weather damage repair,local_emergency,,,900,hero|og|inline-1|inline-2,service|local-business|faq|breadcrumb-list,/services/storm-damage-restoration/|/service-areas/jeannette-pa/|/service-areas/jeannette-pa/fire-damage-restoration/|/service-areas/jeannette-pa/mold-remediation/|/service-areas/allison-park-pa/storm-damage-restoration/|/service-areas/baldwin-pa/storm-damage-restoration/|/contact/,6.30,planned
/service-areas/jeannette-pa/water-cleanup/,service-area-service,"Emergency Water Cleanup in Jeannette, PA | Katofsky Construction LLC",Emergency Water Cleanup in Jeannette,"24/7 emergency water cleanup in Jeannette, PA. IICRC-certified, insurance billing accepted. Call (412) 304-9284.",emergency water cleanup jeannette,water cleanup|water damage cleanup|water clean up|emergency water cleanup|flood water cleanup|standing water removal,local_emergency,,,900,hero|og|inline-1|inline-2,service|local-business|faq|breadcrumb-list,/services/water-cleanup/|/service-areas/jeannette-pa/|/service-areas/jeannette-pa/fire-damage-restoration/|/service-areas/jeannette-pa/mold-remediation/|/service-areas/allison-park-pa/water-cleanup/|/service-areas/baldwin-pa/water-cleanup/|/contact/,6.30,planned
/service-areas/jefferson-hills-pa/commercial-restoration/,service-area-service,"Commercial Restoration in Jefferson Hills, PA | Katofsky Construction LLC",Commercial Restoration in Jefferson Hills,"24/7 commercial restoration in Jefferson Hills, PA. IICRC-certified, insurance billing accepted. Call (412) 304-9284.",commercial restoration jefferson hills,commercial water damage|commercial fire damage|business restoration|office restoration|retail restoration,local_b2b,,,900,hero|og|inline-1|inline-2,service|local-business|faq|breadcrumb-list,/services/commercial-restoration/|/service-areas/jefferson-hills-pa/|/service-areas/jefferson-hills-pa/fire-damage-restoration/|/service-areas/jefferson-hills-pa/mold-remediation/|/service-areas/allison-park-pa/commercial-restoration/|/service-areas/baldwin-pa/commercial-restoration/|/contact/,6.30,planned
/service-areas/jefferson-hills-pa/emergency-plumbing/,service-area-service,"Emergency Plumbing in Jefferson Hills, PA | Katofsky Construction LLC",Emergency Plumbing in Jefferson Hills,"24/7 emergency plumbing in Jefferson Hills, PA. IICRC-certified, insurance billing accepted. Call (412) 304-9284.",emergency plumbing jefferson hills,emergency plumber|24 hour plumber|burst pipe plumber|emergency plumbing repair|24/7 plumbing,local_emergency,,,900,hero|og|inline-1|inline-2,service|local-business|faq|breadcrumb-list,/services/emergency-plumbing/|/service-areas/jefferson-hills-pa/|/service-areas/jefferson-hills-pa/fire-damage-restoration/|/service-areas/jefferson-hills-pa/mold-remediation/|/service-areas/allison-park-pa/emergency-plumbing/|/service-areas/baldwin-pa/emergency-plumbing/|/contact/,6.30,planned
/service-areas/jefferson-hills-pa/emergency-water-removal/,service-area-service,"24/7 Emergency Water Removal in Jefferson Hills, PA | Katofsky Construction LLC",24/7 Emergency Water Removal in Jefferson Hills,"24/7 24/7 emergency water removal in Jefferson Hills, PA. IICRC-certified, insurance billing accepted. Call (412) 304-9284.",24/7 emergency water removal jefferson hills,emergency water removal|emergency water damage|24 hour water damage restoration|emergency flood service|emergency water extraction,local_emergency,,,900,hero|og|inline-1|inline-2,service|local-business|faq|breadcrumb-list,/services/emergency-water-removal/|/service-areas/jefferson-hills-pa/|/service-areas/jefferson-hills-pa/fire-damage-restoration/|/service-areas/jefferson-hills-pa/mold-remediation/|/service-areas/allison-park-pa/emergency-water-removal/|/service-areas/baldwin-pa/emergency-water-removal/|/contact/,6.30,planned
/service-areas/jefferson-hills-pa/flood-damage-restoration/,service-area-service,"Flood Damage Restoration in Jefferson Hills, PA | Katofsky Construction LLC",Flood Damage Restoration in Jefferson Hills,"24/7 flood damage restoration in Jefferson Hills, PA. IICRC-certified, insurance billing accepted. Call (412) 304-9284.",flood damage restoration jefferson hills,flood cleanup|flood restoration|post-flood restoration|residential flood damage|flood damage repair,local_emergency,,,900,hero|og|inline-1|inline-2,service|local-business|faq|breadcrumb-list,/services/flood-damage-restoration/|/service-areas/jefferson-hills-pa/|/service-areas/jefferson-hills-pa/fire-damage-restoration/|/service-areas/jefferson-hills-pa/mold-remediation/|/service-areas/allison-park-pa/flood-damage-restoration/|/service-areas/baldwin-pa/flood-damage-restoration/|/contact/,6.30,planned
/service-areas/jefferson-hills-pa/reconstruction/,service-area-service,"Reconstruction Services in Jefferson Hills, PA | Katofsky Construction LLC",Reconstruction Services in Jefferson Hills,"24/7 reconstruction services in Jefferson Hills, PA. IICRC-certified, insurance billing accepted. Call (412) 304-9284.",reconstruction services jefferson hills,post-damage reconstruction|rebuild services|structural reconstruction|post-disaster rebuilding|fire damage reconstruction,local_commercial,,,900,hero|og|inline-1|inline-2,service|local-business|faq|breadcrumb-list,/services/reconstruction/|/service-areas/jefferson-hills-pa/|/service-areas/jefferson-hills-pa/fire-damage-restoration/|/service-areas/jefferson-hills-pa/mold-remediation/|/service-areas/allison-park-pa/reconstruction/|/service-areas/baldwin-pa/reconstruction/|/contact/,6.30,planned
/service-areas/jefferson-hills-pa/sewage-cleanup/,service-area-service,"Sewage Cleanup and Sanitization in Jefferson Hills, PA | Katofsky Construction LLC",Sewage Cleanup and Sanitization in Jefferson Hills,"24/7 sewage cleanup and sanitization in Jefferson Hills, PA. IICRC-certified, insurance billing accepted. Call (412) 304-9284.",sewage cleanup and sanitization jefferson hills,sewage backup cleanup|raw sewage removal|septic overflow cleanup|sewer line backup|sanitization services,local_emergency,,,900,hero|og|inline-1|inline-2,service|local-business|faq|breadcrumb-list,/services/sewage-cleanup/|/service-areas/jefferson-hills-pa/|/service-areas/jefferson-hills-pa/fire-damage-restoration/|/service-areas/jefferson-hills-pa/mold-remediation/|/service-areas/allison-park-pa/sewage-cleanup/|/service-areas/baldwin-pa/sewage-cleanup/|/contact/,6.30,planned
/service-areas/jefferson-hills-pa/smoke-damage-restoration/,service-area-service,"Smoke Damage Restoration in Jefferson Hills, PA | Katofsky Construction LLC",Smoke Damage Restoration in Jefferson Hills,"24/7 smoke damage restoration in Jefferson Hills, PA. IICRC-certified, insurance billing accepted. Call (412) 304-9284.",smoke damage restoration jefferson hills,smoke residue cleanup|smoke damage repair|post-fire smoke cleanup|smoke damage restoration services|wildfire smoke cleanup,local_emergency,,,900,hero|og|inline-1|inline-2,service|local-business|faq|breadcrumb-list,/services/smoke-damage-restoration/|/service-areas/jefferson-hills-pa/|/service-areas/jefferson-hills-pa/fire-damage-restoration/|/service-areas/jefferson-hills-pa/mold-remediation/|/service-areas/allison-park-pa/smoke-damage-restoration/|/service-areas/baldwin-pa/smoke-damage-restoration/|/contact/,6.30,planned
/service-areas/jefferson-hills-pa/storm-damage-restoration/,service-area-service,"Storm Damage Restoration in Jefferson Hills, PA | Katofsky Construction LLC",Storm Damage Restoration in Jefferson Hills,"24/7 storm damage restoration in Jefferson Hills, PA. IICRC-certified, insurance billing accepted. Call (412) 304-9284.",storm damage restoration jefferson hills,hurricane damage cleanup|tornado damage cleanup|tree damage cleanup|storm cleanup services|severe weather damage repair,local_emergency,,,900,hero|og|inline-1|inline-2,service|local-business|faq|breadcrumb-list,/services/storm-damage-restoration/|/service-areas/jefferson-hills-pa/|/service-areas/jefferson-hills-pa/fire-damage-restoration/|/service-areas/jefferson-hills-pa/mold-remediation/|/service-areas/allison-park-pa/storm-damage-restoration/|/service-areas/baldwin-pa/storm-damage-restoration/|/contact/,6.30,planned
/service-areas/jefferson-hills-pa/water-cleanup/,service-area-service,"Emergency Water Cleanup in Jefferson Hills, PA | Katofsky Construction LLC",Emergency Water Cleanup in Jefferson Hills,"24/7 emergency water cleanup in Jefferson Hills, PA. IICRC-certified, insurance billing accepted. Call (412) 304-9284.",emergency water cleanup jefferson hills,water cleanup|water damage cleanup|water clean up|emergency water cleanup|flood water cleanup|standing water removal,local_emergency,,,900,hero|og|inline-1|inline-2,service|local-business|faq|breadcrumb-list,/services/water-cleanup/|/service-areas/jefferson-hills-pa/|/service-areas/jefferson-hills-pa/fire-damage-restoration/|/service-areas/jefferson-hills-pa/mold-remediation/|/service-areas/allison-park-pa/water-cleanup/|/service-areas/baldwin-pa/water-cleanup/|/contact/,6.30,planned
/service-areas/latrobe-pa/commercial-restoration/,service-area-service,"Commercial Restoration in Latrobe, PA | Katofsky Construction LLC",Commercial Restoration in Latrobe,"24/7 commercial restoration in Latrobe, PA. IICRC-certified, insurance billing accepted. Call (412) 304-9284.",commercial restoration latrobe,commercial water damage|commercial fire damage|business restoration|office restoration|retail restoration,local_b2b,,,900,hero|og|inline-1|inline-2,service|local-business|faq|breadcrumb-list,/services/commercial-restoration/|/service-areas/latrobe-pa/|/service-areas/latrobe-pa/fire-damage-restoration/|/service-areas/latrobe-pa/mold-remediation/|/service-areas/allison-park-pa/commercial-restoration/|/service-areas/baldwin-pa/commercial-restoration/|/contact/,6.30,planned
/service-areas/latrobe-pa/emergency-plumbing/,service-area-service,"Emergency Plumbing in Latrobe, PA | Katofsky Construction LLC",Emergency Plumbing in Latrobe,"24/7 emergency plumbing in Latrobe, PA. IICRC-certified, insurance billing accepted. Call (412) 304-9284.",emergency plumbing latrobe,emergency plumber|24 hour plumber|burst pipe plumber|emergency plumbing repair|24/7 plumbing,local_emergency,,,900,hero|og|inline-1|inline-2,service|local-business|faq|breadcrumb-list,/services/emergency-plumbing/|/service-areas/latrobe-pa/|/service-areas/latrobe-pa/fire-damage-restoration/|/service-areas/latrobe-pa/mold-remediation/|/service-areas/allison-park-pa/emergency-plumbing/|/service-areas/baldwin-pa/emergency-plumbing/|/contact/,6.30,planned
/service-areas/latrobe-pa/emergency-water-removal/,service-area-service,"24/7 Emergency Water Removal in Latrobe, PA | Katofsky Construction LLC",24/7 Emergency Water Removal in Latrobe,"24/7 24/7 emergency water removal in Latrobe, PA. IICRC-certified, insurance billing accepted. Call (412) 304-9284.",24/7 emergency water removal latrobe,emergency water removal|emergency water damage|24 hour water damage restoration|emergency flood service|emergency water extraction,local_emergency,,,900,hero|og|inline-1|inline-2,service|local-business|faq|breadcrumb-list,/services/emergency-water-removal/|/service-areas/latrobe-pa/|/service-areas/latrobe-pa/fire-damage-restoration/|/service-areas/latrobe-pa/mold-remediation/|/service-areas/allison-park-pa/emergency-water-removal/|/service-areas/baldwin-pa/emergency-water-removal/|/contact/,6.30,planned
/service-areas/latrobe-pa/flood-damage-restoration/,service-area-service,"Flood Damage Restoration in Latrobe, PA | Katofsky Construction LLC",Flood Damage Restoration in Latrobe,"24/7 flood damage restoration in Latrobe, PA. IICRC-certified, insurance billing accepted. Call (412) 304-9284.",flood damage restoration latrobe,flood cleanup|flood restoration|post-flood restoration|residential flood damage|flood damage repair,local_emergency,,,900,hero|og|inline-1|inline-2,service|local-business|faq|breadcrumb-list,/services/flood-damage-restoration/|/service-areas/latrobe-pa/|/service-areas/latrobe-pa/fire-damage-restoration/|/service-areas/latrobe-pa/mold-remediation/|/service-areas/allison-park-pa/flood-damage-restoration/|/service-areas/baldwin-pa/flood-damage-restoration/|/contact/,6.30,planned
/service-areas/latrobe-pa/reconstruction/,service-area-service,"Reconstruction Services in Latrobe, PA | Katofsky Construction LLC",Reconstruction Services in Latrobe,"24/7 reconstruction services in Latrobe, PA. IICRC-certified, insurance billing accepted. Call (412) 304-9284.",reconstruction services latrobe,post-damage reconstruction|rebuild services|structural reconstruction|post-disaster rebuilding|fire damage reconstruction,local_commercial,,,900,hero|og|inline-1|inline-2,service|local-business|faq|breadcrumb-list,/services/reconstruction/|/service-areas/latrobe-pa/|/service-areas/latrobe-pa/fire-damage-restoration/|/service-areas/latrobe-pa/mold-remediation/|/service-areas/allison-park-pa/reconstruction/|/service-areas/baldwin-pa/reconstruction/|/contact/,6.30,planned
/service-areas/latrobe-pa/sewage-cleanup/,service-area-service,"Sewage Cleanup and Sanitization in Latrobe, PA | Katofsky Construction LLC",Sewage Cleanup and Sanitization in Latrobe,"24/7 sewage cleanup and sanitization in Latrobe, PA. IICRC-certified, insurance billing accepted. Call (412) 304-9284.",sewage cleanup and sanitization latrobe,sewage backup cleanup|raw sewage removal|septic overflow cleanup|sewer line backup|sanitization services,local_emergency,,,900,hero|og|inline-1|inline-2,service|local-business|faq|breadcrumb-list,/services/sewage-cleanup/|/service-areas/latrobe-pa/|/service-areas/latrobe-pa/fire-damage-restoration/|/service-areas/latrobe-pa/mold-remediation/|/service-areas/allison-park-pa/sewage-cleanup/|/service-areas/baldwin-pa/sewage-cleanup/|/contact/,6.30,planned
/service-areas/latrobe-pa/smoke-damage-restoration/,service-area-service,"Smoke Damage Restoration in Latrobe, PA | Katofsky Construction LLC",Smoke Damage Restoration in Latrobe,"24/7 smoke damage restoration in Latrobe, PA. IICRC-certified, insurance billing accepted. Call (412) 304-9284.",smoke damage restoration latrobe,smoke residue cleanup|smoke damage repair|post-fire smoke cleanup|smoke damage restoration services|wildfire smoke cleanup,local_emergency,,,900,hero|og|inline-1|inline-2,service|local-business|faq|breadcrumb-list,/services/smoke-damage-restoration/|/service-areas/latrobe-pa/|/service-areas/latrobe-pa/fire-damage-restoration/|/service-areas/latrobe-pa/mold-remediation/|/service-areas/allison-park-pa/smoke-damage-restoration/|/service-areas/baldwin-pa/smoke-damage-restoration/|/contact/,6.30,planned
/service-areas/latrobe-pa/storm-damage-restoration/,service-area-service,"Storm Damage Restoration in Latrobe, PA | Katofsky Construction LLC",Storm Damage Restoration in Latrobe,"24/7 storm damage restoration in Latrobe, PA. IICRC-certified, insurance billing accepted. Call (412) 304-9284.",storm damage restoration latrobe,hurricane damage cleanup|tornado damage cleanup|tree damage cleanup|storm cleanup services|severe weather damage repair,local_emergency,,,900,hero|og|inline-1|inline-2,service|local-business|faq|breadcrumb-list,/services/storm-damage-restoration/|/service-areas/latrobe-pa/|/service-areas/latrobe-pa/fire-damage-restoration/|/service-areas/latrobe-pa/mold-remediation/|/service-areas/allison-park-pa/storm-damage-restoration/|/service-areas/baldwin-pa/storm-damage-restoration/|/contact/,6.30,planned
/service-areas/latrobe-pa/water-cleanup/,service-area-service,"Emergency Water Cleanup in Latrobe, PA | Katofsky Construction LLC",Emergency Water Cleanup in Latrobe,"24/7 emergency water cleanup in Latrobe, PA. IICRC-certified, insurance billing accepted. Call (412) 304-9284.",emergency water cleanup latrobe,water cleanup|water damage cleanup|water clean up|emergency water cleanup|flood water cleanup|standing water removal,local_emergency,,,900,hero|og|inline-1|inline-2,service|local-business|faq|breadcrumb-list,/services/water-cleanup/|/service-areas/latrobe-pa/|/service-areas/latrobe-pa/fire-damage-restoration/|/service-areas/latrobe-pa/mold-remediation/|/service-areas/allison-park-pa/water-cleanup/|/service-areas/baldwin-pa/water-cleanup/|/contact/,6.30,planned
/service-areas/lower-burrell-pa/commercial-restoration/,service-area-service,"Commercial Restoration in Lower Burrell, PA | Katofsky Construction LLC",Commercial Restoration in Lower Burrell,"24/7 commercial restoration in Lower Burrell, PA. IICRC-certified, insurance billing accepted. Call (412) 304-9284.",commercial restoration lower burrell,commercial water damage|commercial fire damage|business restoration|office restoration|retail restoration,local_b2b,,,900,hero|og|inline-1|inline-2,service|local-business|faq|breadcrumb-list,/services/commercial-restoration/|/service-areas/lower-burrell-pa/|/service-areas/lower-burrell-pa/fire-damage-restoration/|/service-areas/lower-burrell-pa/mold-remediation/|/service-areas/allison-park-pa/commercial-restoration/|/service-areas/baldwin-pa/commercial-restoration/|/contact/,6.30,planned
/service-areas/lower-burrell-pa/emergency-plumbing/,service-area-service,"Emergency Plumbing in Lower Burrell, PA | Katofsky Construction LLC",Emergency Plumbing in Lower Burrell,"24/7 emergency plumbing in Lower Burrell, PA. IICRC-certified, insurance billing accepted. Call (412) 304-9284.",emergency plumbing lower burrell,emergency plumber|24 hour plumber|burst pipe plumber|emergency plumbing repair|24/7 plumbing,local_emergency,,,900,hero|og|inline-1|inline-2,service|local-business|faq|breadcrumb-list,/services/emergency-plumbing/|/service-areas/lower-burrell-pa/|/service-areas/lower-burrell-pa/fire-damage-restoration/|/service-areas/lower-burrell-pa/mold-remediation/|/service-areas/allison-park-pa/emergency-plumbing/|/service-areas/baldwin-pa/emergency-plumbing/|/contact/,6.30,planned
/service-areas/lower-burrell-pa/emergency-water-removal/,service-area-service,"24/7 Emergency Water Removal in Lower Burrell, PA | Katofsky Construction LLC",24/7 Emergency Water Removal in Lower Burrell,"24/7 24/7 emergency water removal in Lower Burrell, PA. IICRC-certified, insurance billing accepted. Call (412) 304-9284.",24/7 emergency water removal lower burrell,emergency water removal|emergency water damage|24 hour water damage restoration|emergency flood service|emergency water extraction,local_emergency,,,900,hero|og|inline-1|inline-2,service|local-business|faq|breadcrumb-list,/services/emergency-water-removal/|/service-areas/lower-burrell-pa/|/service-areas/lower-burrell-pa/fire-damage-restoration/|/service-areas/lower-burrell-pa/mold-remediation/|/service-areas/allison-park-pa/emergency-water-removal/|/service-areas/baldwin-pa/emergency-water-removal/|/contact/,6.30,planned
/service-areas/lower-burrell-pa/flood-damage-restoration/,service-area-service,"Flood Damage Restoration in Lower Burrell, PA | Katofsky Construction LLC",Flood Damage Restoration in Lower Burrell,"24/7 flood damage restoration in Lower Burrell, PA. IICRC-certified, insurance billing accepted. Call (412) 304-9284.",flood damage restoration lower burrell,flood cleanup|flood restoration|post-flood restoration|residential flood damage|flood damage repair,local_emergency,,,900,hero|og|inline-1|inline-2,service|local-business|faq|breadcrumb-list,/services/flood-damage-restoration/|/service-areas/lower-burrell-pa/|/service-areas/lower-burrell-pa/fire-damage-restoration/|/service-areas/lower-burrell-pa/mold-remediation/|/service-areas/allison-park-pa/flood-damage-restoration/|/service-areas/baldwin-pa/flood-damage-restoration/|/contact/,6.30,planned
/service-areas/lower-burrell-pa/reconstruction/,service-area-service,"Reconstruction Services in Lower Burrell, PA | Katofsky Construction LLC",Reconstruction Services in Lower Burrell,"24/7 reconstruction services in Lower Burrell, PA. IICRC-certified, insurance billing accepted. Call (412) 304-9284.",reconstruction services lower burrell,post-damage reconstruction|rebuild services|structural reconstruction|post-disaster rebuilding|fire damage reconstruction,local_commercial,,,900,hero|og|inline-1|inline-2,service|local-business|faq|breadcrumb-list,/services/reconstruction/|/service-areas/lower-burrell-pa/|/service-areas/lower-burrell-pa/fire-damage-restoration/|/service-areas/lower-burrell-pa/mold-remediation/|/service-areas/allison-park-pa/reconstruction/|/service-areas/baldwin-pa/reconstruction/|/contact/,6.30,planned
/service-areas/lower-burrell-pa/sewage-cleanup/,service-area-service,"Sewage Cleanup and Sanitization in Lower Burrell, PA | Katofsky Construction LLC",Sewage Cleanup and Sanitization in Lower Burrell,"24/7 sewage cleanup and sanitization in Lower Burrell, PA. IICRC-certified, insurance billing accepted. Call (412) 304-9284.",sewage cleanup and sanitization lower burrell,sewage backup cleanup|raw sewage removal|septic overflow cleanup|sewer line backup|sanitization services,local_emergency,,,900,hero|og|inline-1|inline-2,service|local-business|faq|breadcrumb-list,/services/sewage-cleanup/|/service-areas/lower-burrell-pa/|/service-areas/lower-burrell-pa/fire-damage-restoration/|/service-areas/lower-burrell-pa/mold-remediation/|/service-areas/allison-park-pa/sewage-cleanup/|/service-areas/baldwin-pa/sewage-cleanup/|/contact/,6.30,planned
/service-areas/lower-burrell-pa/smoke-damage-restoration/,service-area-service,"Smoke Damage Restoration in Lower Burrell, PA | Katofsky Construction LLC",Smoke Damage Restoration in Lower Burrell,"24/7 smoke damage restoration in Lower Burrell, PA. IICRC-certified, insurance billing accepted. Call (412) 304-9284.",smoke damage restoration lower burrell,smoke residue cleanup|smoke damage repair|post-fire smoke cleanup|smoke damage restoration services|wildfire smoke cleanup,local_emergency,,,900,hero|og|inline-1|inline-2,service|local-business|faq|breadcrumb-list,/services/smoke-damage-restoration/|/service-areas/lower-burrell-pa/|/service-areas/lower-burrell-pa/fire-damage-restoration/|/service-areas/lower-burrell-pa/mold-remediation/|/service-areas/allison-park-pa/smoke-damage-restoration/|/service-areas/baldwin-pa/smoke-damage-restoration/|/contact/,6.30,planned
/service-areas/lower-burrell-pa/storm-damage-restoration/,service-area-service,"Storm Damage Restoration in Lower Burrell, PA | Katofsky Construction LLC",Storm Damage Restoration in Lower Burrell,"24/7 storm damage restoration in Lower Burrell, PA. IICRC-certified, insurance billing accepted. Call (412) 304-9284.",storm damage restoration lower burrell,hurricane damage cleanup|tornado damage cleanup|tree damage cleanup|storm cleanup services|severe weather damage repair,local_emergency,,,900,hero|og|inline-1|inline-2,service|local-business|faq|breadcrumb-list,/services/storm-damage-restoration/|/service-areas/lower-burrell-pa/|/service-areas/lower-burrell-pa/fire-damage-restoration/|/service-areas/lower-burrell-pa/mold-remediation/|/service-areas/allison-park-pa/storm-damage-restoration/|/service-areas/baldwin-pa/storm-damage-restoration/|/contact/,6.30,planned
/service-areas/lower-burrell-pa/water-cleanup/,service-area-service,"Emergency Water Cleanup in Lower Burrell, PA | Katofsky Construction LLC",Emergency Water Cleanup in Lower Burrell,"24/7 emergency water cleanup in Lower Burrell, PA. IICRC-certified, insurance billing accepted. Call (412) 304-9284.",emergency water cleanup lower burrell,water cleanup|water damage cleanup|water clean up|emergency water cleanup|flood water cleanup|standing water removal,local_emergency,,,900,hero|og|inline-1|inline-2,service|local-business|faq|breadcrumb-list,/services/water-cleanup/|/service-areas/lower-burrell-pa/|/service-areas/lower-burrell-pa/fire-damage-restoration/|/service-areas/lower-burrell-pa/mold-remediation/|/service-areas/allison-park-pa/water-cleanup/|/service-areas/baldwin-pa/water-cleanup/|/contact/,6.30,planned
/service-areas/mccandless-pa/commercial-restoration/,service-area-service,"Commercial Restoration in McCandless, PA | Katofsky Construction LLC",Commercial Restoration in McCandless,"24/7 commercial restoration in McCandless, PA. IICRC-certified, insurance billing accepted. Call (412) 304-9284.",commercial restoration mccandless,commercial water damage|commercial fire damage|business restoration|office restoration|retail restoration,local_b2b,,,900,hero|og|inline-1|inline-2,service|local-business|faq|breadcrumb-list,/services/commercial-restoration/|/service-areas/mccandless-pa/|/service-areas/mccandless-pa/fire-damage-restoration/|/service-areas/mccandless-pa/mold-remediation/|/service-areas/allison-park-pa/commercial-restoration/|/service-areas/baldwin-pa/commercial-restoration/|/contact/,6.30,planned
/service-areas/mccandless-pa/emergency-plumbing/,service-area-service,"Emergency Plumbing in McCandless, PA | Katofsky Construction LLC",Emergency Plumbing in McCandless,"24/7 emergency plumbing in McCandless, PA. IICRC-certified, insurance billing accepted. Call (412) 304-9284.",emergency plumbing mccandless,emergency plumber|24 hour plumber|burst pipe plumber|emergency plumbing repair|24/7 plumbing,local_emergency,,,900,hero|og|inline-1|inline-2,service|local-business|faq|breadcrumb-list,/services/emergency-plumbing/|/service-areas/mccandless-pa/|/service-areas/mccandless-pa/fire-damage-restoration/|/service-areas/mccandless-pa/mold-remediation/|/service-areas/allison-park-pa/emergency-plumbing/|/service-areas/baldwin-pa/emergency-plumbing/|/contact/,6.30,planned
/service-areas/mccandless-pa/emergency-water-removal/,service-area-service,"24/7 Emergency Water Removal in McCandless, PA | Katofsky Construction LLC",24/7 Emergency Water Removal in McCandless,"24/7 24/7 emergency water removal in McCandless, PA. IICRC-certified, insurance billing accepted. Call (412) 304-9284.",24/7 emergency water removal mccandless,emergency water removal|emergency water damage|24 hour water damage restoration|emergency flood service|emergency water extraction,local_emergency,,,900,hero|og|inline-1|inline-2,service|local-business|faq|breadcrumb-list,/services/emergency-water-removal/|/service-areas/mccandless-pa/|/service-areas/mccandless-pa/fire-damage-restoration/|/service-areas/mccandless-pa/mold-remediation/|/service-areas/allison-park-pa/emergency-water-removal/|/service-areas/baldwin-pa/emergency-water-removal/|/contact/,6.30,planned
/service-areas/mccandless-pa/flood-damage-restoration/,service-area-service,"Flood Damage Restoration in McCandless, PA | Katofsky Construction LLC",Flood Damage Restoration in McCandless,"24/7 flood damage restoration in McCandless, PA. IICRC-certified, insurance billing accepted. Call (412) 304-9284.",flood damage restoration mccandless,flood cleanup|flood restoration|post-flood restoration|residential flood damage|flood damage repair,local_emergency,,,900,hero|og|inline-1|inline-2,service|local-business|faq|breadcrumb-list,/services/flood-damage-restoration/|/service-areas/mccandless-pa/|/service-areas/mccandless-pa/fire-damage-restoration/|/service-areas/mccandless-pa/mold-remediation/|/service-areas/allison-park-pa/flood-damage-restoration/|/service-areas/baldwin-pa/flood-damage-restoration/|/contact/,6.30,planned
/service-areas/mccandless-pa/reconstruction/,service-area-service,"Reconstruction Services in McCandless, PA | Katofsky Construction LLC",Reconstruction Services in McCandless,"24/7 reconstruction services in McCandless, PA. IICRC-certified, insurance billing accepted. Call (412) 304-9284.",reconstruction services mccandless,post-damage reconstruction|rebuild services|structural reconstruction|post-disaster rebuilding|fire damage reconstruction,local_commercial,,,900,hero|og|inline-1|inline-2,service|local-business|faq|breadcrumb-list,/services/reconstruction/|/service-areas/mccandless-pa/|/service-areas/mccandless-pa/fire-damage-restoration/|/service-areas/mccandless-pa/mold-remediation/|/service-areas/allison-park-pa/reconstruction/|/service-areas/baldwin-pa/reconstruction/|/contact/,6.30,planned
/service-areas/mccandless-pa/sewage-cleanup/,service-area-service,"Sewage Cleanup and Sanitization in McCandless, PA | Katofsky Construction LLC",Sewage Cleanup and Sanitization in McCandless,"24/7 sewage cleanup and sanitization in McCandless, PA. IICRC-certified, insurance billing accepted. Call (412) 304-9284.",sewage cleanup and sanitization mccandless,sewage backup cleanup|raw sewage removal|septic overflow cleanup|sewer line backup|sanitization services,local_emergency,,,900,hero|og|inline-1|inline-2,service|local-business|faq|breadcrumb-list,/services/sewage-cleanup/|/service-areas/mccandless-pa/|/service-areas/mccandless-pa/fire-damage-restoration/|/service-areas/mccandless-pa/mold-remediation/|/service-areas/allison-park-pa/sewage-cleanup/|/service-areas/baldwin-pa/sewage-cleanup/|/contact/,6.30,planned
/service-areas/mccandless-pa/smoke-damage-restoration/,service-area-service,"Smoke Damage Restoration in McCandless, PA | Katofsky Construction LLC",Smoke Damage Restoration in McCandless,"24/7 smoke damage restoration in McCandless, PA. IICRC-certified, insurance billing accepted. Call (412) 304-9284.",smoke damage restoration mccandless,smoke residue cleanup|smoke damage repair|post-fire smoke cleanup|smoke damage restoration services|wildfire smoke cleanup,local_emergency,,,900,hero|og|inline-1|inline-2,service|local-business|faq|breadcrumb-list,/services/smoke-damage-restoration/|/service-areas/mccandless-pa/|/service-areas/mccandless-pa/fire-damage-restoration/|/service-areas/mccandless-pa/mold-remediation/|/service-areas/allison-park-pa/smoke-damage-restoration/|/service-areas/baldwin-pa/smoke-damage-restoration/|/contact/,6.30,planned
/service-areas/mccandless-pa/storm-damage-restoration/,service-area-service,"Storm Damage Restoration in McCandless, PA | Katofsky Construction LLC",Storm Damage Restoration in McCandless,"24/7 storm damage restoration in McCandless, PA. IICRC-certified, insurance billing accepted. Call (412) 304-9284.",storm damage restoration mccandless,hurricane damage cleanup|tornado damage cleanup|tree damage cleanup|storm cleanup services|severe weather damage repair,local_emergency,,,900,hero|og|inline-1|inline-2,service|local-business|faq|breadcrumb-list,/services/storm-damage-restoration/|/service-areas/mccandless-pa/|/service-areas/mccandless-pa/fire-damage-restoration/|/service-areas/mccandless-pa/mold-remediation/|/service-areas/allison-park-pa/storm-damage-restoration/|/service-areas/baldwin-pa/storm-damage-restoration/|/contact/,6.30,planned
/service-areas/mccandless-pa/water-cleanup/,service-area-service,"Emergency Water Cleanup in McCandless, PA | Katofsky Construction LLC",Emergency Water Cleanup in McCandless,"24/7 emergency water cleanup in McCandless, PA. IICRC-certified, insurance billing accepted. Call (412) 304-9284.",emergency water cleanup mccandless,water cleanup|water damage cleanup|water clean up|emergency water cleanup|flood water cleanup|standing water removal,local_emergency,,,900,hero|og|inline-1|inline-2,service|local-business|faq|breadcrumb-list,/services/water-cleanup/|/service-areas/mccandless-pa/|/service-areas/mccandless-pa/fire-damage-restoration/|/service-areas/mccandless-pa/mold-remediation/|/service-areas/allison-park-pa/water-cleanup/|/service-areas/baldwin-pa/water-cleanup/|/contact/,6.30,planned
/service-areas/mckeesport-pa/commercial-restoration/,service-area-service,"Commercial Restoration in McKeesport, PA | Katofsky Construction LLC",Commercial Restoration in McKeesport,"24/7 commercial restoration in McKeesport, PA. IICRC-certified, insurance billing accepted. Call (412) 304-9284.",commercial restoration mckeesport,commercial water damage|commercial fire damage|business restoration|office restoration|retail restoration,local_b2b,,,900,hero|og|inline-1|inline-2,service|local-business|faq|breadcrumb-list,/services/commercial-restoration/|/service-areas/mckeesport-pa/|/service-areas/mckeesport-pa/fire-damage-restoration/|/service-areas/mckeesport-pa/mold-remediation/|/service-areas/allison-park-pa/commercial-restoration/|/service-areas/baldwin-pa/commercial-restoration/|/contact/,6.30,planned
/service-areas/mckeesport-pa/emergency-plumbing/,service-area-service,"Emergency Plumbing in McKeesport, PA | Katofsky Construction LLC",Emergency Plumbing in McKeesport,"24/7 emergency plumbing in McKeesport, PA. IICRC-certified, insurance billing accepted. Call (412) 304-9284.",emergency plumbing mckeesport,emergency plumber|24 hour plumber|burst pipe plumber|emergency plumbing repair|24/7 plumbing,local_emergency,,,900,hero|og|inline-1|inline-2,service|local-business|faq|breadcrumb-list,/services/emergency-plumbing/|/service-areas/mckeesport-pa/|/service-areas/mckeesport-pa/fire-damage-restoration/|/service-areas/mckeesport-pa/mold-remediation/|/service-areas/allison-park-pa/emergency-plumbing/|/service-areas/baldwin-pa/emergency-plumbing/|/contact/,6.30,planned
/service-areas/mckeesport-pa/emergency-water-removal/,service-area-service,"24/7 Emergency Water Removal in McKeesport, PA | Katofsky Construction LLC",24/7 Emergency Water Removal in McKeesport,"24/7 24/7 emergency water removal in McKeesport, PA. IICRC-certified, insurance billing accepted. Call (412) 304-9284.",24/7 emergency water removal mckeesport,emergency water removal|emergency water damage|24 hour water damage restoration|emergency flood service|emergency water extraction,local_emergency,,,900,hero|og|inline-1|inline-2,service|local-business|faq|breadcrumb-list,/services/emergency-water-removal/|/service-areas/mckeesport-pa/|/service-areas/mckeesport-pa/fire-damage-restoration/|/service-areas/mckeesport-pa/mold-remediation/|/service-areas/allison-park-pa/emergency-water-removal/|/service-areas/baldwin-pa/emergency-water-removal/|/contact/,6.30,planned
/service-areas/mckeesport-pa/flood-damage-restoration/,service-area-service,"Flood Damage Restoration in McKeesport, PA | Katofsky Construction LLC",Flood Damage Restoration in McKeesport,"24/7 flood damage restoration in McKeesport, PA. IICRC-certified, insurance billing accepted. Call (412) 304-9284.",flood damage restoration mckeesport,flood cleanup|flood restoration|post-flood restoration|residential flood damage|flood damage repair,local_emergency,,,900,hero|og|inline-1|inline-2,service|local-business|faq|breadcrumb-list,/services/flood-damage-restoration/|/service-areas/mckeesport-pa/|/service-areas/mckeesport-pa/fire-damage-restoration/|/service-areas/mckeesport-pa/mold-remediation/|/service-areas/allison-park-pa/flood-damage-restoration/|/service-areas/baldwin-pa/flood-damage-restoration/|/contact/,6.30,planned
/service-areas/mckeesport-pa/reconstruction/,service-area-service,"Reconstruction Services in McKeesport, PA | Katofsky Construction LLC",Reconstruction Services in McKeesport,"24/7 reconstruction services in McKeesport, PA. IICRC-certified, insurance billing accepted. Call (412) 304-9284.",reconstruction services mckeesport,post-damage reconstruction|rebuild services|structural reconstruction|post-disaster rebuilding|fire damage reconstruction,local_commercial,,,900,hero|og|inline-1|inline-2,service|local-business|faq|breadcrumb-list,/services/reconstruction/|/service-areas/mckeesport-pa/|/service-areas/mckeesport-pa/fire-damage-restoration/|/service-areas/mckeesport-pa/mold-remediation/|/service-areas/allison-park-pa/reconstruction/|/service-areas/baldwin-pa/reconstruction/|/contact/,6.30,planned
/service-areas/mckeesport-pa/sewage-cleanup/,service-area-service,"Sewage Cleanup and Sanitization in McKeesport, PA | Katofsky Construction LLC",Sewage Cleanup and Sanitization in McKeesport,"24/7 sewage cleanup and sanitization in McKeesport, PA. IICRC-certified, insurance billing accepted. Call (412) 304-9284.",sewage cleanup and sanitization mckeesport,sewage backup cleanup|raw sewage removal|septic overflow cleanup|sewer line backup|sanitization services,local_emergency,,,900,hero|og|inline-1|inline-2,service|local-business|faq|breadcrumb-list,/services/sewage-cleanup/|/service-areas/mckeesport-pa/|/service-areas/mckeesport-pa/fire-damage-restoration/|/service-areas/mckeesport-pa/mold-remediation/|/service-areas/allison-park-pa/sewage-cleanup/|/service-areas/baldwin-pa/sewage-cleanup/|/contact/,6.30,planned
/service-areas/mckeesport-pa/smoke-damage-restoration/,service-area-service,"Smoke Damage Restoration in McKeesport, PA | Katofsky Construction LLC",Smoke Damage Restoration in McKeesport,"24/7 smoke damage restoration in McKeesport, PA. IICRC-certified, insurance billing accepted. Call (412) 304-9284.",smoke damage restoration mckeesport,smoke residue cleanup|smoke damage repair|post-fire smoke cleanup|smoke damage restoration services|wildfire smoke cleanup,local_emergency,,,900,hero|og|inline-1|inline-2,service|local-business|faq|breadcrumb-list,/services/smoke-damage-restoration/|/service-areas/mckeesport-pa/|/service-areas/mckeesport-pa/fire-damage-restoration/|/service-areas/mckeesport-pa/mold-remediation/|/service-areas/allison-park-pa/smoke-damage-restoration/|/service-areas/baldwin-pa/smoke-damage-restoration/|/contact/,6.30,planned
/service-areas/mckeesport-pa/storm-damage-restoration/,service-area-service,"Storm Damage Restoration in McKeesport, PA | Katofsky Construction LLC",Storm Damage Restoration in McKeesport,"24/7 storm damage restoration in McKeesport, PA. IICRC-certified, insurance billing accepted. Call (412) 304-9284.",storm damage restoration mckeesport,hurricane damage cleanup|tornado damage cleanup|tree damage cleanup|storm cleanup services|severe weather damage repair,local_emergency,,,900,hero|og|inline-1|inline-2,service|local-business|faq|breadcrumb-list,/services/storm-damage-restoration/|/service-areas/mckeesport-pa/|/service-areas/mckeesport-pa/fire-damage-restoration/|/service-areas/mckeesport-pa/mold-remediation/|/service-areas/allison-park-pa/storm-damage-restoration/|/service-areas/baldwin-pa/storm-damage-restoration/|/contact/,6.30,planned
/service-areas/mckeesport-pa/water-cleanup/,service-area-service,"Emergency Water Cleanup in McKeesport, PA | Katofsky Construction LLC",Emergency Water Cleanup in McKeesport,"24/7 emergency water cleanup in McKeesport, PA. IICRC-certified, insurance billing accepted. Call (412) 304-9284.",emergency water cleanup mckeesport,water cleanup|water damage cleanup|water clean up|emergency water cleanup|flood water cleanup|standing water removal,local_emergency,,,900,hero|og|inline-1|inline-2,service|local-business|faq|breadcrumb-list,/services/water-cleanup/|/service-areas/mckeesport-pa/|/service-areas/mckeesport-pa/fire-damage-restoration/|/service-areas/mckeesport-pa/mold-remediation/|/service-areas/allison-park-pa/water-cleanup/|/service-areas/baldwin-pa/water-cleanup/|/contact/,6.30,planned
/service-areas/monroeville-pa/commercial-restoration/,service-area-service,"Commercial Restoration in Monroeville, PA | Katofsky Construction LLC",Commercial Restoration in Monroeville,"24/7 commercial restoration in Monroeville, PA. IICRC-certified, insurance billing accepted. Call (412) 304-9284.",commercial restoration monroeville,commercial water damage|commercial fire damage|business restoration|office restoration|retail restoration,local_b2b,,,900,hero|og|inline-1|inline-2,service|local-business|faq|breadcrumb-list,/services/commercial-restoration/|/service-areas/monroeville-pa/|/service-areas/monroeville-pa/fire-damage-restoration/|/service-areas/monroeville-pa/mold-remediation/|/service-areas/allison-park-pa/commercial-restoration/|/service-areas/baldwin-pa/commercial-restoration/|/contact/,6.30,planned
/service-areas/monroeville-pa/emergency-plumbing/,service-area-service,"Emergency Plumbing in Monroeville, PA | Katofsky Construction LLC",Emergency Plumbing in Monroeville,"24/7 emergency plumbing in Monroeville, PA. IICRC-certified, insurance billing accepted. Call (412) 304-9284.",emergency plumbing monroeville,emergency plumber|24 hour plumber|burst pipe plumber|emergency plumbing repair|24/7 plumbing,local_emergency,,,900,hero|og|inline-1|inline-2,service|local-business|faq|breadcrumb-list,/services/emergency-plumbing/|/service-areas/monroeville-pa/|/service-areas/monroeville-pa/fire-damage-restoration/|/service-areas/monroeville-pa/mold-remediation/|/service-areas/allison-park-pa/emergency-plumbing/|/service-areas/baldwin-pa/emergency-plumbing/|/contact/,6.30,planned
/service-areas/monroeville-pa/emergency-water-removal/,service-area-service,"24/7 Emergency Water Removal in Monroeville, PA | Katofsky Construction LLC",24/7 Emergency Water Removal in Monroeville,"24/7 24/7 emergency water removal in Monroeville, PA. IICRC-certified, insurance billing accepted. Call (412) 304-9284.",24/7 emergency water removal monroeville,emergency water removal|emergency water damage|24 hour water damage restoration|emergency flood service|emergency water extraction,local_emergency,,,900,hero|og|inline-1|inline-2,service|local-business|faq|breadcrumb-list,/services/emergency-water-removal/|/service-areas/monroeville-pa/|/service-areas/monroeville-pa/fire-damage-restoration/|/service-areas/monroeville-pa/mold-remediation/|/service-areas/allison-park-pa/emergency-water-removal/|/service-areas/baldwin-pa/emergency-water-removal/|/contact/,6.30,planned
/service-areas/monroeville-pa/flood-damage-restoration/,service-area-service,"Flood Damage Restoration in Monroeville, PA | Katofsky Construction LLC",Flood Damage Restoration in Monroeville,"24/7 flood damage restoration in Monroeville, PA. IICRC-certified, insurance billing accepted. Call (412) 304-9284.",flood damage restoration monroeville,flood cleanup|flood restoration|post-flood restoration|residential flood damage|flood damage repair,local_emergency,,,900,hero|og|inline-1|inline-2,service|local-business|faq|breadcrumb-list,/services/flood-damage-restoration/|/service-areas/monroeville-pa/|/service-areas/monroeville-pa/fire-damage-restoration/|/service-areas/monroeville-pa/mold-remediation/|/service-areas/allison-park-pa/flood-damage-restoration/|/service-areas/baldwin-pa/flood-damage-restoration/|/contact/,6.30,planned
/service-areas/monroeville-pa/reconstruction/,service-area-service,"Reconstruction Services in Monroeville, PA | Katofsky Construction LLC",Reconstruction Services in Monroeville,"24/7 reconstruction services in Monroeville, PA. IICRC-certified, insurance billing accepted. Call (412) 304-9284.",reconstruction services monroeville,post-damage reconstruction|rebuild services|structural reconstruction|post-disaster rebuilding|fire damage reconstruction,local_commercial,,,900,hero|og|inline-1|inline-2,service|local-business|faq|breadcrumb-list,/services/reconstruction/|/service-areas/monroeville-pa/|/service-areas/monroeville-pa/fire-damage-restoration/|/service-areas/monroeville-pa/mold-remediation/|/service-areas/allison-park-pa/reconstruction/|/service-areas/baldwin-pa/reconstruction/|/contact/,6.30,planned
/service-areas/monroeville-pa/sewage-cleanup/,service-area-service,"Sewage Cleanup and Sanitization in Monroeville, PA | Katofsky Construction LLC",Sewage Cleanup and Sanitization in Monroeville,"24/7 sewage cleanup and sanitization in Monroeville, PA. IICRC-certified, insurance billing accepted. Call (412) 304-9284.",sewage cleanup and sanitization monroeville,sewage backup cleanup|raw sewage removal|septic overflow cleanup|sewer line backup|sanitization services,local_emergency,,,900,hero|og|inline-1|inline-2,service|local-business|faq|breadcrumb-list,/services/sewage-cleanup/|/service-areas/monroeville-pa/|/service-areas/monroeville-pa/fire-damage-restoration/|/service-areas/monroeville-pa/mold-remediation/|/service-areas/allison-park-pa/sewage-cleanup/|/service-areas/baldwin-pa/sewage-cleanup/|/contact/,6.30,planned
/service-areas/monroeville-pa/smoke-damage-restoration/,service-area-service,"Smoke Damage Restoration in Monroeville, PA | Katofsky Construction LLC",Smoke Damage Restoration in Monroeville,"24/7 smoke damage restoration in Monroeville, PA. IICRC-certified, insurance billing accepted. Call (412) 304-9284.",smoke damage restoration monroeville,smoke residue cleanup|smoke damage repair|post-fire smoke cleanup|smoke damage restoration services|wildfire smoke cleanup,local_emergency,,,900,hero|og|inline-1|inline-2,service|local-business|faq|breadcrumb-list,/services/smoke-damage-restoration/|/service-areas/monroeville-pa/|/service-areas/monroeville-pa/fire-damage-restoration/|/service-areas/monroeville-pa/mold-remediation/|/service-areas/allison-park-pa/smoke-damage-restoration/|/service-areas/baldwin-pa/smoke-damage-restoration/|/contact/,6.30,planned
/service-areas/monroeville-pa/storm-damage-restoration/,service-area-service,"Storm Damage Restoration in Monroeville, PA | Katofsky Construction LLC",Storm Damage Restoration in Monroeville,"24/7 storm damage restoration in Monroeville, PA. IICRC-certified, insurance billing accepted. Call (412) 304-9284.",storm damage restoration monroeville,hurricane damage cleanup|tornado damage cleanup|tree damage cleanup|storm cleanup services|severe weather damage repair,local_emergency,,,900,hero|og|inline-1|inline-2,service|local-business|faq|breadcrumb-list,/services/storm-damage-restoration/|/service-areas/monroeville-pa/|/service-areas/monroeville-pa/fire-damage-restoration/|/service-areas/monroeville-pa/mold-remediation/|/service-areas/allison-park-pa/storm-damage-restoration/|/service-areas/baldwin-pa/storm-damage-restoration/|/contact/,6.30,planned
/service-areas/monroeville-pa/water-cleanup/,service-area-service,"Emergency Water Cleanup in Monroeville, PA | Katofsky Construction LLC",Emergency Water Cleanup in Monroeville,"24/7 emergency water cleanup in Monroeville, PA. IICRC-certified, insurance billing accepted. Call (412) 304-9284.",emergency water cleanup monroeville,water cleanup|water damage cleanup|water clean up|emergency water cleanup|flood water cleanup|standing water removal,local_emergency,,,900,hero|og|inline-1|inline-2,service|local-business|faq|breadcrumb-list,/services/water-cleanup/|/service-areas/monroeville-pa/|/service-areas/monroeville-pa/fire-damage-restoration/|/service-areas/monroeville-pa/mold-remediation/|/service-areas/allison-park-pa/water-cleanup/|/service-areas/baldwin-pa/water-cleanup/|/contact/,6.30,planned
/service-areas/mount-lebanon-pa/commercial-restoration/,service-area-service,"Commercial Restoration in Mount Lebanon, PA | Katofsky Construction LLC",Commercial Restoration in Mount Lebanon,"24/7 commercial restoration in Mount Lebanon, PA. IICRC-certified, insurance billing accepted. Call (412) 304-9284.",commercial restoration mount lebanon,commercial water damage|commercial fire damage|business restoration|office restoration|retail restoration,local_b2b,,,900,hero|og|inline-1|inline-2,service|local-business|faq|breadcrumb-list,/services/commercial-restoration/|/service-areas/mount-lebanon-pa/|/service-areas/mount-lebanon-pa/fire-damage-restoration/|/service-areas/mount-lebanon-pa/mold-remediation/|/service-areas/allison-park-pa/commercial-restoration/|/service-areas/baldwin-pa/commercial-restoration/|/contact/,6.30,planned
/service-areas/mount-lebanon-pa/emergency-plumbing/,service-area-service,"Emergency Plumbing in Mount Lebanon, PA | Katofsky Construction LLC",Emergency Plumbing in Mount Lebanon,"24/7 emergency plumbing in Mount Lebanon, PA. IICRC-certified, insurance billing accepted. Call (412) 304-9284.",emergency plumbing mount lebanon,emergency plumber|24 hour plumber|burst pipe plumber|emergency plumbing repair|24/7 plumbing,local_emergency,,,900,hero|og|inline-1|inline-2,service|local-business|faq|breadcrumb-list,/services/emergency-plumbing/|/service-areas/mount-lebanon-pa/|/service-areas/mount-lebanon-pa/fire-damage-restoration/|/service-areas/mount-lebanon-pa/mold-remediation/|/service-areas/allison-park-pa/emergency-plumbing/|/service-areas/baldwin-pa/emergency-plumbing/|/contact/,6.30,planned
/service-areas/mount-lebanon-pa/emergency-water-removal/,service-area-service,"24/7 Emergency Water Removal in Mount Lebanon, PA | Katofsky Construction LLC",24/7 Emergency Water Removal in Mount Lebanon,"24/7 24/7 emergency water removal in Mount Lebanon, PA. IICRC-certified, insurance billing accepted. Call (412) 304-9284.",24/7 emergency water removal mount lebanon,emergency water removal|emergency water damage|24 hour water damage restoration|emergency flood service|emergency water extraction,local_emergency,,,900,hero|og|inline-1|inline-2,service|local-business|faq|breadcrumb-list,/services/emergency-water-removal/|/service-areas/mount-lebanon-pa/|/service-areas/mount-lebanon-pa/fire-damage-restoration/|/service-areas/mount-lebanon-pa/mold-remediation/|/service-areas/allison-park-pa/emergency-water-removal/|/service-areas/baldwin-pa/emergency-water-removal/|/contact/,6.30,planned
/service-areas/mount-lebanon-pa/flood-damage-restoration/,service-area-service,"Flood Damage Restoration in Mount Lebanon, PA | Katofsky Construction LLC",Flood Damage Restoration in Mount Lebanon,"24/7 flood damage restoration in Mount Lebanon, PA. IICRC-certified, insurance billing accepted. Call (412) 304-9284.",flood damage restoration mount lebanon,flood cleanup|flood restoration|post-flood restoration|residential flood damage|flood damage repair,local_emergency,,,900,hero|og|inline-1|inline-2,service|local-business|faq|breadcrumb-list,/services/flood-damage-restoration/|/service-areas/mount-lebanon-pa/|/service-areas/mount-lebanon-pa/fire-damage-restoration/|/service-areas/mount-lebanon-pa/mold-remediation/|/service-areas/allison-park-pa/flood-damage-restoration/|/service-areas/baldwin-pa/flood-damage-restoration/|/contact/,6.30,planned
/service-areas/mount-lebanon-pa/reconstruction/,service-area-service,"Reconstruction Services in Mount Lebanon, PA | Katofsky Construction LLC",Reconstruction Services in Mount Lebanon,"24/7 reconstruction services in Mount Lebanon, PA. IICRC-certified, insurance billing accepted. Call (412) 304-9284.",reconstruction services mount lebanon,post-damage reconstruction|rebuild services|structural reconstruction|post-disaster rebuilding|fire damage reconstruction,local_commercial,,,900,hero|og|inline-1|inline-2,service|local-business|faq|breadcrumb-list,/services/reconstruction/|/service-areas/mount-lebanon-pa/|/service-areas/mount-lebanon-pa/fire-damage-restoration/|/service-areas/mount-lebanon-pa/mold-remediation/|/service-areas/allison-park-pa/reconstruction/|/service-areas/baldwin-pa/reconstruction/|/contact/,6.30,planned
/service-areas/mount-lebanon-pa/sewage-cleanup/,service-area-service,"Sewage Cleanup and Sanitization in Mount Lebanon, PA | Katofsky Construction LLC",Sewage Cleanup and Sanitization in Mount Lebanon,"24/7 sewage cleanup and sanitization in Mount Lebanon, PA. IICRC-certified, insurance billing accepted. Call (412) 304-9284.",sewage cleanup and sanitization mount lebanon,sewage backup cleanup|raw sewage removal|septic overflow cleanup|sewer line backup|sanitization services,local_emergency,,,900,hero|og|inline-1|inline-2,service|local-business|faq|breadcrumb-list,/services/sewage-cleanup/|/service-areas/mount-lebanon-pa/|/service-areas/mount-lebanon-pa/fire-damage-restoration/|/service-areas/mount-lebanon-pa/mold-remediation/|/service-areas/allison-park-pa/sewage-cleanup/|/service-areas/baldwin-pa/sewage-cleanup/|/contact/,6.30,planned
/service-areas/mount-lebanon-pa/smoke-damage-restoration/,service-area-service,"Smoke Damage Restoration in Mount Lebanon, PA | Katofsky Construction LLC",Smoke Damage Restoration in Mount Lebanon,"24/7 smoke damage restoration in Mount Lebanon, PA. IICRC-certified, insurance billing accepted. Call (412) 304-9284.",smoke damage restoration mount lebanon,smoke residue cleanup|smoke damage repair|post-fire smoke cleanup|smoke damage restoration services|wildfire smoke cleanup,local_emergency,,,900,hero|og|inline-1|inline-2,service|local-business|faq|breadcrumb-list,/services/smoke-damage-restoration/|/service-areas/mount-lebanon-pa/|/service-areas/mount-lebanon-pa/fire-damage-restoration/|/service-areas/mount-lebanon-pa/mold-remediation/|/service-areas/allison-park-pa/smoke-damage-restoration/|/service-areas/baldwin-pa/smoke-damage-restoration/|/contact/,6.30,planned
/service-areas/mount-lebanon-pa/storm-damage-restoration/,service-area-service,"Storm Damage Restoration in Mount Lebanon, PA | Katofsky Construction LLC",Storm Damage Restoration in Mount Lebanon,"24/7 storm damage restoration in Mount Lebanon, PA. IICRC-certified, insurance billing accepted. Call (412) 304-9284.",storm damage restoration mount lebanon,hurricane damage cleanup|tornado damage cleanup|tree damage cleanup|storm cleanup services|severe weather damage repair,local_emergency,,,900,hero|og|inline-1|inline-2,service|local-business|faq|breadcrumb-list,/services/storm-damage-restoration/|/service-areas/mount-lebanon-pa/|/service-areas/mount-lebanon-pa/fire-damage-restoration/|/service-areas/mount-lebanon-pa/mold-remediation/|/service-areas/allison-park-pa/storm-damage-restoration/|/service-areas/baldwin-pa/storm-damage-restoration/|/contact/,6.30,planned
/service-areas/mount-lebanon-pa/water-cleanup/,service-area-service,"Emergency Water Cleanup in Mount Lebanon, PA | Katofsky Construction LLC",Emergency Water Cleanup in Mount Lebanon,"24/7 emergency water cleanup in Mount Lebanon, PA. IICRC-certified, insurance billing accepted. Call (412) 304-9284.",emergency water cleanup mount lebanon,water cleanup|water damage cleanup|water clean up|emergency water cleanup|flood water cleanup|standing water removal,local_emergency,,,900,hero|og|inline-1|inline-2,service|local-business|faq|breadcrumb-list,/services/water-cleanup/|/service-areas/mount-lebanon-pa/|/service-areas/mount-lebanon-pa/fire-damage-restoration/|/service-areas/mount-lebanon-pa/mold-remediation/|/service-areas/allison-park-pa/water-cleanup/|/service-areas/baldwin-pa/water-cleanup/|/contact/,6.30,planned
/service-areas/munhall-pa/commercial-restoration/,service-area-service,"Commercial Restoration in Munhall, PA | Katofsky Construction LLC",Commercial Restoration in Munhall,"24/7 commercial restoration in Munhall, PA. IICRC-certified, insurance billing accepted. Call (412) 304-9284.",commercial restoration munhall,commercial water damage|commercial fire damage|business restoration|office restoration|retail restoration,local_b2b,,,900,hero|og|inline-1|inline-2,service|local-business|faq|breadcrumb-list,/services/commercial-restoration/|/service-areas/munhall-pa/|/service-areas/munhall-pa/fire-damage-restoration/|/service-areas/munhall-pa/mold-remediation/|/service-areas/allison-park-pa/commercial-restoration/|/service-areas/baldwin-pa/commercial-restoration/|/contact/,6.30,planned
/service-areas/munhall-pa/emergency-plumbing/,service-area-service,"Emergency Plumbing in Munhall, PA | Katofsky Construction LLC",Emergency Plumbing in Munhall,"24/7 emergency plumbing in Munhall, PA. IICRC-certified, insurance billing accepted. Call (412) 304-9284.",emergency plumbing munhall,emergency plumber|24 hour plumber|burst pipe plumber|emergency plumbing repair|24/7 plumbing,local_emergency,,,900,hero|og|inline-1|inline-2,service|local-business|faq|breadcrumb-list,/services/emergency-plumbing/|/service-areas/munhall-pa/|/service-areas/munhall-pa/fire-damage-restoration/|/service-areas/munhall-pa/mold-remediation/|/service-areas/allison-park-pa/emergency-plumbing/|/service-areas/baldwin-pa/emergency-plumbing/|/contact/,6.30,planned
/service-areas/munhall-pa/emergency-water-removal/,service-area-service,"24/7 Emergency Water Removal in Munhall, PA | Katofsky Construction LLC",24/7 Emergency Water Removal in Munhall,"24/7 24/7 emergency water removal in Munhall, PA. IICRC-certified, insurance billing accepted. Call (412) 304-9284.",24/7 emergency water removal munhall,emergency water removal|emergency water damage|24 hour water damage restoration|emergency flood service|emergency water extraction,local_emergency,,,900,hero|og|inline-1|inline-2,service|local-business|faq|breadcrumb-list,/services/emergency-water-removal/|/service-areas/munhall-pa/|/service-areas/munhall-pa/fire-damage-restoration/|/service-areas/munhall-pa/mold-remediation/|/service-areas/allison-park-pa/emergency-water-removal/|/service-areas/baldwin-pa/emergency-water-removal/|/contact/,6.30,planned
/service-areas/munhall-pa/flood-damage-restoration/,service-area-service,"Flood Damage Restoration in Munhall, PA | Katofsky Construction LLC",Flood Damage Restoration in Munhall,"24/7 flood damage restoration in Munhall, PA. IICRC-certified, insurance billing accepted. Call (412) 304-9284.",flood damage restoration munhall,flood cleanup|flood restoration|post-flood restoration|residential flood damage|flood damage repair,local_emergency,,,900,hero|og|inline-1|inline-2,service|local-business|faq|breadcrumb-list,/services/flood-damage-restoration/|/service-areas/munhall-pa/|/service-areas/munhall-pa/fire-damage-restoration/|/service-areas/munhall-pa/mold-remediation/|/service-areas/allison-park-pa/flood-damage-restoration/|/service-areas/baldwin-pa/flood-damage-restoration/|/contact/,6.30,planned
/service-areas/munhall-pa/reconstruction/,service-area-service,"Reconstruction Services in Munhall, PA | Katofsky Construction LLC",Reconstruction Services in Munhall,"24/7 reconstruction services in Munhall, PA. IICRC-certified, insurance billing accepted. Call (412) 304-9284.",reconstruction services munhall,post-damage reconstruction|rebuild services|structural reconstruction|post-disaster rebuilding|fire damage reconstruction,local_commercial,,,900,hero|og|inline-1|inline-2,service|local-business|faq|breadcrumb-list,/services/reconstruction/|/service-areas/munhall-pa/|/service-areas/munhall-pa/fire-damage-restoration/|/service-areas/munhall-pa/mold-remediation/|/service-areas/allison-park-pa/reconstruction/|/service-areas/baldwin-pa/reconstruction/|/contact/,6.30,planned
/service-areas/munhall-pa/sewage-cleanup/,service-area-service,"Sewage Cleanup and Sanitization in Munhall, PA | Katofsky Construction LLC",Sewage Cleanup and Sanitization in Munhall,"24/7 sewage cleanup and sanitization in Munhall, PA. IICRC-certified, insurance billing accepted. Call (412) 304-9284.",sewage cleanup and sanitization munhall,sewage backup cleanup|raw sewage removal|septic overflow cleanup|sewer line backup|sanitization services,local_emergency,,,900,hero|og|inline-1|inline-2,service|local-business|faq|breadcrumb-list,/services/sewage-cleanup/|/service-areas/munhall-pa/|/service-areas/munhall-pa/fire-damage-restoration/|/service-areas/munhall-pa/mold-remediation/|/service-areas/allison-park-pa/sewage-cleanup/|/service-areas/baldwin-pa/sewage-cleanup/|/contact/,6.30,planned
/service-areas/munhall-pa/smoke-damage-restoration/,service-area-service,"Smoke Damage Restoration in Munhall, PA | Katofsky Construction LLC",Smoke Damage Restoration in Munhall,"24/7 smoke damage restoration in Munhall, PA. IICRC-certified, insurance billing accepted. Call (412) 304-9284.",smoke damage restoration munhall,smoke residue cleanup|smoke damage repair|post-fire smoke cleanup|smoke damage restoration services|wildfire smoke cleanup,local_emergency,,,900,hero|og|inline-1|inline-2,service|local-business|faq|breadcrumb-list,/services/smoke-damage-restoration/|/service-areas/munhall-pa/|/service-areas/munhall-pa/fire-damage-restoration/|/service-areas/munhall-pa/mold-remediation/|/service-areas/allison-park-pa/smoke-damage-restoration/|/service-areas/baldwin-pa/smoke-damage-restoration/|/contact/,6.30,planned
/service-areas/munhall-pa/storm-damage-restoration/,service-area-service,"Storm Damage Restoration in Munhall, PA | Katofsky Construction LLC",Storm Damage Restoration in Munhall,"24/7 storm damage restoration in Munhall, PA. IICRC-certified, insurance billing accepted. Call (412) 304-9284.",storm damage restoration munhall,hurricane damage cleanup|tornado damage cleanup|tree damage cleanup|storm cleanup services|severe weather damage repair,local_emergency,,,900,hero|og|inline-1|inline-2,service|local-business|faq|breadcrumb-list,/services/storm-damage-restoration/|/service-areas/munhall-pa/|/service-areas/munhall-pa/fire-damage-restoration/|/service-areas/munhall-pa/mold-remediation/|/service-areas/allison-park-pa/storm-damage-restoration/|/service-areas/baldwin-pa/storm-damage-restoration/|/contact/,6.30,planned
/service-areas/munhall-pa/water-cleanup/,service-area-service,"Emergency Water Cleanup in Munhall, PA | Katofsky Construction LLC",Emergency Water Cleanup in Munhall,"24/7 emergency water cleanup in Munhall, PA. IICRC-certified, insurance billing accepted. Call (412) 304-9284.",emergency water cleanup munhall,water cleanup|water damage cleanup|water clean up|emergency water cleanup|flood water cleanup|standing water removal,local_emergency,,,900,hero|og|inline-1|inline-2,service|local-business|faq|breadcrumb-list,/services/water-cleanup/|/service-areas/munhall-pa/|/service-areas/munhall-pa/fire-damage-restoration/|/service-areas/munhall-pa/mold-remediation/|/service-areas/allison-park-pa/water-cleanup/|/service-areas/baldwin-pa/water-cleanup/|/contact/,6.30,planned
/service-areas/murrysville-pa/commercial-restoration/,service-area-service,"Commercial Restoration in Murrysville, PA | Katofsky Construction LLC",Commercial Restoration in Murrysville,"24/7 commercial restoration in Murrysville, PA. IICRC-certified, insurance billing accepted. Call (412) 304-9284.",commercial restoration murrysville,commercial water damage|commercial fire damage|business restoration|office restoration|retail restoration,local_b2b,,,900,hero|og|inline-1|inline-2,service|local-business|faq|breadcrumb-list,/services/commercial-restoration/|/service-areas/murrysville-pa/|/service-areas/murrysville-pa/fire-damage-restoration/|/service-areas/murrysville-pa/mold-remediation/|/service-areas/allison-park-pa/commercial-restoration/|/service-areas/baldwin-pa/commercial-restoration/|/contact/,6.30,planned
/service-areas/murrysville-pa/emergency-plumbing/,service-area-service,"Emergency Plumbing in Murrysville, PA | Katofsky Construction LLC",Emergency Plumbing in Murrysville,"24/7 emergency plumbing in Murrysville, PA. IICRC-certified, insurance billing accepted. Call (412) 304-9284.",emergency plumbing murrysville,emergency plumber|24 hour plumber|burst pipe plumber|emergency plumbing repair|24/7 plumbing,local_emergency,,,900,hero|og|inline-1|inline-2,service|local-business|faq|breadcrumb-list,/services/emergency-plumbing/|/service-areas/murrysville-pa/|/service-areas/murrysville-pa/fire-damage-restoration/|/service-areas/murrysville-pa/mold-remediation/|/service-areas/allison-park-pa/emergency-plumbing/|/service-areas/baldwin-pa/emergency-plumbing/|/contact/,6.30,planned
/service-areas/murrysville-pa/emergency-water-removal/,service-area-service,"24/7 Emergency Water Removal in Murrysville, PA | Katofsky Construction LLC",24/7 Emergency Water Removal in Murrysville,"24/7 24/7 emergency water removal in Murrysville, PA. IICRC-certified, insurance billing accepted. Call (412) 304-9284.",24/7 emergency water removal murrysville,emergency water removal|emergency water damage|24 hour water damage restoration|emergency flood service|emergency water extraction,local_emergency,,,900,hero|og|inline-1|inline-2,service|local-business|faq|breadcrumb-list,/services/emergency-water-removal/|/service-areas/murrysville-pa/|/service-areas/murrysville-pa/fire-damage-restoration/|/service-areas/murrysville-pa/mold-remediation/|/service-areas/allison-park-pa/emergency-water-removal/|/service-areas/baldwin-pa/emergency-water-removal/|/contact/,6.30,planned
/service-areas/murrysville-pa/flood-damage-restoration/,service-area-service,"Flood Damage Restoration in Murrysville, PA | Katofsky Construction LLC",Flood Damage Restoration in Murrysville,"24/7 flood damage restoration in Murrysville, PA. IICRC-certified, insurance billing accepted. Call (412) 304-9284.",flood damage restoration murrysville,flood cleanup|flood restoration|post-flood restoration|residential flood damage|flood damage repair,local_emergency,,,900,hero|og|inline-1|inline-2,service|local-business|faq|breadcrumb-list,/services/flood-damage-restoration/|/service-areas/murrysville-pa/|/service-areas/murrysville-pa/fire-damage-restoration/|/service-areas/murrysville-pa/mold-remediation/|/service-areas/allison-park-pa/flood-damage-restoration/|/service-areas/baldwin-pa/flood-damage-restoration/|/contact/,6.30,planned
/service-areas/murrysville-pa/reconstruction/,service-area-service,"Reconstruction Services in Murrysville, PA | Katofsky Construction LLC",Reconstruction Services in Murrysville,"24/7 reconstruction services in Murrysville, PA. IICRC-certified, insurance billing accepted. Call (412) 304-9284.",reconstruction services murrysville,post-damage reconstruction|rebuild services|structural reconstruction|post-disaster rebuilding|fire damage reconstruction,local_commercial,,,900,hero|og|inline-1|inline-2,service|local-business|faq|breadcrumb-list,/services/reconstruction/|/service-areas/murrysville-pa/|/service-areas/murrysville-pa/fire-damage-restoration/|/service-areas/murrysville-pa/mold-remediation/|/service-areas/allison-park-pa/reconstruction/|/service-areas/baldwin-pa/reconstruction/|/contact/,6.30,planned
/service-areas/murrysville-pa/sewage-cleanup/,service-area-service,"Sewage Cleanup and Sanitization in Murrysville, PA | Katofsky Construction LLC",Sewage Cleanup and Sanitization in Murrysville,"24/7 sewage cleanup and sanitization in Murrysville, PA. IICRC-certified, insurance billing accepted. Call (412) 304-9284.",sewage cleanup and sanitization murrysville,sewage backup cleanup|raw sewage removal|septic overflow cleanup|sewer line backup|sanitization services,local_emergency,,,900,hero|og|inline-1|inline-2,service|local-business|faq|breadcrumb-list,/services/sewage-cleanup/|/service-areas/murrysville-pa/|/service-areas/murrysville-pa/fire-damage-restoration/|/service-areas/murrysville-pa/mold-remediation/|/service-areas/allison-park-pa/sewage-cleanup/|/service-areas/baldwin-pa/sewage-cleanup/|/contact/,6.30,planned
/service-areas/murrysville-pa/smoke-damage-restoration/,service-area-service,"Smoke Damage Restoration in Murrysville, PA | Katofsky Construction LLC",Smoke Damage Restoration in Murrysville,"24/7 smoke damage restoration in Murrysville, PA. IICRC-certified, insurance billing accepted. Call (412) 304-9284.",smoke damage restoration murrysville,smoke residue cleanup|smoke damage repair|post-fire smoke cleanup|smoke damage restoration services|wildfire smoke cleanup,local_emergency,,,900,hero|og|inline-1|inline-2,service|local-business|faq|breadcrumb-list,/services/smoke-damage-restoration/|/service-areas/murrysville-pa/|/service-areas/murrysville-pa/fire-damage-restoration/|/service-areas/murrysville-pa/mold-remediation/|/service-areas/allison-park-pa/smoke-damage-restoration/|/service-areas/baldwin-pa/smoke-damage-restoration/|/contact/,6.30,planned
/service-areas/murrysville-pa/storm-damage-restoration/,service-area-service,"Storm Damage Restoration in Murrysville, PA | Katofsky Construction LLC",Storm Damage Restoration in Murrysville,"24/7 storm damage restoration in Murrysville, PA. IICRC-certified, insurance billing accepted. Call (412) 304-9284.",storm damage restoration murrysville,hurricane damage cleanup|tornado damage cleanup|tree damage cleanup|storm cleanup services|severe weather damage repair,local_emergency,,,900,hero|og|inline-1|inline-2,service|local-business|faq|breadcrumb-list,/services/storm-damage-restoration/|/service-areas/murrysville-pa/|/service-areas/murrysville-pa/fire-damage-restoration/|/service-areas/murrysville-pa/mold-remediation/|/service-areas/allison-park-pa/storm-damage-restoration/|/service-areas/baldwin-pa/storm-damage-restoration/|/contact/,6.30,planned
/service-areas/murrysville-pa/water-cleanup/,service-area-service,"Emergency Water Cleanup in Murrysville, PA | Katofsky Construction LLC",Emergency Water Cleanup in Murrysville,"24/7 emergency water cleanup in Murrysville, PA. IICRC-certified, insurance billing accepted. Call (412) 304-9284.",emergency water cleanup murrysville,water cleanup|water damage cleanup|water clean up|emergency water cleanup|flood water cleanup|standing water removal,local_emergency,,,900,hero|og|inline-1|inline-2,service|local-business|faq|breadcrumb-list,/services/water-cleanup/|/service-areas/murrysville-pa/|/service-areas/murrysville-pa/fire-damage-restoration/|/service-areas/murrysville-pa/mold-remediation/|/service-areas/allison-park-pa/water-cleanup/|/service-areas/baldwin-pa/water-cleanup/|/contact/,6.30,planned
/service-areas/new-kensington-pa/commercial-restoration/,service-area-service,"Commercial Restoration in New Kensington, PA | Katofsky Construction LLC",Commercial Restoration in New Kensington,"24/7 commercial restoration in New Kensington, PA. IICRC-certified, insurance billing accepted. Call (412) 304-9284.",commercial restoration new kensington,commercial water damage|commercial fire damage|business restoration|office restoration|retail restoration,local_b2b,,,900,hero|og|inline-1|inline-2,service|local-business|faq|breadcrumb-list,/services/commercial-restoration/|/service-areas/new-kensington-pa/|/service-areas/new-kensington-pa/fire-damage-restoration/|/service-areas/new-kensington-pa/mold-remediation/|/service-areas/allison-park-pa/commercial-restoration/|/service-areas/baldwin-pa/commercial-restoration/|/contact/,6.30,planned
/service-areas/new-kensington-pa/emergency-plumbing/,service-area-service,"Emergency Plumbing in New Kensington, PA | Katofsky Construction LLC",Emergency Plumbing in New Kensington,"24/7 emergency plumbing in New Kensington, PA. IICRC-certified, insurance billing accepted. Call (412) 304-9284.",emergency plumbing new kensington,emergency plumber|24 hour plumber|burst pipe plumber|emergency plumbing repair|24/7 plumbing,local_emergency,,,900,hero|og|inline-1|inline-2,service|local-business|faq|breadcrumb-list,/services/emergency-plumbing/|/service-areas/new-kensington-pa/|/service-areas/new-kensington-pa/fire-damage-restoration/|/service-areas/new-kensington-pa/mold-remediation/|/service-areas/allison-park-pa/emergency-plumbing/|/service-areas/baldwin-pa/emergency-plumbing/|/contact/,6.30,planned
/service-areas/new-kensington-pa/emergency-water-removal/,service-area-service,"24/7 Emergency Water Removal in New Kensington, PA | Katofsky Construction LLC",24/7 Emergency Water Removal in New Kensington,"24/7 24/7 emergency water removal in New Kensington, PA. IICRC-certified, insurance billing accepted. Call (412) 304-9284.",24/7 emergency water removal new kensington,emergency water removal|emergency water damage|24 hour water damage restoration|emergency flood service|emergency water extraction,local_emergency,,,900,hero|og|inline-1|inline-2,service|local-business|faq|breadcrumb-list,/services/emergency-water-removal/|/service-areas/new-kensington-pa/|/service-areas/new-kensington-pa/fire-damage-restoration/|/service-areas/new-kensington-pa/mold-remediation/|/service-areas/allison-park-pa/emergency-water-removal/|/service-areas/baldwin-pa/emergency-water-removal/|/contact/,6.30,planned
/service-areas/new-kensington-pa/flood-damage-restoration/,service-area-service,"Flood Damage Restoration in New Kensington, PA | Katofsky Construction LLC",Flood Damage Restoration in New Kensington,"24/7 flood damage restoration in New Kensington, PA. IICRC-certified, insurance billing accepted. Call (412) 304-9284.",flood damage restoration new kensington,flood cleanup|flood restoration|post-flood restoration|residential flood damage|flood damage repair,local_emergency,,,900,hero|og|inline-1|inline-2,service|local-business|faq|breadcrumb-list,/services/flood-damage-restoration/|/service-areas/new-kensington-pa/|/service-areas/new-kensington-pa/fire-damage-restoration/|/service-areas/new-kensington-pa/mold-remediation/|/service-areas/allison-park-pa/flood-damage-restoration/|/service-areas/baldwin-pa/flood-damage-restoration/|/contact/,6.30,planned
/service-areas/new-kensington-pa/reconstruction/,service-area-service,"Reconstruction Services in New Kensington, PA | Katofsky Construction LLC",Reconstruction Services in New Kensington,"24/7 reconstruction services in New Kensington, PA. IICRC-certified, insurance billing accepted. Call (412) 304-9284.",reconstruction services new kensington,post-damage reconstruction|rebuild services|structural reconstruction|post-disaster rebuilding|fire damage reconstruction,local_commercial,,,900,hero|og|inline-1|inline-2,service|local-business|faq|breadcrumb-list,/services/reconstruction/|/service-areas/new-kensington-pa/|/service-areas/new-kensington-pa/fire-damage-restoration/|/service-areas/new-kensington-pa/mold-remediation/|/service-areas/allison-park-pa/reconstruction/|/service-areas/baldwin-pa/reconstruction/|/contact/,6.30,planned
/service-areas/new-kensington-pa/sewage-cleanup/,service-area-service,"Sewage Cleanup and Sanitization in New Kensington, PA | Katofsky Construction LLC",Sewage Cleanup and Sanitization in New Kensington,"24/7 sewage cleanup and sanitization in New Kensington, PA. IICRC-certified, insurance billing accepted. Call (412) 304-9284.",sewage cleanup and sanitization new kensington,sewage backup cleanup|raw sewage removal|septic overflow cleanup|sewer line backup|sanitization services,local_emergency,,,900,hero|og|inline-1|inline-2,service|local-business|faq|breadcrumb-list,/services/sewage-cleanup/|/service-areas/new-kensington-pa/|/service-areas/new-kensington-pa/fire-damage-restoration/|/service-areas/new-kensington-pa/mold-remediation/|/service-areas/allison-park-pa/sewage-cleanup/|/service-areas/baldwin-pa/sewage-cleanup/|/contact/,6.30,planned
/service-areas/new-kensington-pa/smoke-damage-restoration/,service-area-service,"Smoke Damage Restoration in New Kensington, PA | Katofsky Construction LLC",Smoke Damage Restoration in New Kensington,"24/7 smoke damage restoration in New Kensington, PA. IICRC-certified, insurance billing accepted. Call (412) 304-9284.",smoke damage restoration new kensington,smoke residue cleanup|smoke damage repair|post-fire smoke cleanup|smoke damage restoration services|wildfire smoke cleanup,local_emergency,,,900,hero|og|inline-1|inline-2,service|local-business|faq|breadcrumb-list,/services/smoke-damage-restoration/|/service-areas/new-kensington-pa/|/service-areas/new-kensington-pa/fire-damage-restoration/|/service-areas/new-kensington-pa/mold-remediation/|/service-areas/allison-park-pa/smoke-damage-restoration/|/service-areas/baldwin-pa/smoke-damage-restoration/|/contact/,6.30,planned
/service-areas/new-kensington-pa/storm-damage-restoration/,service-area-service,"Storm Damage Restoration in New Kensington, PA | Katofsky Construction LLC",Storm Damage Restoration in New Kensington,"24/7 storm damage restoration in New Kensington, PA. IICRC-certified, insurance billing accepted. Call (412) 304-9284.",storm damage restoration new kensington,hurricane damage cleanup|tornado damage cleanup|tree damage cleanup|storm cleanup services|severe weather damage repair,local_emergency,,,900,hero|og|inline-1|inline-2,service|local-business|faq|breadcrumb-list,/services/storm-damage-restoration/|/service-areas/new-kensington-pa/|/service-areas/new-kensington-pa/fire-damage-restoration/|/service-areas/new-kensington-pa/mold-remediation/|/service-areas/allison-park-pa/storm-damage-restoration/|/service-areas/baldwin-pa/storm-damage-restoration/|/contact/,6.30,planned
/service-areas/new-kensington-pa/water-cleanup/,service-area-service,"Emergency Water Cleanup in New Kensington, PA | Katofsky Construction LLC",Emergency Water Cleanup in New Kensington,"24/7 emergency water cleanup in New Kensington, PA. IICRC-certified, insurance billing accepted. Call (412) 304-9284.",emergency water cleanup new kensington,water cleanup|water damage cleanup|water clean up|emergency water cleanup|flood water cleanup|standing water removal,local_emergency,,,900,hero|og|inline-1|inline-2,service|local-business|faq|breadcrumb-list,/services/water-cleanup/|/service-areas/new-kensington-pa/|/service-areas/new-kensington-pa/fire-damage-restoration/|/service-areas/new-kensington-pa/mold-remediation/|/service-areas/allison-park-pa/water-cleanup/|/service-areas/baldwin-pa/water-cleanup/|/contact/,6.30,planned
/service-areas/north-huntingdon-pa/commercial-restoration/,service-area-service,"Commercial Restoration in North Huntingdon, PA | Katofsky Construction LLC",Commercial Restoration in North Huntingdon,"24/7 commercial restoration in North Huntingdon, PA. IICRC-certified, insurance billing accepted. Call (412) 304-9284.",commercial restoration north huntingdon,commercial water damage|commercial fire damage|business restoration|office restoration|retail restoration,local_b2b,,,900,hero|og|inline-1|inline-2,service|local-business|faq|breadcrumb-list,/services/commercial-restoration/|/service-areas/north-huntingdon-pa/|/service-areas/north-huntingdon-pa/fire-damage-restoration/|/service-areas/north-huntingdon-pa/mold-remediation/|/service-areas/allison-park-pa/commercial-restoration/|/service-areas/baldwin-pa/commercial-restoration/|/contact/,6.30,planned
/service-areas/north-huntingdon-pa/emergency-plumbing/,service-area-service,"Emergency Plumbing in North Huntingdon, PA | Katofsky Construction LLC",Emergency Plumbing in North Huntingdon,"24/7 emergency plumbing in North Huntingdon, PA. IICRC-certified, insurance billing accepted. Call (412) 304-9284.",emergency plumbing north huntingdon,emergency plumber|24 hour plumber|burst pipe plumber|emergency plumbing repair|24/7 plumbing,local_emergency,,,900,hero|og|inline-1|inline-2,service|local-business|faq|breadcrumb-list,/services/emergency-plumbing/|/service-areas/north-huntingdon-pa/|/service-areas/north-huntingdon-pa/fire-damage-restoration/|/service-areas/north-huntingdon-pa/mold-remediation/|/service-areas/allison-park-pa/emergency-plumbing/|/service-areas/baldwin-pa/emergency-plumbing/|/contact/,6.30,planned
/service-areas/north-huntingdon-pa/emergency-water-removal/,service-area-service,"24/7 Emergency Water Removal in North Huntingdon, PA | Katofsky Construction LLC",24/7 Emergency Water Removal in North Huntingdon,"24/7 24/7 emergency water removal in North Huntingdon, PA. IICRC-certified, insurance billing accepted. Call (412) 304-9284.",24/7 emergency water removal north huntingdon,emergency water removal|emergency water damage|24 hour water damage restoration|emergency flood service|emergency water extraction,local_emergency,,,900,hero|og|inline-1|inline-2,service|local-business|faq|breadcrumb-list,/services/emergency-water-removal/|/service-areas/north-huntingdon-pa/|/service-areas/north-huntingdon-pa/fire-damage-restoration/|/service-areas/north-huntingdon-pa/mold-remediation/|/service-areas/allison-park-pa/emergency-water-removal/|/service-areas/baldwin-pa/emergency-water-removal/|/contact/,6.30,planned
/service-areas/north-huntingdon-pa/flood-damage-restoration/,service-area-service,"Flood Damage Restoration in North Huntingdon, PA | Katofsky Construction LLC",Flood Damage Restoration in North Huntingdon,"24/7 flood damage restoration in North Huntingdon, PA. IICRC-certified, insurance billing accepted. Call (412) 304-9284.",flood damage restoration north huntingdon,flood cleanup|flood restoration|post-flood restoration|residential flood damage|flood damage repair,local_emergency,,,900,hero|og|inline-1|inline-2,service|local-business|faq|breadcrumb-list,/services/flood-damage-restoration/|/service-areas/north-huntingdon-pa/|/service-areas/north-huntingdon-pa/fire-damage-restoration/|/service-areas/north-huntingdon-pa/mold-remediation/|/service-areas/allison-park-pa/flood-damage-restoration/|/service-areas/baldwin-pa/flood-damage-restoration/|/contact/,6.30,planned
/service-areas/north-huntingdon-pa/reconstruction/,service-area-service,"Reconstruction Services in North Huntingdon, PA | Katofsky Construction LLC",Reconstruction Services in North Huntingdon,"24/7 reconstruction services in North Huntingdon, PA. IICRC-certified, insurance billing accepted. Call (412) 304-9284.",reconstruction services north huntingdon,post-damage reconstruction|rebuild services|structural reconstruction|post-disaster rebuilding|fire damage reconstruction,local_commercial,,,900,hero|og|inline-1|inline-2,service|local-business|faq|breadcrumb-list,/services/reconstruction/|/service-areas/north-huntingdon-pa/|/service-areas/north-huntingdon-pa/fire-damage-restoration/|/service-areas/north-huntingdon-pa/mold-remediation/|/service-areas/allison-park-pa/reconstruction/|/service-areas/baldwin-pa/reconstruction/|/contact/,6.30,planned
/service-areas/north-huntingdon-pa/sewage-cleanup/,service-area-service,"Sewage Cleanup and Sanitization in North Huntingdon, PA | Katofsky Construction LLC",Sewage Cleanup and Sanitization in North Huntingdon,"24/7 sewage cleanup and sanitization in North Huntingdon, PA. IICRC-certified, insurance billing accepted. Call (412) 304-9284.",sewage cleanup and sanitization north huntingdon,sewage backup cleanup|raw sewage removal|septic overflow cleanup|sewer line backup|sanitization services,local_emergency,,,900,hero|og|inline-1|inline-2,service|local-business|faq|breadcrumb-list,/services/sewage-cleanup/|/service-areas/north-huntingdon-pa/|/service-areas/north-huntingdon-pa/fire-damage-restoration/|/service-areas/north-huntingdon-pa/mold-remediation/|/service-areas/allison-park-pa/sewage-cleanup/|/service-areas/baldwin-pa/sewage-cleanup/|/contact/,6.30,planned
/service-areas/north-huntingdon-pa/smoke-damage-restoration/,service-area-service,"Smoke Damage Restoration in North Huntingdon, PA | Katofsky Construction LLC",Smoke Damage Restoration in North Huntingdon,"24/7 smoke damage restoration in North Huntingdon, PA. IICRC-certified, insurance billing accepted. Call (412) 304-9284.",smoke damage restoration north huntingdon,smoke residue cleanup|smoke damage repair|post-fire smoke cleanup|smoke damage restoration services|wildfire smoke cleanup,local_emergency,,,900,hero|og|inline-1|inline-2,service|local-business|faq|breadcrumb-list,/services/smoke-damage-restoration/|/service-areas/north-huntingdon-pa/|/service-areas/north-huntingdon-pa/fire-damage-restoration/|/service-areas/north-huntingdon-pa/mold-remediation/|/service-areas/allison-park-pa/smoke-damage-restoration/|/service-areas/baldwin-pa/smoke-damage-restoration/|/contact/,6.30,planned
/service-areas/north-huntingdon-pa/storm-damage-restoration/,service-area-service,"Storm Damage Restoration in North Huntingdon, PA | Katofsky Construction LLC",Storm Damage Restoration in North Huntingdon,"24/7 storm damage restoration in North Huntingdon, PA. IICRC-certified, insurance billing accepted. Call (412) 304-9284.",storm damage restoration north huntingdon,hurricane damage cleanup|tornado damage cleanup|tree damage cleanup|storm cleanup services|severe weather damage repair,local_emergency,,,900,hero|og|inline-1|inline-2,service|local-business|faq|breadcrumb-list,/services/storm-damage-restoration/|/service-areas/north-huntingdon-pa/|/service-areas/north-huntingdon-pa/fire-damage-restoration/|/service-areas/north-huntingdon-pa/mold-remediation/|/service-areas/allison-park-pa/storm-damage-restoration/|/service-areas/baldwin-pa/storm-damage-restoration/|/contact/,6.30,planned
/service-areas/north-huntingdon-pa/water-cleanup/,service-area-service,"Emergency Water Cleanup in North Huntingdon, PA | Katofsky Construction LLC",Emergency Water Cleanup in North Huntingdon,"24/7 emergency water cleanup in North Huntingdon, PA. IICRC-certified, insurance billing accepted. Call (412) 304-9284.",emergency water cleanup north huntingdon,water cleanup|water damage cleanup|water clean up|emergency water cleanup|flood water cleanup|standing water removal,local_emergency,,,900,hero|og|inline-1|inline-2,service|local-business|faq|breadcrumb-list,/services/water-cleanup/|/service-areas/north-huntingdon-pa/|/service-areas/north-huntingdon-pa/fire-damage-restoration/|/service-areas/north-huntingdon-pa/mold-remediation/|/service-areas/allison-park-pa/water-cleanup/|/service-areas/baldwin-pa/water-cleanup/|/contact/,6.30,planned
/service-areas/penn-hills-pa/commercial-restoration/,service-area-service,"Commercial Restoration in Penn Hills, PA | Katofsky Construction LLC",Commercial Restoration in Penn Hills,"24/7 commercial restoration in Penn Hills, PA. IICRC-certified, insurance billing accepted. Call (412) 304-9284.",commercial restoration penn hills,commercial water damage|commercial fire damage|business restoration|office restoration|retail restoration,local_b2b,,,900,hero|og|inline-1|inline-2,service|local-business|faq|breadcrumb-list,/services/commercial-restoration/|/service-areas/penn-hills-pa/|/service-areas/penn-hills-pa/fire-damage-restoration/|/service-areas/penn-hills-pa/mold-remediation/|/service-areas/allison-park-pa/commercial-restoration/|/service-areas/baldwin-pa/commercial-restoration/|/contact/,6.30,planned
/service-areas/penn-hills-pa/emergency-plumbing/,service-area-service,"Emergency Plumbing in Penn Hills, PA | Katofsky Construction LLC",Emergency Plumbing in Penn Hills,"24/7 emergency plumbing in Penn Hills, PA. IICRC-certified, insurance billing accepted. Call (412) 304-9284.",emergency plumbing penn hills,emergency plumber|24 hour plumber|burst pipe plumber|emergency plumbing repair|24/7 plumbing,local_emergency,,,900,hero|og|inline-1|inline-2,service|local-business|faq|breadcrumb-list,/services/emergency-plumbing/|/service-areas/penn-hills-pa/|/service-areas/penn-hills-pa/fire-damage-restoration/|/service-areas/penn-hills-pa/mold-remediation/|/service-areas/allison-park-pa/emergency-plumbing/|/service-areas/baldwin-pa/emergency-plumbing/|/contact/,6.30,planned
/service-areas/penn-hills-pa/emergency-water-removal/,service-area-service,"24/7 Emergency Water Removal in Penn Hills, PA | Katofsky Construction LLC",24/7 Emergency Water Removal in Penn Hills,"24/7 24/7 emergency water removal in Penn Hills, PA. IICRC-certified, insurance billing accepted. Call (412) 304-9284.",24/7 emergency water removal penn hills,emergency water removal|emergency water damage|24 hour water damage restoration|emergency flood service|emergency water extraction,local_emergency,,,900,hero|og|inline-1|inline-2,service|local-business|faq|breadcrumb-list,/services/emergency-water-removal/|/service-areas/penn-hills-pa/|/service-areas/penn-hills-pa/fire-damage-restoration/|/service-areas/penn-hills-pa/mold-remediation/|/service-areas/allison-park-pa/emergency-water-removal/|/service-areas/baldwin-pa/emergency-water-removal/|/contact/,6.30,planned
/service-areas/penn-hills-pa/flood-damage-restoration/,service-area-service,"Flood Damage Restoration in Penn Hills, PA | Katofsky Construction LLC",Flood Damage Restoration in Penn Hills,"24/7 flood damage restoration in Penn Hills, PA. IICRC-certified, insurance billing accepted. Call (412) 304-9284.",flood damage restoration penn hills,flood cleanup|flood restoration|post-flood restoration|residential flood damage|flood damage repair,local_emergency,,,900,hero|og|inline-1|inline-2,service|local-business|faq|breadcrumb-list,/services/flood-damage-restoration/|/service-areas/penn-hills-pa/|/service-areas/penn-hills-pa/fire-damage-restoration/|/service-areas/penn-hills-pa/mold-remediation/|/service-areas/allison-park-pa/flood-damage-restoration/|/service-areas/baldwin-pa/flood-damage-restoration/|/contact/,6.30,planned
/service-areas/penn-hills-pa/reconstruction/,service-area-service,"Reconstruction Services in Penn Hills, PA | Katofsky Construction LLC",Reconstruction Services in Penn Hills,"24/7 reconstruction services in Penn Hills, PA. IICRC-certified, insurance billing accepted. Call (412) 304-9284.",reconstruction services penn hills,post-damage reconstruction|rebuild services|structural reconstruction|post-disaster rebuilding|fire damage reconstruction,local_commercial,,,900,hero|og|inline-1|inline-2,service|local-business|faq|breadcrumb-list,/services/reconstruction/|/service-areas/penn-hills-pa/|/service-areas/penn-hills-pa/fire-damage-restoration/|/service-areas/penn-hills-pa/mold-remediation/|/service-areas/allison-park-pa/reconstruction/|/service-areas/baldwin-pa/reconstruction/|/contact/,6.30,planned
/service-areas/penn-hills-pa/sewage-cleanup/,service-area-service,"Sewage Cleanup and Sanitization in Penn Hills, PA | Katofsky Construction LLC",Sewage Cleanup and Sanitization in Penn Hills,"24/7 sewage cleanup and sanitization in Penn Hills, PA. IICRC-certified, insurance billing accepted. Call (412) 304-9284.",sewage cleanup and sanitization penn hills,sewage backup cleanup|raw sewage removal|septic overflow cleanup|sewer line backup|sanitization services,local_emergency,,,900,hero|og|inline-1|inline-2,service|local-business|faq|breadcrumb-list,/services/sewage-cleanup/|/service-areas/penn-hills-pa/|/service-areas/penn-hills-pa/fire-damage-restoration/|/service-areas/penn-hills-pa/mold-remediation/|/service-areas/allison-park-pa/sewage-cleanup/|/service-areas/baldwin-pa/sewage-cleanup/|/contact/,6.30,planned
/service-areas/penn-hills-pa/smoke-damage-restoration/,service-area-service,"Smoke Damage Restoration in Penn Hills, PA | Katofsky Construction LLC",Smoke Damage Restoration in Penn Hills,"24/7 smoke damage restoration in Penn Hills, PA. IICRC-certified, insurance billing accepted. Call (412) 304-9284.",smoke damage restoration penn hills,smoke residue cleanup|smoke damage repair|post-fire smoke cleanup|smoke damage restoration services|wildfire smoke cleanup,local_emergency,,,900,hero|og|inline-1|inline-2,service|local-business|faq|breadcrumb-list,/services/smoke-damage-restoration/|/service-areas/penn-hills-pa/|/service-areas/penn-hills-pa/fire-damage-restoration/|/service-areas/penn-hills-pa/mold-remediation/|/service-areas/allison-park-pa/smoke-damage-restoration/|/service-areas/baldwin-pa/smoke-damage-restoration/|/contact/,6.30,planned
/service-areas/penn-hills-pa/storm-damage-restoration/,service-area-service,"Storm Damage Restoration in Penn Hills, PA | Katofsky Construction LLC",Storm Damage Restoration in Penn Hills,"24/7 storm damage restoration in Penn Hills, PA. IICRC-certified, insurance billing accepted. Call (412) 304-9284.",storm damage restoration penn hills,hurricane damage cleanup|tornado damage cleanup|tree damage cleanup|storm cleanup services|severe weather damage repair,local_emergency,,,900,hero|og|inline-1|inline-2,service|local-business|faq|breadcrumb-list,/services/storm-damage-restoration/|/service-areas/penn-hills-pa/|/service-areas/penn-hills-pa/fire-damage-restoration/|/service-areas/penn-hills-pa/mold-remediation/|/service-areas/allison-park-pa/storm-damage-restoration/|/service-areas/baldwin-pa/storm-damage-restoration/|/contact/,6.30,planned
/service-areas/penn-hills-pa/water-cleanup/,service-area-service,"Emergency Water Cleanup in Penn Hills, PA | Katofsky Construction LLC",Emergency Water Cleanup in Penn Hills,"24/7 emergency water cleanup in Penn Hills, PA. IICRC-certified, insurance billing accepted. Call (412) 304-9284.",emergency water cleanup penn hills,water cleanup|water damage cleanup|water clean up|emergency water cleanup|flood water cleanup|standing water removal,local_emergency,,,900,hero|og|inline-1|inline-2,service|local-business|faq|breadcrumb-list,/services/water-cleanup/|/service-areas/penn-hills-pa/|/service-areas/penn-hills-pa/fire-damage-restoration/|/service-areas/penn-hills-pa/mold-remediation/|/service-areas/allison-park-pa/water-cleanup/|/service-areas/baldwin-pa/water-cleanup/|/contact/,6.30,planned
/service-areas/pleasant-hills-pa/commercial-restoration/,service-area-service,"Commercial Restoration in Pleasant Hills, PA | Katofsky Construction LLC",Commercial Restoration in Pleasant Hills,"24/7 commercial restoration in Pleasant Hills, PA. IICRC-certified, insurance billing accepted. Call (412) 304-9284.",commercial restoration pleasant hills,commercial water damage|commercial fire damage|business restoration|office restoration|retail restoration,local_b2b,,,900,hero|og|inline-1|inline-2,service|local-business|faq|breadcrumb-list,/services/commercial-restoration/|/service-areas/pleasant-hills-pa/|/service-areas/pleasant-hills-pa/fire-damage-restoration/|/service-areas/pleasant-hills-pa/mold-remediation/|/service-areas/allison-park-pa/commercial-restoration/|/service-areas/baldwin-pa/commercial-restoration/|/contact/,6.30,planned
/service-areas/pleasant-hills-pa/emergency-plumbing/,service-area-service,"Emergency Plumbing in Pleasant Hills, PA | Katofsky Construction LLC",Emergency Plumbing in Pleasant Hills,"24/7 emergency plumbing in Pleasant Hills, PA. IICRC-certified, insurance billing accepted. Call (412) 304-9284.",emergency plumbing pleasant hills,emergency plumber|24 hour plumber|burst pipe plumber|emergency plumbing repair|24/7 plumbing,local_emergency,,,900,hero|og|inline-1|inline-2,service|local-business|faq|breadcrumb-list,/services/emergency-plumbing/|/service-areas/pleasant-hills-pa/|/service-areas/pleasant-hills-pa/fire-damage-restoration/|/service-areas/pleasant-hills-pa/mold-remediation/|/service-areas/allison-park-pa/emergency-plumbing/|/service-areas/baldwin-pa/emergency-plumbing/|/contact/,6.30,planned
/service-areas/pleasant-hills-pa/emergency-water-removal/,service-area-service,"24/7 Emergency Water Removal in Pleasant Hills, PA | Katofsky Construction LLC",24/7 Emergency Water Removal in Pleasant Hills,"24/7 24/7 emergency water removal in Pleasant Hills, PA. IICRC-certified, insurance billing accepted. Call (412) 304-9284.",24/7 emergency water removal pleasant hills,emergency water removal|emergency water damage|24 hour water damage restoration|emergency flood service|emergency water extraction,local_emergency,,,900,hero|og|inline-1|inline-2,service|local-business|faq|breadcrumb-list,/services/emergency-water-removal/|/service-areas/pleasant-hills-pa/|/service-areas/pleasant-hills-pa/fire-damage-restoration/|/service-areas/pleasant-hills-pa/mold-remediation/|/service-areas/allison-park-pa/emergency-water-removal/|/service-areas/baldwin-pa/emergency-water-removal/|/contact/,6.30,planned
/service-areas/pleasant-hills-pa/flood-damage-restoration/,service-area-service,"Flood Damage Restoration in Pleasant Hills, PA | Katofsky Construction LLC",Flood Damage Restoration in Pleasant Hills,"24/7 flood damage restoration in Pleasant Hills, PA. IICRC-certified, insurance billing accepted. Call (412) 304-9284.",flood damage restoration pleasant hills,flood cleanup|flood restoration|post-flood restoration|residential flood damage|flood damage repair,local_emergency,,,900,hero|og|inline-1|inline-2,service|local-business|faq|breadcrumb-list,/services/flood-damage-restoration/|/service-areas/pleasant-hills-pa/|/service-areas/pleasant-hills-pa/fire-damage-restoration/|/service-areas/pleasant-hills-pa/mold-remediation/|/service-areas/allison-park-pa/flood-damage-restoration/|/service-areas/baldwin-pa/flood-damage-restoration/|/contact/,6.30,planned
/service-areas/pleasant-hills-pa/reconstruction/,service-area-service,"Reconstruction Services in Pleasant Hills, PA | Katofsky Construction LLC",Reconstruction Services in Pleasant Hills,"24/7 reconstruction services in Pleasant Hills, PA. IICRC-certified, insurance billing accepted. Call (412) 304-9284.",reconstruction services pleasant hills,post-damage reconstruction|rebuild services|structural reconstruction|post-disaster rebuilding|fire damage reconstruction,local_commercial,,,900,hero|og|inline-1|inline-2,service|local-business|faq|breadcrumb-list,/services/reconstruction/|/service-areas/pleasant-hills-pa/|/service-areas/pleasant-hills-pa/fire-damage-restoration/|/service-areas/pleasant-hills-pa/mold-remediation/|/service-areas/allison-park-pa/reconstruction/|/service-areas/baldwin-pa/reconstruction/|/contact/,6.30,planned
/service-areas/pleasant-hills-pa/sewage-cleanup/,service-area-service,"Sewage Cleanup and Sanitization in Pleasant Hills, PA | Katofsky Construction LLC",Sewage Cleanup and Sanitization in Pleasant Hills,"24/7 sewage cleanup and sanitization in Pleasant Hills, PA. IICRC-certified, insurance billing accepted. Call (412) 304-9284.",sewage cleanup and sanitization pleasant hills,sewage backup cleanup|raw sewage removal|septic overflow cleanup|sewer line backup|sanitization services,local_emergency,,,900,hero|og|inline-1|inline-2,service|local-business|faq|breadcrumb-list,/services/sewage-cleanup/|/service-areas/pleasant-hills-pa/|/service-areas/pleasant-hills-pa/fire-damage-restoration/|/service-areas/pleasant-hills-pa/mold-remediation/|/service-areas/allison-park-pa/sewage-cleanup/|/service-areas/baldwin-pa/sewage-cleanup/|/contact/,6.30,planned
/service-areas/pleasant-hills-pa/smoke-damage-restoration/,service-area-service,"Smoke Damage Restoration in Pleasant Hills, PA | Katofsky Construction LLC",Smoke Damage Restoration in Pleasant Hills,"24/7 smoke damage restoration in Pleasant Hills, PA. IICRC-certified, insurance billing accepted. Call (412) 304-9284.",smoke damage restoration pleasant hills,smoke residue cleanup|smoke damage repair|post-fire smoke cleanup|smoke damage restoration services|wildfire smoke cleanup,local_emergency,,,900,hero|og|inline-1|inline-2,service|local-business|faq|breadcrumb-list,/services/smoke-damage-restoration/|/service-areas/pleasant-hills-pa/|/service-areas/pleasant-hills-pa/fire-damage-restoration/|/service-areas/pleasant-hills-pa/mold-remediation/|/service-areas/allison-park-pa/smoke-damage-restoration/|/service-areas/baldwin-pa/smoke-damage-restoration/|/contact/,6.30,planned
/service-areas/pleasant-hills-pa/storm-damage-restoration/,service-area-service,"Storm Damage Restoration in Pleasant Hills, PA | Katofsky Construction LLC",Storm Damage Restoration in Pleasant Hills,"24/7 storm damage restoration in Pleasant Hills, PA. IICRC-certified, insurance billing accepted. Call (412) 304-9284.",storm damage restoration pleasant hills,hurricane damage cleanup|tornado damage cleanup|tree damage cleanup|storm cleanup services|severe weather damage repair,local_emergency,,,900,hero|og|inline-1|inline-2,service|local-business|faq|breadcrumb-list,/services/storm-damage-restoration/|/service-areas/pleasant-hills-pa/|/service-areas/pleasant-hills-pa/fire-damage-restoration/|/service-areas/pleasant-hills-pa/mold-remediation/|/service-areas/allison-park-pa/storm-damage-restoration/|/service-areas/baldwin-pa/storm-damage-restoration/|/contact/,6.30,planned
/service-areas/pleasant-hills-pa/water-cleanup/,service-area-service,"Emergency Water Cleanup in Pleasant Hills, PA | Katofsky Construction LLC",Emergency Water Cleanup in Pleasant Hills,"24/7 emergency water cleanup in Pleasant Hills, PA. IICRC-certified, insurance billing accepted. Call (412) 304-9284.",emergency water cleanup pleasant hills,water cleanup|water damage cleanup|water clean up|emergency water cleanup|flood water cleanup|standing water removal,local_emergency,,,900,hero|og|inline-1|inline-2,service|local-business|faq|breadcrumb-list,/services/water-cleanup/|/service-areas/pleasant-hills-pa/|/service-areas/pleasant-hills-pa/fire-damage-restoration/|/service-areas/pleasant-hills-pa/mold-remediation/|/service-areas/allison-park-pa/water-cleanup/|/service-areas/baldwin-pa/water-cleanup/|/contact/,6.30,planned
/service-areas/plum-pa/commercial-restoration/,service-area-service,"Commercial Restoration in Plum, PA | Katofsky Construction LLC",Commercial Restoration in Plum,"24/7 commercial restoration in Plum, PA. IICRC-certified, insurance billing accepted. Call (412) 304-9284.",commercial restoration plum,commercial water damage|commercial fire damage|business restoration|office restoration|retail restoration,local_b2b,,,900,hero|og|inline-1|inline-2,service|local-business|faq|breadcrumb-list,/services/commercial-restoration/|/service-areas/plum-pa/|/service-areas/plum-pa/fire-damage-restoration/|/service-areas/plum-pa/mold-remediation/|/service-areas/allison-park-pa/commercial-restoration/|/service-areas/baldwin-pa/commercial-restoration/|/contact/,6.30,planned
/service-areas/plum-pa/emergency-plumbing/,service-area-service,"Emergency Plumbing in Plum, PA | Katofsky Construction LLC",Emergency Plumbing in Plum,"24/7 emergency plumbing in Plum, PA. IICRC-certified, insurance billing accepted. Call (412) 304-9284.",emergency plumbing plum,emergency plumber|24 hour plumber|burst pipe plumber|emergency plumbing repair|24/7 plumbing,local_emergency,,,900,hero|og|inline-1|inline-2,service|local-business|faq|breadcrumb-list,/services/emergency-plumbing/|/service-areas/plum-pa/|/service-areas/plum-pa/fire-damage-restoration/|/service-areas/plum-pa/mold-remediation/|/service-areas/allison-park-pa/emergency-plumbing/|/service-areas/baldwin-pa/emergency-plumbing/|/contact/,6.30,planned
/service-areas/plum-pa/emergency-water-removal/,service-area-service,"24/7 Emergency Water Removal in Plum, PA | Katofsky Construction LLC",24/7 Emergency Water Removal in Plum,"24/7 24/7 emergency water removal in Plum, PA. IICRC-certified, insurance billing accepted. Call (412) 304-9284.",24/7 emergency water removal plum,emergency water removal|emergency water damage|24 hour water damage restoration|emergency flood service|emergency water extraction,local_emergency,,,900,hero|og|inline-1|inline-2,service|local-business|faq|breadcrumb-list,/services/emergency-water-removal/|/service-areas/plum-pa/|/service-areas/plum-pa/fire-damage-restoration/|/service-areas/plum-pa/mold-remediation/|/service-areas/allison-park-pa/emergency-water-removal/|/service-areas/baldwin-pa/emergency-water-removal/|/contact/,6.30,planned
/service-areas/plum-pa/flood-damage-restoration/,service-area-service,"Flood Damage Restoration in Plum, PA | Katofsky Construction LLC",Flood Damage Restoration in Plum,"24/7 flood damage restoration in Plum, PA. IICRC-certified, insurance billing accepted. Call (412) 304-9284.",flood damage restoration plum,flood cleanup|flood restoration|post-flood restoration|residential flood damage|flood damage repair,local_emergency,,,900,hero|og|inline-1|inline-2,service|local-business|faq|breadcrumb-list,/services/flood-damage-restoration/|/service-areas/plum-pa/|/service-areas/plum-pa/fire-damage-restoration/|/service-areas/plum-pa/mold-remediation/|/service-areas/allison-park-pa/flood-damage-restoration/|/service-areas/baldwin-pa/flood-damage-restoration/|/contact/,6.30,planned
/service-areas/plum-pa/reconstruction/,service-area-service,"Reconstruction Services in Plum, PA | Katofsky Construction LLC",Reconstruction Services in Plum,"24/7 reconstruction services in Plum, PA. IICRC-certified, insurance billing accepted. Call (412) 304-9284.",reconstruction services plum,post-damage reconstruction|rebuild services|structural reconstruction|post-disaster rebuilding|fire damage reconstruction,local_commercial,,,900,hero|og|inline-1|inline-2,service|local-business|faq|breadcrumb-list,/services/reconstruction/|/service-areas/plum-pa/|/service-areas/plum-pa/fire-damage-restoration/|/service-areas/plum-pa/mold-remediation/|/service-areas/allison-park-pa/reconstruction/|/service-areas/baldwin-pa/reconstruction/|/contact/,6.30,planned
/service-areas/plum-pa/sewage-cleanup/,service-area-service,"Sewage Cleanup and Sanitization in Plum, PA | Katofsky Construction LLC",Sewage Cleanup and Sanitization in Plum,"24/7 sewage cleanup and sanitization in Plum, PA. IICRC-certified, insurance billing accepted. Call (412) 304-9284.",sewage cleanup and sanitization plum,sewage backup cleanup|raw sewage removal|septic overflow cleanup|sewer line backup|sanitization services,local_emergency,,,900,hero|og|inline-1|inline-2,service|local-business|faq|breadcrumb-list,/services/sewage-cleanup/|/service-areas/plum-pa/|/service-areas/plum-pa/fire-damage-restoration/|/service-areas/plum-pa/mold-remediation/|/service-areas/allison-park-pa/sewage-cleanup/|/service-areas/baldwin-pa/sewage-cleanup/|/contact/,6.30,planned
/service-areas/plum-pa/smoke-damage-restoration/,service-area-service,"Smoke Damage Restoration in Plum, PA | Katofsky Construction LLC",Smoke Damage Restoration in Plum,"24/7 smoke damage restoration in Plum, PA. IICRC-certified, insurance billing accepted. Call (412) 304-9284.",smoke damage restoration plum,smoke residue cleanup|smoke damage repair|post-fire smoke cleanup|smoke damage restoration services|wildfire smoke cleanup,local_emergency,,,900,hero|og|inline-1|inline-2,service|local-business|faq|breadcrumb-list,/services/smoke-damage-restoration/|/service-areas/plum-pa/|/service-areas/plum-pa/fire-damage-restoration/|/service-areas/plum-pa/mold-remediation/|/service-areas/allison-park-pa/smoke-damage-restoration/|/service-areas/baldwin-pa/smoke-damage-restoration/|/contact/,6.30,planned
/service-areas/plum-pa/storm-damage-restoration/,service-area-service,"Storm Damage Restoration in Plum, PA | Katofsky Construction LLC",Storm Damage Restoration in Plum,"24/7 storm damage restoration in Plum, PA. IICRC-certified, insurance billing accepted. Call (412) 304-9284.",storm damage restoration plum,hurricane damage cleanup|tornado damage cleanup|tree damage cleanup|storm cleanup services|severe weather damage repair,local_emergency,,,900,hero|og|inline-1|inline-2,service|local-business|faq|breadcrumb-list,/services/storm-damage-restoration/|/service-areas/plum-pa/|/service-areas/plum-pa/fire-damage-restoration/|/service-areas/plum-pa/mold-remediation/|/service-areas/allison-park-pa/storm-damage-restoration/|/service-areas/baldwin-pa/storm-damage-restoration/|/contact/,6.30,planned
/service-areas/plum-pa/water-cleanup/,service-area-service,"Emergency Water Cleanup in Plum, PA | Katofsky Construction LLC",Emergency Water Cleanup in Plum,"24/7 emergency water cleanup in Plum, PA. IICRC-certified, insurance billing accepted. Call (412) 304-9284.",emergency water cleanup plum,water cleanup|water damage cleanup|water clean up|emergency water cleanup|flood water cleanup|standing water removal,local_emergency,,,900,hero|og|inline-1|inline-2,service|local-business|faq|breadcrumb-list,/services/water-cleanup/|/service-areas/plum-pa/|/service-areas/plum-pa/fire-damage-restoration/|/service-areas/plum-pa/mold-remediation/|/service-areas/allison-park-pa/water-cleanup/|/service-areas/baldwin-pa/water-cleanup/|/contact/,6.30,planned
/service-areas/ross-township-pa/commercial-restoration/,service-area-service,"Commercial Restoration in Ross Township, PA | Katofsky Construction LLC",Commercial Restoration in Ross Township,"24/7 commercial restoration in Ross Township, PA. IICRC-certified, insurance billing accepted. Call (412) 304-9284.",commercial restoration ross township,commercial water damage|commercial fire damage|business restoration|office restoration|retail restoration,local_b2b,,,900,hero|og|inline-1|inline-2,service|local-business|faq|breadcrumb-list,/services/commercial-restoration/|/service-areas/ross-township-pa/|/service-areas/ross-township-pa/fire-damage-restoration/|/service-areas/ross-township-pa/mold-remediation/|/service-areas/allison-park-pa/commercial-restoration/|/service-areas/baldwin-pa/commercial-restoration/|/contact/,6.30,planned
/service-areas/ross-township-pa/emergency-plumbing/,service-area-service,"Emergency Plumbing in Ross Township, PA | Katofsky Construction LLC",Emergency Plumbing in Ross Township,"24/7 emergency plumbing in Ross Township, PA. IICRC-certified, insurance billing accepted. Call (412) 304-9284.",emergency plumbing ross township,emergency plumber|24 hour plumber|burst pipe plumber|emergency plumbing repair|24/7 plumbing,local_emergency,,,900,hero|og|inline-1|inline-2,service|local-business|faq|breadcrumb-list,/services/emergency-plumbing/|/service-areas/ross-township-pa/|/service-areas/ross-township-pa/fire-damage-restoration/|/service-areas/ross-township-pa/mold-remediation/|/service-areas/allison-park-pa/emergency-plumbing/|/service-areas/baldwin-pa/emergency-plumbing/|/contact/,6.30,planned
/service-areas/ross-township-pa/emergency-water-removal/,service-area-service,"24/7 Emergency Water Removal in Ross Township, PA | Katofsky Construction LLC",24/7 Emergency Water Removal in Ross Township,"24/7 24/7 emergency water removal in Ross Township, PA. IICRC-certified, insurance billing accepted. Call (412) 304-9284.",24/7 emergency water removal ross township,emergency water removal|emergency water damage|24 hour water damage restoration|emergency flood service|emergency water extraction,local_emergency,,,900,hero|og|inline-1|inline-2,service|local-business|faq|breadcrumb-list,/services/emergency-water-removal/|/service-areas/ross-township-pa/|/service-areas/ross-township-pa/fire-damage-restoration/|/service-areas/ross-township-pa/mold-remediation/|/service-areas/allison-park-pa/emergency-water-removal/|/service-areas/baldwin-pa/emergency-water-removal/|/contact/,6.30,planned
/service-areas/ross-township-pa/flood-damage-restoration/,service-area-service,"Flood Damage Restoration in Ross Township, PA | Katofsky Construction LLC",Flood Damage Restoration in Ross Township,"24/7 flood damage restoration in Ross Township, PA. IICRC-certified, insurance billing accepted. Call (412) 304-9284.",flood damage restoration ross township,flood cleanup|flood restoration|post-flood restoration|residential flood damage|flood damage repair,local_emergency,,,900,hero|og|inline-1|inline-2,service|local-business|faq|breadcrumb-list,/services/flood-damage-restoration/|/service-areas/ross-township-pa/|/service-areas/ross-township-pa/fire-damage-restoration/|/service-areas/ross-township-pa/mold-remediation/|/service-areas/allison-park-pa/flood-damage-restoration/|/service-areas/baldwin-pa/flood-damage-restoration/|/contact/,6.30,planned
/service-areas/ross-township-pa/reconstruction/,service-area-service,"Reconstruction Services in Ross Township, PA | Katofsky Construction LLC",Reconstruction Services in Ross Township,"24/7 reconstruction services in Ross Township, PA. IICRC-certified, insurance billing accepted. Call (412) 304-9284.",reconstruction services ross township,post-damage reconstruction|rebuild services|structural reconstruction|post-disaster rebuilding|fire damage reconstruction,local_commercial,,,900,hero|og|inline-1|inline-2,service|local-business|faq|breadcrumb-list,/services/reconstruction/|/service-areas/ross-township-pa/|/service-areas/ross-township-pa/fire-damage-restoration/|/service-areas/ross-township-pa/mold-remediation/|/service-areas/allison-park-pa/reconstruction/|/service-areas/baldwin-pa/reconstruction/|/contact/,6.30,planned
/service-areas/ross-township-pa/sewage-cleanup/,service-area-service,"Sewage Cleanup and Sanitization in Ross Township, PA | Katofsky Construction LLC",Sewage Cleanup and Sanitization in Ross Township,"24/7 sewage cleanup and sanitization in Ross Township, PA. IICRC-certified, insurance billing accepted. Call (412) 304-9284.",sewage cleanup and sanitization ross township,sewage backup cleanup|raw sewage removal|septic overflow cleanup|sewer line backup|sanitization services,local_emergency,,,900,hero|og|inline-1|inline-2,service|local-business|faq|breadcrumb-list,/services/sewage-cleanup/|/service-areas/ross-township-pa/|/service-areas/ross-township-pa/fire-damage-restoration/|/service-areas/ross-township-pa/mold-remediation/|/service-areas/allison-park-pa/sewage-cleanup/|/service-areas/baldwin-pa/sewage-cleanup/|/contact/,6.30,planned
/service-areas/ross-township-pa/smoke-damage-restoration/,service-area-service,"Smoke Damage Restoration in Ross Township, PA | Katofsky Construction LLC",Smoke Damage Restoration in Ross Township,"24/7 smoke damage restoration in Ross Township, PA. IICRC-certified, insurance billing accepted. Call (412) 304-9284.",smoke damage restoration ross township,smoke residue cleanup|smoke damage repair|post-fire smoke cleanup|smoke damage restoration services|wildfire smoke cleanup,local_emergency,,,900,hero|og|inline-1|inline-2,service|local-business|faq|breadcrumb-list,/services/smoke-damage-restoration/|/service-areas/ross-township-pa/|/service-areas/ross-township-pa/fire-damage-restoration/|/service-areas/ross-township-pa/mold-remediation/|/service-areas/allison-park-pa/smoke-damage-restoration/|/service-areas/baldwin-pa/smoke-damage-restoration/|/contact/,6.30,planned
/service-areas/ross-township-pa/storm-damage-restoration/,service-area-service,"Storm Damage Restoration in Ross Township, PA | Katofsky Construction LLC",Storm Damage Restoration in Ross Township,"24/7 storm damage restoration in Ross Township, PA. IICRC-certified, insurance billing accepted. Call (412) 304-9284.",storm damage restoration ross township,hurricane damage cleanup|tornado damage cleanup|tree damage cleanup|storm cleanup services|severe weather damage repair,local_emergency,,,900,hero|og|inline-1|inline-2,service|local-business|faq|breadcrumb-list,/services/storm-damage-restoration/|/service-areas/ross-township-pa/|/service-areas/ross-township-pa/fire-damage-restoration/|/service-areas/ross-township-pa/mold-remediation/|/service-areas/allison-park-pa/storm-damage-restoration/|/service-areas/baldwin-pa/storm-damage-restoration/|/contact/,6.30,planned
/service-areas/ross-township-pa/water-cleanup/,service-area-service,"Emergency Water Cleanup in Ross Township, PA | Katofsky Construction LLC",Emergency Water Cleanup in Ross Township,"24/7 emergency water cleanup in Ross Township, PA. IICRC-certified, insurance billing accepted. Call (412) 304-9284.",emergency water cleanup ross township,water cleanup|water damage cleanup|water clean up|emergency water cleanup|flood water cleanup|standing water removal,local_emergency,,,900,hero|og|inline-1|inline-2,service|local-business|faq|breadcrumb-list,/services/water-cleanup/|/service-areas/ross-township-pa/|/service-areas/ross-township-pa/fire-damage-restoration/|/service-areas/ross-township-pa/mold-remediation/|/service-areas/allison-park-pa/water-cleanup/|/service-areas/baldwin-pa/water-cleanup/|/contact/,6.30,planned
/service-areas/shaler-township-pa/commercial-restoration/,service-area-service,"Commercial Restoration in Shaler Township, PA | Katofsky Construction LLC",Commercial Restoration in Shaler Township,"24/7 commercial restoration in Shaler Township, PA. IICRC-certified, insurance billing accepted. Call (412) 304-9284.",commercial restoration shaler township,commercial water damage|commercial fire damage|business restoration|office restoration|retail restoration,local_b2b,,,900,hero|og|inline-1|inline-2,service|local-business|faq|breadcrumb-list,/services/commercial-restoration/|/service-areas/shaler-township-pa/|/service-areas/shaler-township-pa/fire-damage-restoration/|/service-areas/shaler-township-pa/mold-remediation/|/service-areas/allison-park-pa/commercial-restoration/|/service-areas/baldwin-pa/commercial-restoration/|/contact/,6.30,planned
/service-areas/shaler-township-pa/emergency-plumbing/,service-area-service,"Emergency Plumbing in Shaler Township, PA | Katofsky Construction LLC",Emergency Plumbing in Shaler Township,"24/7 emergency plumbing in Shaler Township, PA. IICRC-certified, insurance billing accepted. Call (412) 304-9284.",emergency plumbing shaler township,emergency plumber|24 hour plumber|burst pipe plumber|emergency plumbing repair|24/7 plumbing,local_emergency,,,900,hero|og|inline-1|inline-2,service|local-business|faq|breadcrumb-list,/services/emergency-plumbing/|/service-areas/shaler-township-pa/|/service-areas/shaler-township-pa/fire-damage-restoration/|/service-areas/shaler-township-pa/mold-remediation/|/service-areas/allison-park-pa/emergency-plumbing/|/service-areas/baldwin-pa/emergency-plumbing/|/contact/,6.30,planned
/service-areas/shaler-township-pa/emergency-water-removal/,service-area-service,"24/7 Emergency Water Removal in Shaler Township, PA | Katofsky Construction LLC",24/7 Emergency Water Removal in Shaler Township,"24/7 24/7 emergency water removal in Shaler Township, PA. IICRC-certified, insurance billing accepted. Call (412) 304-9284.",24/7 emergency water removal shaler township,emergency water removal|emergency water damage|24 hour water damage restoration|emergency flood service|emergency water extraction,local_emergency,,,900,hero|og|inline-1|inline-2,service|local-business|faq|breadcrumb-list,/services/emergency-water-removal/|/service-areas/shaler-township-pa/|/service-areas/shaler-township-pa/fire-damage-restoration/|/service-areas/shaler-township-pa/mold-remediation/|/service-areas/allison-park-pa/emergency-water-removal/|/service-areas/baldwin-pa/emergency-water-removal/|/contact/,6.30,planned
/service-areas/shaler-township-pa/flood-damage-restoration/,service-area-service,"Flood Damage Restoration in Shaler Township, PA | Katofsky Construction LLC",Flood Damage Restoration in Shaler Township,"24/7 flood damage restoration in Shaler Township, PA. IICRC-certified, insurance billing accepted. Call (412) 304-9284.",flood damage restoration shaler township,flood cleanup|flood restoration|post-flood restoration|residential flood damage|flood damage repair,local_emergency,,,900,hero|og|inline-1|inline-2,service|local-business|faq|breadcrumb-list,/services/flood-damage-restoration/|/service-areas/shaler-township-pa/|/service-areas/shaler-township-pa/fire-damage-restoration/|/service-areas/shaler-township-pa/mold-remediation/|/service-areas/allison-park-pa/flood-damage-restoration/|/service-areas/baldwin-pa/flood-damage-restoration/|/contact/,6.30,planned
/service-areas/shaler-township-pa/reconstruction/,service-area-service,"Reconstruction Services in Shaler Township, PA | Katofsky Construction LLC",Reconstruction Services in Shaler Township,"24/7 reconstruction services in Shaler Township, PA. IICRC-certified, insurance billing accepted. Call (412) 304-9284.",reconstruction services shaler township,post-damage reconstruction|rebuild services|structural reconstruction|post-disaster rebuilding|fire damage reconstruction,local_commercial,,,900,hero|og|inline-1|inline-2,service|local-business|faq|breadcrumb-list,/services/reconstruction/|/service-areas/shaler-township-pa/|/service-areas/shaler-township-pa/fire-damage-restoration/|/service-areas/shaler-township-pa/mold-remediation/|/service-areas/allison-park-pa/reconstruction/|/service-areas/baldwin-pa/reconstruction/|/contact/,6.30,planned
/service-areas/shaler-township-pa/sewage-cleanup/,service-area-service,"Sewage Cleanup and Sanitization in Shaler Township, PA | Katofsky Construction LLC",Sewage Cleanup and Sanitization in Shaler Township,"24/7 sewage cleanup and sanitization in Shaler Township, PA. IICRC-certified, insurance billing accepted. Call (412) 304-9284.",sewage cleanup and sanitization shaler township,sewage backup cleanup|raw sewage removal|septic overflow cleanup|sewer line backup|sanitization services,local_emergency,,,900,hero|og|inline-1|inline-2,service|local-business|faq|breadcrumb-list,/services/sewage-cleanup/|/service-areas/shaler-township-pa/|/service-areas/shaler-township-pa/fire-damage-restoration/|/service-areas/shaler-township-pa/mold-remediation/|/service-areas/allison-park-pa/sewage-cleanup/|/service-areas/baldwin-pa/sewage-cleanup/|/contact/,6.30,planned
/service-areas/shaler-township-pa/smoke-damage-restoration/,service-area-service,"Smoke Damage Restoration in Shaler Township, PA | Katofsky Construction LLC",Smoke Damage Restoration in Shaler Township,"24/7 smoke damage restoration in Shaler Township, PA. IICRC-certified, insurance billing accepted. Call (412) 304-9284.",smoke damage restoration shaler township,smoke residue cleanup|smoke damage repair|post-fire smoke cleanup|smoke damage restoration services|wildfire smoke cleanup,local_emergency,,,900,hero|og|inline-1|inline-2,service|local-business|faq|breadcrumb-list,/services/smoke-damage-restoration/|/service-areas/shaler-township-pa/|/service-areas/shaler-township-pa/fire-damage-restoration/|/service-areas/shaler-township-pa/mold-remediation/|/service-areas/allison-park-pa/smoke-damage-restoration/|/service-areas/baldwin-pa/smoke-damage-restoration/|/contact/,6.30,planned
/service-areas/shaler-township-pa/storm-damage-restoration/,service-area-service,"Storm Damage Restoration in Shaler Township, PA | Katofsky Construction LLC",Storm Damage Restoration in Shaler Township,"24/7 storm damage restoration in Shaler Township, PA. IICRC-certified, insurance billing accepted. Call (412) 304-9284.",storm damage restoration shaler township,hurricane damage cleanup|tornado damage cleanup|tree damage cleanup|storm cleanup services|severe weather damage repair,local_emergency,,,900,hero|og|inline-1|inline-2,service|local-business|faq|breadcrumb-list,/services/storm-damage-restoration/|/service-areas/shaler-township-pa/|/service-areas/shaler-township-pa/fire-damage-restoration/|/service-areas/shaler-township-pa/mold-remediation/|/service-areas/allison-park-pa/storm-damage-restoration/|/service-areas/baldwin-pa/storm-damage-restoration/|/contact/,6.30,planned
/service-areas/shaler-township-pa/water-cleanup/,service-area-service,"Emergency Water Cleanup in Shaler Township, PA | Katofsky Construction LLC",Emergency Water Cleanup in Shaler Township,"24/7 emergency water cleanup in Shaler Township, PA. IICRC-certified, insurance billing accepted. Call (412) 304-9284.",emergency water cleanup shaler township,water cleanup|water damage cleanup|water clean up|emergency water cleanup|flood water cleanup|standing water removal,local_emergency,,,900,hero|og|inline-1|inline-2,service|local-business|faq|breadcrumb-list,/services/water-cleanup/|/service-areas/shaler-township-pa/|/service-areas/shaler-township-pa/fire-damage-restoration/|/service-areas/shaler-township-pa/mold-remediation/|/service-areas/allison-park-pa/water-cleanup/|/service-areas/baldwin-pa/water-cleanup/|/contact/,6.30,planned
/service-areas/west-mifflin-pa/commercial-restoration/,service-area-service,"Commercial Restoration in West Mifflin, PA | Katofsky Construction LLC",Commercial Restoration in West Mifflin,"24/7 commercial restoration in West Mifflin, PA. IICRC-certified, insurance billing accepted. Call (412) 304-9284.",commercial restoration west mifflin,commercial water damage|commercial fire damage|business restoration|office restoration|retail restoration,local_b2b,,,900,hero|og|inline-1|inline-2,service|local-business|faq|breadcrumb-list,/services/commercial-restoration/|/service-areas/west-mifflin-pa/|/service-areas/west-mifflin-pa/fire-damage-restoration/|/service-areas/west-mifflin-pa/mold-remediation/|/service-areas/allison-park-pa/commercial-restoration/|/service-areas/baldwin-pa/commercial-restoration/|/contact/,6.30,planned
/service-areas/west-mifflin-pa/emergency-plumbing/,service-area-service,"Emergency Plumbing in West Mifflin, PA | Katofsky Construction LLC",Emergency Plumbing in West Mifflin,"24/7 emergency plumbing in West Mifflin, PA. IICRC-certified, insurance billing accepted. Call (412) 304-9284.",emergency plumbing west mifflin,emergency plumber|24 hour plumber|burst pipe plumber|emergency plumbing repair|24/7 plumbing,local_emergency,,,900,hero|og|inline-1|inline-2,service|local-business|faq|breadcrumb-list,/services/emergency-plumbing/|/service-areas/west-mifflin-pa/|/service-areas/west-mifflin-pa/fire-damage-restoration/|/service-areas/west-mifflin-pa/mold-remediation/|/service-areas/allison-park-pa/emergency-plumbing/|/service-areas/baldwin-pa/emergency-plumbing/|/contact/,6.30,planned
/service-areas/west-mifflin-pa/emergency-water-removal/,service-area-service,"24/7 Emergency Water Removal in West Mifflin, PA | Katofsky Construction LLC",24/7 Emergency Water Removal in West Mifflin,"24/7 24/7 emergency water removal in West Mifflin, PA. IICRC-certified, insurance billing accepted. Call (412) 304-9284.",24/7 emergency water removal west mifflin,emergency water removal|emergency water damage|24 hour water damage restoration|emergency flood service|emergency water extraction,local_emergency,,,900,hero|og|inline-1|inline-2,service|local-business|faq|breadcrumb-list,/services/emergency-water-removal/|/service-areas/west-mifflin-pa/|/service-areas/west-mifflin-pa/fire-damage-restoration/|/service-areas/west-mifflin-pa/mold-remediation/|/service-areas/allison-park-pa/emergency-water-removal/|/service-areas/baldwin-pa/emergency-water-removal/|/contact/,6.30,planned
/service-areas/west-mifflin-pa/flood-damage-restoration/,service-area-service,"Flood Damage Restoration in West Mifflin, PA | Katofsky Construction LLC",Flood Damage Restoration in West Mifflin,"24/7 flood damage restoration in West Mifflin, PA. IICRC-certified, insurance billing accepted. Call (412) 304-9284.",flood damage restoration west mifflin,flood cleanup|flood restoration|post-flood restoration|residential flood damage|flood damage repair,local_emergency,,,900,hero|og|inline-1|inline-2,service|local-business|faq|breadcrumb-list,/services/flood-damage-restoration/|/service-areas/west-mifflin-pa/|/service-areas/west-mifflin-pa/fire-damage-restoration/|/service-areas/west-mifflin-pa/mold-remediation/|/service-areas/allison-park-pa/flood-damage-restoration/|/service-areas/baldwin-pa/flood-damage-restoration/|/contact/,6.30,planned
/service-areas/west-mifflin-pa/reconstruction/,service-area-service,"Reconstruction Services in West Mifflin, PA | Katofsky Construction LLC",Reconstruction Services in West Mifflin,"24/7 reconstruction services in West Mifflin, PA. IICRC-certified, insurance billing accepted. Call (412) 304-9284.",reconstruction services west mifflin,post-damage reconstruction|rebuild services|structural reconstruction|post-disaster rebuilding|fire damage reconstruction,local_commercial,,,900,hero|og|inline-1|inline-2,service|local-business|faq|breadcrumb-list,/services/reconstruction/|/service-areas/west-mifflin-pa/|/service-areas/west-mifflin-pa/fire-damage-restoration/|/service-areas/west-mifflin-pa/mold-remediation/|/service-areas/allison-park-pa/reconstruction/|/service-areas/baldwin-pa/reconstruction/|/contact/,6.30,planned
/service-areas/west-mifflin-pa/sewage-cleanup/,service-area-service,"Sewage Cleanup and Sanitization in West Mifflin, PA | Katofsky Construction LLC",Sewage Cleanup and Sanitization in West Mifflin,"24/7 sewage cleanup and sanitization in West Mifflin, PA. IICRC-certified, insurance billing accepted. Call (412) 304-9284.",sewage cleanup and sanitization west mifflin,sewage backup cleanup|raw sewage removal|septic overflow cleanup|sewer line backup|sanitization services,local_emergency,,,900,hero|og|inline-1|inline-2,service|local-business|faq|breadcrumb-list,/services/sewage-cleanup/|/service-areas/west-mifflin-pa/|/service-areas/west-mifflin-pa/fire-damage-restoration/|/service-areas/west-mifflin-pa/mold-remediation/|/service-areas/allison-park-pa/sewage-cleanup/|/service-areas/baldwin-pa/sewage-cleanup/|/contact/,6.30,planned
/service-areas/west-mifflin-pa/smoke-damage-restoration/,service-area-service,"Smoke Damage Restoration in West Mifflin, PA | Katofsky Construction LLC",Smoke Damage Restoration in West Mifflin,"24/7 smoke damage restoration in West Mifflin, PA. IICRC-certified, insurance billing accepted. Call (412) 304-9284.",smoke damage restoration west mifflin,smoke residue cleanup|smoke damage repair|post-fire smoke cleanup|smoke damage restoration services|wildfire smoke cleanup,local_emergency,,,900,hero|og|inline-1|inline-2,service|local-business|faq|breadcrumb-list,/services/smoke-damage-restoration/|/service-areas/west-mifflin-pa/|/service-areas/west-mifflin-pa/fire-damage-restoration/|/service-areas/west-mifflin-pa/mold-remediation/|/service-areas/allison-park-pa/smoke-damage-restoration/|/service-areas/baldwin-pa/smoke-damage-restoration/|/contact/,6.30,planned
/service-areas/west-mifflin-pa/storm-damage-restoration/,service-area-service,"Storm Damage Restoration in West Mifflin, PA | Katofsky Construction LLC",Storm Damage Restoration in West Mifflin,"24/7 storm damage restoration in West Mifflin, PA. IICRC-certified, insurance billing accepted. Call (412) 304-9284.",storm damage restoration west mifflin,hurricane damage cleanup|tornado damage cleanup|tree damage cleanup|storm cleanup services|severe weather damage repair,local_emergency,,,900,hero|og|inline-1|inline-2,service|local-business|faq|breadcrumb-list,/services/storm-damage-restoration/|/service-areas/west-mifflin-pa/|/service-areas/west-mifflin-pa/fire-damage-restoration/|/service-areas/west-mifflin-pa/mold-remediation/|/service-areas/allison-park-pa/storm-damage-restoration/|/service-areas/baldwin-pa/storm-damage-restoration/|/contact/,6.30,planned
/service-areas/west-mifflin-pa/water-cleanup/,service-area-service,"Emergency Water Cleanup in West Mifflin, PA | Katofsky Construction LLC",Emergency Water Cleanup in West Mifflin,"24/7 emergency water cleanup in West Mifflin, PA. IICRC-certified, insurance billing accepted. Call (412) 304-9284.",emergency water cleanup west mifflin,water cleanup|water damage cleanup|water clean up|emergency water cleanup|flood water cleanup|standing water removal,local_emergency,,,900,hero|og|inline-1|inline-2,service|local-business|faq|breadcrumb-list,/services/water-cleanup/|/service-areas/west-mifflin-pa/|/service-areas/west-mifflin-pa/fire-damage-restoration/|/service-areas/west-mifflin-pa/mold-remediation/|/service-areas/allison-park-pa/water-cleanup/|/service-areas/baldwin-pa/water-cleanup/|/contact/,6.30,planned
/service-areas/whitehall-pa/commercial-restoration/,service-area-service,"Commercial Restoration in Whitehall, PA | Katofsky Construction LLC",Commercial Restoration in Whitehall,"24/7 commercial restoration in Whitehall, PA. IICRC-certified, insurance billing accepted. Call (412) 304-9284.",commercial restoration whitehall,commercial water damage|commercial fire damage|business restoration|office restoration|retail restoration,local_b2b,,,900,hero|og|inline-1|inline-2,service|local-business|faq|breadcrumb-list,/services/commercial-restoration/|/service-areas/whitehall-pa/|/service-areas/whitehall-pa/fire-damage-restoration/|/service-areas/whitehall-pa/mold-remediation/|/service-areas/allison-park-pa/commercial-restoration/|/service-areas/baldwin-pa/commercial-restoration/|/contact/,6.30,planned
/service-areas/whitehall-pa/emergency-plumbing/,service-area-service,"Emergency Plumbing in Whitehall, PA | Katofsky Construction LLC",Emergency Plumbing in Whitehall,"24/7 emergency plumbing in Whitehall, PA. IICRC-certified, insurance billing accepted. Call (412) 304-9284.",emergency plumbing whitehall,emergency plumber|24 hour plumber|burst pipe plumber|emergency plumbing repair|24/7 plumbing,local_emergency,,,900,hero|og|inline-1|inline-2,service|local-business|faq|breadcrumb-list,/services/emergency-plumbing/|/service-areas/whitehall-pa/|/service-areas/whitehall-pa/fire-damage-restoration/|/service-areas/whitehall-pa/mold-remediation/|/service-areas/allison-park-pa/emergency-plumbing/|/service-areas/baldwin-pa/emergency-plumbing/|/contact/,6.30,planned
/service-areas/whitehall-pa/emergency-water-removal/,service-area-service,"24/7 Emergency Water Removal in Whitehall, PA | Katofsky Construction LLC",24/7 Emergency Water Removal in Whitehall,"24/7 24/7 emergency water removal in Whitehall, PA. IICRC-certified, insurance billing accepted. Call (412) 304-9284.",24/7 emergency water removal whitehall,emergency water removal|emergency water damage|24 hour water damage restoration|emergency flood service|emergency water extraction,local_emergency,,,900,hero|og|inline-1|inline-2,service|local-business|faq|breadcrumb-list,/services/emergency-water-removal/|/service-areas/whitehall-pa/|/service-areas/whitehall-pa/fire-damage-restoration/|/service-areas/whitehall-pa/mold-remediation/|/service-areas/allison-park-pa/emergency-water-removal/|/service-areas/baldwin-pa/emergency-water-removal/|/contact/,6.30,planned
/service-areas/whitehall-pa/flood-damage-restoration/,service-area-service,"Flood Damage Restoration in Whitehall, PA | Katofsky Construction LLC",Flood Damage Restoration in Whitehall,"24/7 flood damage restoration in Whitehall, PA. IICRC-certified, insurance billing accepted. Call (412) 304-9284.",flood damage restoration whitehall,flood cleanup|flood restoration|post-flood restoration|residential flood damage|flood damage repair,local_emergency,,,900,hero|og|inline-1|inline-2,service|local-business|faq|breadcrumb-list,/services/flood-damage-restoration/|/service-areas/whitehall-pa/|/service-areas/whitehall-pa/fire-damage-restoration/|/service-areas/whitehall-pa/mold-remediation/|/service-areas/allison-park-pa/flood-damage-restoration/|/service-areas/baldwin-pa/flood-damage-restoration/|/contact/,6.30,planned
/service-areas/whitehall-pa/reconstruction/,service-area-service,"Reconstruction Services in Whitehall, PA | Katofsky Construction LLC",Reconstruction Services in Whitehall,"24/7 reconstruction services in Whitehall, PA. IICRC-certified, insurance billing accepted. Call (412) 304-9284.",reconstruction services whitehall,post-damage reconstruction|rebuild services|structural reconstruction|post-disaster rebuilding|fire damage reconstruction,local_commercial,,,900,hero|og|inline-1|inline-2,service|local-business|faq|breadcrumb-list,/services/reconstruction/|/service-areas/whitehall-pa/|/service-areas/whitehall-pa/fire-damage-restoration/|/service-areas/whitehall-pa/mold-remediation/|/service-areas/allison-park-pa/reconstruction/|/service-areas/baldwin-pa/reconstruction/|/contact/,6.30,planned
/service-areas/whitehall-pa/sewage-cleanup/,service-area-service,"Sewage Cleanup and Sanitization in Whitehall, PA | Katofsky Construction LLC",Sewage Cleanup and Sanitization in Whitehall,"24/7 sewage cleanup and sanitization in Whitehall, PA. IICRC-certified, insurance billing accepted. Call (412) 304-9284.",sewage cleanup and sanitization whitehall,sewage backup cleanup|raw sewage removal|septic overflow cleanup|sewer line backup|sanitization services,local_emergency,,,900,hero|og|inline-1|inline-2,service|local-business|faq|breadcrumb-list,/services/sewage-cleanup/|/service-areas/whitehall-pa/|/service-areas/whitehall-pa/fire-damage-restoration/|/service-areas/whitehall-pa/mold-remediation/|/service-areas/allison-park-pa/sewage-cleanup/|/service-areas/baldwin-pa/sewage-cleanup/|/contact/,6.30,planned
/service-areas/whitehall-pa/smoke-damage-restoration/,service-area-service,"Smoke Damage Restoration in Whitehall, PA | Katofsky Construction LLC",Smoke Damage Restoration in Whitehall,"24/7 smoke damage restoration in Whitehall, PA. IICRC-certified, insurance billing accepted. Call (412) 304-9284.",smoke damage restoration whitehall,smoke residue cleanup|smoke damage repair|post-fire smoke cleanup|smoke damage restoration services|wildfire smoke cleanup,local_emergency,,,900,hero|og|inline-1|inline-2,service|local-business|faq|breadcrumb-list,/services/smoke-damage-restoration/|/service-areas/whitehall-pa/|/service-areas/whitehall-pa/fire-damage-restoration/|/service-areas/whitehall-pa/mold-remediation/|/service-areas/allison-park-pa/smoke-damage-restoration/|/service-areas/baldwin-pa/smoke-damage-restoration/|/contact/,6.30,planned
/service-areas/whitehall-pa/storm-damage-restoration/,service-area-service,"Storm Damage Restoration in Whitehall, PA | Katofsky Construction LLC",Storm Damage Restoration in Whitehall,"24/7 storm damage restoration in Whitehall, PA. IICRC-certified, insurance billing accepted. Call (412) 304-9284.",storm damage restoration whitehall,hurricane damage cleanup|tornado damage cleanup|tree damage cleanup|storm cleanup services|severe weather damage repair,local_emergency,,,900,hero|og|inline-1|inline-2,service|local-business|faq|breadcrumb-list,/services/storm-damage-restoration/|/service-areas/whitehall-pa/|/service-areas/whitehall-pa/fire-damage-restoration/|/service-areas/whitehall-pa/mold-remediation/|/service-areas/allison-park-pa/storm-damage-restoration/|/service-areas/baldwin-pa/storm-damage-restoration/|/contact/,6.30,planned
/service-areas/whitehall-pa/water-cleanup/,service-area-service,"Emergency Water Cleanup in Whitehall, PA | Katofsky Construction LLC",Emergency Water Cleanup in Whitehall,"24/7 emergency water cleanup in Whitehall, PA. IICRC-certified, insurance billing accepted. Call (412) 304-9284.",emergency water cleanup whitehall,water cleanup|water damage cleanup|water clean up|emergency water cleanup|flood water cleanup|standing water removal,local_emergency,,,900,hero|og|inline-1|inline-2,service|local-business|faq|breadcrumb-list,/services/water-cleanup/|/service-areas/whitehall-pa/|/service-areas/whitehall-pa/fire-damage-restoration/|/service-areas/whitehall-pa/mold-remediation/|/service-areas/allison-park-pa/water-cleanup/|/service-areas/baldwin-pa/water-cleanup/|/contact/,6.30,planned
/service-areas/wilkinsburg-pa/commercial-restoration/,service-area-service,"Commercial Restoration in Wilkinsburg, PA | Katofsky Construction LLC",Commercial Restoration in Wilkinsburg,"24/7 commercial restoration in Wilkinsburg, PA. IICRC-certified, insurance billing accepted. Call (412) 304-9284.",commercial restoration wilkinsburg,commercial water damage|commercial fire damage|business restoration|office restoration|retail restoration,local_b2b,,,900,hero|og|inline-1|inline-2,service|local-business|faq|breadcrumb-list,/services/commercial-restoration/|/service-areas/wilkinsburg-pa/|/service-areas/wilkinsburg-pa/fire-damage-restoration/|/service-areas/wilkinsburg-pa/mold-remediation/|/service-areas/allison-park-pa/commercial-restoration/|/service-areas/baldwin-pa/commercial-restoration/|/contact/,6.30,planned
/service-areas/wilkinsburg-pa/emergency-plumbing/,service-area-service,"Emergency Plumbing in Wilkinsburg, PA | Katofsky Construction LLC",Emergency Plumbing in Wilkinsburg,"24/7 emergency plumbing in Wilkinsburg, PA. IICRC-certified, insurance billing accepted. Call (412) 304-9284.",emergency plumbing wilkinsburg,emergency plumber|24 hour plumber|burst pipe plumber|emergency plumbing repair|24/7 plumbing,local_emergency,,,900,hero|og|inline-1|inline-2,service|local-business|faq|breadcrumb-list,/services/emergency-plumbing/|/service-areas/wilkinsburg-pa/|/service-areas/wilkinsburg-pa/fire-damage-restoration/|/service-areas/wilkinsburg-pa/mold-remediation/|/service-areas/allison-park-pa/emergency-plumbing/|/service-areas/baldwin-pa/emergency-plumbing/|/contact/,6.30,planned
/service-areas/wilkinsburg-pa/emergency-water-removal/,service-area-service,"24/7 Emergency Water Removal in Wilkinsburg, PA | Katofsky Construction LLC",24/7 Emergency Water Removal in Wilkinsburg,"24/7 24/7 emergency water removal in Wilkinsburg, PA. IICRC-certified, insurance billing accepted. Call (412) 304-9284.",24/7 emergency water removal wilkinsburg,emergency water removal|emergency water damage|24 hour water damage restoration|emergency flood service|emergency water extraction,local_emergency,,,900,hero|og|inline-1|inline-2,service|local-business|faq|breadcrumb-list,/services/emergency-water-removal/|/service-areas/wilkinsburg-pa/|/service-areas/wilkinsburg-pa/fire-damage-restoration/|/service-areas/wilkinsburg-pa/mold-remediation/|/service-areas/allison-park-pa/emergency-water-removal/|/service-areas/baldwin-pa/emergency-water-removal/|/contact/,6.30,planned
/service-areas/wilkinsburg-pa/flood-damage-restoration/,service-area-service,"Flood Damage Restoration in Wilkinsburg, PA | Katofsky Construction LLC",Flood Damage Restoration in Wilkinsburg,"24/7 flood damage restoration in Wilkinsburg, PA. IICRC-certified, insurance billing accepted. Call (412) 304-9284.",flood damage restoration wilkinsburg,flood cleanup|flood restoration|post-flood restoration|residential flood damage|flood damage repair,local_emergency,,,900,hero|og|inline-1|inline-2,service|local-business|faq|breadcrumb-list,/services/flood-damage-restoration/|/service-areas/wilkinsburg-pa/|/service-areas/wilkinsburg-pa/fire-damage-restoration/|/service-areas/wilkinsburg-pa/mold-remediation/|/service-areas/allison-park-pa/flood-damage-restoration/|/service-areas/baldwin-pa/flood-damage-restoration/|/contact/,6.30,planned
/service-areas/wilkinsburg-pa/reconstruction/,service-area-service,"Reconstruction Services in Wilkinsburg, PA | Katofsky Construction LLC",Reconstruction Services in Wilkinsburg,"24/7 reconstruction services in Wilkinsburg, PA. IICRC-certified, insurance billing accepted. Call (412) 304-9284.",reconstruction services wilkinsburg,post-damage reconstruction|rebuild services|structural reconstruction|post-disaster rebuilding|fire damage reconstruction,local_commercial,,,900,hero|og|inline-1|inline-2,service|local-business|faq|breadcrumb-list,/services/reconstruction/|/service-areas/wilkinsburg-pa/|/service-areas/wilkinsburg-pa/fire-damage-restoration/|/service-areas/wilkinsburg-pa/mold-remediation/|/service-areas/allison-park-pa/reconstruction/|/service-areas/baldwin-pa/reconstruction/|/contact/,6.30,planned
/service-areas/wilkinsburg-pa/sewage-cleanup/,service-area-service,"Sewage Cleanup and Sanitization in Wilkinsburg, PA | Katofsky Construction LLC",Sewage Cleanup and Sanitization in Wilkinsburg,"24/7 sewage cleanup and sanitization in Wilkinsburg, PA. IICRC-certified, insurance billing accepted. Call (412) 304-9284.",sewage cleanup and sanitization wilkinsburg,sewage backup cleanup|raw sewage removal|septic overflow cleanup|sewer line backup|sanitization services,local_emergency,,,900,hero|og|inline-1|inline-2,service|local-business|faq|breadcrumb-list,/services/sewage-cleanup/|/service-areas/wilkinsburg-pa/|/service-areas/wilkinsburg-pa/fire-damage-restoration/|/service-areas/wilkinsburg-pa/mold-remediation/|/service-areas/allison-park-pa/sewage-cleanup/|/service-areas/baldwin-pa/sewage-cleanup/|/contact/,6.30,planned
/service-areas/wilkinsburg-pa/smoke-damage-restoration/,service-area-service,"Smoke Damage Restoration in Wilkinsburg, PA | Katofsky Construction LLC",Smoke Damage Restoration in Wilkinsburg,"24/7 smoke damage restoration in Wilkinsburg, PA. IICRC-certified, insurance billing accepted. Call (412) 304-9284.",smoke damage restoration wilkinsburg,smoke residue cleanup|smoke damage repair|post-fire smoke cleanup|smoke damage restoration services|wildfire smoke cleanup,local_emergency,,,900,hero|og|inline-1|inline-2,service|local-business|faq|breadcrumb-list,/services/smoke-damage-restoration/|/service-areas/wilkinsburg-pa/|/service-areas/wilkinsburg-pa/fire-damage-restoration/|/service-areas/wilkinsburg-pa/mold-remediation/|/service-areas/allison-park-pa/smoke-damage-restoration/|/service-areas/baldwin-pa/smoke-damage-restoration/|/contact/,6.30,planned
/service-areas/wilkinsburg-pa/storm-damage-restoration/,service-area-service,"Storm Damage Restoration in Wilkinsburg, PA | Katofsky Construction LLC",Storm Damage Restoration in Wilkinsburg,"24/7 storm damage restoration in Wilkinsburg, PA. IICRC-certified, insurance billing accepted. Call (412) 304-9284.",storm damage restoration wilkinsburg,hurricane damage cleanup|tornado damage cleanup|tree damage cleanup|storm cleanup services|severe weather damage repair,local_emergency,,,900,hero|og|inline-1|inline-2,service|local-business|faq|breadcrumb-list,/services/storm-damage-restoration/|/service-areas/wilkinsburg-pa/|/service-areas/wilkinsburg-pa/fire-damage-restoration/|/service-areas/wilkinsburg-pa/mold-remediation/|/service-areas/allison-park-pa/storm-damage-restoration/|/service-areas/baldwin-pa/storm-damage-restoration/|/contact/,6.30,planned
/service-areas/wilkinsburg-pa/water-cleanup/,service-area-service,"Emergency Water Cleanup in Wilkinsburg, PA | Katofsky Construction LLC",Emergency Water Cleanup in Wilkinsburg,"24/7 emergency water cleanup in Wilkinsburg, PA. IICRC-certified, insurance billing accepted. Call (412) 304-9284.",emergency water cleanup wilkinsburg,water cleanup|water damage cleanup|water clean up|emergency water cleanup|flood water cleanup|standing water removal,local_emergency,,,900,hero|og|inline-1|inline-2,service|local-business|faq|breadcrumb-list,/services/water-cleanup/|/service-areas/wilkinsburg-pa/|/service-areas/wilkinsburg-pa/fire-damage-restoration/|/service-areas/wilkinsburg-pa/mold-remediation/|/service-areas/allison-park-pa/water-cleanup/|/service-areas/baldwin-pa/water-cleanup/|/contact/,6.30,planned
/services/emergency-board-up-tarping/,service-landing,Emergency Board-Up and Tarping in Pittsburgh | Katofsky Construction LLC,Emergency Board-Up and Tarping in Pittsburgh,"24/7 emergency board-up and tarping in Pittsburgh and surrounding areas. IICRC-certified, insurance billing accepted. Call (412) 304-9284.",emergency board-up and tarping pittsburgh,emergency board up|roof tarping|emergency tarping service|fire damage board up|broken window board up,local_emergency,,,1100,hero|og|inline-1|inline-2,service|local-business|faq|breadcrumb-list,/services/|/contact/|/service-areas/allison-park-pa/emergency-board-up-tarping/|/service-areas/baldwin-pa/emergency-board-up-tarping/|/service-areas/bethel-park-pa/emergency-board-up-tarping/|/service-areas/carnegie-pa/emergency-board-up-tarping/|/service-areas/castle-shannon-pa/emergency-board-up-tarping/|/service-areas/churchill-pa/emergency-board-up-tarping/|/service-areas/duquesne-pa/emergency-board-up-tarping/|/service-areas/forest-hills-pa/emergency-board-up-tarping/|/service-areas/fox-chapel-pa/emergency-board-up-tarping/|/service-areas/glenshaw-pa/emergency-board-up-tarping/|/service-areas/green-tree-pa/emergency-board-up-tarping/|/service-areas/greensburg-pa/emergency-board-up-tarping/,6.30,planned
/services/industrial-restoration/,service-landing,Industrial Restoration in Pittsburgh | Katofsky Construction LLC,Industrial Restoration in Pittsburgh,"24/7 industrial restoration in Pittsburgh and surrounding areas. IICRC-certified, insurance billing accepted. Call (412) 304-9284.",industrial restoration pittsburgh,industrial water damage|warehouse restoration|manufacturing facility restoration|industrial fire damage|plant restoration services,local_b2b,,,1100,hero|og|inline-1|inline-2,service|local-business|faq|breadcrumb-list,/services/|/contact/|/service-areas/allison-park-pa/industrial-restoration/|/service-areas/baldwin-pa/industrial-restoration/|/service-areas/bethel-park-pa/industrial-restoration/|/service-areas/carnegie-pa/industrial-restoration/|/service-areas/castle-shannon-pa/industrial-restoration/|/service-areas/churchill-pa/industrial-restoration/|/service-areas/duquesne-pa/industrial-restoration/|/service-areas/forest-hills-pa/industrial-restoration/|/service-areas/fox-chapel-pa/industrial-restoration/|/service-areas/glenshaw-pa/industrial-restoration/|/service-areas/green-tree-pa/industrial-restoration/|/service-areas/greensburg-pa/industrial-restoration/,6.30,planned
/services/water-heater-flood-cleanup/,service-landing,Water Heater Flood Cleanup in Pittsburgh | Katofsky Construction LLC,Water Heater Flood Cleanup in Pittsburgh,"24/7 water heater flood cleanup in Pittsburgh and surrounding areas. IICRC-certified, insurance billing accepted. Call (412) 304-9284.",water heater flood cleanup pittsburgh,water heater leaking|water heater burst|flooded water heater|water heater leak damage,local_emergency,,,1100,hero|og|inline-1|inline-2,service|local-business|faq|breadcrumb-list,/services/|/contact/|/service-areas/allison-park-pa/water-heater-flood-cleanup/|/service-areas/baldwin-pa/water-heater-flood-cleanup/|/service-areas/bethel-park-pa/water-heater-flood-cleanup/|/service-areas/carnegie-pa/water-heater-flood-cleanup/|/service-areas/castle-shannon-pa/water-heater-flood-cleanup/|/service-areas/churchill-pa/water-heater-flood-cleanup/|/service-areas/duquesne-pa/water-heater-flood-cleanup/|/service-areas/forest-hills-pa/water-heater-flood-cleanup/|/service-areas/fox-chapel-pa/water-heater-flood-cleanup/|/service-areas/glenshaw-pa/water-heater-flood-cleanup/|/service-areas/green-tree-pa/water-heater-flood-cleanup/|/service-areas/greensburg-pa/water-heater-flood-cleanup/,6.30,planned
/services/water-leak-detection/,service-landing,Water Leak Detection in Pittsburgh | Katofsky Construction LLC,Water Leak Detection in Pittsburgh,"24/7 water leak detection in Pittsburgh and surrounding areas. IICRC-certified, insurance billing accepted. Call (412) 304-9284.",water leak detection pittsburgh,leak detection|hidden water leak|slab leak detection|water leak in wall|leak detection service,local_emergency,,,1100,hero|og|inline-1|inline-2,service|local-business|faq|breadcrumb-list,/services/|/contact/|/service-areas/allison-park-pa/water-leak-detection/|/service-areas/baldwin-pa/water-leak-detection/|/service-areas/bethel-park-pa/water-leak-detection/|/service-areas/carnegie-pa/water-leak-detection/|/service-areas/castle-shannon-pa/water-leak-detection/|/service-areas/churchill-pa/water-leak-detection/|/service-areas/duquesne-pa/water-leak-detection/|/service-areas/forest-hills-pa/water-leak-detection/|/service-areas/fox-chapel-pa/water-leak-detection/|/service-areas/glenshaw-pa/water-leak-detection/|/service-areas/green-tree-pa/water-leak-detection/|/service-areas/greensburg-pa/water-leak-detection/,6.30,planned
/blog/burst-pipe-emergency-checklist/,blog-post,Burst Pipe Emergency Checklist: Step-by-Step Response,Burst Pipe Emergency Checklist: Step-by-Step Response,,burst pipe emergency checklist stepbystep response,water damage restoration|appliance leak cleanup,informational_emergency,,,1400,hero|og|inline-1|inline-2,blog-posting|faq|breadcrumb-list,/blog/|/services/water-damage-restoration/|/blog/what-to-do-first-24-hours-water-damage/|/blog/choosing-a-restoration-company/|/blog/does-homeowners-insurance-cover-water-damage/,6.00,planned
/blog/what-to-do-first-24-hours-water-damage/,blog-post,What To Do in the First 24 Hours After Water Damage,What To Do in the First 24 Hours After Water Damage,,what to do in the first 24 hours after water damage,water damage restoration,informational_emergency,,,1400,hero|og|inline-1|inline-2,blog-posting|faq|breadcrumb-list,/blog/|/services/water-damage-restoration/|/blog/burst-pipe-emergency-checklist/|/blog/choosing-a-restoration-company/|/blog/does-homeowners-insurance-cover-water-damage/,6.00,planned
/service-areas/allison-park-pa/basement-flooding-cleanup/,service-area-service,"Basement Flooding Cleanup in Allison Park, PA | Katofsky Construction LLC",Basement Flooding Cleanup in Allison Park,"24/7 basement flooding cleanup in Allison Park, PA. IICRC-certified, insurance billing accepted. Call (412) 304-9284.",basement flooding cleanup allison park,flooded basement cleanup|basement water removal|wet basement restoration|basement water damage|basement drying,local_emergency,,,900,hero|og|inline-1|inline-2,service|local-business|faq|breadcrumb-list,/services/basement-flooding-cleanup/|/service-areas/allison-park-pa/|/service-areas/allison-park-pa/fire-damage-restoration/|/service-areas/allison-park-pa/mold-remediation/|/service-areas/baldwin-pa/basement-flooding-cleanup/|/service-areas/bethel-park-pa/basement-flooding-cleanup/|/contact/,5.60,planned
/service-areas/allison-park-pa/biohazard-cleanup/,service-area-service,"Biohazard Cleanup in Allison Park, PA | Katofsky Construction LLC",Biohazard Cleanup in Allison Park,"24/7 biohazard cleanup in Allison Park, PA. IICRC-certified, insurance billing accepted. Call (412) 304-9284.",biohazard cleanup allison park,biohazard remediation|blood cleanup|bodily fluid cleanup|sharps and needle cleanup|infectious material cleanup,local_sensitive,,,900,hero|og|inline-1|inline-2,service|local-business|faq|breadcrumb-list,/services/biohazard-cleanup/|/service-areas/allison-park-pa/|/service-areas/allison-park-pa/fire-damage-restoration/|/service-areas/allison-park-pa/mold-remediation/|/service-areas/baldwin-pa/biohazard-cleanup/|/service-areas/bethel-park-pa/biohazard-cleanup/|/contact/,5.60,planned
/service-areas/allison-park-pa/burst-pipe-repair/,service-area-service,"Burst Pipe Cleanup and Repair in Allison Park, PA | Katofsky Construction LLC",Burst Pipe Cleanup and Repair in Allison Park,"24/7 burst pipe cleanup and repair in Allison Park, PA. IICRC-certified, insurance billing accepted. Call (412) 304-9284.",burst pipe cleanup and repair allison park,burst pipe cleanup|pipe burst emergency|pipe break water damage|water line break|emergency pipe repair,local_emergency,,,900,hero|og|inline-1|inline-2,service|local-business|faq|breadcrumb-list,/services/burst-pipe-repair/|/service-areas/allison-park-pa/|/service-areas/allison-park-pa/fire-damage-restoration/|/service-areas/allison-park-pa/mold-remediation/|/service-areas/baldwin-pa/burst-pipe-repair/|/service-areas/bethel-park-pa/burst-pipe-repair/|/contact/,5.60,planned
/service-areas/allison-park-pa/ceiling-water-damage-repair/,service-area-service,"Ceiling Water Damage Repair in Allison Park, PA | Katofsky Construction LLC",Ceiling Water Damage Repair in Allison Park,"24/7 ceiling water damage repair in Allison Park, PA. IICRC-certified, insurance billing accepted. Call (412) 304-9284.",ceiling water damage repair allison park,ceiling leaking|water coming through ceiling|ceiling leak repair|sagging ceiling water damage|water stain ceiling,local_emergency,,,900,hero|og|inline-1|inline-2,service|local-business|faq|breadcrumb-list,/services/ceiling-water-damage-repair/|/service-areas/allison-park-pa/|/service-areas/allison-park-pa/fire-damage-restoration/|/service-areas/allison-park-pa/mold-remediation/|/service-areas/baldwin-pa/ceiling-water-damage-repair/|/service-areas/bethel-park-pa/ceiling-water-damage-repair/|/contact/,5.60,planned
/service-areas/allison-park-pa/general-contracting/,service-area-service,"Renovations, Remodels and General Contracting in Allison Park, PA | Katofsky Construction LLC","Renovations, Remodels and General Contracting in Allison Park","24/7 renovations, remodels and general contracting in Allison Park, PA. IICRC-certified, insurance billing accepted. Call (412) 304-9284.","renovations, remodels and general contracting allison park",general contractor|home renovation services|home remodeling|kitchen remodel|bathroom remodel|post-damage rebuild,local_commercial,,,900,hero|og|inline-1|inline-2,service|local-business|faq|breadcrumb-list,/services/general-contracting/|/service-areas/allison-park-pa/|/service-areas/allison-park-pa/fire-damage-restoration/|/service-areas/allison-park-pa/mold-remediation/|/service-areas/baldwin-pa/general-contracting/|/service-areas/bethel-park-pa/general-contracting/|/contact/,5.60,planned
/service-areas/allison-park-pa/large-loss-response/,service-area-service,"Large Loss and Catastrophic Response in Allison Park, PA | Katofsky Construction LLC",Large Loss and Catastrophic Response in Allison Park,"24/7 large loss and catastrophic response in Allison Park, PA. IICRC-certified, insurance billing accepted. Call (412) 304-9284.",large loss and catastrophic response allison park,large loss restoration|catastrophic loss response|commercial catastrophic restoration|multi-million dollar restoration|large loss adjusters,local_b2b,,,900,hero|og|inline-1|inline-2,service|local-business|faq|breadcrumb-list,/services/large-loss-response/|/service-areas/allison-park-pa/|/service-areas/allison-park-pa/fire-damage-restoration/|/service-areas/allison-park-pa/mold-remediation/|/service-areas/baldwin-pa/large-loss-response/|/service-areas/bethel-park-pa/large-loss-response/|/contact/,5.60,planned
/service-areas/allison-park-pa/mold-inspection-testing/,service-area-service,"Mold Inspection and Testing in Allison Park, PA | Katofsky Construction LLC",Mold Inspection and Testing in Allison Park,"24/7 mold inspection and testing in Allison Park, PA. IICRC-certified, insurance billing accepted. Call (412) 304-9284.",mold inspection and testing allison park,mold inspection|mold testing|indoor air quality testing|mold spore testing|mold assessment,local_health,,,900,hero|og|inline-1|inline-2,service|local-business|faq|breadcrumb-list,/services/mold-inspection-testing/|/service-areas/allison-park-pa/|/service-areas/allison-park-pa/fire-damage-restoration/|/service-areas/allison-park-pa/mold-remediation/|/service-areas/baldwin-pa/mold-inspection-testing/|/service-areas/bethel-park-pa/mold-inspection-testing/|/contact/,5.60,planned
/service-areas/baldwin-pa/basement-flooding-cleanup/,service-area-service,"Basement Flooding Cleanup in Baldwin, PA | Katofsky Construction LLC",Basement Flooding Cleanup in Baldwin,"24/7 basement flooding cleanup in Baldwin, PA. IICRC-certified, insurance billing accepted. Call (412) 304-9284.",basement flooding cleanup baldwin,flooded basement cleanup|basement water removal|wet basement restoration|basement water damage|basement drying,local_emergency,,,900,hero|og|inline-1|inline-2,service|local-business|faq|breadcrumb-list,/services/basement-flooding-cleanup/|/service-areas/baldwin-pa/|/service-areas/baldwin-pa/fire-damage-restoration/|/service-areas/baldwin-pa/mold-remediation/|/service-areas/allison-park-pa/basement-flooding-cleanup/|/service-areas/bethel-park-pa/basement-flooding-cleanup/|/contact/,5.60,planned
/service-areas/baldwin-pa/biohazard-cleanup/,service-area-service,"Biohazard Cleanup in Baldwin, PA | Katofsky Construction LLC",Biohazard Cleanup in Baldwin,"24/7 biohazard cleanup in Baldwin, PA. IICRC-certified, insurance billing accepted. Call (412) 304-9284.",biohazard cleanup baldwin,biohazard remediation|blood cleanup|bodily fluid cleanup|sharps and needle cleanup|infectious material cleanup,local_sensitive,,,900,hero|og|inline-1|inline-2,service|local-business|faq|breadcrumb-list,/services/biohazard-cleanup/|/service-areas/baldwin-pa/|/service-areas/baldwin-pa/fire-damage-restoration/|/service-areas/baldwin-pa/mold-remediation/|/service-areas/allison-park-pa/biohazard-cleanup/|/service-areas/bethel-park-pa/biohazard-cleanup/|/contact/,5.60,planned
/service-areas/baldwin-pa/burst-pipe-repair/,service-area-service,"Burst Pipe Cleanup and Repair in Baldwin, PA | Katofsky Construction LLC",Burst Pipe Cleanup and Repair in Baldwin,"24/7 burst pipe cleanup and repair in Baldwin, PA. IICRC-certified, insurance billing accepted. Call (412) 304-9284.",burst pipe cleanup and repair baldwin,burst pipe cleanup|pipe burst emergency|pipe break water damage|water line break|emergency pipe repair,local_emergency,,,900,hero|og|inline-1|inline-2,service|local-business|faq|breadcrumb-list,/services/burst-pipe-repair/|/service-areas/baldwin-pa/|/service-areas/baldwin-pa/fire-damage-restoration/|/service-areas/baldwin-pa/mold-remediation/|/service-areas/allison-park-pa/burst-pipe-repair/|/service-areas/bethel-park-pa/burst-pipe-repair/|/contact/,5.60,planned
/service-areas/baldwin-pa/ceiling-water-damage-repair/,service-area-service,"Ceiling Water Damage Repair in Baldwin, PA | Katofsky Construction LLC",Ceiling Water Damage Repair in Baldwin,"24/7 ceiling water damage repair in Baldwin, PA. IICRC-certified, insurance billing accepted. Call (412) 304-9284.",ceiling water damage repair baldwin,ceiling leaking|water coming through ceiling|ceiling leak repair|sagging ceiling water damage|water stain ceiling,local_emergency,,,900,hero|og|inline-1|inline-2,service|local-business|faq|breadcrumb-list,/services/ceiling-water-damage-repair/|/service-areas/baldwin-pa/|/service-areas/baldwin-pa/fire-damage-restoration/|/service-areas/baldwin-pa/mold-remediation/|/service-areas/allison-park-pa/ceiling-water-damage-repair/|/service-areas/bethel-park-pa/ceiling-water-damage-repair/|/contact/,5.60,planned
/service-areas/baldwin-pa/general-contracting/,service-area-service,"Renovations, Remodels and General Contracting in Baldwin, PA | Katofsky Construction LLC","Renovations, Remodels and General Contracting in Baldwin","24/7 renovations, remodels and general contracting in Baldwin, PA. IICRC-certified, insurance billing accepted. Call (412) 304-9284.","renovations, remodels and general contracting baldwin",general contractor|home renovation services|home remodeling|kitchen remodel|bathroom remodel|post-damage rebuild,local_commercial,,,900,hero|og|inline-1|inline-2,service|local-business|faq|breadcrumb-list,/services/general-contracting/|/service-areas/baldwin-pa/|/service-areas/baldwin-pa/fire-damage-restoration/|/service-areas/baldwin-pa/mold-remediation/|/service-areas/allison-park-pa/general-contracting/|/service-areas/bethel-park-pa/general-contracting/|/contact/,5.60,planned
/service-areas/baldwin-pa/large-loss-response/,service-area-service,"Large Loss and Catastrophic Response in Baldwin, PA | Katofsky Construction LLC",Large Loss and Catastrophic Response in Baldwin,"24/7 large loss and catastrophic response in Baldwin, PA. IICRC-certified, insurance billing accepted. Call (412) 304-9284.",large loss and catastrophic response baldwin,large loss restoration|catastrophic loss response|commercial catastrophic restoration|multi-million dollar restoration|large loss adjusters,local_b2b,,,900,hero|og|inline-1|inline-2,service|local-business|faq|breadcrumb-list,/services/large-loss-response/|/service-areas/baldwin-pa/|/service-areas/baldwin-pa/fire-damage-restoration/|/service-areas/baldwin-pa/mold-remediation/|/service-areas/allison-park-pa/large-loss-response/|/service-areas/bethel-park-pa/large-loss-response/|/contact/,5.60,planned
/service-areas/baldwin-pa/mold-inspection-testing/,service-area-service,"Mold Inspection and Testing in Baldwin, PA | Katofsky Construction LLC",Mold Inspection and Testing in Baldwin,"24/7 mold inspection and testing in Baldwin, PA. IICRC-certified, insurance billing accepted. Call (412) 304-9284.",mold inspection and testing baldwin,mold inspection|mold testing|indoor air quality testing|mold spore testing|mold assessment,local_health,,,900,hero|og|inline-1|inline-2,service|local-business|faq|breadcrumb-list,/services/mold-inspection-testing/|/service-areas/baldwin-pa/|/service-areas/baldwin-pa/fire-damage-restoration/|/service-areas/baldwin-pa/mold-remediation/|/service-areas/allison-park-pa/mold-inspection-testing/|/service-areas/bethel-park-pa/mold-inspection-testing/|/contact/,5.60,planned
/service-areas/bethel-park-pa/basement-flooding-cleanup/,service-area-service,"Basement Flooding Cleanup in Bethel Park, PA | Katofsky Construction LLC",Basement Flooding Cleanup in Bethel Park,"24/7 basement flooding cleanup in Bethel Park, PA. IICRC-certified, insurance billing accepted. Call (412) 304-9284.",basement flooding cleanup bethel park,flooded basement cleanup|basement water removal|wet basement restoration|basement water damage|basement drying,local_emergency,,,900,hero|og|inline-1|inline-2,service|local-business|faq|breadcrumb-list,/services/basement-flooding-cleanup/|/service-areas/bethel-park-pa/|/service-areas/bethel-park-pa/fire-damage-restoration/|/service-areas/bethel-park-pa/mold-remediation/|/service-areas/allison-park-pa/basement-flooding-cleanup/|/service-areas/baldwin-pa/basement-flooding-cleanup/|/contact/,5.60,planned
/service-areas/bethel-park-pa/biohazard-cleanup/,service-area-service,"Biohazard Cleanup in Bethel Park, PA | Katofsky Construction LLC",Biohazard Cleanup in Bethel Park,"24/7 biohazard cleanup in Bethel Park, PA. IICRC-certified, insurance billing accepted. Call (412) 304-9284.",biohazard cleanup bethel park,biohazard remediation|blood cleanup|bodily fluid cleanup|sharps and needle cleanup|infectious material cleanup,local_sensitive,,,900,hero|og|inline-1|inline-2,service|local-business|faq|breadcrumb-list,/services/biohazard-cleanup/|/service-areas/bethel-park-pa/|/service-areas/bethel-park-pa/fire-damage-restoration/|/service-areas/bethel-park-pa/mold-remediation/|/service-areas/allison-park-pa/biohazard-cleanup/|/service-areas/baldwin-pa/biohazard-cleanup/|/contact/,5.60,planned
/service-areas/bethel-park-pa/burst-pipe-repair/,service-area-service,"Burst Pipe Cleanup and Repair in Bethel Park, PA | Katofsky Construction LLC",Burst Pipe Cleanup and Repair in Bethel Park,"24/7 burst pipe cleanup and repair in Bethel Park, PA. IICRC-certified, insurance billing accepted. Call (412) 304-9284.",burst pipe cleanup and repair bethel park,burst pipe cleanup|pipe burst emergency|pipe break water damage|water line break|emergency pipe repair,local_emergency,,,900,hero|og|inline-1|inline-2,service|local-business|faq|breadcrumb-list,/services/burst-pipe-repair/|/service-areas/bethel-park-pa/|/service-areas/bethel-park-pa/fire-damage-restoration/|/service-areas/bethel-park-pa/mold-remediation/|/service-areas/allison-park-pa/burst-pipe-repair/|/service-areas/baldwin-pa/burst-pipe-repair/|/contact/,5.60,planned
/service-areas/bethel-park-pa/ceiling-water-damage-repair/,service-area-service,"Ceiling Water Damage Repair in Bethel Park, PA | Katofsky Construction LLC",Ceiling Water Damage Repair in Bethel Park,"24/7 ceiling water damage repair in Bethel Park, PA. IICRC-certified, insurance billing accepted. Call (412) 304-9284.",ceiling water damage repair bethel park,ceiling leaking|water coming through ceiling|ceiling leak repair|sagging ceiling water damage|water stain ceiling,local_emergency,,,900,hero|og|inline-1|inline-2,service|local-business|faq|breadcrumb-list,/services/ceiling-water-damage-repair/|/service-areas/bethel-park-pa/|/service-areas/bethel-park-pa/fire-damage-restoration/|/service-areas/bethel-park-pa/mold-remediation/|/service-areas/allison-park-pa/ceiling-water-damage-repair/|/service-areas/baldwin-pa/ceiling-water-damage-repair/|/contact/,5.60,planned
/service-areas/bethel-park-pa/general-contracting/,service-area-service,"Renovations, Remodels and General Contracting in Bethel Park, PA | Katofsky Construction LLC","Renovations, Remodels and General Contracting in Bethel Park","24/7 renovations, remodels and general contracting in Bethel Park, PA. IICRC-certified, insurance billing accepted. Call (412) 304-9284.","renovations, remodels and general contracting bethel park",general contractor|home renovation services|home remodeling|kitchen remodel|bathroom remodel|post-damage rebuild,local_commercial,,,900,hero|og|inline-1|inline-2,service|local-business|faq|breadcrumb-list,/services/general-contracting/|/service-areas/bethel-park-pa/|/service-areas/bethel-park-pa/fire-damage-restoration/|/service-areas/bethel-park-pa/mold-remediation/|/service-areas/allison-park-pa/general-contracting/|/service-areas/baldwin-pa/general-contracting/|/contact/,5.60,planned
/service-areas/bethel-park-pa/large-loss-response/,service-area-service,"Large Loss and Catastrophic Response in Bethel Park, PA | Katofsky Construction LLC",Large Loss and Catastrophic Response in Bethel Park,"24/7 large loss and catastrophic response in Bethel Park, PA. IICRC-certified, insurance billing accepted. Call (412) 304-9284.",large loss and catastrophic response bethel park,large loss restoration|catastrophic loss response|commercial catastrophic restoration|multi-million dollar restoration|large loss adjusters,local_b2b,,,900,hero|og|inline-1|inline-2,service|local-business|faq|breadcrumb-list,/services/large-loss-response/|/service-areas/bethel-park-pa/|/service-areas/bethel-park-pa/fire-damage-restoration/|/service-areas/bethel-park-pa/mold-remediation/|/service-areas/allison-park-pa/large-loss-response/|/service-areas/baldwin-pa/large-loss-response/|/contact/,5.60,planned
/service-areas/bethel-park-pa/mold-inspection-testing/,service-area-service,"Mold Inspection and Testing in Bethel Park, PA | Katofsky Construction LLC",Mold Inspection and Testing in Bethel Park,"24/7 mold inspection and testing in Bethel Park, PA. IICRC-certified, insurance billing accepted. Call (412) 304-9284.",mold inspection and testing bethel park,mold inspection|mold testing|indoor air quality testing|mold spore testing|mold assessment,local_health,,,900,hero|og|inline-1|inline-2,service|local-business|faq|breadcrumb-list,/services/mold-inspection-testing/|/service-areas/bethel-park-pa/|/service-areas/bethel-park-pa/fire-damage-restoration/|/service-areas/bethel-park-pa/mold-remediation/|/service-areas/allison-park-pa/mold-inspection-testing/|/service-areas/baldwin-pa/mold-inspection-testing/|/contact/,5.60,planned
/service-areas/carnegie-pa/basement-flooding-cleanup/,service-area-service,"Basement Flooding Cleanup in Carnegie, PA | Katofsky Construction LLC",Basement Flooding Cleanup in Carnegie,"24/7 basement flooding cleanup in Carnegie, PA. IICRC-certified, insurance billing accepted. Call (412) 304-9284.",basement flooding cleanup carnegie,flooded basement cleanup|basement water removal|wet basement restoration|basement water damage|basement drying,local_emergency,,,900,hero|og|inline-1|inline-2,service|local-business|faq|breadcrumb-list,/services/basement-flooding-cleanup/|/service-areas/carnegie-pa/|/service-areas/carnegie-pa/fire-damage-restoration/|/service-areas/carnegie-pa/mold-remediation/|/service-areas/allison-park-pa/basement-flooding-cleanup/|/service-areas/baldwin-pa/basement-flooding-cleanup/|/contact/,5.60,planned
/service-areas/carnegie-pa/biohazard-cleanup/,service-area-service,"Biohazard Cleanup in Carnegie, PA | Katofsky Construction LLC",Biohazard Cleanup in Carnegie,"24/7 biohazard cleanup in Carnegie, PA. IICRC-certified, insurance billing accepted. Call (412) 304-9284.",biohazard cleanup carnegie,biohazard remediation|blood cleanup|bodily fluid cleanup|sharps and needle cleanup|infectious material cleanup,local_sensitive,,,900,hero|og|inline-1|inline-2,service|local-business|faq|breadcrumb-list,/services/biohazard-cleanup/|/service-areas/carnegie-pa/|/service-areas/carnegie-pa/fire-damage-restoration/|/service-areas/carnegie-pa/mold-remediation/|/service-areas/allison-park-pa/biohazard-cleanup/|/service-areas/baldwin-pa/biohazard-cleanup/|/contact/,5.60,planned
/service-areas/carnegie-pa/burst-pipe-repair/,service-area-service,"Burst Pipe Cleanup and Repair in Carnegie, PA | Katofsky Construction LLC",Burst Pipe Cleanup and Repair in Carnegie,"24/7 burst pipe cleanup and repair in Carnegie, PA. IICRC-certified, insurance billing accepted. Call (412) 304-9284.",burst pipe cleanup and repair carnegie,burst pipe cleanup|pipe burst emergency|pipe break water damage|water line break|emergency pipe repair,local_emergency,,,900,hero|og|inline-1|inline-2,service|local-business|faq|breadcrumb-list,/services/burst-pipe-repair/|/service-areas/carnegie-pa/|/service-areas/carnegie-pa/fire-damage-restoration/|/service-areas/carnegie-pa/mold-remediation/|/service-areas/allison-park-pa/burst-pipe-repair/|/service-areas/baldwin-pa/burst-pipe-repair/|/contact/,5.60,planned
/service-areas/carnegie-pa/ceiling-water-damage-repair/,service-area-service,"Ceiling Water Damage Repair in Carnegie, PA | Katofsky Construction LLC",Ceiling Water Damage Repair in Carnegie,"24/7 ceiling water damage repair in Carnegie, PA. IICRC-certified, insurance billing accepted. Call (412) 304-9284.",ceiling water damage repair carnegie,ceiling leaking|water coming through ceiling|ceiling leak repair|sagging ceiling water damage|water stain ceiling,local_emergency,,,900,hero|og|inline-1|inline-2,service|local-business|faq|breadcrumb-list,/services/ceiling-water-damage-repair/|/service-areas/carnegie-pa/|/service-areas/carnegie-pa/fire-damage-restoration/|/service-areas/carnegie-pa/mold-remediation/|/service-areas/allison-park-pa/ceiling-water-damage-repair/|/service-areas/baldwin-pa/ceiling-water-damage-repair/|/contact/,5.60,planned
/service-areas/carnegie-pa/general-contracting/,service-area-service,"Renovations, Remodels and General Contracting in Carnegie, PA | Katofsky Construction LLC","Renovations, Remodels and General Contracting in Carnegie","24/7 renovations, remodels and general contracting in Carnegie, PA. IICRC-certified, insurance billing accepted. Call (412) 304-9284.","renovations, remodels and general contracting carnegie",general contractor|home renovation services|home remodeling|kitchen remodel|bathroom remodel|post-damage rebuild,local_commercial,,,900,hero|og|inline-1|inline-2,service|local-business|faq|breadcrumb-list,/services/general-contracting/|/service-areas/carnegie-pa/|/service-areas/carnegie-pa/fire-damage-restoration/|/service-areas/carnegie-pa/mold-remediation/|/service-areas/allison-park-pa/general-contracting/|/service-areas/baldwin-pa/general-contracting/|/contact/,5.60,planned
/service-areas/carnegie-pa/large-loss-response/,service-area-service,"Large Loss and Catastrophic Response in Carnegie, PA | Katofsky Construction LLC",Large Loss and Catastrophic Response in Carnegie,"24/7 large loss and catastrophic response in Carnegie, PA. IICRC-certified, insurance billing accepted. Call (412) 304-9284.",large loss and catastrophic response carnegie,large loss restoration|catastrophic loss response|commercial catastrophic restoration|multi-million dollar restoration|large loss adjusters,local_b2b,,,900,hero|og|inline-1|inline-2,service|local-business|faq|breadcrumb-list,/services/large-loss-response/|/service-areas/carnegie-pa/|/service-areas/carnegie-pa/fire-damage-restoration/|/service-areas/carnegie-pa/mold-remediation/|/service-areas/allison-park-pa/large-loss-response/|/service-areas/baldwin-pa/large-loss-response/|/contact/,5.60,planned
/service-areas/carnegie-pa/mold-inspection-testing/,service-area-service,"Mold Inspection and Testing in Carnegie, PA | Katofsky Construction LLC",Mold Inspection and Testing in Carnegie,"24/7 mold inspection and testing in Carnegie, PA. IICRC-certified, insurance billing accepted. Call (412) 304-9284.",mold inspection and testing carnegie,mold inspection|mold testing|indoor air quality testing|mold spore testing|mold assessment,local_health,,,900,hero|og|inline-1|inline-2,service|local-business|faq|breadcrumb-list,/services/mold-inspection-testing/|/service-areas/carnegie-pa/|/service-areas/carnegie-pa/fire-damage-restoration/|/service-areas/carnegie-pa/mold-remediation/|/service-areas/allison-park-pa/mold-inspection-testing/|/service-areas/baldwin-pa/mold-inspection-testing/|/contact/,5.60,planned
/service-areas/castle-shannon-pa/basement-flooding-cleanup/,service-area-service,"Basement Flooding Cleanup in Castle Shannon, PA | Katofsky Construction LLC",Basement Flooding Cleanup in Castle Shannon,"24/7 basement flooding cleanup in Castle Shannon, PA. IICRC-certified, insurance billing accepted. Call (412) 304-9284.",basement flooding cleanup castle shannon,flooded basement cleanup|basement water removal|wet basement restoration|basement water damage|basement drying,local_emergency,,,900,hero|og|inline-1|inline-2,service|local-business|faq|breadcrumb-list,/services/basement-flooding-cleanup/|/service-areas/castle-shannon-pa/|/service-areas/castle-shannon-pa/fire-damage-restoration/|/service-areas/castle-shannon-pa/mold-remediation/|/service-areas/allison-park-pa/basement-flooding-cleanup/|/service-areas/baldwin-pa/basement-flooding-cleanup/|/contact/,5.60,planned
/service-areas/castle-shannon-pa/biohazard-cleanup/,service-area-service,"Biohazard Cleanup in Castle Shannon, PA | Katofsky Construction LLC",Biohazard Cleanup in Castle Shannon,"24/7 biohazard cleanup in Castle Shannon, PA. IICRC-certified, insurance billing accepted. Call (412) 304-9284.",biohazard cleanup castle shannon,biohazard remediation|blood cleanup|bodily fluid cleanup|sharps and needle cleanup|infectious material cleanup,local_sensitive,,,900,hero|og|inline-1|inline-2,service|local-business|faq|breadcrumb-list,/services/biohazard-cleanup/|/service-areas/castle-shannon-pa/|/service-areas/castle-shannon-pa/fire-damage-restoration/|/service-areas/castle-shannon-pa/mold-remediation/|/service-areas/allison-park-pa/biohazard-cleanup/|/service-areas/baldwin-pa/biohazard-cleanup/|/contact/,5.60,planned
/service-areas/castle-shannon-pa/burst-pipe-repair/,service-area-service,"Burst Pipe Cleanup and Repair in Castle Shannon, PA | Katofsky Construction LLC",Burst Pipe Cleanup and Repair in Castle Shannon,"24/7 burst pipe cleanup and repair in Castle Shannon, PA. IICRC-certified, insurance billing accepted. Call (412) 304-9284.",burst pipe cleanup and repair castle shannon,burst pipe cleanup|pipe burst emergency|pipe break water damage|water line break|emergency pipe repair,local_emergency,,,900,hero|og|inline-1|inline-2,service|local-business|faq|breadcrumb-list,/services/burst-pipe-repair/|/service-areas/castle-shannon-pa/|/service-areas/castle-shannon-pa/fire-damage-restoration/|/service-areas/castle-shannon-pa/mold-remediation/|/service-areas/allison-park-pa/burst-pipe-repair/|/service-areas/baldwin-pa/burst-pipe-repair/|/contact/,5.60,planned
/service-areas/castle-shannon-pa/ceiling-water-damage-repair/,service-area-service,"Ceiling Water Damage Repair in Castle Shannon, PA | Katofsky Construction LLC",Ceiling Water Damage Repair in Castle Shannon,"24/7 ceiling water damage repair in Castle Shannon, PA. IICRC-certified, insurance billing accepted. Call (412) 304-9284.",ceiling water damage repair castle shannon,ceiling leaking|water coming through ceiling|ceiling leak repair|sagging ceiling water damage|water stain ceiling,local_emergency,,,900,hero|og|inline-1|inline-2,service|local-business|faq|breadcrumb-list,/services/ceiling-water-damage-repair/|/service-areas/castle-shannon-pa/|/service-areas/castle-shannon-pa/fire-damage-restoration/|/service-areas/castle-shannon-pa/mold-remediation/|/service-areas/allison-park-pa/ceiling-water-damage-repair/|/service-areas/baldwin-pa/ceiling-water-damage-repair/|/contact/,5.60,planned
/service-areas/castle-shannon-pa/general-contracting/,service-area-service,"Renovations, Remodels and General Contracting in Castle Shannon, PA | Katofsky Construction LLC","Renovations, Remodels and General Contracting in Castle Shannon","24/7 renovations, remodels and general contracting in Castle Shannon, PA. IICRC-certified, insurance billing accepted. Call (412) 304-9284.","renovations, remodels and general contracting castle shannon",general contractor|home renovation services|home remodeling|kitchen remodel|bathroom remodel|post-damage rebuild,local_commercial,,,900,hero|og|inline-1|inline-2,service|local-business|faq|breadcrumb-list,/services/general-contracting/|/service-areas/castle-shannon-pa/|/service-areas/castle-shannon-pa/fire-damage-restoration/|/service-areas/castle-shannon-pa/mold-remediation/|/service-areas/allison-park-pa/general-contracting/|/service-areas/baldwin-pa/general-contracting/|/contact/,5.60,planned
/service-areas/castle-shannon-pa/large-loss-response/,service-area-service,"Large Loss and Catastrophic Response in Castle Shannon, PA | Katofsky Construction LLC",Large Loss and Catastrophic Response in Castle Shannon,"24/7 large loss and catastrophic response in Castle Shannon, PA. IICRC-certified, insurance billing accepted. Call (412) 304-9284.",large loss and catastrophic response castle shannon,large loss restoration|catastrophic loss response|commercial catastrophic restoration|multi-million dollar restoration|large loss adjusters,local_b2b,,,900,hero|og|inline-1|inline-2,service|local-business|faq|breadcrumb-list,/services/large-loss-response/|/service-areas/castle-shannon-pa/|/service-areas/castle-shannon-pa/fire-damage-restoration/|/service-areas/castle-shannon-pa/mold-remediation/|/service-areas/allison-park-pa/large-loss-response/|/service-areas/baldwin-pa/large-loss-response/|/contact/,5.60,planned
/service-areas/castle-shannon-pa/mold-inspection-testing/,service-area-service,"Mold Inspection and Testing in Castle Shannon, PA | Katofsky Construction LLC",Mold Inspection and Testing in Castle Shannon,"24/7 mold inspection and testing in Castle Shannon, PA. IICRC-certified, insurance billing accepted. Call (412) 304-9284.",mold inspection and testing castle shannon,mold inspection|mold testing|indoor air quality testing|mold spore testing|mold assessment,local_health,,,900,hero|og|inline-1|inline-2,service|local-business|faq|breadcrumb-list,/services/mold-inspection-testing/|/service-areas/castle-shannon-pa/|/service-areas/castle-shannon-pa/fire-damage-restoration/|/service-areas/castle-shannon-pa/mold-remediation/|/service-areas/allison-park-pa/mold-inspection-testing/|/service-areas/baldwin-pa/mold-inspection-testing/|/contact/,5.60,planned
/service-areas/churchill-pa/basement-flooding-cleanup/,service-area-service,"Basement Flooding Cleanup in Churchill, PA | Katofsky Construction LLC",Basement Flooding Cleanup in Churchill,"24/7 basement flooding cleanup in Churchill, PA. IICRC-certified, insurance billing accepted. Call (412) 304-9284.",basement flooding cleanup churchill,flooded basement cleanup|basement water removal|wet basement restoration|basement water damage|basement drying,local_emergency,,,900,hero|og|inline-1|inline-2,service|local-business|faq|breadcrumb-list,/services/basement-flooding-cleanup/|/service-areas/churchill-pa/|/service-areas/churchill-pa/fire-damage-restoration/|/service-areas/churchill-pa/mold-remediation/|/service-areas/allison-park-pa/basement-flooding-cleanup/|/service-areas/baldwin-pa/basement-flooding-cleanup/|/contact/,5.60,planned
/service-areas/churchill-pa/biohazard-cleanup/,service-area-service,"Biohazard Cleanup in Churchill, PA | Katofsky Construction LLC",Biohazard Cleanup in Churchill,"24/7 biohazard cleanup in Churchill, PA. IICRC-certified, insurance billing accepted. Call (412) 304-9284.",biohazard cleanup churchill,biohazard remediation|blood cleanup|bodily fluid cleanup|sharps and needle cleanup|infectious material cleanup,local_sensitive,,,900,hero|og|inline-1|inline-2,service|local-business|faq|breadcrumb-list,/services/biohazard-cleanup/|/service-areas/churchill-pa/|/service-areas/churchill-pa/fire-damage-restoration/|/service-areas/churchill-pa/mold-remediation/|/service-areas/allison-park-pa/biohazard-cleanup/|/service-areas/baldwin-pa/biohazard-cleanup/|/contact/,5.60,planned
/service-areas/churchill-pa/burst-pipe-repair/,service-area-service,"Burst Pipe Cleanup and Repair in Churchill, PA | Katofsky Construction LLC",Burst Pipe Cleanup and Repair in Churchill,"24/7 burst pipe cleanup and repair in Churchill, PA. IICRC-certified, insurance billing accepted. Call (412) 304-9284.",burst pipe cleanup and repair churchill,burst pipe cleanup|pipe burst emergency|pipe break water damage|water line break|emergency pipe repair,local_emergency,,,900,hero|og|inline-1|inline-2,service|local-business|faq|breadcrumb-list,/services/burst-pipe-repair/|/service-areas/churchill-pa/|/service-areas/churchill-pa/fire-damage-restoration/|/service-areas/churchill-pa/mold-remediation/|/service-areas/allison-park-pa/burst-pipe-repair/|/service-areas/baldwin-pa/burst-pipe-repair/|/contact/,5.60,planned
/service-areas/churchill-pa/ceiling-water-damage-repair/,service-area-service,"Ceiling Water Damage Repair in Churchill, PA | Katofsky Construction LLC",Ceiling Water Damage Repair in Churchill,"24/7 ceiling water damage repair in Churchill, PA. IICRC-certified, insurance billing accepted. Call (412) 304-9284.",ceiling water damage repair churchill,ceiling leaking|water coming through ceiling|ceiling leak repair|sagging ceiling water damage|water stain ceiling,local_emergency,,,900,hero|og|inline-1|inline-2,service|local-business|faq|breadcrumb-list,/services/ceiling-water-damage-repair/|/service-areas/churchill-pa/|/service-areas/churchill-pa/fire-damage-restoration/|/service-areas/churchill-pa/mold-remediation/|/service-areas/allison-park-pa/ceiling-water-damage-repair/|/service-areas/baldwin-pa/ceiling-water-damage-repair/|/contact/,5.60,planned
/service-areas/churchill-pa/general-contracting/,service-area-service,"Renovations, Remodels and General Contracting in Churchill, PA | Katofsky Construction LLC","Renovations, Remodels and General Contracting in Churchill","24/7 renovations, remodels and general contracting in Churchill, PA. IICRC-certified, insurance billing accepted. Call (412) 304-9284.","renovations, remodels and general contracting churchill",general contractor|home renovation services|home remodeling|kitchen remodel|bathroom remodel|post-damage rebuild,local_commercial,,,900,hero|og|inline-1|inline-2,service|local-business|faq|breadcrumb-list,/services/general-contracting/|/service-areas/churchill-pa/|/service-areas/churchill-pa/fire-damage-restoration/|/service-areas/churchill-pa/mold-remediation/|/service-areas/allison-park-pa/general-contracting/|/service-areas/baldwin-pa/general-contracting/|/contact/,5.60,planned
/service-areas/churchill-pa/large-loss-response/,service-area-service,"Large Loss and Catastrophic Response in Churchill, PA | Katofsky Construction LLC",Large Loss and Catastrophic Response in Churchill,"24/7 large loss and catastrophic response in Churchill, PA. IICRC-certified, insurance billing accepted. Call (412) 304-9284.",large loss and catastrophic response churchill,large loss restoration|catastrophic loss response|commercial catastrophic restoration|multi-million dollar restoration|large loss adjusters,local_b2b,,,900,hero|og|inline-1|inline-2,service|local-business|faq|breadcrumb-list,/services/large-loss-response/|/service-areas/churchill-pa/|/service-areas/churchill-pa/fire-damage-restoration/|/service-areas/churchill-pa/mold-remediation/|/service-areas/allison-park-pa/large-loss-response/|/service-areas/baldwin-pa/large-loss-response/|/contact/,5.60,planned
/service-areas/churchill-pa/mold-inspection-testing/,service-area-service,"Mold Inspection and Testing in Churchill, PA | Katofsky Construction LLC",Mold Inspection and Testing in Churchill,"24/7 mold inspection and testing in Churchill, PA. IICRC-certified, insurance billing accepted. Call (412) 304-9284.",mold inspection and testing churchill,mold inspection|mold testing|indoor air quality testing|mold spore testing|mold assessment,local_health,,,900,hero|og|inline-1|inline-2,service|local-business|faq|breadcrumb-list,/services/mold-inspection-testing/|/service-areas/churchill-pa/|/service-areas/churchill-pa/fire-damage-restoration/|/service-areas/churchill-pa/mold-remediation/|/service-areas/allison-park-pa/mold-inspection-testing/|/service-areas/baldwin-pa/mold-inspection-testing/|/contact/,5.60,planned
/service-areas/duquesne-pa/basement-flooding-cleanup/,service-area-service,"Basement Flooding Cleanup in Duquesne, PA | Katofsky Construction LLC",Basement Flooding Cleanup in Duquesne,"24/7 basement flooding cleanup in Duquesne, PA. IICRC-certified, insurance billing accepted. Call (412) 304-9284.",basement flooding cleanup duquesne,flooded basement cleanup|basement water removal|wet basement restoration|basement water damage|basement drying,local_emergency,,,900,hero|og|inline-1|inline-2,service|local-business|faq|breadcrumb-list,/services/basement-flooding-cleanup/|/service-areas/duquesne-pa/|/service-areas/duquesne-pa/fire-damage-restoration/|/service-areas/duquesne-pa/mold-remediation/|/service-areas/allison-park-pa/basement-flooding-cleanup/|/service-areas/baldwin-pa/basement-flooding-cleanup/|/contact/,5.60,planned
/service-areas/duquesne-pa/biohazard-cleanup/,service-area-service,"Biohazard Cleanup in Duquesne, PA | Katofsky Construction LLC",Biohazard Cleanup in Duquesne,"24/7 biohazard cleanup in Duquesne, PA. IICRC-certified, insurance billing accepted. Call (412) 304-9284.",biohazard cleanup duquesne,biohazard remediation|blood cleanup|bodily fluid cleanup|sharps and needle cleanup|infectious material cleanup,local_sensitive,,,900,hero|og|inline-1|inline-2,service|local-business|faq|breadcrumb-list,/services/biohazard-cleanup/|/service-areas/duquesne-pa/|/service-areas/duquesne-pa/fire-damage-restoration/|/service-areas/duquesne-pa/mold-remediation/|/service-areas/allison-park-pa/biohazard-cleanup/|/service-areas/baldwin-pa/biohazard-cleanup/|/contact/,5.60,planned
/service-areas/duquesne-pa/burst-pipe-repair/,service-area-service,"Burst Pipe Cleanup and Repair in Duquesne, PA | Katofsky Construction LLC",Burst Pipe Cleanup and Repair in Duquesne,"24/7 burst pipe cleanup and repair in Duquesne, PA. IICRC-certified, insurance billing accepted. Call (412) 304-9284.",burst pipe cleanup and repair duquesne,burst pipe cleanup|pipe burst emergency|pipe break water damage|water line break|emergency pipe repair,local_emergency,,,900,hero|og|inline-1|inline-2,service|local-business|faq|breadcrumb-list,/services/burst-pipe-repair/|/service-areas/duquesne-pa/|/service-areas/duquesne-pa/fire-damage-restoration/|/service-areas/duquesne-pa/mold-remediation/|/service-areas/allison-park-pa/burst-pipe-repair/|/service-areas/baldwin-pa/burst-pipe-repair/|/contact/,5.60,planned
/service-areas/duquesne-pa/ceiling-water-damage-repair/,service-area-service,"Ceiling Water Damage Repair in Duquesne, PA | Katofsky Construction LLC",Ceiling Water Damage Repair in Duquesne,"24/7 ceiling water damage repair in Duquesne, PA. IICRC-certified, insurance billing accepted. Call (412) 304-9284.",ceiling water damage repair duquesne,ceiling leaking|water coming through ceiling|ceiling leak repair|sagging ceiling water damage|water stain ceiling,local_emergency,,,900,hero|og|inline-1|inline-2,service|local-business|faq|breadcrumb-list,/services/ceiling-water-damage-repair/|/service-areas/duquesne-pa/|/service-areas/duquesne-pa/fire-damage-restoration/|/service-areas/duquesne-pa/mold-remediation/|/service-areas/allison-park-pa/ceiling-water-damage-repair/|/service-areas/baldwin-pa/ceiling-water-damage-repair/|/contact/,5.60,planned
/service-areas/duquesne-pa/general-contracting/,service-area-service,"Renovations, Remodels and General Contracting in Duquesne, PA | Katofsky Construction LLC","Renovations, Remodels and General Contracting in Duquesne","24/7 renovations, remodels and general contracting in Duquesne, PA. IICRC-certified, insurance billing accepted. Call (412) 304-9284.","renovations, remodels and general contracting duquesne",general contractor|home renovation services|home remodeling|kitchen remodel|bathroom remodel|post-damage rebuild,local_commercial,,,900,hero|og|inline-1|inline-2,service|local-business|faq|breadcrumb-list,/services/general-contracting/|/service-areas/duquesne-pa/|/service-areas/duquesne-pa/fire-damage-restoration/|/service-areas/duquesne-pa/mold-remediation/|/service-areas/allison-park-pa/general-contracting/|/service-areas/baldwin-pa/general-contracting/|/contact/,5.60,planned
/service-areas/duquesne-pa/large-loss-response/,service-area-service,"Large Loss and Catastrophic Response in Duquesne, PA | Katofsky Construction LLC",Large Loss and Catastrophic Response in Duquesne,"24/7 large loss and catastrophic response in Duquesne, PA. IICRC-certified, insurance billing accepted. Call (412) 304-9284.",large loss and catastrophic response duquesne,large loss restoration|catastrophic loss response|commercial catastrophic restoration|multi-million dollar restoration|large loss adjusters,local_b2b,,,900,hero|og|inline-1|inline-2,service|local-business|faq|breadcrumb-list,/services/large-loss-response/|/service-areas/duquesne-pa/|/service-areas/duquesne-pa/fire-damage-restoration/|/service-areas/duquesne-pa/mold-remediation/|/service-areas/allison-park-pa/large-loss-response/|/service-areas/baldwin-pa/large-loss-response/|/contact/,5.60,planned
/service-areas/duquesne-pa/mold-inspection-testing/,service-area-service,"Mold Inspection and Testing in Duquesne, PA | Katofsky Construction LLC",Mold Inspection and Testing in Duquesne,"24/7 mold inspection and testing in Duquesne, PA. IICRC-certified, insurance billing accepted. Call (412) 304-9284.",mold inspection and testing duquesne,mold inspection|mold testing|indoor air quality testing|mold spore testing|mold assessment,local_health,,,900,hero|og|inline-1|inline-2,service|local-business|faq|breadcrumb-list,/services/mold-inspection-testing/|/service-areas/duquesne-pa/|/service-areas/duquesne-pa/fire-damage-restoration/|/service-areas/duquesne-pa/mold-remediation/|/service-areas/allison-park-pa/mold-inspection-testing/|/service-areas/baldwin-pa/mold-inspection-testing/|/contact/,5.60,planned
/service-areas/forest-hills-pa/basement-flooding-cleanup/,service-area-service,"Basement Flooding Cleanup in Forest Hills, PA | Katofsky Construction LLC",Basement Flooding Cleanup in Forest Hills,"24/7 basement flooding cleanup in Forest Hills, PA. IICRC-certified, insurance billing accepted. Call (412) 304-9284.",basement flooding cleanup forest hills,flooded basement cleanup|basement water removal|wet basement restoration|basement water damage|basement drying,local_emergency,,,900,hero|og|inline-1|inline-2,service|local-business|faq|breadcrumb-list,/services/basement-flooding-cleanup/|/service-areas/forest-hills-pa/|/service-areas/forest-hills-pa/fire-damage-restoration/|/service-areas/forest-hills-pa/mold-remediation/|/service-areas/allison-park-pa/basement-flooding-cleanup/|/service-areas/baldwin-pa/basement-flooding-cleanup/|/contact/,5.60,planned
/service-areas/forest-hills-pa/biohazard-cleanup/,service-area-service,"Biohazard Cleanup in Forest Hills, PA | Katofsky Construction LLC",Biohazard Cleanup in Forest Hills,"24/7 biohazard cleanup in Forest Hills, PA. IICRC-certified, insurance billing accepted. Call (412) 304-9284.",biohazard cleanup forest hills,biohazard remediation|blood cleanup|bodily fluid cleanup|sharps and needle cleanup|infectious material cleanup,local_sensitive,,,900,hero|og|inline-1|inline-2,service|local-business|faq|breadcrumb-list,/services/biohazard-cleanup/|/service-areas/forest-hills-pa/|/service-areas/forest-hills-pa/fire-damage-restoration/|/service-areas/forest-hills-pa/mold-remediation/|/service-areas/allison-park-pa/biohazard-cleanup/|/service-areas/baldwin-pa/biohazard-cleanup/|/contact/,5.60,planned
/service-areas/forest-hills-pa/burst-pipe-repair/,service-area-service,"Burst Pipe Cleanup and Repair in Forest Hills, PA | Katofsky Construction LLC",Burst Pipe Cleanup and Repair in Forest Hills,"24/7 burst pipe cleanup and repair in Forest Hills, PA. IICRC-certified, insurance billing accepted. Call (412) 304-9284.",burst pipe cleanup and repair forest hills,burst pipe cleanup|pipe burst emergency|pipe break water damage|water line break|emergency pipe repair,local_emergency,,,900,hero|og|inline-1|inline-2,service|local-business|faq|breadcrumb-list,/services/burst-pipe-repair/|/service-areas/forest-hills-pa/|/service-areas/forest-hills-pa/fire-damage-restoration/|/service-areas/forest-hills-pa/mold-remediation/|/service-areas/allison-park-pa/burst-pipe-repair/|/service-areas/baldwin-pa/burst-pipe-repair/|/contact/,5.60,planned
/service-areas/forest-hills-pa/ceiling-water-damage-repair/,service-area-service,"Ceiling Water Damage Repair in Forest Hills, PA | Katofsky Construction LLC",Ceiling Water Damage Repair in Forest Hills,"24/7 ceiling water damage repair in Forest Hills, PA. IICRC-certified, insurance billing accepted. Call (412) 304-9284.",ceiling water damage repair forest hills,ceiling leaking|water coming through ceiling|ceiling leak repair|sagging ceiling water damage|water stain ceiling,local_emergency,,,900,hero|og|inline-1|inline-2,service|local-business|faq|breadcrumb-list,/services/ceiling-water-damage-repair/|/service-areas/forest-hills-pa/|/service-areas/forest-hills-pa/fire-damage-restoration/|/service-areas/forest-hills-pa/mold-remediation/|/service-areas/allison-park-pa/ceiling-water-damage-repair/|/service-areas/baldwin-pa/ceiling-water-damage-repair/|/contact/,5.60,planned
/service-areas/forest-hills-pa/general-contracting/,service-area-service,"Renovations, Remodels and General Contracting in Forest Hills, PA | Katofsky Construction LLC","Renovations, Remodels and General Contracting in Forest Hills","24/7 renovations, remodels and general contracting in Forest Hills, PA. IICRC-certified, insurance billing accepted. Call (412) 304-9284.","renovations, remodels and general contracting forest hills",general contractor|home renovation services|home remodeling|kitchen remodel|bathroom remodel|post-damage rebuild,local_commercial,,,900,hero|og|inline-1|inline-2,service|local-business|faq|breadcrumb-list,/services/general-contracting/|/service-areas/forest-hills-pa/|/service-areas/forest-hills-pa/fire-damage-restoration/|/service-areas/forest-hills-pa/mold-remediation/|/service-areas/allison-park-pa/general-contracting/|/service-areas/baldwin-pa/general-contracting/|/contact/,5.60,planned
/service-areas/forest-hills-pa/large-loss-response/,service-area-service,"Large Loss and Catastrophic Response in Forest Hills, PA | Katofsky Construction LLC",Large Loss and Catastrophic Response in Forest Hills,"24/7 large loss and catastrophic response in Forest Hills, PA. IICRC-certified, insurance billing accepted. Call (412) 304-9284.",large loss and catastrophic response forest hills,large loss restoration|catastrophic loss response|commercial catastrophic restoration|multi-million dollar restoration|large loss adjusters,local_b2b,,,900,hero|og|inline-1|inline-2,service|local-business|faq|breadcrumb-list,/services/large-loss-response/|/service-areas/forest-hills-pa/|/service-areas/forest-hills-pa/fire-damage-restoration/|/service-areas/forest-hills-pa/mold-remediation/|/service-areas/allison-park-pa/large-loss-response/|/service-areas/baldwin-pa/large-loss-response/|/contact/,5.60,planned
/service-areas/forest-hills-pa/mold-inspection-testing/,service-area-service,"Mold Inspection and Testing in Forest Hills, PA | Katofsky Construction LLC",Mold Inspection and Testing in Forest Hills,"24/7 mold inspection and testing in Forest Hills, PA. IICRC-certified, insurance billing accepted. Call (412) 304-9284.",mold inspection and testing forest hills,mold inspection|mold testing|indoor air quality testing|mold spore testing|mold assessment,local_health,,,900,hero|og|inline-1|inline-2,service|local-business|faq|breadcrumb-list,/services/mold-inspection-testing/|/service-areas/forest-hills-pa/|/service-areas/forest-hills-pa/fire-damage-restoration/|/service-areas/forest-hills-pa/mold-remediation/|/service-areas/allison-park-pa/mold-inspection-testing/|/service-areas/baldwin-pa/mold-inspection-testing/|/contact/,5.60,planned
/service-areas/fox-chapel-pa/basement-flooding-cleanup/,service-area-service,"Basement Flooding Cleanup in Fox Chapel, PA | Katofsky Construction LLC",Basement Flooding Cleanup in Fox Chapel,"24/7 basement flooding cleanup in Fox Chapel, PA. IICRC-certified, insurance billing accepted. Call (412) 304-9284.",basement flooding cleanup fox chapel,flooded basement cleanup|basement water removal|wet basement restoration|basement water damage|basement drying,local_emergency,,,900,hero|og|inline-1|inline-2,service|local-business|faq|breadcrumb-list,/services/basement-flooding-cleanup/|/service-areas/fox-chapel-pa/|/service-areas/fox-chapel-pa/fire-damage-restoration/|/service-areas/fox-chapel-pa/mold-remediation/|/service-areas/allison-park-pa/basement-flooding-cleanup/|/service-areas/baldwin-pa/basement-flooding-cleanup/|/contact/,5.60,planned
/service-areas/fox-chapel-pa/biohazard-cleanup/,service-area-service,"Biohazard Cleanup in Fox Chapel, PA | Katofsky Construction LLC",Biohazard Cleanup in Fox Chapel,"24/7 biohazard cleanup in Fox Chapel, PA. IICRC-certified, insurance billing accepted. Call (412) 304-9284.",biohazard cleanup fox chapel,biohazard remediation|blood cleanup|bodily fluid cleanup|sharps and needle cleanup|infectious material cleanup,local_sensitive,,,900,hero|og|inline-1|inline-2,service|local-business|faq|breadcrumb-list,/services/biohazard-cleanup/|/service-areas/fox-chapel-pa/|/service-areas/fox-chapel-pa/fire-damage-restoration/|/service-areas/fox-chapel-pa/mold-remediation/|/service-areas/allison-park-pa/biohazard-cleanup/|/service-areas/baldwin-pa/biohazard-cleanup/|/contact/,5.60,planned
/service-areas/fox-chapel-pa/burst-pipe-repair/,service-area-service,"Burst Pipe Cleanup and Repair in Fox Chapel, PA | Katofsky Construction LLC",Burst Pipe Cleanup and Repair in Fox Chapel,"24/7 burst pipe cleanup and repair in Fox Chapel, PA. IICRC-certified, insurance billing accepted. Call (412) 304-9284.",burst pipe cleanup and repair fox chapel,burst pipe cleanup|pipe burst emergency|pipe break water damage|water line break|emergency pipe repair,local_emergency,,,900,hero|og|inline-1|inline-2,service|local-business|faq|breadcrumb-list,/services/burst-pipe-repair/|/service-areas/fox-chapel-pa/|/service-areas/fox-chapel-pa/fire-damage-restoration/|/service-areas/fox-chapel-pa/mold-remediation/|/service-areas/allison-park-pa/burst-pipe-repair/|/service-areas/baldwin-pa/burst-pipe-repair/|/contact/,5.60,planned
/service-areas/fox-chapel-pa/ceiling-water-damage-repair/,service-area-service,"Ceiling Water Damage Repair in Fox Chapel, PA | Katofsky Construction LLC",Ceiling Water Damage Repair in Fox Chapel,"24/7 ceiling water damage repair in Fox Chapel, PA. IICRC-certified, insurance billing accepted. Call (412) 304-9284.",ceiling water damage repair fox chapel,ceiling leaking|water coming through ceiling|ceiling leak repair|sagging ceiling water damage|water stain ceiling,local_emergency,,,900,hero|og|inline-1|inline-2,service|local-business|faq|breadcrumb-list,/services/ceiling-water-damage-repair/|/service-areas/fox-chapel-pa/|/service-areas/fox-chapel-pa/fire-damage-restoration/|/service-areas/fox-chapel-pa/mold-remediation/|/service-areas/allison-park-pa/ceiling-water-damage-repair/|/service-areas/baldwin-pa/ceiling-water-damage-repair/|/contact/,5.60,planned
/service-areas/fox-chapel-pa/general-contracting/,service-area-service,"Renovations, Remodels and General Contracting in Fox Chapel, PA | Katofsky Construction LLC","Renovations, Remodels and General Contracting in Fox Chapel","24/7 renovations, remodels and general contracting in Fox Chapel, PA. IICRC-certified, insurance billing accepted. Call (412) 304-9284.","renovations, remodels and general contracting fox chapel",general contractor|home renovation services|home remodeling|kitchen remodel|bathroom remodel|post-damage rebuild,local_commercial,,,900,hero|og|inline-1|inline-2,service|local-business|faq|breadcrumb-list,/services/general-contracting/|/service-areas/fox-chapel-pa/|/service-areas/fox-chapel-pa/fire-damage-restoration/|/service-areas/fox-chapel-pa/mold-remediation/|/service-areas/allison-park-pa/general-contracting/|/service-areas/baldwin-pa/general-contracting/|/contact/,5.60,planned
/service-areas/fox-chapel-pa/large-loss-response/,service-area-service,"Large Loss and Catastrophic Response in Fox Chapel, PA | Katofsky Construction LLC",Large Loss and Catastrophic Response in Fox Chapel,"24/7 large loss and catastrophic response in Fox Chapel, PA. IICRC-certified, insurance billing accepted. Call (412) 304-9284.",large loss and catastrophic response fox chapel,large loss restoration|catastrophic loss response|commercial catastrophic restoration|multi-million dollar restoration|large loss adjusters,local_b2b,,,900,hero|og|inline-1|inline-2,service|local-business|faq|breadcrumb-list,/services/large-loss-response/|/service-areas/fox-chapel-pa/|/service-areas/fox-chapel-pa/fire-damage-restoration/|/service-areas/fox-chapel-pa/mold-remediation/|/service-areas/allison-park-pa/large-loss-response/|/service-areas/baldwin-pa/large-loss-response/|/contact/,5.60,planned
/service-areas/fox-chapel-pa/mold-inspection-testing/,service-area-service,"Mold Inspection and Testing in Fox Chapel, PA | Katofsky Construction LLC",Mold Inspection and Testing in Fox Chapel,"24/7 mold inspection and testing in Fox Chapel, PA. IICRC-certified, insurance billing accepted. Call (412) 304-9284.",mold inspection and testing fox chapel,mold inspection|mold testing|indoor air quality testing|mold spore testing|mold assessment,local_health,,,900,hero|og|inline-1|inline-2,service|local-business|faq|breadcrumb-list,/services/mold-inspection-testing/|/service-areas/fox-chapel-pa/|/service-areas/fox-chapel-pa/fire-damage-restoration/|/service-areas/fox-chapel-pa/mold-remediation/|/service-areas/allison-park-pa/mold-inspection-testing/|/service-areas/baldwin-pa/mold-inspection-testing/|/contact/,5.60,planned
/service-areas/glenshaw-pa/basement-flooding-cleanup/,service-area-service,"Basement Flooding Cleanup in Glenshaw, PA | Katofsky Construction LLC",Basement Flooding Cleanup in Glenshaw,"24/7 basement flooding cleanup in Glenshaw, PA. IICRC-certified, insurance billing accepted. Call (412) 304-9284.",basement flooding cleanup glenshaw,flooded basement cleanup|basement water removal|wet basement restoration|basement water damage|basement drying,local_emergency,,,900,hero|og|inline-1|inline-2,service|local-business|faq|breadcrumb-list,/services/basement-flooding-cleanup/|/service-areas/glenshaw-pa/|/service-areas/glenshaw-pa/fire-damage-restoration/|/service-areas/glenshaw-pa/mold-remediation/|/service-areas/allison-park-pa/basement-flooding-cleanup/|/service-areas/baldwin-pa/basement-flooding-cleanup/|/contact/,5.60,planned
/service-areas/glenshaw-pa/biohazard-cleanup/,service-area-service,"Biohazard Cleanup in Glenshaw, PA | Katofsky Construction LLC",Biohazard Cleanup in Glenshaw,"24/7 biohazard cleanup in Glenshaw, PA. IICRC-certified, insurance billing accepted. Call (412) 304-9284.",biohazard cleanup glenshaw,biohazard remediation|blood cleanup|bodily fluid cleanup|sharps and needle cleanup|infectious material cleanup,local_sensitive,,,900,hero|og|inline-1|inline-2,service|local-business|faq|breadcrumb-list,/services/biohazard-cleanup/|/service-areas/glenshaw-pa/|/service-areas/glenshaw-pa/fire-damage-restoration/|/service-areas/glenshaw-pa/mold-remediation/|/service-areas/allison-park-pa/biohazard-cleanup/|/service-areas/baldwin-pa/biohazard-cleanup/|/contact/,5.60,planned
/service-areas/glenshaw-pa/burst-pipe-repair/,service-area-service,"Burst Pipe Cleanup and Repair in Glenshaw, PA | Katofsky Construction LLC",Burst Pipe Cleanup and Repair in Glenshaw,"24/7 burst pipe cleanup and repair in Glenshaw, PA. IICRC-certified, insurance billing accepted. Call (412) 304-9284.",burst pipe cleanup and repair glenshaw,burst pipe cleanup|pipe burst emergency|pipe break water damage|water line break|emergency pipe repair,local_emergency,,,900,hero|og|inline-1|inline-2,service|local-business|faq|breadcrumb-list,/services/burst-pipe-repair/|/service-areas/glenshaw-pa/|/service-areas/glenshaw-pa/fire-damage-restoration/|/service-areas/glenshaw-pa/mold-remediation/|/service-areas/allison-park-pa/burst-pipe-repair/|/service-areas/baldwin-pa/burst-pipe-repair/|/contact/,5.60,planned
/service-areas/glenshaw-pa/ceiling-water-damage-repair/,service-area-service,"Ceiling Water Damage Repair in Glenshaw, PA | Katofsky Construction LLC",Ceiling Water Damage Repair in Glenshaw,"24/7 ceiling water damage repair in Glenshaw, PA. IICRC-certified, insurance billing accepted. Call (412) 304-9284.",ceiling water damage repair glenshaw,ceiling leaking|water coming through ceiling|ceiling leak repair|sagging ceiling water damage|water stain ceiling,local_emergency,,,900,hero|og|inline-1|inline-2,service|local-business|faq|breadcrumb-list,/services/ceiling-water-damage-repair/|/service-areas/glenshaw-pa/|/service-areas/glenshaw-pa/fire-damage-restoration/|/service-areas/glenshaw-pa/mold-remediation/|/service-areas/allison-park-pa/ceiling-water-damage-repair/|/service-areas/baldwin-pa/ceiling-water-damage-repair/|/contact/,5.60,planned
/service-areas/glenshaw-pa/general-contracting/,service-area-service,"Renovations, Remodels and General Contracting in Glenshaw, PA | Katofsky Construction LLC","Renovations, Remodels and General Contracting in Glenshaw","24/7 renovations, remodels and general contracting in Glenshaw, PA. IICRC-certified, insurance billing accepted. Call (412) 304-9284.","renovations, remodels and general contracting glenshaw",general contractor|home renovation services|home remodeling|kitchen remodel|bathroom remodel|post-damage rebuild,local_commercial,,,900,hero|og|inline-1|inline-2,service|local-business|faq|breadcrumb-list,/services/general-contracting/|/service-areas/glenshaw-pa/|/service-areas/glenshaw-pa/fire-damage-restoration/|/service-areas/glenshaw-pa/mold-remediation/|/service-areas/allison-park-pa/general-contracting/|/service-areas/baldwin-pa/general-contracting/|/contact/,5.60,planned
/service-areas/glenshaw-pa/large-loss-response/,service-area-service,"Large Loss and Catastrophic Response in Glenshaw, PA | Katofsky Construction LLC",Large Loss and Catastrophic Response in Glenshaw,"24/7 large loss and catastrophic response in Glenshaw, PA. IICRC-certified, insurance billing accepted. Call (412) 304-9284.",large loss and catastrophic response glenshaw,large loss restoration|catastrophic loss response|commercial catastrophic restoration|multi-million dollar restoration|large loss adjusters,local_b2b,,,900,hero|og|inline-1|inline-2,service|local-business|faq|breadcrumb-list,/services/large-loss-response/|/service-areas/glenshaw-pa/|/service-areas/glenshaw-pa/fire-damage-restoration/|/service-areas/glenshaw-pa/mold-remediation/|/service-areas/allison-park-pa/large-loss-response/|/service-areas/baldwin-pa/large-loss-response/|/contact/,5.60,planned
/service-areas/glenshaw-pa/mold-inspection-testing/,service-area-service,"Mold Inspection and Testing in Glenshaw, PA | Katofsky Construction LLC",Mold Inspection and Testing in Glenshaw,"24/7 mold inspection and testing in Glenshaw, PA. IICRC-certified, insurance billing accepted. Call (412) 304-9284.",mold inspection and testing glenshaw,mold inspection|mold testing|indoor air quality testing|mold spore testing|mold assessment,local_health,,,900,hero|og|inline-1|inline-2,service|local-business|faq|breadcrumb-list,/services/mold-inspection-testing/|/service-areas/glenshaw-pa/|/service-areas/glenshaw-pa/fire-damage-restoration/|/service-areas/glenshaw-pa/mold-remediation/|/service-areas/allison-park-pa/mold-inspection-testing/|/service-areas/baldwin-pa/mold-inspection-testing/|/contact/,5.60,planned
/service-areas/green-tree-pa/basement-flooding-cleanup/,service-area-service,"Basement Flooding Cleanup in Green Tree, PA | Katofsky Construction LLC",Basement Flooding Cleanup in Green Tree,"24/7 basement flooding cleanup in Green Tree, PA. IICRC-certified, insurance billing accepted. Call (412) 304-9284.",basement flooding cleanup green tree,flooded basement cleanup|basement water removal|wet basement restoration|basement water damage|basement drying,local_emergency,,,900,hero|og|inline-1|inline-2,service|local-business|faq|breadcrumb-list,/services/basement-flooding-cleanup/|/service-areas/green-tree-pa/|/service-areas/green-tree-pa/fire-damage-restoration/|/service-areas/green-tree-pa/mold-remediation/|/service-areas/allison-park-pa/basement-flooding-cleanup/|/service-areas/baldwin-pa/basement-flooding-cleanup/|/contact/,5.60,planned
/service-areas/green-tree-pa/biohazard-cleanup/,service-area-service,"Biohazard Cleanup in Green Tree, PA | Katofsky Construction LLC",Biohazard Cleanup in Green Tree,"24/7 biohazard cleanup in Green Tree, PA. IICRC-certified, insurance billing accepted. Call (412) 304-9284.",biohazard cleanup green tree,biohazard remediation|blood cleanup|bodily fluid cleanup|sharps and needle cleanup|infectious material cleanup,local_sensitive,,,900,hero|og|inline-1|inline-2,service|local-business|faq|breadcrumb-list,/services/biohazard-cleanup/|/service-areas/green-tree-pa/|/service-areas/green-tree-pa/fire-damage-restoration/|/service-areas/green-tree-pa/mold-remediation/|/service-areas/allison-park-pa/biohazard-cleanup/|/service-areas/baldwin-pa/biohazard-cleanup/|/contact/,5.60,planned
/service-areas/green-tree-pa/burst-pipe-repair/,service-area-service,"Burst Pipe Cleanup and Repair in Green Tree, PA | Katofsky Construction LLC",Burst Pipe Cleanup and Repair in Green Tree,"24/7 burst pipe cleanup and repair in Green Tree, PA. IICRC-certified, insurance billing accepted. Call (412) 304-9284.",burst pipe cleanup and repair green tree,burst pipe cleanup|pipe burst emergency|pipe break water damage|water line break|emergency pipe repair,local_emergency,,,900,hero|og|inline-1|inline-2,service|local-business|faq|breadcrumb-list,/services/burst-pipe-repair/|/service-areas/green-tree-pa/|/service-areas/green-tree-pa/fire-damage-restoration/|/service-areas/green-tree-pa/mold-remediation/|/service-areas/allison-park-pa/burst-pipe-repair/|/service-areas/baldwin-pa/burst-pipe-repair/|/contact/,5.60,planned
/service-areas/green-tree-pa/ceiling-water-damage-repair/,service-area-service,"Ceiling Water Damage Repair in Green Tree, PA | Katofsky Construction LLC",Ceiling Water Damage Repair in Green Tree,"24/7 ceiling water damage repair in Green Tree, PA. IICRC-certified, insurance billing accepted. Call (412) 304-9284.",ceiling water damage repair green tree,ceiling leaking|water coming through ceiling|ceiling leak repair|sagging ceiling water damage|water stain ceiling,local_emergency,,,900,hero|og|inline-1|inline-2,service|local-business|faq|breadcrumb-list,/services/ceiling-water-damage-repair/|/service-areas/green-tree-pa/|/service-areas/green-tree-pa/fire-damage-restoration/|/service-areas/green-tree-pa/mold-remediation/|/service-areas/allison-park-pa/ceiling-water-damage-repair/|/service-areas/baldwin-pa/ceiling-water-damage-repair/|/contact/,5.60,planned
/service-areas/green-tree-pa/general-contracting/,service-area-service,"Renovations, Remodels and General Contracting in Green Tree, PA | Katofsky Construction LLC","Renovations, Remodels and General Contracting in Green Tree","24/7 renovations, remodels and general contracting in Green Tree, PA. IICRC-certified, insurance billing accepted. Call (412) 304-9284.","renovations, remodels and general contracting green tree",general contractor|home renovation services|home remodeling|kitchen remodel|bathroom remodel|post-damage rebuild,local_commercial,,,900,hero|og|inline-1|inline-2,service|local-business|faq|breadcrumb-list,/services/general-contracting/|/service-areas/green-tree-pa/|/service-areas/green-tree-pa/fire-damage-restoration/|/service-areas/green-tree-pa/mold-remediation/|/service-areas/allison-park-pa/general-contracting/|/service-areas/baldwin-pa/general-contracting/|/contact/,5.60,planned
/service-areas/green-tree-pa/large-loss-response/,service-area-service,"Large Loss and Catastrophic Response in Green Tree, PA | Katofsky Construction LLC",Large Loss and Catastrophic Response in Green Tree,"24/7 large loss and catastrophic response in Green Tree, PA. IICRC-certified, insurance billing accepted. Call (412) 304-9284.",large loss and catastrophic response green tree,large loss restoration|catastrophic loss response|commercial catastrophic restoration|multi-million dollar restoration|large loss adjusters,local_b2b,,,900,hero|og|inline-1|inline-2,service|local-business|faq|breadcrumb-list,/services/large-loss-response/|/service-areas/green-tree-pa/|/service-areas/green-tree-pa/fire-damage-restoration/|/service-areas/green-tree-pa/mold-remediation/|/service-areas/allison-park-pa/large-loss-response/|/service-areas/baldwin-pa/large-loss-response/|/contact/,5.60,planned
/service-areas/green-tree-pa/mold-inspection-testing/,service-area-service,"Mold Inspection and Testing in Green Tree, PA | Katofsky Construction LLC",Mold Inspection and Testing in Green Tree,"24/7 mold inspection and testing in Green Tree, PA. IICRC-certified, insurance billing accepted. Call (412) 304-9284.",mold inspection and testing green tree,mold inspection|mold testing|indoor air quality testing|mold spore testing|mold assessment,local_health,,,900,hero|og|inline-1|inline-2,service|local-business|faq|breadcrumb-list,/services/mold-inspection-testing/|/service-areas/green-tree-pa/|/service-areas/green-tree-pa/fire-damage-restoration/|/service-areas/green-tree-pa/mold-remediation/|/service-areas/allison-park-pa/mold-inspection-testing/|/service-areas/baldwin-pa/mold-inspection-testing/|/contact/,5.60,planned
/service-areas/greensburg-pa/basement-flooding-cleanup/,service-area-service,"Basement Flooding Cleanup in Greensburg, PA | Katofsky Construction LLC",Basement Flooding Cleanup in Greensburg,"24/7 basement flooding cleanup in Greensburg, PA. IICRC-certified, insurance billing accepted. Call (412) 304-9284.",basement flooding cleanup greensburg,flooded basement cleanup|basement water removal|wet basement restoration|basement water damage|basement drying,local_emergency,,,900,hero|og|inline-1|inline-2,service|local-business|faq|breadcrumb-list,/services/basement-flooding-cleanup/|/service-areas/greensburg-pa/|/service-areas/greensburg-pa/fire-damage-restoration/|/service-areas/greensburg-pa/mold-remediation/|/service-areas/allison-park-pa/basement-flooding-cleanup/|/service-areas/baldwin-pa/basement-flooding-cleanup/|/contact/,5.60,planned
/service-areas/greensburg-pa/biohazard-cleanup/,service-area-service,"Biohazard Cleanup in Greensburg, PA | Katofsky Construction LLC",Biohazard Cleanup in Greensburg,"24/7 biohazard cleanup in Greensburg, PA. IICRC-certified, insurance billing accepted. Call (412) 304-9284.",biohazard cleanup greensburg,biohazard remediation|blood cleanup|bodily fluid cleanup|sharps and needle cleanup|infectious material cleanup,local_sensitive,,,900,hero|og|inline-1|inline-2,service|local-business|faq|breadcrumb-list,/services/biohazard-cleanup/|/service-areas/greensburg-pa/|/service-areas/greensburg-pa/fire-damage-restoration/|/service-areas/greensburg-pa/mold-remediation/|/service-areas/allison-park-pa/biohazard-cleanup/|/service-areas/baldwin-pa/biohazard-cleanup/|/contact/,5.60,planned
/service-areas/greensburg-pa/burst-pipe-repair/,service-area-service,"Burst Pipe Cleanup and Repair in Greensburg, PA | Katofsky Construction LLC",Burst Pipe Cleanup and Repair in Greensburg,"24/7 burst pipe cleanup and repair in Greensburg, PA. IICRC-certified, insurance billing accepted. Call (412) 304-9284.",burst pipe cleanup and repair greensburg,burst pipe cleanup|pipe burst emergency|pipe break water damage|water line break|emergency pipe repair,local_emergency,,,900,hero|og|inline-1|inline-2,service|local-business|faq|breadcrumb-list,/services/burst-pipe-repair/|/service-areas/greensburg-pa/|/service-areas/greensburg-pa/fire-damage-restoration/|/service-areas/greensburg-pa/mold-remediation/|/service-areas/allison-park-pa/burst-pipe-repair/|/service-areas/baldwin-pa/burst-pipe-repair/|/contact/,5.60,planned
/service-areas/greensburg-pa/ceiling-water-damage-repair/,service-area-service,"Ceiling Water Damage Repair in Greensburg, PA | Katofsky Construction LLC",Ceiling Water Damage Repair in Greensburg,"24/7 ceiling water damage repair in Greensburg, PA. IICRC-certified, insurance billing accepted. Call (412) 304-9284.",ceiling water damage repair greensburg,ceiling leaking|water coming through ceiling|ceiling leak repair|sagging ceiling water damage|water stain ceiling,local_emergency,,,900,hero|og|inline-1|inline-2,service|local-business|faq|breadcrumb-list,/services/ceiling-water-damage-repair/|/service-areas/greensburg-pa/|/service-areas/greensburg-pa/fire-damage-restoration/|/service-areas/greensburg-pa/mold-remediation/|/service-areas/allison-park-pa/ceiling-water-damage-repair/|/service-areas/baldwin-pa/ceiling-water-damage-repair/|/contact/,5.60,planned
/service-areas/greensburg-pa/general-contracting/,service-area-service,"Renovations, Remodels and General Contracting in Greensburg, PA | Katofsky Construction LLC","Renovations, Remodels and General Contracting in Greensburg","24/7 renovations, remodels and general contracting in Greensburg, PA. IICRC-certified, insurance billing accepted. Call (412) 304-9284.","renovations, remodels and general contracting greensburg",general contractor|home renovation services|home remodeling|kitchen remodel|bathroom remodel|post-damage rebuild,local_commercial,,,900,hero|og|inline-1|inline-2,service|local-business|faq|breadcrumb-list,/services/general-contracting/|/service-areas/greensburg-pa/|/service-areas/greensburg-pa/fire-damage-restoration/|/service-areas/greensburg-pa/mold-remediation/|/service-areas/allison-park-pa/general-contracting/|/service-areas/baldwin-pa/general-contracting/|/contact/,5.60,planned
/service-areas/greensburg-pa/large-loss-response/,service-area-service,"Large Loss and Catastrophic Response in Greensburg, PA | Katofsky Construction LLC",Large Loss and Catastrophic Response in Greensburg,"24/7 large loss and catastrophic response in Greensburg, PA. IICRC-certified, insurance billing accepted. Call (412) 304-9284.",large loss and catastrophic response greensburg,large loss restoration|catastrophic loss response|commercial catastrophic restoration|multi-million dollar restoration|large loss adjusters,local_b2b,,,900,hero|og|inline-1|inline-2,service|local-business|faq|breadcrumb-list,/services/large-loss-response/|/service-areas/greensburg-pa/|/service-areas/greensburg-pa/fire-damage-restoration/|/service-areas/greensburg-pa/mold-remediation/|/service-areas/allison-park-pa/large-loss-response/|/service-areas/baldwin-pa/large-loss-response/|/contact/,5.60,planned
/service-areas/greensburg-pa/mold-inspection-testing/,service-area-service,"Mold Inspection and Testing in Greensburg, PA | Katofsky Construction LLC",Mold Inspection and Testing in Greensburg,"24/7 mold inspection and testing in Greensburg, PA. IICRC-certified, insurance billing accepted. Call (412) 304-9284.",mold inspection and testing greensburg,mold inspection|mold testing|indoor air quality testing|mold spore testing|mold assessment,local_health,,,900,hero|og|inline-1|inline-2,service|local-business|faq|breadcrumb-list,/services/mold-inspection-testing/|/service-areas/greensburg-pa/|/service-areas/greensburg-pa/fire-damage-restoration/|/service-areas/greensburg-pa/mold-remediation/|/service-areas/allison-park-pa/mold-inspection-testing/|/service-areas/baldwin-pa/mold-inspection-testing/|/contact/,5.60,planned
/service-areas/hempfield-township-pa/basement-flooding-cleanup/,service-area-service,"Basement Flooding Cleanup in Hempfield Township, PA | Katofsky Construction LLC",Basement Flooding Cleanup in Hempfield Township,"24/7 basement flooding cleanup in Hempfield Township, PA. IICRC-certified, insurance billing accepted. Call (412) 304-9284.",basement flooding cleanup hempfield township,flooded basement cleanup|basement water removal|wet basement restoration|basement water damage|basement drying,local_emergency,,,900,hero|og|inline-1|inline-2,service|local-business|faq|breadcrumb-list,/services/basement-flooding-cleanup/|/service-areas/hempfield-township-pa/|/service-areas/hempfield-township-pa/fire-damage-restoration/|/service-areas/hempfield-township-pa/mold-remediation/|/service-areas/allison-park-pa/basement-flooding-cleanup/|/service-areas/baldwin-pa/basement-flooding-cleanup/|/contact/,5.60,planned
/service-areas/hempfield-township-pa/biohazard-cleanup/,service-area-service,"Biohazard Cleanup in Hempfield Township, PA | Katofsky Construction LLC",Biohazard Cleanup in Hempfield Township,"24/7 biohazard cleanup in Hempfield Township, PA. IICRC-certified, insurance billing accepted. Call (412) 304-9284.",biohazard cleanup hempfield township,biohazard remediation|blood cleanup|bodily fluid cleanup|sharps and needle cleanup|infectious material cleanup,local_sensitive,,,900,hero|og|inline-1|inline-2,service|local-business|faq|breadcrumb-list,/services/biohazard-cleanup/|/service-areas/hempfield-township-pa/|/service-areas/hempfield-township-pa/fire-damage-restoration/|/service-areas/hempfield-township-pa/mold-remediation/|/service-areas/allison-park-pa/biohazard-cleanup/|/service-areas/baldwin-pa/biohazard-cleanup/|/contact/,5.60,planned
/service-areas/hempfield-township-pa/burst-pipe-repair/,service-area-service,"Burst Pipe Cleanup and Repair in Hempfield Township, PA | Katofsky Construction LLC",Burst Pipe Cleanup and Repair in Hempfield Township,"24/7 burst pipe cleanup and repair in Hempfield Township, PA. IICRC-certified, insurance billing accepted. Call (412) 304-9284.",burst pipe cleanup and repair hempfield township,burst pipe cleanup|pipe burst emergency|pipe break water damage|water line break|emergency pipe repair,local_emergency,,,900,hero|og|inline-1|inline-2,service|local-business|faq|breadcrumb-list,/services/burst-pipe-repair/|/service-areas/hempfield-township-pa/|/service-areas/hempfield-township-pa/fire-damage-restoration/|/service-areas/hempfield-township-pa/mold-remediation/|/service-areas/allison-park-pa/burst-pipe-repair/|/service-areas/baldwin-pa/burst-pipe-repair/|/contact/,5.60,planned
/service-areas/hempfield-township-pa/ceiling-water-damage-repair/,service-area-service,"Ceiling Water Damage Repair in Hempfield Township, PA | Katofsky Construction LLC",Ceiling Water Damage Repair in Hempfield Township,"24/7 ceiling water damage repair in Hempfield Township, PA. IICRC-certified, insurance billing accepted. Call (412) 304-9284.",ceiling water damage repair hempfield township,ceiling leaking|water coming through ceiling|ceiling leak repair|sagging ceiling water damage|water stain ceiling,local_emergency,,,900,hero|og|inline-1|inline-2,service|local-business|faq|breadcrumb-list,/services/ceiling-water-damage-repair/|/service-areas/hempfield-township-pa/|/service-areas/hempfield-township-pa/fire-damage-restoration/|/service-areas/hempfield-township-pa/mold-remediation/|/service-areas/allison-park-pa/ceiling-water-damage-repair/|/service-areas/baldwin-pa/ceiling-water-damage-repair/|/contact/,5.60,planned
/service-areas/hempfield-township-pa/general-contracting/,service-area-service,"Renovations, Remodels and General Contracting in Hempfield Township, PA | Katofsky Construction LLC","Renovations, Remodels and General Contracting in Hempfield Township","24/7 renovations, remodels and general contracting in Hempfield Township, PA. IICRC-certified, insurance billing accepted. Call (412) 304-9284.","renovations, remodels and general contracting hempfield township",general contractor|home renovation services|home remodeling|kitchen remodel|bathroom remodel|post-damage rebuild,local_commercial,,,900,hero|og|inline-1|inline-2,service|local-business|faq|breadcrumb-list,/services/general-contracting/|/service-areas/hempfield-township-pa/|/service-areas/hempfield-township-pa/fire-damage-restoration/|/service-areas/hempfield-township-pa/mold-remediation/|/service-areas/allison-park-pa/general-contracting/|/service-areas/baldwin-pa/general-contracting/|/contact/,5.60,planned
/service-areas/hempfield-township-pa/large-loss-response/,service-area-service,"Large Loss and Catastrophic Response in Hempfield Township, PA | Katofsky Construction LLC",Large Loss and Catastrophic Response in Hempfield Township,"24/7 large loss and catastrophic response in Hempfield Township, PA. IICRC-certified, insurance billing accepted. Call (412) 304-9284.",large loss and catastrophic response hempfield township,large loss restoration|catastrophic loss response|commercial catastrophic restoration|multi-million dollar restoration|large loss adjusters,local_b2b,,,900,hero|og|inline-1|inline-2,service|local-business|faq|breadcrumb-list,/services/large-loss-response/|/service-areas/hempfield-township-pa/|/service-areas/hempfield-township-pa/fire-damage-restoration/|/service-areas/hempfield-township-pa/mold-remediation/|/service-areas/allison-park-pa/large-loss-response/|/service-areas/baldwin-pa/large-loss-response/|/contact/,5.60,planned
/service-areas/hempfield-township-pa/mold-inspection-testing/,service-area-service,"Mold Inspection and Testing in Hempfield Township, PA | Katofsky Construction LLC",Mold Inspection and Testing in Hempfield Township,"24/7 mold inspection and testing in Hempfield Township, PA. IICRC-certified, insurance billing accepted. Call (412) 304-9284.",mold inspection and testing hempfield township,mold inspection|mold testing|indoor air quality testing|mold spore testing|mold assessment,local_health,,,900,hero|og|inline-1|inline-2,service|local-business|faq|breadcrumb-list,/services/mold-inspection-testing/|/service-areas/hempfield-township-pa/|/service-areas/hempfield-township-pa/fire-damage-restoration/|/service-areas/hempfield-township-pa/mold-remediation/|/service-areas/allison-park-pa/mold-inspection-testing/|/service-areas/baldwin-pa/mold-inspection-testing/|/contact/,5.60,planned
/service-areas/jeannette-pa/basement-flooding-cleanup/,service-area-service,"Basement Flooding Cleanup in Jeannette, PA | Katofsky Construction LLC",Basement Flooding Cleanup in Jeannette,"24/7 basement flooding cleanup in Jeannette, PA. IICRC-certified, insurance billing accepted. Call (412) 304-9284.",basement flooding cleanup jeannette,flooded basement cleanup|basement water removal|wet basement restoration|basement water damage|basement drying,local_emergency,,,900,hero|og|inline-1|inline-2,service|local-business|faq|breadcrumb-list,/services/basement-flooding-cleanup/|/service-areas/jeannette-pa/|/service-areas/jeannette-pa/fire-damage-restoration/|/service-areas/jeannette-pa/mold-remediation/|/service-areas/allison-park-pa/basement-flooding-cleanup/|/service-areas/baldwin-pa/basement-flooding-cleanup/|/contact/,5.60,planned
/service-areas/jeannette-pa/biohazard-cleanup/,service-area-service,"Biohazard Cleanup in Jeannette, PA | Katofsky Construction LLC",Biohazard Cleanup in Jeannette,"24/7 biohazard cleanup in Jeannette, PA. IICRC-certified, insurance billing accepted. Call (412) 304-9284.",biohazard cleanup jeannette,biohazard remediation|blood cleanup|bodily fluid cleanup|sharps and needle cleanup|infectious material cleanup,local_sensitive,,,900,hero|og|inline-1|inline-2,service|local-business|faq|breadcrumb-list,/services/biohazard-cleanup/|/service-areas/jeannette-pa/|/service-areas/jeannette-pa/fire-damage-restoration/|/service-areas/jeannette-pa/mold-remediation/|/service-areas/allison-park-pa/biohazard-cleanup/|/service-areas/baldwin-pa/biohazard-cleanup/|/contact/,5.60,planned
/service-areas/jeannette-pa/burst-pipe-repair/,service-area-service,"Burst Pipe Cleanup and Repair in Jeannette, PA | Katofsky Construction LLC",Burst Pipe Cleanup and Repair in Jeannette,"24/7 burst pipe cleanup and repair in Jeannette, PA. IICRC-certified, insurance billing accepted. Call (412) 304-9284.",burst pipe cleanup and repair jeannette,burst pipe cleanup|pipe burst emergency|pipe break water damage|water line break|emergency pipe repair,local_emergency,,,900,hero|og|inline-1|inline-2,service|local-business|faq|breadcrumb-list,/services/burst-pipe-repair/|/service-areas/jeannette-pa/|/service-areas/jeannette-pa/fire-damage-restoration/|/service-areas/jeannette-pa/mold-remediation/|/service-areas/allison-park-pa/burst-pipe-repair/|/service-areas/baldwin-pa/burst-pipe-repair/|/contact/,5.60,planned
/service-areas/jeannette-pa/ceiling-water-damage-repair/,service-area-service,"Ceiling Water Damage Repair in Jeannette, PA | Katofsky Construction LLC",Ceiling Water Damage Repair in Jeannette,"24/7 ceiling water damage repair in Jeannette, PA. IICRC-certified, insurance billing accepted. Call (412) 304-9284.",ceiling water damage repair jeannette,ceiling leaking|water coming through ceiling|ceiling leak repair|sagging ceiling water damage|water stain ceiling,local_emergency,,,900,hero|og|inline-1|inline-2,service|local-business|faq|breadcrumb-list,/services/ceiling-water-damage-repair/|/service-areas/jeannette-pa/|/service-areas/jeannette-pa/fire-damage-restoration/|/service-areas/jeannette-pa/mold-remediation/|/service-areas/allison-park-pa/ceiling-water-damage-repair/|/service-areas/baldwin-pa/ceiling-water-damage-repair/|/contact/,5.60,planned
/service-areas/jeannette-pa/general-contracting/,service-area-service,"Renovations, Remodels and General Contracting in Jeannette, PA | Katofsky Construction LLC","Renovations, Remodels and General Contracting in Jeannette","24/7 renovations, remodels and general contracting in Jeannette, PA. IICRC-certified, insurance billing accepted. Call (412) 304-9284.","renovations, remodels and general contracting jeannette",general contractor|home renovation services|home remodeling|kitchen remodel|bathroom remodel|post-damage rebuild,local_commercial,,,900,hero|og|inline-1|inline-2,service|local-business|faq|breadcrumb-list,/services/general-contracting/|/service-areas/jeannette-pa/|/service-areas/jeannette-pa/fire-damage-restoration/|/service-areas/jeannette-pa/mold-remediation/|/service-areas/allison-park-pa/general-contracting/|/service-areas/baldwin-pa/general-contracting/|/contact/,5.60,planned
/service-areas/jeannette-pa/large-loss-response/,service-area-service,"Large Loss and Catastrophic Response in Jeannette, PA | Katofsky Construction LLC",Large Loss and Catastrophic Response in Jeannette,"24/7 large loss and catastrophic response in Jeannette, PA. IICRC-certified, insurance billing accepted. Call (412) 304-9284.",large loss and catastrophic response jeannette,large loss restoration|catastrophic loss response|commercial catastrophic restoration|multi-million dollar restoration|large loss adjusters,local_b2b,,,900,hero|og|inline-1|inline-2,service|local-business|faq|breadcrumb-list,/services/large-loss-response/|/service-areas/jeannette-pa/|/service-areas/jeannette-pa/fire-damage-restoration/|/service-areas/jeannette-pa/mold-remediation/|/service-areas/allison-park-pa/large-loss-response/|/service-areas/baldwin-pa/large-loss-response/|/contact/,5.60,planned
/service-areas/jeannette-pa/mold-inspection-testing/,service-area-service,"Mold Inspection and Testing in Jeannette, PA | Katofsky Construction LLC",Mold Inspection and Testing in Jeannette,"24/7 mold inspection and testing in Jeannette, PA. IICRC-certified, insurance billing accepted. Call (412) 304-9284.",mold inspection and testing jeannette,mold inspection|mold testing|indoor air quality testing|mold spore testing|mold assessment,local_health,,,900,hero|og|inline-1|inline-2,service|local-business|faq|breadcrumb-list,/services/mold-inspection-testing/|/service-areas/jeannette-pa/|/service-areas/jeannette-pa/fire-damage-restoration/|/service-areas/jeannette-pa/mold-remediation/|/service-areas/allison-park-pa/mold-inspection-testing/|/service-areas/baldwin-pa/mold-inspection-testing/|/contact/,5.60,planned
/service-areas/jefferson-hills-pa/basement-flooding-cleanup/,service-area-service,"Basement Flooding Cleanup in Jefferson Hills, PA | Katofsky Construction LLC",Basement Flooding Cleanup in Jefferson Hills,"24/7 basement flooding cleanup in Jefferson Hills, PA. IICRC-certified, insurance billing accepted. Call (412) 304-9284.",basement flooding cleanup jefferson hills,flooded basement cleanup|basement water removal|wet basement restoration|basement water damage|basement drying,local_emergency,,,900,hero|og|inline-1|inline-2,service|local-business|faq|breadcrumb-list,/services/basement-flooding-cleanup/|/service-areas/jefferson-hills-pa/|/service-areas/jefferson-hills-pa/fire-damage-restoration/|/service-areas/jefferson-hills-pa/mold-remediation/|/service-areas/allison-park-pa/basement-flooding-cleanup/|/service-areas/baldwin-pa/basement-flooding-cleanup/|/contact/,5.60,planned
/service-areas/jefferson-hills-pa/biohazard-cleanup/,service-area-service,"Biohazard Cleanup in Jefferson Hills, PA | Katofsky Construction LLC",Biohazard Cleanup in Jefferson Hills,"24/7 biohazard cleanup in Jefferson Hills, PA. IICRC-certified, insurance billing accepted. Call (412) 304-9284.",biohazard cleanup jefferson hills,biohazard remediation|blood cleanup|bodily fluid cleanup|sharps and needle cleanup|infectious material cleanup,local_sensitive,,,900,hero|og|inline-1|inline-2,service|local-business|faq|breadcrumb-list,/services/biohazard-cleanup/|/service-areas/jefferson-hills-pa/|/service-areas/jefferson-hills-pa/fire-damage-restoration/|/service-areas/jefferson-hills-pa/mold-remediation/|/service-areas/allison-park-pa/biohazard-cleanup/|/service-areas/baldwin-pa/biohazard-cleanup/|/contact/,5.60,planned
/service-areas/jefferson-hills-pa/burst-pipe-repair/,service-area-service,"Burst Pipe Cleanup and Repair in Jefferson Hills, PA | Katofsky Construction LLC",Burst Pipe Cleanup and Repair in Jefferson Hills,"24/7 burst pipe cleanup and repair in Jefferson Hills, PA. IICRC-certified, insurance billing accepted. Call (412) 304-9284.",burst pipe cleanup and repair jefferson hills,burst pipe cleanup|pipe burst emergency|pipe break water damage|water line break|emergency pipe repair,local_emergency,,,900,hero|og|inline-1|inline-2,service|local-business|faq|breadcrumb-list,/services/burst-pipe-repair/|/service-areas/jefferson-hills-pa/|/service-areas/jefferson-hills-pa/fire-damage-restoration/|/service-areas/jefferson-hills-pa/mold-remediation/|/service-areas/allison-park-pa/burst-pipe-repair/|/service-areas/baldwin-pa/burst-pipe-repair/|/contact/,5.60,planned
/service-areas/jefferson-hills-pa/ceiling-water-damage-repair/,service-area-service,"Ceiling Water Damage Repair in Jefferson Hills, PA | Katofsky Construction LLC",Ceiling Water Damage Repair in Jefferson Hills,"24/7 ceiling water damage repair in Jefferson Hills, PA. IICRC-certified, insurance billing accepted. Call (412) 304-9284.",ceiling water damage repair jefferson hills,ceiling leaking|water coming through ceiling|ceiling leak repair|sagging ceiling water damage|water stain ceiling,local_emergency,,,900,hero|og|inline-1|inline-2,service|local-business|faq|breadcrumb-list,/services/ceiling-water-damage-repair/|/service-areas/jefferson-hills-pa/|/service-areas/jefferson-hills-pa/fire-damage-restoration/|/service-areas/jefferson-hills-pa/mold-remediation/|/service-areas/allison-park-pa/ceiling-water-damage-repair/|/service-areas/baldwin-pa/ceiling-water-damage-repair/|/contact/,5.60,planned
/service-areas/jefferson-hills-pa/general-contracting/,service-area-service,"Renovations, Remodels and General Contracting in Jefferson Hills, PA | Katofsky Construction LLC","Renovations, Remodels and General Contracting in Jefferson Hills","24/7 renovations, remodels and general contracting in Jefferson Hills, PA. IICRC-certified, insurance billing accepted. Call (412) 304-9284.","renovations, remodels and general contracting jefferson hills",general contractor|home renovation services|home remodeling|kitchen remodel|bathroom remodel|post-damage rebuild,local_commercial,,,900,hero|og|inline-1|inline-2,service|local-business|faq|breadcrumb-list,/services/general-contracting/|/service-areas/jefferson-hills-pa/|/service-areas/jefferson-hills-pa/fire-damage-restoration/|/service-areas/jefferson-hills-pa/mold-remediation/|/service-areas/allison-park-pa/general-contracting/|/service-areas/baldwin-pa/general-contracting/|/contact/,5.60,planned
/service-areas/jefferson-hills-pa/large-loss-response/,service-area-service,"Large Loss and Catastrophic Response in Jefferson Hills, PA | Katofsky Construction LLC",Large Loss and Catastrophic Response in Jefferson Hills,"24/7 large loss and catastrophic response in Jefferson Hills, PA. IICRC-certified, insurance billing accepted. Call (412) 304-9284.",large loss and catastrophic response jefferson hills,large loss restoration|catastrophic loss response|commercial catastrophic restoration|multi-million dollar restoration|large loss adjusters,local_b2b,,,900,hero|og|inline-1|inline-2,service|local-business|faq|breadcrumb-list,/services/large-loss-response/|/service-areas/jefferson-hills-pa/|/service-areas/jefferson-hills-pa/fire-damage-restoration/|/service-areas/jefferson-hills-pa/mold-remediation/|/service-areas/allison-park-pa/large-loss-response/|/service-areas/baldwin-pa/large-loss-response/|/contact/,5.60,planned
/service-areas/jefferson-hills-pa/mold-inspection-testing/,service-area-service,"Mold Inspection and Testing in Jefferson Hills, PA | Katofsky Construction LLC",Mold Inspection and Testing in Jefferson Hills,"24/7 mold inspection and testing in Jefferson Hills, PA. IICRC-certified, insurance billing accepted. Call (412) 304-9284.",mold inspection and testing jefferson hills,mold inspection|mold testing|indoor air quality testing|mold spore testing|mold assessment,local_health,,,900,hero|og|inline-1|inline-2,service|local-business|faq|breadcrumb-list,/services/mold-inspection-testing/|/service-areas/jefferson-hills-pa/|/service-areas/jefferson-hills-pa/fire-damage-restoration/|/service-areas/jefferson-hills-pa/mold-remediation/|/service-areas/allison-park-pa/mold-inspection-testing/|/service-areas/baldwin-pa/mold-inspection-testing/|/contact/,5.60,planned
/service-areas/latrobe-pa/basement-flooding-cleanup/,service-area-service,"Basement Flooding Cleanup in Latrobe, PA | Katofsky Construction LLC",Basement Flooding Cleanup in Latrobe,"24/7 basement flooding cleanup in Latrobe, PA. IICRC-certified, insurance billing accepted. Call (412) 304-9284.",basement flooding cleanup latrobe,flooded basement cleanup|basement water removal|wet basement restoration|basement water damage|basement drying,local_emergency,,,900,hero|og|inline-1|inline-2,service|local-business|faq|breadcrumb-list,/services/basement-flooding-cleanup/|/service-areas/latrobe-pa/|/service-areas/latrobe-pa/fire-damage-restoration/|/service-areas/latrobe-pa/mold-remediation/|/service-areas/allison-park-pa/basement-flooding-cleanup/|/service-areas/baldwin-pa/basement-flooding-cleanup/|/contact/,5.60,planned
/service-areas/latrobe-pa/biohazard-cleanup/,service-area-service,"Biohazard Cleanup in Latrobe, PA | Katofsky Construction LLC",Biohazard Cleanup in Latrobe,"24/7 biohazard cleanup in Latrobe, PA. IICRC-certified, insurance billing accepted. Call (412) 304-9284.",biohazard cleanup latrobe,biohazard remediation|blood cleanup|bodily fluid cleanup|sharps and needle cleanup|infectious material cleanup,local_sensitive,,,900,hero|og|inline-1|inline-2,service|local-business|faq|breadcrumb-list,/services/biohazard-cleanup/|/service-areas/latrobe-pa/|/service-areas/latrobe-pa/fire-damage-restoration/|/service-areas/latrobe-pa/mold-remediation/|/service-areas/allison-park-pa/biohazard-cleanup/|/service-areas/baldwin-pa/biohazard-cleanup/|/contact/,5.60,planned
/service-areas/latrobe-pa/burst-pipe-repair/,service-area-service,"Burst Pipe Cleanup and Repair in Latrobe, PA | Katofsky Construction LLC",Burst Pipe Cleanup and Repair in Latrobe,"24/7 burst pipe cleanup and repair in Latrobe, PA. IICRC-certified, insurance billing accepted. Call (412) 304-9284.",burst pipe cleanup and repair latrobe,burst pipe cleanup|pipe burst emergency|pipe break water damage|water line break|emergency pipe repair,local_emergency,,,900,hero|og|inline-1|inline-2,service|local-business|faq|breadcrumb-list,/services/burst-pipe-repair/|/service-areas/latrobe-pa/|/service-areas/latrobe-pa/fire-damage-restoration/|/service-areas/latrobe-pa/mold-remediation/|/service-areas/allison-park-pa/burst-pipe-repair/|/service-areas/baldwin-pa/burst-pipe-repair/|/contact/,5.60,planned
/service-areas/latrobe-pa/ceiling-water-damage-repair/,service-area-service,"Ceiling Water Damage Repair in Latrobe, PA | Katofsky Construction LLC",Ceiling Water Damage Repair in Latrobe,"24/7 ceiling water damage repair in Latrobe, PA. IICRC-certified, insurance billing accepted. Call (412) 304-9284.",ceiling water damage repair latrobe,ceiling leaking|water coming through ceiling|ceiling leak repair|sagging ceiling water damage|water stain ceiling,local_emergency,,,900,hero|og|inline-1|inline-2,service|local-business|faq|breadcrumb-list,/services/ceiling-water-damage-repair/|/service-areas/latrobe-pa/|/service-areas/latrobe-pa/fire-damage-restoration/|/service-areas/latrobe-pa/mold-remediation/|/service-areas/allison-park-pa/ceiling-water-damage-repair/|/service-areas/baldwin-pa/ceiling-water-damage-repair/|/contact/,5.60,planned
/service-areas/latrobe-pa/general-contracting/,service-area-service,"Renovations, Remodels and General Contracting in Latrobe, PA | Katofsky Construction LLC","Renovations, Remodels and General Contracting in Latrobe","24/7 renovations, remodels and general contracting in Latrobe, PA. IICRC-certified, insurance billing accepted. Call (412) 304-9284.","renovations, remodels and general contracting latrobe",general contractor|home renovation services|home remodeling|kitchen remodel|bathroom remodel|post-damage rebuild,local_commercial,,,900,hero|og|inline-1|inline-2,service|local-business|faq|breadcrumb-list,/services/general-contracting/|/service-areas/latrobe-pa/|/service-areas/latrobe-pa/fire-damage-restoration/|/service-areas/latrobe-pa/mold-remediation/|/service-areas/allison-park-pa/general-contracting/|/service-areas/baldwin-pa/general-contracting/|/contact/,5.60,planned
/service-areas/latrobe-pa/large-loss-response/,service-area-service,"Large Loss and Catastrophic Response in Latrobe, PA | Katofsky Construction LLC",Large Loss and Catastrophic Response in Latrobe,"24/7 large loss and catastrophic response in Latrobe, PA. IICRC-certified, insurance billing accepted. Call (412) 304-9284.",large loss and catastrophic response latrobe,large loss restoration|catastrophic loss response|commercial catastrophic restoration|multi-million dollar restoration|large loss adjusters,local_b2b,,,900,hero|og|inline-1|inline-2,service|local-business|faq|breadcrumb-list,/services/large-loss-response/|/service-areas/latrobe-pa/|/service-areas/latrobe-pa/fire-damage-restoration/|/service-areas/latrobe-pa/mold-remediation/|/service-areas/allison-park-pa/large-loss-response/|/service-areas/baldwin-pa/large-loss-response/|/contact/,5.60,planned
/service-areas/latrobe-pa/mold-inspection-testing/,service-area-service,"Mold Inspection and Testing in Latrobe, PA | Katofsky Construction LLC",Mold Inspection and Testing in Latrobe,"24/7 mold inspection and testing in Latrobe, PA. IICRC-certified, insurance billing accepted. Call (412) 304-9284.",mold inspection and testing latrobe,mold inspection|mold testing|indoor air quality testing|mold spore testing|mold assessment,local_health,,,900,hero|og|inline-1|inline-2,service|local-business|faq|breadcrumb-list,/services/mold-inspection-testing/|/service-areas/latrobe-pa/|/service-areas/latrobe-pa/fire-damage-restoration/|/service-areas/latrobe-pa/mold-remediation/|/service-areas/allison-park-pa/mold-inspection-testing/|/service-areas/baldwin-pa/mold-inspection-testing/|/contact/,5.60,planned
/service-areas/lower-burrell-pa/basement-flooding-cleanup/,service-area-service,"Basement Flooding Cleanup in Lower Burrell, PA | Katofsky Construction LLC",Basement Flooding Cleanup in Lower Burrell,"24/7 basement flooding cleanup in Lower Burrell, PA. IICRC-certified, insurance billing accepted. Call (412) 304-9284.",basement flooding cleanup lower burrell,flooded basement cleanup|basement water removal|wet basement restoration|basement water damage|basement drying,local_emergency,,,900,hero|og|inline-1|inline-2,service|local-business|faq|breadcrumb-list,/services/basement-flooding-cleanup/|/service-areas/lower-burrell-pa/|/service-areas/lower-burrell-pa/fire-damage-restoration/|/service-areas/lower-burrell-pa/mold-remediation/|/service-areas/allison-park-pa/basement-flooding-cleanup/|/service-areas/baldwin-pa/basement-flooding-cleanup/|/contact/,5.60,planned
/service-areas/lower-burrell-pa/biohazard-cleanup/,service-area-service,"Biohazard Cleanup in Lower Burrell, PA | Katofsky Construction LLC",Biohazard Cleanup in Lower Burrell,"24/7 biohazard cleanup in Lower Burrell, PA. IICRC-certified, insurance billing accepted. Call (412) 304-9284.",biohazard cleanup lower burrell,biohazard remediation|blood cleanup|bodily fluid cleanup|sharps and needle cleanup|infectious material cleanup,local_sensitive,,,900,hero|og|inline-1|inline-2,service|local-business|faq|breadcrumb-list,/services/biohazard-cleanup/|/service-areas/lower-burrell-pa/|/service-areas/lower-burrell-pa/fire-damage-restoration/|/service-areas/lower-burrell-pa/mold-remediation/|/service-areas/allison-park-pa/biohazard-cleanup/|/service-areas/baldwin-pa/biohazard-cleanup/|/contact/,5.60,planned
/service-areas/lower-burrell-pa/burst-pipe-repair/,service-area-service,"Burst Pipe Cleanup and Repair in Lower Burrell, PA | Katofsky Construction LLC",Burst Pipe Cleanup and Repair in Lower Burrell,"24/7 burst pipe cleanup and repair in Lower Burrell, PA. IICRC-certified, insurance billing accepted. Call (412) 304-9284.",burst pipe cleanup and repair lower burrell,burst pipe cleanup|pipe burst emergency|pipe break water damage|water line break|emergency pipe repair,local_emergency,,,900,hero|og|inline-1|inline-2,service|local-business|faq|breadcrumb-list,/services/burst-pipe-repair/|/service-areas/lower-burrell-pa/|/service-areas/lower-burrell-pa/fire-damage-restoration/|/service-areas/lower-burrell-pa/mold-remediation/|/service-areas/allison-park-pa/burst-pipe-repair/|/service-areas/baldwin-pa/burst-pipe-repair/|/contact/,5.60,planned
/service-areas/lower-burrell-pa/ceiling-water-damage-repair/,service-area-service,"Ceiling Water Damage Repair in Lower Burrell, PA | Katofsky Construction LLC",Ceiling Water Damage Repair in Lower Burrell,"24/7 ceiling water damage repair in Lower Burrell, PA. IICRC-certified, insurance billing accepted. Call (412) 304-9284.",ceiling water damage repair lower burrell,ceiling leaking|water coming through ceiling|ceiling leak repair|sagging ceiling water damage|water stain ceiling,local_emergency,,,900,hero|og|inline-1|inline-2,service|local-business|faq|breadcrumb-list,/services/ceiling-water-damage-repair/|/service-areas/lower-burrell-pa/|/service-areas/lower-burrell-pa/fire-damage-restoration/|/service-areas/lower-burrell-pa/mold-remediation/|/service-areas/allison-park-pa/ceiling-water-damage-repair/|/service-areas/baldwin-pa/ceiling-water-damage-repair/|/contact/,5.60,planned
/service-areas/lower-burrell-pa/general-contracting/,service-area-service,"Renovations, Remodels and General Contracting in Lower Burrell, PA | Katofsky Construction LLC","Renovations, Remodels and General Contracting in Lower Burrell","24/7 renovations, remodels and general contracting in Lower Burrell, PA. IICRC-certified, insurance billing accepted. Call (412) 304-9284.","renovations, remodels and general contracting lower burrell",general contractor|home renovation services|home remodeling|kitchen remodel|bathroom remodel|post-damage rebuild,local_commercial,,,900,hero|og|inline-1|inline-2,service|local-business|faq|breadcrumb-list,/services/general-contracting/|/service-areas/lower-burrell-pa/|/service-areas/lower-burrell-pa/fire-damage-restoration/|/service-areas/lower-burrell-pa/mold-remediation/|/service-areas/allison-park-pa/general-contracting/|/service-areas/baldwin-pa/general-contracting/|/contact/,5.60,planned
/service-areas/lower-burrell-pa/large-loss-response/,service-area-service,"Large Loss and Catastrophic Response in Lower Burrell, PA | Katofsky Construction LLC",Large Loss and Catastrophic Response in Lower Burrell,"24/7 large loss and catastrophic response in Lower Burrell, PA. IICRC-certified, insurance billing accepted. Call (412) 304-9284.",large loss and catastrophic response lower burrell,large loss restoration|catastrophic loss response|commercial catastrophic restoration|multi-million dollar restoration|large loss adjusters,local_b2b,,,900,hero|og|inline-1|inline-2,service|local-business|faq|breadcrumb-list,/services/large-loss-response/|/service-areas/lower-burrell-pa/|/service-areas/lower-burrell-pa/fire-damage-restoration/|/service-areas/lower-burrell-pa/mold-remediation/|/service-areas/allison-park-pa/large-loss-response/|/service-areas/baldwin-pa/large-loss-response/|/contact/,5.60,planned
/service-areas/lower-burrell-pa/mold-inspection-testing/,service-area-service,"Mold Inspection and Testing in Lower Burrell, PA | Katofsky Construction LLC",Mold Inspection and Testing in Lower Burrell,"24/7 mold inspection and testing in Lower Burrell, PA. IICRC-certified, insurance billing accepted. Call (412) 304-9284.",mold inspection and testing lower burrell,mold inspection|mold testing|indoor air quality testing|mold spore testing|mold assessment,local_health,,,900,hero|og|inline-1|inline-2,service|local-business|faq|breadcrumb-list,/services/mold-inspection-testing/|/service-areas/lower-burrell-pa/|/service-areas/lower-burrell-pa/fire-damage-restoration/|/service-areas/lower-burrell-pa/mold-remediation/|/service-areas/allison-park-pa/mold-inspection-testing/|/service-areas/baldwin-pa/mold-inspection-testing/|/contact/,5.60,planned
/service-areas/mccandless-pa/basement-flooding-cleanup/,service-area-service,"Basement Flooding Cleanup in McCandless, PA | Katofsky Construction LLC",Basement Flooding Cleanup in McCandless,"24/7 basement flooding cleanup in McCandless, PA. IICRC-certified, insurance billing accepted. Call (412) 304-9284.",basement flooding cleanup mccandless,flooded basement cleanup|basement water removal|wet basement restoration|basement water damage|basement drying,local_emergency,,,900,hero|og|inline-1|inline-2,service|local-business|faq|breadcrumb-list,/services/basement-flooding-cleanup/|/service-areas/mccandless-pa/|/service-areas/mccandless-pa/fire-damage-restoration/|/service-areas/mccandless-pa/mold-remediation/|/service-areas/allison-park-pa/basement-flooding-cleanup/|/service-areas/baldwin-pa/basement-flooding-cleanup/|/contact/,5.60,planned
/service-areas/mccandless-pa/biohazard-cleanup/,service-area-service,"Biohazard Cleanup in McCandless, PA | Katofsky Construction LLC",Biohazard Cleanup in McCandless,"24/7 biohazard cleanup in McCandless, PA. IICRC-certified, insurance billing accepted. Call (412) 304-9284.",biohazard cleanup mccandless,biohazard remediation|blood cleanup|bodily fluid cleanup|sharps and needle cleanup|infectious material cleanup,local_sensitive,,,900,hero|og|inline-1|inline-2,service|local-business|faq|breadcrumb-list,/services/biohazard-cleanup/|/service-areas/mccandless-pa/|/service-areas/mccandless-pa/fire-damage-restoration/|/service-areas/mccandless-pa/mold-remediation/|/service-areas/allison-park-pa/biohazard-cleanup/|/service-areas/baldwin-pa/biohazard-cleanup/|/contact/,5.60,planned
/service-areas/mccandless-pa/burst-pipe-repair/,service-area-service,"Burst Pipe Cleanup and Repair in McCandless, PA | Katofsky Construction LLC",Burst Pipe Cleanup and Repair in McCandless,"24/7 burst pipe cleanup and repair in McCandless, PA. IICRC-certified, insurance billing accepted. Call (412) 304-9284.",burst pipe cleanup and repair mccandless,burst pipe cleanup|pipe burst emergency|pipe break water damage|water line break|emergency pipe repair,local_emergency,,,900,hero|og|inline-1|inline-2,service|local-business|faq|breadcrumb-list,/services/burst-pipe-repair/|/service-areas/mccandless-pa/|/service-areas/mccandless-pa/fire-damage-restoration/|/service-areas/mccandless-pa/mold-remediation/|/service-areas/allison-park-pa/burst-pipe-repair/|/service-areas/baldwin-pa/burst-pipe-repair/|/contact/,5.60,planned
/service-areas/mccandless-pa/ceiling-water-damage-repair/,service-area-service,"Ceiling Water Damage Repair in McCandless, PA | Katofsky Construction LLC",Ceiling Water Damage Repair in McCandless,"24/7 ceiling water damage repair in McCandless, PA. IICRC-certified, insurance billing accepted. Call (412) 304-9284.",ceiling water damage repair mccandless,ceiling leaking|water coming through ceiling|ceiling leak repair|sagging ceiling water damage|water stain ceiling,local_emergency,,,900,hero|og|inline-1|inline-2,service|local-business|faq|breadcrumb-list,/services/ceiling-water-damage-repair/|/service-areas/mccandless-pa/|/service-areas/mccandless-pa/fire-damage-restoration/|/service-areas/mccandless-pa/mold-remediation/|/service-areas/allison-park-pa/ceiling-water-damage-repair/|/service-areas/baldwin-pa/ceiling-water-damage-repair/|/contact/,5.60,planned
/service-areas/mccandless-pa/general-contracting/,service-area-service,"Renovations, Remodels and General Contracting in McCandless, PA | Katofsky Construction LLC","Renovations, Remodels and General Contracting in McCandless","24/7 renovations, remodels and general contracting in McCandless, PA. IICRC-certified, insurance billing accepted. Call (412) 304-9284.","renovations, remodels and general contracting mccandless",general contractor|home renovation services|home remodeling|kitchen remodel|bathroom remodel|post-damage rebuild,local_commercial,,,900,hero|og|inline-1|inline-2,service|local-business|faq|breadcrumb-list,/services/general-contracting/|/service-areas/mccandless-pa/|/service-areas/mccandless-pa/fire-damage-restoration/|/service-areas/mccandless-pa/mold-remediation/|/service-areas/allison-park-pa/general-contracting/|/service-areas/baldwin-pa/general-contracting/|/contact/,5.60,planned
/service-areas/mccandless-pa/large-loss-response/,service-area-service,"Large Loss and Catastrophic Response in McCandless, PA | Katofsky Construction LLC",Large Loss and Catastrophic Response in McCandless,"24/7 large loss and catastrophic response in McCandless, PA. IICRC-certified, insurance billing accepted. Call (412) 304-9284.",large loss and catastrophic response mccandless,large loss restoration|catastrophic loss response|commercial catastrophic restoration|multi-million dollar restoration|large loss adjusters,local_b2b,,,900,hero|og|inline-1|inline-2,service|local-business|faq|breadcrumb-list,/services/large-loss-response/|/service-areas/mccandless-pa/|/service-areas/mccandless-pa/fire-damage-restoration/|/service-areas/mccandless-pa/mold-remediation/|/service-areas/allison-park-pa/large-loss-response/|/service-areas/baldwin-pa/large-loss-response/|/contact/,5.60,planned
/service-areas/mccandless-pa/mold-inspection-testing/,service-area-service,"Mold Inspection and Testing in McCandless, PA | Katofsky Construction LLC",Mold Inspection and Testing in McCandless,"24/7 mold inspection and testing in McCandless, PA. IICRC-certified, insurance billing accepted. Call (412) 304-9284.",mold inspection and testing mccandless,mold inspection|mold testing|indoor air quality testing|mold spore testing|mold assessment,local_health,,,900,hero|og|inline-1|inline-2,service|local-business|faq|breadcrumb-list,/services/mold-inspection-testing/|/service-areas/mccandless-pa/|/service-areas/mccandless-pa/fire-damage-restoration/|/service-areas/mccandless-pa/mold-remediation/|/service-areas/allison-park-pa/mold-inspection-testing/|/service-areas/baldwin-pa/mold-inspection-testing/|/contact/,5.60,planned
/service-areas/mckeesport-pa/basement-flooding-cleanup/,service-area-service,"Basement Flooding Cleanup in McKeesport, PA | Katofsky Construction LLC",Basement Flooding Cleanup in McKeesport,"24/7 basement flooding cleanup in McKeesport, PA. IICRC-certified, insurance billing accepted. Call (412) 304-9284.",basement flooding cleanup mckeesport,flooded basement cleanup|basement water removal|wet basement restoration|basement water damage|basement drying,local_emergency,,,900,hero|og|inline-1|inline-2,service|local-business|faq|breadcrumb-list,/services/basement-flooding-cleanup/|/service-areas/mckeesport-pa/|/service-areas/mckeesport-pa/fire-damage-restoration/|/service-areas/mckeesport-pa/mold-remediation/|/service-areas/allison-park-pa/basement-flooding-cleanup/|/service-areas/baldwin-pa/basement-flooding-cleanup/|/contact/,5.60,planned
/service-areas/mckeesport-pa/biohazard-cleanup/,service-area-service,"Biohazard Cleanup in McKeesport, PA | Katofsky Construction LLC",Biohazard Cleanup in McKeesport,"24/7 biohazard cleanup in McKeesport, PA. IICRC-certified, insurance billing accepted. Call (412) 304-9284.",biohazard cleanup mckeesport,biohazard remediation|blood cleanup|bodily fluid cleanup|sharps and needle cleanup|infectious material cleanup,local_sensitive,,,900,hero|og|inline-1|inline-2,service|local-business|faq|breadcrumb-list,/services/biohazard-cleanup/|/service-areas/mckeesport-pa/|/service-areas/mckeesport-pa/fire-damage-restoration/|/service-areas/mckeesport-pa/mold-remediation/|/service-areas/allison-park-pa/biohazard-cleanup/|/service-areas/baldwin-pa/biohazard-cleanup/|/contact/,5.60,planned
/service-areas/mckeesport-pa/burst-pipe-repair/,service-area-service,"Burst Pipe Cleanup and Repair in McKeesport, PA | Katofsky Construction LLC",Burst Pipe Cleanup and Repair in McKeesport,"24/7 burst pipe cleanup and repair in McKeesport, PA. IICRC-certified, insurance billing accepted. Call (412) 304-9284.",burst pipe cleanup and repair mckeesport,burst pipe cleanup|pipe burst emergency|pipe break water damage|water line break|emergency pipe repair,local_emergency,,,900,hero|og|inline-1|inline-2,service|local-business|faq|breadcrumb-list,/services/burst-pipe-repair/|/service-areas/mckeesport-pa/|/service-areas/mckeesport-pa/fire-damage-restoration/|/service-areas/mckeesport-pa/mold-remediation/|/service-areas/allison-park-pa/burst-pipe-repair/|/service-areas/baldwin-pa/burst-pipe-repair/|/contact/,5.60,planned
/service-areas/mckeesport-pa/ceiling-water-damage-repair/,service-area-service,"Ceiling Water Damage Repair in McKeesport, PA | Katofsky Construction LLC",Ceiling Water Damage Repair in McKeesport,"24/7 ceiling water damage repair in McKeesport, PA. IICRC-certified, insurance billing accepted. Call (412) 304-9284.",ceiling water damage repair mckeesport,ceiling leaking|water coming through ceiling|ceiling leak repair|sagging ceiling water damage|water stain ceiling,local_emergency,,,900,hero|og|inline-1|inline-2,service|local-business|faq|breadcrumb-list,/services/ceiling-water-damage-repair/|/service-areas/mckeesport-pa/|/service-areas/mckeesport-pa/fire-damage-restoration/|/service-areas/mckeesport-pa/mold-remediation/|/service-areas/allison-park-pa/ceiling-water-damage-repair/|/service-areas/baldwin-pa/ceiling-water-damage-repair/|/contact/,5.60,planned
/service-areas/mckeesport-pa/general-contracting/,service-area-service,"Renovations, Remodels and General Contracting in McKeesport, PA | Katofsky Construction LLC","Renovations, Remodels and General Contracting in McKeesport","24/7 renovations, remodels and general contracting in McKeesport, PA. IICRC-certified, insurance billing accepted. Call (412) 304-9284.","renovations, remodels and general contracting mckeesport",general contractor|home renovation services|home remodeling|kitchen remodel|bathroom remodel|post-damage rebuild,local_commercial,,,900,hero|og|inline-1|inline-2,service|local-business|faq|breadcrumb-list,/services/general-contracting/|/service-areas/mckeesport-pa/|/service-areas/mckeesport-pa/fire-damage-restoration/|/service-areas/mckeesport-pa/mold-remediation/|/service-areas/allison-park-pa/general-contracting/|/service-areas/baldwin-pa/general-contracting/|/contact/,5.60,planned
/service-areas/mckeesport-pa/large-loss-response/,service-area-service,"Large Loss and Catastrophic Response in McKeesport, PA | Katofsky Construction LLC",Large Loss and Catastrophic Response in McKeesport,"24/7 large loss and catastrophic response in McKeesport, PA. IICRC-certified, insurance billing accepted. Call (412) 304-9284.",large loss and catastrophic response mckeesport,large loss restoration|catastrophic loss response|commercial catastrophic restoration|multi-million dollar restoration|large loss adjusters,local_b2b,,,900,hero|og|inline-1|inline-2,service|local-business|faq|breadcrumb-list,/services/large-loss-response/|/service-areas/mckeesport-pa/|/service-areas/mckeesport-pa/fire-damage-restoration/|/service-areas/mckeesport-pa/mold-remediation/|/service-areas/allison-park-pa/large-loss-response/|/service-areas/baldwin-pa/large-loss-response/|/contact/,5.60,planned
/service-areas/mckeesport-pa/mold-inspection-testing/,service-area-service,"Mold Inspection and Testing in McKeesport, PA | Katofsky Construction LLC",Mold Inspection and Testing in McKeesport,"24/7 mold inspection and testing in McKeesport, PA. IICRC-certified, insurance billing accepted. Call (412) 304-9284.",mold inspection and testing mckeesport,mold inspection|mold testing|indoor air quality testing|mold spore testing|mold assessment,local_health,,,900,hero|og|inline-1|inline-2,service|local-business|faq|breadcrumb-list,/services/mold-inspection-testing/|/service-areas/mckeesport-pa/|/service-areas/mckeesport-pa/fire-damage-restoration/|/service-areas/mckeesport-pa/mold-remediation/|/service-areas/allison-park-pa/mold-inspection-testing/|/service-areas/baldwin-pa/mold-inspection-testing/|/contact/,5.60,planned
/service-areas/monroeville-pa/basement-flooding-cleanup/,service-area-service,"Basement Flooding Cleanup in Monroeville, PA | Katofsky Construction LLC",Basement Flooding Cleanup in Monroeville,"24/7 basement flooding cleanup in Monroeville, PA. IICRC-certified, insurance billing accepted. Call (412) 304-9284.",basement flooding cleanup monroeville,flooded basement cleanup|basement water removal|wet basement restoration|basement water damage|basement drying,local_emergency,,,900,hero|og|inline-1|inline-2,service|local-business|faq|breadcrumb-list,/services/basement-flooding-cleanup/|/service-areas/monroeville-pa/|/service-areas/monroeville-pa/fire-damage-restoration/|/service-areas/monroeville-pa/mold-remediation/|/service-areas/allison-park-pa/basement-flooding-cleanup/|/service-areas/baldwin-pa/basement-flooding-cleanup/|/contact/,5.60,planned
/service-areas/monroeville-pa/biohazard-cleanup/,service-area-service,"Biohazard Cleanup in Monroeville, PA | Katofsky Construction LLC",Biohazard Cleanup in Monroeville,"24/7 biohazard cleanup in Monroeville, PA. IICRC-certified, insurance billing accepted. Call (412) 304-9284.",biohazard cleanup monroeville,biohazard remediation|blood cleanup|bodily fluid cleanup|sharps and needle cleanup|infectious material cleanup,local_sensitive,,,900,hero|og|inline-1|inline-2,service|local-business|faq|breadcrumb-list,/services/biohazard-cleanup/|/service-areas/monroeville-pa/|/service-areas/monroeville-pa/fire-damage-restoration/|/service-areas/monroeville-pa/mold-remediation/|/service-areas/allison-park-pa/biohazard-cleanup/|/service-areas/baldwin-pa/biohazard-cleanup/|/contact/,5.60,planned
/service-areas/monroeville-pa/burst-pipe-repair/,service-area-service,"Burst Pipe Cleanup and Repair in Monroeville, PA | Katofsky Construction LLC",Burst Pipe Cleanup and Repair in Monroeville,"24/7 burst pipe cleanup and repair in Monroeville, PA. IICRC-certified, insurance billing accepted. Call (412) 304-9284.",burst pipe cleanup and repair monroeville,burst pipe cleanup|pipe burst emergency|pipe break water damage|water line break|emergency pipe repair,local_emergency,,,900,hero|og|inline-1|inline-2,service|local-business|faq|breadcrumb-list,/services/burst-pipe-repair/|/service-areas/monroeville-pa/|/service-areas/monroeville-pa/fire-damage-restoration/|/service-areas/monroeville-pa/mold-remediation/|/service-areas/allison-park-pa/burst-pipe-repair/|/service-areas/baldwin-pa/burst-pipe-repair/|/contact/,5.60,planned
/service-areas/monroeville-pa/ceiling-water-damage-repair/,service-area-service,"Ceiling Water Damage Repair in Monroeville, PA | Katofsky Construction LLC",Ceiling Water Damage Repair in Monroeville,"24/7 ceiling water damage repair in Monroeville, PA. IICRC-certified, insurance billing accepted. Call (412) 304-9284.",ceiling water damage repair monroeville,ceiling leaking|water coming through ceiling|ceiling leak repair|sagging ceiling water damage|water stain ceiling,local_emergency,,,900,hero|og|inline-1|inline-2,service|local-business|faq|breadcrumb-list,/services/ceiling-water-damage-repair/|/service-areas/monroeville-pa/|/service-areas/monroeville-pa/fire-damage-restoration/|/service-areas/monroeville-pa/mold-remediation/|/service-areas/allison-park-pa/ceiling-water-damage-repair/|/service-areas/baldwin-pa/ceiling-water-damage-repair/|/contact/,5.60,planned
/service-areas/monroeville-pa/general-contracting/,service-area-service,"Renovations, Remodels and General Contracting in Monroeville, PA | Katofsky Construction LLC","Renovations, Remodels and General Contracting in Monroeville","24/7 renovations, remodels and general contracting in Monroeville, PA. IICRC-certified, insurance billing accepted. Call (412) 304-9284.","renovations, remodels and general contracting monroeville",general contractor|home renovation services|home remodeling|kitchen remodel|bathroom remodel|post-damage rebuild,local_commercial,,,900,hero|og|inline-1|inline-2,service|local-business|faq|breadcrumb-list,/services/general-contracting/|/service-areas/monroeville-pa/|/service-areas/monroeville-pa/fire-damage-restoration/|/service-areas/monroeville-pa/mold-remediation/|/service-areas/allison-park-pa/general-contracting/|/service-areas/baldwin-pa/general-contracting/|/contact/,5.60,planned
/service-areas/monroeville-pa/large-loss-response/,service-area-service,"Large Loss and Catastrophic Response in Monroeville, PA | Katofsky Construction LLC",Large Loss and Catastrophic Response in Monroeville,"24/7 large loss and catastrophic response in Monroeville, PA. IICRC-certified, insurance billing accepted. Call (412) 304-9284.",large loss and catastrophic response monroeville,large loss restoration|catastrophic loss response|commercial catastrophic restoration|multi-million dollar restoration|large loss adjusters,local_b2b,,,900,hero|og|inline-1|inline-2,service|local-business|faq|breadcrumb-list,/services/large-loss-response/|/service-areas/monroeville-pa/|/service-areas/monroeville-pa/fire-damage-restoration/|/service-areas/monroeville-pa/mold-remediation/|/service-areas/allison-park-pa/large-loss-response/|/service-areas/baldwin-pa/large-loss-response/|/contact/,5.60,planned
/service-areas/monroeville-pa/mold-inspection-testing/,service-area-service,"Mold Inspection and Testing in Monroeville, PA | Katofsky Construction LLC",Mold Inspection and Testing in Monroeville,"24/7 mold inspection and testing in Monroeville, PA. IICRC-certified, insurance billing accepted. Call (412) 304-9284.",mold inspection and testing monroeville,mold inspection|mold testing|indoor air quality testing|mold spore testing|mold assessment,local_health,,,900,hero|og|inline-1|inline-2,service|local-business|faq|breadcrumb-list,/services/mold-inspection-testing/|/service-areas/monroeville-pa/|/service-areas/monroeville-pa/fire-damage-restoration/|/service-areas/monroeville-pa/mold-remediation/|/service-areas/allison-park-pa/mold-inspection-testing/|/service-areas/baldwin-pa/mold-inspection-testing/|/contact/,5.60,planned
/service-areas/mount-lebanon-pa/basement-flooding-cleanup/,service-area-service,"Basement Flooding Cleanup in Mount Lebanon, PA | Katofsky Construction LLC",Basement Flooding Cleanup in Mount Lebanon,"24/7 basement flooding cleanup in Mount Lebanon, PA. IICRC-certified, insurance billing accepted. Call (412) 304-9284.",basement flooding cleanup mount lebanon,flooded basement cleanup|basement water removal|wet basement restoration|basement water damage|basement drying,local_emergency,,,900,hero|og|inline-1|inline-2,service|local-business|faq|breadcrumb-list,/services/basement-flooding-cleanup/|/service-areas/mount-lebanon-pa/|/service-areas/mount-lebanon-pa/fire-damage-restoration/|/service-areas/mount-lebanon-pa/mold-remediation/|/service-areas/allison-park-pa/basement-flooding-cleanup/|/service-areas/baldwin-pa/basement-flooding-cleanup/|/contact/,5.60,planned
/service-areas/mount-lebanon-pa/biohazard-cleanup/,service-area-service,"Biohazard Cleanup in Mount Lebanon, PA | Katofsky Construction LLC",Biohazard Cleanup in Mount Lebanon,"24/7 biohazard cleanup in Mount Lebanon, PA. IICRC-certified, insurance billing accepted. Call (412) 304-9284.",biohazard cleanup mount lebanon,biohazard remediation|blood cleanup|bodily fluid cleanup|sharps and needle cleanup|infectious material cleanup,local_sensitive,,,900,hero|og|inline-1|inline-2,service|local-business|faq|breadcrumb-list,/services/biohazard-cleanup/|/service-areas/mount-lebanon-pa/|/service-areas/mount-lebanon-pa/fire-damage-restoration/|/service-areas/mount-lebanon-pa/mold-remediation/|/service-areas/allison-park-pa/biohazard-cleanup/|/service-areas/baldwin-pa/biohazard-cleanup/|/contact/,5.60,planned
/service-areas/mount-lebanon-pa/burst-pipe-repair/,service-area-service,"Burst Pipe Cleanup and Repair in Mount Lebanon, PA | Katofsky Construction LLC",Burst Pipe Cleanup and Repair in Mount Lebanon,"24/7 burst pipe cleanup and repair in Mount Lebanon, PA. IICRC-certified, insurance billing accepted. Call (412) 304-9284.",burst pipe cleanup and repair mount lebanon,burst pipe cleanup|pipe burst emergency|pipe break water damage|water line break|emergency pipe repair,local_emergency,,,900,hero|og|inline-1|inline-2,service|local-business|faq|breadcrumb-list,/services/burst-pipe-repair/|/service-areas/mount-lebanon-pa/|/service-areas/mount-lebanon-pa/fire-damage-restoration/|/service-areas/mount-lebanon-pa/mold-remediation/|/service-areas/allison-park-pa/burst-pipe-repair/|/service-areas/baldwin-pa/burst-pipe-repair/|/contact/,5.60,planned
/service-areas/mount-lebanon-pa/ceiling-water-damage-repair/,service-area-service,"Ceiling Water Damage Repair in Mount Lebanon, PA | Katofsky Construction LLC",Ceiling Water Damage Repair in Mount Lebanon,"24/7 ceiling water damage repair in Mount Lebanon, PA. IICRC-certified, insurance billing accepted. Call (412) 304-9284.",ceiling water damage repair mount lebanon,ceiling leaking|water coming through ceiling|ceiling leak repair|sagging ceiling water damage|water stain ceiling,local_emergency,,,900,hero|og|inline-1|inline-2,service|local-business|faq|breadcrumb-list,/services/ceiling-water-damage-repair/|/service-areas/mount-lebanon-pa/|/service-areas/mount-lebanon-pa/fire-damage-restoration/|/service-areas/mount-lebanon-pa/mold-remediation/|/service-areas/allison-park-pa/ceiling-water-damage-repair/|/service-areas/baldwin-pa/ceiling-water-damage-repair/|/contact/,5.60,planned
/service-areas/mount-lebanon-pa/general-contracting/,service-area-service,"Renovations, Remodels and General Contracting in Mount Lebanon, PA | Katofsky Construction LLC","Renovations, Remodels and General Contracting in Mount Lebanon","24/7 renovations, remodels and general contracting in Mount Lebanon, PA. IICRC-certified, insurance billing accepted. Call (412) 304-9284.","renovations, remodels and general contracting mount lebanon",general contractor|home renovation services|home remodeling|kitchen remodel|bathroom remodel|post-damage rebuild,local_commercial,,,900,hero|og|inline-1|inline-2,service|local-business|faq|breadcrumb-list,/services/general-contracting/|/service-areas/mount-lebanon-pa/|/service-areas/mount-lebanon-pa/fire-damage-restoration/|/service-areas/mount-lebanon-pa/mold-remediation/|/service-areas/allison-park-pa/general-contracting/|/service-areas/baldwin-pa/general-contracting/|/contact/,5.60,planned
/service-areas/mount-lebanon-pa/large-loss-response/,service-area-service,"Large Loss and Catastrophic Response in Mount Lebanon, PA | Katofsky Construction LLC",Large Loss and Catastrophic Response in Mount Lebanon,"24/7 large loss and catastrophic response in Mount Lebanon, PA. IICRC-certified, insurance billing accepted. Call (412) 304-9284.",large loss and catastrophic response mount lebanon,large loss restoration|catastrophic loss response|commercial catastrophic restoration|multi-million dollar restoration|large loss adjusters,local_b2b,,,900,hero|og|inline-1|inline-2,service|local-business|faq|breadcrumb-list,/services/large-loss-response/|/service-areas/mount-lebanon-pa/|/service-areas/mount-lebanon-pa/fire-damage-restoration/|/service-areas/mount-lebanon-pa/mold-remediation/|/service-areas/allison-park-pa/large-loss-response/|/service-areas/baldwin-pa/large-loss-response/|/contact/,5.60,planned
/service-areas/mount-lebanon-pa/mold-inspection-testing/,service-area-service,"Mold Inspection and Testing in Mount Lebanon, PA | Katofsky Construction LLC",Mold Inspection and Testing in Mount Lebanon,"24/7 mold inspection and testing in Mount Lebanon, PA. IICRC-certified, insurance billing accepted. Call (412) 304-9284.",mold inspection and testing mount lebanon,mold inspection|mold testing|indoor air quality testing|mold spore testing|mold assessment,local_health,,,900,hero|og|inline-1|inline-2,service|local-business|faq|breadcrumb-list,/services/mold-inspection-testing/|/service-areas/mount-lebanon-pa/|/service-areas/mount-lebanon-pa/fire-damage-restoration/|/service-areas/mount-lebanon-pa/mold-remediation/|/service-areas/allison-park-pa/mold-inspection-testing/|/service-areas/baldwin-pa/mold-inspection-testing/|/contact/,5.60,planned
/service-areas/munhall-pa/basement-flooding-cleanup/,service-area-service,"Basement Flooding Cleanup in Munhall, PA | Katofsky Construction LLC",Basement Flooding Cleanup in Munhall,"24/7 basement flooding cleanup in Munhall, PA. IICRC-certified, insurance billing accepted. Call (412) 304-9284.",basement flooding cleanup munhall,flooded basement cleanup|basement water removal|wet basement restoration|basement water damage|basement drying,local_emergency,,,900,hero|og|inline-1|inline-2,service|local-business|faq|breadcrumb-list,/services/basement-flooding-cleanup/|/service-areas/munhall-pa/|/service-areas/munhall-pa/fire-damage-restoration/|/service-areas/munhall-pa/mold-remediation/|/service-areas/allison-park-pa/basement-flooding-cleanup/|/service-areas/baldwin-pa/basement-flooding-cleanup/|/contact/,5.60,planned
/service-areas/munhall-pa/biohazard-cleanup/,service-area-service,"Biohazard Cleanup in Munhall, PA | Katofsky Construction LLC",Biohazard Cleanup in Munhall,"24/7 biohazard cleanup in Munhall, PA. IICRC-certified, insurance billing accepted. Call (412) 304-9284.",biohazard cleanup munhall,biohazard remediation|blood cleanup|bodily fluid cleanup|sharps and needle cleanup|infectious material cleanup,local_sensitive,,,900,hero|og|inline-1|inline-2,service|local-business|faq|breadcrumb-list,/services/biohazard-cleanup/|/service-areas/munhall-pa/|/service-areas/munhall-pa/fire-damage-restoration/|/service-areas/munhall-pa/mold-remediation/|/service-areas/allison-park-pa/biohazard-cleanup/|/service-areas/baldwin-pa/biohazard-cleanup/|/contact/,5.60,planned
/service-areas/munhall-pa/burst-pipe-repair/,service-area-service,"Burst Pipe Cleanup and Repair in Munhall, PA | Katofsky Construction LLC",Burst Pipe Cleanup and Repair in Munhall,"24/7 burst pipe cleanup and repair in Munhall, PA. IICRC-certified, insurance billing accepted. Call (412) 304-9284.",burst pipe cleanup and repair munhall,burst pipe cleanup|pipe burst emergency|pipe break water damage|water line break|emergency pipe repair,local_emergency,,,900,hero|og|inline-1|inline-2,service|local-business|faq|breadcrumb-list,/services/burst-pipe-repair/|/service-areas/munhall-pa/|/service-areas/munhall-pa/fire-damage-restoration/|/service-areas/munhall-pa/mold-remediation/|/service-areas/allison-park-pa/burst-pipe-repair/|/service-areas/baldwin-pa/burst-pipe-repair/|/contact/,5.60,planned
/service-areas/munhall-pa/ceiling-water-damage-repair/,service-area-service,"Ceiling Water Damage Repair in Munhall, PA | Katofsky Construction LLC",Ceiling Water Damage Repair in Munhall,"24/7 ceiling water damage repair in Munhall, PA. IICRC-certified, insurance billing accepted. Call (412) 304-9284.",ceiling water damage repair munhall,ceiling leaking|water coming through ceiling|ceiling leak repair|sagging ceiling water damage|water stain ceiling,local_emergency,,,900,hero|og|inline-1|inline-2,service|local-business|faq|breadcrumb-list,/services/ceiling-water-damage-repair/|/service-areas/munhall-pa/|/service-areas/munhall-pa/fire-damage-restoration/|/service-areas/munhall-pa/mold-remediation/|/service-areas/allison-park-pa/ceiling-water-damage-repair/|/service-areas/baldwin-pa/ceiling-water-damage-repair/|/contact/,5.60,planned
/service-areas/munhall-pa/general-contracting/,service-area-service,"Renovations, Remodels and General Contracting in Munhall, PA | Katofsky Construction LLC","Renovations, Remodels and General Contracting in Munhall","24/7 renovations, remodels and general contracting in Munhall, PA. IICRC-certified, insurance billing accepted. Call (412) 304-9284.","renovations, remodels and general contracting munhall",general contractor|home renovation services|home remodeling|kitchen remodel|bathroom remodel|post-damage rebuild,local_commercial,,,900,hero|og|inline-1|inline-2,service|local-business|faq|breadcrumb-list,/services/general-contracting/|/service-areas/munhall-pa/|/service-areas/munhall-pa/fire-damage-restoration/|/service-areas/munhall-pa/mold-remediation/|/service-areas/allison-park-pa/general-contracting/|/service-areas/baldwin-pa/general-contracting/|/contact/,5.60,planned
/service-areas/munhall-pa/large-loss-response/,service-area-service,"Large Loss and Catastrophic Response in Munhall, PA | Katofsky Construction LLC",Large Loss and Catastrophic Response in Munhall,"24/7 large loss and catastrophic response in Munhall, PA. IICRC-certified, insurance billing accepted. Call (412) 304-9284.",large loss and catastrophic response munhall,large loss restoration|catastrophic loss response|commercial catastrophic restoration|multi-million dollar restoration|large loss adjusters,local_b2b,,,900,hero|og|inline-1|inline-2,service|local-business|faq|breadcrumb-list,/services/large-loss-response/|/service-areas/munhall-pa/|/service-areas/munhall-pa/fire-damage-restoration/|/service-areas/munhall-pa/mold-remediation/|/service-areas/allison-park-pa/large-loss-response/|/service-areas/baldwin-pa/large-loss-response/|/contact/,5.60,planned
/service-areas/munhall-pa/mold-inspection-testing/,service-area-service,"Mold Inspection and Testing in Munhall, PA | Katofsky Construction LLC",Mold Inspection and Testing in Munhall,"24/7 mold inspection and testing in Munhall, PA. IICRC-certified, insurance billing accepted. Call (412) 304-9284.",mold inspection and testing munhall,mold inspection|mold testing|indoor air quality testing|mold spore testing|mold assessment,local_health,,,900,hero|og|inline-1|inline-2,service|local-business|faq|breadcrumb-list,/services/mold-inspection-testing/|/service-areas/munhall-pa/|/service-areas/munhall-pa/fire-damage-restoration/|/service-areas/munhall-pa/mold-remediation/|/service-areas/allison-park-pa/mold-inspection-testing/|/service-areas/baldwin-pa/mold-inspection-testing/|/contact/,5.60,planned
/service-areas/murrysville-pa/basement-flooding-cleanup/,service-area-service,"Basement Flooding Cleanup in Murrysville, PA | Katofsky Construction LLC",Basement Flooding Cleanup in Murrysville,"24/7 basement flooding cleanup in Murrysville, PA. IICRC-certified, insurance billing accepted. Call (412) 304-9284.",basement flooding cleanup murrysville,flooded basement cleanup|basement water removal|wet basement restoration|basement water damage|basement drying,local_emergency,,,900,hero|og|inline-1|inline-2,service|local-business|faq|breadcrumb-list,/services/basement-flooding-cleanup/|/service-areas/murrysville-pa/|/service-areas/murrysville-pa/fire-damage-restoration/|/service-areas/murrysville-pa/mold-remediation/|/service-areas/allison-park-pa/basement-flooding-cleanup/|/service-areas/baldwin-pa/basement-flooding-cleanup/|/contact/,5.60,planned
/service-areas/murrysville-pa/biohazard-cleanup/,service-area-service,"Biohazard Cleanup in Murrysville, PA | Katofsky Construction LLC",Biohazard Cleanup in Murrysville,"24/7 biohazard cleanup in Murrysville, PA. IICRC-certified, insurance billing accepted. Call (412) 304-9284.",biohazard cleanup murrysville,biohazard remediation|blood cleanup|bodily fluid cleanup|sharps and needle cleanup|infectious material cleanup,local_sensitive,,,900,hero|og|inline-1|inline-2,service|local-business|faq|breadcrumb-list,/services/biohazard-cleanup/|/service-areas/murrysville-pa/|/service-areas/murrysville-pa/fire-damage-restoration/|/service-areas/murrysville-pa/mold-remediation/|/service-areas/allison-park-pa/biohazard-cleanup/|/service-areas/baldwin-pa/biohazard-cleanup/|/contact/,5.60,planned
/service-areas/murrysville-pa/burst-pipe-repair/,service-area-service,"Burst Pipe Cleanup and Repair in Murrysville, PA | Katofsky Construction LLC",Burst Pipe Cleanup and Repair in Murrysville,"24/7 burst pipe cleanup and repair in Murrysville, PA. IICRC-certified, insurance billing accepted. Call (412) 304-9284.",burst pipe cleanup and repair murrysville,burst pipe cleanup|pipe burst emergency|pipe break water damage|water line break|emergency pipe repair,local_emergency,,,900,hero|og|inline-1|inline-2,service|local-business|faq|breadcrumb-list,/services/burst-pipe-repair/|/service-areas/murrysville-pa/|/service-areas/murrysville-pa/fire-damage-restoration/|/service-areas/murrysville-pa/mold-remediation/|/service-areas/allison-park-pa/burst-pipe-repair/|/service-areas/baldwin-pa/burst-pipe-repair/|/contact/,5.60,planned
/service-areas/murrysville-pa/ceiling-water-damage-repair/,service-area-service,"Ceiling Water Damage Repair in Murrysville, PA | Katofsky Construction LLC",Ceiling Water Damage Repair in Murrysville,"24/7 ceiling water damage repair in Murrysville, PA. IICRC-certified, insurance billing accepted. Call (412) 304-9284.",ceiling water damage repair murrysville,ceiling leaking|water coming through ceiling|ceiling leak repair|sagging ceiling water damage|water stain ceiling,local_emergency,,,900,hero|og|inline-1|inline-2,service|local-business|faq|breadcrumb-list,/services/ceiling-water-damage-repair/|/service-areas/murrysville-pa/|/service-areas/murrysville-pa/fire-damage-restoration/|/service-areas/murrysville-pa/mold-remediation/|/service-areas/allison-park-pa/ceiling-water-damage-repair/|/service-areas/baldwin-pa/ceiling-water-damage-repair/|/contact/,5.60,planned
/service-areas/murrysville-pa/general-contracting/,service-area-service,"Renovations, Remodels and General Contracting in Murrysville, PA | Katofsky Construction LLC","Renovations, Remodels and General Contracting in Murrysville","24/7 renovations, remodels and general contracting in Murrysville, PA. IICRC-certified, insurance billing accepted. Call (412) 304-9284.","renovations, remodels and general contracting murrysville",general contractor|home renovation services|home remodeling|kitchen remodel|bathroom remodel|post-damage rebuild,local_commercial,,,900,hero|og|inline-1|inline-2,service|local-business|faq|breadcrumb-list,/services/general-contracting/|/service-areas/murrysville-pa/|/service-areas/murrysville-pa/fire-damage-restoration/|/service-areas/murrysville-pa/mold-remediation/|/service-areas/allison-park-pa/general-contracting/|/service-areas/baldwin-pa/general-contracting/|/contact/,5.60,planned
/service-areas/murrysville-pa/large-loss-response/,service-area-service,"Large Loss and Catastrophic Response in Murrysville, PA | Katofsky Construction LLC",Large Loss and Catastrophic Response in Murrysville,"24/7 large loss and catastrophic response in Murrysville, PA. IICRC-certified, insurance billing accepted. Call (412) 304-9284.",large loss and catastrophic response murrysville,large loss restoration|catastrophic loss response|commercial catastrophic restoration|multi-million dollar restoration|large loss adjusters,local_b2b,,,900,hero|og|inline-1|inline-2,service|local-business|faq|breadcrumb-list,/services/large-loss-response/|/service-areas/murrysville-pa/|/service-areas/murrysville-pa/fire-damage-restoration/|/service-areas/murrysville-pa/mold-remediation/|/service-areas/allison-park-pa/large-loss-response/|/service-areas/baldwin-pa/large-loss-response/|/contact/,5.60,planned
/service-areas/murrysville-pa/mold-inspection-testing/,service-area-service,"Mold Inspection and Testing in Murrysville, PA | Katofsky Construction LLC",Mold Inspection and Testing in Murrysville,"24/7 mold inspection and testing in Murrysville, PA. IICRC-certified, insurance billing accepted. Call (412) 304-9284.",mold inspection and testing murrysville,mold inspection|mold testing|indoor air quality testing|mold spore testing|mold assessment,local_health,,,900,hero|og|inline-1|inline-2,service|local-business|faq|breadcrumb-list,/services/mold-inspection-testing/|/service-areas/murrysville-pa/|/service-areas/murrysville-pa/fire-damage-restoration/|/service-areas/murrysville-pa/mold-remediation/|/service-areas/allison-park-pa/mold-inspection-testing/|/service-areas/baldwin-pa/mold-inspection-testing/|/contact/,5.60,planned
/service-areas/new-kensington-pa/basement-flooding-cleanup/,service-area-service,"Basement Flooding Cleanup in New Kensington, PA | Katofsky Construction LLC",Basement Flooding Cleanup in New Kensington,"24/7 basement flooding cleanup in New Kensington, PA. IICRC-certified, insurance billing accepted. Call (412) 304-9284.",basement flooding cleanup new kensington,flooded basement cleanup|basement water removal|wet basement restoration|basement water damage|basement drying,local_emergency,,,900,hero|og|inline-1|inline-2,service|local-business|faq|breadcrumb-list,/services/basement-flooding-cleanup/|/service-areas/new-kensington-pa/|/service-areas/new-kensington-pa/fire-damage-restoration/|/service-areas/new-kensington-pa/mold-remediation/|/service-areas/allison-park-pa/basement-flooding-cleanup/|/service-areas/baldwin-pa/basement-flooding-cleanup/|/contact/,5.60,planned
/service-areas/new-kensington-pa/biohazard-cleanup/,service-area-service,"Biohazard Cleanup in New Kensington, PA | Katofsky Construction LLC",Biohazard Cleanup in New Kensington,"24/7 biohazard cleanup in New Kensington, PA. IICRC-certified, insurance billing accepted. Call (412) 304-9284.",biohazard cleanup new kensington,biohazard remediation|blood cleanup|bodily fluid cleanup|sharps and needle cleanup|infectious material cleanup,local_sensitive,,,900,hero|og|inline-1|inline-2,service|local-business|faq|breadcrumb-list,/services/biohazard-cleanup/|/service-areas/new-kensington-pa/|/service-areas/new-kensington-pa/fire-damage-restoration/|/service-areas/new-kensington-pa/mold-remediation/|/service-areas/allison-park-pa/biohazard-cleanup/|/service-areas/baldwin-pa/biohazard-cleanup/|/contact/,5.60,planned
/service-areas/new-kensington-pa/burst-pipe-repair/,service-area-service,"Burst Pipe Cleanup and Repair in New Kensington, PA | Katofsky Construction LLC",Burst Pipe Cleanup and Repair in New Kensington,"24/7 burst pipe cleanup and repair in New Kensington, PA. IICRC-certified, insurance billing accepted. Call (412) 304-9284.",burst pipe cleanup and repair new kensington,burst pipe cleanup|pipe burst emergency|pipe break water damage|water line break|emergency pipe repair,local_emergency,,,900,hero|og|inline-1|inline-2,service|local-business|faq|breadcrumb-list,/services/burst-pipe-repair/|/service-areas/new-kensington-pa/|/service-areas/new-kensington-pa/fire-damage-restoration/|/service-areas/new-kensington-pa/mold-remediation/|/service-areas/allison-park-pa/burst-pipe-repair/|/service-areas/baldwin-pa/burst-pipe-repair/|/contact/,5.60,planned
/service-areas/new-kensington-pa/ceiling-water-damage-repair/,service-area-service,"Ceiling Water Damage Repair in New Kensington, PA | Katofsky Construction LLC",Ceiling Water Damage Repair in New Kensington,"24/7 ceiling water damage repair in New Kensington, PA. IICRC-certified, insurance billing accepted. Call (412) 304-9284.",ceiling water damage repair new kensington,ceiling leaking|water coming through ceiling|ceiling leak repair|sagging ceiling water damage|water stain ceiling,local_emergency,,,900,hero|og|inline-1|inline-2,service|local-business|faq|breadcrumb-list,/services/ceiling-water-damage-repair/|/service-areas/new-kensington-pa/|/service-areas/new-kensington-pa/fire-damage-restoration/|/service-areas/new-kensington-pa/mold-remediation/|/service-areas/allison-park-pa/ceiling-water-damage-repair/|/service-areas/baldwin-pa/ceiling-water-damage-repair/|/contact/,5.60,planned
/service-areas/new-kensington-pa/general-contracting/,service-area-service,"Renovations, Remodels and General Contracting in New Kensington, PA | Katofsky Construction LLC","Renovations, Remodels and General Contracting in New Kensington","24/7 renovations, remodels and general contracting in New Kensington, PA. IICRC-certified, insurance billing accepted. Call (412) 304-9284.","renovations, remodels and general contracting new kensington",general contractor|home renovation services|home remodeling|kitchen remodel|bathroom remodel|post-damage rebuild,local_commercial,,,900,hero|og|inline-1|inline-2,service|local-business|faq|breadcrumb-list,/services/general-contracting/|/service-areas/new-kensington-pa/|/service-areas/new-kensington-pa/fire-damage-restoration/|/service-areas/new-kensington-pa/mold-remediation/|/service-areas/allison-park-pa/general-contracting/|/service-areas/baldwin-pa/general-contracting/|/contact/,5.60,planned
/service-areas/new-kensington-pa/large-loss-response/,service-area-service,"Large Loss and Catastrophic Response in New Kensington, PA | Katofsky Construction LLC",Large Loss and Catastrophic Response in New Kensington,"24/7 large loss and catastrophic response in New Kensington, PA. IICRC-certified, insurance billing accepted. Call (412) 304-9284.",large loss and catastrophic response new kensington,large loss restoration|catastrophic loss response|commercial catastrophic restoration|multi-million dollar restoration|large loss adjusters,local_b2b,,,900,hero|og|inline-1|inline-2,service|local-business|faq|breadcrumb-list,/services/large-loss-response/|/service-areas/new-kensington-pa/|/service-areas/new-kensington-pa/fire-damage-restoration/|/service-areas/new-kensington-pa/mold-remediation/|/service-areas/allison-park-pa/large-loss-response/|/service-areas/baldwin-pa/large-loss-response/|/contact/,5.60,planned
/service-areas/new-kensington-pa/mold-inspection-testing/,service-area-service,"Mold Inspection and Testing in New Kensington, PA | Katofsky Construction LLC",Mold Inspection and Testing in New Kensington,"24/7 mold inspection and testing in New Kensington, PA. IICRC-certified, insurance billing accepted. Call (412) 304-9284.",mold inspection and testing new kensington,mold inspection|mold testing|indoor air quality testing|mold spore testing|mold assessment,local_health,,,900,hero|og|inline-1|inline-2,service|local-business|faq|breadcrumb-list,/services/mold-inspection-testing/|/service-areas/new-kensington-pa/|/service-areas/new-kensington-pa/fire-damage-restoration/|/service-areas/new-kensington-pa/mold-remediation/|/service-areas/allison-park-pa/mold-inspection-testing/|/service-areas/baldwin-pa/mold-inspection-testing/|/contact/,5.60,planned
/service-areas/north-huntingdon-pa/basement-flooding-cleanup/,service-area-service,"Basement Flooding Cleanup in North Huntingdon, PA | Katofsky Construction LLC",Basement Flooding Cleanup in North Huntingdon,"24/7 basement flooding cleanup in North Huntingdon, PA. IICRC-certified, insurance billing accepted. Call (412) 304-9284.",basement flooding cleanup north huntingdon,flooded basement cleanup|basement water removal|wet basement restoration|basement water damage|basement drying,local_emergency,,,900,hero|og|inline-1|inline-2,service|local-business|faq|breadcrumb-list,/services/basement-flooding-cleanup/|/service-areas/north-huntingdon-pa/|/service-areas/north-huntingdon-pa/fire-damage-restoration/|/service-areas/north-huntingdon-pa/mold-remediation/|/service-areas/allison-park-pa/basement-flooding-cleanup/|/service-areas/baldwin-pa/basement-flooding-cleanup/|/contact/,5.60,planned
/service-areas/north-huntingdon-pa/biohazard-cleanup/,service-area-service,"Biohazard Cleanup in North Huntingdon, PA | Katofsky Construction LLC",Biohazard Cleanup in North Huntingdon,"24/7 biohazard cleanup in North Huntingdon, PA. IICRC-certified, insurance billing accepted. Call (412) 304-9284.",biohazard cleanup north huntingdon,biohazard remediation|blood cleanup|bodily fluid cleanup|sharps and needle cleanup|infectious material cleanup,local_sensitive,,,900,hero|og|inline-1|inline-2,service|local-business|faq|breadcrumb-list,/services/biohazard-cleanup/|/service-areas/north-huntingdon-pa/|/service-areas/north-huntingdon-pa/fire-damage-restoration/|/service-areas/north-huntingdon-pa/mold-remediation/|/service-areas/allison-park-pa/biohazard-cleanup/|/service-areas/baldwin-pa/biohazard-cleanup/|/contact/,5.60,planned
/service-areas/north-huntingdon-pa/burst-pipe-repair/,service-area-service,"Burst Pipe Cleanup and Repair in North Huntingdon, PA | Katofsky Construction LLC",Burst Pipe Cleanup and Repair in North Huntingdon,"24/7 burst pipe cleanup and repair in North Huntingdon, PA. IICRC-certified, insurance billing accepted. Call (412) 304-9284.",burst pipe cleanup and repair north huntingdon,burst pipe cleanup|pipe burst emergency|pipe break water damage|water line break|emergency pipe repair,local_emergency,,,900,hero|og|inline-1|inline-2,service|local-business|faq|breadcrumb-list,/services/burst-pipe-repair/|/service-areas/north-huntingdon-pa/|/service-areas/north-huntingdon-pa/fire-damage-restoration/|/service-areas/north-huntingdon-pa/mold-remediation/|/service-areas/allison-park-pa/burst-pipe-repair/|/service-areas/baldwin-pa/burst-pipe-repair/|/contact/,5.60,planned
/service-areas/north-huntingdon-pa/ceiling-water-damage-repair/,service-area-service,"Ceiling Water Damage Repair in North Huntingdon, PA | Katofsky Construction LLC",Ceiling Water Damage Repair in North Huntingdon,"24/7 ceiling water damage repair in North Huntingdon, PA. IICRC-certified, insurance billing accepted. Call (412) 304-9284.",ceiling water damage repair north huntingdon,ceiling leaking|water coming through ceiling|ceiling leak repair|sagging ceiling water damage|water stain ceiling,local_emergency,,,900,hero|og|inline-1|inline-2,service|local-business|faq|breadcrumb-list,/services/ceiling-water-damage-repair/|/service-areas/north-huntingdon-pa/|/service-areas/north-huntingdon-pa/fire-damage-restoration/|/service-areas/north-huntingdon-pa/mold-remediation/|/service-areas/allison-park-pa/ceiling-water-damage-repair/|/service-areas/baldwin-pa/ceiling-water-damage-repair/|/contact/,5.60,planned
/service-areas/north-huntingdon-pa/general-contracting/,service-area-service,"Renovations, Remodels and General Contracting in North Huntingdon, PA | Katofsky Construction LLC","Renovations, Remodels and General Contracting in North Huntingdon","24/7 renovations, remodels and general contracting in North Huntingdon, PA. IICRC-certified, insurance billing accepted. Call (412) 304-9284.","renovations, remodels and general contracting north huntingdon",general contractor|home renovation services|home remodeling|kitchen remodel|bathroom remodel|post-damage rebuild,local_commercial,,,900,hero|og|inline-1|inline-2,service|local-business|faq|breadcrumb-list,/services/general-contracting/|/service-areas/north-huntingdon-pa/|/service-areas/north-huntingdon-pa/fire-damage-restoration/|/service-areas/north-huntingdon-pa/mold-remediation/|/service-areas/allison-park-pa/general-contracting/|/service-areas/baldwin-pa/general-contracting/|/contact/,5.60,planned
/service-areas/north-huntingdon-pa/large-loss-response/,service-area-service,"Large Loss and Catastrophic Response in North Huntingdon, PA | Katofsky Construction LLC",Large Loss and Catastrophic Response in North Huntingdon,"24/7 large loss and catastrophic response in North Huntingdon, PA. IICRC-certified, insurance billing accepted. Call (412) 304-9284.",large loss and catastrophic response north huntingdon,large loss restoration|catastrophic loss response|commercial catastrophic restoration|multi-million dollar restoration|large loss adjusters,local_b2b,,,900,hero|og|inline-1|inline-2,service|local-business|faq|breadcrumb-list,/services/large-loss-response/|/service-areas/north-huntingdon-pa/|/service-areas/north-huntingdon-pa/fire-damage-restoration/|/service-areas/north-huntingdon-pa/mold-remediation/|/service-areas/allison-park-pa/large-loss-response/|/service-areas/baldwin-pa/large-loss-response/|/contact/,5.60,planned
/service-areas/north-huntingdon-pa/mold-inspection-testing/,service-area-service,"Mold Inspection and Testing in North Huntingdon, PA | Katofsky Construction LLC",Mold Inspection and Testing in North Huntingdon,"24/7 mold inspection and testing in North Huntingdon, PA. IICRC-certified, insurance billing accepted. Call (412) 304-9284.",mold inspection and testing north huntingdon,mold inspection|mold testing|indoor air quality testing|mold spore testing|mold assessment,local_health,,,900,hero|og|inline-1|inline-2,service|local-business|faq|breadcrumb-list,/services/mold-inspection-testing/|/service-areas/north-huntingdon-pa/|/service-areas/north-huntingdon-pa/fire-damage-restoration/|/service-areas/north-huntingdon-pa/mold-remediation/|/service-areas/allison-park-pa/mold-inspection-testing/|/service-areas/baldwin-pa/mold-inspection-testing/|/contact/,5.60,planned
/service-areas/penn-hills-pa/basement-flooding-cleanup/,service-area-service,"Basement Flooding Cleanup in Penn Hills, PA | Katofsky Construction LLC",Basement Flooding Cleanup in Penn Hills,"24/7 basement flooding cleanup in Penn Hills, PA. IICRC-certified, insurance billing accepted. Call (412) 304-9284.",basement flooding cleanup penn hills,flooded basement cleanup|basement water removal|wet basement restoration|basement water damage|basement drying,local_emergency,,,900,hero|og|inline-1|inline-2,service|local-business|faq|breadcrumb-list,/services/basement-flooding-cleanup/|/service-areas/penn-hills-pa/|/service-areas/penn-hills-pa/fire-damage-restoration/|/service-areas/penn-hills-pa/mold-remediation/|/service-areas/allison-park-pa/basement-flooding-cleanup/|/service-areas/baldwin-pa/basement-flooding-cleanup/|/contact/,5.60,planned
/service-areas/penn-hills-pa/biohazard-cleanup/,service-area-service,"Biohazard Cleanup in Penn Hills, PA | Katofsky Construction LLC",Biohazard Cleanup in Penn Hills,"24/7 biohazard cleanup in Penn Hills, PA. IICRC-certified, insurance billing accepted. Call (412) 304-9284.",biohazard cleanup penn hills,biohazard remediation|blood cleanup|bodily fluid cleanup|sharps and needle cleanup|infectious material cleanup,local_sensitive,,,900,hero|og|inline-1|inline-2,service|local-business|faq|breadcrumb-list,/services/biohazard-cleanup/|/service-areas/penn-hills-pa/|/service-areas/penn-hills-pa/fire-damage-restoration/|/service-areas/penn-hills-pa/mold-remediation/|/service-areas/allison-park-pa/biohazard-cleanup/|/service-areas/baldwin-pa/biohazard-cleanup/|/contact/,5.60,planned
/service-areas/penn-hills-pa/burst-pipe-repair/,service-area-service,"Burst Pipe Cleanup and Repair in Penn Hills, PA | Katofsky Construction LLC",Burst Pipe Cleanup and Repair in Penn Hills,"24/7 burst pipe cleanup and repair in Penn Hills, PA. IICRC-certified, insurance billing accepted. Call (412) 304-9284.",burst pipe cleanup and repair penn hills,burst pipe cleanup|pipe burst emergency|pipe break water damage|water line break|emergency pipe repair,local_emergency,,,900,hero|og|inline-1|inline-2,service|local-business|faq|breadcrumb-list,/services/burst-pipe-repair/|/service-areas/penn-hills-pa/|/service-areas/penn-hills-pa/fire-damage-restoration/|/service-areas/penn-hills-pa/mold-remediation/|/service-areas/allison-park-pa/burst-pipe-repair/|/service-areas/baldwin-pa/burst-pipe-repair/|/contact/,5.60,planned
/service-areas/penn-hills-pa/ceiling-water-damage-repair/,service-area-service,"Ceiling Water Damage Repair in Penn Hills, PA | Katofsky Construction LLC",Ceiling Water Damage Repair in Penn Hills,"24/7 ceiling water damage repair in Penn Hills, PA. IICRC-certified, insurance billing accepted. Call (412) 304-9284.",ceiling water damage repair penn hills,ceiling leaking|water coming through ceiling|ceiling leak repair|sagging ceiling water damage|water stain ceiling,local_emergency,,,900,hero|og|inline-1|inline-2,service|local-business|faq|breadcrumb-list,/services/ceiling-water-damage-repair/|/service-areas/penn-hills-pa/|/service-areas/penn-hills-pa/fire-damage-restoration/|/service-areas/penn-hills-pa/mold-remediation/|/service-areas/allison-park-pa/ceiling-water-damage-repair/|/service-areas/baldwin-pa/ceiling-water-damage-repair/|/contact/,5.60,planned
/service-areas/penn-hills-pa/general-contracting/,service-area-service,"Renovations, Remodels and General Contracting in Penn Hills, PA | Katofsky Construction LLC","Renovations, Remodels and General Contracting in Penn Hills","24/7 renovations, remodels and general contracting in Penn Hills, PA. IICRC-certified, insurance billing accepted. Call (412) 304-9284.","renovations, remodels and general contracting penn hills",general contractor|home renovation services|home remodeling|kitchen remodel|bathroom remodel|post-damage rebuild,local_commercial,,,900,hero|og|inline-1|inline-2,service|local-business|faq|breadcrumb-list,/services/general-contracting/|/service-areas/penn-hills-pa/|/service-areas/penn-hills-pa/fire-damage-restoration/|/service-areas/penn-hills-pa/mold-remediation/|/service-areas/allison-park-pa/general-contracting/|/service-areas/baldwin-pa/general-contracting/|/contact/,5.60,planned
/service-areas/penn-hills-pa/large-loss-response/,service-area-service,"Large Loss and Catastrophic Response in Penn Hills, PA | Katofsky Construction LLC",Large Loss and Catastrophic Response in Penn Hills,"24/7 large loss and catastrophic response in Penn Hills, PA. IICRC-certified, insurance billing accepted. Call (412) 304-9284.",large loss and catastrophic response penn hills,large loss restoration|catastrophic loss response|commercial catastrophic restoration|multi-million dollar restoration|large loss adjusters,local_b2b,,,900,hero|og|inline-1|inline-2,service|local-business|faq|breadcrumb-list,/services/large-loss-response/|/service-areas/penn-hills-pa/|/service-areas/penn-hills-pa/fire-damage-restoration/|/service-areas/penn-hills-pa/mold-remediation/|/service-areas/allison-park-pa/large-loss-response/|/service-areas/baldwin-pa/large-loss-response/|/contact/,5.60,planned
/service-areas/penn-hills-pa/mold-inspection-testing/,service-area-service,"Mold Inspection and Testing in Penn Hills, PA | Katofsky Construction LLC",Mold Inspection and Testing in Penn Hills,"24/7 mold inspection and testing in Penn Hills, PA. IICRC-certified, insurance billing accepted. Call (412) 304-9284.",mold inspection and testing penn hills,mold inspection|mold testing|indoor air quality testing|mold spore testing|mold assessment,local_health,,,900,hero|og|inline-1|inline-2,service|local-business|faq|breadcrumb-list,/services/mold-inspection-testing/|/service-areas/penn-hills-pa/|/service-areas/penn-hills-pa/fire-damage-restoration/|/service-areas/penn-hills-pa/mold-remediation/|/service-areas/allison-park-pa/mold-inspection-testing/|/service-areas/baldwin-pa/mold-inspection-testing/|/contact/,5.60,planned
/service-areas/pleasant-hills-pa/basement-flooding-cleanup/,service-area-service,"Basement Flooding Cleanup in Pleasant Hills, PA | Katofsky Construction LLC",Basement Flooding Cleanup in Pleasant Hills,"24/7 basement flooding cleanup in Pleasant Hills, PA. IICRC-certified, insurance billing accepted. Call (412) 304-9284.",basement flooding cleanup pleasant hills,flooded basement cleanup|basement water removal|wet basement restoration|basement water damage|basement drying,local_emergency,,,900,hero|og|inline-1|inline-2,service|local-business|faq|breadcrumb-list,/services/basement-flooding-cleanup/|/service-areas/pleasant-hills-pa/|/service-areas/pleasant-hills-pa/fire-damage-restoration/|/service-areas/pleasant-hills-pa/mold-remediation/|/service-areas/allison-park-pa/basement-flooding-cleanup/|/service-areas/baldwin-pa/basement-flooding-cleanup/|/contact/,5.60,planned
/service-areas/pleasant-hills-pa/biohazard-cleanup/,service-area-service,"Biohazard Cleanup in Pleasant Hills, PA | Katofsky Construction LLC",Biohazard Cleanup in Pleasant Hills,"24/7 biohazard cleanup in Pleasant Hills, PA. IICRC-certified, insurance billing accepted. Call (412) 304-9284.",biohazard cleanup pleasant hills,biohazard remediation|blood cleanup|bodily fluid cleanup|sharps and needle cleanup|infectious material cleanup,local_sensitive,,,900,hero|og|inline-1|inline-2,service|local-business|faq|breadcrumb-list,/services/biohazard-cleanup/|/service-areas/pleasant-hills-pa/|/service-areas/pleasant-hills-pa/fire-damage-restoration/|/service-areas/pleasant-hills-pa/mold-remediation/|/service-areas/allison-park-pa/biohazard-cleanup/|/service-areas/baldwin-pa/biohazard-cleanup/|/contact/,5.60,planned
/service-areas/pleasant-hills-pa/burst-pipe-repair/,service-area-service,"Burst Pipe Cleanup and Repair in Pleasant Hills, PA | Katofsky Construction LLC",Burst Pipe Cleanup and Repair in Pleasant Hills,"24/7 burst pipe cleanup and repair in Pleasant Hills, PA. IICRC-certified, insurance billing accepted. Call (412) 304-9284.",burst pipe cleanup and repair pleasant hills,burst pipe cleanup|pipe burst emergency|pipe break water damage|water line break|emergency pipe repair,local_emergency,,,900,hero|og|inline-1|inline-2,service|local-business|faq|breadcrumb-list,/services/burst-pipe-repair/|/service-areas/pleasant-hills-pa/|/service-areas/pleasant-hills-pa/fire-damage-restoration/|/service-areas/pleasant-hills-pa/mold-remediation/|/service-areas/allison-park-pa/burst-pipe-repair/|/service-areas/baldwin-pa/burst-pipe-repair/|/contact/,5.60,planned
/service-areas/pleasant-hills-pa/ceiling-water-damage-repair/,service-area-service,"Ceiling Water Damage Repair in Pleasant Hills, PA | Katofsky Construction LLC",Ceiling Water Damage Repair in Pleasant Hills,"24/7 ceiling water damage repair in Pleasant Hills, PA. IICRC-certified, insurance billing accepted. Call (412) 304-9284.",ceiling water damage repair pleasant hills,ceiling leaking|water coming through ceiling|ceiling leak repair|sagging ceiling water damage|water stain ceiling,local_emergency,,,900,hero|og|inline-1|inline-2,service|local-business|faq|breadcrumb-list,/services/ceiling-water-damage-repair/|/service-areas/pleasant-hills-pa/|/service-areas/pleasant-hills-pa/fire-damage-restoration/|/service-areas/pleasant-hills-pa/mold-remediation/|/service-areas/allison-park-pa/ceiling-water-damage-repair/|/service-areas/baldwin-pa/ceiling-water-damage-repair/|/contact/,5.60,planned
/service-areas/pleasant-hills-pa/general-contracting/,service-area-service,"Renovations, Remodels and General Contracting in Pleasant Hills, PA | Katofsky Construction LLC","Renovations, Remodels and General Contracting in Pleasant Hills","24/7 renovations, remodels and general contracting in Pleasant Hills, PA. IICRC-certified, insurance billing accepted. Call (412) 304-9284.","renovations, remodels and general contracting pleasant hills",general contractor|home renovation services|home remodeling|kitchen remodel|bathroom remodel|post-damage rebuild,local_commercial,,,900,hero|og|inline-1|inline-2,service|local-business|faq|breadcrumb-list,/services/general-contracting/|/service-areas/pleasant-hills-pa/|/service-areas/pleasant-hills-pa/fire-damage-restoration/|/service-areas/pleasant-hills-pa/mold-remediation/|/service-areas/allison-park-pa/general-contracting/|/service-areas/baldwin-pa/general-contracting/|/contact/,5.60,planned
/service-areas/pleasant-hills-pa/large-loss-response/,service-area-service,"Large Loss and Catastrophic Response in Pleasant Hills, PA | Katofsky Construction LLC",Large Loss and Catastrophic Response in Pleasant Hills,"24/7 large loss and catastrophic response in Pleasant Hills, PA. IICRC-certified, insurance billing accepted. Call (412) 304-9284.",large loss and catastrophic response pleasant hills,large loss restoration|catastrophic loss response|commercial catastrophic restoration|multi-million dollar restoration|large loss adjusters,local_b2b,,,900,hero|og|inline-1|inline-2,service|local-business|faq|breadcrumb-list,/services/large-loss-response/|/service-areas/pleasant-hills-pa/|/service-areas/pleasant-hills-pa/fire-damage-restoration/|/service-areas/pleasant-hills-pa/mold-remediation/|/service-areas/allison-park-pa/large-loss-response/|/service-areas/baldwin-pa/large-loss-response/|/contact/,5.60,planned
/service-areas/pleasant-hills-pa/mold-inspection-testing/,service-area-service,"Mold Inspection and Testing in Pleasant Hills, PA | Katofsky Construction LLC",Mold Inspection and Testing in Pleasant Hills,"24/7 mold inspection and testing in Pleasant Hills, PA. IICRC-certified, insurance billing accepted. Call (412) 304-9284.",mold inspection and testing pleasant hills,mold inspection|mold testing|indoor air quality testing|mold spore testing|mold assessment,local_health,,,900,hero|og|inline-1|inline-2,service|local-business|faq|breadcrumb-list,/services/mold-inspection-testing/|/service-areas/pleasant-hills-pa/|/service-areas/pleasant-hills-pa/fire-damage-restoration/|/service-areas/pleasant-hills-pa/mold-remediation/|/service-areas/allison-park-pa/mold-inspection-testing/|/service-areas/baldwin-pa/mold-inspection-testing/|/contact/,5.60,planned
/service-areas/plum-pa/basement-flooding-cleanup/,service-area-service,"Basement Flooding Cleanup in Plum, PA | Katofsky Construction LLC",Basement Flooding Cleanup in Plum,"24/7 basement flooding cleanup in Plum, PA. IICRC-certified, insurance billing accepted. Call (412) 304-9284.",basement flooding cleanup plum,flooded basement cleanup|basement water removal|wet basement restoration|basement water damage|basement drying,local_emergency,,,900,hero|og|inline-1|inline-2,service|local-business|faq|breadcrumb-list,/services/basement-flooding-cleanup/|/service-areas/plum-pa/|/service-areas/plum-pa/fire-damage-restoration/|/service-areas/plum-pa/mold-remediation/|/service-areas/allison-park-pa/basement-flooding-cleanup/|/service-areas/baldwin-pa/basement-flooding-cleanup/|/contact/,5.60,planned
/service-areas/plum-pa/biohazard-cleanup/,service-area-service,"Biohazard Cleanup in Plum, PA | Katofsky Construction LLC",Biohazard Cleanup in Plum,"24/7 biohazard cleanup in Plum, PA. IICRC-certified, insurance billing accepted. Call (412) 304-9284.",biohazard cleanup plum,biohazard remediation|blood cleanup|bodily fluid cleanup|sharps and needle cleanup|infectious material cleanup,local_sensitive,,,900,hero|og|inline-1|inline-2,service|local-business|faq|breadcrumb-list,/services/biohazard-cleanup/|/service-areas/plum-pa/|/service-areas/plum-pa/fire-damage-restoration/|/service-areas/plum-pa/mold-remediation/|/service-areas/allison-park-pa/biohazard-cleanup/|/service-areas/baldwin-pa/biohazard-cleanup/|/contact/,5.60,planned
/service-areas/plum-pa/burst-pipe-repair/,service-area-service,"Burst Pipe Cleanup and Repair in Plum, PA | Katofsky Construction LLC",Burst Pipe Cleanup and Repair in Plum,"24/7 burst pipe cleanup and repair in Plum, PA. IICRC-certified, insurance billing accepted. Call (412) 304-9284.",burst pipe cleanup and repair plum,burst pipe cleanup|pipe burst emergency|pipe break water damage|water line break|emergency pipe repair,local_emergency,,,900,hero|og|inline-1|inline-2,service|local-business|faq|breadcrumb-list,/services/burst-pipe-repair/|/service-areas/plum-pa/|/service-areas/plum-pa/fire-damage-restoration/|/service-areas/plum-pa/mold-remediation/|/service-areas/allison-park-pa/burst-pipe-repair/|/service-areas/baldwin-pa/burst-pipe-repair/|/contact/,5.60,planned
/service-areas/plum-pa/ceiling-water-damage-repair/,service-area-service,"Ceiling Water Damage Repair in Plum, PA | Katofsky Construction LLC",Ceiling Water Damage Repair in Plum,"24/7 ceiling water damage repair in Plum, PA. IICRC-certified, insurance billing accepted. Call (412) 304-9284.",ceiling water damage repair plum,ceiling leaking|water coming through ceiling|ceiling leak repair|sagging ceiling water damage|water stain ceiling,local_emergency,,,900,hero|og|inline-1|inline-2,service|local-business|faq|breadcrumb-list,/services/ceiling-water-damage-repair/|/service-areas/plum-pa/|/service-areas/plum-pa/fire-damage-restoration/|/service-areas/plum-pa/mold-remediation/|/service-areas/allison-park-pa/ceiling-water-damage-repair/|/service-areas/baldwin-pa/ceiling-water-damage-repair/|/contact/,5.60,planned
/service-areas/plum-pa/general-contracting/,service-area-service,"Renovations, Remodels and General Contracting in Plum, PA | Katofsky Construction LLC","Renovations, Remodels and General Contracting in Plum","24/7 renovations, remodels and general contracting in Plum, PA. IICRC-certified, insurance billing accepted. Call (412) 304-9284.","renovations, remodels and general contracting plum",general contractor|home renovation services|home remodeling|kitchen remodel|bathroom remodel|post-damage rebuild,local_commercial,,,900,hero|og|inline-1|inline-2,service|local-business|faq|breadcrumb-list,/services/general-contracting/|/service-areas/plum-pa/|/service-areas/plum-pa/fire-damage-restoration/|/service-areas/plum-pa/mold-remediation/|/service-areas/allison-park-pa/general-contracting/|/service-areas/baldwin-pa/general-contracting/|/contact/,5.60,planned
/service-areas/plum-pa/large-loss-response/,service-area-service,"Large Loss and Catastrophic Response in Plum, PA | Katofsky Construction LLC",Large Loss and Catastrophic Response in Plum,"24/7 large loss and catastrophic response in Plum, PA. IICRC-certified, insurance billing accepted. Call (412) 304-9284.",large loss and catastrophic response plum,large loss restoration|catastrophic loss response|commercial catastrophic restoration|multi-million dollar restoration|large loss adjusters,local_b2b,,,900,hero|og|inline-1|inline-2,service|local-business|faq|breadcrumb-list,/services/large-loss-response/|/service-areas/plum-pa/|/service-areas/plum-pa/fire-damage-restoration/|/service-areas/plum-pa/mold-remediation/|/service-areas/allison-park-pa/large-loss-response/|/service-areas/baldwin-pa/large-loss-response/|/contact/,5.60,planned
/service-areas/plum-pa/mold-inspection-testing/,service-area-service,"Mold Inspection and Testing in Plum, PA | Katofsky Construction LLC",Mold Inspection and Testing in Plum,"24/7 mold inspection and testing in Plum, PA. IICRC-certified, insurance billing accepted. Call (412) 304-9284.",mold inspection and testing plum,mold inspection|mold testing|indoor air quality testing|mold spore testing|mold assessment,local_health,,,900,hero|og|inline-1|inline-2,service|local-business|faq|breadcrumb-list,/services/mold-inspection-testing/|/service-areas/plum-pa/|/service-areas/plum-pa/fire-damage-restoration/|/service-areas/plum-pa/mold-remediation/|/service-areas/allison-park-pa/mold-inspection-testing/|/service-areas/baldwin-pa/mold-inspection-testing/|/contact/,5.60,planned
/service-areas/ross-township-pa/basement-flooding-cleanup/,service-area-service,"Basement Flooding Cleanup in Ross Township, PA | Katofsky Construction LLC",Basement Flooding Cleanup in Ross Township,"24/7 basement flooding cleanup in Ross Township, PA. IICRC-certified, insurance billing accepted. Call (412) 304-9284.",basement flooding cleanup ross township,flooded basement cleanup|basement water removal|wet basement restoration|basement water damage|basement drying,local_emergency,,,900,hero|og|inline-1|inline-2,service|local-business|faq|breadcrumb-list,/services/basement-flooding-cleanup/|/service-areas/ross-township-pa/|/service-areas/ross-township-pa/fire-damage-restoration/|/service-areas/ross-township-pa/mold-remediation/|/service-areas/allison-park-pa/basement-flooding-cleanup/|/service-areas/baldwin-pa/basement-flooding-cleanup/|/contact/,5.60,planned
/service-areas/ross-township-pa/biohazard-cleanup/,service-area-service,"Biohazard Cleanup in Ross Township, PA | Katofsky Construction LLC",Biohazard Cleanup in Ross Township,"24/7 biohazard cleanup in Ross Township, PA. IICRC-certified, insurance billing accepted. Call (412) 304-9284.",biohazard cleanup ross township,biohazard remediation|blood cleanup|bodily fluid cleanup|sharps and needle cleanup|infectious material cleanup,local_sensitive,,,900,hero|og|inline-1|inline-2,service|local-business|faq|breadcrumb-list,/services/biohazard-cleanup/|/service-areas/ross-township-pa/|/service-areas/ross-township-pa/fire-damage-restoration/|/service-areas/ross-township-pa/mold-remediation/|/service-areas/allison-park-pa/biohazard-cleanup/|/service-areas/baldwin-pa/biohazard-cleanup/|/contact/,5.60,planned
/service-areas/ross-township-pa/burst-pipe-repair/,service-area-service,"Burst Pipe Cleanup and Repair in Ross Township, PA | Katofsky Construction LLC",Burst Pipe Cleanup and Repair in Ross Township,"24/7 burst pipe cleanup and repair in Ross Township, PA. IICRC-certified, insurance billing accepted. Call (412) 304-9284.",burst pipe cleanup and repair ross township,burst pipe cleanup|pipe burst emergency|pipe break water damage|water line break|emergency pipe repair,local_emergency,,,900,hero|og|inline-1|inline-2,service|local-business|faq|breadcrumb-list,/services/burst-pipe-repair/|/service-areas/ross-township-pa/|/service-areas/ross-township-pa/fire-damage-restoration/|/service-areas/ross-township-pa/mold-remediation/|/service-areas/allison-park-pa/burst-pipe-repair/|/service-areas/baldwin-pa/burst-pipe-repair/|/contact/,5.60,planned
/service-areas/ross-township-pa/ceiling-water-damage-repair/,service-area-service,"Ceiling Water Damage Repair in Ross Township, PA | Katofsky Construction LLC",Ceiling Water Damage Repair in Ross Township,"24/7 ceiling water damage repair in Ross Township, PA. IICRC-certified, insurance billing accepted. Call (412) 304-9284.",ceiling water damage repair ross township,ceiling leaking|water coming through ceiling|ceiling leak repair|sagging ceiling water damage|water stain ceiling,local_emergency,,,900,hero|og|inline-1|inline-2,service|local-business|faq|breadcrumb-list,/services/ceiling-water-damage-repair/|/service-areas/ross-township-pa/|/service-areas/ross-township-pa/fire-damage-restoration/|/service-areas/ross-township-pa/mold-remediation/|/service-areas/allison-park-pa/ceiling-water-damage-repair/|/service-areas/baldwin-pa/ceiling-water-damage-repair/|/contact/,5.60,planned
/service-areas/ross-township-pa/general-contracting/,service-area-service,"Renovations, Remodels and General Contracting in Ross Township, PA | Katofsky Construction LLC","Renovations, Remodels and General Contracting in Ross Township","24/7 renovations, remodels and general contracting in Ross Township, PA. IICRC-certified, insurance billing accepted. Call (412) 304-9284.","renovations, remodels and general contracting ross township",general contractor|home renovation services|home remodeling|kitchen remodel|bathroom remodel|post-damage rebuild,local_commercial,,,900,hero|og|inline-1|inline-2,service|local-business|faq|breadcrumb-list,/services/general-contracting/|/service-areas/ross-township-pa/|/service-areas/ross-township-pa/fire-damage-restoration/|/service-areas/ross-township-pa/mold-remediation/|/service-areas/allison-park-pa/general-contracting/|/service-areas/baldwin-pa/general-contracting/|/contact/,5.60,planned
/service-areas/ross-township-pa/large-loss-response/,service-area-service,"Large Loss and Catastrophic Response in Ross Township, PA | Katofsky Construction LLC",Large Loss and Catastrophic Response in Ross Township,"24/7 large loss and catastrophic response in Ross Township, PA. IICRC-certified, insurance billing accepted. Call (412) 304-9284.",large loss and catastrophic response ross township,large loss restoration|catastrophic loss response|commercial catastrophic restoration|multi-million dollar restoration|large loss adjusters,local_b2b,,,900,hero|og|inline-1|inline-2,service|local-business|faq|breadcrumb-list,/services/large-loss-response/|/service-areas/ross-township-pa/|/service-areas/ross-township-pa/fire-damage-restoration/|/service-areas/ross-township-pa/mold-remediation/|/service-areas/allison-park-pa/large-loss-response/|/service-areas/baldwin-pa/large-loss-response/|/contact/,5.60,planned
/service-areas/ross-township-pa/mold-inspection-testing/,service-area-service,"Mold Inspection and Testing in Ross Township, PA | Katofsky Construction LLC",Mold Inspection and Testing in Ross Township,"24/7 mold inspection and testing in Ross Township, PA. IICRC-certified, insurance billing accepted. Call (412) 304-9284.",mold inspection and testing ross township,mold inspection|mold testing|indoor air quality testing|mold spore testing|mold assessment,local_health,,,900,hero|og|inline-1|inline-2,service|local-business|faq|breadcrumb-list,/services/mold-inspection-testing/|/service-areas/ross-township-pa/|/service-areas/ross-township-pa/fire-damage-restoration/|/service-areas/ross-township-pa/mold-remediation/|/service-areas/allison-park-pa/mold-inspection-testing/|/service-areas/baldwin-pa/mold-inspection-testing/|/contact/,5.60,planned
/service-areas/shaler-township-pa/basement-flooding-cleanup/,service-area-service,"Basement Flooding Cleanup in Shaler Township, PA | Katofsky Construction LLC",Basement Flooding Cleanup in Shaler Township,"24/7 basement flooding cleanup in Shaler Township, PA. IICRC-certified, insurance billing accepted. Call (412) 304-9284.",basement flooding cleanup shaler township,flooded basement cleanup|basement water removal|wet basement restoration|basement water damage|basement drying,local_emergency,,,900,hero|og|inline-1|inline-2,service|local-business|faq|breadcrumb-list,/services/basement-flooding-cleanup/|/service-areas/shaler-township-pa/|/service-areas/shaler-township-pa/fire-damage-restoration/|/service-areas/shaler-township-pa/mold-remediation/|/service-areas/allison-park-pa/basement-flooding-cleanup/|/service-areas/baldwin-pa/basement-flooding-cleanup/|/contact/,5.60,planned
/service-areas/shaler-township-pa/biohazard-cleanup/,service-area-service,"Biohazard Cleanup in Shaler Township, PA | Katofsky Construction LLC",Biohazard Cleanup in Shaler Township,"24/7 biohazard cleanup in Shaler Township, PA. IICRC-certified, insurance billing accepted. Call (412) 304-9284.",biohazard cleanup shaler township,biohazard remediation|blood cleanup|bodily fluid cleanup|sharps and needle cleanup|infectious material cleanup,local_sensitive,,,900,hero|og|inline-1|inline-2,service|local-business|faq|breadcrumb-list,/services/biohazard-cleanup/|/service-areas/shaler-township-pa/|/service-areas/shaler-township-pa/fire-damage-restoration/|/service-areas/shaler-township-pa/mold-remediation/|/service-areas/allison-park-pa/biohazard-cleanup/|/service-areas/baldwin-pa/biohazard-cleanup/|/contact/,5.60,planned
/service-areas/shaler-township-pa/burst-pipe-repair/,service-area-service,"Burst Pipe Cleanup and Repair in Shaler Township, PA | Katofsky Construction LLC",Burst Pipe Cleanup and Repair in Shaler Township,"24/7 burst pipe cleanup and repair in Shaler Township, PA. IICRC-certified, insurance billing accepted. Call (412) 304-9284.",burst pipe cleanup and repair shaler township,burst pipe cleanup|pipe burst emergency|pipe break water damage|water line break|emergency pipe repair,local_emergency,,,900,hero|og|inline-1|inline-2,service|local-business|faq|breadcrumb-list,/services/burst-pipe-repair/|/service-areas/shaler-township-pa/|/service-areas/shaler-township-pa/fire-damage-restoration/|/service-areas/shaler-township-pa/mold-remediation/|/service-areas/allison-park-pa/burst-pipe-repair/|/service-areas/baldwin-pa/burst-pipe-repair/|/contact/,5.60,planned
/service-areas/shaler-township-pa/ceiling-water-damage-repair/,service-area-service,"Ceiling Water Damage Repair in Shaler Township, PA | Katofsky Construction LLC",Ceiling Water Damage Repair in Shaler Township,"24/7 ceiling water damage repair in Shaler Township, PA. IICRC-certified, insurance billing accepted. Call (412) 304-9284.",ceiling water damage repair shaler township,ceiling leaking|water coming through ceiling|ceiling leak repair|sagging ceiling water damage|water stain ceiling,local_emergency,,,900,hero|og|inline-1|inline-2,service|local-business|faq|breadcrumb-list,/services/ceiling-water-damage-repair/|/service-areas/shaler-township-pa/|/service-areas/shaler-township-pa/fire-damage-restoration/|/service-areas/shaler-township-pa/mold-remediation/|/service-areas/allison-park-pa/ceiling-water-damage-repair/|/service-areas/baldwin-pa/ceiling-water-damage-repair/|/contact/,5.60,planned
/service-areas/shaler-township-pa/general-contracting/,service-area-service,"Renovations, Remodels and General Contracting in Shaler Township, PA | Katofsky Construction LLC","Renovations, Remodels and General Contracting in Shaler Township","24/7 renovations, remodels and general contracting in Shaler Township, PA. IICRC-certified, insurance billing accepted. Call (412) 304-9284.","renovations, remodels and general contracting shaler township",general contractor|home renovation services|home remodeling|kitchen remodel|bathroom remodel|post-damage rebuild,local_commercial,,,900,hero|og|inline-1|inline-2,service|local-business|faq|breadcrumb-list,/services/general-contracting/|/service-areas/shaler-township-pa/|/service-areas/shaler-township-pa/fire-damage-restoration/|/service-areas/shaler-township-pa/mold-remediation/|/service-areas/allison-park-pa/general-contracting/|/service-areas/baldwin-pa/general-contracting/|/contact/,5.60,planned
/service-areas/shaler-township-pa/large-loss-response/,service-area-service,"Large Loss and Catastrophic Response in Shaler Township, PA | Katofsky Construction LLC",Large Loss and Catastrophic Response in Shaler Township,"24/7 large loss and catastrophic response in Shaler Township, PA. IICRC-certified, insurance billing accepted. Call (412) 304-9284.",large loss and catastrophic response shaler township,large loss restoration|catastrophic loss response|commercial catastrophic restoration|multi-million dollar restoration|large loss adjusters,local_b2b,,,900,hero|og|inline-1|inline-2,service|local-business|faq|breadcrumb-list,/services/large-loss-response/|/service-areas/shaler-township-pa/|/service-areas/shaler-township-pa/fire-damage-restoration/|/service-areas/shaler-township-pa/mold-remediation/|/service-areas/allison-park-pa/large-loss-response/|/service-areas/baldwin-pa/large-loss-response/|/contact/,5.60,planned
/service-areas/shaler-township-pa/mold-inspection-testing/,service-area-service,"Mold Inspection and Testing in Shaler Township, PA | Katofsky Construction LLC",Mold Inspection and Testing in Shaler Township,"24/7 mold inspection and testing in Shaler Township, PA. IICRC-certified, insurance billing accepted. Call (412) 304-9284.",mold inspection and testing shaler township,mold inspection|mold testing|indoor air quality testing|mold spore testing|mold assessment,local_health,,,900,hero|og|inline-1|inline-2,service|local-business|faq|breadcrumb-list,/services/mold-inspection-testing/|/service-areas/shaler-township-pa/|/service-areas/shaler-township-pa/fire-damage-restoration/|/service-areas/shaler-township-pa/mold-remediation/|/service-areas/allison-park-pa/mold-inspection-testing/|/service-areas/baldwin-pa/mold-inspection-testing/|/contact/,5.60,planned
/service-areas/west-mifflin-pa/basement-flooding-cleanup/,service-area-service,"Basement Flooding Cleanup in West Mifflin, PA | Katofsky Construction LLC",Basement Flooding Cleanup in West Mifflin,"24/7 basement flooding cleanup in West Mifflin, PA. IICRC-certified, insurance billing accepted. Call (412) 304-9284.",basement flooding cleanup west mifflin,flooded basement cleanup|basement water removal|wet basement restoration|basement water damage|basement drying,local_emergency,,,900,hero|og|inline-1|inline-2,service|local-business|faq|breadcrumb-list,/services/basement-flooding-cleanup/|/service-areas/west-mifflin-pa/|/service-areas/west-mifflin-pa/fire-damage-restoration/|/service-areas/west-mifflin-pa/mold-remediation/|/service-areas/allison-park-pa/basement-flooding-cleanup/|/service-areas/baldwin-pa/basement-flooding-cleanup/|/contact/,5.60,planned
/service-areas/west-mifflin-pa/biohazard-cleanup/,service-area-service,"Biohazard Cleanup in West Mifflin, PA | Katofsky Construction LLC",Biohazard Cleanup in West Mifflin,"24/7 biohazard cleanup in West Mifflin, PA. IICRC-certified, insurance billing accepted. Call (412) 304-9284.",biohazard cleanup west mifflin,biohazard remediation|blood cleanup|bodily fluid cleanup|sharps and needle cleanup|infectious material cleanup,local_sensitive,,,900,hero|og|inline-1|inline-2,service|local-business|faq|breadcrumb-list,/services/biohazard-cleanup/|/service-areas/west-mifflin-pa/|/service-areas/west-mifflin-pa/fire-damage-restoration/|/service-areas/west-mifflin-pa/mold-remediation/|/service-areas/allison-park-pa/biohazard-cleanup/|/service-areas/baldwin-pa/biohazard-cleanup/|/contact/,5.60,planned
/service-areas/west-mifflin-pa/burst-pipe-repair/,service-area-service,"Burst Pipe Cleanup and Repair in West Mifflin, PA | Katofsky Construction LLC",Burst Pipe Cleanup and Repair in West Mifflin,"24/7 burst pipe cleanup and repair in West Mifflin, PA. IICRC-certified, insurance billing accepted. Call (412) 304-9284.",burst pipe cleanup and repair west mifflin,burst pipe cleanup|pipe burst emergency|pipe break water damage|water line break|emergency pipe repair,local_emergency,,,900,hero|og|inline-1|inline-2,service|local-business|faq|breadcrumb-list,/services/burst-pipe-repair/|/service-areas/west-mifflin-pa/|/service-areas/west-mifflin-pa/fire-damage-restoration/|/service-areas/west-mifflin-pa/mold-remediation/|/service-areas/allison-park-pa/burst-pipe-repair/|/service-areas/baldwin-pa/burst-pipe-repair/|/contact/,5.60,planned
/service-areas/west-mifflin-pa/ceiling-water-damage-repair/,service-area-service,"Ceiling Water Damage Repair in West Mifflin, PA | Katofsky Construction LLC",Ceiling Water Damage Repair in West Mifflin,"24/7 ceiling water damage repair in West Mifflin, PA. IICRC-certified, insurance billing accepted. Call (412) 304-9284.",ceiling water damage repair west mifflin,ceiling leaking|water coming through ceiling|ceiling leak repair|sagging ceiling water damage|water stain ceiling,local_emergency,,,900,hero|og|inline-1|inline-2,service|local-business|faq|breadcrumb-list,/services/ceiling-water-damage-repair/|/service-areas/west-mifflin-pa/|/service-areas/west-mifflin-pa/fire-damage-restoration/|/service-areas/west-mifflin-pa/mold-remediation/|/service-areas/allison-park-pa/ceiling-water-damage-repair/|/service-areas/baldwin-pa/ceiling-water-damage-repair/|/contact/,5.60,planned
/service-areas/west-mifflin-pa/general-contracting/,service-area-service,"Renovations, Remodels and General Contracting in West Mifflin, PA | Katofsky Construction LLC","Renovations, Remodels and General Contracting in West Mifflin","24/7 renovations, remodels and general contracting in West Mifflin, PA. IICRC-certified, insurance billing accepted. Call (412) 304-9284.","renovations, remodels and general contracting west mifflin",general contractor|home renovation services|home remodeling|kitchen remodel|bathroom remodel|post-damage rebuild,local_commercial,,,900,hero|og|inline-1|inline-2,service|local-business|faq|breadcrumb-list,/services/general-contracting/|/service-areas/west-mifflin-pa/|/service-areas/west-mifflin-pa/fire-damage-restoration/|/service-areas/west-mifflin-pa/mold-remediation/|/service-areas/allison-park-pa/general-contracting/|/service-areas/baldwin-pa/general-contracting/|/contact/,5.60,planned
/service-areas/west-mifflin-pa/large-loss-response/,service-area-service,"Large Loss and Catastrophic Response in West Mifflin, PA | Katofsky Construction LLC",Large Loss and Catastrophic Response in West Mifflin,"24/7 large loss and catastrophic response in West Mifflin, PA. IICRC-certified, insurance billing accepted. Call (412) 304-9284.",large loss and catastrophic response west mifflin,large loss restoration|catastrophic loss response|commercial catastrophic restoration|multi-million dollar restoration|large loss adjusters,local_b2b,,,900,hero|og|inline-1|inline-2,service|local-business|faq|breadcrumb-list,/services/large-loss-response/|/service-areas/west-mifflin-pa/|/service-areas/west-mifflin-pa/fire-damage-restoration/|/service-areas/west-mifflin-pa/mold-remediation/|/service-areas/allison-park-pa/large-loss-response/|/service-areas/baldwin-pa/large-loss-response/|/contact/,5.60,planned
/service-areas/west-mifflin-pa/mold-inspection-testing/,service-area-service,"Mold Inspection and Testing in West Mifflin, PA | Katofsky Construction LLC",Mold Inspection and Testing in West Mifflin,"24/7 mold inspection and testing in West Mifflin, PA. IICRC-certified, insurance billing accepted. Call (412) 304-9284.",mold inspection and testing west mifflin,mold inspection|mold testing|indoor air quality testing|mold spore testing|mold assessment,local_health,,,900,hero|og|inline-1|inline-2,service|local-business|faq|breadcrumb-list,/services/mold-inspection-testing/|/service-areas/west-mifflin-pa/|/service-areas/west-mifflin-pa/fire-damage-restoration/|/service-areas/west-mifflin-pa/mold-remediation/|/service-areas/allison-park-pa/mold-inspection-testing/|/service-areas/baldwin-pa/mold-inspection-testing/|/contact/,5.60,planned
/service-areas/whitehall-pa/basement-flooding-cleanup/,service-area-service,"Basement Flooding Cleanup in Whitehall, PA | Katofsky Construction LLC",Basement Flooding Cleanup in Whitehall,"24/7 basement flooding cleanup in Whitehall, PA. IICRC-certified, insurance billing accepted. Call (412) 304-9284.",basement flooding cleanup whitehall,flooded basement cleanup|basement water removal|wet basement restoration|basement water damage|basement drying,local_emergency,,,900,hero|og|inline-1|inline-2,service|local-business|faq|breadcrumb-list,/services/basement-flooding-cleanup/|/service-areas/whitehall-pa/|/service-areas/whitehall-pa/fire-damage-restoration/|/service-areas/whitehall-pa/mold-remediation/|/service-areas/allison-park-pa/basement-flooding-cleanup/|/service-areas/baldwin-pa/basement-flooding-cleanup/|/contact/,5.60,planned
/service-areas/whitehall-pa/biohazard-cleanup/,service-area-service,"Biohazard Cleanup in Whitehall, PA | Katofsky Construction LLC",Biohazard Cleanup in Whitehall,"24/7 biohazard cleanup in Whitehall, PA. IICRC-certified, insurance billing accepted. Call (412) 304-9284.",biohazard cleanup whitehall,biohazard remediation|blood cleanup|bodily fluid cleanup|sharps and needle cleanup|infectious material cleanup,local_sensitive,,,900,hero|og|inline-1|inline-2,service|local-business|faq|breadcrumb-list,/services/biohazard-cleanup/|/service-areas/whitehall-pa/|/service-areas/whitehall-pa/fire-damage-restoration/|/service-areas/whitehall-pa/mold-remediation/|/service-areas/allison-park-pa/biohazard-cleanup/|/service-areas/baldwin-pa/biohazard-cleanup/|/contact/,5.60,planned
/service-areas/whitehall-pa/burst-pipe-repair/,service-area-service,"Burst Pipe Cleanup and Repair in Whitehall, PA | Katofsky Construction LLC",Burst Pipe Cleanup and Repair in Whitehall,"24/7 burst pipe cleanup and repair in Whitehall, PA. IICRC-certified, insurance billing accepted. Call (412) 304-9284.",burst pipe cleanup and repair whitehall,burst pipe cleanup|pipe burst emergency|pipe break water damage|water line break|emergency pipe repair,local_emergency,,,900,hero|og|inline-1|inline-2,service|local-business|faq|breadcrumb-list,/services/burst-pipe-repair/|/service-areas/whitehall-pa/|/service-areas/whitehall-pa/fire-damage-restoration/|/service-areas/whitehall-pa/mold-remediation/|/service-areas/allison-park-pa/burst-pipe-repair/|/service-areas/baldwin-pa/burst-pipe-repair/|/contact/,5.60,planned
/service-areas/whitehall-pa/ceiling-water-damage-repair/,service-area-service,"Ceiling Water Damage Repair in Whitehall, PA | Katofsky Construction LLC",Ceiling Water Damage Repair in Whitehall,"24/7 ceiling water damage repair in Whitehall, PA. IICRC-certified, insurance billing accepted. Call (412) 304-9284.",ceiling water damage repair whitehall,ceiling leaking|water coming through ceiling|ceiling leak repair|sagging ceiling water damage|water stain ceiling,local_emergency,,,900,hero|og|inline-1|inline-2,service|local-business|faq|breadcrumb-list,/services/ceiling-water-damage-repair/|/service-areas/whitehall-pa/|/service-areas/whitehall-pa/fire-damage-restoration/|/service-areas/whitehall-pa/mold-remediation/|/service-areas/allison-park-pa/ceiling-water-damage-repair/|/service-areas/baldwin-pa/ceiling-water-damage-repair/|/contact/,5.60,planned
/service-areas/whitehall-pa/general-contracting/,service-area-service,"Renovations, Remodels and General Contracting in Whitehall, PA | Katofsky Construction LLC","Renovations, Remodels and General Contracting in Whitehall","24/7 renovations, remodels and general contracting in Whitehall, PA. IICRC-certified, insurance billing accepted. Call (412) 304-9284.","renovations, remodels and general contracting whitehall",general contractor|home renovation services|home remodeling|kitchen remodel|bathroom remodel|post-damage rebuild,local_commercial,,,900,hero|og|inline-1|inline-2,service|local-business|faq|breadcrumb-list,/services/general-contracting/|/service-areas/whitehall-pa/|/service-areas/whitehall-pa/fire-damage-restoration/|/service-areas/whitehall-pa/mold-remediation/|/service-areas/allison-park-pa/general-contracting/|/service-areas/baldwin-pa/general-contracting/|/contact/,5.60,planned
/service-areas/whitehall-pa/large-loss-response/,service-area-service,"Large Loss and Catastrophic Response in Whitehall, PA | Katofsky Construction LLC",Large Loss and Catastrophic Response in Whitehall,"24/7 large loss and catastrophic response in Whitehall, PA. IICRC-certified, insurance billing accepted. Call (412) 304-9284.",large loss and catastrophic response whitehall,large loss restoration|catastrophic loss response|commercial catastrophic restoration|multi-million dollar restoration|large loss adjusters,local_b2b,,,900,hero|og|inline-1|inline-2,service|local-business|faq|breadcrumb-list,/services/large-loss-response/|/service-areas/whitehall-pa/|/service-areas/whitehall-pa/fire-damage-restoration/|/service-areas/whitehall-pa/mold-remediation/|/service-areas/allison-park-pa/large-loss-response/|/service-areas/baldwin-pa/large-loss-response/|/contact/,5.60,planned
/service-areas/whitehall-pa/mold-inspection-testing/,service-area-service,"Mold Inspection and Testing in Whitehall, PA | Katofsky Construction LLC",Mold Inspection and Testing in Whitehall,"24/7 mold inspection and testing in Whitehall, PA. IICRC-certified, insurance billing accepted. Call (412) 304-9284.",mold inspection and testing whitehall,mold inspection|mold testing|indoor air quality testing|mold spore testing|mold assessment,local_health,,,900,hero|og|inline-1|inline-2,service|local-business|faq|breadcrumb-list,/services/mold-inspection-testing/|/service-areas/whitehall-pa/|/service-areas/whitehall-pa/fire-damage-restoration/|/service-areas/whitehall-pa/mold-remediation/|/service-areas/allison-park-pa/mold-inspection-testing/|/service-areas/baldwin-pa/mold-inspection-testing/|/contact/,5.60,planned
/service-areas/wilkinsburg-pa/basement-flooding-cleanup/,service-area-service,"Basement Flooding Cleanup in Wilkinsburg, PA | Katofsky Construction LLC",Basement Flooding Cleanup in Wilkinsburg,"24/7 basement flooding cleanup in Wilkinsburg, PA. IICRC-certified, insurance billing accepted. Call (412) 304-9284.",basement flooding cleanup wilkinsburg,flooded basement cleanup|basement water removal|wet basement restoration|basement water damage|basement drying,local_emergency,,,900,hero|og|inline-1|inline-2,service|local-business|faq|breadcrumb-list,/services/basement-flooding-cleanup/|/service-areas/wilkinsburg-pa/|/service-areas/wilkinsburg-pa/fire-damage-restoration/|/service-areas/wilkinsburg-pa/mold-remediation/|/service-areas/allison-park-pa/basement-flooding-cleanup/|/service-areas/baldwin-pa/basement-flooding-cleanup/|/contact/,5.60,planned
/service-areas/wilkinsburg-pa/biohazard-cleanup/,service-area-service,"Biohazard Cleanup in Wilkinsburg, PA | Katofsky Construction LLC",Biohazard Cleanup in Wilkinsburg,"24/7 biohazard cleanup in Wilkinsburg, PA. IICRC-certified, insurance billing accepted. Call (412) 304-9284.",biohazard cleanup wilkinsburg,biohazard remediation|blood cleanup|bodily fluid cleanup|sharps and needle cleanup|infectious material cleanup,local_sensitive,,,900,hero|og|inline-1|inline-2,service|local-business|faq|breadcrumb-list,/services/biohazard-cleanup/|/service-areas/wilkinsburg-pa/|/service-areas/wilkinsburg-pa/fire-damage-restoration/|/service-areas/wilkinsburg-pa/mold-remediation/|/service-areas/allison-park-pa/biohazard-cleanup/|/service-areas/baldwin-pa/biohazard-cleanup/|/contact/,5.60,planned
/service-areas/wilkinsburg-pa/burst-pipe-repair/,service-area-service,"Burst Pipe Cleanup and Repair in Wilkinsburg, PA | Katofsky Construction LLC",Burst Pipe Cleanup and Repair in Wilkinsburg,"24/7 burst pipe cleanup and repair in Wilkinsburg, PA. IICRC-certified, insurance billing accepted. Call (412) 304-9284.",burst pipe cleanup and repair wilkinsburg,burst pipe cleanup|pipe burst emergency|pipe break water damage|water line break|emergency pipe repair,local_emergency,,,900,hero|og|inline-1|inline-2,service|local-business|faq|breadcrumb-list,/services/burst-pipe-repair/|/service-areas/wilkinsburg-pa/|/service-areas/wilkinsburg-pa/fire-damage-restoration/|/service-areas/wilkinsburg-pa/mold-remediation/|/service-areas/allison-park-pa/burst-pipe-repair/|/service-areas/baldwin-pa/burst-pipe-repair/|/contact/,5.60,planned
/service-areas/wilkinsburg-pa/ceiling-water-damage-repair/,service-area-service,"Ceiling Water Damage Repair in Wilkinsburg, PA | Katofsky Construction LLC",Ceiling Water Damage Repair in Wilkinsburg,"24/7 ceiling water damage repair in Wilkinsburg, PA. IICRC-certified, insurance billing accepted. Call (412) 304-9284.",ceiling water damage repair wilkinsburg,ceiling leaking|water coming through ceiling|ceiling leak repair|sagging ceiling water damage|water stain ceiling,local_emergency,,,900,hero|og|inline-1|inline-2,service|local-business|faq|breadcrumb-list,/services/ceiling-water-damage-repair/|/service-areas/wilkinsburg-pa/|/service-areas/wilkinsburg-pa/fire-damage-restoration/|/service-areas/wilkinsburg-pa/mold-remediation/|/service-areas/allison-park-pa/ceiling-water-damage-repair/|/service-areas/baldwin-pa/ceiling-water-damage-repair/|/contact/,5.60,planned
/service-areas/wilkinsburg-pa/general-contracting/,service-area-service,"Renovations, Remodels and General Contracting in Wilkinsburg, PA | Katofsky Construction LLC","Renovations, Remodels and General Contracting in Wilkinsburg","24/7 renovations, remodels and general contracting in Wilkinsburg, PA. IICRC-certified, insurance billing accepted. Call (412) 304-9284.","renovations, remodels and general contracting wilkinsburg",general contractor|home renovation services|home remodeling|kitchen remodel|bathroom remodel|post-damage rebuild,local_commercial,,,900,hero|og|inline-1|inline-2,service|local-business|faq|breadcrumb-list,/services/general-contracting/|/service-areas/wilkinsburg-pa/|/service-areas/wilkinsburg-pa/fire-damage-restoration/|/service-areas/wilkinsburg-pa/mold-remediation/|/service-areas/allison-park-pa/general-contracting/|/service-areas/baldwin-pa/general-contracting/|/contact/,5.60,planned
/service-areas/wilkinsburg-pa/large-loss-response/,service-area-service,"Large Loss and Catastrophic Response in Wilkinsburg, PA | Katofsky Construction LLC",Large Loss and Catastrophic Response in Wilkinsburg,"24/7 large loss and catastrophic response in Wilkinsburg, PA. IICRC-certified, insurance billing accepted. Call (412) 304-9284.",large loss and catastrophic response wilkinsburg,large loss restoration|catastrophic loss response|commercial catastrophic restoration|multi-million dollar restoration|large loss adjusters,local_b2b,,,900,hero|og|inline-1|inline-2,service|local-business|faq|breadcrumb-list,/services/large-loss-response/|/service-areas/wilkinsburg-pa/|/service-areas/wilkinsburg-pa/fire-damage-restoration/|/service-areas/wilkinsburg-pa/mold-remediation/|/service-areas/allison-park-pa/large-loss-response/|/service-areas/baldwin-pa/large-loss-response/|/contact/,5.60,planned
/service-areas/wilkinsburg-pa/mold-inspection-testing/,service-area-service,"Mold Inspection and Testing in Wilkinsburg, PA | Katofsky Construction LLC",Mold Inspection and Testing in Wilkinsburg,"24/7 mold inspection and testing in Wilkinsburg, PA. IICRC-certified, insurance billing accepted. Call (412) 304-9284.",mold inspection and testing wilkinsburg,mold inspection|mold testing|indoor air quality testing|mold spore testing|mold assessment,local_health,,,900,hero|og|inline-1|inline-2,service|local-business|faq|breadcrumb-list,/services/mold-inspection-testing/|/service-areas/wilkinsburg-pa/|/service-areas/wilkinsburg-pa/fire-damage-restoration/|/service-areas/wilkinsburg-pa/mold-remediation/|/service-areas/allison-park-pa/mold-inspection-testing/|/service-areas/baldwin-pa/mold-inspection-testing/|/contact/,5.60,planned
/blog/choosing-a-restoration-company/,blog-post,How To Choose a Restoration Company in  (Without Getting Burned),How To Choose a Restoration Company in  (Without Getting Burned),,how to choose a restoration company in  without getting burned,water damage restoration|fire damage restoration|mold remediation,commercial_decision,,,1400,hero|og|inline-1|inline-2,blog-posting|faq|breadcrumb-list,/blog/|/services/fire-damage-restoration/|/services/mold-remediation/|/services/water-damage-restoration/|/blog/burst-pipe-emergency-checklist/|/blog/what-to-do-first-24-hours-water-damage/|/blog/does-homeowners-insurance-cover-water-damage/,5.40,planned
/blog/does-homeowners-insurance-cover-water-damage/,blog-post,Does Homeowners Insurance Cover Water Damage? A Plain-English Guide,Does Homeowners Insurance Cover Water Damage? A Plain-English Guide,,does homeowners insurance cover water damage a plainenglish guide,water damage restoration,informational_insurance,,,1400,hero|og|inline-1|inline-2,blog-posting|faq|breadcrumb-list,/blog/|/services/water-damage-restoration/|/blog/burst-pipe-emergency-checklist/|/blog/what-to-do-first-24-hours-water-damage/|/blog/choosing-a-restoration-company/,5.40,planned
/blog/fire-damage-restoration-process/,blog-post,"The Fire Damage Restoration Process, Explained","The Fire Damage Restoration Process, Explained",,the fire damage restoration process explained,fire damage restoration|smoke damage restoration,informational_emergency,,,1400,hero|og|inline-1|inline-2,blog-posting|faq|breadcrumb-list,/blog/|/services/fire-damage-restoration/|/services/smoke-damage-restoration/|/blog/choosing-a-restoration-company/,5.40,planned
/blog/how-to-test-for-mold/,blog-post,How To Test for Mold in Your Home (DIY Kits vs a Pro Inspection),How To Test for Mold in Your Home (DIY Kits vs a Pro Inspection),,how to test for mold in your home diy kits vs a pro inspection,mold remediation|mold inspection and testing,informational_health,,,1400,hero|og|inline-1|inline-2,blog-posting|faq|breadcrumb-list,/blog/|/services/mold-remediation/|/services/mold-inspection-testing/|/blog/choosing-a-restoration-company/|/blog/signs-of-hidden-mold/|/blog/black-mold-vs-regular-mold/,5.40,planned
/blog/signs-of-hidden-mold/,blog-post,7 Signs You Have Hidden Mold (and What To Do Next),7 Signs You Have Hidden Mold (and What To Do Next),,7 signs you have hidden mold and what to do next,mold remediation,informational_health,,,1400,hero|og|inline-1|inline-2,blog-posting|faq|breadcrumb-list,/blog/|/services/mold-remediation/|/blog/choosing-a-restoration-company/|/blog/how-to-test-for-mold/|/blog/black-mold-vs-regular-mold/,5.40,planned
/services/asbestos-abatement/,service-landing,Asbestos Abatement in Pittsburgh | Katofsky Construction LLC,Asbestos Abatement in Pittsburgh,"24/7 asbestos abatement in Pittsburgh and surrounding areas. IICRC-certified, insurance billing accepted. Call (412) 304-9284.",asbestos abatement pittsburgh,asbestos removal|asbestos testing|asbestos remediation|popcorn ceiling asbestos removal|asbestos inspection,local_specialty,,,1100,hero|og|inline-1|inline-2,service|local-business|faq|breadcrumb-list,/services/|/contact/|/service-areas/allison-park-pa/asbestos-abatement/|/service-areas/baldwin-pa/asbestos-abatement/|/service-areas/bethel-park-pa/asbestos-abatement/|/service-areas/carnegie-pa/asbestos-abatement/|/service-areas/castle-shannon-pa/asbestos-abatement/|/service-areas/churchill-pa/asbestos-abatement/|/service-areas/duquesne-pa/asbestos-abatement/|/service-areas/forest-hills-pa/asbestos-abatement/|/service-areas/fox-chapel-pa/asbestos-abatement/|/service-areas/glenshaw-pa/asbestos-abatement/|/service-areas/green-tree-pa/asbestos-abatement/|/service-areas/greensburg-pa/asbestos-abatement/,5.40,planned
/,home,"Katofsky Construction LLC | Restoration Services in Pittsburgh, PA",24/7 Restoration Services in Pittsburgh,"Katofsky Construction LLC provides 24/7 water, fire, mold, and storm damage restoration across Pittsburgh and surrounding areas. Licensed, insured, IICRC-certified. Call (412) 304-9284.",restoration services pittsburgh,restoration company near me|24/7 damage restoration|emergency restoration,local_commercial,,,1200,hero|og|inline-1|inline-2|inline-3,organization|website|local-business|aggregate-rating,/services/|/service-areas/|/contact/|/about/|/services/fire-damage-restoration/|/services/mold-remediation/|/services/roofing/|/services/water-damage-restoration/|/services/commercial-restoration/|/services/emergency-plumbing/|/services/emergency-water-removal/|/services/flood-damage-restoration/|/services/reconstruction/|/services/sewage-cleanup/|/services/smoke-damage-restoration/|/services/storm-damage-restoration/|/services/water-cleanup/|/services/basement-flooding-cleanup/|/services/biohazard-cleanup/|/services/burst-pipe-repair/|/services/ceiling-water-damage-repair/|/services/general-contracting/|/services/large-loss-response/|/services/mold-inspection-testing/|/services/emergency-board-up-tarping/|/services/industrial-restoration/|/services/water-heater-flood-cleanup/|/services/water-leak-detection/|/services/asbestos-abatement/|/services/air-duct-cleaning/|/services/contents-restoration-storage/|/services/lead-paint-abatement/|/services/carpet-cleaning/|/services/upholstery-cleaning/|/service-areas/allison-park-pa/|/service-areas/baldwin-pa/|/service-areas/bethel-park-pa/|/service-areas/carnegie-pa/|/service-areas/castle-shannon-pa/|/service-areas/churchill-pa/|/service-areas/duquesne-pa/|/service-areas/forest-hills-pa/|/service-areas/fox-chapel-pa/|/service-areas/glenshaw-pa/|/service-areas/green-tree-pa/|/service-areas/greensburg-pa/|/service-areas/hempfield-township-pa/|/service-areas/jeannette-pa/|/service-areas/jefferson-hills-pa/|/service-areas/latrobe-pa/|/service-areas/lower-burrell-pa/|/service-areas/mccandless-pa/|/service-areas/mckeesport-pa/|/service-areas/monroeville-pa/|/service-areas/mount-lebanon-pa/|/service-areas/munhall-pa/|/service-areas/murrysville-pa/|/service-areas/new-kensington-pa/|/service-areas/north-huntingdon-pa/|/service-areas/penn-hills-pa/|/service-areas/pleasant-hills-pa/|/service-areas/plum-pa/|/service-areas/ross-township-pa/|/service-areas/shaler-township-pa/|/service-areas/west-mifflin-pa/|/service-areas/whitehall-pa/|/service-areas/wilkinsburg-pa/,5.00,planned
/service-areas/allison-park-pa/emergency-board-up-tarping/,service-area-service,"Emergency Board-Up and Tarping in Allison Park, PA | Katofsky Construction LLC",Emergency Board-Up and Tarping in Allison Park,"24/7 emergency board-up and tarping in Allison Park, PA. IICRC-certified, insurance billing accepted. Call (412) 304-9284.",emergency board-up and tarping allison park,emergency board up|roof tarping|emergency tarping service|fire damage board up|broken window board up,local_emergency,,,900,hero|og|inline-1|inline-2,service|local-business|faq|breadcrumb-list,/services/emergency-board-up-tarping/|/service-areas/allison-park-pa/|/service-areas/allison-park-pa/fire-damage-restoration/|/service-areas/allison-park-pa/mold-remediation/|/service-areas/baldwin-pa/emergency-board-up-tarping/|/service-areas/bethel-park-pa/emergency-board-up-tarping/|/contact/,4.90,planned
/service-areas/allison-park-pa/industrial-restoration/,service-area-service,"Industrial Restoration in Allison Park, PA | Katofsky Construction LLC",Industrial Restoration in Allison Park,"24/7 industrial restoration in Allison Park, PA. IICRC-certified, insurance billing accepted. Call (412) 304-9284.",industrial restoration allison park,industrial water damage|warehouse restoration|manufacturing facility restoration|industrial fire damage|plant restoration services,local_b2b,,,900,hero|og|inline-1|inline-2,service|local-business|faq|breadcrumb-list,/services/industrial-restoration/|/service-areas/allison-park-pa/|/service-areas/allison-park-pa/fire-damage-restoration/|/service-areas/allison-park-pa/mold-remediation/|/service-areas/baldwin-pa/industrial-restoration/|/service-areas/bethel-park-pa/industrial-restoration/|/contact/,4.90,planned
/service-areas/allison-park-pa/water-heater-flood-cleanup/,service-area-service,"Water Heater Flood Cleanup in Allison Park, PA | Katofsky Construction LLC",Water Heater Flood Cleanup in Allison Park,"24/7 water heater flood cleanup in Allison Park, PA. IICRC-certified, insurance billing accepted. Call (412) 304-9284.",water heater flood cleanup allison park,water heater leaking|water heater burst|flooded water heater|water heater leak damage,local_emergency,,,900,hero|og|inline-1|inline-2,service|local-business|faq|breadcrumb-list,/services/water-heater-flood-cleanup/|/service-areas/allison-park-pa/|/service-areas/allison-park-pa/fire-damage-restoration/|/service-areas/allison-park-pa/mold-remediation/|/service-areas/baldwin-pa/water-heater-flood-cleanup/|/service-areas/bethel-park-pa/water-heater-flood-cleanup/|/contact/,4.90,planned
/service-areas/allison-park-pa/water-leak-detection/,service-area-service,"Water Leak Detection in Allison Park, PA | Katofsky Construction LLC",Water Leak Detection in Allison Park,"24/7 water leak detection in Allison Park, PA. IICRC-certified, insurance billing accepted. Call (412) 304-9284.",water leak detection allison park,leak detection|hidden water leak|slab leak detection|water leak in wall|leak detection service,local_emergency,,,900,hero|og|inline-1|inline-2,service|local-business|faq|breadcrumb-list,/services/water-leak-detection/|/service-areas/allison-park-pa/|/service-areas/allison-park-pa/fire-damage-restoration/|/service-areas/allison-park-pa/mold-remediation/|/service-areas/baldwin-pa/water-leak-detection/|/service-areas/bethel-park-pa/water-leak-detection/|/contact/,4.90,planned
/service-areas/baldwin-pa/emergency-board-up-tarping/,service-area-service,"Emergency Board-Up and Tarping in Baldwin, PA | Katofsky Construction LLC",Emergency Board-Up and Tarping in Baldwin,"24/7 emergency board-up and tarping in Baldwin, PA. IICRC-certified, insurance billing accepted. Call (412) 304-9284.",emergency board-up and tarping baldwin,emergency board up|roof tarping|emergency tarping service|fire damage board up|broken window board up,local_emergency,,,900,hero|og|inline-1|inline-2,service|local-business|faq|breadcrumb-list,/services/emergency-board-up-tarping/|/service-areas/baldwin-pa/|/service-areas/baldwin-pa/fire-damage-restoration/|/service-areas/baldwin-pa/mold-remediation/|/service-areas/allison-park-pa/emergency-board-up-tarping/|/service-areas/bethel-park-pa/emergency-board-up-tarping/|/contact/,4.90,planned
/service-areas/baldwin-pa/industrial-restoration/,service-area-service,"Industrial Restoration in Baldwin, PA | Katofsky Construction LLC",Industrial Restoration in Baldwin,"24/7 industrial restoration in Baldwin, PA. IICRC-certified, insurance billing accepted. Call (412) 304-9284.",industrial restoration baldwin,industrial water damage|warehouse restoration|manufacturing facility restoration|industrial fire damage|plant restoration services,local_b2b,,,900,hero|og|inline-1|inline-2,service|local-business|faq|breadcrumb-list,/services/industrial-restoration/|/service-areas/baldwin-pa/|/service-areas/baldwin-pa/fire-damage-restoration/|/service-areas/baldwin-pa/mold-remediation/|/service-areas/allison-park-pa/industrial-restoration/|/service-areas/bethel-park-pa/industrial-restoration/|/contact/,4.90,planned
/service-areas/baldwin-pa/water-heater-flood-cleanup/,service-area-service,"Water Heater Flood Cleanup in Baldwin, PA | Katofsky Construction LLC",Water Heater Flood Cleanup in Baldwin,"24/7 water heater flood cleanup in Baldwin, PA. IICRC-certified, insurance billing accepted. Call (412) 304-9284.",water heater flood cleanup baldwin,water heater leaking|water heater burst|flooded water heater|water heater leak damage,local_emergency,,,900,hero|og|inline-1|inline-2,service|local-business|faq|breadcrumb-list,/services/water-heater-flood-cleanup/|/service-areas/baldwin-pa/|/service-areas/baldwin-pa/fire-damage-restoration/|/service-areas/baldwin-pa/mold-remediation/|/service-areas/allison-park-pa/water-heater-flood-cleanup/|/service-areas/bethel-park-pa/water-heater-flood-cleanup/|/contact/,4.90,planned
/service-areas/baldwin-pa/water-leak-detection/,service-area-service,"Water Leak Detection in Baldwin, PA | Katofsky Construction LLC",Water Leak Detection in Baldwin,"24/7 water leak detection in Baldwin, PA. IICRC-certified, insurance billing accepted. Call (412) 304-9284.",water leak detection baldwin,leak detection|hidden water leak|slab leak detection|water leak in wall|leak detection service,local_emergency,,,900,hero|og|inline-1|inline-2,service|local-business|faq|breadcrumb-list,/services/water-leak-detection/|/service-areas/baldwin-pa/|/service-areas/baldwin-pa/fire-damage-restoration/|/service-areas/baldwin-pa/mold-remediation/|/service-areas/allison-park-pa/water-leak-detection/|/service-areas/bethel-park-pa/water-leak-detection/|/contact/,4.90,planned
/service-areas/bethel-park-pa/emergency-board-up-tarping/,service-area-service,"Emergency Board-Up and Tarping in Bethel Park, PA | Katofsky Construction LLC",Emergency Board-Up and Tarping in Bethel Park,"24/7 emergency board-up and tarping in Bethel Park, PA. IICRC-certified, insurance billing accepted. Call (412) 304-9284.",emergency board-up and tarping bethel park,emergency board up|roof tarping|emergency tarping service|fire damage board up|broken window board up,local_emergency,,,900,hero|og|inline-1|inline-2,service|local-business|faq|breadcrumb-list,/services/emergency-board-up-tarping/|/service-areas/bethel-park-pa/|/service-areas/bethel-park-pa/fire-damage-restoration/|/service-areas/bethel-park-pa/mold-remediation/|/service-areas/allison-park-pa/emergency-board-up-tarping/|/service-areas/baldwin-pa/emergency-board-up-tarping/|/contact/,4.90,planned
/service-areas/bethel-park-pa/industrial-restoration/,service-area-service,"Industrial Restoration in Bethel Park, PA | Katofsky Construction LLC",Industrial Restoration in Bethel Park,"24/7 industrial restoration in Bethel Park, PA. IICRC-certified, insurance billing accepted. Call (412) 304-9284.",industrial restoration bethel park,industrial water damage|warehouse restoration|manufacturing facility restoration|industrial fire damage|plant restoration services,local_b2b,,,900,hero|og|inline-1|inline-2,service|local-business|faq|breadcrumb-list,/services/industrial-restoration/|/service-areas/bethel-park-pa/|/service-areas/bethel-park-pa/fire-damage-restoration/|/service-areas/bethel-park-pa/mold-remediation/|/service-areas/allison-park-pa/industrial-restoration/|/service-areas/baldwin-pa/industrial-restoration/|/contact/,4.90,planned
/service-areas/bethel-park-pa/water-heater-flood-cleanup/,service-area-service,"Water Heater Flood Cleanup in Bethel Park, PA | Katofsky Construction LLC",Water Heater Flood Cleanup in Bethel Park,"24/7 water heater flood cleanup in Bethel Park, PA. IICRC-certified, insurance billing accepted. Call (412) 304-9284.",water heater flood cleanup bethel park,water heater leaking|water heater burst|flooded water heater|water heater leak damage,local_emergency,,,900,hero|og|inline-1|inline-2,service|local-business|faq|breadcrumb-list,/services/water-heater-flood-cleanup/|/service-areas/bethel-park-pa/|/service-areas/bethel-park-pa/fire-damage-restoration/|/service-areas/bethel-park-pa/mold-remediation/|/service-areas/allison-park-pa/water-heater-flood-cleanup/|/service-areas/baldwin-pa/water-heater-flood-cleanup/|/contact/,4.90,planned
/service-areas/bethel-park-pa/water-leak-detection/,service-area-service,"Water Leak Detection in Bethel Park, PA | Katofsky Construction LLC",Water Leak Detection in Bethel Park,"24/7 water leak detection in Bethel Park, PA. IICRC-certified, insurance billing accepted. Call (412) 304-9284.",water leak detection bethel park,leak detection|hidden water leak|slab leak detection|water leak in wall|leak detection service,local_emergency,,,900,hero|og|inline-1|inline-2,service|local-business|faq|breadcrumb-list,/services/water-leak-detection/|/service-areas/bethel-park-pa/|/service-areas/bethel-park-pa/fire-damage-restoration/|/service-areas/bethel-park-pa/mold-remediation/|/service-areas/allison-park-pa/water-leak-detection/|/service-areas/baldwin-pa/water-leak-detection/|/contact/,4.90,planned
/service-areas/carnegie-pa/emergency-board-up-tarping/,service-area-service,"Emergency Board-Up and Tarping in Carnegie, PA | Katofsky Construction LLC",Emergency Board-Up and Tarping in Carnegie,"24/7 emergency board-up and tarping in Carnegie, PA. IICRC-certified, insurance billing accepted. Call (412) 304-9284.",emergency board-up and tarping carnegie,emergency board up|roof tarping|emergency tarping service|fire damage board up|broken window board up,local_emergency,,,900,hero|og|inline-1|inline-2,service|local-business|faq|breadcrumb-list,/services/emergency-board-up-tarping/|/service-areas/carnegie-pa/|/service-areas/carnegie-pa/fire-damage-restoration/|/service-areas/carnegie-pa/mold-remediation/|/service-areas/allison-park-pa/emergency-board-up-tarping/|/service-areas/baldwin-pa/emergency-board-up-tarping/|/contact/,4.90,planned
/service-areas/carnegie-pa/industrial-restoration/,service-area-service,"Industrial Restoration in Carnegie, PA | Katofsky Construction LLC",Industrial Restoration in Carnegie,"24/7 industrial restoration in Carnegie, PA. IICRC-certified, insurance billing accepted. Call (412) 304-9284.",industrial restoration carnegie,industrial water damage|warehouse restoration|manufacturing facility restoration|industrial fire damage|plant restoration services,local_b2b,,,900,hero|og|inline-1|inline-2,service|local-business|faq|breadcrumb-list,/services/industrial-restoration/|/service-areas/carnegie-pa/|/service-areas/carnegie-pa/fire-damage-restoration/|/service-areas/carnegie-pa/mold-remediation/|/service-areas/allison-park-pa/industrial-restoration/|/service-areas/baldwin-pa/industrial-restoration/|/contact/,4.90,planned
/service-areas/carnegie-pa/water-heater-flood-cleanup/,service-area-service,"Water Heater Flood Cleanup in Carnegie, PA | Katofsky Construction LLC",Water Heater Flood Cleanup in Carnegie,"24/7 water heater flood cleanup in Carnegie, PA. IICRC-certified, insurance billing accepted. Call (412) 304-9284.",water heater flood cleanup carnegie,water heater leaking|water heater burst|flooded water heater|water heater leak damage,local_emergency,,,900,hero|og|inline-1|inline-2,service|local-business|faq|breadcrumb-list,/services/water-heater-flood-cleanup/|/service-areas/carnegie-pa/|/service-areas/carnegie-pa/fire-damage-restoration/|/service-areas/carnegie-pa/mold-remediation/|/service-areas/allison-park-pa/water-heater-flood-cleanup/|/service-areas/baldwin-pa/water-heater-flood-cleanup/|/contact/,4.90,planned
/service-areas/carnegie-pa/water-leak-detection/,service-area-service,"Water Leak Detection in Carnegie, PA | Katofsky Construction LLC",Water Leak Detection in Carnegie,"24/7 water leak detection in Carnegie, PA. IICRC-certified, insurance billing accepted. Call (412) 304-9284.",water leak detection carnegie,leak detection|hidden water leak|slab leak detection|water leak in wall|leak detection service,local_emergency,,,900,hero|og|inline-1|inline-2,service|local-business|faq|breadcrumb-list,/services/water-leak-detection/|/service-areas/carnegie-pa/|/service-areas/carnegie-pa/fire-damage-restoration/|/service-areas/carnegie-pa/mold-remediation/|/service-areas/allison-park-pa/water-leak-detection/|/service-areas/baldwin-pa/water-leak-detection/|/contact/,4.90,planned
/service-areas/castle-shannon-pa/emergency-board-up-tarping/,service-area-service,"Emergency Board-Up and Tarping in Castle Shannon, PA | Katofsky Construction LLC",Emergency Board-Up and Tarping in Castle Shannon,"24/7 emergency board-up and tarping in Castle Shannon, PA. IICRC-certified, insurance billing accepted. Call (412) 304-9284.",emergency board-up and tarping castle shannon,emergency board up|roof tarping|emergency tarping service|fire damage board up|broken window board up,local_emergency,,,900,hero|og|inline-1|inline-2,service|local-business|faq|breadcrumb-list,/services/emergency-board-up-tarping/|/service-areas/castle-shannon-pa/|/service-areas/castle-shannon-pa/fire-damage-restoration/|/service-areas/castle-shannon-pa/mold-remediation/|/service-areas/allison-park-pa/emergency-board-up-tarping/|/service-areas/baldwin-pa/emergency-board-up-tarping/|/contact/,4.90,planned
/service-areas/castle-shannon-pa/industrial-restoration/,service-area-service,"Industrial Restoration in Castle Shannon, PA | Katofsky Construction LLC",Industrial Restoration in Castle Shannon,"24/7 industrial restoration in Castle Shannon, PA. IICRC-certified, insurance billing accepted. Call (412) 304-9284.",industrial restoration castle shannon,industrial water damage|warehouse restoration|manufacturing facility restoration|industrial fire damage|plant restoration services,local_b2b,,,900,hero|og|inline-1|inline-2,service|local-business|faq|breadcrumb-list,/services/industrial-restoration/|/service-areas/castle-shannon-pa/|/service-areas/castle-shannon-pa/fire-damage-restoration/|/service-areas/castle-shannon-pa/mold-remediation/|/service-areas/allison-park-pa/industrial-restoration/|/service-areas/baldwin-pa/industrial-restoration/|/contact/,4.90,planned
/service-areas/castle-shannon-pa/water-heater-flood-cleanup/,service-area-service,"Water Heater Flood Cleanup in Castle Shannon, PA | Katofsky Construction LLC",Water Heater Flood Cleanup in Castle Shannon,"24/7 water heater flood cleanup in Castle Shannon, PA. IICRC-certified, insurance billing accepted. Call (412) 304-9284.",water heater flood cleanup castle shannon,water heater leaking|water heater burst|flooded water heater|water heater leak damage,local_emergency,,,900,hero|og|inline-1|inline-2,service|local-business|faq|breadcrumb-list,/services/water-heater-flood-cleanup/|/service-areas/castle-shannon-pa/|/service-areas/castle-shannon-pa/fire-damage-restoration/|/service-areas/castle-shannon-pa/mold-remediation/|/service-areas/allison-park-pa/water-heater-flood-cleanup/|/service-areas/baldwin-pa/water-heater-flood-cleanup/|/contact/,4.90,planned
/service-areas/castle-shannon-pa/water-leak-detection/,service-area-service,"Water Leak Detection in Castle Shannon, PA | Katofsky Construction LLC",Water Leak Detection in Castle Shannon,"24/7 water leak detection in Castle Shannon, PA. IICRC-certified, insurance billing accepted. Call (412) 304-9284.",water leak detection castle shannon,leak detection|hidden water leak|slab leak detection|water leak in wall|leak detection service,local_emergency,,,900,hero|og|inline-1|inline-2,service|local-business|faq|breadcrumb-list,/services/water-leak-detection/|/service-areas/castle-shannon-pa/|/service-areas/castle-shannon-pa/fire-damage-restoration/|/service-areas/castle-shannon-pa/mold-remediation/|/service-areas/allison-park-pa/water-leak-detection/|/service-areas/baldwin-pa/water-leak-detection/|/contact/,4.90,planned
/service-areas/churchill-pa/emergency-board-up-tarping/,service-area-service,"Emergency Board-Up and Tarping in Churchill, PA | Katofsky Construction LLC",Emergency Board-Up and Tarping in Churchill,"24/7 emergency board-up and tarping in Churchill, PA. IICRC-certified, insurance billing accepted. Call (412) 304-9284.",emergency board-up and tarping churchill,emergency board up|roof tarping|emergency tarping service|fire damage board up|broken window board up,local_emergency,,,900,hero|og|inline-1|inline-2,service|local-business|faq|breadcrumb-list,/services/emergency-board-up-tarping/|/service-areas/churchill-pa/|/service-areas/churchill-pa/fire-damage-restoration/|/service-areas/churchill-pa/mold-remediation/|/service-areas/allison-park-pa/emergency-board-up-tarping/|/service-areas/baldwin-pa/emergency-board-up-tarping/|/contact/,4.90,planned
/service-areas/churchill-pa/industrial-restoration/,service-area-service,"Industrial Restoration in Churchill, PA | Katofsky Construction LLC",Industrial Restoration in Churchill,"24/7 industrial restoration in Churchill, PA. IICRC-certified, insurance billing accepted. Call (412) 304-9284.",industrial restoration churchill,industrial water damage|warehouse restoration|manufacturing facility restoration|industrial fire damage|plant restoration services,local_b2b,,,900,hero|og|inline-1|inline-2,service|local-business|faq|breadcrumb-list,/services/industrial-restoration/|/service-areas/churchill-pa/|/service-areas/churchill-pa/fire-damage-restoration/|/service-areas/churchill-pa/mold-remediation/|/service-areas/allison-park-pa/industrial-restoration/|/service-areas/baldwin-pa/industrial-restoration/|/contact/,4.90,planned
/service-areas/churchill-pa/water-heater-flood-cleanup/,service-area-service,"Water Heater Flood Cleanup in Churchill, PA | Katofsky Construction LLC",Water Heater Flood Cleanup in Churchill,"24/7 water heater flood cleanup in Churchill, PA. IICRC-certified, insurance billing accepted. Call (412) 304-9284.",water heater flood cleanup churchill,water heater leaking|water heater burst|flooded water heater|water heater leak damage,local_emergency,,,900,hero|og|inline-1|inline-2,service|local-business|faq|breadcrumb-list,/services/water-heater-flood-cleanup/|/service-areas/churchill-pa/|/service-areas/churchill-pa/fire-damage-restoration/|/service-areas/churchill-pa/mold-remediation/|/service-areas/allison-park-pa/water-heater-flood-cleanup/|/service-areas/baldwin-pa/water-heater-flood-cleanup/|/contact/,4.90,planned
/service-areas/churchill-pa/water-leak-detection/,service-area-service,"Water Leak Detection in Churchill, PA | Katofsky Construction LLC",Water Leak Detection in Churchill,"24/7 water leak detection in Churchill, PA. IICRC-certified, insurance billing accepted. Call (412) 304-9284.",water leak detection churchill,leak detection|hidden water leak|slab leak detection|water leak in wall|leak detection service,local_emergency,,,900,hero|og|inline-1|inline-2,service|local-business|faq|breadcrumb-list,/services/water-leak-detection/|/service-areas/churchill-pa/|/service-areas/churchill-pa/fire-damage-restoration/|/service-areas/churchill-pa/mold-remediation/|/service-areas/allison-park-pa/water-leak-detection/|/service-areas/baldwin-pa/water-leak-detection/|/contact/,4.90,planned
/service-areas/duquesne-pa/emergency-board-up-tarping/,service-area-service,"Emergency Board-Up and Tarping in Duquesne, PA | Katofsky Construction LLC",Emergency Board-Up and Tarping in Duquesne,"24/7 emergency board-up and tarping in Duquesne, PA. IICRC-certified, insurance billing accepted. Call (412) 304-9284.",emergency board-up and tarping duquesne,emergency board up|roof tarping|emergency tarping service|fire damage board up|broken window board up,local_emergency,,,900,hero|og|inline-1|inline-2,service|local-business|faq|breadcrumb-list,/services/emergency-board-up-tarping/|/service-areas/duquesne-pa/|/service-areas/duquesne-pa/fire-damage-restoration/|/service-areas/duquesne-pa/mold-remediation/|/service-areas/allison-park-pa/emergency-board-up-tarping/|/service-areas/baldwin-pa/emergency-board-up-tarping/|/contact/,4.90,planned
/service-areas/duquesne-pa/industrial-restoration/,service-area-service,"Industrial Restoration in Duquesne, PA | Katofsky Construction LLC",Industrial Restoration in Duquesne,"24/7 industrial restoration in Duquesne, PA. IICRC-certified, insurance billing accepted. Call (412) 304-9284.",industrial restoration duquesne,industrial water damage|warehouse restoration|manufacturing facility restoration|industrial fire damage|plant restoration services,local_b2b,,,900,hero|og|inline-1|inline-2,service|local-business|faq|breadcrumb-list,/services/industrial-restoration/|/service-areas/duquesne-pa/|/service-areas/duquesne-pa/fire-damage-restoration/|/service-areas/duquesne-pa/mold-remediation/|/service-areas/allison-park-pa/industrial-restoration/|/service-areas/baldwin-pa/industrial-restoration/|/contact/,4.90,planned
/service-areas/duquesne-pa/water-heater-flood-cleanup/,service-area-service,"Water Heater Flood Cleanup in Duquesne, PA | Katofsky Construction LLC",Water Heater Flood Cleanup in Duquesne,"24/7 water heater flood cleanup in Duquesne, PA. IICRC-certified, insurance billing accepted. Call (412) 304-9284.",water heater flood cleanup duquesne,water heater leaking|water heater burst|flooded water heater|water heater leak damage,local_emergency,,,900,hero|og|inline-1|inline-2,service|local-business|faq|breadcrumb-list,/services/water-heater-flood-cleanup/|/service-areas/duquesne-pa/|/service-areas/duquesne-pa/fire-damage-restoration/|/service-areas/duquesne-pa/mold-remediation/|/service-areas/allison-park-pa/water-heater-flood-cleanup/|/service-areas/baldwin-pa/water-heater-flood-cleanup/|/contact/,4.90,planned
/service-areas/duquesne-pa/water-leak-detection/,service-area-service,"Water Leak Detection in Duquesne, PA | Katofsky Construction LLC",Water Leak Detection in Duquesne,"24/7 water leak detection in Duquesne, PA. IICRC-certified, insurance billing accepted. Call (412) 304-9284.",water leak detection duquesne,leak detection|hidden water leak|slab leak detection|water leak in wall|leak detection service,local_emergency,,,900,hero|og|inline-1|inline-2,service|local-business|faq|breadcrumb-list,/services/water-leak-detection/|/service-areas/duquesne-pa/|/service-areas/duquesne-pa/fire-damage-restoration/|/service-areas/duquesne-pa/mold-remediation/|/service-areas/allison-park-pa/water-leak-detection/|/service-areas/baldwin-pa/water-leak-detection/|/contact/,4.90,planned
/service-areas/forest-hills-pa/emergency-board-up-tarping/,service-area-service,"Emergency Board-Up and Tarping in Forest Hills, PA | Katofsky Construction LLC",Emergency Board-Up and Tarping in Forest Hills,"24/7 emergency board-up and tarping in Forest Hills, PA. IICRC-certified, insurance billing accepted. Call (412) 304-9284.",emergency board-up and tarping forest hills,emergency board up|roof tarping|emergency tarping service|fire damage board up|broken window board up,local_emergency,,,900,hero|og|inline-1|inline-2,service|local-business|faq|breadcrumb-list,/services/emergency-board-up-tarping/|/service-areas/forest-hills-pa/|/service-areas/forest-hills-pa/fire-damage-restoration/|/service-areas/forest-hills-pa/mold-remediation/|/service-areas/allison-park-pa/emergency-board-up-tarping/|/service-areas/baldwin-pa/emergency-board-up-tarping/|/contact/,4.90,planned
/service-areas/forest-hills-pa/industrial-restoration/,service-area-service,"Industrial Restoration in Forest Hills, PA | Katofsky Construction LLC",Industrial Restoration in Forest Hills,"24/7 industrial restoration in Forest Hills, PA. IICRC-certified, insurance billing accepted. Call (412) 304-9284.",industrial restoration forest hills,industrial water damage|warehouse restoration|manufacturing facility restoration|industrial fire damage|plant restoration services,local_b2b,,,900,hero|og|inline-1|inline-2,service|local-business|faq|breadcrumb-list,/services/industrial-restoration/|/service-areas/forest-hills-pa/|/service-areas/forest-hills-pa/fire-damage-restoration/|/service-areas/forest-hills-pa/mold-remediation/|/service-areas/allison-park-pa/industrial-restoration/|/service-areas/baldwin-pa/industrial-restoration/|/contact/,4.90,planned
/service-areas/forest-hills-pa/water-heater-flood-cleanup/,service-area-service,"Water Heater Flood Cleanup in Forest Hills, PA | Katofsky Construction LLC",Water Heater Flood Cleanup in Forest Hills,"24/7 water heater flood cleanup in Forest Hills, PA. IICRC-certified, insurance billing accepted. Call (412) 304-9284.",water heater flood cleanup forest hills,water heater leaking|water heater burst|flooded water heater|water heater leak damage,local_emergency,,,900,hero|og|inline-1|inline-2,service|local-business|faq|breadcrumb-list,/services/water-heater-flood-cleanup/|/service-areas/forest-hills-pa/|/service-areas/forest-hills-pa/fire-damage-restoration/|/service-areas/forest-hills-pa/mold-remediation/|/service-areas/allison-park-pa/water-heater-flood-cleanup/|/service-areas/baldwin-pa/water-heater-flood-cleanup/|/contact/,4.90,planned
/service-areas/forest-hills-pa/water-leak-detection/,service-area-service,"Water Leak Detection in Forest Hills, PA | Katofsky Construction LLC",Water Leak Detection in Forest Hills,"24/7 water leak detection in Forest Hills, PA. IICRC-certified, insurance billing accepted. Call (412) 304-9284.",water leak detection forest hills,leak detection|hidden water leak|slab leak detection|water leak in wall|leak detection service,local_emergency,,,900,hero|og|inline-1|inline-2,service|local-business|faq|breadcrumb-list,/services/water-leak-detection/|/service-areas/forest-hills-pa/|/service-areas/forest-hills-pa/fire-damage-restoration/|/service-areas/forest-hills-pa/mold-remediation/|/service-areas/allison-park-pa/water-leak-detection/|/service-areas/baldwin-pa/water-leak-detection/|/contact/,4.90,planned
/service-areas/fox-chapel-pa/emergency-board-up-tarping/,service-area-service,"Emergency Board-Up and Tarping in Fox Chapel, PA | Katofsky Construction LLC",Emergency Board-Up and Tarping in Fox Chapel,"24/7 emergency board-up and tarping in Fox Chapel, PA. IICRC-certified, insurance billing accepted. Call (412) 304-9284.",emergency board-up and tarping fox chapel,emergency board up|roof tarping|emergency tarping service|fire damage board up|broken window board up,local_emergency,,,900,hero|og|inline-1|inline-2,service|local-business|faq|breadcrumb-list,/services/emergency-board-up-tarping/|/service-areas/fox-chapel-pa/|/service-areas/fox-chapel-pa/fire-damage-restoration/|/service-areas/fox-chapel-pa/mold-remediation/|/service-areas/allison-park-pa/emergency-board-up-tarping/|/service-areas/baldwin-pa/emergency-board-up-tarping/|/contact/,4.90,planned
/service-areas/fox-chapel-pa/industrial-restoration/,service-area-service,"Industrial Restoration in Fox Chapel, PA | Katofsky Construction LLC",Industrial Restoration in Fox Chapel,"24/7 industrial restoration in Fox Chapel, PA. IICRC-certified, insurance billing accepted. Call (412) 304-9284.",industrial restoration fox chapel,industrial water damage|warehouse restoration|manufacturing facility restoration|industrial fire damage|plant restoration services,local_b2b,,,900,hero|og|inline-1|inline-2,service|local-business|faq|breadcrumb-list,/services/industrial-restoration/|/service-areas/fox-chapel-pa/|/service-areas/fox-chapel-pa/fire-damage-restoration/|/service-areas/fox-chapel-pa/mold-remediation/|/service-areas/allison-park-pa/industrial-restoration/|/service-areas/baldwin-pa/industrial-restoration/|/contact/,4.90,planned
/service-areas/fox-chapel-pa/water-heater-flood-cleanup/,service-area-service,"Water Heater Flood Cleanup in Fox Chapel, PA | Katofsky Construction LLC",Water Heater Flood Cleanup in Fox Chapel,"24/7 water heater flood cleanup in Fox Chapel, PA. IICRC-certified, insurance billing accepted. Call (412) 304-9284.",water heater flood cleanup fox chapel,water heater leaking|water heater burst|flooded water heater|water heater leak damage,local_emergency,,,900,hero|og|inline-1|inline-2,service|local-business|faq|breadcrumb-list,/services/water-heater-flood-cleanup/|/service-areas/fox-chapel-pa/|/service-areas/fox-chapel-pa/fire-damage-restoration/|/service-areas/fox-chapel-pa/mold-remediation/|/service-areas/allison-park-pa/water-heater-flood-cleanup/|/service-areas/baldwin-pa/water-heater-flood-cleanup/|/contact/,4.90,planned
/service-areas/fox-chapel-pa/water-leak-detection/,service-area-service,"Water Leak Detection in Fox Chapel, PA | Katofsky Construction LLC",Water Leak Detection in Fox Chapel,"24/7 water leak detection in Fox Chapel, PA. IICRC-certified, insurance billing accepted. Call (412) 304-9284.",water leak detection fox chapel,leak detection|hidden water leak|slab leak detection|water leak in wall|leak detection service,local_emergency,,,900,hero|og|inline-1|inline-2,service|local-business|faq|breadcrumb-list,/services/water-leak-detection/|/service-areas/fox-chapel-pa/|/service-areas/fox-chapel-pa/fire-damage-restoration/|/service-areas/fox-chapel-pa/mold-remediation/|/service-areas/allison-park-pa/water-leak-detection/|/service-areas/baldwin-pa/water-leak-detection/|/contact/,4.90,planned
/service-areas/glenshaw-pa/emergency-board-up-tarping/,service-area-service,"Emergency Board-Up and Tarping in Glenshaw, PA | Katofsky Construction LLC",Emergency Board-Up and Tarping in Glenshaw,"24/7 emergency board-up and tarping in Glenshaw, PA. IICRC-certified, insurance billing accepted. Call (412) 304-9284.",emergency board-up and tarping glenshaw,emergency board up|roof tarping|emergency tarping service|fire damage board up|broken window board up,local_emergency,,,900,hero|og|inline-1|inline-2,service|local-business|faq|breadcrumb-list,/services/emergency-board-up-tarping/|/service-areas/glenshaw-pa/|/service-areas/glenshaw-pa/fire-damage-restoration/|/service-areas/glenshaw-pa/mold-remediation/|/service-areas/allison-park-pa/emergency-board-up-tarping/|/service-areas/baldwin-pa/emergency-board-up-tarping/|/contact/,4.90,planned
/service-areas/glenshaw-pa/industrial-restoration/,service-area-service,"Industrial Restoration in Glenshaw, PA | Katofsky Construction LLC",Industrial Restoration in Glenshaw,"24/7 industrial restoration in Glenshaw, PA. IICRC-certified, insurance billing accepted. Call (412) 304-9284.",industrial restoration glenshaw,industrial water damage|warehouse restoration|manufacturing facility restoration|industrial fire damage|plant restoration services,local_b2b,,,900,hero|og|inline-1|inline-2,service|local-business|faq|breadcrumb-list,/services/industrial-restoration/|/service-areas/glenshaw-pa/|/service-areas/glenshaw-pa/fire-damage-restoration/|/service-areas/glenshaw-pa/mold-remediation/|/service-areas/allison-park-pa/industrial-restoration/|/service-areas/baldwin-pa/industrial-restoration/|/contact/,4.90,planned
/service-areas/glenshaw-pa/water-heater-flood-cleanup/,service-area-service,"Water Heater Flood Cleanup in Glenshaw, PA | Katofsky Construction LLC",Water Heater Flood Cleanup in Glenshaw,"24/7 water heater flood cleanup in Glenshaw, PA. IICRC-certified, insurance billing accepted. Call (412) 304-9284.",water heater flood cleanup glenshaw,water heater leaking|water heater burst|flooded water heater|water heater leak damage,local_emergency,,,900,hero|og|inline-1|inline-2,service|local-business|faq|breadcrumb-list,/services/water-heater-flood-cleanup/|/service-areas/glenshaw-pa/|/service-areas/glenshaw-pa/fire-damage-restoration/|/service-areas/glenshaw-pa/mold-remediation/|/service-areas/allison-park-pa/water-heater-flood-cleanup/|/service-areas/baldwin-pa/water-heater-flood-cleanup/|/contact/,4.90,planned
/service-areas/glenshaw-pa/water-leak-detection/,service-area-service,"Water Leak Detection in Glenshaw, PA | Katofsky Construction LLC",Water Leak Detection in Glenshaw,"24/7 water leak detection in Glenshaw, PA. IICRC-certified, insurance billing accepted. Call (412) 304-9284.",water leak detection glenshaw,leak detection|hidden water leak|slab leak detection|water leak in wall|leak detection service,local_emergency,,,900,hero|og|inline-1|inline-2,service|local-business|faq|breadcrumb-list,/services/water-leak-detection/|/service-areas/glenshaw-pa/|/service-areas/glenshaw-pa/fire-damage-restoration/|/service-areas/glenshaw-pa/mold-remediation/|/service-areas/allison-park-pa/water-leak-detection/|/service-areas/baldwin-pa/water-leak-detection/|/contact/,4.90,planned
/service-areas/green-tree-pa/emergency-board-up-tarping/,service-area-service,"Emergency Board-Up and Tarping in Green Tree, PA | Katofsky Construction LLC",Emergency Board-Up and Tarping in Green Tree,"24/7 emergency board-up and tarping in Green Tree, PA. IICRC-certified, insurance billing accepted. Call (412) 304-9284.",emergency board-up and tarping green tree,emergency board up|roof tarping|emergency tarping service|fire damage board up|broken window board up,local_emergency,,,900,hero|og|inline-1|inline-2,service|local-business|faq|breadcrumb-list,/services/emergency-board-up-tarping/|/service-areas/green-tree-pa/|/service-areas/green-tree-pa/fire-damage-restoration/|/service-areas/green-tree-pa/mold-remediation/|/service-areas/allison-park-pa/emergency-board-up-tarping/|/service-areas/baldwin-pa/emergency-board-up-tarping/|/contact/,4.90,planned
/service-areas/green-tree-pa/industrial-restoration/,service-area-service,"Industrial Restoration in Green Tree, PA | Katofsky Construction LLC",Industrial Restoration in Green Tree,"24/7 industrial restoration in Green Tree, PA. IICRC-certified, insurance billing accepted. Call (412) 304-9284.",industrial restoration green tree,industrial water damage|warehouse restoration|manufacturing facility restoration|industrial fire damage|plant restoration services,local_b2b,,,900,hero|og|inline-1|inline-2,service|local-business|faq|breadcrumb-list,/services/industrial-restoration/|/service-areas/green-tree-pa/|/service-areas/green-tree-pa/fire-damage-restoration/|/service-areas/green-tree-pa/mold-remediation/|/service-areas/allison-park-pa/industrial-restoration/|/service-areas/baldwin-pa/industrial-restoration/|/contact/,4.90,planned
/service-areas/green-tree-pa/water-heater-flood-cleanup/,service-area-service,"Water Heater Flood Cleanup in Green Tree, PA | Katofsky Construction LLC",Water Heater Flood Cleanup in Green Tree,"24/7 water heater flood cleanup in Green Tree, PA. IICRC-certified, insurance billing accepted. Call (412) 304-9284.",water heater flood cleanup green tree,water heater leaking|water heater burst|flooded water heater|water heater leak damage,local_emergency,,,900,hero|og|inline-1|inline-2,service|local-business|faq|breadcrumb-list,/services/water-heater-flood-cleanup/|/service-areas/green-tree-pa/|/service-areas/green-tree-pa/fire-damage-restoration/|/service-areas/green-tree-pa/mold-remediation/|/service-areas/allison-park-pa/water-heater-flood-cleanup/|/service-areas/baldwin-pa/water-heater-flood-cleanup/|/contact/,4.90,planned
/service-areas/green-tree-pa/water-leak-detection/,service-area-service,"Water Leak Detection in Green Tree, PA | Katofsky Construction LLC",Water Leak Detection in Green Tree,"24/7 water leak detection in Green Tree, PA. IICRC-certified, insurance billing accepted. Call (412) 304-9284.",water leak detection green tree,leak detection|hidden water leak|slab leak detection|water leak in wall|leak detection service,local_emergency,,,900,hero|og|inline-1|inline-2,service|local-business|faq|breadcrumb-list,/services/water-leak-detection/|/service-areas/green-tree-pa/|/service-areas/green-tree-pa/fire-damage-restoration/|/service-areas/green-tree-pa/mold-remediation/|/service-areas/allison-park-pa/water-leak-detection/|/service-areas/baldwin-pa/water-leak-detection/|/contact/,4.90,planned
/service-areas/greensburg-pa/emergency-board-up-tarping/,service-area-service,"Emergency Board-Up and Tarping in Greensburg, PA | Katofsky Construction LLC",Emergency Board-Up and Tarping in Greensburg,"24/7 emergency board-up and tarping in Greensburg, PA. IICRC-certified, insurance billing accepted. Call (412) 304-9284.",emergency board-up and tarping greensburg,emergency board up|roof tarping|emergency tarping service|fire damage board up|broken window board up,local_emergency,,,900,hero|og|inline-1|inline-2,service|local-business|faq|breadcrumb-list,/services/emergency-board-up-tarping/|/service-areas/greensburg-pa/|/service-areas/greensburg-pa/fire-damage-restoration/|/service-areas/greensburg-pa/mold-remediation/|/service-areas/allison-park-pa/emergency-board-up-tarping/|/service-areas/baldwin-pa/emergency-board-up-tarping/|/contact/,4.90,planned
/service-areas/greensburg-pa/industrial-restoration/,service-area-service,"Industrial Restoration in Greensburg, PA | Katofsky Construction LLC",Industrial Restoration in Greensburg,"24/7 industrial restoration in Greensburg, PA. IICRC-certified, insurance billing accepted. Call (412) 304-9284.",industrial restoration greensburg,industrial water damage|warehouse restoration|manufacturing facility restoration|industrial fire damage|plant restoration services,local_b2b,,,900,hero|og|inline-1|inline-2,service|local-business|faq|breadcrumb-list,/services/industrial-restoration/|/service-areas/greensburg-pa/|/service-areas/greensburg-pa/fire-damage-restoration/|/service-areas/greensburg-pa/mold-remediation/|/service-areas/allison-park-pa/industrial-restoration/|/service-areas/baldwin-pa/industrial-restoration/|/contact/,4.90,planned
/service-areas/greensburg-pa/water-heater-flood-cleanup/,service-area-service,"Water Heater Flood Cleanup in Greensburg, PA | Katofsky Construction LLC",Water Heater Flood Cleanup in Greensburg,"24/7 water heater flood cleanup in Greensburg, PA. IICRC-certified, insurance billing accepted. Call (412) 304-9284.",water heater flood cleanup greensburg,water heater leaking|water heater burst|flooded water heater|water heater leak damage,local_emergency,,,900,hero|og|inline-1|inline-2,service|local-business|faq|breadcrumb-list,/services/water-heater-flood-cleanup/|/service-areas/greensburg-pa/|/service-areas/greensburg-pa/fire-damage-restoration/|/service-areas/greensburg-pa/mold-remediation/|/service-areas/allison-park-pa/water-heater-flood-cleanup/|/service-areas/baldwin-pa/water-heater-flood-cleanup/|/contact/,4.90,planned
/service-areas/greensburg-pa/water-leak-detection/,service-area-service,"Water Leak Detection in Greensburg, PA | Katofsky Construction LLC",Water Leak Detection in Greensburg,"24/7 water leak detection in Greensburg, PA. IICRC-certified, insurance billing accepted. Call (412) 304-9284.",water leak detection greensburg,leak detection|hidden water leak|slab leak detection|water leak in wall|leak detection service,local_emergency,,,900,hero|og|inline-1|inline-2,service|local-business|faq|breadcrumb-list,/services/water-leak-detection/|/service-areas/greensburg-pa/|/service-areas/greensburg-pa/fire-damage-restoration/|/service-areas/greensburg-pa/mold-remediation/|/service-areas/allison-park-pa/water-leak-detection/|/service-areas/baldwin-pa/water-leak-detection/|/contact/,4.90,planned
/service-areas/hempfield-township-pa/emergency-board-up-tarping/,service-area-service,"Emergency Board-Up and Tarping in Hempfield Township, PA | Katofsky Construction LLC",Emergency Board-Up and Tarping in Hempfield Township,"24/7 emergency board-up and tarping in Hempfield Township, PA. IICRC-certified, insurance billing accepted. Call (412) 304-9284.",emergency board-up and tarping hempfield township,emergency board up|roof tarping|emergency tarping service|fire damage board up|broken window board up,local_emergency,,,900,hero|og|inline-1|inline-2,service|local-business|faq|breadcrumb-list,/services/emergency-board-up-tarping/|/service-areas/hempfield-township-pa/|/service-areas/hempfield-township-pa/fire-damage-restoration/|/service-areas/hempfield-township-pa/mold-remediation/|/service-areas/allison-park-pa/emergency-board-up-tarping/|/service-areas/baldwin-pa/emergency-board-up-tarping/|/contact/,4.90,planned
/service-areas/hempfield-township-pa/industrial-restoration/,service-area-service,"Industrial Restoration in Hempfield Township, PA | Katofsky Construction LLC",Industrial Restoration in Hempfield Township,"24/7 industrial restoration in Hempfield Township, PA. IICRC-certified, insurance billing accepted. Call (412) 304-9284.",industrial restoration hempfield township,industrial water damage|warehouse restoration|manufacturing facility restoration|industrial fire damage|plant restoration services,local_b2b,,,900,hero|og|inline-1|inline-2,service|local-business|faq|breadcrumb-list,/services/industrial-restoration/|/service-areas/hempfield-township-pa/|/service-areas/hempfield-township-pa/fire-damage-restoration/|/service-areas/hempfield-township-pa/mold-remediation/|/service-areas/allison-park-pa/industrial-restoration/|/service-areas/baldwin-pa/industrial-restoration/|/contact/,4.90,planned
/service-areas/hempfield-township-pa/water-heater-flood-cleanup/,service-area-service,"Water Heater Flood Cleanup in Hempfield Township, PA | Katofsky Construction LLC",Water Heater Flood Cleanup in Hempfield Township,"24/7 water heater flood cleanup in Hempfield Township, PA. IICRC-certified, insurance billing accepted. Call (412) 304-9284.",water heater flood cleanup hempfield township,water heater leaking|water heater burst|flooded water heater|water heater leak damage,local_emergency,,,900,hero|og|inline-1|inline-2,service|local-business|faq|breadcrumb-list,/services/water-heater-flood-cleanup/|/service-areas/hempfield-township-pa/|/service-areas/hempfield-township-pa/fire-damage-restoration/|/service-areas/hempfield-township-pa/mold-remediation/|/service-areas/allison-park-pa/water-heater-flood-cleanup/|/service-areas/baldwin-pa/water-heater-flood-cleanup/|/contact/,4.90,planned
/service-areas/hempfield-township-pa/water-leak-detection/,service-area-service,"Water Leak Detection in Hempfield Township, PA | Katofsky Construction LLC",Water Leak Detection in Hempfield Township,"24/7 water leak detection in Hempfield Township, PA. IICRC-certified, insurance billing accepted. Call (412) 304-9284.",water leak detection hempfield township,leak detection|hidden water leak|slab leak detection|water leak in wall|leak detection service,local_emergency,,,900,hero|og|inline-1|inline-2,service|local-business|faq|breadcrumb-list,/services/water-leak-detection/|/service-areas/hempfield-township-pa/|/service-areas/hempfield-township-pa/fire-damage-restoration/|/service-areas/hempfield-township-pa/mold-remediation/|/service-areas/allison-park-pa/water-leak-detection/|/service-areas/baldwin-pa/water-leak-detection/|/contact/,4.90,planned
/service-areas/jeannette-pa/emergency-board-up-tarping/,service-area-service,"Emergency Board-Up and Tarping in Jeannette, PA | Katofsky Construction LLC",Emergency Board-Up and Tarping in Jeannette,"24/7 emergency board-up and tarping in Jeannette, PA. IICRC-certified, insurance billing accepted. Call (412) 304-9284.",emergency board-up and tarping jeannette,emergency board up|roof tarping|emergency tarping service|fire damage board up|broken window board up,local_emergency,,,900,hero|og|inline-1|inline-2,service|local-business|faq|breadcrumb-list,/services/emergency-board-up-tarping/|/service-areas/jeannette-pa/|/service-areas/jeannette-pa/fire-damage-restoration/|/service-areas/jeannette-pa/mold-remediation/|/service-areas/allison-park-pa/emergency-board-up-tarping/|/service-areas/baldwin-pa/emergency-board-up-tarping/|/contact/,4.90,planned
/service-areas/jeannette-pa/industrial-restoration/,service-area-service,"Industrial Restoration in Jeannette, PA | Katofsky Construction LLC",Industrial Restoration in Jeannette,"24/7 industrial restoration in Jeannette, PA. IICRC-certified, insurance billing accepted. Call (412) 304-9284.",industrial restoration jeannette,industrial water damage|warehouse restoration|manufacturing facility restoration|industrial fire damage|plant restoration services,local_b2b,,,900,hero|og|inline-1|inline-2,service|local-business|faq|breadcrumb-list,/services/industrial-restoration/|/service-areas/jeannette-pa/|/service-areas/jeannette-pa/fire-damage-restoration/|/service-areas/jeannette-pa/mold-remediation/|/service-areas/allison-park-pa/industrial-restoration/|/service-areas/baldwin-pa/industrial-restoration/|/contact/,4.90,planned
/service-areas/jeannette-pa/water-heater-flood-cleanup/,service-area-service,"Water Heater Flood Cleanup in Jeannette, PA | Katofsky Construction LLC",Water Heater Flood Cleanup in Jeannette,"24/7 water heater flood cleanup in Jeannette, PA. IICRC-certified, insurance billing accepted. Call (412) 304-9284.",water heater flood cleanup jeannette,water heater leaking|water heater burst|flooded water heater|water heater leak damage,local_emergency,,,900,hero|og|inline-1|inline-2,service|local-business|faq|breadcrumb-list,/services/water-heater-flood-cleanup/|/service-areas/jeannette-pa/|/service-areas/jeannette-pa/fire-damage-restoration/|/service-areas/jeannette-pa/mold-remediation/|/service-areas/allison-park-pa/water-heater-flood-cleanup/|/service-areas/baldwin-pa/water-heater-flood-cleanup/|/contact/,4.90,planned
/service-areas/jeannette-pa/water-leak-detection/,service-area-service,"Water Leak Detection in Jeannette, PA | Katofsky Construction LLC",Water Leak Detection in Jeannette,"24/7 water leak detection in Jeannette, PA. IICRC-certified, insurance billing accepted. Call (412) 304-9284.",water leak detection jeannette,leak detection|hidden water leak|slab leak detection|water leak in wall|leak detection service,local_emergency,,,900,hero|og|inline-1|inline-2,service|local-business|faq|breadcrumb-list,/services/water-leak-detection/|/service-areas/jeannette-pa/|/service-areas/jeannette-pa/fire-damage-restoration/|/service-areas/jeannette-pa/mold-remediation/|/service-areas/allison-park-pa/water-leak-detection/|/service-areas/baldwin-pa/water-leak-detection/|/contact/,4.90,planned
/service-areas/jefferson-hills-pa/emergency-board-up-tarping/,service-area-service,"Emergency Board-Up and Tarping in Jefferson Hills, PA | Katofsky Construction LLC",Emergency Board-Up and Tarping in Jefferson Hills,"24/7 emergency board-up and tarping in Jefferson Hills, PA. IICRC-certified, insurance billing accepted. Call (412) 304-9284.",emergency board-up and tarping jefferson hills,emergency board up|roof tarping|emergency tarping service|fire damage board up|broken window board up,local_emergency,,,900,hero|og|inline-1|inline-2,service|local-business|faq|breadcrumb-list,/services/emergency-board-up-tarping/|/service-areas/jefferson-hills-pa/|/service-areas/jefferson-hills-pa/fire-damage-restoration/|/service-areas/jefferson-hills-pa/mold-remediation/|/service-areas/allison-park-pa/emergency-board-up-tarping/|/service-areas/baldwin-pa/emergency-board-up-tarping/|/contact/,4.90,planned
/service-areas/jefferson-hills-pa/industrial-restoration/,service-area-service,"Industrial Restoration in Jefferson Hills, PA | Katofsky Construction LLC",Industrial Restoration in Jefferson Hills,"24/7 industrial restoration in Jefferson Hills, PA. IICRC-certified, insurance billing accepted. Call (412) 304-9284.",industrial restoration jefferson hills,industrial water damage|warehouse restoration|manufacturing facility restoration|industrial fire damage|plant restoration services,local_b2b,,,900,hero|og|inline-1|inline-2,service|local-business|faq|breadcrumb-list,/services/industrial-restoration/|/service-areas/jefferson-hills-pa/|/service-areas/jefferson-hills-pa/fire-damage-restoration/|/service-areas/jefferson-hills-pa/mold-remediation/|/service-areas/allison-park-pa/industrial-restoration/|/service-areas/baldwin-pa/industrial-restoration/|/contact/,4.90,planned
/service-areas/jefferson-hills-pa/water-heater-flood-cleanup/,service-area-service,"Water Heater Flood Cleanup in Jefferson Hills, PA | Katofsky Construction LLC",Water Heater Flood Cleanup in Jefferson Hills,"24/7 water heater flood cleanup in Jefferson Hills, PA. IICRC-certified, insurance billing accepted. Call (412) 304-9284.",water heater flood cleanup jefferson hills,water heater leaking|water heater burst|flooded water heater|water heater leak damage,local_emergency,,,900,hero|og|inline-1|inline-2,service|local-business|faq|breadcrumb-list,/services/water-heater-flood-cleanup/|/service-areas/jefferson-hills-pa/|/service-areas/jefferson-hills-pa/fire-damage-restoration/|/service-areas/jefferson-hills-pa/mold-remediation/|/service-areas/allison-park-pa/water-heater-flood-cleanup/|/service-areas/baldwin-pa/water-heater-flood-cleanup/|/contact/,4.90,planned
/service-areas/jefferson-hills-pa/water-leak-detection/,service-area-service,"Water Leak Detection in Jefferson Hills, PA | Katofsky Construction LLC",Water Leak Detection in Jefferson Hills,"24/7 water leak detection in Jefferson Hills, PA. IICRC-certified, insurance billing accepted. Call (412) 304-9284.",water leak detection jefferson hills,leak detection|hidden water leak|slab leak detection|water leak in wall|leak detection service,local_emergency,,,900,hero|og|inline-1|inline-2,service|local-business|faq|breadcrumb-list,/services/water-leak-detection/|/service-areas/jefferson-hills-pa/|/service-areas/jefferson-hills-pa/fire-damage-restoration/|/service-areas/jefferson-hills-pa/mold-remediation/|/service-areas/allison-park-pa/water-leak-detection/|/service-areas/baldwin-pa/water-leak-detection/|/contact/,4.90,planned
/service-areas/latrobe-pa/emergency-board-up-tarping/,service-area-service,"Emergency Board-Up and Tarping in Latrobe, PA | Katofsky Construction LLC",Emergency Board-Up and Tarping in Latrobe,"24/7 emergency board-up and tarping in Latrobe, PA. IICRC-certified, insurance billing accepted. Call (412) 304-9284.",emergency board-up and tarping latrobe,emergency board up|roof tarping|emergency tarping service|fire damage board up|broken window board up,local_emergency,,,900,hero|og|inline-1|inline-2,service|local-business|faq|breadcrumb-list,/services/emergency-board-up-tarping/|/service-areas/latrobe-pa/|/service-areas/latrobe-pa/fire-damage-restoration/|/service-areas/latrobe-pa/mold-remediation/|/service-areas/allison-park-pa/emergency-board-up-tarping/|/service-areas/baldwin-pa/emergency-board-up-tarping/|/contact/,4.90,planned
/service-areas/latrobe-pa/industrial-restoration/,service-area-service,"Industrial Restoration in Latrobe, PA | Katofsky Construction LLC",Industrial Restoration in Latrobe,"24/7 industrial restoration in Latrobe, PA. IICRC-certified, insurance billing accepted. Call (412) 304-9284.",industrial restoration latrobe,industrial water damage|warehouse restoration|manufacturing facility restoration|industrial fire damage|plant restoration services,local_b2b,,,900,hero|og|inline-1|inline-2,service|local-business|faq|breadcrumb-list,/services/industrial-restoration/|/service-areas/latrobe-pa/|/service-areas/latrobe-pa/fire-damage-restoration/|/service-areas/latrobe-pa/mold-remediation/|/service-areas/allison-park-pa/industrial-restoration/|/service-areas/baldwin-pa/industrial-restoration/|/contact/,4.90,planned
/service-areas/latrobe-pa/water-heater-flood-cleanup/,service-area-service,"Water Heater Flood Cleanup in Latrobe, PA | Katofsky Construction LLC",Water Heater Flood Cleanup in Latrobe,"24/7 water heater flood cleanup in Latrobe, PA. IICRC-certified, insurance billing accepted. Call (412) 304-9284.",water heater flood cleanup latrobe,water heater leaking|water heater burst|flooded water heater|water heater leak damage,local_emergency,,,900,hero|og|inline-1|inline-2,service|local-business|faq|breadcrumb-list,/services/water-heater-flood-cleanup/|/service-areas/latrobe-pa/|/service-areas/latrobe-pa/fire-damage-restoration/|/service-areas/latrobe-pa/mold-remediation/|/service-areas/allison-park-pa/water-heater-flood-cleanup/|/service-areas/baldwin-pa/water-heater-flood-cleanup/|/contact/,4.90,planned
/service-areas/latrobe-pa/water-leak-detection/,service-area-service,"Water Leak Detection in Latrobe, PA | Katofsky Construction LLC",Water Leak Detection in Latrobe,"24/7 water leak detection in Latrobe, PA. IICRC-certified, insurance billing accepted. Call (412) 304-9284.",water leak detection latrobe,leak detection|hidden water leak|slab leak detection|water leak in wall|leak detection service,local_emergency,,,900,hero|og|inline-1|inline-2,service|local-business|faq|breadcrumb-list,/services/water-leak-detection/|/service-areas/latrobe-pa/|/service-areas/latrobe-pa/fire-damage-restoration/|/service-areas/latrobe-pa/mold-remediation/|/service-areas/allison-park-pa/water-leak-detection/|/service-areas/baldwin-pa/water-leak-detection/|/contact/,4.90,planned
/service-areas/lower-burrell-pa/emergency-board-up-tarping/,service-area-service,"Emergency Board-Up and Tarping in Lower Burrell, PA | Katofsky Construction LLC",Emergency Board-Up and Tarping in Lower Burrell,"24/7 emergency board-up and tarping in Lower Burrell, PA. IICRC-certified, insurance billing accepted. Call (412) 304-9284.",emergency board-up and tarping lower burrell,emergency board up|roof tarping|emergency tarping service|fire damage board up|broken window board up,local_emergency,,,900,hero|og|inline-1|inline-2,service|local-business|faq|breadcrumb-list,/services/emergency-board-up-tarping/|/service-areas/lower-burrell-pa/|/service-areas/lower-burrell-pa/fire-damage-restoration/|/service-areas/lower-burrell-pa/mold-remediation/|/service-areas/allison-park-pa/emergency-board-up-tarping/|/service-areas/baldwin-pa/emergency-board-up-tarping/|/contact/,4.90,planned
/service-areas/lower-burrell-pa/industrial-restoration/,service-area-service,"Industrial Restoration in Lower Burrell, PA | Katofsky Construction LLC",Industrial Restoration in Lower Burrell,"24/7 industrial restoration in Lower Burrell, PA. IICRC-certified, insurance billing accepted. Call (412) 304-9284.",industrial restoration lower burrell,industrial water damage|warehouse restoration|manufacturing facility restoration|industrial fire damage|plant restoration services,local_b2b,,,900,hero|og|inline-1|inline-2,service|local-business|faq|breadcrumb-list,/services/industrial-restoration/|/service-areas/lower-burrell-pa/|/service-areas/lower-burrell-pa/fire-damage-restoration/|/service-areas/lower-burrell-pa/mold-remediation/|/service-areas/allison-park-pa/industrial-restoration/|/service-areas/baldwin-pa/industrial-restoration/|/contact/,4.90,planned
/service-areas/lower-burrell-pa/water-heater-flood-cleanup/,service-area-service,"Water Heater Flood Cleanup in Lower Burrell, PA | Katofsky Construction LLC",Water Heater Flood Cleanup in Lower Burrell,"24/7 water heater flood cleanup in Lower Burrell, PA. IICRC-certified, insurance billing accepted. Call (412) 304-9284.",water heater flood cleanup lower burrell,water heater leaking|water heater burst|flooded water heater|water heater leak damage,local_emergency,,,900,hero|og|inline-1|inline-2,service|local-business|faq|breadcrumb-list,/services/water-heater-flood-cleanup/|/service-areas/lower-burrell-pa/|/service-areas/lower-burrell-pa/fire-damage-restoration/|/service-areas/lower-burrell-pa/mold-remediation/|/service-areas/allison-park-pa/water-heater-flood-cleanup/|/service-areas/baldwin-pa/water-heater-flood-cleanup/|/contact/,4.90,planned
/service-areas/lower-burrell-pa/water-leak-detection/,service-area-service,"Water Leak Detection in Lower Burrell, PA | Katofsky Construction LLC",Water Leak Detection in Lower Burrell,"24/7 water leak detection in Lower Burrell, PA. IICRC-certified, insurance billing accepted. Call (412) 304-9284.",water leak detection lower burrell,leak detection|hidden water leak|slab leak detection|water leak in wall|leak detection service,local_emergency,,,900,hero|og|inline-1|inline-2,service|local-business|faq|breadcrumb-list,/services/water-leak-detection/|/service-areas/lower-burrell-pa/|/service-areas/lower-burrell-pa/fire-damage-restoration/|/service-areas/lower-burrell-pa/mold-remediation/|/service-areas/allison-park-pa/water-leak-detection/|/service-areas/baldwin-pa/water-leak-detection/|/contact/,4.90,planned
/service-areas/mccandless-pa/emergency-board-up-tarping/,service-area-service,"Emergency Board-Up and Tarping in McCandless, PA | Katofsky Construction LLC",Emergency Board-Up and Tarping in McCandless,"24/7 emergency board-up and tarping in McCandless, PA. IICRC-certified, insurance billing accepted. Call (412) 304-9284.",emergency board-up and tarping mccandless,emergency board up|roof tarping|emergency tarping service|fire damage board up|broken window board up,local_emergency,,,900,hero|og|inline-1|inline-2,service|local-business|faq|breadcrumb-list,/services/emergency-board-up-tarping/|/service-areas/mccandless-pa/|/service-areas/mccandless-pa/fire-damage-restoration/|/service-areas/mccandless-pa/mold-remediation/|/service-areas/allison-park-pa/emergency-board-up-tarping/|/service-areas/baldwin-pa/emergency-board-up-tarping/|/contact/,4.90,planned
/service-areas/mccandless-pa/industrial-restoration/,service-area-service,"Industrial Restoration in McCandless, PA | Katofsky Construction LLC",Industrial Restoration in McCandless,"24/7 industrial restoration in McCandless, PA. IICRC-certified, insurance billing accepted. Call (412) 304-9284.",industrial restoration mccandless,industrial water damage|warehouse restoration|manufacturing facility restoration|industrial fire damage|plant restoration services,local_b2b,,,900,hero|og|inline-1|inline-2,service|local-business|faq|breadcrumb-list,/services/industrial-restoration/|/service-areas/mccandless-pa/|/service-areas/mccandless-pa/fire-damage-restoration/|/service-areas/mccandless-pa/mold-remediation/|/service-areas/allison-park-pa/industrial-restoration/|/service-areas/baldwin-pa/industrial-restoration/|/contact/,4.90,planned
/service-areas/mccandless-pa/water-heater-flood-cleanup/,service-area-service,"Water Heater Flood Cleanup in McCandless, PA | Katofsky Construction LLC",Water Heater Flood Cleanup in McCandless,"24/7 water heater flood cleanup in McCandless, PA. IICRC-certified, insurance billing accepted. Call (412) 304-9284.",water heater flood cleanup mccandless,water heater leaking|water heater burst|flooded water heater|water heater leak damage,local_emergency,,,900,hero|og|inline-1|inline-2,service|local-business|faq|breadcrumb-list,/services/water-heater-flood-cleanup/|/service-areas/mccandless-pa/|/service-areas/mccandless-pa/fire-damage-restoration/|/service-areas/mccandless-pa/mold-remediation/|/service-areas/allison-park-pa/water-heater-flood-cleanup/|/service-areas/baldwin-pa/water-heater-flood-cleanup/|/contact/,4.90,planned
/service-areas/mccandless-pa/water-leak-detection/,service-area-service,"Water Leak Detection in McCandless, PA | Katofsky Construction LLC",Water Leak Detection in McCandless,"24/7 water leak detection in McCandless, PA. IICRC-certified, insurance billing accepted. Call (412) 304-9284.",water leak detection mccandless,leak detection|hidden water leak|slab leak detection|water leak in wall|leak detection service,local_emergency,,,900,hero|og|inline-1|inline-2,service|local-business|faq|breadcrumb-list,/services/water-leak-detection/|/service-areas/mccandless-pa/|/service-areas/mccandless-pa/fire-damage-restoration/|/service-areas/mccandless-pa/mold-remediation/|/service-areas/allison-park-pa/water-leak-detection/|/service-areas/baldwin-pa/water-leak-detection/|/contact/,4.90,planned
/service-areas/mckeesport-pa/emergency-board-up-tarping/,service-area-service,"Emergency Board-Up and Tarping in McKeesport, PA | Katofsky Construction LLC",Emergency Board-Up and Tarping in McKeesport,"24/7 emergency board-up and tarping in McKeesport, PA. IICRC-certified, insurance billing accepted. Call (412) 304-9284.",emergency board-up and tarping mckeesport,emergency board up|roof tarping|emergency tarping service|fire damage board up|broken window board up,local_emergency,,,900,hero|og|inline-1|inline-2,service|local-business|faq|breadcrumb-list,/services/emergency-board-up-tarping/|/service-areas/mckeesport-pa/|/service-areas/mckeesport-pa/fire-damage-restoration/|/service-areas/mckeesport-pa/mold-remediation/|/service-areas/allison-park-pa/emergency-board-up-tarping/|/service-areas/baldwin-pa/emergency-board-up-tarping/|/contact/,4.90,planned
/service-areas/mckeesport-pa/industrial-restoration/,service-area-service,"Industrial Restoration in McKeesport, PA | Katofsky Construction LLC",Industrial Restoration in McKeesport,"24/7 industrial restoration in McKeesport, PA. IICRC-certified, insurance billing accepted. Call (412) 304-9284.",industrial restoration mckeesport,industrial water damage|warehouse restoration|manufacturing facility restoration|industrial fire damage|plant restoration services,local_b2b,,,900,hero|og|inline-1|inline-2,service|local-business|faq|breadcrumb-list,/services/industrial-restoration/|/service-areas/mckeesport-pa/|/service-areas/mckeesport-pa/fire-damage-restoration/|/service-areas/mckeesport-pa/mold-remediation/|/service-areas/allison-park-pa/industrial-restoration/|/service-areas/baldwin-pa/industrial-restoration/|/contact/,4.90,planned
/service-areas/mckeesport-pa/water-heater-flood-cleanup/,service-area-service,"Water Heater Flood Cleanup in McKeesport, PA | Katofsky Construction LLC",Water Heater Flood Cleanup in McKeesport,"24/7 water heater flood cleanup in McKeesport, PA. IICRC-certified, insurance billing accepted. Call (412) 304-9284.",water heater flood cleanup mckeesport,water heater leaking|water heater burst|flooded water heater|water heater leak damage,local_emergency,,,900,hero|og|inline-1|inline-2,service|local-business|faq|breadcrumb-list,/services/water-heater-flood-cleanup/|/service-areas/mckeesport-pa/|/service-areas/mckeesport-pa/fire-damage-restoration/|/service-areas/mckeesport-pa/mold-remediation/|/service-areas/allison-park-pa/water-heater-flood-cleanup/|/service-areas/baldwin-pa/water-heater-flood-cleanup/|/contact/,4.90,planned
/service-areas/mckeesport-pa/water-leak-detection/,service-area-service,"Water Leak Detection in McKeesport, PA | Katofsky Construction LLC",Water Leak Detection in McKeesport,"24/7 water leak detection in McKeesport, PA. IICRC-certified, insurance billing accepted. Call (412) 304-9284.",water leak detection mckeesport,leak detection|hidden water leak|slab leak detection|water leak in wall|leak detection service,local_emergency,,,900,hero|og|inline-1|inline-2,service|local-business|faq|breadcrumb-list,/services/water-leak-detection/|/service-areas/mckeesport-pa/|/service-areas/mckeesport-pa/fire-damage-restoration/|/service-areas/mckeesport-pa/mold-remediation/|/service-areas/allison-park-pa/water-leak-detection/|/service-areas/baldwin-pa/water-leak-detection/|/contact/,4.90,planned
/service-areas/monroeville-pa/emergency-board-up-tarping/,service-area-service,"Emergency Board-Up and Tarping in Monroeville, PA | Katofsky Construction LLC",Emergency Board-Up and Tarping in Monroeville,"24/7 emergency board-up and tarping in Monroeville, PA. IICRC-certified, insurance billing accepted. Call (412) 304-9284.",emergency board-up and tarping monroeville,emergency board up|roof tarping|emergency tarping service|fire damage board up|broken window board up,local_emergency,,,900,hero|og|inline-1|inline-2,service|local-business|faq|breadcrumb-list,/services/emergency-board-up-tarping/|/service-areas/monroeville-pa/|/service-areas/monroeville-pa/fire-damage-restoration/|/service-areas/monroeville-pa/mold-remediation/|/service-areas/allison-park-pa/emergency-board-up-tarping/|/service-areas/baldwin-pa/emergency-board-up-tarping/|/contact/,4.90,planned
/service-areas/monroeville-pa/industrial-restoration/,service-area-service,"Industrial Restoration in Monroeville, PA | Katofsky Construction LLC",Industrial Restoration in Monroeville,"24/7 industrial restoration in Monroeville, PA. IICRC-certified, insurance billing accepted. Call (412) 304-9284.",industrial restoration monroeville,industrial water damage|warehouse restoration|manufacturing facility restoration|industrial fire damage|plant restoration services,local_b2b,,,900,hero|og|inline-1|inline-2,service|local-business|faq|breadcrumb-list,/services/industrial-restoration/|/service-areas/monroeville-pa/|/service-areas/monroeville-pa/fire-damage-restoration/|/service-areas/monroeville-pa/mold-remediation/|/service-areas/allison-park-pa/industrial-restoration/|/service-areas/baldwin-pa/industrial-restoration/|/contact/,4.90,planned
/service-areas/monroeville-pa/water-heater-flood-cleanup/,service-area-service,"Water Heater Flood Cleanup in Monroeville, PA | Katofsky Construction LLC",Water Heater Flood Cleanup in Monroeville,"24/7 water heater flood cleanup in Monroeville, PA. IICRC-certified, insurance billing accepted. Call (412) 304-9284.",water heater flood cleanup monroeville,water heater leaking|water heater burst|flooded water heater|water heater leak damage,local_emergency,,,900,hero|og|inline-1|inline-2,service|local-business|faq|breadcrumb-list,/services/water-heater-flood-cleanup/|/service-areas/monroeville-pa/|/service-areas/monroeville-pa/fire-damage-restoration/|/service-areas/monroeville-pa/mold-remediation/|/service-areas/allison-park-pa/water-heater-flood-cleanup/|/service-areas/baldwin-pa/water-heater-flood-cleanup/|/contact/,4.90,planned
/service-areas/monroeville-pa/water-leak-detection/,service-area-service,"Water Leak Detection in Monroeville, PA | Katofsky Construction LLC",Water Leak Detection in Monroeville,"24/7 water leak detection in Monroeville, PA. IICRC-certified, insurance billing accepted. Call (412) 304-9284.",water leak detection monroeville,leak detection|hidden water leak|slab leak detection|water leak in wall|leak detection service,local_emergency,,,900,hero|og|inline-1|inline-2,service|local-business|faq|breadcrumb-list,/services/water-leak-detection/|/service-areas/monroeville-pa/|/service-areas/monroeville-pa/fire-damage-restoration/|/service-areas/monroeville-pa/mold-remediation/|/service-areas/allison-park-pa/water-leak-detection/|/service-areas/baldwin-pa/water-leak-detection/|/contact/,4.90,planned
/service-areas/mount-lebanon-pa/emergency-board-up-tarping/,service-area-service,"Emergency Board-Up and Tarping in Mount Lebanon, PA | Katofsky Construction LLC",Emergency Board-Up and Tarping in Mount Lebanon,"24/7 emergency board-up and tarping in Mount Lebanon, PA. IICRC-certified, insurance billing accepted. Call (412) 304-9284.",emergency board-up and tarping mount lebanon,emergency board up|roof tarping|emergency tarping service|fire damage board up|broken window board up,local_emergency,,,900,hero|og|inline-1|inline-2,service|local-business|faq|breadcrumb-list,/services/emergency-board-up-tarping/|/service-areas/mount-lebanon-pa/|/service-areas/mount-lebanon-pa/fire-damage-restoration/|/service-areas/mount-lebanon-pa/mold-remediation/|/service-areas/allison-park-pa/emergency-board-up-tarping/|/service-areas/baldwin-pa/emergency-board-up-tarping/|/contact/,4.90,planned
/service-areas/mount-lebanon-pa/industrial-restoration/,service-area-service,"Industrial Restoration in Mount Lebanon, PA | Katofsky Construction LLC",Industrial Restoration in Mount Lebanon,"24/7 industrial restoration in Mount Lebanon, PA. IICRC-certified, insurance billing accepted. Call (412) 304-9284.",industrial restoration mount lebanon,industrial water damage|warehouse restoration|manufacturing facility restoration|industrial fire damage|plant restoration services,local_b2b,,,900,hero|og|inline-1|inline-2,service|local-business|faq|breadcrumb-list,/services/industrial-restoration/|/service-areas/mount-lebanon-pa/|/service-areas/mount-lebanon-pa/fire-damage-restoration/|/service-areas/mount-lebanon-pa/mold-remediation/|/service-areas/allison-park-pa/industrial-restoration/|/service-areas/baldwin-pa/industrial-restoration/|/contact/,4.90,planned
/service-areas/mount-lebanon-pa/water-heater-flood-cleanup/,service-area-service,"Water Heater Flood Cleanup in Mount Lebanon, PA | Katofsky Construction LLC",Water Heater Flood Cleanup in Mount Lebanon,"24/7 water heater flood cleanup in Mount Lebanon, PA. IICRC-certified, insurance billing accepted. Call (412) 304-9284.",water heater flood cleanup mount lebanon,water heater leaking|water heater burst|flooded water heater|water heater leak damage,local_emergency,,,900,hero|og|inline-1|inline-2,service|local-business|faq|breadcrumb-list,/services/water-heater-flood-cleanup/|/service-areas/mount-lebanon-pa/|/service-areas/mount-lebanon-pa/fire-damage-restoration/|/service-areas/mount-lebanon-pa/mold-remediation/|/service-areas/allison-park-pa/water-heater-flood-cleanup/|/service-areas/baldwin-pa/water-heater-flood-cleanup/|/contact/,4.90,planned
/service-areas/mount-lebanon-pa/water-leak-detection/,service-area-service,"Water Leak Detection in Mount Lebanon, PA | Katofsky Construction LLC",Water Leak Detection in Mount Lebanon,"24/7 water leak detection in Mount Lebanon, PA. IICRC-certified, insurance billing accepted. Call (412) 304-9284.",water leak detection mount lebanon,leak detection|hidden water leak|slab leak detection|water leak in wall|leak detection service,local_emergency,,,900,hero|og|inline-1|inline-2,service|local-business|faq|breadcrumb-list,/services/water-leak-detection/|/service-areas/mount-lebanon-pa/|/service-areas/mount-lebanon-pa/fire-damage-restoration/|/service-areas/mount-lebanon-pa/mold-remediation/|/service-areas/allison-park-pa/water-leak-detection/|/service-areas/baldwin-pa/water-leak-detection/|/contact/,4.90,planned
/service-areas/munhall-pa/emergency-board-up-tarping/,service-area-service,"Emergency Board-Up and Tarping in Munhall, PA | Katofsky Construction LLC",Emergency Board-Up and Tarping in Munhall,"24/7 emergency board-up and tarping in Munhall, PA. IICRC-certified, insurance billing accepted. Call (412) 304-9284.",emergency board-up and tarping munhall,emergency board up|roof tarping|emergency tarping service|fire damage board up|broken window board up,local_emergency,,,900,hero|og|inline-1|inline-2,service|local-business|faq|breadcrumb-list,/services/emergency-board-up-tarping/|/service-areas/munhall-pa/|/service-areas/munhall-pa/fire-damage-restoration/|/service-areas/munhall-pa/mold-remediation/|/service-areas/allison-park-pa/emergency-board-up-tarping/|/service-areas/baldwin-pa/emergency-board-up-tarping/|/contact/,4.90,planned
/service-areas/munhall-pa/industrial-restoration/,service-area-service,"Industrial Restoration in Munhall, PA | Katofsky Construction LLC",Industrial Restoration in Munhall,"24/7 industrial restoration in Munhall, PA. IICRC-certified, insurance billing accepted. Call (412) 304-9284.",industrial restoration munhall,industrial water damage|warehouse restoration|manufacturing facility restoration|industrial fire damage|plant restoration services,local_b2b,,,900,hero|og|inline-1|inline-2,service|local-business|faq|breadcrumb-list,/services/industrial-restoration/|/service-areas/munhall-pa/|/service-areas/munhall-pa/fire-damage-restoration/|/service-areas/munhall-pa/mold-remediation/|/service-areas/allison-park-pa/industrial-restoration/|/service-areas/baldwin-pa/industrial-restoration/|/contact/,4.90,planned
/service-areas/munhall-pa/water-heater-flood-cleanup/,service-area-service,"Water Heater Flood Cleanup in Munhall, PA | Katofsky Construction LLC",Water Heater Flood Cleanup in Munhall,"24/7 water heater flood cleanup in Munhall, PA. IICRC-certified, insurance billing accepted. Call (412) 304-9284.",water heater flood cleanup munhall,water heater leaking|water heater burst|flooded water heater|water heater leak damage,local_emergency,,,900,hero|og|inline-1|inline-2,service|local-business|faq|breadcrumb-list,/services/water-heater-flood-cleanup/|/service-areas/munhall-pa/|/service-areas/munhall-pa/fire-damage-restoration/|/service-areas/munhall-pa/mold-remediation/|/service-areas/allison-park-pa/water-heater-flood-cleanup/|/service-areas/baldwin-pa/water-heater-flood-cleanup/|/contact/,4.90,planned
/service-areas/munhall-pa/water-leak-detection/,service-area-service,"Water Leak Detection in Munhall, PA | Katofsky Construction LLC",Water Leak Detection in Munhall,"24/7 water leak detection in Munhall, PA. IICRC-certified, insurance billing accepted. Call (412) 304-9284.",water leak detection munhall,leak detection|hidden water leak|slab leak detection|water leak in wall|leak detection service,local_emergency,,,900,hero|og|inline-1|inline-2,service|local-business|faq|breadcrumb-list,/services/water-leak-detection/|/service-areas/munhall-pa/|/service-areas/munhall-pa/fire-damage-restoration/|/service-areas/munhall-pa/mold-remediation/|/service-areas/allison-park-pa/water-leak-detection/|/service-areas/baldwin-pa/water-leak-detection/|/contact/,4.90,planned
/service-areas/murrysville-pa/emergency-board-up-tarping/,service-area-service,"Emergency Board-Up and Tarping in Murrysville, PA | Katofsky Construction LLC",Emergency Board-Up and Tarping in Murrysville,"24/7 emergency board-up and tarping in Murrysville, PA. IICRC-certified, insurance billing accepted. Call (412) 304-9284.",emergency board-up and tarping murrysville,emergency board up|roof tarping|emergency tarping service|fire damage board up|broken window board up,local_emergency,,,900,hero|og|inline-1|inline-2,service|local-business|faq|breadcrumb-list,/services/emergency-board-up-tarping/|/service-areas/murrysville-pa/|/service-areas/murrysville-pa/fire-damage-restoration/|/service-areas/murrysville-pa/mold-remediation/|/service-areas/allison-park-pa/emergency-board-up-tarping/|/service-areas/baldwin-pa/emergency-board-up-tarping/|/contact/,4.90,planned
/service-areas/murrysville-pa/industrial-restoration/,service-area-service,"Industrial Restoration in Murrysville, PA | Katofsky Construction LLC",Industrial Restoration in Murrysville,"24/7 industrial restoration in Murrysville, PA. IICRC-certified, insurance billing accepted. Call (412) 304-9284.",industrial restoration murrysville,industrial water damage|warehouse restoration|manufacturing facility restoration|industrial fire damage|plant restoration services,local_b2b,,,900,hero|og|inline-1|inline-2,service|local-business|faq|breadcrumb-list,/services/industrial-restoration/|/service-areas/murrysville-pa/|/service-areas/murrysville-pa/fire-damage-restoration/|/service-areas/murrysville-pa/mold-remediation/|/service-areas/allison-park-pa/industrial-restoration/|/service-areas/baldwin-pa/industrial-restoration/|/contact/,4.90,planned
/service-areas/murrysville-pa/water-heater-flood-cleanup/,service-area-service,"Water Heater Flood Cleanup in Murrysville, PA | Katofsky Construction LLC",Water Heater Flood Cleanup in Murrysville,"24/7 water heater flood cleanup in Murrysville, PA. IICRC-certified, insurance billing accepted. Call (412) 304-9284.",water heater flood cleanup murrysville,water heater leaking|water heater burst|flooded water heater|water heater leak damage,local_emergency,,,900,hero|og|inline-1|inline-2,service|local-business|faq|breadcrumb-list,/services/water-heater-flood-cleanup/|/service-areas/murrysville-pa/|/service-areas/murrysville-pa/fire-damage-restoration/|/service-areas/murrysville-pa/mold-remediation/|/service-areas/allison-park-pa/water-heater-flood-cleanup/|/service-areas/baldwin-pa/water-heater-flood-cleanup/|/contact/,4.90,planned
/service-areas/murrysville-pa/water-leak-detection/,service-area-service,"Water Leak Detection in Murrysville, PA | Katofsky Construction LLC",Water Leak Detection in Murrysville,"24/7 water leak detection in Murrysville, PA. IICRC-certified, insurance billing accepted. Call (412) 304-9284.",water leak detection murrysville,leak detection|hidden water leak|slab leak detection|water leak in wall|leak detection service,local_emergency,,,900,hero|og|inline-1|inline-2,service|local-business|faq|breadcrumb-list,/services/water-leak-detection/|/service-areas/murrysville-pa/|/service-areas/murrysville-pa/fire-damage-restoration/|/service-areas/murrysville-pa/mold-remediation/|/service-areas/allison-park-pa/water-leak-detection/|/service-areas/baldwin-pa/water-leak-detection/|/contact/,4.90,planned
/service-areas/new-kensington-pa/emergency-board-up-tarping/,service-area-service,"Emergency Board-Up and Tarping in New Kensington, PA | Katofsky Construction LLC",Emergency Board-Up and Tarping in New Kensington,"24/7 emergency board-up and tarping in New Kensington, PA. IICRC-certified, insurance billing accepted. Call (412) 304-9284.",emergency board-up and tarping new kensington,emergency board up|roof tarping|emergency tarping service|fire damage board up|broken window board up,local_emergency,,,900,hero|og|inline-1|inline-2,service|local-business|faq|breadcrumb-list,/services/emergency-board-up-tarping/|/service-areas/new-kensington-pa/|/service-areas/new-kensington-pa/fire-damage-restoration/|/service-areas/new-kensington-pa/mold-remediation/|/service-areas/allison-park-pa/emergency-board-up-tarping/|/service-areas/baldwin-pa/emergency-board-up-tarping/|/contact/,4.90,planned
/service-areas/new-kensington-pa/industrial-restoration/,service-area-service,"Industrial Restoration in New Kensington, PA | Katofsky Construction LLC",Industrial Restoration in New Kensington,"24/7 industrial restoration in New Kensington, PA. IICRC-certified, insurance billing accepted. Call (412) 304-9284.",industrial restoration new kensington,industrial water damage|warehouse restoration|manufacturing facility restoration|industrial fire damage|plant restoration services,local_b2b,,,900,hero|og|inline-1|inline-2,service|local-business|faq|breadcrumb-list,/services/industrial-restoration/|/service-areas/new-kensington-pa/|/service-areas/new-kensington-pa/fire-damage-restoration/|/service-areas/new-kensington-pa/mold-remediation/|/service-areas/allison-park-pa/industrial-restoration/|/service-areas/baldwin-pa/industrial-restoration/|/contact/,4.90,planned
/service-areas/new-kensington-pa/water-heater-flood-cleanup/,service-area-service,"Water Heater Flood Cleanup in New Kensington, PA | Katofsky Construction LLC",Water Heater Flood Cleanup in New Kensington,"24/7 water heater flood cleanup in New Kensington, PA. IICRC-certified, insurance billing accepted. Call (412) 304-9284.",water heater flood cleanup new kensington,water heater leaking|water heater burst|flooded water heater|water heater leak damage,local_emergency,,,900,hero|og|inline-1|inline-2,service|local-business|faq|breadcrumb-list,/services/water-heater-flood-cleanup/|/service-areas/new-kensington-pa/|/service-areas/new-kensington-pa/fire-damage-restoration/|/service-areas/new-kensington-pa/mold-remediation/|/service-areas/allison-park-pa/water-heater-flood-cleanup/|/service-areas/baldwin-pa/water-heater-flood-cleanup/|/contact/,4.90,planned
/service-areas/new-kensington-pa/water-leak-detection/,service-area-service,"Water Leak Detection in New Kensington, PA | Katofsky Construction LLC",Water Leak Detection in New Kensington,"24/7 water leak detection in New Kensington, PA. IICRC-certified, insurance billing accepted. Call (412) 304-9284.",water leak detection new kensington,leak detection|hidden water leak|slab leak detection|water leak in wall|leak detection service,local_emergency,,,900,hero|og|inline-1|inline-2,service|local-business|faq|breadcrumb-list,/services/water-leak-detection/|/service-areas/new-kensington-pa/|/service-areas/new-kensington-pa/fire-damage-restoration/|/service-areas/new-kensington-pa/mold-remediation/|/service-areas/allison-park-pa/water-leak-detection/|/service-areas/baldwin-pa/water-leak-detection/|/contact/,4.90,planned
/service-areas/north-huntingdon-pa/emergency-board-up-tarping/,service-area-service,"Emergency Board-Up and Tarping in North Huntingdon, PA | Katofsky Construction LLC",Emergency Board-Up and Tarping in North Huntingdon,"24/7 emergency board-up and tarping in North Huntingdon, PA. IICRC-certified, insurance billing accepted. Call (412) 304-9284.",emergency board-up and tarping north huntingdon,emergency board up|roof tarping|emergency tarping service|fire damage board up|broken window board up,local_emergency,,,900,hero|og|inline-1|inline-2,service|local-business|faq|breadcrumb-list,/services/emergency-board-up-tarping/|/service-areas/north-huntingdon-pa/|/service-areas/north-huntingdon-pa/fire-damage-restoration/|/service-areas/north-huntingdon-pa/mold-remediation/|/service-areas/allison-park-pa/emergency-board-up-tarping/|/service-areas/baldwin-pa/emergency-board-up-tarping/|/contact/,4.90,planned
/service-areas/north-huntingdon-pa/industrial-restoration/,service-area-service,"Industrial Restoration in North Huntingdon, PA | Katofsky Construction LLC",Industrial Restoration in North Huntingdon,"24/7 industrial restoration in North Huntingdon, PA. IICRC-certified, insurance billing accepted. Call (412) 304-9284.",industrial restoration north huntingdon,industrial water damage|warehouse restoration|manufacturing facility restoration|industrial fire damage|plant restoration services,local_b2b,,,900,hero|og|inline-1|inline-2,service|local-business|faq|breadcrumb-list,/services/industrial-restoration/|/service-areas/north-huntingdon-pa/|/service-areas/north-huntingdon-pa/fire-damage-restoration/|/service-areas/north-huntingdon-pa/mold-remediation/|/service-areas/allison-park-pa/industrial-restoration/|/service-areas/baldwin-pa/industrial-restoration/|/contact/,4.90,planned
/service-areas/north-huntingdon-pa/water-heater-flood-cleanup/,service-area-service,"Water Heater Flood Cleanup in North Huntingdon, PA | Katofsky Construction LLC",Water Heater Flood Cleanup in North Huntingdon,"24/7 water heater flood cleanup in North Huntingdon, PA. IICRC-certified, insurance billing accepted. Call (412) 304-9284.",water heater flood cleanup north huntingdon,water heater leaking|water heater burst|flooded water heater|water heater leak damage,local_emergency,,,900,hero|og|inline-1|inline-2,service|local-business|faq|breadcrumb-list,/services/water-heater-flood-cleanup/|/service-areas/north-huntingdon-pa/|/service-areas/north-huntingdon-pa/fire-damage-restoration/|/service-areas/north-huntingdon-pa/mold-remediation/|/service-areas/allison-park-pa/water-heater-flood-cleanup/|/service-areas/baldwin-pa/water-heater-flood-cleanup/|/contact/,4.90,planned
/service-areas/north-huntingdon-pa/water-leak-detection/,service-area-service,"Water Leak Detection in North Huntingdon, PA | Katofsky Construction LLC",Water Leak Detection in North Huntingdon,"24/7 water leak detection in North Huntingdon, PA. IICRC-certified, insurance billing accepted. Call (412) 304-9284.",water leak detection north huntingdon,leak detection|hidden water leak|slab leak detection|water leak in wall|leak detection service,local_emergency,,,900,hero|og|inline-1|inline-2,service|local-business|faq|breadcrumb-list,/services/water-leak-detection/|/service-areas/north-huntingdon-pa/|/service-areas/north-huntingdon-pa/fire-damage-restoration/|/service-areas/north-huntingdon-pa/mold-remediation/|/service-areas/allison-park-pa/water-leak-detection/|/service-areas/baldwin-pa/water-leak-detection/|/contact/,4.90,planned
/service-areas/penn-hills-pa/emergency-board-up-tarping/,service-area-service,"Emergency Board-Up and Tarping in Penn Hills, PA | Katofsky Construction LLC",Emergency Board-Up and Tarping in Penn Hills,"24/7 emergency board-up and tarping in Penn Hills, PA. IICRC-certified, insurance billing accepted. Call (412) 304-9284.",emergency board-up and tarping penn hills,emergency board up|roof tarping|emergency tarping service|fire damage board up|broken window board up,local_emergency,,,900,hero|og|inline-1|inline-2,service|local-business|faq|breadcrumb-list,/services/emergency-board-up-tarping/|/service-areas/penn-hills-pa/|/service-areas/penn-hills-pa/fire-damage-restoration/|/service-areas/penn-hills-pa/mold-remediation/|/service-areas/allison-park-pa/emergency-board-up-tarping/|/service-areas/baldwin-pa/emergency-board-up-tarping/|/contact/,4.90,planned
/service-areas/penn-hills-pa/industrial-restoration/,service-area-service,"Industrial Restoration in Penn Hills, PA | Katofsky Construction LLC",Industrial Restoration in Penn Hills,"24/7 industrial restoration in Penn Hills, PA. IICRC-certified, insurance billing accepted. Call (412) 304-9284.",industrial restoration penn hills,industrial water damage|warehouse restoration|manufacturing facility restoration|industrial fire damage|plant restoration services,local_b2b,,,900,hero|og|inline-1|inline-2,service|local-business|faq|breadcrumb-list,/services/industrial-restoration/|/service-areas/penn-hills-pa/|/service-areas/penn-hills-pa/fire-damage-restoration/|/service-areas/penn-hills-pa/mold-remediation/|/service-areas/allison-park-pa/industrial-restoration/|/service-areas/baldwin-pa/industrial-restoration/|/contact/,4.90,planned
/service-areas/penn-hills-pa/water-heater-flood-cleanup/,service-area-service,"Water Heater Flood Cleanup in Penn Hills, PA | Katofsky Construction LLC",Water Heater Flood Cleanup in Penn Hills,"24/7 water heater flood cleanup in Penn Hills, PA. IICRC-certified, insurance billing accepted. Call (412) 304-9284.",water heater flood cleanup penn hills,water heater leaking|water heater burst|flooded water heater|water heater leak damage,local_emergency,,,900,hero|og|inline-1|inline-2,service|local-business|faq|breadcrumb-list,/services/water-heater-flood-cleanup/|/service-areas/penn-hills-pa/|/service-areas/penn-hills-pa/fire-damage-restoration/|/service-areas/penn-hills-pa/mold-remediation/|/service-areas/allison-park-pa/water-heater-flood-cleanup/|/service-areas/baldwin-pa/water-heater-flood-cleanup/|/contact/,4.90,planned
/service-areas/penn-hills-pa/water-leak-detection/,service-area-service,"Water Leak Detection in Penn Hills, PA | Katofsky Construction LLC",Water Leak Detection in Penn Hills,"24/7 water leak detection in Penn Hills, PA. IICRC-certified, insurance billing accepted. Call (412) 304-9284.",water leak detection penn hills,leak detection|hidden water leak|slab leak detection|water leak in wall|leak detection service,local_emergency,,,900,hero|og|inline-1|inline-2,service|local-business|faq|breadcrumb-list,/services/water-leak-detection/|/service-areas/penn-hills-pa/|/service-areas/penn-hills-pa/fire-damage-restoration/|/service-areas/penn-hills-pa/mold-remediation/|/service-areas/allison-park-pa/water-leak-detection/|/service-areas/baldwin-pa/water-leak-detection/|/contact/,4.90,planned
/service-areas/pleasant-hills-pa/emergency-board-up-tarping/,service-area-service,"Emergency Board-Up and Tarping in Pleasant Hills, PA | Katofsky Construction LLC",Emergency Board-Up and Tarping in Pleasant Hills,"24/7 emergency board-up and tarping in Pleasant Hills, PA. IICRC-certified, insurance billing accepted. Call (412) 304-9284.",emergency board-up and tarping pleasant hills,emergency board up|roof tarping|emergency tarping service|fire damage board up|broken window board up,local_emergency,,,900,hero|og|inline-1|inline-2,service|local-business|faq|breadcrumb-list,/services/emergency-board-up-tarping/|/service-areas/pleasant-hills-pa/|/service-areas/pleasant-hills-pa/fire-damage-restoration/|/service-areas/pleasant-hills-pa/mold-remediation/|/service-areas/allison-park-pa/emergency-board-up-tarping/|/service-areas/baldwin-pa/emergency-board-up-tarping/|/contact/,4.90,planned
/service-areas/pleasant-hills-pa/industrial-restoration/,service-area-service,"Industrial Restoration in Pleasant Hills, PA | Katofsky Construction LLC",Industrial Restoration in Pleasant Hills,"24/7 industrial restoration in Pleasant Hills, PA. IICRC-certified, insurance billing accepted. Call (412) 304-9284.",industrial restoration pleasant hills,industrial water damage|warehouse restoration|manufacturing facility restoration|industrial fire damage|plant restoration services,local_b2b,,,900,hero|og|inline-1|inline-2,service|local-business|faq|breadcrumb-list,/services/industrial-restoration/|/service-areas/pleasant-hills-pa/|/service-areas/pleasant-hills-pa/fire-damage-restoration/|/service-areas/pleasant-hills-pa/mold-remediation/|/service-areas/allison-park-pa/industrial-restoration/|/service-areas/baldwin-pa/industrial-restoration/|/contact/,4.90,planned
/service-areas/pleasant-hills-pa/water-heater-flood-cleanup/,service-area-service,"Water Heater Flood Cleanup in Pleasant Hills, PA | Katofsky Construction LLC",Water Heater Flood Cleanup in Pleasant Hills,"24/7 water heater flood cleanup in Pleasant Hills, PA. IICRC-certified, insurance billing accepted. Call (412) 304-9284.",water heater flood cleanup pleasant hills,water heater leaking|water heater burst|flooded water heater|water heater leak damage,local_emergency,,,900,hero|og|inline-1|inline-2,service|local-business|faq|breadcrumb-list,/services/water-heater-flood-cleanup/|/service-areas/pleasant-hills-pa/|/service-areas/pleasant-hills-pa/fire-damage-restoration/|/service-areas/pleasant-hills-pa/mold-remediation/|/service-areas/allison-park-pa/water-heater-flood-cleanup/|/service-areas/baldwin-pa/water-heater-flood-cleanup/|/contact/,4.90,planned
/service-areas/pleasant-hills-pa/water-leak-detection/,service-area-service,"Water Leak Detection in Pleasant Hills, PA | Katofsky Construction LLC",Water Leak Detection in Pleasant Hills,"24/7 water leak detection in Pleasant Hills, PA. IICRC-certified, insurance billing accepted. Call (412) 304-9284.",water leak detection pleasant hills,leak detection|hidden water leak|slab leak detection|water leak in wall|leak detection service,local_emergency,,,900,hero|og|inline-1|inline-2,service|local-business|faq|breadcrumb-list,/services/water-leak-detection/|/service-areas/pleasant-hills-pa/|/service-areas/pleasant-hills-pa/fire-damage-restoration/|/service-areas/pleasant-hills-pa/mold-remediation/|/service-areas/allison-park-pa/water-leak-detection/|/service-areas/baldwin-pa/water-leak-detection/|/contact/,4.90,planned
/service-areas/plum-pa/emergency-board-up-tarping/,service-area-service,"Emergency Board-Up and Tarping in Plum, PA | Katofsky Construction LLC",Emergency Board-Up and Tarping in Plum,"24/7 emergency board-up and tarping in Plum, PA. IICRC-certified, insurance billing accepted. Call (412) 304-9284.",emergency board-up and tarping plum,emergency board up|roof tarping|emergency tarping service|fire damage board up|broken window board up,local_emergency,,,900,hero|og|inline-1|inline-2,service|local-business|faq|breadcrumb-list,/services/emergency-board-up-tarping/|/service-areas/plum-pa/|/service-areas/plum-pa/fire-damage-restoration/|/service-areas/plum-pa/mold-remediation/|/service-areas/allison-park-pa/emergency-board-up-tarping/|/service-areas/baldwin-pa/emergency-board-up-tarping/|/contact/,4.90,planned
/service-areas/plum-pa/industrial-restoration/,service-area-service,"Industrial Restoration in Plum, PA | Katofsky Construction LLC",Industrial Restoration in Plum,"24/7 industrial restoration in Plum, PA. IICRC-certified, insurance billing accepted. Call (412) 304-9284.",industrial restoration plum,industrial water damage|warehouse restoration|manufacturing facility restoration|industrial fire damage|plant restoration services,local_b2b,,,900,hero|og|inline-1|inline-2,service|local-business|faq|breadcrumb-list,/services/industrial-restoration/|/service-areas/plum-pa/|/service-areas/plum-pa/fire-damage-restoration/|/service-areas/plum-pa/mold-remediation/|/service-areas/allison-park-pa/industrial-restoration/|/service-areas/baldwin-pa/industrial-restoration/|/contact/,4.90,planned
/service-areas/plum-pa/water-heater-flood-cleanup/,service-area-service,"Water Heater Flood Cleanup in Plum, PA | Katofsky Construction LLC",Water Heater Flood Cleanup in Plum,"24/7 water heater flood cleanup in Plum, PA. IICRC-certified, insurance billing accepted. Call (412) 304-9284.",water heater flood cleanup plum,water heater leaking|water heater burst|flooded water heater|water heater leak damage,local_emergency,,,900,hero|og|inline-1|inline-2,service|local-business|faq|breadcrumb-list,/services/water-heater-flood-cleanup/|/service-areas/plum-pa/|/service-areas/plum-pa/fire-damage-restoration/|/service-areas/plum-pa/mold-remediation/|/service-areas/allison-park-pa/water-heater-flood-cleanup/|/service-areas/baldwin-pa/water-heater-flood-cleanup/|/contact/,4.90,planned
/service-areas/plum-pa/water-leak-detection/,service-area-service,"Water Leak Detection in Plum, PA | Katofsky Construction LLC",Water Leak Detection in Plum,"24/7 water leak detection in Plum, PA. IICRC-certified, insurance billing accepted. Call (412) 304-9284.",water leak detection plum,leak detection|hidden water leak|slab leak detection|water leak in wall|leak detection service,local_emergency,,,900,hero|og|inline-1|inline-2,service|local-business|faq|breadcrumb-list,/services/water-leak-detection/|/service-areas/plum-pa/|/service-areas/plum-pa/fire-damage-restoration/|/service-areas/plum-pa/mold-remediation/|/service-areas/allison-park-pa/water-leak-detection/|/service-areas/baldwin-pa/water-leak-detection/|/contact/,4.90,planned
/service-areas/ross-township-pa/emergency-board-up-tarping/,service-area-service,"Emergency Board-Up and Tarping in Ross Township, PA | Katofsky Construction LLC",Emergency Board-Up and Tarping in Ross Township,"24/7 emergency board-up and tarping in Ross Township, PA. IICRC-certified, insurance billing accepted. Call (412) 304-9284.",emergency board-up and tarping ross township,emergency board up|roof tarping|emergency tarping service|fire damage board up|broken window board up,local_emergency,,,900,hero|og|inline-1|inline-2,service|local-business|faq|breadcrumb-list,/services/emergency-board-up-tarping/|/service-areas/ross-township-pa/|/service-areas/ross-township-pa/fire-damage-restoration/|/service-areas/ross-township-pa/mold-remediation/|/service-areas/allison-park-pa/emergency-board-up-tarping/|/service-areas/baldwin-pa/emergency-board-up-tarping/|/contact/,4.90,planned
/service-areas/ross-township-pa/industrial-restoration/,service-area-service,"Industrial Restoration in Ross Township, PA | Katofsky Construction LLC",Industrial Restoration in Ross Township,"24/7 industrial restoration in Ross Township, PA. IICRC-certified, insurance billing accepted. Call (412) 304-9284.",industrial restoration ross township,industrial water damage|warehouse restoration|manufacturing facility restoration|industrial fire damage|plant restoration services,local_b2b,,,900,hero|og|inline-1|inline-2,service|local-business|faq|breadcrumb-list,/services/industrial-restoration/|/service-areas/ross-township-pa/|/service-areas/ross-township-pa/fire-damage-restoration/|/service-areas/ross-township-pa/mold-remediation/|/service-areas/allison-park-pa/industrial-restoration/|/service-areas/baldwin-pa/industrial-restoration/|/contact/,4.90,planned
/service-areas/ross-township-pa/water-heater-flood-cleanup/,service-area-service,"Water Heater Flood Cleanup in Ross Township, PA | Katofsky Construction LLC",Water Heater Flood Cleanup in Ross Township,"24/7 water heater flood cleanup in Ross Township, PA. IICRC-certified, insurance billing accepted. Call (412) 304-9284.",water heater flood cleanup ross township,water heater leaking|water heater burst|flooded water heater|water heater leak damage,local_emergency,,,900,hero|og|inline-1|inline-2,service|local-business|faq|breadcrumb-list,/services/water-heater-flood-cleanup/|/service-areas/ross-township-pa/|/service-areas/ross-township-pa/fire-damage-restoration/|/service-areas/ross-township-pa/mold-remediation/|/service-areas/allison-park-pa/water-heater-flood-cleanup/|/service-areas/baldwin-pa/water-heater-flood-cleanup/|/contact/,4.90,planned
/service-areas/ross-township-pa/water-leak-detection/,service-area-service,"Water Leak Detection in Ross Township, PA | Katofsky Construction LLC",Water Leak Detection in Ross Township,"24/7 water leak detection in Ross Township, PA. IICRC-certified, insurance billing accepted. Call (412) 304-9284.",water leak detection ross township,leak detection|hidden water leak|slab leak detection|water leak in wall|leak detection service,local_emergency,,,900,hero|og|inline-1|inline-2,service|local-business|faq|breadcrumb-list,/services/water-leak-detection/|/service-areas/ross-township-pa/|/service-areas/ross-township-pa/fire-damage-restoration/|/service-areas/ross-township-pa/mold-remediation/|/service-areas/allison-park-pa/water-leak-detection/|/service-areas/baldwin-pa/water-leak-detection/|/contact/,4.90,planned
/service-areas/shaler-township-pa/emergency-board-up-tarping/,service-area-service,"Emergency Board-Up and Tarping in Shaler Township, PA | Katofsky Construction LLC",Emergency Board-Up and Tarping in Shaler Township,"24/7 emergency board-up and tarping in Shaler Township, PA. IICRC-certified, insurance billing accepted. Call (412) 304-9284.",emergency board-up and tarping shaler township,emergency board up|roof tarping|emergency tarping service|fire damage board up|broken window board up,local_emergency,,,900,hero|og|inline-1|inline-2,service|local-business|faq|breadcrumb-list,/services/emergency-board-up-tarping/|/service-areas/shaler-township-pa/|/service-areas/shaler-township-pa/fire-damage-restoration/|/service-areas/shaler-township-pa/mold-remediation/|/service-areas/allison-park-pa/emergency-board-up-tarping/|/service-areas/baldwin-pa/emergency-board-up-tarping/|/contact/,4.90,planned
/service-areas/shaler-township-pa/industrial-restoration/,service-area-service,"Industrial Restoration in Shaler Township, PA | Katofsky Construction LLC",Industrial Restoration in Shaler Township,"24/7 industrial restoration in Shaler Township, PA. IICRC-certified, insurance billing accepted. Call (412) 304-9284.",industrial restoration shaler township,industrial water damage|warehouse restoration|manufacturing facility restoration|industrial fire damage|plant restoration services,local_b2b,,,900,hero|og|inline-1|inline-2,service|local-business|faq|breadcrumb-list,/services/industrial-restoration/|/service-areas/shaler-township-pa/|/service-areas/shaler-township-pa/fire-damage-restoration/|/service-areas/shaler-township-pa/mold-remediation/|/service-areas/allison-park-pa/industrial-restoration/|/service-areas/baldwin-pa/industrial-restoration/|/contact/,4.90,planned
/service-areas/shaler-township-pa/water-heater-flood-cleanup/,service-area-service,"Water Heater Flood Cleanup in Shaler Township, PA | Katofsky Construction LLC",Water Heater Flood Cleanup in Shaler Township,"24/7 water heater flood cleanup in Shaler Township, PA. IICRC-certified, insurance billing accepted. Call (412) 304-9284.",water heater flood cleanup shaler township,water heater leaking|water heater burst|flooded water heater|water heater leak damage,local_emergency,,,900,hero|og|inline-1|inline-2,service|local-business|faq|breadcrumb-list,/services/water-heater-flood-cleanup/|/service-areas/shaler-township-pa/|/service-areas/shaler-township-pa/fire-damage-restoration/|/service-areas/shaler-township-pa/mold-remediation/|/service-areas/allison-park-pa/water-heater-flood-cleanup/|/service-areas/baldwin-pa/water-heater-flood-cleanup/|/contact/,4.90,planned
/service-areas/shaler-township-pa/water-leak-detection/,service-area-service,"Water Leak Detection in Shaler Township, PA | Katofsky Construction LLC",Water Leak Detection in Shaler Township,"24/7 water leak detection in Shaler Township, PA. IICRC-certified, insurance billing accepted. Call (412) 304-9284.",water leak detection shaler township,leak detection|hidden water leak|slab leak detection|water leak in wall|leak detection service,local_emergency,,,900,hero|og|inline-1|inline-2,service|local-business|faq|breadcrumb-list,/services/water-leak-detection/|/service-areas/shaler-township-pa/|/service-areas/shaler-township-pa/fire-damage-restoration/|/service-areas/shaler-township-pa/mold-remediation/|/service-areas/allison-park-pa/water-leak-detection/|/service-areas/baldwin-pa/water-leak-detection/|/contact/,4.90,planned
/service-areas/west-mifflin-pa/emergency-board-up-tarping/,service-area-service,"Emergency Board-Up and Tarping in West Mifflin, PA | Katofsky Construction LLC",Emergency Board-Up and Tarping in West Mifflin,"24/7 emergency board-up and tarping in West Mifflin, PA. IICRC-certified, insurance billing accepted. Call (412) 304-9284.",emergency board-up and tarping west mifflin,emergency board up|roof tarping|emergency tarping service|fire damage board up|broken window board up,local_emergency,,,900,hero|og|inline-1|inline-2,service|local-business|faq|breadcrumb-list,/services/emergency-board-up-tarping/|/service-areas/west-mifflin-pa/|/service-areas/west-mifflin-pa/fire-damage-restoration/|/service-areas/west-mifflin-pa/mold-remediation/|/service-areas/allison-park-pa/emergency-board-up-tarping/|/service-areas/baldwin-pa/emergency-board-up-tarping/|/contact/,4.90,planned
/service-areas/west-mifflin-pa/industrial-restoration/,service-area-service,"Industrial Restoration in West Mifflin, PA | Katofsky Construction LLC",Industrial Restoration in West Mifflin,"24/7 industrial restoration in West Mifflin, PA. IICRC-certified, insurance billing accepted. Call (412) 304-9284.",industrial restoration west mifflin,industrial water damage|warehouse restoration|manufacturing facility restoration|industrial fire damage|plant restoration services,local_b2b,,,900,hero|og|inline-1|inline-2,service|local-business|faq|breadcrumb-list,/services/industrial-restoration/|/service-areas/west-mifflin-pa/|/service-areas/west-mifflin-pa/fire-damage-restoration/|/service-areas/west-mifflin-pa/mold-remediation/|/service-areas/allison-park-pa/industrial-restoration/|/service-areas/baldwin-pa/industrial-restoration/|/contact/,4.90,planned
/service-areas/west-mifflin-pa/water-heater-flood-cleanup/,service-area-service,"Water Heater Flood Cleanup in West Mifflin, PA | Katofsky Construction LLC",Water Heater Flood Cleanup in West Mifflin,"24/7 water heater flood cleanup in West Mifflin, PA. IICRC-certified, insurance billing accepted. Call (412) 304-9284.",water heater flood cleanup west mifflin,water heater leaking|water heater burst|flooded water heater|water heater leak damage,local_emergency,,,900,hero|og|inline-1|inline-2,service|local-business|faq|breadcrumb-list,/services/water-heater-flood-cleanup/|/service-areas/west-mifflin-pa/|/service-areas/west-mifflin-pa/fire-damage-restoration/|/service-areas/west-mifflin-pa/mold-remediation/|/service-areas/allison-park-pa/water-heater-flood-cleanup/|/service-areas/baldwin-pa/water-heater-flood-cleanup/|/contact/,4.90,planned
/service-areas/west-mifflin-pa/water-leak-detection/,service-area-service,"Water Leak Detection in West Mifflin, PA | Katofsky Construction LLC",Water Leak Detection in West Mifflin,"24/7 water leak detection in West Mifflin, PA. IICRC-certified, insurance billing accepted. Call (412) 304-9284.",water leak detection west mifflin,leak detection|hidden water leak|slab leak detection|water leak in wall|leak detection service,local_emergency,,,900,hero|og|inline-1|inline-2,service|local-business|faq|breadcrumb-list,/services/water-leak-detection/|/service-areas/west-mifflin-pa/|/service-areas/west-mifflin-pa/fire-damage-restoration/|/service-areas/west-mifflin-pa/mold-remediation/|/service-areas/allison-park-pa/water-leak-detection/|/service-areas/baldwin-pa/water-leak-detection/|/contact/,4.90,planned
/service-areas/whitehall-pa/emergency-board-up-tarping/,service-area-service,"Emergency Board-Up and Tarping in Whitehall, PA | Katofsky Construction LLC",Emergency Board-Up and Tarping in Whitehall,"24/7 emergency board-up and tarping in Whitehall, PA. IICRC-certified, insurance billing accepted. Call (412) 304-9284.",emergency board-up and tarping whitehall,emergency board up|roof tarping|emergency tarping service|fire damage board up|broken window board up,local_emergency,,,900,hero|og|inline-1|inline-2,service|local-business|faq|breadcrumb-list,/services/emergency-board-up-tarping/|/service-areas/whitehall-pa/|/service-areas/whitehall-pa/fire-damage-restoration/|/service-areas/whitehall-pa/mold-remediation/|/service-areas/allison-park-pa/emergency-board-up-tarping/|/service-areas/baldwin-pa/emergency-board-up-tarping/|/contact/,4.90,planned
/service-areas/whitehall-pa/industrial-restoration/,service-area-service,"Industrial Restoration in Whitehall, PA | Katofsky Construction LLC",Industrial Restoration in Whitehall,"24/7 industrial restoration in Whitehall, PA. IICRC-certified, insurance billing accepted. Call (412) 304-9284.",industrial restoration whitehall,industrial water damage|warehouse restoration|manufacturing facility restoration|industrial fire damage|plant restoration services,local_b2b,,,900,hero|og|inline-1|inline-2,service|local-business|faq|breadcrumb-list,/services/industrial-restoration/|/service-areas/whitehall-pa/|/service-areas/whitehall-pa/fire-damage-restoration/|/service-areas/whitehall-pa/mold-remediation/|/service-areas/allison-park-pa/industrial-restoration/|/service-areas/baldwin-pa/industrial-restoration/|/contact/,4.90,planned
/service-areas/whitehall-pa/water-heater-flood-cleanup/,service-area-service,"Water Heater Flood Cleanup in Whitehall, PA | Katofsky Construction LLC",Water Heater Flood Cleanup in Whitehall,"24/7 water heater flood cleanup in Whitehall, PA. IICRC-certified, insurance billing accepted. Call (412) 304-9284.",water heater flood cleanup whitehall,water heater leaking|water heater burst|flooded water heater|water heater leak damage,local_emergency,,,900,hero|og|inline-1|inline-2,service|local-business|faq|breadcrumb-list,/services/water-heater-flood-cleanup/|/service-areas/whitehall-pa/|/service-areas/whitehall-pa/fire-damage-restoration/|/service-areas/whitehall-pa/mold-remediation/|/service-areas/allison-park-pa/water-heater-flood-cleanup/|/service-areas/baldwin-pa/water-heater-flood-cleanup/|/contact/,4.90,planned
/service-areas/whitehall-pa/water-leak-detection/,service-area-service,"Water Leak Detection in Whitehall, PA | Katofsky Construction LLC",Water Leak Detection in Whitehall,"24/7 water leak detection in Whitehall, PA. IICRC-certified, insurance billing accepted. Call (412) 304-9284.",water leak detection whitehall,leak detection|hidden water leak|slab leak detection|water leak in wall|leak detection service,local_emergency,,,900,hero|og|inline-1|inline-2,service|local-business|faq|breadcrumb-list,/services/water-leak-detection/|/service-areas/whitehall-pa/|/service-areas/whitehall-pa/fire-damage-restoration/|/service-areas/whitehall-pa/mold-remediation/|/service-areas/allison-park-pa/water-leak-detection/|/service-areas/baldwin-pa/water-leak-detection/|/contact/,4.90,planned
/service-areas/wilkinsburg-pa/emergency-board-up-tarping/,service-area-service,"Emergency Board-Up and Tarping in Wilkinsburg, PA | Katofsky Construction LLC",Emergency Board-Up and Tarping in Wilkinsburg,"24/7 emergency board-up and tarping in Wilkinsburg, PA. IICRC-certified, insurance billing accepted. Call (412) 304-9284.",emergency board-up and tarping wilkinsburg,emergency board up|roof tarping|emergency tarping service|fire damage board up|broken window board up,local_emergency,,,900,hero|og|inline-1|inline-2,service|local-business|faq|breadcrumb-list,/services/emergency-board-up-tarping/|/service-areas/wilkinsburg-pa/|/service-areas/wilkinsburg-pa/fire-damage-restoration/|/service-areas/wilkinsburg-pa/mold-remediation/|/service-areas/allison-park-pa/emergency-board-up-tarping/|/service-areas/baldwin-pa/emergency-board-up-tarping/|/contact/,4.90,planned
/service-areas/wilkinsburg-pa/industrial-restoration/,service-area-service,"Industrial Restoration in Wilkinsburg, PA | Katofsky Construction LLC",Industrial Restoration in Wilkinsburg,"24/7 industrial restoration in Wilkinsburg, PA. IICRC-certified, insurance billing accepted. Call (412) 304-9284.",industrial restoration wilkinsburg,industrial water damage|warehouse restoration|manufacturing facility restoration|industrial fire damage|plant restoration services,local_b2b,,,900,hero|og|inline-1|inline-2,service|local-business|faq|breadcrumb-list,/services/industrial-restoration/|/service-areas/wilkinsburg-pa/|/service-areas/wilkinsburg-pa/fire-damage-restoration/|/service-areas/wilkinsburg-pa/mold-remediation/|/service-areas/allison-park-pa/industrial-restoration/|/service-areas/baldwin-pa/industrial-restoration/|/contact/,4.90,planned
/service-areas/wilkinsburg-pa/water-heater-flood-cleanup/,service-area-service,"Water Heater Flood Cleanup in Wilkinsburg, PA | Katofsky Construction LLC",Water Heater Flood Cleanup in Wilkinsburg,"24/7 water heater flood cleanup in Wilkinsburg, PA. IICRC-certified, insurance billing accepted. Call (412) 304-9284.",water heater flood cleanup wilkinsburg,water heater leaking|water heater burst|flooded water heater|water heater leak damage,local_emergency,,,900,hero|og|inline-1|inline-2,service|local-business|faq|breadcrumb-list,/services/water-heater-flood-cleanup/|/service-areas/wilkinsburg-pa/|/service-areas/wilkinsburg-pa/fire-damage-restoration/|/service-areas/wilkinsburg-pa/mold-remediation/|/service-areas/allison-park-pa/water-heater-flood-cleanup/|/service-areas/baldwin-pa/water-heater-flood-cleanup/|/contact/,4.90,planned
/service-areas/wilkinsburg-pa/water-leak-detection/,service-area-service,"Water Leak Detection in Wilkinsburg, PA | Katofsky Construction LLC",Water Leak Detection in Wilkinsburg,"24/7 water leak detection in Wilkinsburg, PA. IICRC-certified, insurance billing accepted. Call (412) 304-9284.",water leak detection wilkinsburg,leak detection|hidden water leak|slab leak detection|water leak in wall|leak detection service,local_emergency,,,900,hero|og|inline-1|inline-2,service|local-business|faq|breadcrumb-list,/services/water-leak-detection/|/service-areas/wilkinsburg-pa/|/service-areas/wilkinsburg-pa/fire-damage-restoration/|/service-areas/wilkinsburg-pa/mold-remediation/|/service-areas/allison-park-pa/water-leak-detection/|/service-areas/baldwin-pa/water-leak-detection/|/contact/,4.90,planned
/blog/black-mold-vs-regular-mold/,blog-post,Black Mold vs Regular Mold: How To Tell the Difference,Black Mold vs Regular Mold: How To Tell the Difference,,black mold vs regular mold how to tell the difference,mold remediation,informational_health,,,1400,hero|og|inline-1|inline-2,blog-posting|faq|breadcrumb-list,/blog/|/services/mold-remediation/|/blog/choosing-a-restoration-company/|/blog/how-to-test-for-mold/|/blog/signs-of-hidden-mold/,4.80,planned
/service-areas/allison-park-pa/,service-area,"Restoration Services in Allison Park, PA | Katofsky Construction LLC",Restoration Services in Allison Park,"Serving Allison Park, PA with 24/7 water, fire, mold, and storm damage restoration. IICRC-certified team. Call (412) 304-9284.",restoration services allison park,allison park restoration company|damage restoration allison park|allison park disaster restoration,local_commercial,,,900,hero|og|inline-1,local-business|service|breadcrumb-list,/service-areas/|/contact/|/service-areas/allison-park-pa/fire-damage-restoration/|/service-areas/allison-park-pa/mold-remediation/|/service-areas/allison-park-pa/roofing/|/service-areas/allison-park-pa/water-damage-restoration/|/service-areas/allison-park-pa/commercial-restoration/|/service-areas/allison-park-pa/emergency-plumbing/|/service-areas/allison-park-pa/emergency-water-removal/|/service-areas/allison-park-pa/flood-damage-restoration/|/service-areas/allison-park-pa/reconstruction/|/service-areas/allison-park-pa/sewage-cleanup/|/service-areas/allison-park-pa/smoke-damage-restoration/|/service-areas/allison-park-pa/storm-damage-restoration/|/service-areas/allison-park-pa/water-cleanup/|/service-areas/allison-park-pa/basement-flooding-cleanup/|/service-areas/allison-park-pa/biohazard-cleanup/|/service-areas/allison-park-pa/burst-pipe-repair/|/service-areas/allison-park-pa/ceiling-water-damage-repair/|/service-areas/allison-park-pa/general-contracting/|/service-areas/allison-park-pa/large-loss-response/|/service-areas/allison-park-pa/mold-inspection-testing/|/service-areas/allison-park-pa/emergency-board-up-tarping/|/service-areas/allison-park-pa/industrial-restoration/|/service-areas/allison-park-pa/water-heater-flood-cleanup/|/service-areas/allison-park-pa/water-leak-detection/|/service-areas/allison-park-pa/asbestos-abatement/|/service-areas/allison-park-pa/air-duct-cleaning/|/service-areas/allison-park-pa/contents-restoration-storage/|/service-areas/allison-park-pa/lead-paint-abatement/|/service-areas/allison-park-pa/carpet-cleaning/|/service-areas/allison-park-pa/upholstery-cleaning/|/service-areas/baldwin-pa/|/service-areas/bethel-park-pa/|/service-areas/carnegie-pa/,4.80,planned
/service-areas/baldwin-pa/,service-area,"Restoration Services in Baldwin, PA | Katofsky Construction LLC",Restoration Services in Baldwin,"Serving Baldwin, PA with 24/7 water, fire, mold, and storm damage restoration. IICRC-certified team. Call (412) 304-9284.",restoration services baldwin,baldwin restoration company|damage restoration baldwin|baldwin disaster restoration,local_commercial,,,900,hero|og|inline-1,local-business|service|breadcrumb-list,/service-areas/|/contact/|/service-areas/baldwin-pa/fire-damage-restoration/|/service-areas/baldwin-pa/mold-remediation/|/service-areas/baldwin-pa/roofing/|/service-areas/baldwin-pa/water-damage-restoration/|/service-areas/baldwin-pa/commercial-restoration/|/service-areas/baldwin-pa/emergency-plumbing/|/service-areas/baldwin-pa/emergency-water-removal/|/service-areas/baldwin-pa/flood-damage-restoration/|/service-areas/baldwin-pa/reconstruction/|/service-areas/baldwin-pa/sewage-cleanup/|/service-areas/baldwin-pa/smoke-damage-restoration/|/service-areas/baldwin-pa/storm-damage-restoration/|/service-areas/baldwin-pa/water-cleanup/|/service-areas/baldwin-pa/basement-flooding-cleanup/|/service-areas/baldwin-pa/biohazard-cleanup/|/service-areas/baldwin-pa/burst-pipe-repair/|/service-areas/baldwin-pa/ceiling-water-damage-repair/|/service-areas/baldwin-pa/general-contracting/|/service-areas/baldwin-pa/large-loss-response/|/service-areas/baldwin-pa/mold-inspection-testing/|/service-areas/baldwin-pa/emergency-board-up-tarping/|/service-areas/baldwin-pa/industrial-restoration/|/service-areas/baldwin-pa/water-heater-flood-cleanup/|/service-areas/baldwin-pa/water-leak-detection/|/service-areas/baldwin-pa/asbestos-abatement/|/service-areas/baldwin-pa/air-duct-cleaning/|/service-areas/baldwin-pa/contents-restoration-storage/|/service-areas/baldwin-pa/lead-paint-abatement/|/service-areas/baldwin-pa/carpet-cleaning/|/service-areas/baldwin-pa/upholstery-cleaning/|/service-areas/allison-park-pa/|/service-areas/bethel-park-pa/|/service-areas/carnegie-pa/,4.80,planned
/service-areas/bethel-park-pa/,service-area,"Restoration Services in Bethel Park, PA | Katofsky Construction LLC",Restoration Services in Bethel Park,"Serving Bethel Park, PA with 24/7 water, fire, mold, and storm damage restoration. IICRC-certified team. Call (412) 304-9284.",restoration services bethel park,bethel park restoration company|damage restoration bethel park|bethel park disaster restoration,local_commercial,,,900,hero|og|inline-1,local-business|service|breadcrumb-list,/service-areas/|/contact/|/service-areas/bethel-park-pa/fire-damage-restoration/|/service-areas/bethel-park-pa/mold-remediation/|/service-areas/bethel-park-pa/roofing/|/service-areas/bethel-park-pa/water-damage-restoration/|/service-areas/bethel-park-pa/commercial-restoration/|/service-areas/bethel-park-pa/emergency-plumbing/|/service-areas/bethel-park-pa/emergency-water-removal/|/service-areas/bethel-park-pa/flood-damage-restoration/|/service-areas/bethel-park-pa/reconstruction/|/service-areas/bethel-park-pa/sewage-cleanup/|/service-areas/bethel-park-pa/smoke-damage-restoration/|/service-areas/bethel-park-pa/storm-damage-restoration/|/service-areas/bethel-park-pa/water-cleanup/|/service-areas/bethel-park-pa/basement-flooding-cleanup/|/service-areas/bethel-park-pa/biohazard-cleanup/|/service-areas/bethel-park-pa/burst-pipe-repair/|/service-areas/bethel-park-pa/ceiling-water-damage-repair/|/service-areas/bethel-park-pa/general-contracting/|/service-areas/bethel-park-pa/large-loss-response/|/service-areas/bethel-park-pa/mold-inspection-testing/|/service-areas/bethel-park-pa/emergency-board-up-tarping/|/service-areas/bethel-park-pa/industrial-restoration/|/service-areas/bethel-park-pa/water-heater-flood-cleanup/|/service-areas/bethel-park-pa/water-leak-detection/|/service-areas/bethel-park-pa/asbestos-abatement/|/service-areas/bethel-park-pa/air-duct-cleaning/|/service-areas/bethel-park-pa/contents-restoration-storage/|/service-areas/bethel-park-pa/lead-paint-abatement/|/service-areas/bethel-park-pa/carpet-cleaning/|/service-areas/bethel-park-pa/upholstery-cleaning/|/service-areas/allison-park-pa/|/service-areas/baldwin-pa/|/service-areas/carnegie-pa/,4.80,planned
/service-areas/carnegie-pa/,service-area,"Restoration Services in Carnegie, PA | Katofsky Construction LLC",Restoration Services in Carnegie,"Serving Carnegie, PA with 24/7 water, fire, mold, and storm damage restoration. IICRC-certified team. Call (412) 304-9284.",restoration services carnegie,carnegie restoration company|damage restoration carnegie|carnegie disaster restoration,local_commercial,,,900,hero|og|inline-1,local-business|service|breadcrumb-list,/service-areas/|/contact/|/service-areas/carnegie-pa/fire-damage-restoration/|/service-areas/carnegie-pa/mold-remediation/|/service-areas/carnegie-pa/roofing/|/service-areas/carnegie-pa/water-damage-restoration/|/service-areas/carnegie-pa/commercial-restoration/|/service-areas/carnegie-pa/emergency-plumbing/|/service-areas/carnegie-pa/emergency-water-removal/|/service-areas/carnegie-pa/flood-damage-restoration/|/service-areas/carnegie-pa/reconstruction/|/service-areas/carnegie-pa/sewage-cleanup/|/service-areas/carnegie-pa/smoke-damage-restoration/|/service-areas/carnegie-pa/storm-damage-restoration/|/service-areas/carnegie-pa/water-cleanup/|/service-areas/carnegie-pa/basement-flooding-cleanup/|/service-areas/carnegie-pa/biohazard-cleanup/|/service-areas/carnegie-pa/burst-pipe-repair/|/service-areas/carnegie-pa/ceiling-water-damage-repair/|/service-areas/carnegie-pa/general-contracting/|/service-areas/carnegie-pa/large-loss-response/|/service-areas/carnegie-pa/mold-inspection-testing/|/service-areas/carnegie-pa/emergency-board-up-tarping/|/service-areas/carnegie-pa/industrial-restoration/|/service-areas/carnegie-pa/water-heater-flood-cleanup/|/service-areas/carnegie-pa/water-leak-detection/|/service-areas/carnegie-pa/asbestos-abatement/|/service-areas/carnegie-pa/air-duct-cleaning/|/service-areas/carnegie-pa/contents-restoration-storage/|/service-areas/carnegie-pa/lead-paint-abatement/|/service-areas/carnegie-pa/carpet-cleaning/|/service-areas/carnegie-pa/upholstery-cleaning/|/service-areas/allison-park-pa/|/service-areas/baldwin-pa/|/service-areas/bethel-park-pa/,4.80,planned
/service-areas/castle-shannon-pa/,service-area,"Restoration Services in Castle Shannon, PA | Katofsky Construction LLC",Restoration Services in Castle Shannon,"Serving Castle Shannon, PA with 24/7 water, fire, mold, and storm damage restoration. IICRC-certified team. Call (412) 304-9284.",restoration services castle shannon,castle shannon restoration company|damage restoration castle shannon|castle shannon disaster restoration,local_commercial,,,900,hero|og|inline-1,local-business|service|breadcrumb-list,/service-areas/|/contact/|/service-areas/castle-shannon-pa/fire-damage-restoration/|/service-areas/castle-shannon-pa/mold-remediation/|/service-areas/castle-shannon-pa/roofing/|/service-areas/castle-shannon-pa/water-damage-restoration/|/service-areas/castle-shannon-pa/commercial-restoration/|/service-areas/castle-shannon-pa/emergency-plumbing/|/service-areas/castle-shannon-pa/emergency-water-removal/|/service-areas/castle-shannon-pa/flood-damage-restoration/|/service-areas/castle-shannon-pa/reconstruction/|/service-areas/castle-shannon-pa/sewage-cleanup/|/service-areas/castle-shannon-pa/smoke-damage-restoration/|/service-areas/castle-shannon-pa/storm-damage-restoration/|/service-areas/castle-shannon-pa/water-cleanup/|/service-areas/castle-shannon-pa/basement-flooding-cleanup/|/service-areas/castle-shannon-pa/biohazard-cleanup/|/service-areas/castle-shannon-pa/burst-pipe-repair/|/service-areas/castle-shannon-pa/ceiling-water-damage-repair/|/service-areas/castle-shannon-pa/general-contracting/|/service-areas/castle-shannon-pa/large-loss-response/|/service-areas/castle-shannon-pa/mold-inspection-testing/|/service-areas/castle-shannon-pa/emergency-board-up-tarping/|/service-areas/castle-shannon-pa/industrial-restoration/|/service-areas/castle-shannon-pa/water-heater-flood-cleanup/|/service-areas/castle-shannon-pa/water-leak-detection/|/service-areas/castle-shannon-pa/asbestos-abatement/|/service-areas/castle-shannon-pa/air-duct-cleaning/|/service-areas/castle-shannon-pa/contents-restoration-storage/|/service-areas/castle-shannon-pa/lead-paint-abatement/|/service-areas/castle-shannon-pa/carpet-cleaning/|/service-areas/castle-shannon-pa/upholstery-cleaning/|/service-areas/allison-park-pa/|/service-areas/baldwin-pa/|/service-areas/bethel-park-pa/,4.80,planned
/service-areas/churchill-pa/,service-area,"Restoration Services in Churchill, PA | Katofsky Construction LLC",Restoration Services in Churchill,"Serving Churchill, PA with 24/7 water, fire, mold, and storm damage restoration. IICRC-certified team. Call (412) 304-9284.",restoration services churchill,churchill restoration company|damage restoration churchill|churchill disaster restoration,local_commercial,,,900,hero|og|inline-1,local-business|service|breadcrumb-list,/service-areas/|/contact/|/service-areas/churchill-pa/fire-damage-restoration/|/service-areas/churchill-pa/mold-remediation/|/service-areas/churchill-pa/roofing/|/service-areas/churchill-pa/water-damage-restoration/|/service-areas/churchill-pa/commercial-restoration/|/service-areas/churchill-pa/emergency-plumbing/|/service-areas/churchill-pa/emergency-water-removal/|/service-areas/churchill-pa/flood-damage-restoration/|/service-areas/churchill-pa/reconstruction/|/service-areas/churchill-pa/sewage-cleanup/|/service-areas/churchill-pa/smoke-damage-restoration/|/service-areas/churchill-pa/storm-damage-restoration/|/service-areas/churchill-pa/water-cleanup/|/service-areas/churchill-pa/basement-flooding-cleanup/|/service-areas/churchill-pa/biohazard-cleanup/|/service-areas/churchill-pa/burst-pipe-repair/|/service-areas/churchill-pa/ceiling-water-damage-repair/|/service-areas/churchill-pa/general-contracting/|/service-areas/churchill-pa/large-loss-response/|/service-areas/churchill-pa/mold-inspection-testing/|/service-areas/churchill-pa/emergency-board-up-tarping/|/service-areas/churchill-pa/industrial-restoration/|/service-areas/churchill-pa/water-heater-flood-cleanup/|/service-areas/churchill-pa/water-leak-detection/|/service-areas/churchill-pa/asbestos-abatement/|/service-areas/churchill-pa/air-duct-cleaning/|/service-areas/churchill-pa/contents-restoration-storage/|/service-areas/churchill-pa/lead-paint-abatement/|/service-areas/churchill-pa/carpet-cleaning/|/service-areas/churchill-pa/upholstery-cleaning/|/service-areas/allison-park-pa/|/service-areas/baldwin-pa/|/service-areas/bethel-park-pa/,4.80,planned
/service-areas/duquesne-pa/,service-area,"Restoration Services in Duquesne, PA | Katofsky Construction LLC",Restoration Services in Duquesne,"Serving Duquesne, PA with 24/7 water, fire, mold, and storm damage restoration. IICRC-certified team. Call (412) 304-9284.",restoration services duquesne,duquesne restoration company|damage restoration duquesne|duquesne disaster restoration,local_commercial,,,900,hero|og|inline-1,local-business|service|breadcrumb-list,/service-areas/|/contact/|/service-areas/duquesne-pa/fire-damage-restoration/|/service-areas/duquesne-pa/mold-remediation/|/service-areas/duquesne-pa/roofing/|/service-areas/duquesne-pa/water-damage-restoration/|/service-areas/duquesne-pa/commercial-restoration/|/service-areas/duquesne-pa/emergency-plumbing/|/service-areas/duquesne-pa/emergency-water-removal/|/service-areas/duquesne-pa/flood-damage-restoration/|/service-areas/duquesne-pa/reconstruction/|/service-areas/duquesne-pa/sewage-cleanup/|/service-areas/duquesne-pa/smoke-damage-restoration/|/service-areas/duquesne-pa/storm-damage-restoration/|/service-areas/duquesne-pa/water-cleanup/|/service-areas/duquesne-pa/basement-flooding-cleanup/|/service-areas/duquesne-pa/biohazard-cleanup/|/service-areas/duquesne-pa/burst-pipe-repair/|/service-areas/duquesne-pa/ceiling-water-damage-repair/|/service-areas/duquesne-pa/general-contracting/|/service-areas/duquesne-pa/large-loss-response/|/service-areas/duquesne-pa/mold-inspection-testing/|/service-areas/duquesne-pa/emergency-board-up-tarping/|/service-areas/duquesne-pa/industrial-restoration/|/service-areas/duquesne-pa/water-heater-flood-cleanup/|/service-areas/duquesne-pa/water-leak-detection/|/service-areas/duquesne-pa/asbestos-abatement/|/service-areas/duquesne-pa/air-duct-cleaning/|/service-areas/duquesne-pa/contents-restoration-storage/|/service-areas/duquesne-pa/lead-paint-abatement/|/service-areas/duquesne-pa/carpet-cleaning/|/service-areas/duquesne-pa/upholstery-cleaning/|/service-areas/allison-park-pa/|/service-areas/baldwin-pa/|/service-areas/bethel-park-pa/,4.80,planned
/service-areas/forest-hills-pa/,service-area,"Restoration Services in Forest Hills, PA | Katofsky Construction LLC",Restoration Services in Forest Hills,"Serving Forest Hills, PA with 24/7 water, fire, mold, and storm damage restoration. IICRC-certified team. Call (412) 304-9284.",restoration services forest hills,forest hills restoration company|damage restoration forest hills|forest hills disaster restoration,local_commercial,,,900,hero|og|inline-1,local-business|service|breadcrumb-list,/service-areas/|/contact/|/service-areas/forest-hills-pa/fire-damage-restoration/|/service-areas/forest-hills-pa/mold-remediation/|/service-areas/forest-hills-pa/roofing/|/service-areas/forest-hills-pa/water-damage-restoration/|/service-areas/forest-hills-pa/commercial-restoration/|/service-areas/forest-hills-pa/emergency-plumbing/|/service-areas/forest-hills-pa/emergency-water-removal/|/service-areas/forest-hills-pa/flood-damage-restoration/|/service-areas/forest-hills-pa/reconstruction/|/service-areas/forest-hills-pa/sewage-cleanup/|/service-areas/forest-hills-pa/smoke-damage-restoration/|/service-areas/forest-hills-pa/storm-damage-restoration/|/service-areas/forest-hills-pa/water-cleanup/|/service-areas/forest-hills-pa/basement-flooding-cleanup/|/service-areas/forest-hills-pa/biohazard-cleanup/|/service-areas/forest-hills-pa/burst-pipe-repair/|/service-areas/forest-hills-pa/ceiling-water-damage-repair/|/service-areas/forest-hills-pa/general-contracting/|/service-areas/forest-hills-pa/large-loss-response/|/service-areas/forest-hills-pa/mold-inspection-testing/|/service-areas/forest-hills-pa/emergency-board-up-tarping/|/service-areas/forest-hills-pa/industrial-restoration/|/service-areas/forest-hills-pa/water-heater-flood-cleanup/|/service-areas/forest-hills-pa/water-leak-detection/|/service-areas/forest-hills-pa/asbestos-abatement/|/service-areas/forest-hills-pa/air-duct-cleaning/|/service-areas/forest-hills-pa/contents-restoration-storage/|/service-areas/forest-hills-pa/lead-paint-abatement/|/service-areas/forest-hills-pa/carpet-cleaning/|/service-areas/forest-hills-pa/upholstery-cleaning/|/service-areas/allison-park-pa/|/service-areas/baldwin-pa/|/service-areas/bethel-park-pa/,4.80,planned
/service-areas/fox-chapel-pa/,service-area,"Restoration Services in Fox Chapel, PA | Katofsky Construction LLC",Restoration Services in Fox Chapel,"Serving Fox Chapel, PA with 24/7 water, fire, mold, and storm damage restoration. IICRC-certified team. Call (412) 304-9284.",restoration services fox chapel,fox chapel restoration company|damage restoration fox chapel|fox chapel disaster restoration,local_commercial,,,900,hero|og|inline-1,local-business|service|breadcrumb-list,/service-areas/|/contact/|/service-areas/fox-chapel-pa/fire-damage-restoration/|/service-areas/fox-chapel-pa/mold-remediation/|/service-areas/fox-chapel-pa/roofing/|/service-areas/fox-chapel-pa/water-damage-restoration/|/service-areas/fox-chapel-pa/commercial-restoration/|/service-areas/fox-chapel-pa/emergency-plumbing/|/service-areas/fox-chapel-pa/emergency-water-removal/|/service-areas/fox-chapel-pa/flood-damage-restoration/|/service-areas/fox-chapel-pa/reconstruction/|/service-areas/fox-chapel-pa/sewage-cleanup/|/service-areas/fox-chapel-pa/smoke-damage-restoration/|/service-areas/fox-chapel-pa/storm-damage-restoration/|/service-areas/fox-chapel-pa/water-cleanup/|/service-areas/fox-chapel-pa/basement-flooding-cleanup/|/service-areas/fox-chapel-pa/biohazard-cleanup/|/service-areas/fox-chapel-pa/burst-pipe-repair/|/service-areas/fox-chapel-pa/ceiling-water-damage-repair/|/service-areas/fox-chapel-pa/general-contracting/|/service-areas/fox-chapel-pa/large-loss-response/|/service-areas/fox-chapel-pa/mold-inspection-testing/|/service-areas/fox-chapel-pa/emergency-board-up-tarping/|/service-areas/fox-chapel-pa/industrial-restoration/|/service-areas/fox-chapel-pa/water-heater-flood-cleanup/|/service-areas/fox-chapel-pa/water-leak-detection/|/service-areas/fox-chapel-pa/asbestos-abatement/|/service-areas/fox-chapel-pa/air-duct-cleaning/|/service-areas/fox-chapel-pa/contents-restoration-storage/|/service-areas/fox-chapel-pa/lead-paint-abatement/|/service-areas/fox-chapel-pa/carpet-cleaning/|/service-areas/fox-chapel-pa/upholstery-cleaning/|/service-areas/allison-park-pa/|/service-areas/baldwin-pa/|/service-areas/bethel-park-pa/,4.80,planned
/service-areas/glenshaw-pa/,service-area,"Restoration Services in Glenshaw, PA | Katofsky Construction LLC",Restoration Services in Glenshaw,"Serving Glenshaw, PA with 24/7 water, fire, mold, and storm damage restoration. IICRC-certified team. Call (412) 304-9284.",restoration services glenshaw,glenshaw restoration company|damage restoration glenshaw|glenshaw disaster restoration,local_commercial,,,900,hero|og|inline-1,local-business|service|breadcrumb-list,/service-areas/|/contact/|/service-areas/glenshaw-pa/fire-damage-restoration/|/service-areas/glenshaw-pa/mold-remediation/|/service-areas/glenshaw-pa/roofing/|/service-areas/glenshaw-pa/water-damage-restoration/|/service-areas/glenshaw-pa/commercial-restoration/|/service-areas/glenshaw-pa/emergency-plumbing/|/service-areas/glenshaw-pa/emergency-water-removal/|/service-areas/glenshaw-pa/flood-damage-restoration/|/service-areas/glenshaw-pa/reconstruction/|/service-areas/glenshaw-pa/sewage-cleanup/|/service-areas/glenshaw-pa/smoke-damage-restoration/|/service-areas/glenshaw-pa/storm-damage-restoration/|/service-areas/glenshaw-pa/water-cleanup/|/service-areas/glenshaw-pa/basement-flooding-cleanup/|/service-areas/glenshaw-pa/biohazard-cleanup/|/service-areas/glenshaw-pa/burst-pipe-repair/|/service-areas/glenshaw-pa/ceiling-water-damage-repair/|/service-areas/glenshaw-pa/general-contracting/|/service-areas/glenshaw-pa/large-loss-response/|/service-areas/glenshaw-pa/mold-inspection-testing/|/service-areas/glenshaw-pa/emergency-board-up-tarping/|/service-areas/glenshaw-pa/industrial-restoration/|/service-areas/glenshaw-pa/water-heater-flood-cleanup/|/service-areas/glenshaw-pa/water-leak-detection/|/service-areas/glenshaw-pa/asbestos-abatement/|/service-areas/glenshaw-pa/air-duct-cleaning/|/service-areas/glenshaw-pa/contents-restoration-storage/|/service-areas/glenshaw-pa/lead-paint-abatement/|/service-areas/glenshaw-pa/carpet-cleaning/|/service-areas/glenshaw-pa/upholstery-cleaning/|/service-areas/allison-park-pa/|/service-areas/baldwin-pa/|/service-areas/bethel-park-pa/,4.80,planned
/service-areas/green-tree-pa/,service-area,"Restoration Services in Green Tree, PA | Katofsky Construction LLC",Restoration Services in Green Tree,"Serving Green Tree, PA with 24/7 water, fire, mold, and storm damage restoration. IICRC-certified team. Call (412) 304-9284.",restoration services green tree,green tree restoration company|damage restoration green tree|green tree disaster restoration,local_commercial,,,900,hero|og|inline-1,local-business|service|breadcrumb-list,/service-areas/|/contact/|/service-areas/green-tree-pa/fire-damage-restoration/|/service-areas/green-tree-pa/mold-remediation/|/service-areas/green-tree-pa/roofing/|/service-areas/green-tree-pa/water-damage-restoration/|/service-areas/green-tree-pa/commercial-restoration/|/service-areas/green-tree-pa/emergency-plumbing/|/service-areas/green-tree-pa/emergency-water-removal/|/service-areas/green-tree-pa/flood-damage-restoration/|/service-areas/green-tree-pa/reconstruction/|/service-areas/green-tree-pa/sewage-cleanup/|/service-areas/green-tree-pa/smoke-damage-restoration/|/service-areas/green-tree-pa/storm-damage-restoration/|/service-areas/green-tree-pa/water-cleanup/|/service-areas/green-tree-pa/basement-flooding-cleanup/|/service-areas/green-tree-pa/biohazard-cleanup/|/service-areas/green-tree-pa/burst-pipe-repair/|/service-areas/green-tree-pa/ceiling-water-damage-repair/|/service-areas/green-tree-pa/general-contracting/|/service-areas/green-tree-pa/large-loss-response/|/service-areas/green-tree-pa/mold-inspection-testing/|/service-areas/green-tree-pa/emergency-board-up-tarping/|/service-areas/green-tree-pa/industrial-restoration/|/service-areas/green-tree-pa/water-heater-flood-cleanup/|/service-areas/green-tree-pa/water-leak-detection/|/service-areas/green-tree-pa/asbestos-abatement/|/service-areas/green-tree-pa/air-duct-cleaning/|/service-areas/green-tree-pa/contents-restoration-storage/|/service-areas/green-tree-pa/lead-paint-abatement/|/service-areas/green-tree-pa/carpet-cleaning/|/service-areas/green-tree-pa/upholstery-cleaning/|/service-areas/allison-park-pa/|/service-areas/baldwin-pa/|/service-areas/bethel-park-pa/,4.80,planned
/service-areas/greensburg-pa/,service-area,"Restoration Services in Greensburg, PA | Katofsky Construction LLC",Restoration Services in Greensburg,"Serving Greensburg, PA with 24/7 water, fire, mold, and storm damage restoration. IICRC-certified team. Call (412) 304-9284.",restoration services greensburg,greensburg restoration company|damage restoration greensburg|greensburg disaster restoration,local_commercial,,,900,hero|og|inline-1,local-business|service|breadcrumb-list,/service-areas/|/contact/|/service-areas/greensburg-pa/fire-damage-restoration/|/service-areas/greensburg-pa/mold-remediation/|/service-areas/greensburg-pa/roofing/|/service-areas/greensburg-pa/water-damage-restoration/|/service-areas/greensburg-pa/commercial-restoration/|/service-areas/greensburg-pa/emergency-plumbing/|/service-areas/greensburg-pa/emergency-water-removal/|/service-areas/greensburg-pa/flood-damage-restoration/|/service-areas/greensburg-pa/reconstruction/|/service-areas/greensburg-pa/sewage-cleanup/|/service-areas/greensburg-pa/smoke-damage-restoration/|/service-areas/greensburg-pa/storm-damage-restoration/|/service-areas/greensburg-pa/water-cleanup/|/service-areas/greensburg-pa/basement-flooding-cleanup/|/service-areas/greensburg-pa/biohazard-cleanup/|/service-areas/greensburg-pa/burst-pipe-repair/|/service-areas/greensburg-pa/ceiling-water-damage-repair/|/service-areas/greensburg-pa/general-contracting/|/service-areas/greensburg-pa/large-loss-response/|/service-areas/greensburg-pa/mold-inspection-testing/|/service-areas/greensburg-pa/emergency-board-up-tarping/|/service-areas/greensburg-pa/industrial-restoration/|/service-areas/greensburg-pa/water-heater-flood-cleanup/|/service-areas/greensburg-pa/water-leak-detection/|/service-areas/greensburg-pa/asbestos-abatement/|/service-areas/greensburg-pa/air-duct-cleaning/|/service-areas/greensburg-pa/contents-restoration-storage/|/service-areas/greensburg-pa/lead-paint-abatement/|/service-areas/greensburg-pa/carpet-cleaning/|/service-areas/greensburg-pa/upholstery-cleaning/|/service-areas/allison-park-pa/|/service-areas/baldwin-pa/|/service-areas/bethel-park-pa/,4.80,planned
/service-areas/hempfield-township-pa/,service-area,"Restoration Services in Hempfield Township, PA | Katofsky Construction LLC",Restoration Services in Hempfield Township,"Serving Hempfield Township, PA with 24/7 water, fire, mold, and storm damage restoration. IICRC-certified team. Call (412) 304-9284.",restoration services hempfield township,hempfield township restoration company|damage restoration hempfield township|hempfield township disaster restoration,local_commercial,,,900,hero|og|inline-1,local-business|service|breadcrumb-list,/service-areas/|/contact/|/service-areas/hempfield-township-pa/fire-damage-restoration/|/service-areas/hempfield-township-pa/mold-remediation/|/service-areas/hempfield-township-pa/roofing/|/service-areas/hempfield-township-pa/water-damage-restoration/|/service-areas/hempfield-township-pa/commercial-restoration/|/service-areas/hempfield-township-pa/emergency-plumbing/|/service-areas/hempfield-township-pa/emergency-water-removal/|/service-areas/hempfield-township-pa/flood-damage-restoration/|/service-areas/hempfield-township-pa/reconstruction/|/service-areas/hempfield-township-pa/sewage-cleanup/|/service-areas/hempfield-township-pa/smoke-damage-restoration/|/service-areas/hempfield-township-pa/storm-damage-restoration/|/service-areas/hempfield-township-pa/water-cleanup/|/service-areas/hempfield-township-pa/basement-flooding-cleanup/|/service-areas/hempfield-township-pa/biohazard-cleanup/|/service-areas/hempfield-township-pa/burst-pipe-repair/|/service-areas/hempfield-township-pa/ceiling-water-damage-repair/|/service-areas/hempfield-township-pa/general-contracting/|/service-areas/hempfield-township-pa/large-loss-response/|/service-areas/hempfield-township-pa/mold-inspection-testing/|/service-areas/hempfield-township-pa/emergency-board-up-tarping/|/service-areas/hempfield-township-pa/industrial-restoration/|/service-areas/hempfield-township-pa/water-heater-flood-cleanup/|/service-areas/hempfield-township-pa/water-leak-detection/|/service-areas/hempfield-township-pa/asbestos-abatement/|/service-areas/hempfield-township-pa/air-duct-cleaning/|/service-areas/hempfield-township-pa/contents-restoration-storage/|/service-areas/hempfield-township-pa/lead-paint-abatement/|/service-areas/hempfield-township-pa/carpet-cleaning/|/service-areas/hempfield-township-pa/upholstery-cleaning/|/service-areas/allison-park-pa/|/service-areas/baldwin-pa/|/service-areas/bethel-park-pa/,4.80,planned
/service-areas/jeannette-pa/,service-area,"Restoration Services in Jeannette, PA | Katofsky Construction LLC",Restoration Services in Jeannette,"Serving Jeannette, PA with 24/7 water, fire, mold, and storm damage restoration. IICRC-certified team. Call (412) 304-9284.",restoration services jeannette,jeannette restoration company|damage restoration jeannette|jeannette disaster restoration,local_commercial,,,900,hero|og|inline-1,local-business|service|breadcrumb-list,/service-areas/|/contact/|/service-areas/jeannette-pa/fire-damage-restoration/|/service-areas/jeannette-pa/mold-remediation/|/service-areas/jeannette-pa/roofing/|/service-areas/jeannette-pa/water-damage-restoration/|/service-areas/jeannette-pa/commercial-restoration/|/service-areas/jeannette-pa/emergency-plumbing/|/service-areas/jeannette-pa/emergency-water-removal/|/service-areas/jeannette-pa/flood-damage-restoration/|/service-areas/jeannette-pa/reconstruction/|/service-areas/jeannette-pa/sewage-cleanup/|/service-areas/jeannette-pa/smoke-damage-restoration/|/service-areas/jeannette-pa/storm-damage-restoration/|/service-areas/jeannette-pa/water-cleanup/|/service-areas/jeannette-pa/basement-flooding-cleanup/|/service-areas/jeannette-pa/biohazard-cleanup/|/service-areas/jeannette-pa/burst-pipe-repair/|/service-areas/jeannette-pa/ceiling-water-damage-repair/|/service-areas/jeannette-pa/general-contracting/|/service-areas/jeannette-pa/large-loss-response/|/service-areas/jeannette-pa/mold-inspection-testing/|/service-areas/jeannette-pa/emergency-board-up-tarping/|/service-areas/jeannette-pa/industrial-restoration/|/service-areas/jeannette-pa/water-heater-flood-cleanup/|/service-areas/jeannette-pa/water-leak-detection/|/service-areas/jeannette-pa/asbestos-abatement/|/service-areas/jeannette-pa/air-duct-cleaning/|/service-areas/jeannette-pa/contents-restoration-storage/|/service-areas/jeannette-pa/lead-paint-abatement/|/service-areas/jeannette-pa/carpet-cleaning/|/service-areas/jeannette-pa/upholstery-cleaning/|/service-areas/allison-park-pa/|/service-areas/baldwin-pa/|/service-areas/bethel-park-pa/,4.80,planned
/service-areas/jefferson-hills-pa/,service-area,"Restoration Services in Jefferson Hills, PA | Katofsky Construction LLC",Restoration Services in Jefferson Hills,"Serving Jefferson Hills, PA with 24/7 water, fire, mold, and storm damage restoration. IICRC-certified team. Call (412) 304-9284.",restoration services jefferson hills,jefferson hills restoration company|damage restoration jefferson hills|jefferson hills disaster restoration,local_commercial,,,900,hero|og|inline-1,local-business|service|breadcrumb-list,/service-areas/|/contact/|/service-areas/jefferson-hills-pa/fire-damage-restoration/|/service-areas/jefferson-hills-pa/mold-remediation/|/service-areas/jefferson-hills-pa/roofing/|/service-areas/jefferson-hills-pa/water-damage-restoration/|/service-areas/jefferson-hills-pa/commercial-restoration/|/service-areas/jefferson-hills-pa/emergency-plumbing/|/service-areas/jefferson-hills-pa/emergency-water-removal/|/service-areas/jefferson-hills-pa/flood-damage-restoration/|/service-areas/jefferson-hills-pa/reconstruction/|/service-areas/jefferson-hills-pa/sewage-cleanup/|/service-areas/jefferson-hills-pa/smoke-damage-restoration/|/service-areas/jefferson-hills-pa/storm-damage-restoration/|/service-areas/jefferson-hills-pa/water-cleanup/|/service-areas/jefferson-hills-pa/basement-flooding-cleanup/|/service-areas/jefferson-hills-pa/biohazard-cleanup/|/service-areas/jefferson-hills-pa/burst-pipe-repair/|/service-areas/jefferson-hills-pa/ceiling-water-damage-repair/|/service-areas/jefferson-hills-pa/general-contracting/|/service-areas/jefferson-hills-pa/large-loss-response/|/service-areas/jefferson-hills-pa/mold-inspection-testing/|/service-areas/jefferson-hills-pa/emergency-board-up-tarping/|/service-areas/jefferson-hills-pa/industrial-restoration/|/service-areas/jefferson-hills-pa/water-heater-flood-cleanup/|/service-areas/jefferson-hills-pa/water-leak-detection/|/service-areas/jefferson-hills-pa/asbestos-abatement/|/service-areas/jefferson-hills-pa/air-duct-cleaning/|/service-areas/jefferson-hills-pa/contents-restoration-storage/|/service-areas/jefferson-hills-pa/lead-paint-abatement/|/service-areas/jefferson-hills-pa/carpet-cleaning/|/service-areas/jefferson-hills-pa/upholstery-cleaning/|/service-areas/allison-park-pa/|/service-areas/baldwin-pa/|/service-areas/bethel-park-pa/,4.80,planned
/service-areas/latrobe-pa/,service-area,"Restoration Services in Latrobe, PA | Katofsky Construction LLC",Restoration Services in Latrobe,"Serving Latrobe, PA with 24/7 water, fire, mold, and storm damage restoration. IICRC-certified team. Call (412) 304-9284.",restoration services latrobe,latrobe restoration company|damage restoration latrobe|latrobe disaster restoration,local_commercial,,,900,hero|og|inline-1,local-business|service|breadcrumb-list,/service-areas/|/contact/|/service-areas/latrobe-pa/fire-damage-restoration/|/service-areas/latrobe-pa/mold-remediation/|/service-areas/latrobe-pa/roofing/|/service-areas/latrobe-pa/water-damage-restoration/|/service-areas/latrobe-pa/commercial-restoration/|/service-areas/latrobe-pa/emergency-plumbing/|/service-areas/latrobe-pa/emergency-water-removal/|/service-areas/latrobe-pa/flood-damage-restoration/|/service-areas/latrobe-pa/reconstruction/|/service-areas/latrobe-pa/sewage-cleanup/|/service-areas/latrobe-pa/smoke-damage-restoration/|/service-areas/latrobe-pa/storm-damage-restoration/|/service-areas/latrobe-pa/water-cleanup/|/service-areas/latrobe-pa/basement-flooding-cleanup/|/service-areas/latrobe-pa/biohazard-cleanup/|/service-areas/latrobe-pa/burst-pipe-repair/|/service-areas/latrobe-pa/ceiling-water-damage-repair/|/service-areas/latrobe-pa/general-contracting/|/service-areas/latrobe-pa/large-loss-response/|/service-areas/latrobe-pa/mold-inspection-testing/|/service-areas/latrobe-pa/emergency-board-up-tarping/|/service-areas/latrobe-pa/industrial-restoration/|/service-areas/latrobe-pa/water-heater-flood-cleanup/|/service-areas/latrobe-pa/water-leak-detection/|/service-areas/latrobe-pa/asbestos-abatement/|/service-areas/latrobe-pa/air-duct-cleaning/|/service-areas/latrobe-pa/contents-restoration-storage/|/service-areas/latrobe-pa/lead-paint-abatement/|/service-areas/latrobe-pa/carpet-cleaning/|/service-areas/latrobe-pa/upholstery-cleaning/|/service-areas/allison-park-pa/|/service-areas/baldwin-pa/|/service-areas/bethel-park-pa/,4.80,planned
/service-areas/lower-burrell-pa/,service-area,"Restoration Services in Lower Burrell, PA | Katofsky Construction LLC",Restoration Services in Lower Burrell,"Serving Lower Burrell, PA with 24/7 water, fire, mold, and storm damage restoration. IICRC-certified team. Call (412) 304-9284.",restoration services lower burrell,lower burrell restoration company|damage restoration lower burrell|lower burrell disaster restoration,local_commercial,,,900,hero|og|inline-1,local-business|service|breadcrumb-list,/service-areas/|/contact/|/service-areas/lower-burrell-pa/fire-damage-restoration/|/service-areas/lower-burrell-pa/mold-remediation/|/service-areas/lower-burrell-pa/roofing/|/service-areas/lower-burrell-pa/water-damage-restoration/|/service-areas/lower-burrell-pa/commercial-restoration/|/service-areas/lower-burrell-pa/emergency-plumbing/|/service-areas/lower-burrell-pa/emergency-water-removal/|/service-areas/lower-burrell-pa/flood-damage-restoration/|/service-areas/lower-burrell-pa/reconstruction/|/service-areas/lower-burrell-pa/sewage-cleanup/|/service-areas/lower-burrell-pa/smoke-damage-restoration/|/service-areas/lower-burrell-pa/storm-damage-restoration/|/service-areas/lower-burrell-pa/water-cleanup/|/service-areas/lower-burrell-pa/basement-flooding-cleanup/|/service-areas/lower-burrell-pa/biohazard-cleanup/|/service-areas/lower-burrell-pa/burst-pipe-repair/|/service-areas/lower-burrell-pa/ceiling-water-damage-repair/|/service-areas/lower-burrell-pa/general-contracting/|/service-areas/lower-burrell-pa/large-loss-response/|/service-areas/lower-burrell-pa/mold-inspection-testing/|/service-areas/lower-burrell-pa/emergency-board-up-tarping/|/service-areas/lower-burrell-pa/industrial-restoration/|/service-areas/lower-burrell-pa/water-heater-flood-cleanup/|/service-areas/lower-burrell-pa/water-leak-detection/|/service-areas/lower-burrell-pa/asbestos-abatement/|/service-areas/lower-burrell-pa/air-duct-cleaning/|/service-areas/lower-burrell-pa/contents-restoration-storage/|/service-areas/lower-burrell-pa/lead-paint-abatement/|/service-areas/lower-burrell-pa/carpet-cleaning/|/service-areas/lower-burrell-pa/upholstery-cleaning/|/service-areas/allison-park-pa/|/service-areas/baldwin-pa/|/service-areas/bethel-park-pa/,4.80,planned
/service-areas/mccandless-pa/,service-area,"Restoration Services in McCandless, PA | Katofsky Construction LLC",Restoration Services in McCandless,"Serving McCandless, PA with 24/7 water, fire, mold, and storm damage restoration. IICRC-certified team. Call (412) 304-9284.",restoration services mccandless,mccandless restoration company|damage restoration mccandless|mccandless disaster restoration,local_commercial,,,900,hero|og|inline-1,local-business|service|breadcrumb-list,/service-areas/|/contact/|/service-areas/mccandless-pa/fire-damage-restoration/|/service-areas/mccandless-pa/mold-remediation/|/service-areas/mccandless-pa/roofing/|/service-areas/mccandless-pa/water-damage-restoration/|/service-areas/mccandless-pa/commercial-restoration/|/service-areas/mccandless-pa/emergency-plumbing/|/service-areas/mccandless-pa/emergency-water-removal/|/service-areas/mccandless-pa/flood-damage-restoration/|/service-areas/mccandless-pa/reconstruction/|/service-areas/mccandless-pa/sewage-cleanup/|/service-areas/mccandless-pa/smoke-damage-restoration/|/service-areas/mccandless-pa/storm-damage-restoration/|/service-areas/mccandless-pa/water-cleanup/|/service-areas/mccandless-pa/basement-flooding-cleanup/|/service-areas/mccandless-pa/biohazard-cleanup/|/service-areas/mccandless-pa/burst-pipe-repair/|/service-areas/mccandless-pa/ceiling-water-damage-repair/|/service-areas/mccandless-pa/general-contracting/|/service-areas/mccandless-pa/large-loss-response/|/service-areas/mccandless-pa/mold-inspection-testing/|/service-areas/mccandless-pa/emergency-board-up-tarping/|/service-areas/mccandless-pa/industrial-restoration/|/service-areas/mccandless-pa/water-heater-flood-cleanup/|/service-areas/mccandless-pa/water-leak-detection/|/service-areas/mccandless-pa/asbestos-abatement/|/service-areas/mccandless-pa/air-duct-cleaning/|/service-areas/mccandless-pa/contents-restoration-storage/|/service-areas/mccandless-pa/lead-paint-abatement/|/service-areas/mccandless-pa/carpet-cleaning/|/service-areas/mccandless-pa/upholstery-cleaning/|/service-areas/allison-park-pa/|/service-areas/baldwin-pa/|/service-areas/bethel-park-pa/,4.80,planned
/service-areas/mckeesport-pa/,service-area,"Restoration Services in McKeesport, PA | Katofsky Construction LLC",Restoration Services in McKeesport,"Serving McKeesport, PA with 24/7 water, fire, mold, and storm damage restoration. IICRC-certified team. Call (412) 304-9284.",restoration services mckeesport,mckeesport restoration company|damage restoration mckeesport|mckeesport disaster restoration,local_commercial,,,900,hero|og|inline-1,local-business|service|breadcrumb-list,/service-areas/|/contact/|/service-areas/mckeesport-pa/fire-damage-restoration/|/service-areas/mckeesport-pa/mold-remediation/|/service-areas/mckeesport-pa/roofing/|/service-areas/mckeesport-pa/water-damage-restoration/|/service-areas/mckeesport-pa/commercial-restoration/|/service-areas/mckeesport-pa/emergency-plumbing/|/service-areas/mckeesport-pa/emergency-water-removal/|/service-areas/mckeesport-pa/flood-damage-restoration/|/service-areas/mckeesport-pa/reconstruction/|/service-areas/mckeesport-pa/sewage-cleanup/|/service-areas/mckeesport-pa/smoke-damage-restoration/|/service-areas/mckeesport-pa/storm-damage-restoration/|/service-areas/mckeesport-pa/water-cleanup/|/service-areas/mckeesport-pa/basement-flooding-cleanup/|/service-areas/mckeesport-pa/biohazard-cleanup/|/service-areas/mckeesport-pa/burst-pipe-repair/|/service-areas/mckeesport-pa/ceiling-water-damage-repair/|/service-areas/mckeesport-pa/general-contracting/|/service-areas/mckeesport-pa/large-loss-response/|/service-areas/mckeesport-pa/mold-inspection-testing/|/service-areas/mckeesport-pa/emergency-board-up-tarping/|/service-areas/mckeesport-pa/industrial-restoration/|/service-areas/mckeesport-pa/water-heater-flood-cleanup/|/service-areas/mckeesport-pa/water-leak-detection/|/service-areas/mckeesport-pa/asbestos-abatement/|/service-areas/mckeesport-pa/air-duct-cleaning/|/service-areas/mckeesport-pa/contents-restoration-storage/|/service-areas/mckeesport-pa/lead-paint-abatement/|/service-areas/mckeesport-pa/carpet-cleaning/|/service-areas/mckeesport-pa/upholstery-cleaning/|/service-areas/allison-park-pa/|/service-areas/baldwin-pa/|/service-areas/bethel-park-pa/,4.80,planned
/service-areas/monroeville-pa/,service-area,"Restoration Services in Monroeville, PA | Katofsky Construction LLC",Restoration Services in Monroeville,"Serving Monroeville, PA with 24/7 water, fire, mold, and storm damage restoration. IICRC-certified team. Call (412) 304-9284.",restoration services monroeville,monroeville restoration company|damage restoration monroeville|monroeville disaster restoration,local_commercial,,,900,hero|og|inline-1,local-business|service|breadcrumb-list,/service-areas/|/contact/|/service-areas/monroeville-pa/fire-damage-restoration/|/service-areas/monroeville-pa/mold-remediation/|/service-areas/monroeville-pa/roofing/|/service-areas/monroeville-pa/water-damage-restoration/|/service-areas/monroeville-pa/commercial-restoration/|/service-areas/monroeville-pa/emergency-plumbing/|/service-areas/monroeville-pa/emergency-water-removal/|/service-areas/monroeville-pa/flood-damage-restoration/|/service-areas/monroeville-pa/reconstruction/|/service-areas/monroeville-pa/sewage-cleanup/|/service-areas/monroeville-pa/smoke-damage-restoration/|/service-areas/monroeville-pa/storm-damage-restoration/|/service-areas/monroeville-pa/water-cleanup/|/service-areas/monroeville-pa/basement-flooding-cleanup/|/service-areas/monroeville-pa/biohazard-cleanup/|/service-areas/monroeville-pa/burst-pipe-repair/|/service-areas/monroeville-pa/ceiling-water-damage-repair/|/service-areas/monroeville-pa/general-contracting/|/service-areas/monroeville-pa/large-loss-response/|/service-areas/monroeville-pa/mold-inspection-testing/|/service-areas/monroeville-pa/emergency-board-up-tarping/|/service-areas/monroeville-pa/industrial-restoration/|/service-areas/monroeville-pa/water-heater-flood-cleanup/|/service-areas/monroeville-pa/water-leak-detection/|/service-areas/monroeville-pa/asbestos-abatement/|/service-areas/monroeville-pa/air-duct-cleaning/|/service-areas/monroeville-pa/contents-restoration-storage/|/service-areas/monroeville-pa/lead-paint-abatement/|/service-areas/monroeville-pa/carpet-cleaning/|/service-areas/monroeville-pa/upholstery-cleaning/|/service-areas/allison-park-pa/|/service-areas/baldwin-pa/|/service-areas/bethel-park-pa/,4.80,planned
/service-areas/mount-lebanon-pa/,service-area,"Restoration Services in Mount Lebanon, PA | Katofsky Construction LLC",Restoration Services in Mount Lebanon,"Serving Mount Lebanon, PA with 24/7 water, fire, mold, and storm damage restoration. IICRC-certified team. Call (412) 304-9284.",restoration services mount lebanon,mount lebanon restoration company|damage restoration mount lebanon|mount lebanon disaster restoration,local_commercial,,,900,hero|og|inline-1,local-business|service|breadcrumb-list,/service-areas/|/contact/|/service-areas/mount-lebanon-pa/fire-damage-restoration/|/service-areas/mount-lebanon-pa/mold-remediation/|/service-areas/mount-lebanon-pa/roofing/|/service-areas/mount-lebanon-pa/water-damage-restoration/|/service-areas/mount-lebanon-pa/commercial-restoration/|/service-areas/mount-lebanon-pa/emergency-plumbing/|/service-areas/mount-lebanon-pa/emergency-water-removal/|/service-areas/mount-lebanon-pa/flood-damage-restoration/|/service-areas/mount-lebanon-pa/reconstruction/|/service-areas/mount-lebanon-pa/sewage-cleanup/|/service-areas/mount-lebanon-pa/smoke-damage-restoration/|/service-areas/mount-lebanon-pa/storm-damage-restoration/|/service-areas/mount-lebanon-pa/water-cleanup/|/service-areas/mount-lebanon-pa/basement-flooding-cleanup/|/service-areas/mount-lebanon-pa/biohazard-cleanup/|/service-areas/mount-lebanon-pa/burst-pipe-repair/|/service-areas/mount-lebanon-pa/ceiling-water-damage-repair/|/service-areas/mount-lebanon-pa/general-contracting/|/service-areas/mount-lebanon-pa/large-loss-response/|/service-areas/mount-lebanon-pa/mold-inspection-testing/|/service-areas/mount-lebanon-pa/emergency-board-up-tarping/|/service-areas/mount-lebanon-pa/industrial-restoration/|/service-areas/mount-lebanon-pa/water-heater-flood-cleanup/|/service-areas/mount-lebanon-pa/water-leak-detection/|/service-areas/mount-lebanon-pa/asbestos-abatement/|/service-areas/mount-lebanon-pa/air-duct-cleaning/|/service-areas/mount-lebanon-pa/contents-restoration-storage/|/service-areas/mount-lebanon-pa/lead-paint-abatement/|/service-areas/mount-lebanon-pa/carpet-cleaning/|/service-areas/mount-lebanon-pa/upholstery-cleaning/|/service-areas/allison-park-pa/|/service-areas/baldwin-pa/|/service-areas/bethel-park-pa/,4.80,planned
/service-areas/munhall-pa/,service-area,"Restoration Services in Munhall, PA | Katofsky Construction LLC",Restoration Services in Munhall,"Serving Munhall, PA with 24/7 water, fire, mold, and storm damage restoration. IICRC-certified team. Call (412) 304-9284.",restoration services munhall,munhall restoration company|damage restoration munhall|munhall disaster restoration,local_commercial,,,900,hero|og|inline-1,local-business|service|breadcrumb-list,/service-areas/|/contact/|/service-areas/munhall-pa/fire-damage-restoration/|/service-areas/munhall-pa/mold-remediation/|/service-areas/munhall-pa/roofing/|/service-areas/munhall-pa/water-damage-restoration/|/service-areas/munhall-pa/commercial-restoration/|/service-areas/munhall-pa/emergency-plumbing/|/service-areas/munhall-pa/emergency-water-removal/|/service-areas/munhall-pa/flood-damage-restoration/|/service-areas/munhall-pa/reconstruction/|/service-areas/munhall-pa/sewage-cleanup/|/service-areas/munhall-pa/smoke-damage-restoration/|/service-areas/munhall-pa/storm-damage-restoration/|/service-areas/munhall-pa/water-cleanup/|/service-areas/munhall-pa/basement-flooding-cleanup/|/service-areas/munhall-pa/biohazard-cleanup/|/service-areas/munhall-pa/burst-pipe-repair/|/service-areas/munhall-pa/ceiling-water-damage-repair/|/service-areas/munhall-pa/general-contracting/|/service-areas/munhall-pa/large-loss-response/|/service-areas/munhall-pa/mold-inspection-testing/|/service-areas/munhall-pa/emergency-board-up-tarping/|/service-areas/munhall-pa/industrial-restoration/|/service-areas/munhall-pa/water-heater-flood-cleanup/|/service-areas/munhall-pa/water-leak-detection/|/service-areas/munhall-pa/asbestos-abatement/|/service-areas/munhall-pa/air-duct-cleaning/|/service-areas/munhall-pa/contents-restoration-storage/|/service-areas/munhall-pa/lead-paint-abatement/|/service-areas/munhall-pa/carpet-cleaning/|/service-areas/munhall-pa/upholstery-cleaning/|/service-areas/allison-park-pa/|/service-areas/baldwin-pa/|/service-areas/bethel-park-pa/,4.80,planned
/service-areas/murrysville-pa/,service-area,"Restoration Services in Murrysville, PA | Katofsky Construction LLC",Restoration Services in Murrysville,"Serving Murrysville, PA with 24/7 water, fire, mold, and storm damage restoration. IICRC-certified team. Call (412) 304-9284.",restoration services murrysville,murrysville restoration company|damage restoration murrysville|murrysville disaster restoration,local_commercial,,,900,hero|og|inline-1,local-business|service|breadcrumb-list,/service-areas/|/contact/|/service-areas/murrysville-pa/fire-damage-restoration/|/service-areas/murrysville-pa/mold-remediation/|/service-areas/murrysville-pa/roofing/|/service-areas/murrysville-pa/water-damage-restoration/|/service-areas/murrysville-pa/commercial-restoration/|/service-areas/murrysville-pa/emergency-plumbing/|/service-areas/murrysville-pa/emergency-water-removal/|/service-areas/murrysville-pa/flood-damage-restoration/|/service-areas/murrysville-pa/reconstruction/|/service-areas/murrysville-pa/sewage-cleanup/|/service-areas/murrysville-pa/smoke-damage-restoration/|/service-areas/murrysville-pa/storm-damage-restoration/|/service-areas/murrysville-pa/water-cleanup/|/service-areas/murrysville-pa/basement-flooding-cleanup/|/service-areas/murrysville-pa/biohazard-cleanup/|/service-areas/murrysville-pa/burst-pipe-repair/|/service-areas/murrysville-pa/ceiling-water-damage-repair/|/service-areas/murrysville-pa/general-contracting/|/service-areas/murrysville-pa/large-loss-response/|/service-areas/murrysville-pa/mold-inspection-testing/|/service-areas/murrysville-pa/emergency-board-up-tarping/|/service-areas/murrysville-pa/industrial-restoration/|/service-areas/murrysville-pa/water-heater-flood-cleanup/|/service-areas/murrysville-pa/water-leak-detection/|/service-areas/murrysville-pa/asbestos-abatement/|/service-areas/murrysville-pa/air-duct-cleaning/|/service-areas/murrysville-pa/contents-restoration-storage/|/service-areas/murrysville-pa/lead-paint-abatement/|/service-areas/murrysville-pa/carpet-cleaning/|/service-areas/murrysville-pa/upholstery-cleaning/|/service-areas/allison-park-pa/|/service-areas/baldwin-pa/|/service-areas/bethel-park-pa/,4.80,planned
/service-areas/new-kensington-pa/,service-area,"Restoration Services in New Kensington, PA | Katofsky Construction LLC",Restoration Services in New Kensington,"Serving New Kensington, PA with 24/7 water, fire, mold, and storm damage restoration. IICRC-certified team. Call (412) 304-9284.",restoration services new kensington,new kensington restoration company|damage restoration new kensington|new kensington disaster restoration,local_commercial,,,900,hero|og|inline-1,local-business|service|breadcrumb-list,/service-areas/|/contact/|/service-areas/new-kensington-pa/fire-damage-restoration/|/service-areas/new-kensington-pa/mold-remediation/|/service-areas/new-kensington-pa/roofing/|/service-areas/new-kensington-pa/water-damage-restoration/|/service-areas/new-kensington-pa/commercial-restoration/|/service-areas/new-kensington-pa/emergency-plumbing/|/service-areas/new-kensington-pa/emergency-water-removal/|/service-areas/new-kensington-pa/flood-damage-restoration/|/service-areas/new-kensington-pa/reconstruction/|/service-areas/new-kensington-pa/sewage-cleanup/|/service-areas/new-kensington-pa/smoke-damage-restoration/|/service-areas/new-kensington-pa/storm-damage-restoration/|/service-areas/new-kensington-pa/water-cleanup/|/service-areas/new-kensington-pa/basement-flooding-cleanup/|/service-areas/new-kensington-pa/biohazard-cleanup/|/service-areas/new-kensington-pa/burst-pipe-repair/|/service-areas/new-kensington-pa/ceiling-water-damage-repair/|/service-areas/new-kensington-pa/general-contracting/|/service-areas/new-kensington-pa/large-loss-response/|/service-areas/new-kensington-pa/mold-inspection-testing/|/service-areas/new-kensington-pa/emergency-board-up-tarping/|/service-areas/new-kensington-pa/industrial-restoration/|/service-areas/new-kensington-pa/water-heater-flood-cleanup/|/service-areas/new-kensington-pa/water-leak-detection/|/service-areas/new-kensington-pa/asbestos-abatement/|/service-areas/new-kensington-pa/air-duct-cleaning/|/service-areas/new-kensington-pa/contents-restoration-storage/|/service-areas/new-kensington-pa/lead-paint-abatement/|/service-areas/new-kensington-pa/carpet-cleaning/|/service-areas/new-kensington-pa/upholstery-cleaning/|/service-areas/allison-park-pa/|/service-areas/baldwin-pa/|/service-areas/bethel-park-pa/,4.80,planned
/service-areas/north-huntingdon-pa/,service-area,"Restoration Services in North Huntingdon, PA | Katofsky Construction LLC",Restoration Services in North Huntingdon,"Serving North Huntingdon, PA with 24/7 water, fire, mold, and storm damage restoration. IICRC-certified team. Call (412) 304-9284.",restoration services north huntingdon,north huntingdon restoration company|damage restoration north huntingdon|north huntingdon disaster restoration,local_commercial,,,900,hero|og|inline-1,local-business|service|breadcrumb-list,/service-areas/|/contact/|/service-areas/north-huntingdon-pa/fire-damage-restoration/|/service-areas/north-huntingdon-pa/mold-remediation/|/service-areas/north-huntingdon-pa/roofing/|/service-areas/north-huntingdon-pa/water-damage-restoration/|/service-areas/north-huntingdon-pa/commercial-restoration/|/service-areas/north-huntingdon-pa/emergency-plumbing/|/service-areas/north-huntingdon-pa/emergency-water-removal/|/service-areas/north-huntingdon-pa/flood-damage-restoration/|/service-areas/north-huntingdon-pa/reconstruction/|/service-areas/north-huntingdon-pa/sewage-cleanup/|/service-areas/north-huntingdon-pa/smoke-damage-restoration/|/service-areas/north-huntingdon-pa/storm-damage-restoration/|/service-areas/north-huntingdon-pa/water-cleanup/|/service-areas/north-huntingdon-pa/basement-flooding-cleanup/|/service-areas/north-huntingdon-pa/biohazard-cleanup/|/service-areas/north-huntingdon-pa/burst-pipe-repair/|/service-areas/north-huntingdon-pa/ceiling-water-damage-repair/|/service-areas/north-huntingdon-pa/general-contracting/|/service-areas/north-huntingdon-pa/large-loss-response/|/service-areas/north-huntingdon-pa/mold-inspection-testing/|/service-areas/north-huntingdon-pa/emergency-board-up-tarping/|/service-areas/north-huntingdon-pa/industrial-restoration/|/service-areas/north-huntingdon-pa/water-heater-flood-cleanup/|/service-areas/north-huntingdon-pa/water-leak-detection/|/service-areas/north-huntingdon-pa/asbestos-abatement/|/service-areas/north-huntingdon-pa/air-duct-cleaning/|/service-areas/north-huntingdon-pa/contents-restoration-storage/|/service-areas/north-huntingdon-pa/lead-paint-abatement/|/service-areas/north-huntingdon-pa/carpet-cleaning/|/service-areas/north-huntingdon-pa/upholstery-cleaning/|/service-areas/allison-park-pa/|/service-areas/baldwin-pa/|/service-areas/bethel-park-pa/,4.80,planned
/service-areas/penn-hills-pa/,service-area,"Restoration Services in Penn Hills, PA | Katofsky Construction LLC",Restoration Services in Penn Hills,"Serving Penn Hills, PA with 24/7 water, fire, mold, and storm damage restoration. IICRC-certified team. Call (412) 304-9284.",restoration services penn hills,penn hills restoration company|damage restoration penn hills|penn hills disaster restoration,local_commercial,,,900,hero|og|inline-1,local-business|service|breadcrumb-list,/service-areas/|/contact/|/service-areas/penn-hills-pa/fire-damage-restoration/|/service-areas/penn-hills-pa/mold-remediation/|/service-areas/penn-hills-pa/roofing/|/service-areas/penn-hills-pa/water-damage-restoration/|/service-areas/penn-hills-pa/commercial-restoration/|/service-areas/penn-hills-pa/emergency-plumbing/|/service-areas/penn-hills-pa/emergency-water-removal/|/service-areas/penn-hills-pa/flood-damage-restoration/|/service-areas/penn-hills-pa/reconstruction/|/service-areas/penn-hills-pa/sewage-cleanup/|/service-areas/penn-hills-pa/smoke-damage-restoration/|/service-areas/penn-hills-pa/storm-damage-restoration/|/service-areas/penn-hills-pa/water-cleanup/|/service-areas/penn-hills-pa/basement-flooding-cleanup/|/service-areas/penn-hills-pa/biohazard-cleanup/|/service-areas/penn-hills-pa/burst-pipe-repair/|/service-areas/penn-hills-pa/ceiling-water-damage-repair/|/service-areas/penn-hills-pa/general-contracting/|/service-areas/penn-hills-pa/large-loss-response/|/service-areas/penn-hills-pa/mold-inspection-testing/|/service-areas/penn-hills-pa/emergency-board-up-tarping/|/service-areas/penn-hills-pa/industrial-restoration/|/service-areas/penn-hills-pa/water-heater-flood-cleanup/|/service-areas/penn-hills-pa/water-leak-detection/|/service-areas/penn-hills-pa/asbestos-abatement/|/service-areas/penn-hills-pa/air-duct-cleaning/|/service-areas/penn-hills-pa/contents-restoration-storage/|/service-areas/penn-hills-pa/lead-paint-abatement/|/service-areas/penn-hills-pa/carpet-cleaning/|/service-areas/penn-hills-pa/upholstery-cleaning/|/service-areas/allison-park-pa/|/service-areas/baldwin-pa/|/service-areas/bethel-park-pa/,4.80,planned
/service-areas/pleasant-hills-pa/,service-area,"Restoration Services in Pleasant Hills, PA | Katofsky Construction LLC",Restoration Services in Pleasant Hills,"Serving Pleasant Hills, PA with 24/7 water, fire, mold, and storm damage restoration. IICRC-certified team. Call (412) 304-9284.",restoration services pleasant hills,pleasant hills restoration company|damage restoration pleasant hills|pleasant hills disaster restoration,local_commercial,,,900,hero|og|inline-1,local-business|service|breadcrumb-list,/service-areas/|/contact/|/service-areas/pleasant-hills-pa/fire-damage-restoration/|/service-areas/pleasant-hills-pa/mold-remediation/|/service-areas/pleasant-hills-pa/roofing/|/service-areas/pleasant-hills-pa/water-damage-restoration/|/service-areas/pleasant-hills-pa/commercial-restoration/|/service-areas/pleasant-hills-pa/emergency-plumbing/|/service-areas/pleasant-hills-pa/emergency-water-removal/|/service-areas/pleasant-hills-pa/flood-damage-restoration/|/service-areas/pleasant-hills-pa/reconstruction/|/service-areas/pleasant-hills-pa/sewage-cleanup/|/service-areas/pleasant-hills-pa/smoke-damage-restoration/|/service-areas/pleasant-hills-pa/storm-damage-restoration/|/service-areas/pleasant-hills-pa/water-cleanup/|/service-areas/pleasant-hills-pa/basement-flooding-cleanup/|/service-areas/pleasant-hills-pa/biohazard-cleanup/|/service-areas/pleasant-hills-pa/burst-pipe-repair/|/service-areas/pleasant-hills-pa/ceiling-water-damage-repair/|/service-areas/pleasant-hills-pa/general-contracting/|/service-areas/pleasant-hills-pa/large-loss-response/|/service-areas/pleasant-hills-pa/mold-inspection-testing/|/service-areas/pleasant-hills-pa/emergency-board-up-tarping/|/service-areas/pleasant-hills-pa/industrial-restoration/|/service-areas/pleasant-hills-pa/water-heater-flood-cleanup/|/service-areas/pleasant-hills-pa/water-leak-detection/|/service-areas/pleasant-hills-pa/asbestos-abatement/|/service-areas/pleasant-hills-pa/air-duct-cleaning/|/service-areas/pleasant-hills-pa/contents-restoration-storage/|/service-areas/pleasant-hills-pa/lead-paint-abatement/|/service-areas/pleasant-hills-pa/carpet-cleaning/|/service-areas/pleasant-hills-pa/upholstery-cleaning/|/service-areas/allison-park-pa/|/service-areas/baldwin-pa/|/service-areas/bethel-park-pa/,4.80,planned
/service-areas/plum-pa/,service-area,"Restoration Services in Plum, PA | Katofsky Construction LLC",Restoration Services in Plum,"Serving Plum, PA with 24/7 water, fire, mold, and storm damage restoration. IICRC-certified team. Call (412) 304-9284.",restoration services plum,plum restoration company|damage restoration plum|plum disaster restoration,local_commercial,,,900,hero|og|inline-1,local-business|service|breadcrumb-list,/service-areas/|/contact/|/service-areas/plum-pa/fire-damage-restoration/|/service-areas/plum-pa/mold-remediation/|/service-areas/plum-pa/roofing/|/service-areas/plum-pa/water-damage-restoration/|/service-areas/plum-pa/commercial-restoration/|/service-areas/plum-pa/emergency-plumbing/|/service-areas/plum-pa/emergency-water-removal/|/service-areas/plum-pa/flood-damage-restoration/|/service-areas/plum-pa/reconstruction/|/service-areas/plum-pa/sewage-cleanup/|/service-areas/plum-pa/smoke-damage-restoration/|/service-areas/plum-pa/storm-damage-restoration/|/service-areas/plum-pa/water-cleanup/|/service-areas/plum-pa/basement-flooding-cleanup/|/service-areas/plum-pa/biohazard-cleanup/|/service-areas/plum-pa/burst-pipe-repair/|/service-areas/plum-pa/ceiling-water-damage-repair/|/service-areas/plum-pa/general-contracting/|/service-areas/plum-pa/large-loss-response/|/service-areas/plum-pa/mold-inspection-testing/|/service-areas/plum-pa/emergency-board-up-tarping/|/service-areas/plum-pa/industrial-restoration/|/service-areas/plum-pa/water-heater-flood-cleanup/|/service-areas/plum-pa/water-leak-detection/|/service-areas/plum-pa/asbestos-abatement/|/service-areas/plum-pa/air-duct-cleaning/|/service-areas/plum-pa/contents-restoration-storage/|/service-areas/plum-pa/lead-paint-abatement/|/service-areas/plum-pa/carpet-cleaning/|/service-areas/plum-pa/upholstery-cleaning/|/service-areas/allison-park-pa/|/service-areas/baldwin-pa/|/service-areas/bethel-park-pa/,4.80,planned
/service-areas/ross-township-pa/,service-area,"Restoration Services in Ross Township, PA | Katofsky Construction LLC",Restoration Services in Ross Township,"Serving Ross Township, PA with 24/7 water, fire, mold, and storm damage restoration. IICRC-certified team. Call (412) 304-9284.",restoration services ross township,ross township restoration company|damage restoration ross township|ross township disaster restoration,local_commercial,,,900,hero|og|inline-1,local-business|service|breadcrumb-list,/service-areas/|/contact/|/service-areas/ross-township-pa/fire-damage-restoration/|/service-areas/ross-township-pa/mold-remediation/|/service-areas/ross-township-pa/roofing/|/service-areas/ross-township-pa/water-damage-restoration/|/service-areas/ross-township-pa/commercial-restoration/|/service-areas/ross-township-pa/emergency-plumbing/|/service-areas/ross-township-pa/emergency-water-removal/|/service-areas/ross-township-pa/flood-damage-restoration/|/service-areas/ross-township-pa/reconstruction/|/service-areas/ross-township-pa/sewage-cleanup/|/service-areas/ross-township-pa/smoke-damage-restoration/|/service-areas/ross-township-pa/storm-damage-restoration/|/service-areas/ross-township-pa/water-cleanup/|/service-areas/ross-township-pa/basement-flooding-cleanup/|/service-areas/ross-township-pa/biohazard-cleanup/|/service-areas/ross-township-pa/burst-pipe-repair/|/service-areas/ross-township-pa/ceiling-water-damage-repair/|/service-areas/ross-township-pa/general-contracting/|/service-areas/ross-township-pa/large-loss-response/|/service-areas/ross-township-pa/mold-inspection-testing/|/service-areas/ross-township-pa/emergency-board-up-tarping/|/service-areas/ross-township-pa/industrial-restoration/|/service-areas/ross-township-pa/water-heater-flood-cleanup/|/service-areas/ross-township-pa/water-leak-detection/|/service-areas/ross-township-pa/asbestos-abatement/|/service-areas/ross-township-pa/air-duct-cleaning/|/service-areas/ross-township-pa/contents-restoration-storage/|/service-areas/ross-township-pa/lead-paint-abatement/|/service-areas/ross-township-pa/carpet-cleaning/|/service-areas/ross-township-pa/upholstery-cleaning/|/service-areas/allison-park-pa/|/service-areas/baldwin-pa/|/service-areas/bethel-park-pa/,4.80,planned
/service-areas/shaler-township-pa/,service-area,"Restoration Services in Shaler Township, PA | Katofsky Construction LLC",Restoration Services in Shaler Township,"Serving Shaler Township, PA with 24/7 water, fire, mold, and storm damage restoration. IICRC-certified team. Call (412) 304-9284.",restoration services shaler township,shaler township restoration company|damage restoration shaler township|shaler township disaster restoration,local_commercial,,,900,hero|og|inline-1,local-business|service|breadcrumb-list,/service-areas/|/contact/|/service-areas/shaler-township-pa/fire-damage-restoration/|/service-areas/shaler-township-pa/mold-remediation/|/service-areas/shaler-township-pa/roofing/|/service-areas/shaler-township-pa/water-damage-restoration/|/service-areas/shaler-township-pa/commercial-restoration/|/service-areas/shaler-township-pa/emergency-plumbing/|/service-areas/shaler-township-pa/emergency-water-removal/|/service-areas/shaler-township-pa/flood-damage-restoration/|/service-areas/shaler-township-pa/reconstruction/|/service-areas/shaler-township-pa/sewage-cleanup/|/service-areas/shaler-township-pa/smoke-damage-restoration/|/service-areas/shaler-township-pa/storm-damage-restoration/|/service-areas/shaler-township-pa/water-cleanup/|/service-areas/shaler-township-pa/basement-flooding-cleanup/|/service-areas/shaler-township-pa/biohazard-cleanup/|/service-areas/shaler-township-pa/burst-pipe-repair/|/service-areas/shaler-township-pa/ceiling-water-damage-repair/|/service-areas/shaler-township-pa/general-contracting/|/service-areas/shaler-township-pa/large-loss-response/|/service-areas/shaler-township-pa/mold-inspection-testing/|/service-areas/shaler-township-pa/emergency-board-up-tarping/|/service-areas/shaler-township-pa/industrial-restoration/|/service-areas/shaler-township-pa/water-heater-flood-cleanup/|/service-areas/shaler-township-pa/water-leak-detection/|/service-areas/shaler-township-pa/asbestos-abatement/|/service-areas/shaler-township-pa/air-duct-cleaning/|/service-areas/shaler-township-pa/contents-restoration-storage/|/service-areas/shaler-township-pa/lead-paint-abatement/|/service-areas/shaler-township-pa/carpet-cleaning/|/service-areas/shaler-township-pa/upholstery-cleaning/|/service-areas/allison-park-pa/|/service-areas/baldwin-pa/|/service-areas/bethel-park-pa/,4.80,planned
/service-areas/west-mifflin-pa/,service-area,"Restoration Services in West Mifflin, PA | Katofsky Construction LLC",Restoration Services in West Mifflin,"Serving West Mifflin, PA with 24/7 water, fire, mold, and storm damage restoration. IICRC-certified team. Call (412) 304-9284.",restoration services west mifflin,west mifflin restoration company|damage restoration west mifflin|west mifflin disaster restoration,local_commercial,,,900,hero|og|inline-1,local-business|service|breadcrumb-list,/service-areas/|/contact/|/service-areas/west-mifflin-pa/fire-damage-restoration/|/service-areas/west-mifflin-pa/mold-remediation/|/service-areas/west-mifflin-pa/roofing/|/service-areas/west-mifflin-pa/water-damage-restoration/|/service-areas/west-mifflin-pa/commercial-restoration/|/service-areas/west-mifflin-pa/emergency-plumbing/|/service-areas/west-mifflin-pa/emergency-water-removal/|/service-areas/west-mifflin-pa/flood-damage-restoration/|/service-areas/west-mifflin-pa/reconstruction/|/service-areas/west-mifflin-pa/sewage-cleanup/|/service-areas/west-mifflin-pa/smoke-damage-restoration/|/service-areas/west-mifflin-pa/storm-damage-restoration/|/service-areas/west-mifflin-pa/water-cleanup/|/service-areas/west-mifflin-pa/basement-flooding-cleanup/|/service-areas/west-mifflin-pa/biohazard-cleanup/|/service-areas/west-mifflin-pa/burst-pipe-repair/|/service-areas/west-mifflin-pa/ceiling-water-damage-repair/|/service-areas/west-mifflin-pa/general-contracting/|/service-areas/west-mifflin-pa/large-loss-response/|/service-areas/west-mifflin-pa/mold-inspection-testing/|/service-areas/west-mifflin-pa/emergency-board-up-tarping/|/service-areas/west-mifflin-pa/industrial-restoration/|/service-areas/west-mifflin-pa/water-heater-flood-cleanup/|/service-areas/west-mifflin-pa/water-leak-detection/|/service-areas/west-mifflin-pa/asbestos-abatement/|/service-areas/west-mifflin-pa/air-duct-cleaning/|/service-areas/west-mifflin-pa/contents-restoration-storage/|/service-areas/west-mifflin-pa/lead-paint-abatement/|/service-areas/west-mifflin-pa/carpet-cleaning/|/service-areas/west-mifflin-pa/upholstery-cleaning/|/service-areas/allison-park-pa/|/service-areas/baldwin-pa/|/service-areas/bethel-park-pa/,4.80,planned
/service-areas/whitehall-pa/,service-area,"Restoration Services in Whitehall, PA | Katofsky Construction LLC",Restoration Services in Whitehall,"Serving Whitehall, PA with 24/7 water, fire, mold, and storm damage restoration. IICRC-certified team. Call (412) 304-9284.",restoration services whitehall,whitehall restoration company|damage restoration whitehall|whitehall disaster restoration,local_commercial,,,900,hero|og|inline-1,local-business|service|breadcrumb-list,/service-areas/|/contact/|/service-areas/whitehall-pa/fire-damage-restoration/|/service-areas/whitehall-pa/mold-remediation/|/service-areas/whitehall-pa/roofing/|/service-areas/whitehall-pa/water-damage-restoration/|/service-areas/whitehall-pa/commercial-restoration/|/service-areas/whitehall-pa/emergency-plumbing/|/service-areas/whitehall-pa/emergency-water-removal/|/service-areas/whitehall-pa/flood-damage-restoration/|/service-areas/whitehall-pa/reconstruction/|/service-areas/whitehall-pa/sewage-cleanup/|/service-areas/whitehall-pa/smoke-damage-restoration/|/service-areas/whitehall-pa/storm-damage-restoration/|/service-areas/whitehall-pa/water-cleanup/|/service-areas/whitehall-pa/basement-flooding-cleanup/|/service-areas/whitehall-pa/biohazard-cleanup/|/service-areas/whitehall-pa/burst-pipe-repair/|/service-areas/whitehall-pa/ceiling-water-damage-repair/|/service-areas/whitehall-pa/general-contracting/|/service-areas/whitehall-pa/large-loss-response/|/service-areas/whitehall-pa/mold-inspection-testing/|/service-areas/whitehall-pa/emergency-board-up-tarping/|/service-areas/whitehall-pa/industrial-restoration/|/service-areas/whitehall-pa/water-heater-flood-cleanup/|/service-areas/whitehall-pa/water-leak-detection/|/service-areas/whitehall-pa/asbestos-abatement/|/service-areas/whitehall-pa/air-duct-cleaning/|/service-areas/whitehall-pa/contents-restoration-storage/|/service-areas/whitehall-pa/lead-paint-abatement/|/service-areas/whitehall-pa/carpet-cleaning/|/service-areas/whitehall-pa/upholstery-cleaning/|/service-areas/allison-park-pa/|/service-areas/baldwin-pa/|/service-areas/bethel-park-pa/,4.80,planned
/service-areas/wilkinsburg-pa/,service-area,"Restoration Services in Wilkinsburg, PA | Katofsky Construction LLC",Restoration Services in Wilkinsburg,"Serving Wilkinsburg, PA with 24/7 water, fire, mold, and storm damage restoration. IICRC-certified team. Call (412) 304-9284.",restoration services wilkinsburg,wilkinsburg restoration company|damage restoration wilkinsburg|wilkinsburg disaster restoration,local_commercial,,,900,hero|og|inline-1,local-business|service|breadcrumb-list,/service-areas/|/contact/|/service-areas/wilkinsburg-pa/fire-damage-restoration/|/service-areas/wilkinsburg-pa/mold-remediation/|/service-areas/wilkinsburg-pa/roofing/|/service-areas/wilkinsburg-pa/water-damage-restoration/|/service-areas/wilkinsburg-pa/commercial-restoration/|/service-areas/wilkinsburg-pa/emergency-plumbing/|/service-areas/wilkinsburg-pa/emergency-water-removal/|/service-areas/wilkinsburg-pa/flood-damage-restoration/|/service-areas/wilkinsburg-pa/reconstruction/|/service-areas/wilkinsburg-pa/sewage-cleanup/|/service-areas/wilkinsburg-pa/smoke-damage-restoration/|/service-areas/wilkinsburg-pa/storm-damage-restoration/|/service-areas/wilkinsburg-pa/water-cleanup/|/service-areas/wilkinsburg-pa/basement-flooding-cleanup/|/service-areas/wilkinsburg-pa/biohazard-cleanup/|/service-areas/wilkinsburg-pa/burst-pipe-repair/|/service-areas/wilkinsburg-pa/ceiling-water-damage-repair/|/service-areas/wilkinsburg-pa/general-contracting/|/service-areas/wilkinsburg-pa/large-loss-response/|/service-areas/wilkinsburg-pa/mold-inspection-testing/|/service-areas/wilkinsburg-pa/emergency-board-up-tarping/|/service-areas/wilkinsburg-pa/industrial-restoration/|/service-areas/wilkinsburg-pa/water-heater-flood-cleanup/|/service-areas/wilkinsburg-pa/water-leak-detection/|/service-areas/wilkinsburg-pa/asbestos-abatement/|/service-areas/wilkinsburg-pa/air-duct-cleaning/|/service-areas/wilkinsburg-pa/contents-restoration-storage/|/service-areas/wilkinsburg-pa/lead-paint-abatement/|/service-areas/wilkinsburg-pa/carpet-cleaning/|/service-areas/wilkinsburg-pa/upholstery-cleaning/|/service-areas/allison-park-pa/|/service-areas/baldwin-pa/|/service-areas/bethel-park-pa/,4.80,planned
/services/air-duct-cleaning/,service-landing,Air Duct Cleaning in Pittsburgh | Katofsky Construction LLC,Air Duct Cleaning in Pittsburgh,"24/7 air duct cleaning in Pittsburgh and surrounding areas. IICRC-certified, insurance billing accepted. Call (412) 304-9284.",air duct cleaning pittsburgh,duct cleaning|HVAC duct cleaning|air duct sanitization|dryer vent cleaning|residential duct cleaning,local_specialty,,,1100,hero|og|inline-1|inline-2,service|local-business|faq|breadcrumb-list,/services/|/contact/|/service-areas/allison-park-pa/air-duct-cleaning/|/service-areas/baldwin-pa/air-duct-cleaning/|/service-areas/bethel-park-pa/air-duct-cleaning/|/service-areas/carnegie-pa/air-duct-cleaning/|/service-areas/castle-shannon-pa/air-duct-cleaning/|/service-areas/churchill-pa/air-duct-cleaning/|/service-areas/duquesne-pa/air-duct-cleaning/|/service-areas/forest-hills-pa/air-duct-cleaning/|/service-areas/fox-chapel-pa/air-duct-cleaning/|/service-areas/glenshaw-pa/air-duct-cleaning/|/service-areas/green-tree-pa/air-duct-cleaning/|/service-areas/greensburg-pa/air-duct-cleaning/,4.50,planned
/services/contents-restoration-storage/,service-landing,Contents Restoration & Storage in Pittsburgh | Katofsky Construction LLC,Contents Restoration & Storage in Pittsburgh,"24/7 contents restoration & storage in Pittsburgh and surrounding areas. IICRC-certified, insurance billing accepted. Call (412) 304-9284.",contents restoration & storage pittsburgh,,local_specialty,,,1100,hero|og|inline-1|inline-2,service|local-business|faq|breadcrumb-list,/services/|/contact/|/service-areas/allison-park-pa/contents-restoration-storage/|/service-areas/baldwin-pa/contents-restoration-storage/|/service-areas/bethel-park-pa/contents-restoration-storage/|/service-areas/carnegie-pa/contents-restoration-storage/|/service-areas/castle-shannon-pa/contents-restoration-storage/|/service-areas/churchill-pa/contents-restoration-storage/|/service-areas/duquesne-pa/contents-restoration-storage/|/service-areas/forest-hills-pa/contents-restoration-storage/|/service-areas/fox-chapel-pa/contents-restoration-storage/|/service-areas/glenshaw-pa/contents-restoration-storage/|/service-areas/green-tree-pa/contents-restoration-storage/|/service-areas/greensburg-pa/contents-restoration-storage/,4.50,planned
/services/lead-paint-abatement/,service-landing,Lead Paint Abatement in Pittsburgh | Katofsky Construction LLC,Lead Paint Abatement in Pittsburgh,"24/7 lead paint abatement in Pittsburgh and surrounding areas. IICRC-certified, insurance billing accepted. Call (412) 304-9284.",lead paint abatement pittsburgh,lead paint removal|lead paint testing|lead-safe renovation|lead paint remediation|EPA RRP certified,local_specialty,,,1100,hero|og|inline-1|inline-2,service|local-business|faq|breadcrumb-list,/services/|/contact/|/service-areas/allison-park-pa/lead-paint-abatement/|/service-areas/baldwin-pa/lead-paint-abatement/|/service-areas/bethel-park-pa/lead-paint-abatement/|/service-areas/carnegie-pa/lead-paint-abatement/|/service-areas/castle-shannon-pa/lead-paint-abatement/|/service-areas/churchill-pa/lead-paint-abatement/|/service-areas/duquesne-pa/lead-paint-abatement/|/service-areas/forest-hills-pa/lead-paint-abatement/|/service-areas/fox-chapel-pa/lead-paint-abatement/|/service-areas/glenshaw-pa/lead-paint-abatement/|/service-areas/green-tree-pa/lead-paint-abatement/|/service-areas/greensburg-pa/lead-paint-abatement/,4.50,planned
/service-areas/allison-park-pa/asbestos-abatement/,service-area-service,"Asbestos Abatement in Allison Park, PA | Katofsky Construction LLC",Asbestos Abatement in Allison Park,"24/7 asbestos abatement in Allison Park, PA. IICRC-certified, insurance billing accepted. Call (412) 304-9284.",asbestos abatement allison park,asbestos removal|asbestos testing|asbestos remediation|popcorn ceiling asbestos removal|asbestos inspection,local_specialty,,,900,hero|og|inline-1|inline-2,service|local-business|faq|breadcrumb-list,/services/asbestos-abatement/|/service-areas/allison-park-pa/|/service-areas/allison-park-pa/fire-damage-restoration/|/service-areas/allison-park-pa/mold-remediation/|/service-areas/baldwin-pa/asbestos-abatement/|/service-areas/bethel-park-pa/asbestos-abatement/|/contact/,4.20,planned
/service-areas/baldwin-pa/asbestos-abatement/,service-area-service,"Asbestos Abatement in Baldwin, PA | Katofsky Construction LLC",Asbestos Abatement in Baldwin,"24/7 asbestos abatement in Baldwin, PA. IICRC-certified, insurance billing accepted. Call (412) 304-9284.",asbestos abatement baldwin,asbestos removal|asbestos testing|asbestos remediation|popcorn ceiling asbestos removal|asbestos inspection,local_specialty,,,900,hero|og|inline-1|inline-2,service|local-business|faq|breadcrumb-list,/services/asbestos-abatement/|/service-areas/baldwin-pa/|/service-areas/baldwin-pa/fire-damage-restoration/|/service-areas/baldwin-pa/mold-remediation/|/service-areas/allison-park-pa/asbestos-abatement/|/service-areas/bethel-park-pa/asbestos-abatement/|/contact/,4.20,planned
/service-areas/bethel-park-pa/asbestos-abatement/,service-area-service,"Asbestos Abatement in Bethel Park, PA | Katofsky Construction LLC",Asbestos Abatement in Bethel Park,"24/7 asbestos abatement in Bethel Park, PA. IICRC-certified, insurance billing accepted. Call (412) 304-9284.",asbestos abatement bethel park,asbestos removal|asbestos testing|asbestos remediation|popcorn ceiling asbestos removal|asbestos inspection,local_specialty,,,900,hero|og|inline-1|inline-2,service|local-business|faq|breadcrumb-list,/services/asbestos-abatement/|/service-areas/bethel-park-pa/|/service-areas/bethel-park-pa/fire-damage-restoration/|/service-areas/bethel-park-pa/mold-remediation/|/service-areas/allison-park-pa/asbestos-abatement/|/service-areas/baldwin-pa/asbestos-abatement/|/contact/,4.20,planned
/service-areas/carnegie-pa/asbestos-abatement/,service-area-service,"Asbestos Abatement in Carnegie, PA | Katofsky Construction LLC",Asbestos Abatement in Carnegie,"24/7 asbestos abatement in Carnegie, PA. IICRC-certified, insurance billing accepted. Call (412) 304-9284.",asbestos abatement carnegie,asbestos removal|asbestos testing|asbestos remediation|popcorn ceiling asbestos removal|asbestos inspection,local_specialty,,,900,hero|og|inline-1|inline-2,service|local-business|faq|breadcrumb-list,/services/asbestos-abatement/|/service-areas/carnegie-pa/|/service-areas/carnegie-pa/fire-damage-restoration/|/service-areas/carnegie-pa/mold-remediation/|/service-areas/allison-park-pa/asbestos-abatement/|/service-areas/baldwin-pa/asbestos-abatement/|/contact/,4.20,planned
/service-areas/castle-shannon-pa/asbestos-abatement/,service-area-service,"Asbestos Abatement in Castle Shannon, PA | Katofsky Construction LLC",Asbestos Abatement in Castle Shannon,"24/7 asbestos abatement in Castle Shannon, PA. IICRC-certified, insurance billing accepted. Call (412) 304-9284.",asbestos abatement castle shannon,asbestos removal|asbestos testing|asbestos remediation|popcorn ceiling asbestos removal|asbestos inspection,local_specialty,,,900,hero|og|inline-1|inline-2,service|local-business|faq|breadcrumb-list,/services/asbestos-abatement/|/service-areas/castle-shannon-pa/|/service-areas/castle-shannon-pa/fire-damage-restoration/|/service-areas/castle-shannon-pa/mold-remediation/|/service-areas/allison-park-pa/asbestos-abatement/|/service-areas/baldwin-pa/asbestos-abatement/|/contact/,4.20,planned
/service-areas/churchill-pa/asbestos-abatement/,service-area-service,"Asbestos Abatement in Churchill, PA | Katofsky Construction LLC",Asbestos Abatement in Churchill,"24/7 asbestos abatement in Churchill, PA. IICRC-certified, insurance billing accepted. Call (412) 304-9284.",asbestos abatement churchill,asbestos removal|asbestos testing|asbestos remediation|popcorn ceiling asbestos removal|asbestos inspection,local_specialty,,,900,hero|og|inline-1|inline-2,service|local-business|faq|breadcrumb-list,/services/asbestos-abatement/|/service-areas/churchill-pa/|/service-areas/churchill-pa/fire-damage-restoration/|/service-areas/churchill-pa/mold-remediation/|/service-areas/allison-park-pa/asbestos-abatement/|/service-areas/baldwin-pa/asbestos-abatement/|/contact/,4.20,planned
/service-areas/duquesne-pa/asbestos-abatement/,service-area-service,"Asbestos Abatement in Duquesne, PA | Katofsky Construction LLC",Asbestos Abatement in Duquesne,"24/7 asbestos abatement in Duquesne, PA. IICRC-certified, insurance billing accepted. Call (412) 304-9284.",asbestos abatement duquesne,asbestos removal|asbestos testing|asbestos remediation|popcorn ceiling asbestos removal|asbestos inspection,local_specialty,,,900,hero|og|inline-1|inline-2,service|local-business|faq|breadcrumb-list,/services/asbestos-abatement/|/service-areas/duquesne-pa/|/service-areas/duquesne-pa/fire-damage-restoration/|/service-areas/duquesne-pa/mold-remediation/|/service-areas/allison-park-pa/asbestos-abatement/|/service-areas/baldwin-pa/asbestos-abatement/|/contact/,4.20,planned
/service-areas/forest-hills-pa/asbestos-abatement/,service-area-service,"Asbestos Abatement in Forest Hills, PA | Katofsky Construction LLC",Asbestos Abatement in Forest Hills,"24/7 asbestos abatement in Forest Hills, PA. IICRC-certified, insurance billing accepted. Call (412) 304-9284.",asbestos abatement forest hills,asbestos removal|asbestos testing|asbestos remediation|popcorn ceiling asbestos removal|asbestos inspection,local_specialty,,,900,hero|og|inline-1|inline-2,service|local-business|faq|breadcrumb-list,/services/asbestos-abatement/|/service-areas/forest-hills-pa/|/service-areas/forest-hills-pa/fire-damage-restoration/|/service-areas/forest-hills-pa/mold-remediation/|/service-areas/allison-park-pa/asbestos-abatement/|/service-areas/baldwin-pa/asbestos-abatement/|/contact/,4.20,planned
/service-areas/fox-chapel-pa/asbestos-abatement/,service-area-service,"Asbestos Abatement in Fox Chapel, PA | Katofsky Construction LLC",Asbestos Abatement in Fox Chapel,"24/7 asbestos abatement in Fox Chapel, PA. IICRC-certified, insurance billing accepted. Call (412) 304-9284.",asbestos abatement fox chapel,asbestos removal|asbestos testing|asbestos remediation|popcorn ceiling asbestos removal|asbestos inspection,local_specialty,,,900,hero|og|inline-1|inline-2,service|local-business|faq|breadcrumb-list,/services/asbestos-abatement/|/service-areas/fox-chapel-pa/|/service-areas/fox-chapel-pa/fire-damage-restoration/|/service-areas/fox-chapel-pa/mold-remediation/|/service-areas/allison-park-pa/asbestos-abatement/|/service-areas/baldwin-pa/asbestos-abatement/|/contact/,4.20,planned
/service-areas/glenshaw-pa/asbestos-abatement/,service-area-service,"Asbestos Abatement in Glenshaw, PA | Katofsky Construction LLC",Asbestos Abatement in Glenshaw,"24/7 asbestos abatement in Glenshaw, PA. IICRC-certified, insurance billing accepted. Call (412) 304-9284.",asbestos abatement glenshaw,asbestos removal|asbestos testing|asbestos remediation|popcorn ceiling asbestos removal|asbestos inspection,local_specialty,,,900,hero|og|inline-1|inline-2,service|local-business|faq|breadcrumb-list,/services/asbestos-abatement/|/service-areas/glenshaw-pa/|/service-areas/glenshaw-pa/fire-damage-restoration/|/service-areas/glenshaw-pa/mold-remediation/|/service-areas/allison-park-pa/asbestos-abatement/|/service-areas/baldwin-pa/asbestos-abatement/|/contact/,4.20,planned
/service-areas/green-tree-pa/asbestos-abatement/,service-area-service,"Asbestos Abatement in Green Tree, PA | Katofsky Construction LLC",Asbestos Abatement in Green Tree,"24/7 asbestos abatement in Green Tree, PA. IICRC-certified, insurance billing accepted. Call (412) 304-9284.",asbestos abatement green tree,asbestos removal|asbestos testing|asbestos remediation|popcorn ceiling asbestos removal|asbestos inspection,local_specialty,,,900,hero|og|inline-1|inline-2,service|local-business|faq|breadcrumb-list,/services/asbestos-abatement/|/service-areas/green-tree-pa/|/service-areas/green-tree-pa/fire-damage-restoration/|/service-areas/green-tree-pa/mold-remediation/|/service-areas/allison-park-pa/asbestos-abatement/|/service-areas/baldwin-pa/asbestos-abatement/|/contact/,4.20,planned
/service-areas/greensburg-pa/asbestos-abatement/,service-area-service,"Asbestos Abatement in Greensburg, PA | Katofsky Construction LLC",Asbestos Abatement in Greensburg,"24/7 asbestos abatement in Greensburg, PA. IICRC-certified, insurance billing accepted. Call (412) 304-9284.",asbestos abatement greensburg,asbestos removal|asbestos testing|asbestos remediation|popcorn ceiling asbestos removal|asbestos inspection,local_specialty,,,900,hero|og|inline-1|inline-2,service|local-business|faq|breadcrumb-list,/services/asbestos-abatement/|/service-areas/greensburg-pa/|/service-areas/greensburg-pa/fire-damage-restoration/|/service-areas/greensburg-pa/mold-remediation/|/service-areas/allison-park-pa/asbestos-abatement/|/service-areas/baldwin-pa/asbestos-abatement/|/contact/,4.20,planned
/service-areas/hempfield-township-pa/asbestos-abatement/,service-area-service,"Asbestos Abatement in Hempfield Township, PA | Katofsky Construction LLC",Asbestos Abatement in Hempfield Township,"24/7 asbestos abatement in Hempfield Township, PA. IICRC-certified, insurance billing accepted. Call (412) 304-9284.",asbestos abatement hempfield township,asbestos removal|asbestos testing|asbestos remediation|popcorn ceiling asbestos removal|asbestos inspection,local_specialty,,,900,hero|og|inline-1|inline-2,service|local-business|faq|breadcrumb-list,/services/asbestos-abatement/|/service-areas/hempfield-township-pa/|/service-areas/hempfield-township-pa/fire-damage-restoration/|/service-areas/hempfield-township-pa/mold-remediation/|/service-areas/allison-park-pa/asbestos-abatement/|/service-areas/baldwin-pa/asbestos-abatement/|/contact/,4.20,planned
/service-areas/jeannette-pa/asbestos-abatement/,service-area-service,"Asbestos Abatement in Jeannette, PA | Katofsky Construction LLC",Asbestos Abatement in Jeannette,"24/7 asbestos abatement in Jeannette, PA. IICRC-certified, insurance billing accepted. Call (412) 304-9284.",asbestos abatement jeannette,asbestos removal|asbestos testing|asbestos remediation|popcorn ceiling asbestos removal|asbestos inspection,local_specialty,,,900,hero|og|inline-1|inline-2,service|local-business|faq|breadcrumb-list,/services/asbestos-abatement/|/service-areas/jeannette-pa/|/service-areas/jeannette-pa/fire-damage-restoration/|/service-areas/jeannette-pa/mold-remediation/|/service-areas/allison-park-pa/asbestos-abatement/|/service-areas/baldwin-pa/asbestos-abatement/|/contact/,4.20,planned
/service-areas/jefferson-hills-pa/asbestos-abatement/,service-area-service,"Asbestos Abatement in Jefferson Hills, PA | Katofsky Construction LLC",Asbestos Abatement in Jefferson Hills,"24/7 asbestos abatement in Jefferson Hills, PA. IICRC-certified, insurance billing accepted. Call (412) 304-9284.",asbestos abatement jefferson hills,asbestos removal|asbestos testing|asbestos remediation|popcorn ceiling asbestos removal|asbestos inspection,local_specialty,,,900,hero|og|inline-1|inline-2,service|local-business|faq|breadcrumb-list,/services/asbestos-abatement/|/service-areas/jefferson-hills-pa/|/service-areas/jefferson-hills-pa/fire-damage-restoration/|/service-areas/jefferson-hills-pa/mold-remediation/|/service-areas/allison-park-pa/asbestos-abatement/|/service-areas/baldwin-pa/asbestos-abatement/|/contact/,4.20,planned
/service-areas/latrobe-pa/asbestos-abatement/,service-area-service,"Asbestos Abatement in Latrobe, PA | Katofsky Construction LLC",Asbestos Abatement in Latrobe,"24/7 asbestos abatement in Latrobe, PA. IICRC-certified, insurance billing accepted. Call (412) 304-9284.",asbestos abatement latrobe,asbestos removal|asbestos testing|asbestos remediation|popcorn ceiling asbestos removal|asbestos inspection,local_specialty,,,900,hero|og|inline-1|inline-2,service|local-business|faq|breadcrumb-list,/services/asbestos-abatement/|/service-areas/latrobe-pa/|/service-areas/latrobe-pa/fire-damage-restoration/|/service-areas/latrobe-pa/mold-remediation/|/service-areas/allison-park-pa/asbestos-abatement/|/service-areas/baldwin-pa/asbestos-abatement/|/contact/,4.20,planned
/service-areas/lower-burrell-pa/asbestos-abatement/,service-area-service,"Asbestos Abatement in Lower Burrell, PA | Katofsky Construction LLC",Asbestos Abatement in Lower Burrell,"24/7 asbestos abatement in Lower Burrell, PA. IICRC-certified, insurance billing accepted. Call (412) 304-9284.",asbestos abatement lower burrell,asbestos removal|asbestos testing|asbestos remediation|popcorn ceiling asbestos removal|asbestos inspection,local_specialty,,,900,hero|og|inline-1|inline-2,service|local-business|faq|breadcrumb-list,/services/asbestos-abatement/|/service-areas/lower-burrell-pa/|/service-areas/lower-burrell-pa/fire-damage-restoration/|/service-areas/lower-burrell-pa/mold-remediation/|/service-areas/allison-park-pa/asbestos-abatement/|/service-areas/baldwin-pa/asbestos-abatement/|/contact/,4.20,planned
/service-areas/mccandless-pa/asbestos-abatement/,service-area-service,"Asbestos Abatement in McCandless, PA | Katofsky Construction LLC",Asbestos Abatement in McCandless,"24/7 asbestos abatement in McCandless, PA. IICRC-certified, insurance billing accepted. Call (412) 304-9284.",asbestos abatement mccandless,asbestos removal|asbestos testing|asbestos remediation|popcorn ceiling asbestos removal|asbestos inspection,local_specialty,,,900,hero|og|inline-1|inline-2,service|local-business|faq|breadcrumb-list,/services/asbestos-abatement/|/service-areas/mccandless-pa/|/service-areas/mccandless-pa/fire-damage-restoration/|/service-areas/mccandless-pa/mold-remediation/|/service-areas/allison-park-pa/asbestos-abatement/|/service-areas/baldwin-pa/asbestos-abatement/|/contact/,4.20,planned
/service-areas/mckeesport-pa/asbestos-abatement/,service-area-service,"Asbestos Abatement in McKeesport, PA | Katofsky Construction LLC",Asbestos Abatement in McKeesport,"24/7 asbestos abatement in McKeesport, PA. IICRC-certified, insurance billing accepted. Call (412) 304-9284.",asbestos abatement mckeesport,asbestos removal|asbestos testing|asbestos remediation|popcorn ceiling asbestos removal|asbestos inspection,local_specialty,,,900,hero|og|inline-1|inline-2,service|local-business|faq|breadcrumb-list,/services/asbestos-abatement/|/service-areas/mckeesport-pa/|/service-areas/mckeesport-pa/fire-damage-restoration/|/service-areas/mckeesport-pa/mold-remediation/|/service-areas/allison-park-pa/asbestos-abatement/|/service-areas/baldwin-pa/asbestos-abatement/|/contact/,4.20,planned
/service-areas/monroeville-pa/asbestos-abatement/,service-area-service,"Asbestos Abatement in Monroeville, PA | Katofsky Construction LLC",Asbestos Abatement in Monroeville,"24/7 asbestos abatement in Monroeville, PA. IICRC-certified, insurance billing accepted. Call (412) 304-9284.",asbestos abatement monroeville,asbestos removal|asbestos testing|asbestos remediation|popcorn ceiling asbestos removal|asbestos inspection,local_specialty,,,900,hero|og|inline-1|inline-2,service|local-business|faq|breadcrumb-list,/services/asbestos-abatement/|/service-areas/monroeville-pa/|/service-areas/monroeville-pa/fire-damage-restoration/|/service-areas/monroeville-pa/mold-remediation/|/service-areas/allison-park-pa/asbestos-abatement/|/service-areas/baldwin-pa/asbestos-abatement/|/contact/,4.20,planned
/service-areas/mount-lebanon-pa/asbestos-abatement/,service-area-service,"Asbestos Abatement in Mount Lebanon, PA | Katofsky Construction LLC",Asbestos Abatement in Mount Lebanon,"24/7 asbestos abatement in Mount Lebanon, PA. IICRC-certified, insurance billing accepted. Call (412) 304-9284.",asbestos abatement mount lebanon,asbestos removal|asbestos testing|asbestos remediation|popcorn ceiling asbestos removal|asbestos inspection,local_specialty,,,900,hero|og|inline-1|inline-2,service|local-business|faq|breadcrumb-list,/services/asbestos-abatement/|/service-areas/mount-lebanon-pa/|/service-areas/mount-lebanon-pa/fire-damage-restoration/|/service-areas/mount-lebanon-pa/mold-remediation/|/service-areas/allison-park-pa/asbestos-abatement/|/service-areas/baldwin-pa/asbestos-abatement/|/contact/,4.20,planned
/service-areas/munhall-pa/asbestos-abatement/,service-area-service,"Asbestos Abatement in Munhall, PA | Katofsky Construction LLC",Asbestos Abatement in Munhall,"24/7 asbestos abatement in Munhall, PA. IICRC-certified, insurance billing accepted. Call (412) 304-9284.",asbestos abatement munhall,asbestos removal|asbestos testing|asbestos remediation|popcorn ceiling asbestos removal|asbestos inspection,local_specialty,,,900,hero|og|inline-1|inline-2,service|local-business|faq|breadcrumb-list,/services/asbestos-abatement/|/service-areas/munhall-pa/|/service-areas/munhall-pa/fire-damage-restoration/|/service-areas/munhall-pa/mold-remediation/|/service-areas/allison-park-pa/asbestos-abatement/|/service-areas/baldwin-pa/asbestos-abatement/|/contact/,4.20,planned
/service-areas/murrysville-pa/asbestos-abatement/,service-area-service,"Asbestos Abatement in Murrysville, PA | Katofsky Construction LLC",Asbestos Abatement in Murrysville,"24/7 asbestos abatement in Murrysville, PA. IICRC-certified, insurance billing accepted. Call (412) 304-9284.",asbestos abatement murrysville,asbestos removal|asbestos testing|asbestos remediation|popcorn ceiling asbestos removal|asbestos inspection,local_specialty,,,900,hero|og|inline-1|inline-2,service|local-business|faq|breadcrumb-list,/services/asbestos-abatement/|/service-areas/murrysville-pa/|/service-areas/murrysville-pa/fire-damage-restoration/|/service-areas/murrysville-pa/mold-remediation/|/service-areas/allison-park-pa/asbestos-abatement/|/service-areas/baldwin-pa/asbestos-abatement/|/contact/,4.20,planned
/service-areas/new-kensington-pa/asbestos-abatement/,service-area-service,"Asbestos Abatement in New Kensington, PA | Katofsky Construction LLC",Asbestos Abatement in New Kensington,"24/7 asbestos abatement in New Kensington, PA. IICRC-certified, insurance billing accepted. Call (412) 304-9284.",asbestos abatement new kensington,asbestos removal|asbestos testing|asbestos remediation|popcorn ceiling asbestos removal|asbestos inspection,local_specialty,,,900,hero|og|inline-1|inline-2,service|local-business|faq|breadcrumb-list,/services/asbestos-abatement/|/service-areas/new-kensington-pa/|/service-areas/new-kensington-pa/fire-damage-restoration/|/service-areas/new-kensington-pa/mold-remediation/|/service-areas/allison-park-pa/asbestos-abatement/|/service-areas/baldwin-pa/asbestos-abatement/|/contact/,4.20,planned
/service-areas/north-huntingdon-pa/asbestos-abatement/,service-area-service,"Asbestos Abatement in North Huntingdon, PA | Katofsky Construction LLC",Asbestos Abatement in North Huntingdon,"24/7 asbestos abatement in North Huntingdon, PA. IICRC-certified, insurance billing accepted. Call (412) 304-9284.",asbestos abatement north huntingdon,asbestos removal|asbestos testing|asbestos remediation|popcorn ceiling asbestos removal|asbestos inspection,local_specialty,,,900,hero|og|inline-1|inline-2,service|local-business|faq|breadcrumb-list,/services/asbestos-abatement/|/service-areas/north-huntingdon-pa/|/service-areas/north-huntingdon-pa/fire-damage-restoration/|/service-areas/north-huntingdon-pa/mold-remediation/|/service-areas/allison-park-pa/asbestos-abatement/|/service-areas/baldwin-pa/asbestos-abatement/|/contact/,4.20,planned
/service-areas/penn-hills-pa/asbestos-abatement/,service-area-service,"Asbestos Abatement in Penn Hills, PA | Katofsky Construction LLC",Asbestos Abatement in Penn Hills,"24/7 asbestos abatement in Penn Hills, PA. IICRC-certified, insurance billing accepted. Call (412) 304-9284.",asbestos abatement penn hills,asbestos removal|asbestos testing|asbestos remediation|popcorn ceiling asbestos removal|asbestos inspection,local_specialty,,,900,hero|og|inline-1|inline-2,service|local-business|faq|breadcrumb-list,/services/asbestos-abatement/|/service-areas/penn-hills-pa/|/service-areas/penn-hills-pa/fire-damage-restoration/|/service-areas/penn-hills-pa/mold-remediation/|/service-areas/allison-park-pa/asbestos-abatement/|/service-areas/baldwin-pa/asbestos-abatement/|/contact/,4.20,planned
/service-areas/pleasant-hills-pa/asbestos-abatement/,service-area-service,"Asbestos Abatement in Pleasant Hills, PA | Katofsky Construction LLC",Asbestos Abatement in Pleasant Hills,"24/7 asbestos abatement in Pleasant Hills, PA. IICRC-certified, insurance billing accepted. Call (412) 304-9284.",asbestos abatement pleasant hills,asbestos removal|asbestos testing|asbestos remediation|popcorn ceiling asbestos removal|asbestos inspection,local_specialty,,,900,hero|og|inline-1|inline-2,service|local-business|faq|breadcrumb-list,/services/asbestos-abatement/|/service-areas/pleasant-hills-pa/|/service-areas/pleasant-hills-pa/fire-damage-restoration/|/service-areas/pleasant-hills-pa/mold-remediation/|/service-areas/allison-park-pa/asbestos-abatement/|/service-areas/baldwin-pa/asbestos-abatement/|/contact/,4.20,planned
/service-areas/plum-pa/asbestos-abatement/,service-area-service,"Asbestos Abatement in Plum, PA | Katofsky Construction LLC",Asbestos Abatement in Plum,"24/7 asbestos abatement in Plum, PA. IICRC-certified, insurance billing accepted. Call (412) 304-9284.",asbestos abatement plum,asbestos removal|asbestos testing|asbestos remediation|popcorn ceiling asbestos removal|asbestos inspection,local_specialty,,,900,hero|og|inline-1|inline-2,service|local-business|faq|breadcrumb-list,/services/asbestos-abatement/|/service-areas/plum-pa/|/service-areas/plum-pa/fire-damage-restoration/|/service-areas/plum-pa/mold-remediation/|/service-areas/allison-park-pa/asbestos-abatement/|/service-areas/baldwin-pa/asbestos-abatement/|/contact/,4.20,planned
/service-areas/ross-township-pa/asbestos-abatement/,service-area-service,"Asbestos Abatement in Ross Township, PA | Katofsky Construction LLC",Asbestos Abatement in Ross Township,"24/7 asbestos abatement in Ross Township, PA. IICRC-certified, insurance billing accepted. Call (412) 304-9284.",asbestos abatement ross township,asbestos removal|asbestos testing|asbestos remediation|popcorn ceiling asbestos removal|asbestos inspection,local_specialty,,,900,hero|og|inline-1|inline-2,service|local-business|faq|breadcrumb-list,/services/asbestos-abatement/|/service-areas/ross-township-pa/|/service-areas/ross-township-pa/fire-damage-restoration/|/service-areas/ross-township-pa/mold-remediation/|/service-areas/allison-park-pa/asbestos-abatement/|/service-areas/baldwin-pa/asbestos-abatement/|/contact/,4.20,planned
/service-areas/shaler-township-pa/asbestos-abatement/,service-area-service,"Asbestos Abatement in Shaler Township, PA | Katofsky Construction LLC",Asbestos Abatement in Shaler Township,"24/7 asbestos abatement in Shaler Township, PA. IICRC-certified, insurance billing accepted. Call (412) 304-9284.",asbestos abatement shaler township,asbestos removal|asbestos testing|asbestos remediation|popcorn ceiling asbestos removal|asbestos inspection,local_specialty,,,900,hero|og|inline-1|inline-2,service|local-business|faq|breadcrumb-list,/services/asbestos-abatement/|/service-areas/shaler-township-pa/|/service-areas/shaler-township-pa/fire-damage-restoration/|/service-areas/shaler-township-pa/mold-remediation/|/service-areas/allison-park-pa/asbestos-abatement/|/service-areas/baldwin-pa/asbestos-abatement/|/contact/,4.20,planned
/service-areas/west-mifflin-pa/asbestos-abatement/,service-area-service,"Asbestos Abatement in West Mifflin, PA | Katofsky Construction LLC",Asbestos Abatement in West Mifflin,"24/7 asbestos abatement in West Mifflin, PA. IICRC-certified, insurance billing accepted. Call (412) 304-9284.",asbestos abatement west mifflin,asbestos removal|asbestos testing|asbestos remediation|popcorn ceiling asbestos removal|asbestos inspection,local_specialty,,,900,hero|og|inline-1|inline-2,service|local-business|faq|breadcrumb-list,/services/asbestos-abatement/|/service-areas/west-mifflin-pa/|/service-areas/west-mifflin-pa/fire-damage-restoration/|/service-areas/west-mifflin-pa/mold-remediation/|/service-areas/allison-park-pa/asbestos-abatement/|/service-areas/baldwin-pa/asbestos-abatement/|/contact/,4.20,planned
/service-areas/whitehall-pa/asbestos-abatement/,service-area-service,"Asbestos Abatement in Whitehall, PA | Katofsky Construction LLC",Asbestos Abatement in Whitehall,"24/7 asbestos abatement in Whitehall, PA. IICRC-certified, insurance billing accepted. Call (412) 304-9284.",asbestos abatement whitehall,asbestos removal|asbestos testing|asbestos remediation|popcorn ceiling asbestos removal|asbestos inspection,local_specialty,,,900,hero|og|inline-1|inline-2,service|local-business|faq|breadcrumb-list,/services/asbestos-abatement/|/service-areas/whitehall-pa/|/service-areas/whitehall-pa/fire-damage-restoration/|/service-areas/whitehall-pa/mold-remediation/|/service-areas/allison-park-pa/asbestos-abatement/|/service-areas/baldwin-pa/asbestos-abatement/|/contact/,4.20,planned
/service-areas/wilkinsburg-pa/asbestos-abatement/,service-area-service,"Asbestos Abatement in Wilkinsburg, PA | Katofsky Construction LLC",Asbestos Abatement in Wilkinsburg,"24/7 asbestos abatement in Wilkinsburg, PA. IICRC-certified, insurance billing accepted. Call (412) 304-9284.",asbestos abatement wilkinsburg,asbestos removal|asbestos testing|asbestos remediation|popcorn ceiling asbestos removal|asbestos inspection,local_specialty,,,900,hero|og|inline-1|inline-2,service|local-business|faq|breadcrumb-list,/services/asbestos-abatement/|/service-areas/wilkinsburg-pa/|/service-areas/wilkinsburg-pa/fire-damage-restoration/|/service-areas/wilkinsburg-pa/mold-remediation/|/service-areas/allison-park-pa/asbestos-abatement/|/service-areas/baldwin-pa/asbestos-abatement/|/contact/,4.20,planned
/services/,services-hub,Restoration Services in Pittsburgh | Katofsky Construction LLC,Our Restoration Services,"Full-service restoration in Pittsburgh: water, fire, mold, storm, biohazard, and commercial restoration. 24/7 response. Call (412) 304-9284.",restoration services pittsburgh,damage restoration services|property restoration services|disaster restoration,local_commercial,,,800,hero|og|inline-1,organization|website|local-business|breadcrumb-list,/|/services/fire-damage-restoration/|/services/mold-remediation/|/services/roofing/|/services/water-damage-restoration/|/services/commercial-restoration/|/services/emergency-plumbing/|/services/emergency-water-removal/|/services/flood-damage-restoration/|/services/reconstruction/|/services/sewage-cleanup/|/services/smoke-damage-restoration/|/services/storm-damage-restoration/|/services/water-cleanup/|/services/basement-flooding-cleanup/|/services/biohazard-cleanup/|/services/burst-pipe-repair/|/services/ceiling-water-damage-repair/|/services/general-contracting/|/services/large-loss-response/|/services/mold-inspection-testing/|/services/emergency-board-up-tarping/|/services/industrial-restoration/|/services/water-heater-flood-cleanup/|/services/water-leak-detection/|/services/asbestos-abatement/|/services/air-duct-cleaning/|/services/contents-restoration-storage/|/services/lead-paint-abatement/|/services/carpet-cleaning/|/services/upholstery-cleaning/,4.00,planned
/services/carpet-cleaning/,service-landing,Carpet Cleaning in Pittsburgh | Katofsky Construction LLC,Carpet Cleaning in Pittsburgh,"24/7 carpet cleaning in Pittsburgh and surrounding areas. IICRC-certified, insurance billing accepted. Call (412) 304-9284.",carpet cleaning pittsburgh,professional carpet cleaning|deep carpet cleaning|carpet stain removal|commercial carpet cleaning|carpet sanitization,local_specialty,,,1100,hero|og|inline-1|inline-2,service|local-business|faq|breadcrumb-list,/services/|/contact/|/service-areas/allison-park-pa/carpet-cleaning/|/service-areas/baldwin-pa/carpet-cleaning/|/service-areas/bethel-park-pa/carpet-cleaning/|/service-areas/carnegie-pa/carpet-cleaning/|/service-areas/castle-shannon-pa/carpet-cleaning/|/service-areas/churchill-pa/carpet-cleaning/|/service-areas/duquesne-pa/carpet-cleaning/|/service-areas/forest-hills-pa/carpet-cleaning/|/service-areas/fox-chapel-pa/carpet-cleaning/|/service-areas/glenshaw-pa/carpet-cleaning/|/service-areas/green-tree-pa/carpet-cleaning/|/service-areas/greensburg-pa/carpet-cleaning/,3.60,planned
/services/upholstery-cleaning/,service-landing,Upholstery Cleaning in Pittsburgh | Katofsky Construction LLC,Upholstery Cleaning in Pittsburgh,"24/7 upholstery cleaning in Pittsburgh and surrounding areas. IICRC-certified, insurance billing accepted. Call (412) 304-9284.",upholstery cleaning pittsburgh,sofa cleaning|couch cleaning|furniture steam cleaning|leather upholstery cleaning|fabric upholstery cleaning,local_specialty,,,1100,hero|og|inline-1|inline-2,service|local-business|faq|breadcrumb-list,/services/|/contact/|/service-areas/allison-park-pa/upholstery-cleaning/|/service-areas/baldwin-pa/upholstery-cleaning/|/service-areas/bethel-park-pa/upholstery-cleaning/|/service-areas/carnegie-pa/upholstery-cleaning/|/service-areas/castle-shannon-pa/upholstery-cleaning/|/service-areas/churchill-pa/upholstery-cleaning/|/service-areas/duquesne-pa/upholstery-cleaning/|/service-areas/forest-hills-pa/upholstery-cleaning/|/service-areas/fox-chapel-pa/upholstery-cleaning/|/service-areas/glenshaw-pa/upholstery-cleaning/|/service-areas/green-tree-pa/upholstery-cleaning/|/service-areas/greensburg-pa/upholstery-cleaning/,3.60,planned
/service-areas/,service-areas-hub,Service Areas | Katofsky Construction LLC Restoration,Areas We Serve,Katofsky Construction LLC provides 24/7 restoration services across Pittsburgh and the surrounding region. Find your city.,katofsky construction llc service areas,restoration service area|cities we serve|local restoration coverage,navigational_local,,,500,hero|og,organization|website|local-business|breadcrumb-list,/|/service-areas/allison-park-pa/|/service-areas/baldwin-pa/|/service-areas/bethel-park-pa/|/service-areas/carnegie-pa/|/service-areas/castle-shannon-pa/|/service-areas/churchill-pa/|/service-areas/duquesne-pa/|/service-areas/forest-hills-pa/|/service-areas/fox-chapel-pa/|/service-areas/glenshaw-pa/|/service-areas/green-tree-pa/|/service-areas/greensburg-pa/|/service-areas/hempfield-township-pa/|/service-areas/jeannette-pa/|/service-areas/jefferson-hills-pa/|/service-areas/latrobe-pa/|/service-areas/lower-burrell-pa/|/service-areas/mccandless-pa/|/service-areas/mckeesport-pa/|/service-areas/monroeville-pa/|/service-areas/mount-lebanon-pa/|/service-areas/munhall-pa/|/service-areas/murrysville-pa/|/service-areas/new-kensington-pa/|/service-areas/north-huntingdon-pa/|/service-areas/penn-hills-pa/|/service-areas/pleasant-hills-pa/|/service-areas/plum-pa/|/service-areas/ross-township-pa/|/service-areas/shaler-township-pa/|/service-areas/west-mifflin-pa/|/service-areas/whitehall-pa/|/service-areas/wilkinsburg-pa/,3.50,planned
/service-areas/allison-park-pa/air-duct-cleaning/,service-area-service,"Air Duct Cleaning in Allison Park, PA | Katofsky Construction LLC",Air Duct Cleaning in Allison Park,"24/7 air duct cleaning in Allison Park, PA. IICRC-certified, insurance billing accepted. Call (412) 304-9284.",air duct cleaning allison park,duct cleaning|HVAC duct cleaning|air duct sanitization|dryer vent cleaning|residential duct cleaning,local_specialty,,,900,hero|og|inline-1|inline-2,service|local-business|faq|breadcrumb-list,/services/air-duct-cleaning/|/service-areas/allison-park-pa/|/service-areas/allison-park-pa/fire-damage-restoration/|/service-areas/allison-park-pa/mold-remediation/|/service-areas/baldwin-pa/air-duct-cleaning/|/service-areas/bethel-park-pa/air-duct-cleaning/|/contact/,3.50,planned
/service-areas/allison-park-pa/contents-restoration-storage/,service-area-service,"Contents Restoration & Storage in Allison Park, PA | Katofsky Construction LLC",Contents Restoration & Storage in Allison Park,"24/7 contents restoration & storage in Allison Park, PA. IICRC-certified, insurance billing accepted. Call (412) 304-9284.",contents restoration & storage allison park,,local_specialty,,,900,hero|og|inline-1|inline-2,service|local-business|faq|breadcrumb-list,/services/contents-restoration-storage/|/service-areas/allison-park-pa/|/service-areas/allison-park-pa/fire-damage-restoration/|/service-areas/allison-park-pa/mold-remediation/|/service-areas/baldwin-pa/contents-restoration-storage/|/service-areas/bethel-park-pa/contents-restoration-storage/|/contact/,3.50,planned
/service-areas/allison-park-pa/lead-paint-abatement/,service-area-service,"Lead Paint Abatement in Allison Park, PA | Katofsky Construction LLC",Lead Paint Abatement in Allison Park,"24/7 lead paint abatement in Allison Park, PA. IICRC-certified, insurance billing accepted. Call (412) 304-9284.",lead paint abatement allison park,lead paint removal|lead paint testing|lead-safe renovation|lead paint remediation|EPA RRP certified,local_specialty,,,900,hero|og|inline-1|inline-2,service|local-business|faq|breadcrumb-list,/services/lead-paint-abatement/|/service-areas/allison-park-pa/|/service-areas/allison-park-pa/fire-damage-restoration/|/service-areas/allison-park-pa/mold-remediation/|/service-areas/baldwin-pa/lead-paint-abatement/|/service-areas/bethel-park-pa/lead-paint-abatement/|/contact/,3.50,planned
/service-areas/baldwin-pa/air-duct-cleaning/,service-area-service,"Air Duct Cleaning in Baldwin, PA | Katofsky Construction LLC",Air Duct Cleaning in Baldwin,"24/7 air duct cleaning in Baldwin, PA. IICRC-certified, insurance billing accepted. Call (412) 304-9284.",air duct cleaning baldwin,duct cleaning|HVAC duct cleaning|air duct sanitization|dryer vent cleaning|residential duct cleaning,local_specialty,,,900,hero|og|inline-1|inline-2,service|local-business|faq|breadcrumb-list,/services/air-duct-cleaning/|/service-areas/baldwin-pa/|/service-areas/baldwin-pa/fire-damage-restoration/|/service-areas/baldwin-pa/mold-remediation/|/service-areas/allison-park-pa/air-duct-cleaning/|/service-areas/bethel-park-pa/air-duct-cleaning/|/contact/,3.50,planned
/service-areas/baldwin-pa/contents-restoration-storage/,service-area-service,"Contents Restoration & Storage in Baldwin, PA | Katofsky Construction LLC",Contents Restoration & Storage in Baldwin,"24/7 contents restoration & storage in Baldwin, PA. IICRC-certified, insurance billing accepted. Call (412) 304-9284.",contents restoration & storage baldwin,,local_specialty,,,900,hero|og|inline-1|inline-2,service|local-business|faq|breadcrumb-list,/services/contents-restoration-storage/|/service-areas/baldwin-pa/|/service-areas/baldwin-pa/fire-damage-restoration/|/service-areas/baldwin-pa/mold-remediation/|/service-areas/allison-park-pa/contents-restoration-storage/|/service-areas/bethel-park-pa/contents-restoration-storage/|/contact/,3.50,planned
/service-areas/baldwin-pa/lead-paint-abatement/,service-area-service,"Lead Paint Abatement in Baldwin, PA | Katofsky Construction LLC",Lead Paint Abatement in Baldwin,"24/7 lead paint abatement in Baldwin, PA. IICRC-certified, insurance billing accepted. Call (412) 304-9284.",lead paint abatement baldwin,lead paint removal|lead paint testing|lead-safe renovation|lead paint remediation|EPA RRP certified,local_specialty,,,900,hero|og|inline-1|inline-2,service|local-business|faq|breadcrumb-list,/services/lead-paint-abatement/|/service-areas/baldwin-pa/|/service-areas/baldwin-pa/fire-damage-restoration/|/service-areas/baldwin-pa/mold-remediation/|/service-areas/allison-park-pa/lead-paint-abatement/|/service-areas/bethel-park-pa/lead-paint-abatement/|/contact/,3.50,planned
/service-areas/bethel-park-pa/air-duct-cleaning/,service-area-service,"Air Duct Cleaning in Bethel Park, PA | Katofsky Construction LLC",Air Duct Cleaning in Bethel Park,"24/7 air duct cleaning in Bethel Park, PA. IICRC-certified, insurance billing accepted. Call (412) 304-9284.",air duct cleaning bethel park,duct cleaning|HVAC duct cleaning|air duct sanitization|dryer vent cleaning|residential duct cleaning,local_specialty,,,900,hero|og|inline-1|inline-2,service|local-business|faq|breadcrumb-list,/services/air-duct-cleaning/|/service-areas/bethel-park-pa/|/service-areas/bethel-park-pa/fire-damage-restoration/|/service-areas/bethel-park-pa/mold-remediation/|/service-areas/allison-park-pa/air-duct-cleaning/|/service-areas/baldwin-pa/air-duct-cleaning/|/contact/,3.50,planned
/service-areas/bethel-park-pa/contents-restoration-storage/,service-area-service,"Contents Restoration & Storage in Bethel Park, PA | Katofsky Construction LLC",Contents Restoration & Storage in Bethel Park,"24/7 contents restoration & storage in Bethel Park, PA. IICRC-certified, insurance billing accepted. Call (412) 304-9284.",contents restoration & storage bethel park,,local_specialty,,,900,hero|og|inline-1|inline-2,service|local-business|faq|breadcrumb-list,/services/contents-restoration-storage/|/service-areas/bethel-park-pa/|/service-areas/bethel-park-pa/fire-damage-restoration/|/service-areas/bethel-park-pa/mold-remediation/|/service-areas/allison-park-pa/contents-restoration-storage/|/service-areas/baldwin-pa/contents-restoration-storage/|/contact/,3.50,planned
/service-areas/bethel-park-pa/lead-paint-abatement/,service-area-service,"Lead Paint Abatement in Bethel Park, PA | Katofsky Construction LLC",Lead Paint Abatement in Bethel Park,"24/7 lead paint abatement in Bethel Park, PA. IICRC-certified, insurance billing accepted. Call (412) 304-9284.",lead paint abatement bethel park,lead paint removal|lead paint testing|lead-safe renovation|lead paint remediation|EPA RRP certified,local_specialty,,,900,hero|og|inline-1|inline-2,service|local-business|faq|breadcrumb-list,/services/lead-paint-abatement/|/service-areas/bethel-park-pa/|/service-areas/bethel-park-pa/fire-damage-restoration/|/service-areas/bethel-park-pa/mold-remediation/|/service-areas/allison-park-pa/lead-paint-abatement/|/service-areas/baldwin-pa/lead-paint-abatement/|/contact/,3.50,planned
/service-areas/carnegie-pa/air-duct-cleaning/,service-area-service,"Air Duct Cleaning in Carnegie, PA | Katofsky Construction LLC",Air Duct Cleaning in Carnegie,"24/7 air duct cleaning in Carnegie, PA. IICRC-certified, insurance billing accepted. Call (412) 304-9284.",air duct cleaning carnegie,duct cleaning|HVAC duct cleaning|air duct sanitization|dryer vent cleaning|residential duct cleaning,local_specialty,,,900,hero|og|inline-1|inline-2,service|local-business|faq|breadcrumb-list,/services/air-duct-cleaning/|/service-areas/carnegie-pa/|/service-areas/carnegie-pa/fire-damage-restoration/|/service-areas/carnegie-pa/mold-remediation/|/service-areas/allison-park-pa/air-duct-cleaning/|/service-areas/baldwin-pa/air-duct-cleaning/|/contact/,3.50,planned
/service-areas/carnegie-pa/contents-restoration-storage/,service-area-service,"Contents Restoration & Storage in Carnegie, PA | Katofsky Construction LLC",Contents Restoration & Storage in Carnegie,"24/7 contents restoration & storage in Carnegie, PA. IICRC-certified, insurance billing accepted. Call (412) 304-9284.",contents restoration & storage carnegie,,local_specialty,,,900,hero|og|inline-1|inline-2,service|local-business|faq|breadcrumb-list,/services/contents-restoration-storage/|/service-areas/carnegie-pa/|/service-areas/carnegie-pa/fire-damage-restoration/|/service-areas/carnegie-pa/mold-remediation/|/service-areas/allison-park-pa/contents-restoration-storage/|/service-areas/baldwin-pa/contents-restoration-storage/|/contact/,3.50,planned
/service-areas/carnegie-pa/lead-paint-abatement/,service-area-service,"Lead Paint Abatement in Carnegie, PA | Katofsky Construction LLC",Lead Paint Abatement in Carnegie,"24/7 lead paint abatement in Carnegie, PA. IICRC-certified, insurance billing accepted. Call (412) 304-9284.",lead paint abatement carnegie,lead paint removal|lead paint testing|lead-safe renovation|lead paint remediation|EPA RRP certified,local_specialty,,,900,hero|og|inline-1|inline-2,service|local-business|faq|breadcrumb-list,/services/lead-paint-abatement/|/service-areas/carnegie-pa/|/service-areas/carnegie-pa/fire-damage-restoration/|/service-areas/carnegie-pa/mold-remediation/|/service-areas/allison-park-pa/lead-paint-abatement/|/service-areas/baldwin-pa/lead-paint-abatement/|/contact/,3.50,planned
/service-areas/castle-shannon-pa/air-duct-cleaning/,service-area-service,"Air Duct Cleaning in Castle Shannon, PA | Katofsky Construction LLC",Air Duct Cleaning in Castle Shannon,"24/7 air duct cleaning in Castle Shannon, PA. IICRC-certified, insurance billing accepted. Call (412) 304-9284.",air duct cleaning castle shannon,duct cleaning|HVAC duct cleaning|air duct sanitization|dryer vent cleaning|residential duct cleaning,local_specialty,,,900,hero|og|inline-1|inline-2,service|local-business|faq|breadcrumb-list,/services/air-duct-cleaning/|/service-areas/castle-shannon-pa/|/service-areas/castle-shannon-pa/fire-damage-restoration/|/service-areas/castle-shannon-pa/mold-remediation/|/service-areas/allison-park-pa/air-duct-cleaning/|/service-areas/baldwin-pa/air-duct-cleaning/|/contact/,3.50,planned
/service-areas/castle-shannon-pa/contents-restoration-storage/,service-area-service,"Contents Restoration & Storage in Castle Shannon, PA | Katofsky Construction LLC",Contents Restoration & Storage in Castle Shannon,"24/7 contents restoration & storage in Castle Shannon, PA. IICRC-certified, insurance billing accepted. Call (412) 304-9284.",contents restoration & storage castle shannon,,local_specialty,,,900,hero|og|inline-1|inline-2,service|local-business|faq|breadcrumb-list,/services/contents-restoration-storage/|/service-areas/castle-shannon-pa/|/service-areas/castle-shannon-pa/fire-damage-restoration/|/service-areas/castle-shannon-pa/mold-remediation/|/service-areas/allison-park-pa/contents-restoration-storage/|/service-areas/baldwin-pa/contents-restoration-storage/|/contact/,3.50,planned
/service-areas/castle-shannon-pa/lead-paint-abatement/,service-area-service,"Lead Paint Abatement in Castle Shannon, PA | Katofsky Construction LLC",Lead Paint Abatement in Castle Shannon,"24/7 lead paint abatement in Castle Shannon, PA. IICRC-certified, insurance billing accepted. Call (412) 304-9284.",lead paint abatement castle shannon,lead paint removal|lead paint testing|lead-safe renovation|lead paint remediation|EPA RRP certified,local_specialty,,,900,hero|og|inline-1|inline-2,service|local-business|faq|breadcrumb-list,/services/lead-paint-abatement/|/service-areas/castle-shannon-pa/|/service-areas/castle-shannon-pa/fire-damage-restoration/|/service-areas/castle-shannon-pa/mold-remediation/|/service-areas/allison-park-pa/lead-paint-abatement/|/service-areas/baldwin-pa/lead-paint-abatement/|/contact/,3.50,planned
/service-areas/churchill-pa/air-duct-cleaning/,service-area-service,"Air Duct Cleaning in Churchill, PA | Katofsky Construction LLC",Air Duct Cleaning in Churchill,"24/7 air duct cleaning in Churchill, PA. IICRC-certified, insurance billing accepted. Call (412) 304-9284.",air duct cleaning churchill,duct cleaning|HVAC duct cleaning|air duct sanitization|dryer vent cleaning|residential duct cleaning,local_specialty,,,900,hero|og|inline-1|inline-2,service|local-business|faq|breadcrumb-list,/services/air-duct-cleaning/|/service-areas/churchill-pa/|/service-areas/churchill-pa/fire-damage-restoration/|/service-areas/churchill-pa/mold-remediation/|/service-areas/allison-park-pa/air-duct-cleaning/|/service-areas/baldwin-pa/air-duct-cleaning/|/contact/,3.50,planned
/service-areas/churchill-pa/contents-restoration-storage/,service-area-service,"Contents Restoration & Storage in Churchill, PA | Katofsky Construction LLC",Contents Restoration & Storage in Churchill,"24/7 contents restoration & storage in Churchill, PA. IICRC-certified, insurance billing accepted. Call (412) 304-9284.",contents restoration & storage churchill,,local_specialty,,,900,hero|og|inline-1|inline-2,service|local-business|faq|breadcrumb-list,/services/contents-restoration-storage/|/service-areas/churchill-pa/|/service-areas/churchill-pa/fire-damage-restoration/|/service-areas/churchill-pa/mold-remediation/|/service-areas/allison-park-pa/contents-restoration-storage/|/service-areas/baldwin-pa/contents-restoration-storage/|/contact/,3.50,planned
/service-areas/churchill-pa/lead-paint-abatement/,service-area-service,"Lead Paint Abatement in Churchill, PA | Katofsky Construction LLC",Lead Paint Abatement in Churchill,"24/7 lead paint abatement in Churchill, PA. IICRC-certified, insurance billing accepted. Call (412) 304-9284.",lead paint abatement churchill,lead paint removal|lead paint testing|lead-safe renovation|lead paint remediation|EPA RRP certified,local_specialty,,,900,hero|og|inline-1|inline-2,service|local-business|faq|breadcrumb-list,/services/lead-paint-abatement/|/service-areas/churchill-pa/|/service-areas/churchill-pa/fire-damage-restoration/|/service-areas/churchill-pa/mold-remediation/|/service-areas/allison-park-pa/lead-paint-abatement/|/service-areas/baldwin-pa/lead-paint-abatement/|/contact/,3.50,planned
/service-areas/duquesne-pa/air-duct-cleaning/,service-area-service,"Air Duct Cleaning in Duquesne, PA | Katofsky Construction LLC",Air Duct Cleaning in Duquesne,"24/7 air duct cleaning in Duquesne, PA. IICRC-certified, insurance billing accepted. Call (412) 304-9284.",air duct cleaning duquesne,duct cleaning|HVAC duct cleaning|air duct sanitization|dryer vent cleaning|residential duct cleaning,local_specialty,,,900,hero|og|inline-1|inline-2,service|local-business|faq|breadcrumb-list,/services/air-duct-cleaning/|/service-areas/duquesne-pa/|/service-areas/duquesne-pa/fire-damage-restoration/|/service-areas/duquesne-pa/mold-remediation/|/service-areas/allison-park-pa/air-duct-cleaning/|/service-areas/baldwin-pa/air-duct-cleaning/|/contact/,3.50,planned
/service-areas/duquesne-pa/contents-restoration-storage/,service-area-service,"Contents Restoration & Storage in Duquesne, PA | Katofsky Construction LLC",Contents Restoration & Storage in Duquesne,"24/7 contents restoration & storage in Duquesne, PA. IICRC-certified, insurance billing accepted. Call (412) 304-9284.",contents restoration & storage duquesne,,local_specialty,,,900,hero|og|inline-1|inline-2,service|local-business|faq|breadcrumb-list,/services/contents-restoration-storage/|/service-areas/duquesne-pa/|/service-areas/duquesne-pa/fire-damage-restoration/|/service-areas/duquesne-pa/mold-remediation/|/service-areas/allison-park-pa/contents-restoration-storage/|/service-areas/baldwin-pa/contents-restoration-storage/|/contact/,3.50,planned
/service-areas/duquesne-pa/lead-paint-abatement/,service-area-service,"Lead Paint Abatement in Duquesne, PA | Katofsky Construction LLC",Lead Paint Abatement in Duquesne,"24/7 lead paint abatement in Duquesne, PA. IICRC-certified, insurance billing accepted. Call (412) 304-9284.",lead paint abatement duquesne,lead paint removal|lead paint testing|lead-safe renovation|lead paint remediation|EPA RRP certified,local_specialty,,,900,hero|og|inline-1|inline-2,service|local-business|faq|breadcrumb-list,/services/lead-paint-abatement/|/service-areas/duquesne-pa/|/service-areas/duquesne-pa/fire-damage-restoration/|/service-areas/duquesne-pa/mold-remediation/|/service-areas/allison-park-pa/lead-paint-abatement/|/service-areas/baldwin-pa/lead-paint-abatement/|/contact/,3.50,planned
/service-areas/forest-hills-pa/air-duct-cleaning/,service-area-service,"Air Duct Cleaning in Forest Hills, PA | Katofsky Construction LLC",Air Duct Cleaning in Forest Hills,"24/7 air duct cleaning in Forest Hills, PA. IICRC-certified, insurance billing accepted. Call (412) 304-9284.",air duct cleaning forest hills,duct cleaning|HVAC duct cleaning|air duct sanitization|dryer vent cleaning|residential duct cleaning,local_specialty,,,900,hero|og|inline-1|inline-2,service|local-business|faq|breadcrumb-list,/services/air-duct-cleaning/|/service-areas/forest-hills-pa/|/service-areas/forest-hills-pa/fire-damage-restoration/|/service-areas/forest-hills-pa/mold-remediation/|/service-areas/allison-park-pa/air-duct-cleaning/|/service-areas/baldwin-pa/air-duct-cleaning/|/contact/,3.50,planned
/service-areas/forest-hills-pa/contents-restoration-storage/,service-area-service,"Contents Restoration & Storage in Forest Hills, PA | Katofsky Construction LLC",Contents Restoration & Storage in Forest Hills,"24/7 contents restoration & storage in Forest Hills, PA. IICRC-certified, insurance billing accepted. Call (412) 304-9284.",contents restoration & storage forest hills,,local_specialty,,,900,hero|og|inline-1|inline-2,service|local-business|faq|breadcrumb-list,/services/contents-restoration-storage/|/service-areas/forest-hills-pa/|/service-areas/forest-hills-pa/fire-damage-restoration/|/service-areas/forest-hills-pa/mold-remediation/|/service-areas/allison-park-pa/contents-restoration-storage/|/service-areas/baldwin-pa/contents-restoration-storage/|/contact/,3.50,planned
/service-areas/forest-hills-pa/lead-paint-abatement/,service-area-service,"Lead Paint Abatement in Forest Hills, PA | Katofsky Construction LLC",Lead Paint Abatement in Forest Hills,"24/7 lead paint abatement in Forest Hills, PA. IICRC-certified, insurance billing accepted. Call (412) 304-9284.",lead paint abatement forest hills,lead paint removal|lead paint testing|lead-safe renovation|lead paint remediation|EPA RRP certified,local_specialty,,,900,hero|og|inline-1|inline-2,service|local-business|faq|breadcrumb-list,/services/lead-paint-abatement/|/service-areas/forest-hills-pa/|/service-areas/forest-hills-pa/fire-damage-restoration/|/service-areas/forest-hills-pa/mold-remediation/|/service-areas/allison-park-pa/lead-paint-abatement/|/service-areas/baldwin-pa/lead-paint-abatement/|/contact/,3.50,planned
/service-areas/fox-chapel-pa/air-duct-cleaning/,service-area-service,"Air Duct Cleaning in Fox Chapel, PA | Katofsky Construction LLC",Air Duct Cleaning in Fox Chapel,"24/7 air duct cleaning in Fox Chapel, PA. IICRC-certified, insurance billing accepted. Call (412) 304-9284.",air duct cleaning fox chapel,duct cleaning|HVAC duct cleaning|air duct sanitization|dryer vent cleaning|residential duct cleaning,local_specialty,,,900,hero|og|inline-1|inline-2,service|local-business|faq|breadcrumb-list,/services/air-duct-cleaning/|/service-areas/fox-chapel-pa/|/service-areas/fox-chapel-pa/fire-damage-restoration/|/service-areas/fox-chapel-pa/mold-remediation/|/service-areas/allison-park-pa/air-duct-cleaning/|/service-areas/baldwin-pa/air-duct-cleaning/|/contact/,3.50,planned
/service-areas/fox-chapel-pa/contents-restoration-storage/,service-area-service,"Contents Restoration & Storage in Fox Chapel, PA | Katofsky Construction LLC",Contents Restoration & Storage in Fox Chapel,"24/7 contents restoration & storage in Fox Chapel, PA. IICRC-certified, insurance billing accepted. Call (412) 304-9284.",contents restoration & storage fox chapel,,local_specialty,,,900,hero|og|inline-1|inline-2,service|local-business|faq|breadcrumb-list,/services/contents-restoration-storage/|/service-areas/fox-chapel-pa/|/service-areas/fox-chapel-pa/fire-damage-restoration/|/service-areas/fox-chapel-pa/mold-remediation/|/service-areas/allison-park-pa/contents-restoration-storage/|/service-areas/baldwin-pa/contents-restoration-storage/|/contact/,3.50,planned
/service-areas/fox-chapel-pa/lead-paint-abatement/,service-area-service,"Lead Paint Abatement in Fox Chapel, PA | Katofsky Construction LLC",Lead Paint Abatement in Fox Chapel,"24/7 lead paint abatement in Fox Chapel, PA. IICRC-certified, insurance billing accepted. Call (412) 304-9284.",lead paint abatement fox chapel,lead paint removal|lead paint testing|lead-safe renovation|lead paint remediation|EPA RRP certified,local_specialty,,,900,hero|og|inline-1|inline-2,service|local-business|faq|breadcrumb-list,/services/lead-paint-abatement/|/service-areas/fox-chapel-pa/|/service-areas/fox-chapel-pa/fire-damage-restoration/|/service-areas/fox-chapel-pa/mold-remediation/|/service-areas/allison-park-pa/lead-paint-abatement/|/service-areas/baldwin-pa/lead-paint-abatement/|/contact/,3.50,planned
/service-areas/glenshaw-pa/air-duct-cleaning/,service-area-service,"Air Duct Cleaning in Glenshaw, PA | Katofsky Construction LLC",Air Duct Cleaning in Glenshaw,"24/7 air duct cleaning in Glenshaw, PA. IICRC-certified, insurance billing accepted. Call (412) 304-9284.",air duct cleaning glenshaw,duct cleaning|HVAC duct cleaning|air duct sanitization|dryer vent cleaning|residential duct cleaning,local_specialty,,,900,hero|og|inline-1|inline-2,service|local-business|faq|breadcrumb-list,/services/air-duct-cleaning/|/service-areas/glenshaw-pa/|/service-areas/glenshaw-pa/fire-damage-restoration/|/service-areas/glenshaw-pa/mold-remediation/|/service-areas/allison-park-pa/air-duct-cleaning/|/service-areas/baldwin-pa/air-duct-cleaning/|/contact/,3.50,planned
/service-areas/glenshaw-pa/contents-restoration-storage/,service-area-service,"Contents Restoration & Storage in Glenshaw, PA | Katofsky Construction LLC",Contents Restoration & Storage in Glenshaw,"24/7 contents restoration & storage in Glenshaw, PA. IICRC-certified, insurance billing accepted. Call (412) 304-9284.",contents restoration & storage glenshaw,,local_specialty,,,900,hero|og|inline-1|inline-2,service|local-business|faq|breadcrumb-list,/services/contents-restoration-storage/|/service-areas/glenshaw-pa/|/service-areas/glenshaw-pa/fire-damage-restoration/|/service-areas/glenshaw-pa/mold-remediation/|/service-areas/allison-park-pa/contents-restoration-storage/|/service-areas/baldwin-pa/contents-restoration-storage/|/contact/,3.50,planned
/service-areas/glenshaw-pa/lead-paint-abatement/,service-area-service,"Lead Paint Abatement in Glenshaw, PA | Katofsky Construction LLC",Lead Paint Abatement in Glenshaw,"24/7 lead paint abatement in Glenshaw, PA. IICRC-certified, insurance billing accepted. Call (412) 304-9284.",lead paint abatement glenshaw,lead paint removal|lead paint testing|lead-safe renovation|lead paint remediation|EPA RRP certified,local_specialty,,,900,hero|og|inline-1|inline-2,service|local-business|faq|breadcrumb-list,/services/lead-paint-abatement/|/service-areas/glenshaw-pa/|/service-areas/glenshaw-pa/fire-damage-restoration/|/service-areas/glenshaw-pa/mold-remediation/|/service-areas/allison-park-pa/lead-paint-abatement/|/service-areas/baldwin-pa/lead-paint-abatement/|/contact/,3.50,planned
/service-areas/green-tree-pa/air-duct-cleaning/,service-area-service,"Air Duct Cleaning in Green Tree, PA | Katofsky Construction LLC",Air Duct Cleaning in Green Tree,"24/7 air duct cleaning in Green Tree, PA. IICRC-certified, insurance billing accepted. Call (412) 304-9284.",air duct cleaning green tree,duct cleaning|HVAC duct cleaning|air duct sanitization|dryer vent cleaning|residential duct cleaning,local_specialty,,,900,hero|og|inline-1|inline-2,service|local-business|faq|breadcrumb-list,/services/air-duct-cleaning/|/service-areas/green-tree-pa/|/service-areas/green-tree-pa/fire-damage-restoration/|/service-areas/green-tree-pa/mold-remediation/|/service-areas/allison-park-pa/air-duct-cleaning/|/service-areas/baldwin-pa/air-duct-cleaning/|/contact/,3.50,planned
/service-areas/green-tree-pa/contents-restoration-storage/,service-area-service,"Contents Restoration & Storage in Green Tree, PA | Katofsky Construction LLC",Contents Restoration & Storage in Green Tree,"24/7 contents restoration & storage in Green Tree, PA. IICRC-certified, insurance billing accepted. Call (412) 304-9284.",contents restoration & storage green tree,,local_specialty,,,900,hero|og|inline-1|inline-2,service|local-business|faq|breadcrumb-list,/services/contents-restoration-storage/|/service-areas/green-tree-pa/|/service-areas/green-tree-pa/fire-damage-restoration/|/service-areas/green-tree-pa/mold-remediation/|/service-areas/allison-park-pa/contents-restoration-storage/|/service-areas/baldwin-pa/contents-restoration-storage/|/contact/,3.50,planned
/service-areas/green-tree-pa/lead-paint-abatement/,service-area-service,"Lead Paint Abatement in Green Tree, PA | Katofsky Construction LLC",Lead Paint Abatement in Green Tree,"24/7 lead paint abatement in Green Tree, PA. IICRC-certified, insurance billing accepted. Call (412) 304-9284.",lead paint abatement green tree,lead paint removal|lead paint testing|lead-safe renovation|lead paint remediation|EPA RRP certified,local_specialty,,,900,hero|og|inline-1|inline-2,service|local-business|faq|breadcrumb-list,/services/lead-paint-abatement/|/service-areas/green-tree-pa/|/service-areas/green-tree-pa/fire-damage-restoration/|/service-areas/green-tree-pa/mold-remediation/|/service-areas/allison-park-pa/lead-paint-abatement/|/service-areas/baldwin-pa/lead-paint-abatement/|/contact/,3.50,planned
/service-areas/greensburg-pa/air-duct-cleaning/,service-area-service,"Air Duct Cleaning in Greensburg, PA | Katofsky Construction LLC",Air Duct Cleaning in Greensburg,"24/7 air duct cleaning in Greensburg, PA. IICRC-certified, insurance billing accepted. Call (412) 304-9284.",air duct cleaning greensburg,duct cleaning|HVAC duct cleaning|air duct sanitization|dryer vent cleaning|residential duct cleaning,local_specialty,,,900,hero|og|inline-1|inline-2,service|local-business|faq|breadcrumb-list,/services/air-duct-cleaning/|/service-areas/greensburg-pa/|/service-areas/greensburg-pa/fire-damage-restoration/|/service-areas/greensburg-pa/mold-remediation/|/service-areas/allison-park-pa/air-duct-cleaning/|/service-areas/baldwin-pa/air-duct-cleaning/|/contact/,3.50,planned
/service-areas/greensburg-pa/contents-restoration-storage/,service-area-service,"Contents Restoration & Storage in Greensburg, PA | Katofsky Construction LLC",Contents Restoration & Storage in Greensburg,"24/7 contents restoration & storage in Greensburg, PA. IICRC-certified, insurance billing accepted. Call (412) 304-9284.",contents restoration & storage greensburg,,local_specialty,,,900,hero|og|inline-1|inline-2,service|local-business|faq|breadcrumb-list,/services/contents-restoration-storage/|/service-areas/greensburg-pa/|/service-areas/greensburg-pa/fire-damage-restoration/|/service-areas/greensburg-pa/mold-remediation/|/service-areas/allison-park-pa/contents-restoration-storage/|/service-areas/baldwin-pa/contents-restoration-storage/|/contact/,3.50,planned
/service-areas/greensburg-pa/lead-paint-abatement/,service-area-service,"Lead Paint Abatement in Greensburg, PA | Katofsky Construction LLC",Lead Paint Abatement in Greensburg,"24/7 lead paint abatement in Greensburg, PA. IICRC-certified, insurance billing accepted. Call (412) 304-9284.",lead paint abatement greensburg,lead paint removal|lead paint testing|lead-safe renovation|lead paint remediation|EPA RRP certified,local_specialty,,,900,hero|og|inline-1|inline-2,service|local-business|faq|breadcrumb-list,/services/lead-paint-abatement/|/service-areas/greensburg-pa/|/service-areas/greensburg-pa/fire-damage-restoration/|/service-areas/greensburg-pa/mold-remediation/|/service-areas/allison-park-pa/lead-paint-abatement/|/service-areas/baldwin-pa/lead-paint-abatement/|/contact/,3.50,planned
/service-areas/hempfield-township-pa/air-duct-cleaning/,service-area-service,"Air Duct Cleaning in Hempfield Township, PA | Katofsky Construction LLC",Air Duct Cleaning in Hempfield Township,"24/7 air duct cleaning in Hempfield Township, PA. IICRC-certified, insurance billing accepted. Call (412) 304-9284.",air duct cleaning hempfield township,duct cleaning|HVAC duct cleaning|air duct sanitization|dryer vent cleaning|residential duct cleaning,local_specialty,,,900,hero|og|inline-1|inline-2,service|local-business|faq|breadcrumb-list,/services/air-duct-cleaning/|/service-areas/hempfield-township-pa/|/service-areas/hempfield-township-pa/fire-damage-restoration/|/service-areas/hempfield-township-pa/mold-remediation/|/service-areas/allison-park-pa/air-duct-cleaning/|/service-areas/baldwin-pa/air-duct-cleaning/|/contact/,3.50,planned
/service-areas/hempfield-township-pa/contents-restoration-storage/,service-area-service,"Contents Restoration & Storage in Hempfield Township, PA | Katofsky Construction LLC",Contents Restoration & Storage in Hempfield Township,"24/7 contents restoration & storage in Hempfield Township, PA. IICRC-certified, insurance billing accepted. Call (412) 304-9284.",contents restoration & storage hempfield township,,local_specialty,,,900,hero|og|inline-1|inline-2,service|local-business|faq|breadcrumb-list,/services/contents-restoration-storage/|/service-areas/hempfield-township-pa/|/service-areas/hempfield-township-pa/fire-damage-restoration/|/service-areas/hempfield-township-pa/mold-remediation/|/service-areas/allison-park-pa/contents-restoration-storage/|/service-areas/baldwin-pa/contents-restoration-storage/|/contact/,3.50,planned
/service-areas/hempfield-township-pa/lead-paint-abatement/,service-area-service,"Lead Paint Abatement in Hempfield Township, PA | Katofsky Construction LLC",Lead Paint Abatement in Hempfield Township,"24/7 lead paint abatement in Hempfield Township, PA. IICRC-certified, insurance billing accepted. Call (412) 304-9284.",lead paint abatement hempfield township,lead paint removal|lead paint testing|lead-safe renovation|lead paint remediation|EPA RRP certified,local_specialty,,,900,hero|og|inline-1|inline-2,service|local-business|faq|breadcrumb-list,/services/lead-paint-abatement/|/service-areas/hempfield-township-pa/|/service-areas/hempfield-township-pa/fire-damage-restoration/|/service-areas/hempfield-township-pa/mold-remediation/|/service-areas/allison-park-pa/lead-paint-abatement/|/service-areas/baldwin-pa/lead-paint-abatement/|/contact/,3.50,planned
/service-areas/jeannette-pa/air-duct-cleaning/,service-area-service,"Air Duct Cleaning in Jeannette, PA | Katofsky Construction LLC",Air Duct Cleaning in Jeannette,"24/7 air duct cleaning in Jeannette, PA. IICRC-certified, insurance billing accepted. Call (412) 304-9284.",air duct cleaning jeannette,duct cleaning|HVAC duct cleaning|air duct sanitization|dryer vent cleaning|residential duct cleaning,local_specialty,,,900,hero|og|inline-1|inline-2,service|local-business|faq|breadcrumb-list,/services/air-duct-cleaning/|/service-areas/jeannette-pa/|/service-areas/jeannette-pa/fire-damage-restoration/|/service-areas/jeannette-pa/mold-remediation/|/service-areas/allison-park-pa/air-duct-cleaning/|/service-areas/baldwin-pa/air-duct-cleaning/|/contact/,3.50,planned
/service-areas/jeannette-pa/contents-restoration-storage/,service-area-service,"Contents Restoration & Storage in Jeannette, PA | Katofsky Construction LLC",Contents Restoration & Storage in Jeannette,"24/7 contents restoration & storage in Jeannette, PA. IICRC-certified, insurance billing accepted. Call (412) 304-9284.",contents restoration & storage jeannette,,local_specialty,,,900,hero|og|inline-1|inline-2,service|local-business|faq|breadcrumb-list,/services/contents-restoration-storage/|/service-areas/jeannette-pa/|/service-areas/jeannette-pa/fire-damage-restoration/|/service-areas/jeannette-pa/mold-remediation/|/service-areas/allison-park-pa/contents-restoration-storage/|/service-areas/baldwin-pa/contents-restoration-storage/|/contact/,3.50,planned
/service-areas/jeannette-pa/lead-paint-abatement/,service-area-service,"Lead Paint Abatement in Jeannette, PA | Katofsky Construction LLC",Lead Paint Abatement in Jeannette,"24/7 lead paint abatement in Jeannette, PA. IICRC-certified, insurance billing accepted. Call (412) 304-9284.",lead paint abatement jeannette,lead paint removal|lead paint testing|lead-safe renovation|lead paint remediation|EPA RRP certified,local_specialty,,,900,hero|og|inline-1|inline-2,service|local-business|faq|breadcrumb-list,/services/lead-paint-abatement/|/service-areas/jeannette-pa/|/service-areas/jeannette-pa/fire-damage-restoration/|/service-areas/jeannette-pa/mold-remediation/|/service-areas/allison-park-pa/lead-paint-abatement/|/service-areas/baldwin-pa/lead-paint-abatement/|/contact/,3.50,planned
/service-areas/jefferson-hills-pa/air-duct-cleaning/,service-area-service,"Air Duct Cleaning in Jefferson Hills, PA | Katofsky Construction LLC",Air Duct Cleaning in Jefferson Hills,"24/7 air duct cleaning in Jefferson Hills, PA. IICRC-certified, insurance billing accepted. Call (412) 304-9284.",air duct cleaning jefferson hills,duct cleaning|HVAC duct cleaning|air duct sanitization|dryer vent cleaning|residential duct cleaning,local_specialty,,,900,hero|og|inline-1|inline-2,service|local-business|faq|breadcrumb-list,/services/air-duct-cleaning/|/service-areas/jefferson-hills-pa/|/service-areas/jefferson-hills-pa/fire-damage-restoration/|/service-areas/jefferson-hills-pa/mold-remediation/|/service-areas/allison-park-pa/air-duct-cleaning/|/service-areas/baldwin-pa/air-duct-cleaning/|/contact/,3.50,planned
/service-areas/jefferson-hills-pa/contents-restoration-storage/,service-area-service,"Contents Restoration & Storage in Jefferson Hills, PA | Katofsky Construction LLC",Contents Restoration & Storage in Jefferson Hills,"24/7 contents restoration & storage in Jefferson Hills, PA. IICRC-certified, insurance billing accepted. Call (412) 304-9284.",contents restoration & storage jefferson hills,,local_specialty,,,900,hero|og|inline-1|inline-2,service|local-business|faq|breadcrumb-list,/services/contents-restoration-storage/|/service-areas/jefferson-hills-pa/|/service-areas/jefferson-hills-pa/fire-damage-restoration/|/service-areas/jefferson-hills-pa/mold-remediation/|/service-areas/allison-park-pa/contents-restoration-storage/|/service-areas/baldwin-pa/contents-restoration-storage/|/contact/,3.50,planned
/service-areas/jefferson-hills-pa/lead-paint-abatement/,service-area-service,"Lead Paint Abatement in Jefferson Hills, PA | Katofsky Construction LLC",Lead Paint Abatement in Jefferson Hills,"24/7 lead paint abatement in Jefferson Hills, PA. IICRC-certified, insurance billing accepted. Call (412) 304-9284.",lead paint abatement jefferson hills,lead paint removal|lead paint testing|lead-safe renovation|lead paint remediation|EPA RRP certified,local_specialty,,,900,hero|og|inline-1|inline-2,service|local-business|faq|breadcrumb-list,/services/lead-paint-abatement/|/service-areas/jefferson-hills-pa/|/service-areas/jefferson-hills-pa/fire-damage-restoration/|/service-areas/jefferson-hills-pa/mold-remediation/|/service-areas/allison-park-pa/lead-paint-abatement/|/service-areas/baldwin-pa/lead-paint-abatement/|/contact/,3.50,planned
/service-areas/latrobe-pa/air-duct-cleaning/,service-area-service,"Air Duct Cleaning in Latrobe, PA | Katofsky Construction LLC",Air Duct Cleaning in Latrobe,"24/7 air duct cleaning in Latrobe, PA. IICRC-certified, insurance billing accepted. Call (412) 304-9284.",air duct cleaning latrobe,duct cleaning|HVAC duct cleaning|air duct sanitization|dryer vent cleaning|residential duct cleaning,local_specialty,,,900,hero|og|inline-1|inline-2,service|local-business|faq|breadcrumb-list,/services/air-duct-cleaning/|/service-areas/latrobe-pa/|/service-areas/latrobe-pa/fire-damage-restoration/|/service-areas/latrobe-pa/mold-remediation/|/service-areas/allison-park-pa/air-duct-cleaning/|/service-areas/baldwin-pa/air-duct-cleaning/|/contact/,3.50,planned
/service-areas/latrobe-pa/contents-restoration-storage/,service-area-service,"Contents Restoration & Storage in Latrobe, PA | Katofsky Construction LLC",Contents Restoration & Storage in Latrobe,"24/7 contents restoration & storage in Latrobe, PA. IICRC-certified, insurance billing accepted. Call (412) 304-9284.",contents restoration & storage latrobe,,local_specialty,,,900,hero|og|inline-1|inline-2,service|local-business|faq|breadcrumb-list,/services/contents-restoration-storage/|/service-areas/latrobe-pa/|/service-areas/latrobe-pa/fire-damage-restoration/|/service-areas/latrobe-pa/mold-remediation/|/service-areas/allison-park-pa/contents-restoration-storage/|/service-areas/baldwin-pa/contents-restoration-storage/|/contact/,3.50,planned
/service-areas/latrobe-pa/lead-paint-abatement/,service-area-service,"Lead Paint Abatement in Latrobe, PA | Katofsky Construction LLC",Lead Paint Abatement in Latrobe,"24/7 lead paint abatement in Latrobe, PA. IICRC-certified, insurance billing accepted. Call (412) 304-9284.",lead paint abatement latrobe,lead paint removal|lead paint testing|lead-safe renovation|lead paint remediation|EPA RRP certified,local_specialty,,,900,hero|og|inline-1|inline-2,service|local-business|faq|breadcrumb-list,/services/lead-paint-abatement/|/service-areas/latrobe-pa/|/service-areas/latrobe-pa/fire-damage-restoration/|/service-areas/latrobe-pa/mold-remediation/|/service-areas/allison-park-pa/lead-paint-abatement/|/service-areas/baldwin-pa/lead-paint-abatement/|/contact/,3.50,planned
/service-areas/lower-burrell-pa/air-duct-cleaning/,service-area-service,"Air Duct Cleaning in Lower Burrell, PA | Katofsky Construction LLC",Air Duct Cleaning in Lower Burrell,"24/7 air duct cleaning in Lower Burrell, PA. IICRC-certified, insurance billing accepted. Call (412) 304-9284.",air duct cleaning lower burrell,duct cleaning|HVAC duct cleaning|air duct sanitization|dryer vent cleaning|residential duct cleaning,local_specialty,,,900,hero|og|inline-1|inline-2,service|local-business|faq|breadcrumb-list,/services/air-duct-cleaning/|/service-areas/lower-burrell-pa/|/service-areas/lower-burrell-pa/fire-damage-restoration/|/service-areas/lower-burrell-pa/mold-remediation/|/service-areas/allison-park-pa/air-duct-cleaning/|/service-areas/baldwin-pa/air-duct-cleaning/|/contact/,3.50,planned
/service-areas/lower-burrell-pa/contents-restoration-storage/,service-area-service,"Contents Restoration & Storage in Lower Burrell, PA | Katofsky Construction LLC",Contents Restoration & Storage in Lower Burrell,"24/7 contents restoration & storage in Lower Burrell, PA. IICRC-certified, insurance billing accepted. Call (412) 304-9284.",contents restoration & storage lower burrell,,local_specialty,,,900,hero|og|inline-1|inline-2,service|local-business|faq|breadcrumb-list,/services/contents-restoration-storage/|/service-areas/lower-burrell-pa/|/service-areas/lower-burrell-pa/fire-damage-restoration/|/service-areas/lower-burrell-pa/mold-remediation/|/service-areas/allison-park-pa/contents-restoration-storage/|/service-areas/baldwin-pa/contents-restoration-storage/|/contact/,3.50,planned
/service-areas/lower-burrell-pa/lead-paint-abatement/,service-area-service,"Lead Paint Abatement in Lower Burrell, PA | Katofsky Construction LLC",Lead Paint Abatement in Lower Burrell,"24/7 lead paint abatement in Lower Burrell, PA. IICRC-certified, insurance billing accepted. Call (412) 304-9284.",lead paint abatement lower burrell,lead paint removal|lead paint testing|lead-safe renovation|lead paint remediation|EPA RRP certified,local_specialty,,,900,hero|og|inline-1|inline-2,service|local-business|faq|breadcrumb-list,/services/lead-paint-abatement/|/service-areas/lower-burrell-pa/|/service-areas/lower-burrell-pa/fire-damage-restoration/|/service-areas/lower-burrell-pa/mold-remediation/|/service-areas/allison-park-pa/lead-paint-abatement/|/service-areas/baldwin-pa/lead-paint-abatement/|/contact/,3.50,planned
/service-areas/mccandless-pa/air-duct-cleaning/,service-area-service,"Air Duct Cleaning in McCandless, PA | Katofsky Construction LLC",Air Duct Cleaning in McCandless,"24/7 air duct cleaning in McCandless, PA. IICRC-certified, insurance billing accepted. Call (412) 304-9284.",air duct cleaning mccandless,duct cleaning|HVAC duct cleaning|air duct sanitization|dryer vent cleaning|residential duct cleaning,local_specialty,,,900,hero|og|inline-1|inline-2,service|local-business|faq|breadcrumb-list,/services/air-duct-cleaning/|/service-areas/mccandless-pa/|/service-areas/mccandless-pa/fire-damage-restoration/|/service-areas/mccandless-pa/mold-remediation/|/service-areas/allison-park-pa/air-duct-cleaning/|/service-areas/baldwin-pa/air-duct-cleaning/|/contact/,3.50,planned
/service-areas/mccandless-pa/contents-restoration-storage/,service-area-service,"Contents Restoration & Storage in McCandless, PA | Katofsky Construction LLC",Contents Restoration & Storage in McCandless,"24/7 contents restoration & storage in McCandless, PA. IICRC-certified, insurance billing accepted. Call (412) 304-9284.",contents restoration & storage mccandless,,local_specialty,,,900,hero|og|inline-1|inline-2,service|local-business|faq|breadcrumb-list,/services/contents-restoration-storage/|/service-areas/mccandless-pa/|/service-areas/mccandless-pa/fire-damage-restoration/|/service-areas/mccandless-pa/mold-remediation/|/service-areas/allison-park-pa/contents-restoration-storage/|/service-areas/baldwin-pa/contents-restoration-storage/|/contact/,3.50,planned
/service-areas/mccandless-pa/lead-paint-abatement/,service-area-service,"Lead Paint Abatement in McCandless, PA | Katofsky Construction LLC",Lead Paint Abatement in McCandless,"24/7 lead paint abatement in McCandless, PA. IICRC-certified, insurance billing accepted. Call (412) 304-9284.",lead paint abatement mccandless,lead paint removal|lead paint testing|lead-safe renovation|lead paint remediation|EPA RRP certified,local_specialty,,,900,hero|og|inline-1|inline-2,service|local-business|faq|breadcrumb-list,/services/lead-paint-abatement/|/service-areas/mccandless-pa/|/service-areas/mccandless-pa/fire-damage-restoration/|/service-areas/mccandless-pa/mold-remediation/|/service-areas/allison-park-pa/lead-paint-abatement/|/service-areas/baldwin-pa/lead-paint-abatement/|/contact/,3.50,planned
/service-areas/mckeesport-pa/air-duct-cleaning/,service-area-service,"Air Duct Cleaning in McKeesport, PA | Katofsky Construction LLC",Air Duct Cleaning in McKeesport,"24/7 air duct cleaning in McKeesport, PA. IICRC-certified, insurance billing accepted. Call (412) 304-9284.",air duct cleaning mckeesport,duct cleaning|HVAC duct cleaning|air duct sanitization|dryer vent cleaning|residential duct cleaning,local_specialty,,,900,hero|og|inline-1|inline-2,service|local-business|faq|breadcrumb-list,/services/air-duct-cleaning/|/service-areas/mckeesport-pa/|/service-areas/mckeesport-pa/fire-damage-restoration/|/service-areas/mckeesport-pa/mold-remediation/|/service-areas/allison-park-pa/air-duct-cleaning/|/service-areas/baldwin-pa/air-duct-cleaning/|/contact/,3.50,planned
/service-areas/mckeesport-pa/contents-restoration-storage/,service-area-service,"Contents Restoration & Storage in McKeesport, PA | Katofsky Construction LLC",Contents Restoration & Storage in McKeesport,"24/7 contents restoration & storage in McKeesport, PA. IICRC-certified, insurance billing accepted. Call (412) 304-9284.",contents restoration & storage mckeesport,,local_specialty,,,900,hero|og|inline-1|inline-2,service|local-business|faq|breadcrumb-list,/services/contents-restoration-storage/|/service-areas/mckeesport-pa/|/service-areas/mckeesport-pa/fire-damage-restoration/|/service-areas/mckeesport-pa/mold-remediation/|/service-areas/allison-park-pa/contents-restoration-storage/|/service-areas/baldwin-pa/contents-restoration-storage/|/contact/,3.50,planned
/service-areas/mckeesport-pa/lead-paint-abatement/,service-area-service,"Lead Paint Abatement in McKeesport, PA | Katofsky Construction LLC",Lead Paint Abatement in McKeesport,"24/7 lead paint abatement in McKeesport, PA. IICRC-certified, insurance billing accepted. Call (412) 304-9284.",lead paint abatement mckeesport,lead paint removal|lead paint testing|lead-safe renovation|lead paint remediation|EPA RRP certified,local_specialty,,,900,hero|og|inline-1|inline-2,service|local-business|faq|breadcrumb-list,/services/lead-paint-abatement/|/service-areas/mckeesport-pa/|/service-areas/mckeesport-pa/fire-damage-restoration/|/service-areas/mckeesport-pa/mold-remediation/|/service-areas/allison-park-pa/lead-paint-abatement/|/service-areas/baldwin-pa/lead-paint-abatement/|/contact/,3.50,planned
/service-areas/monroeville-pa/air-duct-cleaning/,service-area-service,"Air Duct Cleaning in Monroeville, PA | Katofsky Construction LLC",Air Duct Cleaning in Monroeville,"24/7 air duct cleaning in Monroeville, PA. IICRC-certified, insurance billing accepted. Call (412) 304-9284.",air duct cleaning monroeville,duct cleaning|HVAC duct cleaning|air duct sanitization|dryer vent cleaning|residential duct cleaning,local_specialty,,,900,hero|og|inline-1|inline-2,service|local-business|faq|breadcrumb-list,/services/air-duct-cleaning/|/service-areas/monroeville-pa/|/service-areas/monroeville-pa/fire-damage-restoration/|/service-areas/monroeville-pa/mold-remediation/|/service-areas/allison-park-pa/air-duct-cleaning/|/service-areas/baldwin-pa/air-duct-cleaning/|/contact/,3.50,planned
/service-areas/monroeville-pa/contents-restoration-storage/,service-area-service,"Contents Restoration & Storage in Monroeville, PA | Katofsky Construction LLC",Contents Restoration & Storage in Monroeville,"24/7 contents restoration & storage in Monroeville, PA. IICRC-certified, insurance billing accepted. Call (412) 304-9284.",contents restoration & storage monroeville,,local_specialty,,,900,hero|og|inline-1|inline-2,service|local-business|faq|breadcrumb-list,/services/contents-restoration-storage/|/service-areas/monroeville-pa/|/service-areas/monroeville-pa/fire-damage-restoration/|/service-areas/monroeville-pa/mold-remediation/|/service-areas/allison-park-pa/contents-restoration-storage/|/service-areas/baldwin-pa/contents-restoration-storage/|/contact/,3.50,planned
/service-areas/monroeville-pa/lead-paint-abatement/,service-area-service,"Lead Paint Abatement in Monroeville, PA | Katofsky Construction LLC",Lead Paint Abatement in Monroeville,"24/7 lead paint abatement in Monroeville, PA. IICRC-certified, insurance billing accepted. Call (412) 304-9284.",lead paint abatement monroeville,lead paint removal|lead paint testing|lead-safe renovation|lead paint remediation|EPA RRP certified,local_specialty,,,900,hero|og|inline-1|inline-2,service|local-business|faq|breadcrumb-list,/services/lead-paint-abatement/|/service-areas/monroeville-pa/|/service-areas/monroeville-pa/fire-damage-restoration/|/service-areas/monroeville-pa/mold-remediation/|/service-areas/allison-park-pa/lead-paint-abatement/|/service-areas/baldwin-pa/lead-paint-abatement/|/contact/,3.50,planned
/service-areas/mount-lebanon-pa/air-duct-cleaning/,service-area-service,"Air Duct Cleaning in Mount Lebanon, PA | Katofsky Construction LLC",Air Duct Cleaning in Mount Lebanon,"24/7 air duct cleaning in Mount Lebanon, PA. IICRC-certified, insurance billing accepted. Call (412) 304-9284.",air duct cleaning mount lebanon,duct cleaning|HVAC duct cleaning|air duct sanitization|dryer vent cleaning|residential duct cleaning,local_specialty,,,900,hero|og|inline-1|inline-2,service|local-business|faq|breadcrumb-list,/services/air-duct-cleaning/|/service-areas/mount-lebanon-pa/|/service-areas/mount-lebanon-pa/fire-damage-restoration/|/service-areas/mount-lebanon-pa/mold-remediation/|/service-areas/allison-park-pa/air-duct-cleaning/|/service-areas/baldwin-pa/air-duct-cleaning/|/contact/,3.50,planned
/service-areas/mount-lebanon-pa/contents-restoration-storage/,service-area-service,"Contents Restoration & Storage in Mount Lebanon, PA | Katofsky Construction LLC",Contents Restoration & Storage in Mount Lebanon,"24/7 contents restoration & storage in Mount Lebanon, PA. IICRC-certified, insurance billing accepted. Call (412) 304-9284.",contents restoration & storage mount lebanon,,local_specialty,,,900,hero|og|inline-1|inline-2,service|local-business|faq|breadcrumb-list,/services/contents-restoration-storage/|/service-areas/mount-lebanon-pa/|/service-areas/mount-lebanon-pa/fire-damage-restoration/|/service-areas/mount-lebanon-pa/mold-remediation/|/service-areas/allison-park-pa/contents-restoration-storage/|/service-areas/baldwin-pa/contents-restoration-storage/|/contact/,3.50,planned
/service-areas/mount-lebanon-pa/lead-paint-abatement/,service-area-service,"Lead Paint Abatement in Mount Lebanon, PA | Katofsky Construction LLC",Lead Paint Abatement in Mount Lebanon,"24/7 lead paint abatement in Mount Lebanon, PA. IICRC-certified, insurance billing accepted. Call (412) 304-9284.",lead paint abatement mount lebanon,lead paint removal|lead paint testing|lead-safe renovation|lead paint remediation|EPA RRP certified,local_specialty,,,900,hero|og|inline-1|inline-2,service|local-business|faq|breadcrumb-list,/services/lead-paint-abatement/|/service-areas/mount-lebanon-pa/|/service-areas/mount-lebanon-pa/fire-damage-restoration/|/service-areas/mount-lebanon-pa/mold-remediation/|/service-areas/allison-park-pa/lead-paint-abatement/|/service-areas/baldwin-pa/lead-paint-abatement/|/contact/,3.50,planned
/service-areas/munhall-pa/air-duct-cleaning/,service-area-service,"Air Duct Cleaning in Munhall, PA | Katofsky Construction LLC",Air Duct Cleaning in Munhall,"24/7 air duct cleaning in Munhall, PA. IICRC-certified, insurance billing accepted. Call (412) 304-9284.",air duct cleaning munhall,duct cleaning|HVAC duct cleaning|air duct sanitization|dryer vent cleaning|residential duct cleaning,local_specialty,,,900,hero|og|inline-1|inline-2,service|local-business|faq|breadcrumb-list,/services/air-duct-cleaning/|/service-areas/munhall-pa/|/service-areas/munhall-pa/fire-damage-restoration/|/service-areas/munhall-pa/mold-remediation/|/service-areas/allison-park-pa/air-duct-cleaning/|/service-areas/baldwin-pa/air-duct-cleaning/|/contact/,3.50,planned
/service-areas/munhall-pa/contents-restoration-storage/,service-area-service,"Contents Restoration & Storage in Munhall, PA | Katofsky Construction LLC",Contents Restoration & Storage in Munhall,"24/7 contents restoration & storage in Munhall, PA. IICRC-certified, insurance billing accepted. Call (412) 304-9284.",contents restoration & storage munhall,,local_specialty,,,900,hero|og|inline-1|inline-2,service|local-business|faq|breadcrumb-list,/services/contents-restoration-storage/|/service-areas/munhall-pa/|/service-areas/munhall-pa/fire-damage-restoration/|/service-areas/munhall-pa/mold-remediation/|/service-areas/allison-park-pa/contents-restoration-storage/|/service-areas/baldwin-pa/contents-restoration-storage/|/contact/,3.50,planned
/service-areas/munhall-pa/lead-paint-abatement/,service-area-service,"Lead Paint Abatement in Munhall, PA | Katofsky Construction LLC",Lead Paint Abatement in Munhall,"24/7 lead paint abatement in Munhall, PA. IICRC-certified, insurance billing accepted. Call (412) 304-9284.",lead paint abatement munhall,lead paint removal|lead paint testing|lead-safe renovation|lead paint remediation|EPA RRP certified,local_specialty,,,900,hero|og|inline-1|inline-2,service|local-business|faq|breadcrumb-list,/services/lead-paint-abatement/|/service-areas/munhall-pa/|/service-areas/munhall-pa/fire-damage-restoration/|/service-areas/munhall-pa/mold-remediation/|/service-areas/allison-park-pa/lead-paint-abatement/|/service-areas/baldwin-pa/lead-paint-abatement/|/contact/,3.50,planned
/service-areas/murrysville-pa/air-duct-cleaning/,service-area-service,"Air Duct Cleaning in Murrysville, PA | Katofsky Construction LLC",Air Duct Cleaning in Murrysville,"24/7 air duct cleaning in Murrysville, PA. IICRC-certified, insurance billing accepted. Call (412) 304-9284.",air duct cleaning murrysville,duct cleaning|HVAC duct cleaning|air duct sanitization|dryer vent cleaning|residential duct cleaning,local_specialty,,,900,hero|og|inline-1|inline-2,service|local-business|faq|breadcrumb-list,/services/air-duct-cleaning/|/service-areas/murrysville-pa/|/service-areas/murrysville-pa/fire-damage-restoration/|/service-areas/murrysville-pa/mold-remediation/|/service-areas/allison-park-pa/air-duct-cleaning/|/service-areas/baldwin-pa/air-duct-cleaning/|/contact/,3.50,planned
/service-areas/murrysville-pa/contents-restoration-storage/,service-area-service,"Contents Restoration & Storage in Murrysville, PA | Katofsky Construction LLC",Contents Restoration & Storage in Murrysville,"24/7 contents restoration & storage in Murrysville, PA. IICRC-certified, insurance billing accepted. Call (412) 304-9284.",contents restoration & storage murrysville,,local_specialty,,,900,hero|og|inline-1|inline-2,service|local-business|faq|breadcrumb-list,/services/contents-restoration-storage/|/service-areas/murrysville-pa/|/service-areas/murrysville-pa/fire-damage-restoration/|/service-areas/murrysville-pa/mold-remediation/|/service-areas/allison-park-pa/contents-restoration-storage/|/service-areas/baldwin-pa/contents-restoration-storage/|/contact/,3.50,planned
/service-areas/murrysville-pa/lead-paint-abatement/,service-area-service,"Lead Paint Abatement in Murrysville, PA | Katofsky Construction LLC",Lead Paint Abatement in Murrysville,"24/7 lead paint abatement in Murrysville, PA. IICRC-certified, insurance billing accepted. Call (412) 304-9284.",lead paint abatement murrysville,lead paint removal|lead paint testing|lead-safe renovation|lead paint remediation|EPA RRP certified,local_specialty,,,900,hero|og|inline-1|inline-2,service|local-business|faq|breadcrumb-list,/services/lead-paint-abatement/|/service-areas/murrysville-pa/|/service-areas/murrysville-pa/fire-damage-restoration/|/service-areas/murrysville-pa/mold-remediation/|/service-areas/allison-park-pa/lead-paint-abatement/|/service-areas/baldwin-pa/lead-paint-abatement/|/contact/,3.50,planned
/service-areas/new-kensington-pa/air-duct-cleaning/,service-area-service,"Air Duct Cleaning in New Kensington, PA | Katofsky Construction LLC",Air Duct Cleaning in New Kensington,"24/7 air duct cleaning in New Kensington, PA. IICRC-certified, insurance billing accepted. Call (412) 304-9284.",air duct cleaning new kensington,duct cleaning|HVAC duct cleaning|air duct sanitization|dryer vent cleaning|residential duct cleaning,local_specialty,,,900,hero|og|inline-1|inline-2,service|local-business|faq|breadcrumb-list,/services/air-duct-cleaning/|/service-areas/new-kensington-pa/|/service-areas/new-kensington-pa/fire-damage-restoration/|/service-areas/new-kensington-pa/mold-remediation/|/service-areas/allison-park-pa/air-duct-cleaning/|/service-areas/baldwin-pa/air-duct-cleaning/|/contact/,3.50,planned
/service-areas/new-kensington-pa/contents-restoration-storage/,service-area-service,"Contents Restoration & Storage in New Kensington, PA | Katofsky Construction LLC",Contents Restoration & Storage in New Kensington,"24/7 contents restoration & storage in New Kensington, PA. IICRC-certified, insurance billing accepted. Call (412) 304-9284.",contents restoration & storage new kensington,,local_specialty,,,900,hero|og|inline-1|inline-2,service|local-business|faq|breadcrumb-list,/services/contents-restoration-storage/|/service-areas/new-kensington-pa/|/service-areas/new-kensington-pa/fire-damage-restoration/|/service-areas/new-kensington-pa/mold-remediation/|/service-areas/allison-park-pa/contents-restoration-storage/|/service-areas/baldwin-pa/contents-restoration-storage/|/contact/,3.50,planned
/service-areas/new-kensington-pa/lead-paint-abatement/,service-area-service,"Lead Paint Abatement in New Kensington, PA | Katofsky Construction LLC",Lead Paint Abatement in New Kensington,"24/7 lead paint abatement in New Kensington, PA. IICRC-certified, insurance billing accepted. Call (412) 304-9284.",lead paint abatement new kensington,lead paint removal|lead paint testing|lead-safe renovation|lead paint remediation|EPA RRP certified,local_specialty,,,900,hero|og|inline-1|inline-2,service|local-business|faq|breadcrumb-list,/services/lead-paint-abatement/|/service-areas/new-kensington-pa/|/service-areas/new-kensington-pa/fire-damage-restoration/|/service-areas/new-kensington-pa/mold-remediation/|/service-areas/allison-park-pa/lead-paint-abatement/|/service-areas/baldwin-pa/lead-paint-abatement/|/contact/,3.50,planned
/service-areas/north-huntingdon-pa/air-duct-cleaning/,service-area-service,"Air Duct Cleaning in North Huntingdon, PA | Katofsky Construction LLC",Air Duct Cleaning in North Huntingdon,"24/7 air duct cleaning in North Huntingdon, PA. IICRC-certified, insurance billing accepted. Call (412) 304-9284.",air duct cleaning north huntingdon,duct cleaning|HVAC duct cleaning|air duct sanitization|dryer vent cleaning|residential duct cleaning,local_specialty,,,900,hero|og|inline-1|inline-2,service|local-business|faq|breadcrumb-list,/services/air-duct-cleaning/|/service-areas/north-huntingdon-pa/|/service-areas/north-huntingdon-pa/fire-damage-restoration/|/service-areas/north-huntingdon-pa/mold-remediation/|/service-areas/allison-park-pa/air-duct-cleaning/|/service-areas/baldwin-pa/air-duct-cleaning/|/contact/,3.50,planned
/service-areas/north-huntingdon-pa/contents-restoration-storage/,service-area-service,"Contents Restoration & Storage in North Huntingdon, PA | Katofsky Construction LLC",Contents Restoration & Storage in North Huntingdon,"24/7 contents restoration & storage in North Huntingdon, PA. IICRC-certified, insurance billing accepted. Call (412) 304-9284.",contents restoration & storage north huntingdon,,local_specialty,,,900,hero|og|inline-1|inline-2,service|local-business|faq|breadcrumb-list,/services/contents-restoration-storage/|/service-areas/north-huntingdon-pa/|/service-areas/north-huntingdon-pa/fire-damage-restoration/|/service-areas/north-huntingdon-pa/mold-remediation/|/service-areas/allison-park-pa/contents-restoration-storage/|/service-areas/baldwin-pa/contents-restoration-storage/|/contact/,3.50,planned
/service-areas/north-huntingdon-pa/lead-paint-abatement/,service-area-service,"Lead Paint Abatement in North Huntingdon, PA | Katofsky Construction LLC",Lead Paint Abatement in North Huntingdon,"24/7 lead paint abatement in North Huntingdon, PA. IICRC-certified, insurance billing accepted. Call (412) 304-9284.",lead paint abatement north huntingdon,lead paint removal|lead paint testing|lead-safe renovation|lead paint remediation|EPA RRP certified,local_specialty,,,900,hero|og|inline-1|inline-2,service|local-business|faq|breadcrumb-list,/services/lead-paint-abatement/|/service-areas/north-huntingdon-pa/|/service-areas/north-huntingdon-pa/fire-damage-restoration/|/service-areas/north-huntingdon-pa/mold-remediation/|/service-areas/allison-park-pa/lead-paint-abatement/|/service-areas/baldwin-pa/lead-paint-abatement/|/contact/,3.50,planned
/service-areas/penn-hills-pa/air-duct-cleaning/,service-area-service,"Air Duct Cleaning in Penn Hills, PA | Katofsky Construction LLC",Air Duct Cleaning in Penn Hills,"24/7 air duct cleaning in Penn Hills, PA. IICRC-certified, insurance billing accepted. Call (412) 304-9284.",air duct cleaning penn hills,duct cleaning|HVAC duct cleaning|air duct sanitization|dryer vent cleaning|residential duct cleaning,local_specialty,,,900,hero|og|inline-1|inline-2,service|local-business|faq|breadcrumb-list,/services/air-duct-cleaning/|/service-areas/penn-hills-pa/|/service-areas/penn-hills-pa/fire-damage-restoration/|/service-areas/penn-hills-pa/mold-remediation/|/service-areas/allison-park-pa/air-duct-cleaning/|/service-areas/baldwin-pa/air-duct-cleaning/|/contact/,3.50,planned
/service-areas/penn-hills-pa/contents-restoration-storage/,service-area-service,"Contents Restoration & Storage in Penn Hills, PA | Katofsky Construction LLC",Contents Restoration & Storage in Penn Hills,"24/7 contents restoration & storage in Penn Hills, PA. IICRC-certified, insurance billing accepted. Call (412) 304-9284.",contents restoration & storage penn hills,,local_specialty,,,900,hero|og|inline-1|inline-2,service|local-business|faq|breadcrumb-list,/services/contents-restoration-storage/|/service-areas/penn-hills-pa/|/service-areas/penn-hills-pa/fire-damage-restoration/|/service-areas/penn-hills-pa/mold-remediation/|/service-areas/allison-park-pa/contents-restoration-storage/|/service-areas/baldwin-pa/contents-restoration-storage/|/contact/,3.50,planned
/service-areas/penn-hills-pa/lead-paint-abatement/,service-area-service,"Lead Paint Abatement in Penn Hills, PA | Katofsky Construction LLC",Lead Paint Abatement in Penn Hills,"24/7 lead paint abatement in Penn Hills, PA. IICRC-certified, insurance billing accepted. Call (412) 304-9284.",lead paint abatement penn hills,lead paint removal|lead paint testing|lead-safe renovation|lead paint remediation|EPA RRP certified,local_specialty,,,900,hero|og|inline-1|inline-2,service|local-business|faq|breadcrumb-list,/services/lead-paint-abatement/|/service-areas/penn-hills-pa/|/service-areas/penn-hills-pa/fire-damage-restoration/|/service-areas/penn-hills-pa/mold-remediation/|/service-areas/allison-park-pa/lead-paint-abatement/|/service-areas/baldwin-pa/lead-paint-abatement/|/contact/,3.50,planned
/service-areas/pleasant-hills-pa/air-duct-cleaning/,service-area-service,"Air Duct Cleaning in Pleasant Hills, PA | Katofsky Construction LLC",Air Duct Cleaning in Pleasant Hills,"24/7 air duct cleaning in Pleasant Hills, PA. IICRC-certified, insurance billing accepted. Call (412) 304-9284.",air duct cleaning pleasant hills,duct cleaning|HVAC duct cleaning|air duct sanitization|dryer vent cleaning|residential duct cleaning,local_specialty,,,900,hero|og|inline-1|inline-2,service|local-business|faq|breadcrumb-list,/services/air-duct-cleaning/|/service-areas/pleasant-hills-pa/|/service-areas/pleasant-hills-pa/fire-damage-restoration/|/service-areas/pleasant-hills-pa/mold-remediation/|/service-areas/allison-park-pa/air-duct-cleaning/|/service-areas/baldwin-pa/air-duct-cleaning/|/contact/,3.50,planned
/service-areas/pleasant-hills-pa/contents-restoration-storage/,service-area-service,"Contents Restoration & Storage in Pleasant Hills, PA | Katofsky Construction LLC",Contents Restoration & Storage in Pleasant Hills,"24/7 contents restoration & storage in Pleasant Hills, PA. IICRC-certified, insurance billing accepted. Call (412) 304-9284.",contents restoration & storage pleasant hills,,local_specialty,,,900,hero|og|inline-1|inline-2,service|local-business|faq|breadcrumb-list,/services/contents-restoration-storage/|/service-areas/pleasant-hills-pa/|/service-areas/pleasant-hills-pa/fire-damage-restoration/|/service-areas/pleasant-hills-pa/mold-remediation/|/service-areas/allison-park-pa/contents-restoration-storage/|/service-areas/baldwin-pa/contents-restoration-storage/|/contact/,3.50,planned
/service-areas/pleasant-hills-pa/lead-paint-abatement/,service-area-service,"Lead Paint Abatement in Pleasant Hills, PA | Katofsky Construction LLC",Lead Paint Abatement in Pleasant Hills,"24/7 lead paint abatement in Pleasant Hills, PA. IICRC-certified, insurance billing accepted. Call (412) 304-9284.",lead paint abatement pleasant hills,lead paint removal|lead paint testing|lead-safe renovation|lead paint remediation|EPA RRP certified,local_specialty,,,900,hero|og|inline-1|inline-2,service|local-business|faq|breadcrumb-list,/services/lead-paint-abatement/|/service-areas/pleasant-hills-pa/|/service-areas/pleasant-hills-pa/fire-damage-restoration/|/service-areas/pleasant-hills-pa/mold-remediation/|/service-areas/allison-park-pa/lead-paint-abatement/|/service-areas/baldwin-pa/lead-paint-abatement/|/contact/,3.50,planned
/service-areas/plum-pa/air-duct-cleaning/,service-area-service,"Air Duct Cleaning in Plum, PA | Katofsky Construction LLC",Air Duct Cleaning in Plum,"24/7 air duct cleaning in Plum, PA. IICRC-certified, insurance billing accepted. Call (412) 304-9284.",air duct cleaning plum,duct cleaning|HVAC duct cleaning|air duct sanitization|dryer vent cleaning|residential duct cleaning,local_specialty,,,900,hero|og|inline-1|inline-2,service|local-business|faq|breadcrumb-list,/services/air-duct-cleaning/|/service-areas/plum-pa/|/service-areas/plum-pa/fire-damage-restoration/|/service-areas/plum-pa/mold-remediation/|/service-areas/allison-park-pa/air-duct-cleaning/|/service-areas/baldwin-pa/air-duct-cleaning/|/contact/,3.50,planned
/service-areas/plum-pa/contents-restoration-storage/,service-area-service,"Contents Restoration & Storage in Plum, PA | Katofsky Construction LLC",Contents Restoration & Storage in Plum,"24/7 contents restoration & storage in Plum, PA. IICRC-certified, insurance billing accepted. Call (412) 304-9284.",contents restoration & storage plum,,local_specialty,,,900,hero|og|inline-1|inline-2,service|local-business|faq|breadcrumb-list,/services/contents-restoration-storage/|/service-areas/plum-pa/|/service-areas/plum-pa/fire-damage-restoration/|/service-areas/plum-pa/mold-remediation/|/service-areas/allison-park-pa/contents-restoration-storage/|/service-areas/baldwin-pa/contents-restoration-storage/|/contact/,3.50,planned
/service-areas/plum-pa/lead-paint-abatement/,service-area-service,"Lead Paint Abatement in Plum, PA | Katofsky Construction LLC",Lead Paint Abatement in Plum,"24/7 lead paint abatement in Plum, PA. IICRC-certified, insurance billing accepted. Call (412) 304-9284.",lead paint abatement plum,lead paint removal|lead paint testing|lead-safe renovation|lead paint remediation|EPA RRP certified,local_specialty,,,900,hero|og|inline-1|inline-2,service|local-business|faq|breadcrumb-list,/services/lead-paint-abatement/|/service-areas/plum-pa/|/service-areas/plum-pa/fire-damage-restoration/|/service-areas/plum-pa/mold-remediation/|/service-areas/allison-park-pa/lead-paint-abatement/|/service-areas/baldwin-pa/lead-paint-abatement/|/contact/,3.50,planned
/service-areas/ross-township-pa/air-duct-cleaning/,service-area-service,"Air Duct Cleaning in Ross Township, PA | Katofsky Construction LLC",Air Duct Cleaning in Ross Township,"24/7 air duct cleaning in Ross Township, PA. IICRC-certified, insurance billing accepted. Call (412) 304-9284.",air duct cleaning ross township,duct cleaning|HVAC duct cleaning|air duct sanitization|dryer vent cleaning|residential duct cleaning,local_specialty,,,900,hero|og|inline-1|inline-2,service|local-business|faq|breadcrumb-list,/services/air-duct-cleaning/|/service-areas/ross-township-pa/|/service-areas/ross-township-pa/fire-damage-restoration/|/service-areas/ross-township-pa/mold-remediation/|/service-areas/allison-park-pa/air-duct-cleaning/|/service-areas/baldwin-pa/air-duct-cleaning/|/contact/,3.50,planned
/service-areas/ross-township-pa/contents-restoration-storage/,service-area-service,"Contents Restoration & Storage in Ross Township, PA | Katofsky Construction LLC",Contents Restoration & Storage in Ross Township,"24/7 contents restoration & storage in Ross Township, PA. IICRC-certified, insurance billing accepted. Call (412) 304-9284.",contents restoration & storage ross township,,local_specialty,,,900,hero|og|inline-1|inline-2,service|local-business|faq|breadcrumb-list,/services/contents-restoration-storage/|/service-areas/ross-township-pa/|/service-areas/ross-township-pa/fire-damage-restoration/|/service-areas/ross-township-pa/mold-remediation/|/service-areas/allison-park-pa/contents-restoration-storage/|/service-areas/baldwin-pa/contents-restoration-storage/|/contact/,3.50,planned
/service-areas/ross-township-pa/lead-paint-abatement/,service-area-service,"Lead Paint Abatement in Ross Township, PA | Katofsky Construction LLC",Lead Paint Abatement in Ross Township,"24/7 lead paint abatement in Ross Township, PA. IICRC-certified, insurance billing accepted. Call (412) 304-9284.",lead paint abatement ross township,lead paint removal|lead paint testing|lead-safe renovation|lead paint remediation|EPA RRP certified,local_specialty,,,900,hero|og|inline-1|inline-2,service|local-business|faq|breadcrumb-list,/services/lead-paint-abatement/|/service-areas/ross-township-pa/|/service-areas/ross-township-pa/fire-damage-restoration/|/service-areas/ross-township-pa/mold-remediation/|/service-areas/allison-park-pa/lead-paint-abatement/|/service-areas/baldwin-pa/lead-paint-abatement/|/contact/,3.50,planned
/service-areas/shaler-township-pa/air-duct-cleaning/,service-area-service,"Air Duct Cleaning in Shaler Township, PA | Katofsky Construction LLC",Air Duct Cleaning in Shaler Township,"24/7 air duct cleaning in Shaler Township, PA. IICRC-certified, insurance billing accepted. Call (412) 304-9284.",air duct cleaning shaler township,duct cleaning|HVAC duct cleaning|air duct sanitization|dryer vent cleaning|residential duct cleaning,local_specialty,,,900,hero|og|inline-1|inline-2,service|local-business|faq|breadcrumb-list,/services/air-duct-cleaning/|/service-areas/shaler-township-pa/|/service-areas/shaler-township-pa/fire-damage-restoration/|/service-areas/shaler-township-pa/mold-remediation/|/service-areas/allison-park-pa/air-duct-cleaning/|/service-areas/baldwin-pa/air-duct-cleaning/|/contact/,3.50,planned
/service-areas/shaler-township-pa/contents-restoration-storage/,service-area-service,"Contents Restoration & Storage in Shaler Township, PA | Katofsky Construction LLC",Contents Restoration & Storage in Shaler Township,"24/7 contents restoration & storage in Shaler Township, PA. IICRC-certified, insurance billing accepted. Call (412) 304-9284.",contents restoration & storage shaler township,,local_specialty,,,900,hero|og|inline-1|inline-2,service|local-business|faq|breadcrumb-list,/services/contents-restoration-storage/|/service-areas/shaler-township-pa/|/service-areas/shaler-township-pa/fire-damage-restoration/|/service-areas/shaler-township-pa/mold-remediation/|/service-areas/allison-park-pa/contents-restoration-storage/|/service-areas/baldwin-pa/contents-restoration-storage/|/contact/,3.50,planned
/service-areas/shaler-township-pa/lead-paint-abatement/,service-area-service,"Lead Paint Abatement in Shaler Township, PA | Katofsky Construction LLC",Lead Paint Abatement in Shaler Township,"24/7 lead paint abatement in Shaler Township, PA. IICRC-certified, insurance billing accepted. Call (412) 304-9284.",lead paint abatement shaler township,lead paint removal|lead paint testing|lead-safe renovation|lead paint remediation|EPA RRP certified,local_specialty,,,900,hero|og|inline-1|inline-2,service|local-business|faq|breadcrumb-list,/services/lead-paint-abatement/|/service-areas/shaler-township-pa/|/service-areas/shaler-township-pa/fire-damage-restoration/|/service-areas/shaler-township-pa/mold-remediation/|/service-areas/allison-park-pa/lead-paint-abatement/|/service-areas/baldwin-pa/lead-paint-abatement/|/contact/,3.50,planned
/service-areas/west-mifflin-pa/air-duct-cleaning/,service-area-service,"Air Duct Cleaning in West Mifflin, PA | Katofsky Construction LLC",Air Duct Cleaning in West Mifflin,"24/7 air duct cleaning in West Mifflin, PA. IICRC-certified, insurance billing accepted. Call (412) 304-9284.",air duct cleaning west mifflin,duct cleaning|HVAC duct cleaning|air duct sanitization|dryer vent cleaning|residential duct cleaning,local_specialty,,,900,hero|og|inline-1|inline-2,service|local-business|faq|breadcrumb-list,/services/air-duct-cleaning/|/service-areas/west-mifflin-pa/|/service-areas/west-mifflin-pa/fire-damage-restoration/|/service-areas/west-mifflin-pa/mold-remediation/|/service-areas/allison-park-pa/air-duct-cleaning/|/service-areas/baldwin-pa/air-duct-cleaning/|/contact/,3.50,planned
/service-areas/west-mifflin-pa/contents-restoration-storage/,service-area-service,"Contents Restoration & Storage in West Mifflin, PA | Katofsky Construction LLC",Contents Restoration & Storage in West Mifflin,"24/7 contents restoration & storage in West Mifflin, PA. IICRC-certified, insurance billing accepted. Call (412) 304-9284.",contents restoration & storage west mifflin,,local_specialty,,,900,hero|og|inline-1|inline-2,service|local-business|faq|breadcrumb-list,/services/contents-restoration-storage/|/service-areas/west-mifflin-pa/|/service-areas/west-mifflin-pa/fire-damage-restoration/|/service-areas/west-mifflin-pa/mold-remediation/|/service-areas/allison-park-pa/contents-restoration-storage/|/service-areas/baldwin-pa/contents-restoration-storage/|/contact/,3.50,planned
/service-areas/west-mifflin-pa/lead-paint-abatement/,service-area-service,"Lead Paint Abatement in West Mifflin, PA | Katofsky Construction LLC",Lead Paint Abatement in West Mifflin,"24/7 lead paint abatement in West Mifflin, PA. IICRC-certified, insurance billing accepted. Call (412) 304-9284.",lead paint abatement west mifflin,lead paint removal|lead paint testing|lead-safe renovation|lead paint remediation|EPA RRP certified,local_specialty,,,900,hero|og|inline-1|inline-2,service|local-business|faq|breadcrumb-list,/services/lead-paint-abatement/|/service-areas/west-mifflin-pa/|/service-areas/west-mifflin-pa/fire-damage-restoration/|/service-areas/west-mifflin-pa/mold-remediation/|/service-areas/allison-park-pa/lead-paint-abatement/|/service-areas/baldwin-pa/lead-paint-abatement/|/contact/,3.50,planned
/service-areas/whitehall-pa/air-duct-cleaning/,service-area-service,"Air Duct Cleaning in Whitehall, PA | Katofsky Construction LLC",Air Duct Cleaning in Whitehall,"24/7 air duct cleaning in Whitehall, PA. IICRC-certified, insurance billing accepted. Call (412) 304-9284.",air duct cleaning whitehall,duct cleaning|HVAC duct cleaning|air duct sanitization|dryer vent cleaning|residential duct cleaning,local_specialty,,,900,hero|og|inline-1|inline-2,service|local-business|faq|breadcrumb-list,/services/air-duct-cleaning/|/service-areas/whitehall-pa/|/service-areas/whitehall-pa/fire-damage-restoration/|/service-areas/whitehall-pa/mold-remediation/|/service-areas/allison-park-pa/air-duct-cleaning/|/service-areas/baldwin-pa/air-duct-cleaning/|/contact/,3.50,planned
/service-areas/whitehall-pa/contents-restoration-storage/,service-area-service,"Contents Restoration & Storage in Whitehall, PA | Katofsky Construction LLC",Contents Restoration & Storage in Whitehall,"24/7 contents restoration & storage in Whitehall, PA. IICRC-certified, insurance billing accepted. Call (412) 304-9284.",contents restoration & storage whitehall,,local_specialty,,,900,hero|og|inline-1|inline-2,service|local-business|faq|breadcrumb-list,/services/contents-restoration-storage/|/service-areas/whitehall-pa/|/service-areas/whitehall-pa/fire-damage-restoration/|/service-areas/whitehall-pa/mold-remediation/|/service-areas/allison-park-pa/contents-restoration-storage/|/service-areas/baldwin-pa/contents-restoration-storage/|/contact/,3.50,planned
/service-areas/whitehall-pa/lead-paint-abatement/,service-area-service,"Lead Paint Abatement in Whitehall, PA | Katofsky Construction LLC",Lead Paint Abatement in Whitehall,"24/7 lead paint abatement in Whitehall, PA. IICRC-certified, insurance billing accepted. Call (412) 304-9284.",lead paint abatement whitehall,lead paint removal|lead paint testing|lead-safe renovation|lead paint remediation|EPA RRP certified,local_specialty,,,900,hero|og|inline-1|inline-2,service|local-business|faq|breadcrumb-list,/services/lead-paint-abatement/|/service-areas/whitehall-pa/|/service-areas/whitehall-pa/fire-damage-restoration/|/service-areas/whitehall-pa/mold-remediation/|/service-areas/allison-park-pa/lead-paint-abatement/|/service-areas/baldwin-pa/lead-paint-abatement/|/contact/,3.50,planned
/service-areas/wilkinsburg-pa/air-duct-cleaning/,service-area-service,"Air Duct Cleaning in Wilkinsburg, PA | Katofsky Construction LLC",Air Duct Cleaning in Wilkinsburg,"24/7 air duct cleaning in Wilkinsburg, PA. IICRC-certified, insurance billing accepted. Call (412) 304-9284.",air duct cleaning wilkinsburg,duct cleaning|HVAC duct cleaning|air duct sanitization|dryer vent cleaning|residential duct cleaning,local_specialty,,,900,hero|og|inline-1|inline-2,service|local-business|faq|breadcrumb-list,/services/air-duct-cleaning/|/service-areas/wilkinsburg-pa/|/service-areas/wilkinsburg-pa/fire-damage-restoration/|/service-areas/wilkinsburg-pa/mold-remediation/|/service-areas/allison-park-pa/air-duct-cleaning/|/service-areas/baldwin-pa/air-duct-cleaning/|/contact/,3.50,planned
/service-areas/wilkinsburg-pa/contents-restoration-storage/,service-area-service,"Contents Restoration & Storage in Wilkinsburg, PA | Katofsky Construction LLC",Contents Restoration & Storage in Wilkinsburg,"24/7 contents restoration & storage in Wilkinsburg, PA. IICRC-certified, insurance billing accepted. Call (412) 304-9284.",contents restoration & storage wilkinsburg,,local_specialty,,,900,hero|og|inline-1|inline-2,service|local-business|faq|breadcrumb-list,/services/contents-restoration-storage/|/service-areas/wilkinsburg-pa/|/service-areas/wilkinsburg-pa/fire-damage-restoration/|/service-areas/wilkinsburg-pa/mold-remediation/|/service-areas/allison-park-pa/contents-restoration-storage/|/service-areas/baldwin-pa/contents-restoration-storage/|/contact/,3.50,planned
/service-areas/wilkinsburg-pa/lead-paint-abatement/,service-area-service,"Lead Paint Abatement in Wilkinsburg, PA | Katofsky Construction LLC",Lead Paint Abatement in Wilkinsburg,"24/7 lead paint abatement in Wilkinsburg, PA. IICRC-certified, insurance billing accepted. Call (412) 304-9284.",lead paint abatement wilkinsburg,lead paint removal|lead paint testing|lead-safe renovation|lead paint remediation|EPA RRP certified,local_specialty,,,900,hero|og|inline-1|inline-2,service|local-business|faq|breadcrumb-list,/services/lead-paint-abatement/|/service-areas/wilkinsburg-pa/|/service-areas/wilkinsburg-pa/fire-damage-restoration/|/service-areas/wilkinsburg-pa/mold-remediation/|/service-areas/allison-park-pa/lead-paint-abatement/|/service-areas/baldwin-pa/lead-paint-abatement/|/contact/,3.50,planned
/blog/,blog-index,Restoration Blog | Katofsky Construction LLC,Restoration Resources and Insights,"Guides, checklists, and explainers from Katofsky Construction LLC on water, fire, mold, and storm damage restoration.",restoration blog pittsburgh,restoration guides|damage restoration tips|restoration insights,informational_browse,,,300,hero|og,website|breadcrumb-list,/|/blog/burst-pipe-emergency-checklist/|/blog/what-to-do-first-24-hours-water-damage/|/blog/choosing-a-restoration-company/|/blog/does-homeowners-insurance-cover-water-damage/|/blog/fire-damage-restoration-process/|/blog/how-to-test-for-mold/|/blog/signs-of-hidden-mold/|/blog/black-mold-vs-regular-mold/,3.00,planned
/service-areas/allison-park-pa/carpet-cleaning/,service-area-service,"Carpet Cleaning in Allison Park, PA | Katofsky Construction LLC",Carpet Cleaning in Allison Park,"24/7 carpet cleaning in Allison Park, PA. IICRC-certified, insurance billing accepted. Call (412) 304-9284.",carpet cleaning allison park,professional carpet cleaning|deep carpet cleaning|carpet stain removal|commercial carpet cleaning|carpet sanitization,local_specialty,,,900,hero|og|inline-1|inline-2,service|local-business|faq|breadcrumb-list,/services/carpet-cleaning/|/service-areas/allison-park-pa/|/service-areas/allison-park-pa/fire-damage-restoration/|/service-areas/allison-park-pa/mold-remediation/|/service-areas/baldwin-pa/carpet-cleaning/|/service-areas/bethel-park-pa/carpet-cleaning/|/contact/,2.80,planned
/service-areas/allison-park-pa/upholstery-cleaning/,service-area-service,"Upholstery Cleaning in Allison Park, PA | Katofsky Construction LLC",Upholstery Cleaning in Allison Park,"24/7 upholstery cleaning in Allison Park, PA. IICRC-certified, insurance billing accepted. Call (412) 304-9284.",upholstery cleaning allison park,sofa cleaning|couch cleaning|furniture steam cleaning|leather upholstery cleaning|fabric upholstery cleaning,local_specialty,,,900,hero|og|inline-1|inline-2,service|local-business|faq|breadcrumb-list,/services/upholstery-cleaning/|/service-areas/allison-park-pa/|/service-areas/allison-park-pa/fire-damage-restoration/|/service-areas/allison-park-pa/mold-remediation/|/service-areas/baldwin-pa/upholstery-cleaning/|/service-areas/bethel-park-pa/upholstery-cleaning/|/contact/,2.80,planned
/service-areas/baldwin-pa/carpet-cleaning/,service-area-service,"Carpet Cleaning in Baldwin, PA | Katofsky Construction LLC",Carpet Cleaning in Baldwin,"24/7 carpet cleaning in Baldwin, PA. IICRC-certified, insurance billing accepted. Call (412) 304-9284.",carpet cleaning baldwin,professional carpet cleaning|deep carpet cleaning|carpet stain removal|commercial carpet cleaning|carpet sanitization,local_specialty,,,900,hero|og|inline-1|inline-2,service|local-business|faq|breadcrumb-list,/services/carpet-cleaning/|/service-areas/baldwin-pa/|/service-areas/baldwin-pa/fire-damage-restoration/|/service-areas/baldwin-pa/mold-remediation/|/service-areas/allison-park-pa/carpet-cleaning/|/service-areas/bethel-park-pa/carpet-cleaning/|/contact/,2.80,planned
/service-areas/baldwin-pa/upholstery-cleaning/,service-area-service,"Upholstery Cleaning in Baldwin, PA | Katofsky Construction LLC",Upholstery Cleaning in Baldwin,"24/7 upholstery cleaning in Baldwin, PA. IICRC-certified, insurance billing accepted. Call (412) 304-9284.",upholstery cleaning baldwin,sofa cleaning|couch cleaning|furniture steam cleaning|leather upholstery cleaning|fabric upholstery cleaning,local_specialty,,,900,hero|og|inline-1|inline-2,service|local-business|faq|breadcrumb-list,/services/upholstery-cleaning/|/service-areas/baldwin-pa/|/service-areas/baldwin-pa/fire-damage-restoration/|/service-areas/baldwin-pa/mold-remediation/|/service-areas/allison-park-pa/upholstery-cleaning/|/service-areas/bethel-park-pa/upholstery-cleaning/|/contact/,2.80,planned
/service-areas/bethel-park-pa/carpet-cleaning/,service-area-service,"Carpet Cleaning in Bethel Park, PA | Katofsky Construction LLC",Carpet Cleaning in Bethel Park,"24/7 carpet cleaning in Bethel Park, PA. IICRC-certified, insurance billing accepted. Call (412) 304-9284.",carpet cleaning bethel park,professional carpet cleaning|deep carpet cleaning|carpet stain removal|commercial carpet cleaning|carpet sanitization,local_specialty,,,900,hero|og|inline-1|inline-2,service|local-business|faq|breadcrumb-list,/services/carpet-cleaning/|/service-areas/bethel-park-pa/|/service-areas/bethel-park-pa/fire-damage-restoration/|/service-areas/bethel-park-pa/mold-remediation/|/service-areas/allison-park-pa/carpet-cleaning/|/service-areas/baldwin-pa/carpet-cleaning/|/contact/,2.80,planned
/service-areas/bethel-park-pa/upholstery-cleaning/,service-area-service,"Upholstery Cleaning in Bethel Park, PA | Katofsky Construction LLC",Upholstery Cleaning in Bethel Park,"24/7 upholstery cleaning in Bethel Park, PA. IICRC-certified, insurance billing accepted. Call (412) 304-9284.",upholstery cleaning bethel park,sofa cleaning|couch cleaning|furniture steam cleaning|leather upholstery cleaning|fabric upholstery cleaning,local_specialty,,,900,hero|og|inline-1|inline-2,service|local-business|faq|breadcrumb-list,/services/upholstery-cleaning/|/service-areas/bethel-park-pa/|/service-areas/bethel-park-pa/fire-damage-restoration/|/service-areas/bethel-park-pa/mold-remediation/|/service-areas/allison-park-pa/upholstery-cleaning/|/service-areas/baldwin-pa/upholstery-cleaning/|/contact/,2.80,planned
/service-areas/carnegie-pa/carpet-cleaning/,service-area-service,"Carpet Cleaning in Carnegie, PA | Katofsky Construction LLC",Carpet Cleaning in Carnegie,"24/7 carpet cleaning in Carnegie, PA. IICRC-certified, insurance billing accepted. Call (412) 304-9284.",carpet cleaning carnegie,professional carpet cleaning|deep carpet cleaning|carpet stain removal|commercial carpet cleaning|carpet sanitization,local_specialty,,,900,hero|og|inline-1|inline-2,service|local-business|faq|breadcrumb-list,/services/carpet-cleaning/|/service-areas/carnegie-pa/|/service-areas/carnegie-pa/fire-damage-restoration/|/service-areas/carnegie-pa/mold-remediation/|/service-areas/allison-park-pa/carpet-cleaning/|/service-areas/baldwin-pa/carpet-cleaning/|/contact/,2.80,planned
/service-areas/carnegie-pa/upholstery-cleaning/,service-area-service,"Upholstery Cleaning in Carnegie, PA | Katofsky Construction LLC",Upholstery Cleaning in Carnegie,"24/7 upholstery cleaning in Carnegie, PA. IICRC-certified, insurance billing accepted. Call (412) 304-9284.",upholstery cleaning carnegie,sofa cleaning|couch cleaning|furniture steam cleaning|leather upholstery cleaning|fabric upholstery cleaning,local_specialty,,,900,hero|og|inline-1|inline-2,service|local-business|faq|breadcrumb-list,/services/upholstery-cleaning/|/service-areas/carnegie-pa/|/service-areas/carnegie-pa/fire-damage-restoration/|/service-areas/carnegie-pa/mold-remediation/|/service-areas/allison-park-pa/upholstery-cleaning/|/service-areas/baldwin-pa/upholstery-cleaning/|/contact/,2.80,planned
/service-areas/castle-shannon-pa/carpet-cleaning/,service-area-service,"Carpet Cleaning in Castle Shannon, PA | Katofsky Construction LLC",Carpet Cleaning in Castle Shannon,"24/7 carpet cleaning in Castle Shannon, PA. IICRC-certified, insurance billing accepted. Call (412) 304-9284.",carpet cleaning castle shannon,professional carpet cleaning|deep carpet cleaning|carpet stain removal|commercial carpet cleaning|carpet sanitization,local_specialty,,,900,hero|og|inline-1|inline-2,service|local-business|faq|breadcrumb-list,/services/carpet-cleaning/|/service-areas/castle-shannon-pa/|/service-areas/castle-shannon-pa/fire-damage-restoration/|/service-areas/castle-shannon-pa/mold-remediation/|/service-areas/allison-park-pa/carpet-cleaning/|/service-areas/baldwin-pa/carpet-cleaning/|/contact/,2.80,planned
/service-areas/castle-shannon-pa/upholstery-cleaning/,service-area-service,"Upholstery Cleaning in Castle Shannon, PA | Katofsky Construction LLC",Upholstery Cleaning in Castle Shannon,"24/7 upholstery cleaning in Castle Shannon, PA. IICRC-certified, insurance billing accepted. Call (412) 304-9284.",upholstery cleaning castle shannon,sofa cleaning|couch cleaning|furniture steam cleaning|leather upholstery cleaning|fabric upholstery cleaning,local_specialty,,,900,hero|og|inline-1|inline-2,service|local-business|faq|breadcrumb-list,/services/upholstery-cleaning/|/service-areas/castle-shannon-pa/|/service-areas/castle-shannon-pa/fire-damage-restoration/|/service-areas/castle-shannon-pa/mold-remediation/|/service-areas/allison-park-pa/upholstery-cleaning/|/service-areas/baldwin-pa/upholstery-cleaning/|/contact/,2.80,planned
/service-areas/churchill-pa/carpet-cleaning/,service-area-service,"Carpet Cleaning in Churchill, PA | Katofsky Construction LLC",Carpet Cleaning in Churchill,"24/7 carpet cleaning in Churchill, PA. IICRC-certified, insurance billing accepted. Call (412) 304-9284.",carpet cleaning churchill,professional carpet cleaning|deep carpet cleaning|carpet stain removal|commercial carpet cleaning|carpet sanitization,local_specialty,,,900,hero|og|inline-1|inline-2,service|local-business|faq|breadcrumb-list,/services/carpet-cleaning/|/service-areas/churchill-pa/|/service-areas/churchill-pa/fire-damage-restoration/|/service-areas/churchill-pa/mold-remediation/|/service-areas/allison-park-pa/carpet-cleaning/|/service-areas/baldwin-pa/carpet-cleaning/|/contact/,2.80,planned
/service-areas/churchill-pa/upholstery-cleaning/,service-area-service,"Upholstery Cleaning in Churchill, PA | Katofsky Construction LLC",Upholstery Cleaning in Churchill,"24/7 upholstery cleaning in Churchill, PA. IICRC-certified, insurance billing accepted. Call (412) 304-9284.",upholstery cleaning churchill,sofa cleaning|couch cleaning|furniture steam cleaning|leather upholstery cleaning|fabric upholstery cleaning,local_specialty,,,900,hero|og|inline-1|inline-2,service|local-business|faq|breadcrumb-list,/services/upholstery-cleaning/|/service-areas/churchill-pa/|/service-areas/churchill-pa/fire-damage-restoration/|/service-areas/churchill-pa/mold-remediation/|/service-areas/allison-park-pa/upholstery-cleaning/|/service-areas/baldwin-pa/upholstery-cleaning/|/contact/,2.80,planned
/service-areas/duquesne-pa/carpet-cleaning/,service-area-service,"Carpet Cleaning in Duquesne, PA | Katofsky Construction LLC",Carpet Cleaning in Duquesne,"24/7 carpet cleaning in Duquesne, PA. IICRC-certified, insurance billing accepted. Call (412) 304-9284.",carpet cleaning duquesne,professional carpet cleaning|deep carpet cleaning|carpet stain removal|commercial carpet cleaning|carpet sanitization,local_specialty,,,900,hero|og|inline-1|inline-2,service|local-business|faq|breadcrumb-list,/services/carpet-cleaning/|/service-areas/duquesne-pa/|/service-areas/duquesne-pa/fire-damage-restoration/|/service-areas/duquesne-pa/mold-remediation/|/service-areas/allison-park-pa/carpet-cleaning/|/service-areas/baldwin-pa/carpet-cleaning/|/contact/,2.80,planned
/service-areas/duquesne-pa/upholstery-cleaning/,service-area-service,"Upholstery Cleaning in Duquesne, PA | Katofsky Construction LLC",Upholstery Cleaning in Duquesne,"24/7 upholstery cleaning in Duquesne, PA. IICRC-certified, insurance billing accepted. Call (412) 304-9284.",upholstery cleaning duquesne,sofa cleaning|couch cleaning|furniture steam cleaning|leather upholstery cleaning|fabric upholstery cleaning,local_specialty,,,900,hero|og|inline-1|inline-2,service|local-business|faq|breadcrumb-list,/services/upholstery-cleaning/|/service-areas/duquesne-pa/|/service-areas/duquesne-pa/fire-damage-restoration/|/service-areas/duquesne-pa/mold-remediation/|/service-areas/allison-park-pa/upholstery-cleaning/|/service-areas/baldwin-pa/upholstery-cleaning/|/contact/,2.80,planned
/service-areas/forest-hills-pa/carpet-cleaning/,service-area-service,"Carpet Cleaning in Forest Hills, PA | Katofsky Construction LLC",Carpet Cleaning in Forest Hills,"24/7 carpet cleaning in Forest Hills, PA. IICRC-certified, insurance billing accepted. Call (412) 304-9284.",carpet cleaning forest hills,professional carpet cleaning|deep carpet cleaning|carpet stain removal|commercial carpet cleaning|carpet sanitization,local_specialty,,,900,hero|og|inline-1|inline-2,service|local-business|faq|breadcrumb-list,/services/carpet-cleaning/|/service-areas/forest-hills-pa/|/service-areas/forest-hills-pa/fire-damage-restoration/|/service-areas/forest-hills-pa/mold-remediation/|/service-areas/allison-park-pa/carpet-cleaning/|/service-areas/baldwin-pa/carpet-cleaning/|/contact/,2.80,planned
/service-areas/forest-hills-pa/upholstery-cleaning/,service-area-service,"Upholstery Cleaning in Forest Hills, PA | Katofsky Construction LLC",Upholstery Cleaning in Forest Hills,"24/7 upholstery cleaning in Forest Hills, PA. IICRC-certified, insurance billing accepted. Call (412) 304-9284.",upholstery cleaning forest hills,sofa cleaning|couch cleaning|furniture steam cleaning|leather upholstery cleaning|fabric upholstery cleaning,local_specialty,,,900,hero|og|inline-1|inline-2,service|local-business|faq|breadcrumb-list,/services/upholstery-cleaning/|/service-areas/forest-hills-pa/|/service-areas/forest-hills-pa/fire-damage-restoration/|/service-areas/forest-hills-pa/mold-remediation/|/service-areas/allison-park-pa/upholstery-cleaning/|/service-areas/baldwin-pa/upholstery-cleaning/|/contact/,2.80,planned
/service-areas/fox-chapel-pa/carpet-cleaning/,service-area-service,"Carpet Cleaning in Fox Chapel, PA | Katofsky Construction LLC",Carpet Cleaning in Fox Chapel,"24/7 carpet cleaning in Fox Chapel, PA. IICRC-certified, insurance billing accepted. Call (412) 304-9284.",carpet cleaning fox chapel,professional carpet cleaning|deep carpet cleaning|carpet stain removal|commercial carpet cleaning|carpet sanitization,local_specialty,,,900,hero|og|inline-1|inline-2,service|local-business|faq|breadcrumb-list,/services/carpet-cleaning/|/service-areas/fox-chapel-pa/|/service-areas/fox-chapel-pa/fire-damage-restoration/|/service-areas/fox-chapel-pa/mold-remediation/|/service-areas/allison-park-pa/carpet-cleaning/|/service-areas/baldwin-pa/carpet-cleaning/|/contact/,2.80,planned
/service-areas/fox-chapel-pa/upholstery-cleaning/,service-area-service,"Upholstery Cleaning in Fox Chapel, PA | Katofsky Construction LLC",Upholstery Cleaning in Fox Chapel,"24/7 upholstery cleaning in Fox Chapel, PA. IICRC-certified, insurance billing accepted. Call (412) 304-9284.",upholstery cleaning fox chapel,sofa cleaning|couch cleaning|furniture steam cleaning|leather upholstery cleaning|fabric upholstery cleaning,local_specialty,,,900,hero|og|inline-1|inline-2,service|local-business|faq|breadcrumb-list,/services/upholstery-cleaning/|/service-areas/fox-chapel-pa/|/service-areas/fox-chapel-pa/fire-damage-restoration/|/service-areas/fox-chapel-pa/mold-remediation/|/service-areas/allison-park-pa/upholstery-cleaning/|/service-areas/baldwin-pa/upholstery-cleaning/|/contact/,2.80,planned
/service-areas/glenshaw-pa/carpet-cleaning/,service-area-service,"Carpet Cleaning in Glenshaw, PA | Katofsky Construction LLC",Carpet Cleaning in Glenshaw,"24/7 carpet cleaning in Glenshaw, PA. IICRC-certified, insurance billing accepted. Call (412) 304-9284.",carpet cleaning glenshaw,professional carpet cleaning|deep carpet cleaning|carpet stain removal|commercial carpet cleaning|carpet sanitization,local_specialty,,,900,hero|og|inline-1|inline-2,service|local-business|faq|breadcrumb-list,/services/carpet-cleaning/|/service-areas/glenshaw-pa/|/service-areas/glenshaw-pa/fire-damage-restoration/|/service-areas/glenshaw-pa/mold-remediation/|/service-areas/allison-park-pa/carpet-cleaning/|/service-areas/baldwin-pa/carpet-cleaning/|/contact/,2.80,planned
/service-areas/glenshaw-pa/upholstery-cleaning/,service-area-service,"Upholstery Cleaning in Glenshaw, PA | Katofsky Construction LLC",Upholstery Cleaning in Glenshaw,"24/7 upholstery cleaning in Glenshaw, PA. IICRC-certified, insurance billing accepted. Call (412) 304-9284.",upholstery cleaning glenshaw,sofa cleaning|couch cleaning|furniture steam cleaning|leather upholstery cleaning|fabric upholstery cleaning,local_specialty,,,900,hero|og|inline-1|inline-2,service|local-business|faq|breadcrumb-list,/services/upholstery-cleaning/|/service-areas/glenshaw-pa/|/service-areas/glenshaw-pa/fire-damage-restoration/|/service-areas/glenshaw-pa/mold-remediation/|/service-areas/allison-park-pa/upholstery-cleaning/|/service-areas/baldwin-pa/upholstery-cleaning/|/contact/,2.80,planned
/service-areas/green-tree-pa/carpet-cleaning/,service-area-service,"Carpet Cleaning in Green Tree, PA | Katofsky Construction LLC",Carpet Cleaning in Green Tree,"24/7 carpet cleaning in Green Tree, PA. IICRC-certified, insurance billing accepted. Call (412) 304-9284.",carpet cleaning green tree,professional carpet cleaning|deep carpet cleaning|carpet stain removal|commercial carpet cleaning|carpet sanitization,local_specialty,,,900,hero|og|inline-1|inline-2,service|local-business|faq|breadcrumb-list,/services/carpet-cleaning/|/service-areas/green-tree-pa/|/service-areas/green-tree-pa/fire-damage-restoration/|/service-areas/green-tree-pa/mold-remediation/|/service-areas/allison-park-pa/carpet-cleaning/|/service-areas/baldwin-pa/carpet-cleaning/|/contact/,2.80,planned
/service-areas/green-tree-pa/upholstery-cleaning/,service-area-service,"Upholstery Cleaning in Green Tree, PA | Katofsky Construction LLC",Upholstery Cleaning in Green Tree,"24/7 upholstery cleaning in Green Tree, PA. IICRC-certified, insurance billing accepted. Call (412) 304-9284.",upholstery cleaning green tree,sofa cleaning|couch cleaning|furniture steam cleaning|leather upholstery cleaning|fabric upholstery cleaning,local_specialty,,,900,hero|og|inline-1|inline-2,service|local-business|faq|breadcrumb-list,/services/upholstery-cleaning/|/service-areas/green-tree-pa/|/service-areas/green-tree-pa/fire-damage-restoration/|/service-areas/green-tree-pa/mold-remediation/|/service-areas/allison-park-pa/upholstery-cleaning/|/service-areas/baldwin-pa/upholstery-cleaning/|/contact/,2.80,planned
/service-areas/greensburg-pa/carpet-cleaning/,service-area-service,"Carpet Cleaning in Greensburg, PA | Katofsky Construction LLC",Carpet Cleaning in Greensburg,"24/7 carpet cleaning in Greensburg, PA. IICRC-certified, insurance billing accepted. Call (412) 304-9284.",carpet cleaning greensburg,professional carpet cleaning|deep carpet cleaning|carpet stain removal|commercial carpet cleaning|carpet sanitization,local_specialty,,,900,hero|og|inline-1|inline-2,service|local-business|faq|breadcrumb-list,/services/carpet-cleaning/|/service-areas/greensburg-pa/|/service-areas/greensburg-pa/fire-damage-restoration/|/service-areas/greensburg-pa/mold-remediation/|/service-areas/allison-park-pa/carpet-cleaning/|/service-areas/baldwin-pa/carpet-cleaning/|/contact/,2.80,planned
/service-areas/greensburg-pa/upholstery-cleaning/,service-area-service,"Upholstery Cleaning in Greensburg, PA | Katofsky Construction LLC",Upholstery Cleaning in Greensburg,"24/7 upholstery cleaning in Greensburg, PA. IICRC-certified, insurance billing accepted. Call (412) 304-9284.",upholstery cleaning greensburg,sofa cleaning|couch cleaning|furniture steam cleaning|leather upholstery cleaning|fabric upholstery cleaning,local_specialty,,,900,hero|og|inline-1|inline-2,service|local-business|faq|breadcrumb-list,/services/upholstery-cleaning/|/service-areas/greensburg-pa/|/service-areas/greensburg-pa/fire-damage-restoration/|/service-areas/greensburg-pa/mold-remediation/|/service-areas/allison-park-pa/upholstery-cleaning/|/service-areas/baldwin-pa/upholstery-cleaning/|/contact/,2.80,planned
/service-areas/hempfield-township-pa/carpet-cleaning/,service-area-service,"Carpet Cleaning in Hempfield Township, PA | Katofsky Construction LLC",Carpet Cleaning in Hempfield Township,"24/7 carpet cleaning in Hempfield Township, PA. IICRC-certified, insurance billing accepted. Call (412) 304-9284.",carpet cleaning hempfield township,professional carpet cleaning|deep carpet cleaning|carpet stain removal|commercial carpet cleaning|carpet sanitization,local_specialty,,,900,hero|og|inline-1|inline-2,service|local-business|faq|breadcrumb-list,/services/carpet-cleaning/|/service-areas/hempfield-township-pa/|/service-areas/hempfield-township-pa/fire-damage-restoration/|/service-areas/hempfield-township-pa/mold-remediation/|/service-areas/allison-park-pa/carpet-cleaning/|/service-areas/baldwin-pa/carpet-cleaning/|/contact/,2.80,planned
/service-areas/hempfield-township-pa/upholstery-cleaning/,service-area-service,"Upholstery Cleaning in Hempfield Township, PA | Katofsky Construction LLC",Upholstery Cleaning in Hempfield Township,"24/7 upholstery cleaning in Hempfield Township, PA. IICRC-certified, insurance billing accepted. Call (412) 304-9284.",upholstery cleaning hempfield township,sofa cleaning|couch cleaning|furniture steam cleaning|leather upholstery cleaning|fabric upholstery cleaning,local_specialty,,,900,hero|og|inline-1|inline-2,service|local-business|faq|breadcrumb-list,/services/upholstery-cleaning/|/service-areas/hempfield-township-pa/|/service-areas/hempfield-township-pa/fire-damage-restoration/|/service-areas/hempfield-township-pa/mold-remediation/|/service-areas/allison-park-pa/upholstery-cleaning/|/service-areas/baldwin-pa/upholstery-cleaning/|/contact/,2.80,planned
/service-areas/jeannette-pa/carpet-cleaning/,service-area-service,"Carpet Cleaning in Jeannette, PA | Katofsky Construction LLC",Carpet Cleaning in Jeannette,"24/7 carpet cleaning in Jeannette, PA. IICRC-certified, insurance billing accepted. Call (412) 304-9284.",carpet cleaning jeannette,professional carpet cleaning|deep carpet cleaning|carpet stain removal|commercial carpet cleaning|carpet sanitization,local_specialty,,,900,hero|og|inline-1|inline-2,service|local-business|faq|breadcrumb-list,/services/carpet-cleaning/|/service-areas/jeannette-pa/|/service-areas/jeannette-pa/fire-damage-restoration/|/service-areas/jeannette-pa/mold-remediation/|/service-areas/allison-park-pa/carpet-cleaning/|/service-areas/baldwin-pa/carpet-cleaning/|/contact/,2.80,planned
/service-areas/jeannette-pa/upholstery-cleaning/,service-area-service,"Upholstery Cleaning in Jeannette, PA | Katofsky Construction LLC",Upholstery Cleaning in Jeannette,"24/7 upholstery cleaning in Jeannette, PA. IICRC-certified, insurance billing accepted. Call (412) 304-9284.",upholstery cleaning jeannette,sofa cleaning|couch cleaning|furniture steam cleaning|leather upholstery cleaning|fabric upholstery cleaning,local_specialty,,,900,hero|og|inline-1|inline-2,service|local-business|faq|breadcrumb-list,/services/upholstery-cleaning/|/service-areas/jeannette-pa/|/service-areas/jeannette-pa/fire-damage-restoration/|/service-areas/jeannette-pa/mold-remediation/|/service-areas/allison-park-pa/upholstery-cleaning/|/service-areas/baldwin-pa/upholstery-cleaning/|/contact/,2.80,planned
/service-areas/jefferson-hills-pa/carpet-cleaning/,service-area-service,"Carpet Cleaning in Jefferson Hills, PA | Katofsky Construction LLC",Carpet Cleaning in Jefferson Hills,"24/7 carpet cleaning in Jefferson Hills, PA. IICRC-certified, insurance billing accepted. Call (412) 304-9284.",carpet cleaning jefferson hills,professional carpet cleaning|deep carpet cleaning|carpet stain removal|commercial carpet cleaning|carpet sanitization,local_specialty,,,900,hero|og|inline-1|inline-2,service|local-business|faq|breadcrumb-list,/services/carpet-cleaning/|/service-areas/jefferson-hills-pa/|/service-areas/jefferson-hills-pa/fire-damage-restoration/|/service-areas/jefferson-hills-pa/mold-remediation/|/service-areas/allison-park-pa/carpet-cleaning/|/service-areas/baldwin-pa/carpet-cleaning/|/contact/,2.80,planned
/service-areas/jefferson-hills-pa/upholstery-cleaning/,service-area-service,"Upholstery Cleaning in Jefferson Hills, PA | Katofsky Construction LLC",Upholstery Cleaning in Jefferson Hills,"24/7 upholstery cleaning in Jefferson Hills, PA. IICRC-certified, insurance billing accepted. Call (412) 304-9284.",upholstery cleaning jefferson hills,sofa cleaning|couch cleaning|furniture steam cleaning|leather upholstery cleaning|fabric upholstery cleaning,local_specialty,,,900,hero|og|inline-1|inline-2,service|local-business|faq|breadcrumb-list,/services/upholstery-cleaning/|/service-areas/jefferson-hills-pa/|/service-areas/jefferson-hills-pa/fire-damage-restoration/|/service-areas/jefferson-hills-pa/mold-remediation/|/service-areas/allison-park-pa/upholstery-cleaning/|/service-areas/baldwin-pa/upholstery-cleaning/|/contact/,2.80,planned
/service-areas/latrobe-pa/carpet-cleaning/,service-area-service,"Carpet Cleaning in Latrobe, PA | Katofsky Construction LLC",Carpet Cleaning in Latrobe,"24/7 carpet cleaning in Latrobe, PA. IICRC-certified, insurance billing accepted. Call (412) 304-9284.",carpet cleaning latrobe,professional carpet cleaning|deep carpet cleaning|carpet stain removal|commercial carpet cleaning|carpet sanitization,local_specialty,,,900,hero|og|inline-1|inline-2,service|local-business|faq|breadcrumb-list,/services/carpet-cleaning/|/service-areas/latrobe-pa/|/service-areas/latrobe-pa/fire-damage-restoration/|/service-areas/latrobe-pa/mold-remediation/|/service-areas/allison-park-pa/carpet-cleaning/|/service-areas/baldwin-pa/carpet-cleaning/|/contact/,2.80,planned
/service-areas/latrobe-pa/upholstery-cleaning/,service-area-service,"Upholstery Cleaning in Latrobe, PA | Katofsky Construction LLC",Upholstery Cleaning in Latrobe,"24/7 upholstery cleaning in Latrobe, PA. IICRC-certified, insurance billing accepted. Call (412) 304-9284.",upholstery cleaning latrobe,sofa cleaning|couch cleaning|furniture steam cleaning|leather upholstery cleaning|fabric upholstery cleaning,local_specialty,,,900,hero|og|inline-1|inline-2,service|local-business|faq|breadcrumb-list,/services/upholstery-cleaning/|/service-areas/latrobe-pa/|/service-areas/latrobe-pa/fire-damage-restoration/|/service-areas/latrobe-pa/mold-remediation/|/service-areas/allison-park-pa/upholstery-cleaning/|/service-areas/baldwin-pa/upholstery-cleaning/|/contact/,2.80,planned
/service-areas/lower-burrell-pa/carpet-cleaning/,service-area-service,"Carpet Cleaning in Lower Burrell, PA | Katofsky Construction LLC",Carpet Cleaning in Lower Burrell,"24/7 carpet cleaning in Lower Burrell, PA. IICRC-certified, insurance billing accepted. Call (412) 304-9284.",carpet cleaning lower burrell,professional carpet cleaning|deep carpet cleaning|carpet stain removal|commercial carpet cleaning|carpet sanitization,local_specialty,,,900,hero|og|inline-1|inline-2,service|local-business|faq|breadcrumb-list,/services/carpet-cleaning/|/service-areas/lower-burrell-pa/|/service-areas/lower-burrell-pa/fire-damage-restoration/|/service-areas/lower-burrell-pa/mold-remediation/|/service-areas/allison-park-pa/carpet-cleaning/|/service-areas/baldwin-pa/carpet-cleaning/|/contact/,2.80,planned
/service-areas/lower-burrell-pa/upholstery-cleaning/,service-area-service,"Upholstery Cleaning in Lower Burrell, PA | Katofsky Construction LLC",Upholstery Cleaning in Lower Burrell,"24/7 upholstery cleaning in Lower Burrell, PA. IICRC-certified, insurance billing accepted. Call (412) 304-9284.",upholstery cleaning lower burrell,sofa cleaning|couch cleaning|furniture steam cleaning|leather upholstery cleaning|fabric upholstery cleaning,local_specialty,,,900,hero|og|inline-1|inline-2,service|local-business|faq|breadcrumb-list,/services/upholstery-cleaning/|/service-areas/lower-burrell-pa/|/service-areas/lower-burrell-pa/fire-damage-restoration/|/service-areas/lower-burrell-pa/mold-remediation/|/service-areas/allison-park-pa/upholstery-cleaning/|/service-areas/baldwin-pa/upholstery-cleaning/|/contact/,2.80,planned
/service-areas/mccandless-pa/carpet-cleaning/,service-area-service,"Carpet Cleaning in McCandless, PA | Katofsky Construction LLC",Carpet Cleaning in McCandless,"24/7 carpet cleaning in McCandless, PA. IICRC-certified, insurance billing accepted. Call (412) 304-9284.",carpet cleaning mccandless,professional carpet cleaning|deep carpet cleaning|carpet stain removal|commercial carpet cleaning|carpet sanitization,local_specialty,,,900,hero|og|inline-1|inline-2,service|local-business|faq|breadcrumb-list,/services/carpet-cleaning/|/service-areas/mccandless-pa/|/service-areas/mccandless-pa/fire-damage-restoration/|/service-areas/mccandless-pa/mold-remediation/|/service-areas/allison-park-pa/carpet-cleaning/|/service-areas/baldwin-pa/carpet-cleaning/|/contact/,2.80,planned
/service-areas/mccandless-pa/upholstery-cleaning/,service-area-service,"Upholstery Cleaning in McCandless, PA | Katofsky Construction LLC",Upholstery Cleaning in McCandless,"24/7 upholstery cleaning in McCandless, PA. IICRC-certified, insurance billing accepted. Call (412) 304-9284.",upholstery cleaning mccandless,sofa cleaning|couch cleaning|furniture steam cleaning|leather upholstery cleaning|fabric upholstery cleaning,local_specialty,,,900,hero|og|inline-1|inline-2,service|local-business|faq|breadcrumb-list,/services/upholstery-cleaning/|/service-areas/mccandless-pa/|/service-areas/mccandless-pa/fire-damage-restoration/|/service-areas/mccandless-pa/mold-remediation/|/service-areas/allison-park-pa/upholstery-cleaning/|/service-areas/baldwin-pa/upholstery-cleaning/|/contact/,2.80,planned
/service-areas/mckeesport-pa/carpet-cleaning/,service-area-service,"Carpet Cleaning in McKeesport, PA | Katofsky Construction LLC",Carpet Cleaning in McKeesport,"24/7 carpet cleaning in McKeesport, PA. IICRC-certified, insurance billing accepted. Call (412) 304-9284.",carpet cleaning mckeesport,professional carpet cleaning|deep carpet cleaning|carpet stain removal|commercial carpet cleaning|carpet sanitization,local_specialty,,,900,hero|og|inline-1|inline-2,service|local-business|faq|breadcrumb-list,/services/carpet-cleaning/|/service-areas/mckeesport-pa/|/service-areas/mckeesport-pa/fire-damage-restoration/|/service-areas/mckeesport-pa/mold-remediation/|/service-areas/allison-park-pa/carpet-cleaning/|/service-areas/baldwin-pa/carpet-cleaning/|/contact/,2.80,planned
/service-areas/mckeesport-pa/upholstery-cleaning/,service-area-service,"Upholstery Cleaning in McKeesport, PA | Katofsky Construction LLC",Upholstery Cleaning in McKeesport,"24/7 upholstery cleaning in McKeesport, PA. IICRC-certified, insurance billing accepted. Call (412) 304-9284.",upholstery cleaning mckeesport,sofa cleaning|couch cleaning|furniture steam cleaning|leather upholstery cleaning|fabric upholstery cleaning,local_specialty,,,900,hero|og|inline-1|inline-2,service|local-business|faq|breadcrumb-list,/services/upholstery-cleaning/|/service-areas/mckeesport-pa/|/service-areas/mckeesport-pa/fire-damage-restoration/|/service-areas/mckeesport-pa/mold-remediation/|/service-areas/allison-park-pa/upholstery-cleaning/|/service-areas/baldwin-pa/upholstery-cleaning/|/contact/,2.80,planned
/service-areas/monroeville-pa/carpet-cleaning/,service-area-service,"Carpet Cleaning in Monroeville, PA | Katofsky Construction LLC",Carpet Cleaning in Monroeville,"24/7 carpet cleaning in Monroeville, PA. IICRC-certified, insurance billing accepted. Call (412) 304-9284.",carpet cleaning monroeville,professional carpet cleaning|deep carpet cleaning|carpet stain removal|commercial carpet cleaning|carpet sanitization,local_specialty,,,900,hero|og|inline-1|inline-2,service|local-business|faq|breadcrumb-list,/services/carpet-cleaning/|/service-areas/monroeville-pa/|/service-areas/monroeville-pa/fire-damage-restoration/|/service-areas/monroeville-pa/mold-remediation/|/service-areas/allison-park-pa/carpet-cleaning/|/service-areas/baldwin-pa/carpet-cleaning/|/contact/,2.80,planned
/service-areas/monroeville-pa/upholstery-cleaning/,service-area-service,"Upholstery Cleaning in Monroeville, PA | Katofsky Construction LLC",Upholstery Cleaning in Monroeville,"24/7 upholstery cleaning in Monroeville, PA. IICRC-certified, insurance billing accepted. Call (412) 304-9284.",upholstery cleaning monroeville,sofa cleaning|couch cleaning|furniture steam cleaning|leather upholstery cleaning|fabric upholstery cleaning,local_specialty,,,900,hero|og|inline-1|inline-2,service|local-business|faq|breadcrumb-list,/services/upholstery-cleaning/|/service-areas/monroeville-pa/|/service-areas/monroeville-pa/fire-damage-restoration/|/service-areas/monroeville-pa/mold-remediation/|/service-areas/allison-park-pa/upholstery-cleaning/|/service-areas/baldwin-pa/upholstery-cleaning/|/contact/,2.80,planned
/service-areas/mount-lebanon-pa/carpet-cleaning/,service-area-service,"Carpet Cleaning in Mount Lebanon, PA | Katofsky Construction LLC",Carpet Cleaning in Mount Lebanon,"24/7 carpet cleaning in Mount Lebanon, PA. IICRC-certified, insurance billing accepted. Call (412) 304-9284.",carpet cleaning mount lebanon,professional carpet cleaning|deep carpet cleaning|carpet stain removal|commercial carpet cleaning|carpet sanitization,local_specialty,,,900,hero|og|inline-1|inline-2,service|local-business|faq|breadcrumb-list,/services/carpet-cleaning/|/service-areas/mount-lebanon-pa/|/service-areas/mount-lebanon-pa/fire-damage-restoration/|/service-areas/mount-lebanon-pa/mold-remediation/|/service-areas/allison-park-pa/carpet-cleaning/|/service-areas/baldwin-pa/carpet-cleaning/|/contact/,2.80,planned
/service-areas/mount-lebanon-pa/upholstery-cleaning/,service-area-service,"Upholstery Cleaning in Mount Lebanon, PA | Katofsky Construction LLC",Upholstery Cleaning in Mount Lebanon,"24/7 upholstery cleaning in Mount Lebanon, PA. IICRC-certified, insurance billing accepted. Call (412) 304-9284.",upholstery cleaning mount lebanon,sofa cleaning|couch cleaning|furniture steam cleaning|leather upholstery cleaning|fabric upholstery cleaning,local_specialty,,,900,hero|og|inline-1|inline-2,service|local-business|faq|breadcrumb-list,/services/upholstery-cleaning/|/service-areas/mount-lebanon-pa/|/service-areas/mount-lebanon-pa/fire-damage-restoration/|/service-areas/mount-lebanon-pa/mold-remediation/|/service-areas/allison-park-pa/upholstery-cleaning/|/service-areas/baldwin-pa/upholstery-cleaning/|/contact/,2.80,planned
/service-areas/munhall-pa/carpet-cleaning/,service-area-service,"Carpet Cleaning in Munhall, PA | Katofsky Construction LLC",Carpet Cleaning in Munhall,"24/7 carpet cleaning in Munhall, PA. IICRC-certified, insurance billing accepted. Call (412) 304-9284.",carpet cleaning munhall,professional carpet cleaning|deep carpet cleaning|carpet stain removal|commercial carpet cleaning|carpet sanitization,local_specialty,,,900,hero|og|inline-1|inline-2,service|local-business|faq|breadcrumb-list,/services/carpet-cleaning/|/service-areas/munhall-pa/|/service-areas/munhall-pa/fire-damage-restoration/|/service-areas/munhall-pa/mold-remediation/|/service-areas/allison-park-pa/carpet-cleaning/|/service-areas/baldwin-pa/carpet-cleaning/|/contact/,2.80,planned
/service-areas/munhall-pa/upholstery-cleaning/,service-area-service,"Upholstery Cleaning in Munhall, PA | Katofsky Construction LLC",Upholstery Cleaning in Munhall,"24/7 upholstery cleaning in Munhall, PA. IICRC-certified, insurance billing accepted. Call (412) 304-9284.",upholstery cleaning munhall,sofa cleaning|couch cleaning|furniture steam cleaning|leather upholstery cleaning|fabric upholstery cleaning,local_specialty,,,900,hero|og|inline-1|inline-2,service|local-business|faq|breadcrumb-list,/services/upholstery-cleaning/|/service-areas/munhall-pa/|/service-areas/munhall-pa/fire-damage-restoration/|/service-areas/munhall-pa/mold-remediation/|/service-areas/allison-park-pa/upholstery-cleaning/|/service-areas/baldwin-pa/upholstery-cleaning/|/contact/,2.80,planned
/service-areas/murrysville-pa/carpet-cleaning/,service-area-service,"Carpet Cleaning in Murrysville, PA | Katofsky Construction LLC",Carpet Cleaning in Murrysville,"24/7 carpet cleaning in Murrysville, PA. IICRC-certified, insurance billing accepted. Call (412) 304-9284.",carpet cleaning murrysville,professional carpet cleaning|deep carpet cleaning|carpet stain removal|commercial carpet cleaning|carpet sanitization,local_specialty,,,900,hero|og|inline-1|inline-2,service|local-business|faq|breadcrumb-list,/services/carpet-cleaning/|/service-areas/murrysville-pa/|/service-areas/murrysville-pa/fire-damage-restoration/|/service-areas/murrysville-pa/mold-remediation/|/service-areas/allison-park-pa/carpet-cleaning/|/service-areas/baldwin-pa/carpet-cleaning/|/contact/,2.80,planned
/service-areas/murrysville-pa/upholstery-cleaning/,service-area-service,"Upholstery Cleaning in Murrysville, PA | Katofsky Construction LLC",Upholstery Cleaning in Murrysville,"24/7 upholstery cleaning in Murrysville, PA. IICRC-certified, insurance billing accepted. Call (412) 304-9284.",upholstery cleaning murrysville,sofa cleaning|couch cleaning|furniture steam cleaning|leather upholstery cleaning|fabric upholstery cleaning,local_specialty,,,900,hero|og|inline-1|inline-2,service|local-business|faq|breadcrumb-list,/services/upholstery-cleaning/|/service-areas/murrysville-pa/|/service-areas/murrysville-pa/fire-damage-restoration/|/service-areas/murrysville-pa/mold-remediation/|/service-areas/allison-park-pa/upholstery-cleaning/|/service-areas/baldwin-pa/upholstery-cleaning/|/contact/,2.80,planned
/service-areas/new-kensington-pa/carpet-cleaning/,service-area-service,"Carpet Cleaning in New Kensington, PA | Katofsky Construction LLC",Carpet Cleaning in New Kensington,"24/7 carpet cleaning in New Kensington, PA. IICRC-certified, insurance billing accepted. Call (412) 304-9284.",carpet cleaning new kensington,professional carpet cleaning|deep carpet cleaning|carpet stain removal|commercial carpet cleaning|carpet sanitization,local_specialty,,,900,hero|og|inline-1|inline-2,service|local-business|faq|breadcrumb-list,/services/carpet-cleaning/|/service-areas/new-kensington-pa/|/service-areas/new-kensington-pa/fire-damage-restoration/|/service-areas/new-kensington-pa/mold-remediation/|/service-areas/allison-park-pa/carpet-cleaning/|/service-areas/baldwin-pa/carpet-cleaning/|/contact/,2.80,planned
/service-areas/new-kensington-pa/upholstery-cleaning/,service-area-service,"Upholstery Cleaning in New Kensington, PA | Katofsky Construction LLC",Upholstery Cleaning in New Kensington,"24/7 upholstery cleaning in New Kensington, PA. IICRC-certified, insurance billing accepted. Call (412) 304-9284.",upholstery cleaning new kensington,sofa cleaning|couch cleaning|furniture steam cleaning|leather upholstery cleaning|fabric upholstery cleaning,local_specialty,,,900,hero|og|inline-1|inline-2,service|local-business|faq|breadcrumb-list,/services/upholstery-cleaning/|/service-areas/new-kensington-pa/|/service-areas/new-kensington-pa/fire-damage-restoration/|/service-areas/new-kensington-pa/mold-remediation/|/service-areas/allison-park-pa/upholstery-cleaning/|/service-areas/baldwin-pa/upholstery-cleaning/|/contact/,2.80,planned
/service-areas/north-huntingdon-pa/carpet-cleaning/,service-area-service,"Carpet Cleaning in North Huntingdon, PA | Katofsky Construction LLC",Carpet Cleaning in North Huntingdon,"24/7 carpet cleaning in North Huntingdon, PA. IICRC-certified, insurance billing accepted. Call (412) 304-9284.",carpet cleaning north huntingdon,professional carpet cleaning|deep carpet cleaning|carpet stain removal|commercial carpet cleaning|carpet sanitization,local_specialty,,,900,hero|og|inline-1|inline-2,service|local-business|faq|breadcrumb-list,/services/carpet-cleaning/|/service-areas/north-huntingdon-pa/|/service-areas/north-huntingdon-pa/fire-damage-restoration/|/service-areas/north-huntingdon-pa/mold-remediation/|/service-areas/allison-park-pa/carpet-cleaning/|/service-areas/baldwin-pa/carpet-cleaning/|/contact/,2.80,planned
/service-areas/north-huntingdon-pa/upholstery-cleaning/,service-area-service,"Upholstery Cleaning in North Huntingdon, PA | Katofsky Construction LLC",Upholstery Cleaning in North Huntingdon,"24/7 upholstery cleaning in North Huntingdon, PA. IICRC-certified, insurance billing accepted. Call (412) 304-9284.",upholstery cleaning north huntingdon,sofa cleaning|couch cleaning|furniture steam cleaning|leather upholstery cleaning|fabric upholstery cleaning,local_specialty,,,900,hero|og|inline-1|inline-2,service|local-business|faq|breadcrumb-list,/services/upholstery-cleaning/|/service-areas/north-huntingdon-pa/|/service-areas/north-huntingdon-pa/fire-damage-restoration/|/service-areas/north-huntingdon-pa/mold-remediation/|/service-areas/allison-park-pa/upholstery-cleaning/|/service-areas/baldwin-pa/upholstery-cleaning/|/contact/,2.80,planned
/service-areas/penn-hills-pa/carpet-cleaning/,service-area-service,"Carpet Cleaning in Penn Hills, PA | Katofsky Construction LLC",Carpet Cleaning in Penn Hills,"24/7 carpet cleaning in Penn Hills, PA. IICRC-certified, insurance billing accepted. Call (412) 304-9284.",carpet cleaning penn hills,professional carpet cleaning|deep carpet cleaning|carpet stain removal|commercial carpet cleaning|carpet sanitization,local_specialty,,,900,hero|og|inline-1|inline-2,service|local-business|faq|breadcrumb-list,/services/carpet-cleaning/|/service-areas/penn-hills-pa/|/service-areas/penn-hills-pa/fire-damage-restoration/|/service-areas/penn-hills-pa/mold-remediation/|/service-areas/allison-park-pa/carpet-cleaning/|/service-areas/baldwin-pa/carpet-cleaning/|/contact/,2.80,planned
/service-areas/penn-hills-pa/upholstery-cleaning/,service-area-service,"Upholstery Cleaning in Penn Hills, PA | Katofsky Construction LLC",Upholstery Cleaning in Penn Hills,"24/7 upholstery cleaning in Penn Hills, PA. IICRC-certified, insurance billing accepted. Call (412) 304-9284.",upholstery cleaning penn hills,sofa cleaning|couch cleaning|furniture steam cleaning|leather upholstery cleaning|fabric upholstery cleaning,local_specialty,,,900,hero|og|inline-1|inline-2,service|local-business|faq|breadcrumb-list,/services/upholstery-cleaning/|/service-areas/penn-hills-pa/|/service-areas/penn-hills-pa/fire-damage-restoration/|/service-areas/penn-hills-pa/mold-remediation/|/service-areas/allison-park-pa/upholstery-cleaning/|/service-areas/baldwin-pa/upholstery-cleaning/|/contact/,2.80,planned
/service-areas/pleasant-hills-pa/carpet-cleaning/,service-area-service,"Carpet Cleaning in Pleasant Hills, PA | Katofsky Construction LLC",Carpet Cleaning in Pleasant Hills,"24/7 carpet cleaning in Pleasant Hills, PA. IICRC-certified, insurance billing accepted. Call (412) 304-9284.",carpet cleaning pleasant hills,professional carpet cleaning|deep carpet cleaning|carpet stain removal|commercial carpet cleaning|carpet sanitization,local_specialty,,,900,hero|og|inline-1|inline-2,service|local-business|faq|breadcrumb-list,/services/carpet-cleaning/|/service-areas/pleasant-hills-pa/|/service-areas/pleasant-hills-pa/fire-damage-restoration/|/service-areas/pleasant-hills-pa/mold-remediation/|/service-areas/allison-park-pa/carpet-cleaning/|/service-areas/baldwin-pa/carpet-cleaning/|/contact/,2.80,planned
/service-areas/pleasant-hills-pa/upholstery-cleaning/,service-area-service,"Upholstery Cleaning in Pleasant Hills, PA | Katofsky Construction LLC",Upholstery Cleaning in Pleasant Hills,"24/7 upholstery cleaning in Pleasant Hills, PA. IICRC-certified, insurance billing accepted. Call (412) 304-9284.",upholstery cleaning pleasant hills,sofa cleaning|couch cleaning|furniture steam cleaning|leather upholstery cleaning|fabric upholstery cleaning,local_specialty,,,900,hero|og|inline-1|inline-2,service|local-business|faq|breadcrumb-list,/services/upholstery-cleaning/|/service-areas/pleasant-hills-pa/|/service-areas/pleasant-hills-pa/fire-damage-restoration/|/service-areas/pleasant-hills-pa/mold-remediation/|/service-areas/allison-park-pa/upholstery-cleaning/|/service-areas/baldwin-pa/upholstery-cleaning/|/contact/,2.80,planned
/service-areas/plum-pa/carpet-cleaning/,service-area-service,"Carpet Cleaning in Plum, PA | Katofsky Construction LLC",Carpet Cleaning in Plum,"24/7 carpet cleaning in Plum, PA. IICRC-certified, insurance billing accepted. Call (412) 304-9284.",carpet cleaning plum,professional carpet cleaning|deep carpet cleaning|carpet stain removal|commercial carpet cleaning|carpet sanitization,local_specialty,,,900,hero|og|inline-1|inline-2,service|local-business|faq|breadcrumb-list,/services/carpet-cleaning/|/service-areas/plum-pa/|/service-areas/plum-pa/fire-damage-restoration/|/service-areas/plum-pa/mold-remediation/|/service-areas/allison-park-pa/carpet-cleaning/|/service-areas/baldwin-pa/carpet-cleaning/|/contact/,2.80,planned
/service-areas/plum-pa/upholstery-cleaning/,service-area-service,"Upholstery Cleaning in Plum, PA | Katofsky Construction LLC",Upholstery Cleaning in Plum,"24/7 upholstery cleaning in Plum, PA. IICRC-certified, insurance billing accepted. Call (412) 304-9284.",upholstery cleaning plum,sofa cleaning|couch cleaning|furniture steam cleaning|leather upholstery cleaning|fabric upholstery cleaning,local_specialty,,,900,hero|og|inline-1|inline-2,service|local-business|faq|breadcrumb-list,/services/upholstery-cleaning/|/service-areas/plum-pa/|/service-areas/plum-pa/fire-damage-restoration/|/service-areas/plum-pa/mold-remediation/|/service-areas/allison-park-pa/upholstery-cleaning/|/service-areas/baldwin-pa/upholstery-cleaning/|/contact/,2.80,planned
/service-areas/ross-township-pa/carpet-cleaning/,service-area-service,"Carpet Cleaning in Ross Township, PA | Katofsky Construction LLC",Carpet Cleaning in Ross Township,"24/7 carpet cleaning in Ross Township, PA. IICRC-certified, insurance billing accepted. Call (412) 304-9284.",carpet cleaning ross township,professional carpet cleaning|deep carpet cleaning|carpet stain removal|commercial carpet cleaning|carpet sanitization,local_specialty,,,900,hero|og|inline-1|inline-2,service|local-business|faq|breadcrumb-list,/services/carpet-cleaning/|/service-areas/ross-township-pa/|/service-areas/ross-township-pa/fire-damage-restoration/|/service-areas/ross-township-pa/mold-remediation/|/service-areas/allison-park-pa/carpet-cleaning/|/service-areas/baldwin-pa/carpet-cleaning/|/contact/,2.80,planned
/service-areas/ross-township-pa/upholstery-cleaning/,service-area-service,"Upholstery Cleaning in Ross Township, PA | Katofsky Construction LLC",Upholstery Cleaning in Ross Township,"24/7 upholstery cleaning in Ross Township, PA. IICRC-certified, insurance billing accepted. Call (412) 304-9284.",upholstery cleaning ross township,sofa cleaning|couch cleaning|furniture steam cleaning|leather upholstery cleaning|fabric upholstery cleaning,local_specialty,,,900,hero|og|inline-1|inline-2,service|local-business|faq|breadcrumb-list,/services/upholstery-cleaning/|/service-areas/ross-township-pa/|/service-areas/ross-township-pa/fire-damage-restoration/|/service-areas/ross-township-pa/mold-remediation/|/service-areas/allison-park-pa/upholstery-cleaning/|/service-areas/baldwin-pa/upholstery-cleaning/|/contact/,2.80,planned
/service-areas/shaler-township-pa/carpet-cleaning/,service-area-service,"Carpet Cleaning in Shaler Township, PA | Katofsky Construction LLC",Carpet Cleaning in Shaler Township,"24/7 carpet cleaning in Shaler Township, PA. IICRC-certified, insurance billing accepted. Call (412) 304-9284.",carpet cleaning shaler township,professional carpet cleaning|deep carpet cleaning|carpet stain removal|commercial carpet cleaning|carpet sanitization,local_specialty,,,900,hero|og|inline-1|inline-2,service|local-business|faq|breadcrumb-list,/services/carpet-cleaning/|/service-areas/shaler-township-pa/|/service-areas/shaler-township-pa/fire-damage-restoration/|/service-areas/shaler-township-pa/mold-remediation/|/service-areas/allison-park-pa/carpet-cleaning/|/service-areas/baldwin-pa/carpet-cleaning/|/contact/,2.80,planned
/service-areas/shaler-township-pa/upholstery-cleaning/,service-area-service,"Upholstery Cleaning in Shaler Township, PA | Katofsky Construction LLC",Upholstery Cleaning in Shaler Township,"24/7 upholstery cleaning in Shaler Township, PA. IICRC-certified, insurance billing accepted. Call (412) 304-9284.",upholstery cleaning shaler township,sofa cleaning|couch cleaning|furniture steam cleaning|leather upholstery cleaning|fabric upholstery cleaning,local_specialty,,,900,hero|og|inline-1|inline-2,service|local-business|faq|breadcrumb-list,/services/upholstery-cleaning/|/service-areas/shaler-township-pa/|/service-areas/shaler-township-pa/fire-damage-restoration/|/service-areas/shaler-township-pa/mold-remediation/|/service-areas/allison-park-pa/upholstery-cleaning/|/service-areas/baldwin-pa/upholstery-cleaning/|/contact/,2.80,planned
/service-areas/west-mifflin-pa/carpet-cleaning/,service-area-service,"Carpet Cleaning in West Mifflin, PA | Katofsky Construction LLC",Carpet Cleaning in West Mifflin,"24/7 carpet cleaning in West Mifflin, PA. IICRC-certified, insurance billing accepted. Call (412) 304-9284.",carpet cleaning west mifflin,professional carpet cleaning|deep carpet cleaning|carpet stain removal|commercial carpet cleaning|carpet sanitization,local_specialty,,,900,hero|og|inline-1|inline-2,service|local-business|faq|breadcrumb-list,/services/carpet-cleaning/|/service-areas/west-mifflin-pa/|/service-areas/west-mifflin-pa/fire-damage-restoration/|/service-areas/west-mifflin-pa/mold-remediation/|/service-areas/allison-park-pa/carpet-cleaning/|/service-areas/baldwin-pa/carpet-cleaning/|/contact/,2.80,planned
/service-areas/west-mifflin-pa/upholstery-cleaning/,service-area-service,"Upholstery Cleaning in West Mifflin, PA | Katofsky Construction LLC",Upholstery Cleaning in West Mifflin,"24/7 upholstery cleaning in West Mifflin, PA. IICRC-certified, insurance billing accepted. Call (412) 304-9284.",upholstery cleaning west mifflin,sofa cleaning|couch cleaning|furniture steam cleaning|leather upholstery cleaning|fabric upholstery cleaning,local_specialty,,,900,hero|og|inline-1|inline-2,service|local-business|faq|breadcrumb-list,/services/upholstery-cleaning/|/service-areas/west-mifflin-pa/|/service-areas/west-mifflin-pa/fire-damage-restoration/|/service-areas/west-mifflin-pa/mold-remediation/|/service-areas/allison-park-pa/upholstery-cleaning/|/service-areas/baldwin-pa/upholstery-cleaning/|/contact/,2.80,planned
/service-areas/whitehall-pa/carpet-cleaning/,service-area-service,"Carpet Cleaning in Whitehall, PA | Katofsky Construction LLC",Carpet Cleaning in Whitehall,"24/7 carpet cleaning in Whitehall, PA. IICRC-certified, insurance billing accepted. Call (412) 304-9284.",carpet cleaning whitehall,professional carpet cleaning|deep carpet cleaning|carpet stain removal|commercial carpet cleaning|carpet sanitization,local_specialty,,,900,hero|og|inline-1|inline-2,service|local-business|faq|breadcrumb-list,/services/carpet-cleaning/|/service-areas/whitehall-pa/|/service-areas/whitehall-pa/fire-damage-restoration/|/service-areas/whitehall-pa/mold-remediation/|/service-areas/allison-park-pa/carpet-cleaning/|/service-areas/baldwin-pa/carpet-cleaning/|/contact/,2.80,planned
/service-areas/whitehall-pa/upholstery-cleaning/,service-area-service,"Upholstery Cleaning in Whitehall, PA | Katofsky Construction LLC",Upholstery Cleaning in Whitehall,"24/7 upholstery cleaning in Whitehall, PA. IICRC-certified, insurance billing accepted. Call (412) 304-9284.",upholstery cleaning whitehall,sofa cleaning|couch cleaning|furniture steam cleaning|leather upholstery cleaning|fabric upholstery cleaning,local_specialty,,,900,hero|og|inline-1|inline-2,service|local-business|faq|breadcrumb-list,/services/upholstery-cleaning/|/service-areas/whitehall-pa/|/service-areas/whitehall-pa/fire-damage-restoration/|/service-areas/whitehall-pa/mold-remediation/|/service-areas/allison-park-pa/upholstery-cleaning/|/service-areas/baldwin-pa/upholstery-cleaning/|/contact/,2.80,planned
/service-areas/wilkinsburg-pa/carpet-cleaning/,service-area-service,"Carpet Cleaning in Wilkinsburg, PA | Katofsky Construction LLC",Carpet Cleaning in Wilkinsburg,"24/7 carpet cleaning in Wilkinsburg, PA. IICRC-certified, insurance billing accepted. Call (412) 304-9284.",carpet cleaning wilkinsburg,professional carpet cleaning|deep carpet cleaning|carpet stain removal|commercial carpet cleaning|carpet sanitization,local_specialty,,,900,hero|og|inline-1|inline-2,service|local-business|faq|breadcrumb-list,/services/carpet-cleaning/|/service-areas/wilkinsburg-pa/|/service-areas/wilkinsburg-pa/fire-damage-restoration/|/service-areas/wilkinsburg-pa/mold-remediation/|/service-areas/allison-park-pa/carpet-cleaning/|/service-areas/baldwin-pa/carpet-cleaning/|/contact/,2.80,planned
/service-areas/wilkinsburg-pa/upholstery-cleaning/,service-area-service,"Upholstery Cleaning in Wilkinsburg, PA | Katofsky Construction LLC",Upholstery Cleaning in Wilkinsburg,"24/7 upholstery cleaning in Wilkinsburg, PA. IICRC-certified, insurance billing accepted. Call (412) 304-9284.",upholstery cleaning wilkinsburg,sofa cleaning|couch cleaning|furniture steam cleaning|leather upholstery cleaning|fabric upholstery cleaning,local_specialty,,,900,hero|og|inline-1|inline-2,service|local-business|faq|breadcrumb-list,/services/upholstery-cleaning/|/service-areas/wilkinsburg-pa/|/service-areas/wilkinsburg-pa/fire-damage-restoration/|/service-areas/wilkinsburg-pa/mold-remediation/|/service-areas/allison-park-pa/upholstery-cleaning/|/service-areas/baldwin-pa/upholstery-cleaning/|/contact/,2.80,planned
/about/,about,About Katofsky Construction LLC | Pittsburgh Restoration Company,About Katofsky Construction LLC,"Katofsky Construction LLC has served Pittsburgh since . Meet our IICRC-certified restoration team. Licensed, insured, locally owned.",katofsky construction llc pittsburgh,local restoration company|iicrc certified restoration|licensed restoration contractor,navigational_trust,,,700,hero|og|inline-1,organization|website|local-business|aggregate-rating|breadcrumb-list,/|/services/|/contact/,2.50,planned
/contact/,contact,Contact Katofsky Construction LLC | 24/7 Restoration in Pittsburgh,Contact Katofsky Construction LLC,Call (412) 304-9284 for 24/7 emergency restoration in Pittsburgh and surrounding areas. Free estimates. Direct insurance billing.,katofsky construction llc contact,restoration company contact|24/7 restoration phone|emergency restoration near me,navigational_action,,,400,hero|og,organization|website|local-business|breadcrumb-list,/|/services/|/service-areas/,2.50,planned
/accessibility/,legal,Accessibility Statement | Katofsky Construction LLC,Accessibility Statement,Accessibility Statement | {brand.display_name}.,katofsky construction llc accessibility,,navigational_legal,,,400,og,,,1.00,planned
/privacy/,legal,Privacy Policy | Katofsky Construction LLC,Privacy Policy,Privacy Policy | {brand.display_name}.,katofsky construction llc privacy,,navigational_legal,,,600,og,,,1.00,planned
/terms/,legal,Terms of Service | Katofsky Construction LLC,Terms of Service,Terms of Service | {brand.display_name}.,katofsky construction llc terms,,navigational_legal,,,600,og,,,1.00,planned
