url_path,archetype,title,h1,meta_description,primary_keyword,secondary_keywords,search_intent,search_volume,difficulty,target_word_count,image_roles,schema_stubs,internal_links_out,priority,status
/services/fire-damage-restoration/,service-landing,Fire Damage Restoration in Bakersfield | ProRestoration Services,Fire Damage Restoration in Bakersfield,"24/7 fire damage restoration in Bakersfield and surrounding areas. IICRC-certified, insurance billing accepted. Call (661) 393-9306.",fire damage restoration bakersfield,fire cleanup|fire and smoke restoration|structural fire damage|post-fire restoration|fire damage repair,local_emergency,,,1100,hero|og|inline-1|inline-2,service|local-business|faq|breadcrumb-list,/services/|/contact/|/service-areas/arvin-ca/fire-damage-restoration/|/service-areas/bear-valley-springs-ca/fire-damage-restoration/|/service-areas/buttonwillow-ca/fire-damage-restoration/|/service-areas/delano-ca/fire-damage-restoration/|/service-areas/dustin-acres-ca/fire-damage-restoration/|/service-areas/east-niles-ca/fire-damage-restoration/|/service-areas/keene-ca/fire-damage-restoration/|/service-areas/lake-isabella-ca/fire-damage-restoration/|/service-areas/lamont-ca/fire-damage-restoration/|/service-areas/maricopa-ca/fire-damage-restoration/|/service-areas/mcfarland-ca/fire-damage-restoration/|/service-areas/oildale-ca/fire-damage-restoration/|/blog/choosing-a-restoration-company/|/blog/fire-damage-restoration-process/|/blog/smoke-odor-removal-techniques/,9.00,planned
/services/home-remodeling/,service-landing,Home Remodeling in Bakersfield | ProRestoration Services,Home Remodeling in Bakersfield,"24/7 home remodeling in Bakersfield and surrounding areas. IICRC-certified, insurance billing accepted. Call (661) 393-9306.",home remodeling bakersfield,home renovation|kitchen remodel|bathroom remodel|whole home remodel|interior remodeling contractor,local_commercial,,,1100,hero|og|inline-1|inline-2,service|local-business|faq|breadcrumb-list,/services/|/contact/|/service-areas/arvin-ca/home-remodeling/|/service-areas/bear-valley-springs-ca/home-remodeling/|/service-areas/buttonwillow-ca/home-remodeling/|/service-areas/delano-ca/home-remodeling/|/service-areas/dustin-acres-ca/home-remodeling/|/service-areas/east-niles-ca/home-remodeling/|/service-areas/keene-ca/home-remodeling/|/service-areas/lake-isabella-ca/home-remodeling/|/service-areas/lamont-ca/home-remodeling/|/service-areas/maricopa-ca/home-remodeling/|/service-areas/mcfarland-ca/home-remodeling/|/service-areas/oildale-ca/home-remodeling/|/services/general-contracting/,9.00,planned
/services/mold-remediation/,service-landing,Mold Remediation in Bakersfield | ProRestoration Services,Mold Remediation in Bakersfield,"24/7 mold remediation in Bakersfield and surrounding areas. IICRC-certified, insurance billing accepted. Call (661) 393-9306.",mold remediation bakersfield,mold removal|black mold remediation|mold abatement|mold containment|mold cleanup,local_health,,,1100,hero|og|inline-1|inline-2,service|local-business|faq|breadcrumb-list,/services/|/contact/|/service-areas/arvin-ca/mold-remediation/|/service-areas/bear-valley-springs-ca/mold-remediation/|/service-areas/buttonwillow-ca/mold-remediation/|/service-areas/delano-ca/mold-remediation/|/service-areas/dustin-acres-ca/mold-remediation/|/service-areas/east-niles-ca/mold-remediation/|/service-areas/keene-ca/mold-remediation/|/service-areas/lake-isabella-ca/mold-remediation/|/service-areas/lamont-ca/mold-remediation/|/service-areas/maricopa-ca/mold-remediation/|/service-areas/mcfarland-ca/mold-remediation/|/service-areas/oildale-ca/mold-remediation/|/blog/choosing-a-restoration-company/|/blog/how-to-test-for-mold/|/blog/signs-of-hidden-mold/,9.00,planned
/services/roofing/,service-landing,Roofing Installation and Replacement in Bakersfield | ProRestoration Services,Roofing Installation and Replacement in Bakersfield,"24/7 roofing installation and replacement in Bakersfield and surrounding areas. IICRC-certified, insurance billing accepted. Call (661) 393-9306.",roofing installation and replacement bakersfield,roofing contractor|roof replacement|new roof installation|residential roofing|roof repair,local_commercial,,,1100,hero|og|inline-1|inline-2,service|local-business|faq|breadcrumb-list,/services/|/contact/|/service-areas/arvin-ca/roofing/|/service-areas/bear-valley-springs-ca/roofing/|/service-areas/buttonwillow-ca/roofing/|/service-areas/delano-ca/roofing/|/service-areas/dustin-acres-ca/roofing/|/service-areas/east-niles-ca/roofing/|/service-areas/keene-ca/roofing/|/service-areas/lake-isabella-ca/roofing/|/service-areas/lamont-ca/roofing/|/service-areas/maricopa-ca/roofing/|/service-areas/mcfarland-ca/roofing/|/service-areas/oildale-ca/roofing/,9.00,planned
/services/water-damage-restoration/,service-landing,Water Damage Restoration in Bakersfield | ProRestoration Services,Water Damage Restoration in Bakersfield,"24/7 water damage restoration in Bakersfield and surrounding areas. IICRC-certified, insurance billing accepted. Call (661) 393-9306.",water damage restoration bakersfield,water removal|water extraction|water cleanup|structural drying|water mitigation,local_emergency,,,1100,hero|og|inline-1|inline-2,service|local-business|faq|breadcrumb-list,/services/|/contact/|/service-areas/arvin-ca/water-damage-restoration/|/service-areas/bear-valley-springs-ca/water-damage-restoration/|/service-areas/buttonwillow-ca/water-damage-restoration/|/service-areas/delano-ca/water-damage-restoration/|/service-areas/dustin-acres-ca/water-damage-restoration/|/service-areas/east-niles-ca/water-damage-restoration/|/service-areas/keene-ca/water-damage-restoration/|/service-areas/lake-isabella-ca/water-damage-restoration/|/service-areas/lamont-ca/water-damage-restoration/|/service-areas/maricopa-ca/water-damage-restoration/|/service-areas/mcfarland-ca/water-damage-restoration/|/service-areas/oildale-ca/water-damage-restoration/|/services/water-cleanup/|/blog/burst-pipe-emergency-checklist/|/blog/what-to-do-first-24-hours-water-damage/|/blog/choosing-a-restoration-company/,9.00,planned
/services/emergency-plumbing/,service-landing,Emergency Plumbing in Bakersfield | ProRestoration Services,Emergency Plumbing in Bakersfield,"24/7 emergency plumbing in Bakersfield and surrounding areas. IICRC-certified, insurance billing accepted. Call (661) 393-9306.",emergency plumbing bakersfield,emergency plumber|24 hour plumber|burst pipe plumber|emergency plumbing repair|24/7 plumbing,local_emergency,,,1100,hero|og|inline-1|inline-2,service|local-business|faq|breadcrumb-list,/services/|/contact/|/service-areas/arvin-ca/emergency-plumbing/|/service-areas/bear-valley-springs-ca/emergency-plumbing/|/service-areas/buttonwillow-ca/emergency-plumbing/|/service-areas/delano-ca/emergency-plumbing/|/service-areas/dustin-acres-ca/emergency-plumbing/|/service-areas/east-niles-ca/emergency-plumbing/|/service-areas/keene-ca/emergency-plumbing/|/service-areas/lake-isabella-ca/emergency-plumbing/|/service-areas/lamont-ca/emergency-plumbing/|/service-areas/maricopa-ca/emergency-plumbing/|/service-areas/mcfarland-ca/emergency-plumbing/|/service-areas/oildale-ca/emergency-plumbing/,8.10,planned
/services/flood-damage-restoration/,service-landing,Flood Damage Restoration in Bakersfield | ProRestoration Services,Flood Damage Restoration in Bakersfield,"24/7 flood damage restoration in Bakersfield and surrounding areas. IICRC-certified, insurance billing accepted. Call (661) 393-9306.",flood damage restoration bakersfield,flood cleanup|flood restoration|post-flood restoration|residential flood damage|flood damage repair,local_emergency,,,1100,hero|og|inline-1|inline-2,service|local-business|faq|breadcrumb-list,/services/|/contact/|/service-areas/arvin-ca/flood-damage-restoration/|/service-areas/bear-valley-springs-ca/flood-damage-restoration/|/service-areas/buttonwillow-ca/flood-damage-restoration/|/service-areas/delano-ca/flood-damage-restoration/|/service-areas/dustin-acres-ca/flood-damage-restoration/|/service-areas/east-niles-ca/flood-damage-restoration/|/service-areas/keene-ca/flood-damage-restoration/|/service-areas/lake-isabella-ca/flood-damage-restoration/|/service-areas/lamont-ca/flood-damage-restoration/|/service-areas/maricopa-ca/flood-damage-restoration/|/service-areas/mcfarland-ca/flood-damage-restoration/|/service-areas/oildale-ca/flood-damage-restoration/,8.10,planned
/services/reconstruction/,service-landing,Reconstruction Services in Bakersfield | ProRestoration Services,Reconstruction Services in Bakersfield,"24/7 reconstruction services in Bakersfield and surrounding areas. IICRC-certified, insurance billing accepted. Call (661) 393-9306.",reconstruction services bakersfield,post-damage reconstruction|rebuild services|structural reconstruction|post-disaster rebuilding|fire damage reconstruction,local_commercial,,,1100,hero|og|inline-1|inline-2,service|local-business|faq|breadcrumb-list,/services/|/contact/|/service-areas/arvin-ca/reconstruction/|/service-areas/bear-valley-springs-ca/reconstruction/|/service-areas/buttonwillow-ca/reconstruction/|/service-areas/delano-ca/reconstruction/|/service-areas/dustin-acres-ca/reconstruction/|/service-areas/east-niles-ca/reconstruction/|/service-areas/keene-ca/reconstruction/|/service-areas/lake-isabella-ca/reconstruction/|/service-areas/lamont-ca/reconstruction/|/service-areas/maricopa-ca/reconstruction/|/service-areas/mcfarland-ca/reconstruction/|/service-areas/oildale-ca/reconstruction/,8.10,planned
/services/sewage-cleanup/,service-landing,Sewage Cleanup and Sanitization in Bakersfield | ProRestoration Services,Sewage Cleanup and Sanitization in Bakersfield,"24/7 sewage cleanup and sanitization in Bakersfield and surrounding areas. IICRC-certified, insurance billing accepted. Call (661) 393-9306.",sewage cleanup and sanitization bakersfield,sewage backup cleanup|raw sewage removal|septic overflow cleanup|sewer line backup|sanitization services,local_emergency,,,1100,hero|og|inline-1|inline-2,service|local-business|faq|breadcrumb-list,/services/|/contact/|/service-areas/arvin-ca/sewage-cleanup/|/service-areas/bear-valley-springs-ca/sewage-cleanup/|/service-areas/buttonwillow-ca/sewage-cleanup/|/service-areas/delano-ca/sewage-cleanup/|/service-areas/dustin-acres-ca/sewage-cleanup/|/service-areas/east-niles-ca/sewage-cleanup/|/service-areas/keene-ca/sewage-cleanup/|/service-areas/lake-isabella-ca/sewage-cleanup/|/service-areas/lamont-ca/sewage-cleanup/|/service-areas/maricopa-ca/sewage-cleanup/|/service-areas/mcfarland-ca/sewage-cleanup/|/service-areas/oildale-ca/sewage-cleanup/,8.10,planned
/services/smoke-damage-restoration/,service-landing,Smoke Damage Restoration in Bakersfield | ProRestoration Services,Smoke Damage Restoration in Bakersfield,"24/7 smoke damage restoration in Bakersfield and surrounding areas. IICRC-certified, insurance billing accepted. Call (661) 393-9306.",smoke damage restoration bakersfield,smoke residue cleanup|smoke damage repair|post-fire smoke cleanup|smoke damage restoration services|wildfire smoke cleanup,local_emergency,,,1100,hero|og|inline-1|inline-2,service|local-business|faq|breadcrumb-list,/services/|/contact/|/service-areas/arvin-ca/smoke-damage-restoration/|/service-areas/bear-valley-springs-ca/smoke-damage-restoration/|/service-areas/buttonwillow-ca/smoke-damage-restoration/|/service-areas/delano-ca/smoke-damage-restoration/|/service-areas/dustin-acres-ca/smoke-damage-restoration/|/service-areas/east-niles-ca/smoke-damage-restoration/|/service-areas/keene-ca/smoke-damage-restoration/|/service-areas/lake-isabella-ca/smoke-damage-restoration/|/service-areas/lamont-ca/smoke-damage-restoration/|/service-areas/maricopa-ca/smoke-damage-restoration/|/service-areas/mcfarland-ca/smoke-damage-restoration/|/service-areas/oildale-ca/smoke-damage-restoration/|/blog/fire-damage-restoration-process/|/blog/smoke-odor-removal-techniques/,8.10,planned
/services/storm-damage-restoration/,service-landing,Storm Damage Restoration in Bakersfield | ProRestoration Services,Storm Damage Restoration in Bakersfield,"24/7 storm damage restoration in Bakersfield and surrounding areas. IICRC-certified, insurance billing accepted. Call (661) 393-9306.",storm damage restoration bakersfield,hurricane damage cleanup|tornado damage cleanup|tree damage cleanup|storm cleanup services|severe weather damage repair,local_emergency,,,1100,hero|og|inline-1|inline-2,service|local-business|faq|breadcrumb-list,/services/|/contact/|/service-areas/arvin-ca/storm-damage-restoration/|/service-areas/bear-valley-springs-ca/storm-damage-restoration/|/service-areas/buttonwillow-ca/storm-damage-restoration/|/service-areas/delano-ca/storm-damage-restoration/|/service-areas/dustin-acres-ca/storm-damage-restoration/|/service-areas/east-niles-ca/storm-damage-restoration/|/service-areas/keene-ca/storm-damage-restoration/|/service-areas/lake-isabella-ca/storm-damage-restoration/|/service-areas/lamont-ca/storm-damage-restoration/|/service-areas/maricopa-ca/storm-damage-restoration/|/service-areas/mcfarland-ca/storm-damage-restoration/|/service-areas/oildale-ca/storm-damage-restoration/|/blog/storm-damage-insurance-claim-checklist/,8.10,planned
/services/water-cleanup/,service-landing,Emergency Water Cleanup in Bakersfield | ProRestoration Services,Emergency Water Cleanup in Bakersfield,"24/7 emergency water cleanup in Bakersfield and surrounding areas. IICRC-certified, insurance billing accepted. Call (661) 393-9306.",emergency water cleanup bakersfield,water cleanup|water damage cleanup|water clean up|emergency water cleanup|flood water cleanup|standing water removal,local_emergency,,,1100,hero|og|inline-1|inline-2,service|local-business|faq|breadcrumb-list,/services/|/contact/|/service-areas/arvin-ca/water-cleanup/|/service-areas/bear-valley-springs-ca/water-cleanup/|/service-areas/buttonwillow-ca/water-cleanup/|/service-areas/delano-ca/water-cleanup/|/service-areas/dustin-acres-ca/water-cleanup/|/service-areas/east-niles-ca/water-cleanup/|/service-areas/keene-ca/water-cleanup/|/service-areas/lake-isabella-ca/water-cleanup/|/service-areas/lamont-ca/water-cleanup/|/service-areas/maricopa-ca/water-cleanup/|/service-areas/mcfarland-ca/water-cleanup/|/service-areas/oildale-ca/water-cleanup/|/services/water-damage-restoration/,8.10,planned
/services/biohazard-cleanup/,service-landing,Biohazard Cleanup in Bakersfield | ProRestoration Services,Biohazard Cleanup in Bakersfield,"24/7 biohazard cleanup in Bakersfield and surrounding areas. IICRC-certified, insurance billing accepted. Call (661) 393-9306.",biohazard cleanup bakersfield,biohazard remediation|blood cleanup|bodily fluid cleanup|sharps and needle cleanup|infectious material cleanup,local_sensitive,,,1100,hero|og|inline-1|inline-2,service|local-business|faq|breadcrumb-list,/services/|/contact/|/service-areas/arvin-ca/biohazard-cleanup/|/service-areas/bear-valley-springs-ca/biohazard-cleanup/|/service-areas/buttonwillow-ca/biohazard-cleanup/|/service-areas/delano-ca/biohazard-cleanup/|/service-areas/dustin-acres-ca/biohazard-cleanup/|/service-areas/east-niles-ca/biohazard-cleanup/|/service-areas/keene-ca/biohazard-cleanup/|/service-areas/lake-isabella-ca/biohazard-cleanup/|/service-areas/lamont-ca/biohazard-cleanup/|/service-areas/maricopa-ca/biohazard-cleanup/|/service-areas/mcfarland-ca/biohazard-cleanup/|/service-areas/oildale-ca/biohazard-cleanup/,7.20,planned
/services/burst-pipe-repair/,service-landing,Burst Pipe Cleanup and Repair in Bakersfield | ProRestoration Services,Burst Pipe Cleanup and Repair in Bakersfield,"24/7 burst pipe cleanup and repair in Bakersfield and surrounding areas. IICRC-certified, insurance billing accepted. Call (661) 393-9306.",burst pipe cleanup and repair bakersfield,burst pipe cleanup|pipe burst emergency|pipe break water damage|water line break|emergency pipe repair,local_emergency,,,1100,hero|og|inline-1|inline-2,service|local-business|faq|breadcrumb-list,/services/|/contact/|/service-areas/arvin-ca/burst-pipe-repair/|/service-areas/bear-valley-springs-ca/burst-pipe-repair/|/service-areas/buttonwillow-ca/burst-pipe-repair/|/service-areas/delano-ca/burst-pipe-repair/|/service-areas/dustin-acres-ca/burst-pipe-repair/|/service-areas/east-niles-ca/burst-pipe-repair/|/service-areas/keene-ca/burst-pipe-repair/|/service-areas/lake-isabella-ca/burst-pipe-repair/|/service-areas/lamont-ca/burst-pipe-repair/|/service-areas/maricopa-ca/burst-pipe-repair/|/service-areas/mcfarland-ca/burst-pipe-repair/|/service-areas/oildale-ca/burst-pipe-repair/,7.20,planned
/services/general-contracting/,service-landing,"Renovations, Remodels and General Contracting in Bakersfield | ProRestoration Services","Renovations, Remodels and General Contracting in Bakersfield","24/7 renovations, remodels and general contracting in Bakersfield and surrounding areas. IICRC-certified, insurance billing accepted. Call (661) 393-9306.","renovations, remodels and general contracting bakersfield",general contractor|home renovation services|home remodeling|kitchen remodel|bathroom remodel|post-damage rebuild,local_commercial,,,1100,hero|og|inline-1|inline-2,service|local-business|faq|breadcrumb-list,/services/|/contact/|/service-areas/arvin-ca/general-contracting/|/service-areas/bear-valley-springs-ca/general-contracting/|/service-areas/buttonwillow-ca/general-contracting/|/service-areas/delano-ca/general-contracting/|/service-areas/dustin-acres-ca/general-contracting/|/service-areas/east-niles-ca/general-contracting/|/service-areas/keene-ca/general-contracting/|/service-areas/lake-isabella-ca/general-contracting/|/service-areas/lamont-ca/general-contracting/|/service-areas/maricopa-ca/general-contracting/|/service-areas/mcfarland-ca/general-contracting/|/service-areas/oildale-ca/general-contracting/|/services/home-remodeling/,7.20,planned
/services/mold-inspection-testing/,service-landing,Mold Inspection and Testing in Bakersfield | ProRestoration Services,Mold Inspection and Testing in Bakersfield,"24/7 mold inspection and testing in Bakersfield and surrounding areas. IICRC-certified, insurance billing accepted. Call (661) 393-9306.",mold inspection and testing bakersfield,mold inspection|mold testing|indoor air quality testing|mold spore testing|mold assessment,local_health,,,1100,hero|og|inline-1|inline-2,service|local-business|faq|breadcrumb-list,/services/|/contact/|/service-areas/arvin-ca/mold-inspection-testing/|/service-areas/bear-valley-springs-ca/mold-inspection-testing/|/service-areas/buttonwillow-ca/mold-inspection-testing/|/service-areas/delano-ca/mold-inspection-testing/|/service-areas/dustin-acres-ca/mold-inspection-testing/|/service-areas/east-niles-ca/mold-inspection-testing/|/service-areas/keene-ca/mold-inspection-testing/|/service-areas/lake-isabella-ca/mold-inspection-testing/|/service-areas/lamont-ca/mold-inspection-testing/|/service-areas/maricopa-ca/mold-inspection-testing/|/service-areas/mcfarland-ca/mold-inspection-testing/|/service-areas/oildale-ca/mold-inspection-testing/|/blog/how-to-test-for-mold/,7.20,planned
/service-areas/arvin-ca/fire-damage-restoration/,service-area-service,"Fire Damage Restoration in Arvin, CA | ProRestoration Services",Fire Damage Restoration in Arvin,"24/7 fire damage restoration in Arvin, CA. IICRC-certified, insurance billing accepted. Call (661) 393-9306.",fire damage restoration arvin,fire cleanup|fire and smoke restoration|structural fire damage|post-fire restoration|fire damage repair,local_emergency,,,900,hero|og|inline-1|inline-2,service|local-business|faq|breadcrumb-list,/services/fire-damage-restoration/|/service-areas/arvin-ca/|/service-areas/arvin-ca/home-remodeling/|/service-areas/arvin-ca/mold-remediation/|/service-areas/bear-valley-springs-ca/fire-damage-restoration/|/service-areas/buttonwillow-ca/fire-damage-restoration/|/contact/,7.00,planned
/service-areas/arvin-ca/home-remodeling/,service-area-service,"Home Remodeling in Arvin, CA | ProRestoration Services",Home Remodeling in Arvin,"24/7 home remodeling in Arvin, CA. IICRC-certified, insurance billing accepted. Call (661) 393-9306.",home remodeling arvin,home renovation|kitchen remodel|bathroom remodel|whole home remodel|interior remodeling contractor,local_commercial,,,900,hero|og|inline-1|inline-2,service|local-business|faq|breadcrumb-list,/services/home-remodeling/|/service-areas/arvin-ca/|/service-areas/arvin-ca/fire-damage-restoration/|/service-areas/arvin-ca/mold-remediation/|/service-areas/bear-valley-springs-ca/home-remodeling/|/service-areas/buttonwillow-ca/home-remodeling/|/contact/,7.00,planned
/service-areas/arvin-ca/mold-remediation/,service-area-service,"Mold Remediation in Arvin, CA | ProRestoration Services",Mold Remediation in Arvin,"24/7 mold remediation in Arvin, CA. IICRC-certified, insurance billing accepted. Call (661) 393-9306.",mold remediation arvin,mold removal|black mold remediation|mold abatement|mold containment|mold cleanup,local_health,,,900,hero|og|inline-1|inline-2,service|local-business|faq|breadcrumb-list,/services/mold-remediation/|/service-areas/arvin-ca/|/service-areas/arvin-ca/fire-damage-restoration/|/service-areas/arvin-ca/home-remodeling/|/service-areas/bear-valley-springs-ca/mold-remediation/|/service-areas/buttonwillow-ca/mold-remediation/|/contact/,7.00,planned
/service-areas/arvin-ca/roofing/,service-area-service,"Roofing Installation and Replacement in Arvin, CA | ProRestoration Services",Roofing Installation and Replacement in Arvin,"24/7 roofing installation and replacement in Arvin, CA. IICRC-certified, insurance billing accepted. Call (661) 393-9306.",roofing installation and replacement arvin,roofing contractor|roof replacement|new roof installation|residential roofing|roof repair,local_commercial,,,900,hero|og|inline-1|inline-2,service|local-business|faq|breadcrumb-list,/services/roofing/|/service-areas/arvin-ca/|/service-areas/arvin-ca/fire-damage-restoration/|/service-areas/arvin-ca/home-remodeling/|/service-areas/bear-valley-springs-ca/roofing/|/service-areas/buttonwillow-ca/roofing/|/contact/,7.00,planned
/service-areas/arvin-ca/water-damage-restoration/,service-area-service,"Water Damage Restoration in Arvin, CA | ProRestoration Services",Water Damage Restoration in Arvin,"24/7 water damage restoration in Arvin, CA. IICRC-certified, insurance billing accepted. Call (661) 393-9306.",water damage restoration arvin,water removal|water extraction|water cleanup|structural drying|water mitigation,local_emergency,,,900,hero|og|inline-1|inline-2,service|local-business|faq|breadcrumb-list,/services/water-damage-restoration/|/service-areas/arvin-ca/|/service-areas/arvin-ca/fire-damage-restoration/|/service-areas/arvin-ca/home-remodeling/|/service-areas/bear-valley-springs-ca/water-damage-restoration/|/service-areas/buttonwillow-ca/water-damage-restoration/|/contact/,7.00,planned
/service-areas/bear-valley-springs-ca/fire-damage-restoration/,service-area-service,"Fire Damage Restoration in Bear Valley Springs, CA | ProRestoration Services",Fire Damage Restoration in Bear Valley Springs,"24/7 fire damage restoration in Bear Valley Springs, CA. IICRC-certified, insurance billing accepted. Call (661) 393-9306.",fire damage restoration bear valley springs,fire cleanup|fire and smoke restoration|structural fire damage|post-fire restoration|fire damage repair,local_emergency,,,900,hero|og|inline-1|inline-2,service|local-business|faq|breadcrumb-list,/services/fire-damage-restoration/|/service-areas/bear-valley-springs-ca/|/service-areas/bear-valley-springs-ca/home-remodeling/|/service-areas/bear-valley-springs-ca/mold-remediation/|/service-areas/arvin-ca/fire-damage-restoration/|/service-areas/buttonwillow-ca/fire-damage-restoration/|/contact/,7.00,planned
/service-areas/bear-valley-springs-ca/home-remodeling/,service-area-service,"Home Remodeling in Bear Valley Springs, CA | ProRestoration Services",Home Remodeling in Bear Valley Springs,"24/7 home remodeling in Bear Valley Springs, CA. IICRC-certified, insurance billing accepted. Call (661) 393-9306.",home remodeling bear valley springs,home renovation|kitchen remodel|bathroom remodel|whole home remodel|interior remodeling contractor,local_commercial,,,900,hero|og|inline-1|inline-2,service|local-business|faq|breadcrumb-list,/services/home-remodeling/|/service-areas/bear-valley-springs-ca/|/service-areas/bear-valley-springs-ca/fire-damage-restoration/|/service-areas/bear-valley-springs-ca/mold-remediation/|/service-areas/arvin-ca/home-remodeling/|/service-areas/buttonwillow-ca/home-remodeling/|/contact/,7.00,planned
/service-areas/bear-valley-springs-ca/mold-remediation/,service-area-service,"Mold Remediation in Bear Valley Springs, CA | ProRestoration Services",Mold Remediation in Bear Valley Springs,"24/7 mold remediation in Bear Valley Springs, CA. IICRC-certified, insurance billing accepted. Call (661) 393-9306.",mold remediation bear valley springs,mold removal|black mold remediation|mold abatement|mold containment|mold cleanup,local_health,,,900,hero|og|inline-1|inline-2,service|local-business|faq|breadcrumb-list,/services/mold-remediation/|/service-areas/bear-valley-springs-ca/|/service-areas/bear-valley-springs-ca/fire-damage-restoration/|/service-areas/bear-valley-springs-ca/home-remodeling/|/service-areas/arvin-ca/mold-remediation/|/service-areas/buttonwillow-ca/mold-remediation/|/contact/,7.00,planned
/service-areas/bear-valley-springs-ca/roofing/,service-area-service,"Roofing Installation and Replacement in Bear Valley Springs, CA | ProRestoration Services",Roofing Installation and Replacement in Bear Valley Springs,"24/7 roofing installation and replacement in Bear Valley Springs, CA. IICRC-certified, insurance billing accepted. Call (661) 393-9306.",roofing installation and replacement bear valley springs,roofing contractor|roof replacement|new roof installation|residential roofing|roof repair,local_commercial,,,900,hero|og|inline-1|inline-2,service|local-business|faq|breadcrumb-list,/services/roofing/|/service-areas/bear-valley-springs-ca/|/service-areas/bear-valley-springs-ca/fire-damage-restoration/|/service-areas/bear-valley-springs-ca/home-remodeling/|/service-areas/arvin-ca/roofing/|/service-areas/buttonwillow-ca/roofing/|/contact/,7.00,planned
/service-areas/bear-valley-springs-ca/water-damage-restoration/,service-area-service,"Water Damage Restoration in Bear Valley Springs, CA | ProRestoration Services",Water Damage Restoration in Bear Valley Springs,"24/7 water damage restoration in Bear Valley Springs, CA. IICRC-certified, insurance billing accepted. Call (661) 393-9306.",water damage restoration bear valley springs,water removal|water extraction|water cleanup|structural drying|water mitigation,local_emergency,,,900,hero|og|inline-1|inline-2,service|local-business|faq|breadcrumb-list,/services/water-damage-restoration/|/service-areas/bear-valley-springs-ca/|/service-areas/bear-valley-springs-ca/fire-damage-restoration/|/service-areas/bear-valley-springs-ca/home-remodeling/|/service-areas/arvin-ca/water-damage-restoration/|/service-areas/buttonwillow-ca/water-damage-restoration/|/contact/,7.00,planned
/service-areas/buttonwillow-ca/fire-damage-restoration/,service-area-service,"Fire Damage Restoration in Buttonwillow, CA | ProRestoration Services",Fire Damage Restoration in Buttonwillow,"24/7 fire damage restoration in Buttonwillow, CA. IICRC-certified, insurance billing accepted. Call (661) 393-9306.",fire damage restoration buttonwillow,fire cleanup|fire and smoke restoration|structural fire damage|post-fire restoration|fire damage repair,local_emergency,,,900,hero|og|inline-1|inline-2,service|local-business|faq|breadcrumb-list,/services/fire-damage-restoration/|/service-areas/buttonwillow-ca/|/service-areas/buttonwillow-ca/home-remodeling/|/service-areas/buttonwillow-ca/mold-remediation/|/service-areas/arvin-ca/fire-damage-restoration/|/service-areas/bear-valley-springs-ca/fire-damage-restoration/|/contact/,7.00,planned
/service-areas/buttonwillow-ca/home-remodeling/,service-area-service,"Home Remodeling in Buttonwillow, CA | ProRestoration Services",Home Remodeling in Buttonwillow,"24/7 home remodeling in Buttonwillow, CA. IICRC-certified, insurance billing accepted. Call (661) 393-9306.",home remodeling buttonwillow,home renovation|kitchen remodel|bathroom remodel|whole home remodel|interior remodeling contractor,local_commercial,,,900,hero|og|inline-1|inline-2,service|local-business|faq|breadcrumb-list,/services/home-remodeling/|/service-areas/buttonwillow-ca/|/service-areas/buttonwillow-ca/fire-damage-restoration/|/service-areas/buttonwillow-ca/mold-remediation/|/service-areas/arvin-ca/home-remodeling/|/service-areas/bear-valley-springs-ca/home-remodeling/|/contact/,7.00,planned
/service-areas/buttonwillow-ca/mold-remediation/,service-area-service,"Mold Remediation in Buttonwillow, CA | ProRestoration Services",Mold Remediation in Buttonwillow,"24/7 mold remediation in Buttonwillow, CA. IICRC-certified, insurance billing accepted. Call (661) 393-9306.",mold remediation buttonwillow,mold removal|black mold remediation|mold abatement|mold containment|mold cleanup,local_health,,,900,hero|og|inline-1|inline-2,service|local-business|faq|breadcrumb-list,/services/mold-remediation/|/service-areas/buttonwillow-ca/|/service-areas/buttonwillow-ca/fire-damage-restoration/|/service-areas/buttonwillow-ca/home-remodeling/|/service-areas/arvin-ca/mold-remediation/|/service-areas/bear-valley-springs-ca/mold-remediation/|/contact/,7.00,planned
/service-areas/buttonwillow-ca/roofing/,service-area-service,"Roofing Installation and Replacement in Buttonwillow, CA | ProRestoration Services",Roofing Installation and Replacement in Buttonwillow,"24/7 roofing installation and replacement in Buttonwillow, CA. IICRC-certified, insurance billing accepted. Call (661) 393-9306.",roofing installation and replacement buttonwillow,roofing contractor|roof replacement|new roof installation|residential roofing|roof repair,local_commercial,,,900,hero|og|inline-1|inline-2,service|local-business|faq|breadcrumb-list,/services/roofing/|/service-areas/buttonwillow-ca/|/service-areas/buttonwillow-ca/fire-damage-restoration/|/service-areas/buttonwillow-ca/home-remodeling/|/service-areas/arvin-ca/roofing/|/service-areas/bear-valley-springs-ca/roofing/|/contact/,7.00,planned
/service-areas/buttonwillow-ca/water-damage-restoration/,service-area-service,"Water Damage Restoration in Buttonwillow, CA | ProRestoration Services",Water Damage Restoration in Buttonwillow,"24/7 water damage restoration in Buttonwillow, CA. IICRC-certified, insurance billing accepted. Call (661) 393-9306.",water damage restoration buttonwillow,water removal|water extraction|water cleanup|structural drying|water mitigation,local_emergency,,,900,hero|og|inline-1|inline-2,service|local-business|faq|breadcrumb-list,/services/water-damage-restoration/|/service-areas/buttonwillow-ca/|/service-areas/buttonwillow-ca/fire-damage-restoration/|/service-areas/buttonwillow-ca/home-remodeling/|/service-areas/arvin-ca/water-damage-restoration/|/service-areas/bear-valley-springs-ca/water-damage-restoration/|/contact/,7.00,planned
/service-areas/delano-ca/fire-damage-restoration/,service-area-service,"Fire Damage Restoration in Delano, CA | ProRestoration Services",Fire Damage Restoration in Delano,"24/7 fire damage restoration in Delano, CA. IICRC-certified, insurance billing accepted. Call (661) 393-9306.",fire damage restoration delano,fire cleanup|fire and smoke restoration|structural fire damage|post-fire restoration|fire damage repair,local_emergency,,,900,hero|og|inline-1|inline-2,service|local-business|faq|breadcrumb-list,/services/fire-damage-restoration/|/service-areas/delano-ca/|/service-areas/delano-ca/home-remodeling/|/service-areas/delano-ca/mold-remediation/|/service-areas/arvin-ca/fire-damage-restoration/|/service-areas/bear-valley-springs-ca/fire-damage-restoration/|/contact/,7.00,planned
/service-areas/delano-ca/home-remodeling/,service-area-service,"Home Remodeling in Delano, CA | ProRestoration Services",Home Remodeling in Delano,"24/7 home remodeling in Delano, CA. IICRC-certified, insurance billing accepted. Call (661) 393-9306.",home remodeling delano,home renovation|kitchen remodel|bathroom remodel|whole home remodel|interior remodeling contractor,local_commercial,,,900,hero|og|inline-1|inline-2,service|local-business|faq|breadcrumb-list,/services/home-remodeling/|/service-areas/delano-ca/|/service-areas/delano-ca/fire-damage-restoration/|/service-areas/delano-ca/mold-remediation/|/service-areas/arvin-ca/home-remodeling/|/service-areas/bear-valley-springs-ca/home-remodeling/|/contact/,7.00,planned
/service-areas/delano-ca/mold-remediation/,service-area-service,"Mold Remediation in Delano, CA | ProRestoration Services",Mold Remediation in Delano,"24/7 mold remediation in Delano, CA. IICRC-certified, insurance billing accepted. Call (661) 393-9306.",mold remediation delano,mold removal|black mold remediation|mold abatement|mold containment|mold cleanup,local_health,,,900,hero|og|inline-1|inline-2,service|local-business|faq|breadcrumb-list,/services/mold-remediation/|/service-areas/delano-ca/|/service-areas/delano-ca/fire-damage-restoration/|/service-areas/delano-ca/home-remodeling/|/service-areas/arvin-ca/mold-remediation/|/service-areas/bear-valley-springs-ca/mold-remediation/|/contact/,7.00,planned
/service-areas/delano-ca/roofing/,service-area-service,"Roofing Installation and Replacement in Delano, CA | ProRestoration Services",Roofing Installation and Replacement in Delano,"24/7 roofing installation and replacement in Delano, CA. IICRC-certified, insurance billing accepted. Call (661) 393-9306.",roofing installation and replacement delano,roofing contractor|roof replacement|new roof installation|residential roofing|roof repair,local_commercial,,,900,hero|og|inline-1|inline-2,service|local-business|faq|breadcrumb-list,/services/roofing/|/service-areas/delano-ca/|/service-areas/delano-ca/fire-damage-restoration/|/service-areas/delano-ca/home-remodeling/|/service-areas/arvin-ca/roofing/|/service-areas/bear-valley-springs-ca/roofing/|/contact/,7.00,planned
/service-areas/delano-ca/water-damage-restoration/,service-area-service,"Water Damage Restoration in Delano, CA | ProRestoration Services",Water Damage Restoration in Delano,"24/7 water damage restoration in Delano, CA. IICRC-certified, insurance billing accepted. Call (661) 393-9306.",water damage restoration delano,water removal|water extraction|water cleanup|structural drying|water mitigation,local_emergency,,,900,hero|og|inline-1|inline-2,service|local-business|faq|breadcrumb-list,/services/water-damage-restoration/|/service-areas/delano-ca/|/service-areas/delano-ca/fire-damage-restoration/|/service-areas/delano-ca/home-remodeling/|/service-areas/arvin-ca/water-damage-restoration/|/service-areas/bear-valley-springs-ca/water-damage-restoration/|/contact/,7.00,planned
/service-areas/dustin-acres-ca/fire-damage-restoration/,service-area-service,"Fire Damage Restoration in Dustin Acres, CA | ProRestoration Services",Fire Damage Restoration in Dustin Acres,"24/7 fire damage restoration in Dustin Acres, CA. IICRC-certified, insurance billing accepted. Call (661) 393-9306.",fire damage restoration dustin acres,fire cleanup|fire and smoke restoration|structural fire damage|post-fire restoration|fire damage repair,local_emergency,,,900,hero|og|inline-1|inline-2,service|local-business|faq|breadcrumb-list,/services/fire-damage-restoration/|/service-areas/dustin-acres-ca/|/service-areas/dustin-acres-ca/home-remodeling/|/service-areas/dustin-acres-ca/mold-remediation/|/service-areas/arvin-ca/fire-damage-restoration/|/service-areas/bear-valley-springs-ca/fire-damage-restoration/|/contact/,7.00,planned
/service-areas/dustin-acres-ca/home-remodeling/,service-area-service,"Home Remodeling in Dustin Acres, CA | ProRestoration Services",Home Remodeling in Dustin Acres,"24/7 home remodeling in Dustin Acres, CA. IICRC-certified, insurance billing accepted. Call (661) 393-9306.",home remodeling dustin acres,home renovation|kitchen remodel|bathroom remodel|whole home remodel|interior remodeling contractor,local_commercial,,,900,hero|og|inline-1|inline-2,service|local-business|faq|breadcrumb-list,/services/home-remodeling/|/service-areas/dustin-acres-ca/|/service-areas/dustin-acres-ca/fire-damage-restoration/|/service-areas/dustin-acres-ca/mold-remediation/|/service-areas/arvin-ca/home-remodeling/|/service-areas/bear-valley-springs-ca/home-remodeling/|/contact/,7.00,planned
/service-areas/dustin-acres-ca/mold-remediation/,service-area-service,"Mold Remediation in Dustin Acres, CA | ProRestoration Services",Mold Remediation in Dustin Acres,"24/7 mold remediation in Dustin Acres, CA. IICRC-certified, insurance billing accepted. Call (661) 393-9306.",mold remediation dustin acres,mold removal|black mold remediation|mold abatement|mold containment|mold cleanup,local_health,,,900,hero|og|inline-1|inline-2,service|local-business|faq|breadcrumb-list,/services/mold-remediation/|/service-areas/dustin-acres-ca/|/service-areas/dustin-acres-ca/fire-damage-restoration/|/service-areas/dustin-acres-ca/home-remodeling/|/service-areas/arvin-ca/mold-remediation/|/service-areas/bear-valley-springs-ca/mold-remediation/|/contact/,7.00,planned
/service-areas/dustin-acres-ca/roofing/,service-area-service,"Roofing Installation and Replacement in Dustin Acres, CA | ProRestoration Services",Roofing Installation and Replacement in Dustin Acres,"24/7 roofing installation and replacement in Dustin Acres, CA. IICRC-certified, insurance billing accepted. Call (661) 393-9306.",roofing installation and replacement dustin acres,roofing contractor|roof replacement|new roof installation|residential roofing|roof repair,local_commercial,,,900,hero|og|inline-1|inline-2,service|local-business|faq|breadcrumb-list,/services/roofing/|/service-areas/dustin-acres-ca/|/service-areas/dustin-acres-ca/fire-damage-restoration/|/service-areas/dustin-acres-ca/home-remodeling/|/service-areas/arvin-ca/roofing/|/service-areas/bear-valley-springs-ca/roofing/|/contact/,7.00,planned
/service-areas/dustin-acres-ca/water-damage-restoration/,service-area-service,"Water Damage Restoration in Dustin Acres, CA | ProRestoration Services",Water Damage Restoration in Dustin Acres,"24/7 water damage restoration in Dustin Acres, CA. IICRC-certified, insurance billing accepted. Call (661) 393-9306.",water damage restoration dustin acres,water removal|water extraction|water cleanup|structural drying|water mitigation,local_emergency,,,900,hero|og|inline-1|inline-2,service|local-business|faq|breadcrumb-list,/services/water-damage-restoration/|/service-areas/dustin-acres-ca/|/service-areas/dustin-acres-ca/fire-damage-restoration/|/service-areas/dustin-acres-ca/home-remodeling/|/service-areas/arvin-ca/water-damage-restoration/|/service-areas/bear-valley-springs-ca/water-damage-restoration/|/contact/,7.00,planned
/service-areas/east-niles-ca/fire-damage-restoration/,service-area-service,"Fire Damage Restoration in East Niles, CA | ProRestoration Services",Fire Damage Restoration in East Niles,"24/7 fire damage restoration in East Niles, CA. IICRC-certified, insurance billing accepted. Call (661) 393-9306.",fire damage restoration east niles,fire cleanup|fire and smoke restoration|structural fire damage|post-fire restoration|fire damage repair,local_emergency,,,900,hero|og|inline-1|inline-2,service|local-business|faq|breadcrumb-list,/services/fire-damage-restoration/|/service-areas/east-niles-ca/|/service-areas/east-niles-ca/home-remodeling/|/service-areas/east-niles-ca/mold-remediation/|/service-areas/arvin-ca/fire-damage-restoration/|/service-areas/bear-valley-springs-ca/fire-damage-restoration/|/contact/,7.00,planned
/service-areas/east-niles-ca/home-remodeling/,service-area-service,"Home Remodeling in East Niles, CA | ProRestoration Services",Home Remodeling in East Niles,"24/7 home remodeling in East Niles, CA. IICRC-certified, insurance billing accepted. Call (661) 393-9306.",home remodeling east niles,home renovation|kitchen remodel|bathroom remodel|whole home remodel|interior remodeling contractor,local_commercial,,,900,hero|og|inline-1|inline-2,service|local-business|faq|breadcrumb-list,/services/home-remodeling/|/service-areas/east-niles-ca/|/service-areas/east-niles-ca/fire-damage-restoration/|/service-areas/east-niles-ca/mold-remediation/|/service-areas/arvin-ca/home-remodeling/|/service-areas/bear-valley-springs-ca/home-remodeling/|/contact/,7.00,planned
/service-areas/east-niles-ca/mold-remediation/,service-area-service,"Mold Remediation in East Niles, CA | ProRestoration Services",Mold Remediation in East Niles,"24/7 mold remediation in East Niles, CA. IICRC-certified, insurance billing accepted. Call (661) 393-9306.",mold remediation east niles,mold removal|black mold remediation|mold abatement|mold containment|mold cleanup,local_health,,,900,hero|og|inline-1|inline-2,service|local-business|faq|breadcrumb-list,/services/mold-remediation/|/service-areas/east-niles-ca/|/service-areas/east-niles-ca/fire-damage-restoration/|/service-areas/east-niles-ca/home-remodeling/|/service-areas/arvin-ca/mold-remediation/|/service-areas/bear-valley-springs-ca/mold-remediation/|/contact/,7.00,planned
/service-areas/east-niles-ca/roofing/,service-area-service,"Roofing Installation and Replacement in East Niles, CA | ProRestoration Services",Roofing Installation and Replacement in East Niles,"24/7 roofing installation and replacement in East Niles, CA. IICRC-certified, insurance billing accepted. Call (661) 393-9306.",roofing installation and replacement east niles,roofing contractor|roof replacement|new roof installation|residential roofing|roof repair,local_commercial,,,900,hero|og|inline-1|inline-2,service|local-business|faq|breadcrumb-list,/services/roofing/|/service-areas/east-niles-ca/|/service-areas/east-niles-ca/fire-damage-restoration/|/service-areas/east-niles-ca/home-remodeling/|/service-areas/arvin-ca/roofing/|/service-areas/bear-valley-springs-ca/roofing/|/contact/,7.00,planned
/service-areas/east-niles-ca/water-damage-restoration/,service-area-service,"Water Damage Restoration in East Niles, CA | ProRestoration Services",Water Damage Restoration in East Niles,"24/7 water damage restoration in East Niles, CA. IICRC-certified, insurance billing accepted. Call (661) 393-9306.",water damage restoration east niles,water removal|water extraction|water cleanup|structural drying|water mitigation,local_emergency,,,900,hero|og|inline-1|inline-2,service|local-business|faq|breadcrumb-list,/services/water-damage-restoration/|/service-areas/east-niles-ca/|/service-areas/east-niles-ca/fire-damage-restoration/|/service-areas/east-niles-ca/home-remodeling/|/service-areas/arvin-ca/water-damage-restoration/|/service-areas/bear-valley-springs-ca/water-damage-restoration/|/contact/,7.00,planned
/service-areas/keene-ca/fire-damage-restoration/,service-area-service,"Fire Damage Restoration in Keene, CA | ProRestoration Services",Fire Damage Restoration in Keene,"24/7 fire damage restoration in Keene, CA. IICRC-certified, insurance billing accepted. Call (661) 393-9306.",fire damage restoration keene,fire cleanup|fire and smoke restoration|structural fire damage|post-fire restoration|fire damage repair,local_emergency,,,900,hero|og|inline-1|inline-2,service|local-business|faq|breadcrumb-list,/services/fire-damage-restoration/|/service-areas/keene-ca/|/service-areas/keene-ca/home-remodeling/|/service-areas/keene-ca/mold-remediation/|/service-areas/arvin-ca/fire-damage-restoration/|/service-areas/bear-valley-springs-ca/fire-damage-restoration/|/contact/,7.00,planned
/service-areas/keene-ca/home-remodeling/,service-area-service,"Home Remodeling in Keene, CA | ProRestoration Services",Home Remodeling in Keene,"24/7 home remodeling in Keene, CA. IICRC-certified, insurance billing accepted. Call (661) 393-9306.",home remodeling keene,home renovation|kitchen remodel|bathroom remodel|whole home remodel|interior remodeling contractor,local_commercial,,,900,hero|og|inline-1|inline-2,service|local-business|faq|breadcrumb-list,/services/home-remodeling/|/service-areas/keene-ca/|/service-areas/keene-ca/fire-damage-restoration/|/service-areas/keene-ca/mold-remediation/|/service-areas/arvin-ca/home-remodeling/|/service-areas/bear-valley-springs-ca/home-remodeling/|/contact/,7.00,planned
/service-areas/keene-ca/mold-remediation/,service-area-service,"Mold Remediation in Keene, CA | ProRestoration Services",Mold Remediation in Keene,"24/7 mold remediation in Keene, CA. IICRC-certified, insurance billing accepted. Call (661) 393-9306.",mold remediation keene,mold removal|black mold remediation|mold abatement|mold containment|mold cleanup,local_health,,,900,hero|og|inline-1|inline-2,service|local-business|faq|breadcrumb-list,/services/mold-remediation/|/service-areas/keene-ca/|/service-areas/keene-ca/fire-damage-restoration/|/service-areas/keene-ca/home-remodeling/|/service-areas/arvin-ca/mold-remediation/|/service-areas/bear-valley-springs-ca/mold-remediation/|/contact/,7.00,planned
/service-areas/keene-ca/roofing/,service-area-service,"Roofing Installation and Replacement in Keene, CA | ProRestoration Services",Roofing Installation and Replacement in Keene,"24/7 roofing installation and replacement in Keene, CA. IICRC-certified, insurance billing accepted. Call (661) 393-9306.",roofing installation and replacement keene,roofing contractor|roof replacement|new roof installation|residential roofing|roof repair,local_commercial,,,900,hero|og|inline-1|inline-2,service|local-business|faq|breadcrumb-list,/services/roofing/|/service-areas/keene-ca/|/service-areas/keene-ca/fire-damage-restoration/|/service-areas/keene-ca/home-remodeling/|/service-areas/arvin-ca/roofing/|/service-areas/bear-valley-springs-ca/roofing/|/contact/,7.00,planned
/service-areas/keene-ca/water-damage-restoration/,service-area-service,"Water Damage Restoration in Keene, CA | ProRestoration Services",Water Damage Restoration in Keene,"24/7 water damage restoration in Keene, CA. IICRC-certified, insurance billing accepted. Call (661) 393-9306.",water damage restoration keene,water removal|water extraction|water cleanup|structural drying|water mitigation,local_emergency,,,900,hero|og|inline-1|inline-2,service|local-business|faq|breadcrumb-list,/services/water-damage-restoration/|/service-areas/keene-ca/|/service-areas/keene-ca/fire-damage-restoration/|/service-areas/keene-ca/home-remodeling/|/service-areas/arvin-ca/water-damage-restoration/|/service-areas/bear-valley-springs-ca/water-damage-restoration/|/contact/,7.00,planned
/service-areas/lake-isabella-ca/fire-damage-restoration/,service-area-service,"Fire Damage Restoration in Lake Isabella, CA | ProRestoration Services",Fire Damage Restoration in Lake Isabella,"24/7 fire damage restoration in Lake Isabella, CA. IICRC-certified, insurance billing accepted. Call (661) 393-9306.",fire damage restoration lake isabella,fire cleanup|fire and smoke restoration|structural fire damage|post-fire restoration|fire damage repair,local_emergency,,,900,hero|og|inline-1|inline-2,service|local-business|faq|breadcrumb-list,/services/fire-damage-restoration/|/service-areas/lake-isabella-ca/|/service-areas/lake-isabella-ca/home-remodeling/|/service-areas/lake-isabella-ca/mold-remediation/|/service-areas/arvin-ca/fire-damage-restoration/|/service-areas/bear-valley-springs-ca/fire-damage-restoration/|/contact/,7.00,planned
/service-areas/lake-isabella-ca/home-remodeling/,service-area-service,"Home Remodeling in Lake Isabella, CA | ProRestoration Services",Home Remodeling in Lake Isabella,"24/7 home remodeling in Lake Isabella, CA. IICRC-certified, insurance billing accepted. Call (661) 393-9306.",home remodeling lake isabella,home renovation|kitchen remodel|bathroom remodel|whole home remodel|interior remodeling contractor,local_commercial,,,900,hero|og|inline-1|inline-2,service|local-business|faq|breadcrumb-list,/services/home-remodeling/|/service-areas/lake-isabella-ca/|/service-areas/lake-isabella-ca/fire-damage-restoration/|/service-areas/lake-isabella-ca/mold-remediation/|/service-areas/arvin-ca/home-remodeling/|/service-areas/bear-valley-springs-ca/home-remodeling/|/contact/,7.00,planned
/service-areas/lake-isabella-ca/mold-remediation/,service-area-service,"Mold Remediation in Lake Isabella, CA | ProRestoration Services",Mold Remediation in Lake Isabella,"24/7 mold remediation in Lake Isabella, CA. IICRC-certified, insurance billing accepted. Call (661) 393-9306.",mold remediation lake isabella,mold removal|black mold remediation|mold abatement|mold containment|mold cleanup,local_health,,,900,hero|og|inline-1|inline-2,service|local-business|faq|breadcrumb-list,/services/mold-remediation/|/service-areas/lake-isabella-ca/|/service-areas/lake-isabella-ca/fire-damage-restoration/|/service-areas/lake-isabella-ca/home-remodeling/|/service-areas/arvin-ca/mold-remediation/|/service-areas/bear-valley-springs-ca/mold-remediation/|/contact/,7.00,planned
/service-areas/lake-isabella-ca/roofing/,service-area-service,"Roofing Installation and Replacement in Lake Isabella, CA | ProRestoration Services",Roofing Installation and Replacement in Lake Isabella,"24/7 roofing installation and replacement in Lake Isabella, CA. IICRC-certified, insurance billing accepted. Call (661) 393-9306.",roofing installation and replacement lake isabella,roofing contractor|roof replacement|new roof installation|residential roofing|roof repair,local_commercial,,,900,hero|og|inline-1|inline-2,service|local-business|faq|breadcrumb-list,/services/roofing/|/service-areas/lake-isabella-ca/|/service-areas/lake-isabella-ca/fire-damage-restoration/|/service-areas/lake-isabella-ca/home-remodeling/|/service-areas/arvin-ca/roofing/|/service-areas/bear-valley-springs-ca/roofing/|/contact/,7.00,planned
/service-areas/lake-isabella-ca/water-damage-restoration/,service-area-service,"Water Damage Restoration in Lake Isabella, CA | ProRestoration Services",Water Damage Restoration in Lake Isabella,"24/7 water damage restoration in Lake Isabella, CA. IICRC-certified, insurance billing accepted. Call (661) 393-9306.",water damage restoration lake isabella,water removal|water extraction|water cleanup|structural drying|water mitigation,local_emergency,,,900,hero|og|inline-1|inline-2,service|local-business|faq|breadcrumb-list,/services/water-damage-restoration/|/service-areas/lake-isabella-ca/|/service-areas/lake-isabella-ca/fire-damage-restoration/|/service-areas/lake-isabella-ca/home-remodeling/|/service-areas/arvin-ca/water-damage-restoration/|/service-areas/bear-valley-springs-ca/water-damage-restoration/|/contact/,7.00,planned
/service-areas/lamont-ca/fire-damage-restoration/,service-area-service,"Fire Damage Restoration in Lamont, CA | ProRestoration Services",Fire Damage Restoration in Lamont,"24/7 fire damage restoration in Lamont, CA. IICRC-certified, insurance billing accepted. Call (661) 393-9306.",fire damage restoration lamont,fire cleanup|fire and smoke restoration|structural fire damage|post-fire restoration|fire damage repair,local_emergency,,,900,hero|og|inline-1|inline-2,service|local-business|faq|breadcrumb-list,/services/fire-damage-restoration/|/service-areas/lamont-ca/|/service-areas/lamont-ca/home-remodeling/|/service-areas/lamont-ca/mold-remediation/|/service-areas/arvin-ca/fire-damage-restoration/|/service-areas/bear-valley-springs-ca/fire-damage-restoration/|/contact/,7.00,planned
/service-areas/lamont-ca/home-remodeling/,service-area-service,"Home Remodeling in Lamont, CA | ProRestoration Services",Home Remodeling in Lamont,"24/7 home remodeling in Lamont, CA. IICRC-certified, insurance billing accepted. Call (661) 393-9306.",home remodeling lamont,home renovation|kitchen remodel|bathroom remodel|whole home remodel|interior remodeling contractor,local_commercial,,,900,hero|og|inline-1|inline-2,service|local-business|faq|breadcrumb-list,/services/home-remodeling/|/service-areas/lamont-ca/|/service-areas/lamont-ca/fire-damage-restoration/|/service-areas/lamont-ca/mold-remediation/|/service-areas/arvin-ca/home-remodeling/|/service-areas/bear-valley-springs-ca/home-remodeling/|/contact/,7.00,planned
/service-areas/lamont-ca/mold-remediation/,service-area-service,"Mold Remediation in Lamont, CA | ProRestoration Services",Mold Remediation in Lamont,"24/7 mold remediation in Lamont, CA. IICRC-certified, insurance billing accepted. Call (661) 393-9306.",mold remediation lamont,mold removal|black mold remediation|mold abatement|mold containment|mold cleanup,local_health,,,900,hero|og|inline-1|inline-2,service|local-business|faq|breadcrumb-list,/services/mold-remediation/|/service-areas/lamont-ca/|/service-areas/lamont-ca/fire-damage-restoration/|/service-areas/lamont-ca/home-remodeling/|/service-areas/arvin-ca/mold-remediation/|/service-areas/bear-valley-springs-ca/mold-remediation/|/contact/,7.00,planned
/service-areas/lamont-ca/roofing/,service-area-service,"Roofing Installation and Replacement in Lamont, CA | ProRestoration Services",Roofing Installation and Replacement in Lamont,"24/7 roofing installation and replacement in Lamont, CA. IICRC-certified, insurance billing accepted. Call (661) 393-9306.",roofing installation and replacement lamont,roofing contractor|roof replacement|new roof installation|residential roofing|roof repair,local_commercial,,,900,hero|og|inline-1|inline-2,service|local-business|faq|breadcrumb-list,/services/roofing/|/service-areas/lamont-ca/|/service-areas/lamont-ca/fire-damage-restoration/|/service-areas/lamont-ca/home-remodeling/|/service-areas/arvin-ca/roofing/|/service-areas/bear-valley-springs-ca/roofing/|/contact/,7.00,planned
/service-areas/lamont-ca/water-damage-restoration/,service-area-service,"Water Damage Restoration in Lamont, CA | ProRestoration Services",Water Damage Restoration in Lamont,"24/7 water damage restoration in Lamont, CA. IICRC-certified, insurance billing accepted. Call (661) 393-9306.",water damage restoration lamont,water removal|water extraction|water cleanup|structural drying|water mitigation,local_emergency,,,900,hero|og|inline-1|inline-2,service|local-business|faq|breadcrumb-list,/services/water-damage-restoration/|/service-areas/lamont-ca/|/service-areas/lamont-ca/fire-damage-restoration/|/service-areas/lamont-ca/home-remodeling/|/service-areas/arvin-ca/water-damage-restoration/|/service-areas/bear-valley-springs-ca/water-damage-restoration/|/contact/,7.00,planned
/service-areas/maricopa-ca/fire-damage-restoration/,service-area-service,"Fire Damage Restoration in Maricopa, CA | ProRestoration Services",Fire Damage Restoration in Maricopa,"24/7 fire damage restoration in Maricopa, CA. IICRC-certified, insurance billing accepted. Call (661) 393-9306.",fire damage restoration maricopa,fire cleanup|fire and smoke restoration|structural fire damage|post-fire restoration|fire damage repair,local_emergency,,,900,hero|og|inline-1|inline-2,service|local-business|faq|breadcrumb-list,/services/fire-damage-restoration/|/service-areas/maricopa-ca/|/service-areas/maricopa-ca/home-remodeling/|/service-areas/maricopa-ca/mold-remediation/|/service-areas/arvin-ca/fire-damage-restoration/|/service-areas/bear-valley-springs-ca/fire-damage-restoration/|/contact/,7.00,planned
/service-areas/maricopa-ca/home-remodeling/,service-area-service,"Home Remodeling in Maricopa, CA | ProRestoration Services",Home Remodeling in Maricopa,"24/7 home remodeling in Maricopa, CA. IICRC-certified, insurance billing accepted. Call (661) 393-9306.",home remodeling maricopa,home renovation|kitchen remodel|bathroom remodel|whole home remodel|interior remodeling contractor,local_commercial,,,900,hero|og|inline-1|inline-2,service|local-business|faq|breadcrumb-list,/services/home-remodeling/|/service-areas/maricopa-ca/|/service-areas/maricopa-ca/fire-damage-restoration/|/service-areas/maricopa-ca/mold-remediation/|/service-areas/arvin-ca/home-remodeling/|/service-areas/bear-valley-springs-ca/home-remodeling/|/contact/,7.00,planned
/service-areas/maricopa-ca/mold-remediation/,service-area-service,"Mold Remediation in Maricopa, CA | ProRestoration Services",Mold Remediation in Maricopa,"24/7 mold remediation in Maricopa, CA. IICRC-certified, insurance billing accepted. Call (661) 393-9306.",mold remediation maricopa,mold removal|black mold remediation|mold abatement|mold containment|mold cleanup,local_health,,,900,hero|og|inline-1|inline-2,service|local-business|faq|breadcrumb-list,/services/mold-remediation/|/service-areas/maricopa-ca/|/service-areas/maricopa-ca/fire-damage-restoration/|/service-areas/maricopa-ca/home-remodeling/|/service-areas/arvin-ca/mold-remediation/|/service-areas/bear-valley-springs-ca/mold-remediation/|/contact/,7.00,planned
/service-areas/maricopa-ca/roofing/,service-area-service,"Roofing Installation and Replacement in Maricopa, CA | ProRestoration Services",Roofing Installation and Replacement in Maricopa,"24/7 roofing installation and replacement in Maricopa, CA. IICRC-certified, insurance billing accepted. Call (661) 393-9306.",roofing installation and replacement maricopa,roofing contractor|roof replacement|new roof installation|residential roofing|roof repair,local_commercial,,,900,hero|og|inline-1|inline-2,service|local-business|faq|breadcrumb-list,/services/roofing/|/service-areas/maricopa-ca/|/service-areas/maricopa-ca/fire-damage-restoration/|/service-areas/maricopa-ca/home-remodeling/|/service-areas/arvin-ca/roofing/|/service-areas/bear-valley-springs-ca/roofing/|/contact/,7.00,planned
/service-areas/maricopa-ca/water-damage-restoration/,service-area-service,"Water Damage Restoration in Maricopa, CA | ProRestoration Services",Water Damage Restoration in Maricopa,"24/7 water damage restoration in Maricopa, CA. IICRC-certified, insurance billing accepted. Call (661) 393-9306.",water damage restoration maricopa,water removal|water extraction|water cleanup|structural drying|water mitigation,local_emergency,,,900,hero|og|inline-1|inline-2,service|local-business|faq|breadcrumb-list,/services/water-damage-restoration/|/service-areas/maricopa-ca/|/service-areas/maricopa-ca/fire-damage-restoration/|/service-areas/maricopa-ca/home-remodeling/|/service-areas/arvin-ca/water-damage-restoration/|/service-areas/bear-valley-springs-ca/water-damage-restoration/|/contact/,7.00,planned
/service-areas/mcfarland-ca/fire-damage-restoration/,service-area-service,"Fire Damage Restoration in McFarland, CA | ProRestoration Services",Fire Damage Restoration in McFarland,"24/7 fire damage restoration in McFarland, CA. IICRC-certified, insurance billing accepted. Call (661) 393-9306.",fire damage restoration mcfarland,fire cleanup|fire and smoke restoration|structural fire damage|post-fire restoration|fire damage repair,local_emergency,,,900,hero|og|inline-1|inline-2,service|local-business|faq|breadcrumb-list,/services/fire-damage-restoration/|/service-areas/mcfarland-ca/|/service-areas/mcfarland-ca/home-remodeling/|/service-areas/mcfarland-ca/mold-remediation/|/service-areas/arvin-ca/fire-damage-restoration/|/service-areas/bear-valley-springs-ca/fire-damage-restoration/|/contact/,7.00,planned
/service-areas/mcfarland-ca/home-remodeling/,service-area-service,"Home Remodeling in McFarland, CA | ProRestoration Services",Home Remodeling in McFarland,"24/7 home remodeling in McFarland, CA. IICRC-certified, insurance billing accepted. Call (661) 393-9306.",home remodeling mcfarland,home renovation|kitchen remodel|bathroom remodel|whole home remodel|interior remodeling contractor,local_commercial,,,900,hero|og|inline-1|inline-2,service|local-business|faq|breadcrumb-list,/services/home-remodeling/|/service-areas/mcfarland-ca/|/service-areas/mcfarland-ca/fire-damage-restoration/|/service-areas/mcfarland-ca/mold-remediation/|/service-areas/arvin-ca/home-remodeling/|/service-areas/bear-valley-springs-ca/home-remodeling/|/contact/,7.00,planned
/service-areas/mcfarland-ca/mold-remediation/,service-area-service,"Mold Remediation in McFarland, CA | ProRestoration Services",Mold Remediation in McFarland,"24/7 mold remediation in McFarland, CA. IICRC-certified, insurance billing accepted. Call (661) 393-9306.",mold remediation mcfarland,mold removal|black mold remediation|mold abatement|mold containment|mold cleanup,local_health,,,900,hero|og|inline-1|inline-2,service|local-business|faq|breadcrumb-list,/services/mold-remediation/|/service-areas/mcfarland-ca/|/service-areas/mcfarland-ca/fire-damage-restoration/|/service-areas/mcfarland-ca/home-remodeling/|/service-areas/arvin-ca/mold-remediation/|/service-areas/bear-valley-springs-ca/mold-remediation/|/contact/,7.00,planned
/service-areas/mcfarland-ca/roofing/,service-area-service,"Roofing Installation and Replacement in McFarland, CA | ProRestoration Services",Roofing Installation and Replacement in McFarland,"24/7 roofing installation and replacement in McFarland, CA. IICRC-certified, insurance billing accepted. Call (661) 393-9306.",roofing installation and replacement mcfarland,roofing contractor|roof replacement|new roof installation|residential roofing|roof repair,local_commercial,,,900,hero|og|inline-1|inline-2,service|local-business|faq|breadcrumb-list,/services/roofing/|/service-areas/mcfarland-ca/|/service-areas/mcfarland-ca/fire-damage-restoration/|/service-areas/mcfarland-ca/home-remodeling/|/service-areas/arvin-ca/roofing/|/service-areas/bear-valley-springs-ca/roofing/|/contact/,7.00,planned
/service-areas/mcfarland-ca/water-damage-restoration/,service-area-service,"Water Damage Restoration in McFarland, CA | ProRestoration Services",Water Damage Restoration in McFarland,"24/7 water damage restoration in McFarland, CA. IICRC-certified, insurance billing accepted. Call (661) 393-9306.",water damage restoration mcfarland,water removal|water extraction|water cleanup|structural drying|water mitigation,local_emergency,,,900,hero|og|inline-1|inline-2,service|local-business|faq|breadcrumb-list,/services/water-damage-restoration/|/service-areas/mcfarland-ca/|/service-areas/mcfarland-ca/fire-damage-restoration/|/service-areas/mcfarland-ca/home-remodeling/|/service-areas/arvin-ca/water-damage-restoration/|/service-areas/bear-valley-springs-ca/water-damage-restoration/|/contact/,7.00,planned
/service-areas/oildale-ca/fire-damage-restoration/,service-area-service,"Fire Damage Restoration in Oildale, CA | ProRestoration Services",Fire Damage Restoration in Oildale,"24/7 fire damage restoration in Oildale, CA. IICRC-certified, insurance billing accepted. Call (661) 393-9306.",fire damage restoration oildale,fire cleanup|fire and smoke restoration|structural fire damage|post-fire restoration|fire damage repair,local_emergency,,,900,hero|og|inline-1|inline-2,service|local-business|faq|breadcrumb-list,/services/fire-damage-restoration/|/service-areas/oildale-ca/|/service-areas/oildale-ca/home-remodeling/|/service-areas/oildale-ca/mold-remediation/|/service-areas/arvin-ca/fire-damage-restoration/|/service-areas/bear-valley-springs-ca/fire-damage-restoration/|/contact/,7.00,planned
/service-areas/oildale-ca/home-remodeling/,service-area-service,"Home Remodeling in Oildale, CA | ProRestoration Services",Home Remodeling in Oildale,"24/7 home remodeling in Oildale, CA. IICRC-certified, insurance billing accepted. Call (661) 393-9306.",home remodeling oildale,home renovation|kitchen remodel|bathroom remodel|whole home remodel|interior remodeling contractor,local_commercial,,,900,hero|og|inline-1|inline-2,service|local-business|faq|breadcrumb-list,/services/home-remodeling/|/service-areas/oildale-ca/|/service-areas/oildale-ca/fire-damage-restoration/|/service-areas/oildale-ca/mold-remediation/|/service-areas/arvin-ca/home-remodeling/|/service-areas/bear-valley-springs-ca/home-remodeling/|/contact/,7.00,planned
/service-areas/oildale-ca/mold-remediation/,service-area-service,"Mold Remediation in Oildale, CA | ProRestoration Services",Mold Remediation in Oildale,"24/7 mold remediation in Oildale, CA. IICRC-certified, insurance billing accepted. Call (661) 393-9306.",mold remediation oildale,mold removal|black mold remediation|mold abatement|mold containment|mold cleanup,local_health,,,900,hero|og|inline-1|inline-2,service|local-business|faq|breadcrumb-list,/services/mold-remediation/|/service-areas/oildale-ca/|/service-areas/oildale-ca/fire-damage-restoration/|/service-areas/oildale-ca/home-remodeling/|/service-areas/arvin-ca/mold-remediation/|/service-areas/bear-valley-springs-ca/mold-remediation/|/contact/,7.00,planned
/service-areas/oildale-ca/roofing/,service-area-service,"Roofing Installation and Replacement in Oildale, CA | ProRestoration Services",Roofing Installation and Replacement in Oildale,"24/7 roofing installation and replacement in Oildale, CA. IICRC-certified, insurance billing accepted. Call (661) 393-9306.",roofing installation and replacement oildale,roofing contractor|roof replacement|new roof installation|residential roofing|roof repair,local_commercial,,,900,hero|og|inline-1|inline-2,service|local-business|faq|breadcrumb-list,/services/roofing/|/service-areas/oildale-ca/|/service-areas/oildale-ca/fire-damage-restoration/|/service-areas/oildale-ca/home-remodeling/|/service-areas/arvin-ca/roofing/|/service-areas/bear-valley-springs-ca/roofing/|/contact/,7.00,planned
/service-areas/oildale-ca/water-damage-restoration/,service-area-service,"Water Damage Restoration in Oildale, CA | ProRestoration Services",Water Damage Restoration in Oildale,"24/7 water damage restoration in Oildale, CA. IICRC-certified, insurance billing accepted. Call (661) 393-9306.",water damage restoration oildale,water removal|water extraction|water cleanup|structural drying|water mitigation,local_emergency,,,900,hero|og|inline-1|inline-2,service|local-business|faq|breadcrumb-list,/services/water-damage-restoration/|/service-areas/oildale-ca/|/service-areas/oildale-ca/fire-damage-restoration/|/service-areas/oildale-ca/home-remodeling/|/service-areas/arvin-ca/water-damage-restoration/|/service-areas/bear-valley-springs-ca/water-damage-restoration/|/contact/,7.00,planned
/service-areas/rosedale-ca/fire-damage-restoration/,service-area-service,"Fire Damage Restoration in Rosedale, CA | ProRestoration Services",Fire Damage Restoration in Rosedale,"24/7 fire damage restoration in Rosedale, CA. IICRC-certified, insurance billing accepted. Call (661) 393-9306.",fire damage restoration rosedale,fire cleanup|fire and smoke restoration|structural fire damage|post-fire restoration|fire damage repair,local_emergency,,,900,hero|og|inline-1|inline-2,service|local-business|faq|breadcrumb-list,/services/fire-damage-restoration/|/service-areas/rosedale-ca/|/service-areas/rosedale-ca/home-remodeling/|/service-areas/rosedale-ca/mold-remediation/|/service-areas/arvin-ca/fire-damage-restoration/|/service-areas/bear-valley-springs-ca/fire-damage-restoration/|/contact/,7.00,planned
/service-areas/rosedale-ca/home-remodeling/,service-area-service,"Home Remodeling in Rosedale, CA | ProRestoration Services",Home Remodeling in Rosedale,"24/7 home remodeling in Rosedale, CA. IICRC-certified, insurance billing accepted. Call (661) 393-9306.",home remodeling rosedale,home renovation|kitchen remodel|bathroom remodel|whole home remodel|interior remodeling contractor,local_commercial,,,900,hero|og|inline-1|inline-2,service|local-business|faq|breadcrumb-list,/services/home-remodeling/|/service-areas/rosedale-ca/|/service-areas/rosedale-ca/fire-damage-restoration/|/service-areas/rosedale-ca/mold-remediation/|/service-areas/arvin-ca/home-remodeling/|/service-areas/bear-valley-springs-ca/home-remodeling/|/contact/,7.00,planned
/service-areas/rosedale-ca/mold-remediation/,service-area-service,"Mold Remediation in Rosedale, CA | ProRestoration Services",Mold Remediation in Rosedale,"24/7 mold remediation in Rosedale, CA. IICRC-certified, insurance billing accepted. Call (661) 393-9306.",mold remediation rosedale,mold removal|black mold remediation|mold abatement|mold containment|mold cleanup,local_health,,,900,hero|og|inline-1|inline-2,service|local-business|faq|breadcrumb-list,/services/mold-remediation/|/service-areas/rosedale-ca/|/service-areas/rosedale-ca/fire-damage-restoration/|/service-areas/rosedale-ca/home-remodeling/|/service-areas/arvin-ca/mold-remediation/|/service-areas/bear-valley-springs-ca/mold-remediation/|/contact/,7.00,planned
/service-areas/rosedale-ca/roofing/,service-area-service,"Roofing Installation and Replacement in Rosedale, CA | ProRestoration Services",Roofing Installation and Replacement in Rosedale,"24/7 roofing installation and replacement in Rosedale, CA. IICRC-certified, insurance billing accepted. Call (661) 393-9306.",roofing installation and replacement rosedale,roofing contractor|roof replacement|new roof installation|residential roofing|roof repair,local_commercial,,,900,hero|og|inline-1|inline-2,service|local-business|faq|breadcrumb-list,/services/roofing/|/service-areas/rosedale-ca/|/service-areas/rosedale-ca/fire-damage-restoration/|/service-areas/rosedale-ca/home-remodeling/|/service-areas/arvin-ca/roofing/|/service-areas/bear-valley-springs-ca/roofing/|/contact/,7.00,planned
/service-areas/rosedale-ca/water-damage-restoration/,service-area-service,"Water Damage Restoration in Rosedale, CA | ProRestoration Services",Water Damage Restoration in Rosedale,"24/7 water damage restoration in Rosedale, CA. IICRC-certified, insurance billing accepted. Call (661) 393-9306.",water damage restoration rosedale,water removal|water extraction|water cleanup|structural drying|water mitigation,local_emergency,,,900,hero|og|inline-1|inline-2,service|local-business|faq|breadcrumb-list,/services/water-damage-restoration/|/service-areas/rosedale-ca/|/service-areas/rosedale-ca/fire-damage-restoration/|/service-areas/rosedale-ca/home-remodeling/|/service-areas/arvin-ca/water-damage-restoration/|/service-areas/bear-valley-springs-ca/water-damage-restoration/|/contact/,7.00,planned
/service-areas/shafter-ca/fire-damage-restoration/,service-area-service,"Fire Damage Restoration in Shafter, CA | ProRestoration Services",Fire Damage Restoration in Shafter,"24/7 fire damage restoration in Shafter, CA. IICRC-certified, insurance billing accepted. Call (661) 393-9306.",fire damage restoration shafter,fire cleanup|fire and smoke restoration|structural fire damage|post-fire restoration|fire damage repair,local_emergency,,,900,hero|og|inline-1|inline-2,service|local-business|faq|breadcrumb-list,/services/fire-damage-restoration/|/service-areas/shafter-ca/|/service-areas/shafter-ca/home-remodeling/|/service-areas/shafter-ca/mold-remediation/|/service-areas/arvin-ca/fire-damage-restoration/|/service-areas/bear-valley-springs-ca/fire-damage-restoration/|/contact/,7.00,planned
/service-areas/shafter-ca/home-remodeling/,service-area-service,"Home Remodeling in Shafter, CA | ProRestoration Services",Home Remodeling in Shafter,"24/7 home remodeling in Shafter, CA. IICRC-certified, insurance billing accepted. Call (661) 393-9306.",home remodeling shafter,home renovation|kitchen remodel|bathroom remodel|whole home remodel|interior remodeling contractor,local_commercial,,,900,hero|og|inline-1|inline-2,service|local-business|faq|breadcrumb-list,/services/home-remodeling/|/service-areas/shafter-ca/|/service-areas/shafter-ca/fire-damage-restoration/|/service-areas/shafter-ca/mold-remediation/|/service-areas/arvin-ca/home-remodeling/|/service-areas/bear-valley-springs-ca/home-remodeling/|/contact/,7.00,planned
/service-areas/shafter-ca/mold-remediation/,service-area-service,"Mold Remediation in Shafter, CA | ProRestoration Services",Mold Remediation in Shafter,"24/7 mold remediation in Shafter, CA. IICRC-certified, insurance billing accepted. Call (661) 393-9306.",mold remediation shafter,mold removal|black mold remediation|mold abatement|mold containment|mold cleanup,local_health,,,900,hero|og|inline-1|inline-2,service|local-business|faq|breadcrumb-list,/services/mold-remediation/|/service-areas/shafter-ca/|/service-areas/shafter-ca/fire-damage-restoration/|/service-areas/shafter-ca/home-remodeling/|/service-areas/arvin-ca/mold-remediation/|/service-areas/bear-valley-springs-ca/mold-remediation/|/contact/,7.00,planned
/service-areas/shafter-ca/roofing/,service-area-service,"Roofing Installation and Replacement in Shafter, CA | ProRestoration Services",Roofing Installation and Replacement in Shafter,"24/7 roofing installation and replacement in Shafter, CA. IICRC-certified, insurance billing accepted. Call (661) 393-9306.",roofing installation and replacement shafter,roofing contractor|roof replacement|new roof installation|residential roofing|roof repair,local_commercial,,,900,hero|og|inline-1|inline-2,service|local-business|faq|breadcrumb-list,/services/roofing/|/service-areas/shafter-ca/|/service-areas/shafter-ca/fire-damage-restoration/|/service-areas/shafter-ca/home-remodeling/|/service-areas/arvin-ca/roofing/|/service-areas/bear-valley-springs-ca/roofing/|/contact/,7.00,planned
/service-areas/shafter-ca/water-damage-restoration/,service-area-service,"Water Damage Restoration in Shafter, CA | ProRestoration Services",Water Damage Restoration in Shafter,"24/7 water damage restoration in Shafter, CA. IICRC-certified, insurance billing accepted. Call (661) 393-9306.",water damage restoration shafter,water removal|water extraction|water cleanup|structural drying|water mitigation,local_emergency,,,900,hero|og|inline-1|inline-2,service|local-business|faq|breadcrumb-list,/services/water-damage-restoration/|/service-areas/shafter-ca/|/service-areas/shafter-ca/fire-damage-restoration/|/service-areas/shafter-ca/home-remodeling/|/service-areas/arvin-ca/water-damage-restoration/|/service-areas/bear-valley-springs-ca/water-damage-restoration/|/contact/,7.00,planned
/service-areas/taft-ca/fire-damage-restoration/,service-area-service,"Fire Damage Restoration in Taft, CA | ProRestoration Services",Fire Damage Restoration in Taft,"24/7 fire damage restoration in Taft, CA. IICRC-certified, insurance billing accepted. Call (661) 393-9306.",fire damage restoration taft,fire cleanup|fire and smoke restoration|structural fire damage|post-fire restoration|fire damage repair,local_emergency,,,900,hero|og|inline-1|inline-2,service|local-business|faq|breadcrumb-list,/services/fire-damage-restoration/|/service-areas/taft-ca/|/service-areas/taft-ca/home-remodeling/|/service-areas/taft-ca/mold-remediation/|/service-areas/arvin-ca/fire-damage-restoration/|/service-areas/bear-valley-springs-ca/fire-damage-restoration/|/contact/,7.00,planned
/service-areas/taft-ca/home-remodeling/,service-area-service,"Home Remodeling in Taft, CA | ProRestoration Services",Home Remodeling in Taft,"24/7 home remodeling in Taft, CA. IICRC-certified, insurance billing accepted. Call (661) 393-9306.",home remodeling taft,home renovation|kitchen remodel|bathroom remodel|whole home remodel|interior remodeling contractor,local_commercial,,,900,hero|og|inline-1|inline-2,service|local-business|faq|breadcrumb-list,/services/home-remodeling/|/service-areas/taft-ca/|/service-areas/taft-ca/fire-damage-restoration/|/service-areas/taft-ca/mold-remediation/|/service-areas/arvin-ca/home-remodeling/|/service-areas/bear-valley-springs-ca/home-remodeling/|/contact/,7.00,planned
/service-areas/taft-ca/mold-remediation/,service-area-service,"Mold Remediation in Taft, CA | ProRestoration Services",Mold Remediation in Taft,"24/7 mold remediation in Taft, CA. IICRC-certified, insurance billing accepted. Call (661) 393-9306.",mold remediation taft,mold removal|black mold remediation|mold abatement|mold containment|mold cleanup,local_health,,,900,hero|og|inline-1|inline-2,service|local-business|faq|breadcrumb-list,/services/mold-remediation/|/service-areas/taft-ca/|/service-areas/taft-ca/fire-damage-restoration/|/service-areas/taft-ca/home-remodeling/|/service-areas/arvin-ca/mold-remediation/|/service-areas/bear-valley-springs-ca/mold-remediation/|/contact/,7.00,planned
/service-areas/taft-ca/roofing/,service-area-service,"Roofing Installation and Replacement in Taft, CA | ProRestoration Services",Roofing Installation and Replacement in Taft,"24/7 roofing installation and replacement in Taft, CA. IICRC-certified, insurance billing accepted. Call (661) 393-9306.",roofing installation and replacement taft,roofing contractor|roof replacement|new roof installation|residential roofing|roof repair,local_commercial,,,900,hero|og|inline-1|inline-2,service|local-business|faq|breadcrumb-list,/services/roofing/|/service-areas/taft-ca/|/service-areas/taft-ca/fire-damage-restoration/|/service-areas/taft-ca/home-remodeling/|/service-areas/arvin-ca/roofing/|/service-areas/bear-valley-springs-ca/roofing/|/contact/,7.00,planned
/service-areas/taft-ca/water-damage-restoration/,service-area-service,"Water Damage Restoration in Taft, CA | ProRestoration Services",Water Damage Restoration in Taft,"24/7 water damage restoration in Taft, CA. IICRC-certified, insurance billing accepted. Call (661) 393-9306.",water damage restoration taft,water removal|water extraction|water cleanup|structural drying|water mitigation,local_emergency,,,900,hero|og|inline-1|inline-2,service|local-business|faq|breadcrumb-list,/services/water-damage-restoration/|/service-areas/taft-ca/|/service-areas/taft-ca/fire-damage-restoration/|/service-areas/taft-ca/home-remodeling/|/service-areas/arvin-ca/water-damage-restoration/|/service-areas/bear-valley-springs-ca/water-damage-restoration/|/contact/,7.00,planned
/service-areas/tarina-ca/fire-damage-restoration/,service-area-service,"Fire Damage Restoration in Tarina, CA | ProRestoration Services",Fire Damage Restoration in Tarina,"24/7 fire damage restoration in Tarina, CA. IICRC-certified, insurance billing accepted. Call (661) 393-9306.",fire damage restoration tarina,fire cleanup|fire and smoke restoration|structural fire damage|post-fire restoration|fire damage repair,local_emergency,,,900,hero|og|inline-1|inline-2,service|local-business|faq|breadcrumb-list,/services/fire-damage-restoration/|/service-areas/tarina-ca/|/service-areas/tarina-ca/home-remodeling/|/service-areas/tarina-ca/mold-remediation/|/service-areas/arvin-ca/fire-damage-restoration/|/service-areas/bear-valley-springs-ca/fire-damage-restoration/|/contact/,7.00,planned
/service-areas/tarina-ca/home-remodeling/,service-area-service,"Home Remodeling in Tarina, CA | ProRestoration Services",Home Remodeling in Tarina,"24/7 home remodeling in Tarina, CA. IICRC-certified, insurance billing accepted. Call (661) 393-9306.",home remodeling tarina,home renovation|kitchen remodel|bathroom remodel|whole home remodel|interior remodeling contractor,local_commercial,,,900,hero|og|inline-1|inline-2,service|local-business|faq|breadcrumb-list,/services/home-remodeling/|/service-areas/tarina-ca/|/service-areas/tarina-ca/fire-damage-restoration/|/service-areas/tarina-ca/mold-remediation/|/service-areas/arvin-ca/home-remodeling/|/service-areas/bear-valley-springs-ca/home-remodeling/|/contact/,7.00,planned
/service-areas/tarina-ca/mold-remediation/,service-area-service,"Mold Remediation in Tarina, CA | ProRestoration Services",Mold Remediation in Tarina,"24/7 mold remediation in Tarina, CA. IICRC-certified, insurance billing accepted. Call (661) 393-9306.",mold remediation tarina,mold removal|black mold remediation|mold abatement|mold containment|mold cleanup,local_health,,,900,hero|og|inline-1|inline-2,service|local-business|faq|breadcrumb-list,/services/mold-remediation/|/service-areas/tarina-ca/|/service-areas/tarina-ca/fire-damage-restoration/|/service-areas/tarina-ca/home-remodeling/|/service-areas/arvin-ca/mold-remediation/|/service-areas/bear-valley-springs-ca/mold-remediation/|/contact/,7.00,planned
/service-areas/tarina-ca/roofing/,service-area-service,"Roofing Installation and Replacement in Tarina, CA | ProRestoration Services",Roofing Installation and Replacement in Tarina,"24/7 roofing installation and replacement in Tarina, CA. IICRC-certified, insurance billing accepted. Call (661) 393-9306.",roofing installation and replacement tarina,roofing contractor|roof replacement|new roof installation|residential roofing|roof repair,local_commercial,,,900,hero|og|inline-1|inline-2,service|local-business|faq|breadcrumb-list,/services/roofing/|/service-areas/tarina-ca/|/service-areas/tarina-ca/fire-damage-restoration/|/service-areas/tarina-ca/home-remodeling/|/service-areas/arvin-ca/roofing/|/service-areas/bear-valley-springs-ca/roofing/|/contact/,7.00,planned
/service-areas/tarina-ca/water-damage-restoration/,service-area-service,"Water Damage Restoration in Tarina, CA | ProRestoration Services",Water Damage Restoration in Tarina,"24/7 water damage restoration in Tarina, CA. IICRC-certified, insurance billing accepted. Call (661) 393-9306.",water damage restoration tarina,water removal|water extraction|water cleanup|structural drying|water mitigation,local_emergency,,,900,hero|og|inline-1|inline-2,service|local-business|faq|breadcrumb-list,/services/water-damage-restoration/|/service-areas/tarina-ca/|/service-areas/tarina-ca/fire-damage-restoration/|/service-areas/tarina-ca/home-remodeling/|/service-areas/arvin-ca/water-damage-restoration/|/service-areas/bear-valley-springs-ca/water-damage-restoration/|/contact/,7.00,planned
/service-areas/tehachapi-ca/fire-damage-restoration/,service-area-service,"Fire Damage Restoration in Tehachapi, CA | ProRestoration Services",Fire Damage Restoration in Tehachapi,"24/7 fire damage restoration in Tehachapi, CA. IICRC-certified, insurance billing accepted. Call (661) 393-9306.",fire damage restoration tehachapi,fire cleanup|fire and smoke restoration|structural fire damage|post-fire restoration|fire damage repair,local_emergency,,,900,hero|og|inline-1|inline-2,service|local-business|faq|breadcrumb-list,/services/fire-damage-restoration/|/service-areas/tehachapi-ca/|/service-areas/tehachapi-ca/home-remodeling/|/service-areas/tehachapi-ca/mold-remediation/|/service-areas/arvin-ca/fire-damage-restoration/|/service-areas/bear-valley-springs-ca/fire-damage-restoration/|/contact/,7.00,planned
/service-areas/tehachapi-ca/home-remodeling/,service-area-service,"Home Remodeling in Tehachapi, CA | ProRestoration Services",Home Remodeling in Tehachapi,"24/7 home remodeling in Tehachapi, CA. IICRC-certified, insurance billing accepted. Call (661) 393-9306.",home remodeling tehachapi,home renovation|kitchen remodel|bathroom remodel|whole home remodel|interior remodeling contractor,local_commercial,,,900,hero|og|inline-1|inline-2,service|local-business|faq|breadcrumb-list,/services/home-remodeling/|/service-areas/tehachapi-ca/|/service-areas/tehachapi-ca/fire-damage-restoration/|/service-areas/tehachapi-ca/mold-remediation/|/service-areas/arvin-ca/home-remodeling/|/service-areas/bear-valley-springs-ca/home-remodeling/|/contact/,7.00,planned
/service-areas/tehachapi-ca/mold-remediation/,service-area-service,"Mold Remediation in Tehachapi, CA | ProRestoration Services",Mold Remediation in Tehachapi,"24/7 mold remediation in Tehachapi, CA. IICRC-certified, insurance billing accepted. Call (661) 393-9306.",mold remediation tehachapi,mold removal|black mold remediation|mold abatement|mold containment|mold cleanup,local_health,,,900,hero|og|inline-1|inline-2,service|local-business|faq|breadcrumb-list,/services/mold-remediation/|/service-areas/tehachapi-ca/|/service-areas/tehachapi-ca/fire-damage-restoration/|/service-areas/tehachapi-ca/home-remodeling/|/service-areas/arvin-ca/mold-remediation/|/service-areas/bear-valley-springs-ca/mold-remediation/|/contact/,7.00,planned
/service-areas/tehachapi-ca/roofing/,service-area-service,"Roofing Installation and Replacement in Tehachapi, CA | ProRestoration Services",Roofing Installation and Replacement in Tehachapi,"24/7 roofing installation and replacement in Tehachapi, CA. IICRC-certified, insurance billing accepted. Call (661) 393-9306.",roofing installation and replacement tehachapi,roofing contractor|roof replacement|new roof installation|residential roofing|roof repair,local_commercial,,,900,hero|og|inline-1|inline-2,service|local-business|faq|breadcrumb-list,/services/roofing/|/service-areas/tehachapi-ca/|/service-areas/tehachapi-ca/fire-damage-restoration/|/service-areas/tehachapi-ca/home-remodeling/|/service-areas/arvin-ca/roofing/|/service-areas/bear-valley-springs-ca/roofing/|/contact/,7.00,planned
/service-areas/tehachapi-ca/water-damage-restoration/,service-area-service,"Water Damage Restoration in Tehachapi, CA | ProRestoration Services",Water Damage Restoration in Tehachapi,"24/7 water damage restoration in Tehachapi, CA. IICRC-certified, insurance billing accepted. Call (661) 393-9306.",water damage restoration tehachapi,water removal|water extraction|water cleanup|structural drying|water mitigation,local_emergency,,,900,hero|og|inline-1|inline-2,service|local-business|faq|breadcrumb-list,/services/water-damage-restoration/|/service-areas/tehachapi-ca/|/service-areas/tehachapi-ca/fire-damage-restoration/|/service-areas/tehachapi-ca/home-remodeling/|/service-areas/arvin-ca/water-damage-restoration/|/service-areas/bear-valley-springs-ca/water-damage-restoration/|/contact/,7.00,planned
/service-areas/valley-acres-ca/fire-damage-restoration/,service-area-service,"Fire Damage Restoration in Valley Acres, CA | ProRestoration Services",Fire Damage Restoration in Valley Acres,"24/7 fire damage restoration in Valley Acres, CA. IICRC-certified, insurance billing accepted. Call (661) 393-9306.",fire damage restoration valley acres,fire cleanup|fire and smoke restoration|structural fire damage|post-fire restoration|fire damage repair,local_emergency,,,900,hero|og|inline-1|inline-2,service|local-business|faq|breadcrumb-list,/services/fire-damage-restoration/|/service-areas/valley-acres-ca/|/service-areas/valley-acres-ca/home-remodeling/|/service-areas/valley-acres-ca/mold-remediation/|/service-areas/arvin-ca/fire-damage-restoration/|/service-areas/bear-valley-springs-ca/fire-damage-restoration/|/contact/,7.00,planned
/service-areas/valley-acres-ca/home-remodeling/,service-area-service,"Home Remodeling in Valley Acres, CA | ProRestoration Services",Home Remodeling in Valley Acres,"24/7 home remodeling in Valley Acres, CA. IICRC-certified, insurance billing accepted. Call (661) 393-9306.",home remodeling valley acres,home renovation|kitchen remodel|bathroom remodel|whole home remodel|interior remodeling contractor,local_commercial,,,900,hero|og|inline-1|inline-2,service|local-business|faq|breadcrumb-list,/services/home-remodeling/|/service-areas/valley-acres-ca/|/service-areas/valley-acres-ca/fire-damage-restoration/|/service-areas/valley-acres-ca/mold-remediation/|/service-areas/arvin-ca/home-remodeling/|/service-areas/bear-valley-springs-ca/home-remodeling/|/contact/,7.00,planned
/service-areas/valley-acres-ca/mold-remediation/,service-area-service,"Mold Remediation in Valley Acres, CA | ProRestoration Services",Mold Remediation in Valley Acres,"24/7 mold remediation in Valley Acres, CA. IICRC-certified, insurance billing accepted. Call (661) 393-9306.",mold remediation valley acres,mold removal|black mold remediation|mold abatement|mold containment|mold cleanup,local_health,,,900,hero|og|inline-1|inline-2,service|local-business|faq|breadcrumb-list,/services/mold-remediation/|/service-areas/valley-acres-ca/|/service-areas/valley-acres-ca/fire-damage-restoration/|/service-areas/valley-acres-ca/home-remodeling/|/service-areas/arvin-ca/mold-remediation/|/service-areas/bear-valley-springs-ca/mold-remediation/|/contact/,7.00,planned
/service-areas/valley-acres-ca/roofing/,service-area-service,"Roofing Installation and Replacement in Valley Acres, CA | ProRestoration Services",Roofing Installation and Replacement in Valley Acres,"24/7 roofing installation and replacement in Valley Acres, CA. IICRC-certified, insurance billing accepted. Call (661) 393-9306.",roofing installation and replacement valley acres,roofing contractor|roof replacement|new roof installation|residential roofing|roof repair,local_commercial,,,900,hero|og|inline-1|inline-2,service|local-business|faq|breadcrumb-list,/services/roofing/|/service-areas/valley-acres-ca/|/service-areas/valley-acres-ca/fire-damage-restoration/|/service-areas/valley-acres-ca/home-remodeling/|/service-areas/arvin-ca/roofing/|/service-areas/bear-valley-springs-ca/roofing/|/contact/,7.00,planned
/service-areas/valley-acres-ca/water-damage-restoration/,service-area-service,"Water Damage Restoration in Valley Acres, CA | ProRestoration Services",Water Damage Restoration in Valley Acres,"24/7 water damage restoration in Valley Acres, CA. IICRC-certified, insurance billing accepted. Call (661) 393-9306.",water damage restoration valley acres,water removal|water extraction|water cleanup|structural drying|water mitigation,local_emergency,,,900,hero|og|inline-1|inline-2,service|local-business|faq|breadcrumb-list,/services/water-damage-restoration/|/service-areas/valley-acres-ca/|/service-areas/valley-acres-ca/fire-damage-restoration/|/service-areas/valley-acres-ca/home-remodeling/|/service-areas/arvin-ca/water-damage-restoration/|/service-areas/bear-valley-springs-ca/water-damage-restoration/|/contact/,7.00,planned
/service-areas/wasco-ca/fire-damage-restoration/,service-area-service,"Fire Damage Restoration in Wasco, CA | ProRestoration Services",Fire Damage Restoration in Wasco,"24/7 fire damage restoration in Wasco, CA. IICRC-certified, insurance billing accepted. Call (661) 393-9306.",fire damage restoration wasco,fire cleanup|fire and smoke restoration|structural fire damage|post-fire restoration|fire damage repair,local_emergency,,,900,hero|og|inline-1|inline-2,service|local-business|faq|breadcrumb-list,/services/fire-damage-restoration/|/service-areas/wasco-ca/|/service-areas/wasco-ca/home-remodeling/|/service-areas/wasco-ca/mold-remediation/|/service-areas/arvin-ca/fire-damage-restoration/|/service-areas/bear-valley-springs-ca/fire-damage-restoration/|/contact/,7.00,planned
/service-areas/wasco-ca/home-remodeling/,service-area-service,"Home Remodeling in Wasco, CA | ProRestoration Services",Home Remodeling in Wasco,"24/7 home remodeling in Wasco, CA. IICRC-certified, insurance billing accepted. Call (661) 393-9306.",home remodeling wasco,home renovation|kitchen remodel|bathroom remodel|whole home remodel|interior remodeling contractor,local_commercial,,,900,hero|og|inline-1|inline-2,service|local-business|faq|breadcrumb-list,/services/home-remodeling/|/service-areas/wasco-ca/|/service-areas/wasco-ca/fire-damage-restoration/|/service-areas/wasco-ca/mold-remediation/|/service-areas/arvin-ca/home-remodeling/|/service-areas/bear-valley-springs-ca/home-remodeling/|/contact/,7.00,planned
/service-areas/wasco-ca/mold-remediation/,service-area-service,"Mold Remediation in Wasco, CA | ProRestoration Services",Mold Remediation in Wasco,"24/7 mold remediation in Wasco, CA. IICRC-certified, insurance billing accepted. Call (661) 393-9306.",mold remediation wasco,mold removal|black mold remediation|mold abatement|mold containment|mold cleanup,local_health,,,900,hero|og|inline-1|inline-2,service|local-business|faq|breadcrumb-list,/services/mold-remediation/|/service-areas/wasco-ca/|/service-areas/wasco-ca/fire-damage-restoration/|/service-areas/wasco-ca/home-remodeling/|/service-areas/arvin-ca/mold-remediation/|/service-areas/bear-valley-springs-ca/mold-remediation/|/contact/,7.00,planned
/service-areas/wasco-ca/roofing/,service-area-service,"Roofing Installation and Replacement in Wasco, CA | ProRestoration Services",Roofing Installation and Replacement in Wasco,"24/7 roofing installation and replacement in Wasco, CA. IICRC-certified, insurance billing accepted. Call (661) 393-9306.",roofing installation and replacement wasco,roofing contractor|roof replacement|new roof installation|residential roofing|roof repair,local_commercial,,,900,hero|og|inline-1|inline-2,service|local-business|faq|breadcrumb-list,/services/roofing/|/service-areas/wasco-ca/|/service-areas/wasco-ca/fire-damage-restoration/|/service-areas/wasco-ca/home-remodeling/|/service-areas/arvin-ca/roofing/|/service-areas/bear-valley-springs-ca/roofing/|/contact/,7.00,planned
/service-areas/wasco-ca/water-damage-restoration/,service-area-service,"Water Damage Restoration in Wasco, CA | ProRestoration Services",Water Damage Restoration in Wasco,"24/7 water damage restoration in Wasco, CA. IICRC-certified, insurance billing accepted. Call (661) 393-9306.",water damage restoration wasco,water removal|water extraction|water cleanup|structural drying|water mitigation,local_emergency,,,900,hero|og|inline-1|inline-2,service|local-business|faq|breadcrumb-list,/services/water-damage-restoration/|/service-areas/wasco-ca/|/service-areas/wasco-ca/fire-damage-restoration/|/service-areas/wasco-ca/home-remodeling/|/service-areas/arvin-ca/water-damage-restoration/|/service-areas/bear-valley-springs-ca/water-damage-restoration/|/contact/,7.00,planned
/service-areas/weedpatch-ca/fire-damage-restoration/,service-area-service,"Fire Damage Restoration in Weedpatch, CA | ProRestoration Services",Fire Damage Restoration in Weedpatch,"24/7 fire damage restoration in Weedpatch, CA. IICRC-certified, insurance billing accepted. Call (661) 393-9306.",fire damage restoration weedpatch,fire cleanup|fire and smoke restoration|structural fire damage|post-fire restoration|fire damage repair,local_emergency,,,900,hero|og|inline-1|inline-2,service|local-business|faq|breadcrumb-list,/services/fire-damage-restoration/|/service-areas/weedpatch-ca/|/service-areas/weedpatch-ca/home-remodeling/|/service-areas/weedpatch-ca/mold-remediation/|/service-areas/arvin-ca/fire-damage-restoration/|/service-areas/bear-valley-springs-ca/fire-damage-restoration/|/contact/,7.00,planned
/service-areas/weedpatch-ca/home-remodeling/,service-area-service,"Home Remodeling in Weedpatch, CA | ProRestoration Services",Home Remodeling in Weedpatch,"24/7 home remodeling in Weedpatch, CA. IICRC-certified, insurance billing accepted. Call (661) 393-9306.",home remodeling weedpatch,home renovation|kitchen remodel|bathroom remodel|whole home remodel|interior remodeling contractor,local_commercial,,,900,hero|og|inline-1|inline-2,service|local-business|faq|breadcrumb-list,/services/home-remodeling/|/service-areas/weedpatch-ca/|/service-areas/weedpatch-ca/fire-damage-restoration/|/service-areas/weedpatch-ca/mold-remediation/|/service-areas/arvin-ca/home-remodeling/|/service-areas/bear-valley-springs-ca/home-remodeling/|/contact/,7.00,planned
/service-areas/weedpatch-ca/mold-remediation/,service-area-service,"Mold Remediation in Weedpatch, CA | ProRestoration Services",Mold Remediation in Weedpatch,"24/7 mold remediation in Weedpatch, CA. IICRC-certified, insurance billing accepted. Call (661) 393-9306.",mold remediation weedpatch,mold removal|black mold remediation|mold abatement|mold containment|mold cleanup,local_health,,,900,hero|og|inline-1|inline-2,service|local-business|faq|breadcrumb-list,/services/mold-remediation/|/service-areas/weedpatch-ca/|/service-areas/weedpatch-ca/fire-damage-restoration/|/service-areas/weedpatch-ca/home-remodeling/|/service-areas/arvin-ca/mold-remediation/|/service-areas/bear-valley-springs-ca/mold-remediation/|/contact/,7.00,planned
/service-areas/weedpatch-ca/roofing/,service-area-service,"Roofing Installation and Replacement in Weedpatch, CA | ProRestoration Services",Roofing Installation and Replacement in Weedpatch,"24/7 roofing installation and replacement in Weedpatch, CA. IICRC-certified, insurance billing accepted. Call (661) 393-9306.",roofing installation and replacement weedpatch,roofing contractor|roof replacement|new roof installation|residential roofing|roof repair,local_commercial,,,900,hero|og|inline-1|inline-2,service|local-business|faq|breadcrumb-list,/services/roofing/|/service-areas/weedpatch-ca/|/service-areas/weedpatch-ca/fire-damage-restoration/|/service-areas/weedpatch-ca/home-remodeling/|/service-areas/arvin-ca/roofing/|/service-areas/bear-valley-springs-ca/roofing/|/contact/,7.00,planned
/service-areas/weedpatch-ca/water-damage-restoration/,service-area-service,"Water Damage Restoration in Weedpatch, CA | ProRestoration Services",Water Damage Restoration in Weedpatch,"24/7 water damage restoration in Weedpatch, CA. IICRC-certified, insurance billing accepted. Call (661) 393-9306.",water damage restoration weedpatch,water removal|water extraction|water cleanup|structural drying|water mitigation,local_emergency,,,900,hero|og|inline-1|inline-2,service|local-business|faq|breadcrumb-list,/services/water-damage-restoration/|/service-areas/weedpatch-ca/|/service-areas/weedpatch-ca/fire-damage-restoration/|/service-areas/weedpatch-ca/home-remodeling/|/service-areas/arvin-ca/water-damage-restoration/|/service-areas/bear-valley-springs-ca/water-damage-restoration/|/contact/,7.00,planned
/service-areas/woody-ca/fire-damage-restoration/,service-area-service,"Fire Damage Restoration in Woody, CA | ProRestoration Services",Fire Damage Restoration in Woody,"24/7 fire damage restoration in Woody, CA. IICRC-certified, insurance billing accepted. Call (661) 393-9306.",fire damage restoration woody,fire cleanup|fire and smoke restoration|structural fire damage|post-fire restoration|fire damage repair,local_emergency,,,900,hero|og|inline-1|inline-2,service|local-business|faq|breadcrumb-list,/services/fire-damage-restoration/|/service-areas/woody-ca/|/service-areas/woody-ca/home-remodeling/|/service-areas/woody-ca/mold-remediation/|/service-areas/arvin-ca/fire-damage-restoration/|/service-areas/bear-valley-springs-ca/fire-damage-restoration/|/contact/,7.00,planned
/service-areas/woody-ca/home-remodeling/,service-area-service,"Home Remodeling in Woody, CA | ProRestoration Services",Home Remodeling in Woody,"24/7 home remodeling in Woody, CA. IICRC-certified, insurance billing accepted. Call (661) 393-9306.",home remodeling woody,home renovation|kitchen remodel|bathroom remodel|whole home remodel|interior remodeling contractor,local_commercial,,,900,hero|og|inline-1|inline-2,service|local-business|faq|breadcrumb-list,/services/home-remodeling/|/service-areas/woody-ca/|/service-areas/woody-ca/fire-damage-restoration/|/service-areas/woody-ca/mold-remediation/|/service-areas/arvin-ca/home-remodeling/|/service-areas/bear-valley-springs-ca/home-remodeling/|/contact/,7.00,planned
/service-areas/woody-ca/mold-remediation/,service-area-service,"Mold Remediation in Woody, CA | ProRestoration Services",Mold Remediation in Woody,"24/7 mold remediation in Woody, CA. IICRC-certified, insurance billing accepted. Call (661) 393-9306.",mold remediation woody,mold removal|black mold remediation|mold abatement|mold containment|mold cleanup,local_health,,,900,hero|og|inline-1|inline-2,service|local-business|faq|breadcrumb-list,/services/mold-remediation/|/service-areas/woody-ca/|/service-areas/woody-ca/fire-damage-restoration/|/service-areas/woody-ca/home-remodeling/|/service-areas/arvin-ca/mold-remediation/|/service-areas/bear-valley-springs-ca/mold-remediation/|/contact/,7.00,planned
/service-areas/woody-ca/roofing/,service-area-service,"Roofing Installation and Replacement in Woody, CA | ProRestoration Services",Roofing Installation and Replacement in Woody,"24/7 roofing installation and replacement in Woody, CA. IICRC-certified, insurance billing accepted. Call (661) 393-9306.",roofing installation and replacement woody,roofing contractor|roof replacement|new roof installation|residential roofing|roof repair,local_commercial,,,900,hero|og|inline-1|inline-2,service|local-business|faq|breadcrumb-list,/services/roofing/|/service-areas/woody-ca/|/service-areas/woody-ca/fire-damage-restoration/|/service-areas/woody-ca/home-remodeling/|/service-areas/arvin-ca/roofing/|/service-areas/bear-valley-springs-ca/roofing/|/contact/,7.00,planned
/service-areas/woody-ca/water-damage-restoration/,service-area-service,"Water Damage Restoration in Woody, CA | ProRestoration Services",Water Damage Restoration in Woody,"24/7 water damage restoration in Woody, CA. IICRC-certified, insurance billing accepted. Call (661) 393-9306.",water damage restoration woody,water removal|water extraction|water cleanup|structural drying|water mitigation,local_emergency,,,900,hero|og|inline-1|inline-2,service|local-business|faq|breadcrumb-list,/services/water-damage-restoration/|/service-areas/woody-ca/|/service-areas/woody-ca/fire-damage-restoration/|/service-areas/woody-ca/home-remodeling/|/service-areas/arvin-ca/water-damage-restoration/|/service-areas/bear-valley-springs-ca/water-damage-restoration/|/contact/,7.00,planned
/service-areas/arvin-ca/emergency-plumbing/,service-area-service,"Emergency Plumbing in Arvin, CA | ProRestoration Services",Emergency Plumbing in Arvin,"24/7 emergency plumbing in Arvin, CA. IICRC-certified, insurance billing accepted. Call (661) 393-9306.",emergency plumbing arvin,emergency plumber|24 hour plumber|burst pipe plumber|emergency plumbing repair|24/7 plumbing,local_emergency,,,900,hero|og|inline-1|inline-2,service|local-business|faq|breadcrumb-list,/services/emergency-plumbing/|/service-areas/arvin-ca/|/service-areas/arvin-ca/fire-damage-restoration/|/service-areas/arvin-ca/home-remodeling/|/service-areas/bear-valley-springs-ca/emergency-plumbing/|/service-areas/buttonwillow-ca/emergency-plumbing/|/contact/,6.30,planned
/service-areas/arvin-ca/flood-damage-restoration/,service-area-service,"Flood Damage Restoration in Arvin, CA | ProRestoration Services",Flood Damage Restoration in Arvin,"24/7 flood damage restoration in Arvin, CA. IICRC-certified, insurance billing accepted. Call (661) 393-9306.",flood damage restoration arvin,flood cleanup|flood restoration|post-flood restoration|residential flood damage|flood damage repair,local_emergency,,,900,hero|og|inline-1|inline-2,service|local-business|faq|breadcrumb-list,/services/flood-damage-restoration/|/service-areas/arvin-ca/|/service-areas/arvin-ca/fire-damage-restoration/|/service-areas/arvin-ca/home-remodeling/|/service-areas/bear-valley-springs-ca/flood-damage-restoration/|/service-areas/buttonwillow-ca/flood-damage-restoration/|/contact/,6.30,planned
/service-areas/arvin-ca/reconstruction/,service-area-service,"Reconstruction Services in Arvin, CA | ProRestoration Services",Reconstruction Services in Arvin,"24/7 reconstruction services in Arvin, CA. IICRC-certified, insurance billing accepted. Call (661) 393-9306.",reconstruction services arvin,post-damage reconstruction|rebuild services|structural reconstruction|post-disaster rebuilding|fire damage reconstruction,local_commercial,,,900,hero|og|inline-1|inline-2,service|local-business|faq|breadcrumb-list,/services/reconstruction/|/service-areas/arvin-ca/|/service-areas/arvin-ca/fire-damage-restoration/|/service-areas/arvin-ca/home-remodeling/|/service-areas/bear-valley-springs-ca/reconstruction/|/service-areas/buttonwillow-ca/reconstruction/|/contact/,6.30,planned
/service-areas/arvin-ca/sewage-cleanup/,service-area-service,"Sewage Cleanup and Sanitization in Arvin, CA | ProRestoration Services",Sewage Cleanup and Sanitization in Arvin,"24/7 sewage cleanup and sanitization in Arvin, CA. IICRC-certified, insurance billing accepted. Call (661) 393-9306.",sewage cleanup and sanitization arvin,sewage backup cleanup|raw sewage removal|septic overflow cleanup|sewer line backup|sanitization services,local_emergency,,,900,hero|og|inline-1|inline-2,service|local-business|faq|breadcrumb-list,/services/sewage-cleanup/|/service-areas/arvin-ca/|/service-areas/arvin-ca/fire-damage-restoration/|/service-areas/arvin-ca/home-remodeling/|/service-areas/bear-valley-springs-ca/sewage-cleanup/|/service-areas/buttonwillow-ca/sewage-cleanup/|/contact/,6.30,planned
/service-areas/arvin-ca/smoke-damage-restoration/,service-area-service,"Smoke Damage Restoration in Arvin, CA | ProRestoration Services",Smoke Damage Restoration in Arvin,"24/7 smoke damage restoration in Arvin, CA. IICRC-certified, insurance billing accepted. Call (661) 393-9306.",smoke damage restoration arvin,smoke residue cleanup|smoke damage repair|post-fire smoke cleanup|smoke damage restoration services|wildfire smoke cleanup,local_emergency,,,900,hero|og|inline-1|inline-2,service|local-business|faq|breadcrumb-list,/services/smoke-damage-restoration/|/service-areas/arvin-ca/|/service-areas/arvin-ca/fire-damage-restoration/|/service-areas/arvin-ca/home-remodeling/|/service-areas/bear-valley-springs-ca/smoke-damage-restoration/|/service-areas/buttonwillow-ca/smoke-damage-restoration/|/contact/,6.30,planned
/service-areas/arvin-ca/storm-damage-restoration/,service-area-service,"Storm Damage Restoration in Arvin, CA | ProRestoration Services",Storm Damage Restoration in Arvin,"24/7 storm damage restoration in Arvin, CA. IICRC-certified, insurance billing accepted. Call (661) 393-9306.",storm damage restoration arvin,hurricane damage cleanup|tornado damage cleanup|tree damage cleanup|storm cleanup services|severe weather damage repair,local_emergency,,,900,hero|og|inline-1|inline-2,service|local-business|faq|breadcrumb-list,/services/storm-damage-restoration/|/service-areas/arvin-ca/|/service-areas/arvin-ca/fire-damage-restoration/|/service-areas/arvin-ca/home-remodeling/|/service-areas/bear-valley-springs-ca/storm-damage-restoration/|/service-areas/buttonwillow-ca/storm-damage-restoration/|/contact/,6.30,planned
/service-areas/arvin-ca/water-cleanup/,service-area-service,"Emergency Water Cleanup in Arvin, CA | ProRestoration Services",Emergency Water Cleanup in Arvin,"24/7 emergency water cleanup in Arvin, CA. IICRC-certified, insurance billing accepted. Call (661) 393-9306.",emergency water cleanup arvin,water cleanup|water damage cleanup|water clean up|emergency water cleanup|flood water cleanup|standing water removal,local_emergency,,,900,hero|og|inline-1|inline-2,service|local-business|faq|breadcrumb-list,/services/water-cleanup/|/service-areas/arvin-ca/|/service-areas/arvin-ca/fire-damage-restoration/|/service-areas/arvin-ca/home-remodeling/|/service-areas/bear-valley-springs-ca/water-cleanup/|/service-areas/buttonwillow-ca/water-cleanup/|/contact/,6.30,planned
/service-areas/bear-valley-springs-ca/emergency-plumbing/,service-area-service,"Emergency Plumbing in Bear Valley Springs, CA | ProRestoration Services",Emergency Plumbing in Bear Valley Springs,"24/7 emergency plumbing in Bear Valley Springs, CA. IICRC-certified, insurance billing accepted. Call (661) 393-9306.",emergency plumbing bear valley springs,emergency plumber|24 hour plumber|burst pipe plumber|emergency plumbing repair|24/7 plumbing,local_emergency,,,900,hero|og|inline-1|inline-2,service|local-business|faq|breadcrumb-list,/services/emergency-plumbing/|/service-areas/bear-valley-springs-ca/|/service-areas/bear-valley-springs-ca/fire-damage-restoration/|/service-areas/bear-valley-springs-ca/home-remodeling/|/service-areas/arvin-ca/emergency-plumbing/|/service-areas/buttonwillow-ca/emergency-plumbing/|/contact/,6.30,planned
/service-areas/bear-valley-springs-ca/flood-damage-restoration/,service-area-service,"Flood Damage Restoration in Bear Valley Springs, CA | ProRestoration Services",Flood Damage Restoration in Bear Valley Springs,"24/7 flood damage restoration in Bear Valley Springs, CA. IICRC-certified, insurance billing accepted. Call (661) 393-9306.",flood damage restoration bear valley springs,flood cleanup|flood restoration|post-flood restoration|residential flood damage|flood damage repair,local_emergency,,,900,hero|og|inline-1|inline-2,service|local-business|faq|breadcrumb-list,/services/flood-damage-restoration/|/service-areas/bear-valley-springs-ca/|/service-areas/bear-valley-springs-ca/fire-damage-restoration/|/service-areas/bear-valley-springs-ca/home-remodeling/|/service-areas/arvin-ca/flood-damage-restoration/|/service-areas/buttonwillow-ca/flood-damage-restoration/|/contact/,6.30,planned
/service-areas/bear-valley-springs-ca/reconstruction/,service-area-service,"Reconstruction Services in Bear Valley Springs, CA | ProRestoration Services",Reconstruction Services in Bear Valley Springs,"24/7 reconstruction services in Bear Valley Springs, CA. IICRC-certified, insurance billing accepted. Call (661) 393-9306.",reconstruction services bear valley springs,post-damage reconstruction|rebuild services|structural reconstruction|post-disaster rebuilding|fire damage reconstruction,local_commercial,,,900,hero|og|inline-1|inline-2,service|local-business|faq|breadcrumb-list,/services/reconstruction/|/service-areas/bear-valley-springs-ca/|/service-areas/bear-valley-springs-ca/fire-damage-restoration/|/service-areas/bear-valley-springs-ca/home-remodeling/|/service-areas/arvin-ca/reconstruction/|/service-areas/buttonwillow-ca/reconstruction/|/contact/,6.30,planned
/service-areas/bear-valley-springs-ca/sewage-cleanup/,service-area-service,"Sewage Cleanup and Sanitization in Bear Valley Springs, CA | ProRestoration Services",Sewage Cleanup and Sanitization in Bear Valley Springs,"24/7 sewage cleanup and sanitization in Bear Valley Springs, CA. IICRC-certified, insurance billing accepted. Call (661) 393-9306.",sewage cleanup and sanitization bear valley springs,sewage backup cleanup|raw sewage removal|septic overflow cleanup|sewer line backup|sanitization services,local_emergency,,,900,hero|og|inline-1|inline-2,service|local-business|faq|breadcrumb-list,/services/sewage-cleanup/|/service-areas/bear-valley-springs-ca/|/service-areas/bear-valley-springs-ca/fire-damage-restoration/|/service-areas/bear-valley-springs-ca/home-remodeling/|/service-areas/arvin-ca/sewage-cleanup/|/service-areas/buttonwillow-ca/sewage-cleanup/|/contact/,6.30,planned
/service-areas/bear-valley-springs-ca/smoke-damage-restoration/,service-area-service,"Smoke Damage Restoration in Bear Valley Springs, CA | ProRestoration Services",Smoke Damage Restoration in Bear Valley Springs,"24/7 smoke damage restoration in Bear Valley Springs, CA. IICRC-certified, insurance billing accepted. Call (661) 393-9306.",smoke damage restoration bear valley springs,smoke residue cleanup|smoke damage repair|post-fire smoke cleanup|smoke damage restoration services|wildfire smoke cleanup,local_emergency,,,900,hero|og|inline-1|inline-2,service|local-business|faq|breadcrumb-list,/services/smoke-damage-restoration/|/service-areas/bear-valley-springs-ca/|/service-areas/bear-valley-springs-ca/fire-damage-restoration/|/service-areas/bear-valley-springs-ca/home-remodeling/|/service-areas/arvin-ca/smoke-damage-restoration/|/service-areas/buttonwillow-ca/smoke-damage-restoration/|/contact/,6.30,planned
/service-areas/bear-valley-springs-ca/storm-damage-restoration/,service-area-service,"Storm Damage Restoration in Bear Valley Springs, CA | ProRestoration Services",Storm Damage Restoration in Bear Valley Springs,"24/7 storm damage restoration in Bear Valley Springs, CA. IICRC-certified, insurance billing accepted. Call (661) 393-9306.",storm damage restoration bear valley springs,hurricane damage cleanup|tornado damage cleanup|tree damage cleanup|storm cleanup services|severe weather damage repair,local_emergency,,,900,hero|og|inline-1|inline-2,service|local-business|faq|breadcrumb-list,/services/storm-damage-restoration/|/service-areas/bear-valley-springs-ca/|/service-areas/bear-valley-springs-ca/fire-damage-restoration/|/service-areas/bear-valley-springs-ca/home-remodeling/|/service-areas/arvin-ca/storm-damage-restoration/|/service-areas/buttonwillow-ca/storm-damage-restoration/|/contact/,6.30,planned
/service-areas/bear-valley-springs-ca/water-cleanup/,service-area-service,"Emergency Water Cleanup in Bear Valley Springs, CA | ProRestoration Services",Emergency Water Cleanup in Bear Valley Springs,"24/7 emergency water cleanup in Bear Valley Springs, CA. IICRC-certified, insurance billing accepted. Call (661) 393-9306.",emergency water cleanup bear valley springs,water cleanup|water damage cleanup|water clean up|emergency water cleanup|flood water cleanup|standing water removal,local_emergency,,,900,hero|og|inline-1|inline-2,service|local-business|faq|breadcrumb-list,/services/water-cleanup/|/service-areas/bear-valley-springs-ca/|/service-areas/bear-valley-springs-ca/fire-damage-restoration/|/service-areas/bear-valley-springs-ca/home-remodeling/|/service-areas/arvin-ca/water-cleanup/|/service-areas/buttonwillow-ca/water-cleanup/|/contact/,6.30,planned
/service-areas/buttonwillow-ca/emergency-plumbing/,service-area-service,"Emergency Plumbing in Buttonwillow, CA | ProRestoration Services",Emergency Plumbing in Buttonwillow,"24/7 emergency plumbing in Buttonwillow, CA. IICRC-certified, insurance billing accepted. Call (661) 393-9306.",emergency plumbing buttonwillow,emergency plumber|24 hour plumber|burst pipe plumber|emergency plumbing repair|24/7 plumbing,local_emergency,,,900,hero|og|inline-1|inline-2,service|local-business|faq|breadcrumb-list,/services/emergency-plumbing/|/service-areas/buttonwillow-ca/|/service-areas/buttonwillow-ca/fire-damage-restoration/|/service-areas/buttonwillow-ca/home-remodeling/|/service-areas/arvin-ca/emergency-plumbing/|/service-areas/bear-valley-springs-ca/emergency-plumbing/|/contact/,6.30,planned
/service-areas/buttonwillow-ca/flood-damage-restoration/,service-area-service,"Flood Damage Restoration in Buttonwillow, CA | ProRestoration Services",Flood Damage Restoration in Buttonwillow,"24/7 flood damage restoration in Buttonwillow, CA. IICRC-certified, insurance billing accepted. Call (661) 393-9306.",flood damage restoration buttonwillow,flood cleanup|flood restoration|post-flood restoration|residential flood damage|flood damage repair,local_emergency,,,900,hero|og|inline-1|inline-2,service|local-business|faq|breadcrumb-list,/services/flood-damage-restoration/|/service-areas/buttonwillow-ca/|/service-areas/buttonwillow-ca/fire-damage-restoration/|/service-areas/buttonwillow-ca/home-remodeling/|/service-areas/arvin-ca/flood-damage-restoration/|/service-areas/bear-valley-springs-ca/flood-damage-restoration/|/contact/,6.30,planned
/service-areas/buttonwillow-ca/reconstruction/,service-area-service,"Reconstruction Services in Buttonwillow, CA | ProRestoration Services",Reconstruction Services in Buttonwillow,"24/7 reconstruction services in Buttonwillow, CA. IICRC-certified, insurance billing accepted. Call (661) 393-9306.",reconstruction services buttonwillow,post-damage reconstruction|rebuild services|structural reconstruction|post-disaster rebuilding|fire damage reconstruction,local_commercial,,,900,hero|og|inline-1|inline-2,service|local-business|faq|breadcrumb-list,/services/reconstruction/|/service-areas/buttonwillow-ca/|/service-areas/buttonwillow-ca/fire-damage-restoration/|/service-areas/buttonwillow-ca/home-remodeling/|/service-areas/arvin-ca/reconstruction/|/service-areas/bear-valley-springs-ca/reconstruction/|/contact/,6.30,planned
/service-areas/buttonwillow-ca/sewage-cleanup/,service-area-service,"Sewage Cleanup and Sanitization in Buttonwillow, CA | ProRestoration Services",Sewage Cleanup and Sanitization in Buttonwillow,"24/7 sewage cleanup and sanitization in Buttonwillow, CA. IICRC-certified, insurance billing accepted. Call (661) 393-9306.",sewage cleanup and sanitization buttonwillow,sewage backup cleanup|raw sewage removal|septic overflow cleanup|sewer line backup|sanitization services,local_emergency,,,900,hero|og|inline-1|inline-2,service|local-business|faq|breadcrumb-list,/services/sewage-cleanup/|/service-areas/buttonwillow-ca/|/service-areas/buttonwillow-ca/fire-damage-restoration/|/service-areas/buttonwillow-ca/home-remodeling/|/service-areas/arvin-ca/sewage-cleanup/|/service-areas/bear-valley-springs-ca/sewage-cleanup/|/contact/,6.30,planned
/service-areas/buttonwillow-ca/smoke-damage-restoration/,service-area-service,"Smoke Damage Restoration in Buttonwillow, CA | ProRestoration Services",Smoke Damage Restoration in Buttonwillow,"24/7 smoke damage restoration in Buttonwillow, CA. IICRC-certified, insurance billing accepted. Call (661) 393-9306.",smoke damage restoration buttonwillow,smoke residue cleanup|smoke damage repair|post-fire smoke cleanup|smoke damage restoration services|wildfire smoke cleanup,local_emergency,,,900,hero|og|inline-1|inline-2,service|local-business|faq|breadcrumb-list,/services/smoke-damage-restoration/|/service-areas/buttonwillow-ca/|/service-areas/buttonwillow-ca/fire-damage-restoration/|/service-areas/buttonwillow-ca/home-remodeling/|/service-areas/arvin-ca/smoke-damage-restoration/|/service-areas/bear-valley-springs-ca/smoke-damage-restoration/|/contact/,6.30,planned
/service-areas/buttonwillow-ca/storm-damage-restoration/,service-area-service,"Storm Damage Restoration in Buttonwillow, CA | ProRestoration Services",Storm Damage Restoration in Buttonwillow,"24/7 storm damage restoration in Buttonwillow, CA. IICRC-certified, insurance billing accepted. Call (661) 393-9306.",storm damage restoration buttonwillow,hurricane damage cleanup|tornado damage cleanup|tree damage cleanup|storm cleanup services|severe weather damage repair,local_emergency,,,900,hero|og|inline-1|inline-2,service|local-business|faq|breadcrumb-list,/services/storm-damage-restoration/|/service-areas/buttonwillow-ca/|/service-areas/buttonwillow-ca/fire-damage-restoration/|/service-areas/buttonwillow-ca/home-remodeling/|/service-areas/arvin-ca/storm-damage-restoration/|/service-areas/bear-valley-springs-ca/storm-damage-restoration/|/contact/,6.30,planned
/service-areas/buttonwillow-ca/water-cleanup/,service-area-service,"Emergency Water Cleanup in Buttonwillow, CA | ProRestoration Services",Emergency Water Cleanup in Buttonwillow,"24/7 emergency water cleanup in Buttonwillow, CA. IICRC-certified, insurance billing accepted. Call (661) 393-9306.",emergency water cleanup buttonwillow,water cleanup|water damage cleanup|water clean up|emergency water cleanup|flood water cleanup|standing water removal,local_emergency,,,900,hero|og|inline-1|inline-2,service|local-business|faq|breadcrumb-list,/services/water-cleanup/|/service-areas/buttonwillow-ca/|/service-areas/buttonwillow-ca/fire-damage-restoration/|/service-areas/buttonwillow-ca/home-remodeling/|/service-areas/arvin-ca/water-cleanup/|/service-areas/bear-valley-springs-ca/water-cleanup/|/contact/,6.30,planned
/service-areas/delano-ca/emergency-plumbing/,service-area-service,"Emergency Plumbing in Delano, CA | ProRestoration Services",Emergency Plumbing in Delano,"24/7 emergency plumbing in Delano, CA. IICRC-certified, insurance billing accepted. Call (661) 393-9306.",emergency plumbing delano,emergency plumber|24 hour plumber|burst pipe plumber|emergency plumbing repair|24/7 plumbing,local_emergency,,,900,hero|og|inline-1|inline-2,service|local-business|faq|breadcrumb-list,/services/emergency-plumbing/|/service-areas/delano-ca/|/service-areas/delano-ca/fire-damage-restoration/|/service-areas/delano-ca/home-remodeling/|/service-areas/arvin-ca/emergency-plumbing/|/service-areas/bear-valley-springs-ca/emergency-plumbing/|/contact/,6.30,planned
/service-areas/delano-ca/flood-damage-restoration/,service-area-service,"Flood Damage Restoration in Delano, CA | ProRestoration Services",Flood Damage Restoration in Delano,"24/7 flood damage restoration in Delano, CA. IICRC-certified, insurance billing accepted. Call (661) 393-9306.",flood damage restoration delano,flood cleanup|flood restoration|post-flood restoration|residential flood damage|flood damage repair,local_emergency,,,900,hero|og|inline-1|inline-2,service|local-business|faq|breadcrumb-list,/services/flood-damage-restoration/|/service-areas/delano-ca/|/service-areas/delano-ca/fire-damage-restoration/|/service-areas/delano-ca/home-remodeling/|/service-areas/arvin-ca/flood-damage-restoration/|/service-areas/bear-valley-springs-ca/flood-damage-restoration/|/contact/,6.30,planned
/service-areas/delano-ca/reconstruction/,service-area-service,"Reconstruction Services in Delano, CA | ProRestoration Services",Reconstruction Services in Delano,"24/7 reconstruction services in Delano, CA. IICRC-certified, insurance billing accepted. Call (661) 393-9306.",reconstruction services delano,post-damage reconstruction|rebuild services|structural reconstruction|post-disaster rebuilding|fire damage reconstruction,local_commercial,,,900,hero|og|inline-1|inline-2,service|local-business|faq|breadcrumb-list,/services/reconstruction/|/service-areas/delano-ca/|/service-areas/delano-ca/fire-damage-restoration/|/service-areas/delano-ca/home-remodeling/|/service-areas/arvin-ca/reconstruction/|/service-areas/bear-valley-springs-ca/reconstruction/|/contact/,6.30,planned
/service-areas/delano-ca/sewage-cleanup/,service-area-service,"Sewage Cleanup and Sanitization in Delano, CA | ProRestoration Services",Sewage Cleanup and Sanitization in Delano,"24/7 sewage cleanup and sanitization in Delano, CA. IICRC-certified, insurance billing accepted. Call (661) 393-9306.",sewage cleanup and sanitization delano,sewage backup cleanup|raw sewage removal|septic overflow cleanup|sewer line backup|sanitization services,local_emergency,,,900,hero|og|inline-1|inline-2,service|local-business|faq|breadcrumb-list,/services/sewage-cleanup/|/service-areas/delano-ca/|/service-areas/delano-ca/fire-damage-restoration/|/service-areas/delano-ca/home-remodeling/|/service-areas/arvin-ca/sewage-cleanup/|/service-areas/bear-valley-springs-ca/sewage-cleanup/|/contact/,6.30,planned
/service-areas/delano-ca/smoke-damage-restoration/,service-area-service,"Smoke Damage Restoration in Delano, CA | ProRestoration Services",Smoke Damage Restoration in Delano,"24/7 smoke damage restoration in Delano, CA. IICRC-certified, insurance billing accepted. Call (661) 393-9306.",smoke damage restoration delano,smoke residue cleanup|smoke damage repair|post-fire smoke cleanup|smoke damage restoration services|wildfire smoke cleanup,local_emergency,,,900,hero|og|inline-1|inline-2,service|local-business|faq|breadcrumb-list,/services/smoke-damage-restoration/|/service-areas/delano-ca/|/service-areas/delano-ca/fire-damage-restoration/|/service-areas/delano-ca/home-remodeling/|/service-areas/arvin-ca/smoke-damage-restoration/|/service-areas/bear-valley-springs-ca/smoke-damage-restoration/|/contact/,6.30,planned
/service-areas/delano-ca/storm-damage-restoration/,service-area-service,"Storm Damage Restoration in Delano, CA | ProRestoration Services",Storm Damage Restoration in Delano,"24/7 storm damage restoration in Delano, CA. IICRC-certified, insurance billing accepted. Call (661) 393-9306.",storm damage restoration delano,hurricane damage cleanup|tornado damage cleanup|tree damage cleanup|storm cleanup services|severe weather damage repair,local_emergency,,,900,hero|og|inline-1|inline-2,service|local-business|faq|breadcrumb-list,/services/storm-damage-restoration/|/service-areas/delano-ca/|/service-areas/delano-ca/fire-damage-restoration/|/service-areas/delano-ca/home-remodeling/|/service-areas/arvin-ca/storm-damage-restoration/|/service-areas/bear-valley-springs-ca/storm-damage-restoration/|/contact/,6.30,planned
/service-areas/delano-ca/water-cleanup/,service-area-service,"Emergency Water Cleanup in Delano, CA | ProRestoration Services",Emergency Water Cleanup in Delano,"24/7 emergency water cleanup in Delano, CA. IICRC-certified, insurance billing accepted. Call (661) 393-9306.",emergency water cleanup delano,water cleanup|water damage cleanup|water clean up|emergency water cleanup|flood water cleanup|standing water removal,local_emergency,,,900,hero|og|inline-1|inline-2,service|local-business|faq|breadcrumb-list,/services/water-cleanup/|/service-areas/delano-ca/|/service-areas/delano-ca/fire-damage-restoration/|/service-areas/delano-ca/home-remodeling/|/service-areas/arvin-ca/water-cleanup/|/service-areas/bear-valley-springs-ca/water-cleanup/|/contact/,6.30,planned
/service-areas/dustin-acres-ca/emergency-plumbing/,service-area-service,"Emergency Plumbing in Dustin Acres, CA | ProRestoration Services",Emergency Plumbing in Dustin Acres,"24/7 emergency plumbing in Dustin Acres, CA. IICRC-certified, insurance billing accepted. Call (661) 393-9306.",emergency plumbing dustin acres,emergency plumber|24 hour plumber|burst pipe plumber|emergency plumbing repair|24/7 plumbing,local_emergency,,,900,hero|og|inline-1|inline-2,service|local-business|faq|breadcrumb-list,/services/emergency-plumbing/|/service-areas/dustin-acres-ca/|/service-areas/dustin-acres-ca/fire-damage-restoration/|/service-areas/dustin-acres-ca/home-remodeling/|/service-areas/arvin-ca/emergency-plumbing/|/service-areas/bear-valley-springs-ca/emergency-plumbing/|/contact/,6.30,planned
/service-areas/dustin-acres-ca/flood-damage-restoration/,service-area-service,"Flood Damage Restoration in Dustin Acres, CA | ProRestoration Services",Flood Damage Restoration in Dustin Acres,"24/7 flood damage restoration in Dustin Acres, CA. IICRC-certified, insurance billing accepted. Call (661) 393-9306.",flood damage restoration dustin acres,flood cleanup|flood restoration|post-flood restoration|residential flood damage|flood damage repair,local_emergency,,,900,hero|og|inline-1|inline-2,service|local-business|faq|breadcrumb-list,/services/flood-damage-restoration/|/service-areas/dustin-acres-ca/|/service-areas/dustin-acres-ca/fire-damage-restoration/|/service-areas/dustin-acres-ca/home-remodeling/|/service-areas/arvin-ca/flood-damage-restoration/|/service-areas/bear-valley-springs-ca/flood-damage-restoration/|/contact/,6.30,planned
/service-areas/dustin-acres-ca/reconstruction/,service-area-service,"Reconstruction Services in Dustin Acres, CA | ProRestoration Services",Reconstruction Services in Dustin Acres,"24/7 reconstruction services in Dustin Acres, CA. IICRC-certified, insurance billing accepted. Call (661) 393-9306.",reconstruction services dustin acres,post-damage reconstruction|rebuild services|structural reconstruction|post-disaster rebuilding|fire damage reconstruction,local_commercial,,,900,hero|og|inline-1|inline-2,service|local-business|faq|breadcrumb-list,/services/reconstruction/|/service-areas/dustin-acres-ca/|/service-areas/dustin-acres-ca/fire-damage-restoration/|/service-areas/dustin-acres-ca/home-remodeling/|/service-areas/arvin-ca/reconstruction/|/service-areas/bear-valley-springs-ca/reconstruction/|/contact/,6.30,planned
/service-areas/dustin-acres-ca/sewage-cleanup/,service-area-service,"Sewage Cleanup and Sanitization in Dustin Acres, CA | ProRestoration Services",Sewage Cleanup and Sanitization in Dustin Acres,"24/7 sewage cleanup and sanitization in Dustin Acres, CA. IICRC-certified, insurance billing accepted. Call (661) 393-9306.",sewage cleanup and sanitization dustin acres,sewage backup cleanup|raw sewage removal|septic overflow cleanup|sewer line backup|sanitization services,local_emergency,,,900,hero|og|inline-1|inline-2,service|local-business|faq|breadcrumb-list,/services/sewage-cleanup/|/service-areas/dustin-acres-ca/|/service-areas/dustin-acres-ca/fire-damage-restoration/|/service-areas/dustin-acres-ca/home-remodeling/|/service-areas/arvin-ca/sewage-cleanup/|/service-areas/bear-valley-springs-ca/sewage-cleanup/|/contact/,6.30,planned
/service-areas/dustin-acres-ca/smoke-damage-restoration/,service-area-service,"Smoke Damage Restoration in Dustin Acres, CA | ProRestoration Services",Smoke Damage Restoration in Dustin Acres,"24/7 smoke damage restoration in Dustin Acres, CA. IICRC-certified, insurance billing accepted. Call (661) 393-9306.",smoke damage restoration dustin acres,smoke residue cleanup|smoke damage repair|post-fire smoke cleanup|smoke damage restoration services|wildfire smoke cleanup,local_emergency,,,900,hero|og|inline-1|inline-2,service|local-business|faq|breadcrumb-list,/services/smoke-damage-restoration/|/service-areas/dustin-acres-ca/|/service-areas/dustin-acres-ca/fire-damage-restoration/|/service-areas/dustin-acres-ca/home-remodeling/|/service-areas/arvin-ca/smoke-damage-restoration/|/service-areas/bear-valley-springs-ca/smoke-damage-restoration/|/contact/,6.30,planned
/service-areas/dustin-acres-ca/storm-damage-restoration/,service-area-service,"Storm Damage Restoration in Dustin Acres, CA | ProRestoration Services",Storm Damage Restoration in Dustin Acres,"24/7 storm damage restoration in Dustin Acres, CA. IICRC-certified, insurance billing accepted. Call (661) 393-9306.",storm damage restoration dustin acres,hurricane damage cleanup|tornado damage cleanup|tree damage cleanup|storm cleanup services|severe weather damage repair,local_emergency,,,900,hero|og|inline-1|inline-2,service|local-business|faq|breadcrumb-list,/services/storm-damage-restoration/|/service-areas/dustin-acres-ca/|/service-areas/dustin-acres-ca/fire-damage-restoration/|/service-areas/dustin-acres-ca/home-remodeling/|/service-areas/arvin-ca/storm-damage-restoration/|/service-areas/bear-valley-springs-ca/storm-damage-restoration/|/contact/,6.30,planned
/service-areas/dustin-acres-ca/water-cleanup/,service-area-service,"Emergency Water Cleanup in Dustin Acres, CA | ProRestoration Services",Emergency Water Cleanup in Dustin Acres,"24/7 emergency water cleanup in Dustin Acres, CA. IICRC-certified, insurance billing accepted. Call (661) 393-9306.",emergency water cleanup dustin acres,water cleanup|water damage cleanup|water clean up|emergency water cleanup|flood water cleanup|standing water removal,local_emergency,,,900,hero|og|inline-1|inline-2,service|local-business|faq|breadcrumb-list,/services/water-cleanup/|/service-areas/dustin-acres-ca/|/service-areas/dustin-acres-ca/fire-damage-restoration/|/service-areas/dustin-acres-ca/home-remodeling/|/service-areas/arvin-ca/water-cleanup/|/service-areas/bear-valley-springs-ca/water-cleanup/|/contact/,6.30,planned
/service-areas/east-niles-ca/emergency-plumbing/,service-area-service,"Emergency Plumbing in East Niles, CA | ProRestoration Services",Emergency Plumbing in East Niles,"24/7 emergency plumbing in East Niles, CA. IICRC-certified, insurance billing accepted. Call (661) 393-9306.",emergency plumbing east niles,emergency plumber|24 hour plumber|burst pipe plumber|emergency plumbing repair|24/7 plumbing,local_emergency,,,900,hero|og|inline-1|inline-2,service|local-business|faq|breadcrumb-list,/services/emergency-plumbing/|/service-areas/east-niles-ca/|/service-areas/east-niles-ca/fire-damage-restoration/|/service-areas/east-niles-ca/home-remodeling/|/service-areas/arvin-ca/emergency-plumbing/|/service-areas/bear-valley-springs-ca/emergency-plumbing/|/contact/,6.30,planned
/service-areas/east-niles-ca/flood-damage-restoration/,service-area-service,"Flood Damage Restoration in East Niles, CA | ProRestoration Services",Flood Damage Restoration in East Niles,"24/7 flood damage restoration in East Niles, CA. IICRC-certified, insurance billing accepted. Call (661) 393-9306.",flood damage restoration east niles,flood cleanup|flood restoration|post-flood restoration|residential flood damage|flood damage repair,local_emergency,,,900,hero|og|inline-1|inline-2,service|local-business|faq|breadcrumb-list,/services/flood-damage-restoration/|/service-areas/east-niles-ca/|/service-areas/east-niles-ca/fire-damage-restoration/|/service-areas/east-niles-ca/home-remodeling/|/service-areas/arvin-ca/flood-damage-restoration/|/service-areas/bear-valley-springs-ca/flood-damage-restoration/|/contact/,6.30,planned
/service-areas/east-niles-ca/reconstruction/,service-area-service,"Reconstruction Services in East Niles, CA | ProRestoration Services",Reconstruction Services in East Niles,"24/7 reconstruction services in East Niles, CA. IICRC-certified, insurance billing accepted. Call (661) 393-9306.",reconstruction services east niles,post-damage reconstruction|rebuild services|structural reconstruction|post-disaster rebuilding|fire damage reconstruction,local_commercial,,,900,hero|og|inline-1|inline-2,service|local-business|faq|breadcrumb-list,/services/reconstruction/|/service-areas/east-niles-ca/|/service-areas/east-niles-ca/fire-damage-restoration/|/service-areas/east-niles-ca/home-remodeling/|/service-areas/arvin-ca/reconstruction/|/service-areas/bear-valley-springs-ca/reconstruction/|/contact/,6.30,planned
/service-areas/east-niles-ca/sewage-cleanup/,service-area-service,"Sewage Cleanup and Sanitization in East Niles, CA | ProRestoration Services",Sewage Cleanup and Sanitization in East Niles,"24/7 sewage cleanup and sanitization in East Niles, CA. IICRC-certified, insurance billing accepted. Call (661) 393-9306.",sewage cleanup and sanitization east niles,sewage backup cleanup|raw sewage removal|septic overflow cleanup|sewer line backup|sanitization services,local_emergency,,,900,hero|og|inline-1|inline-2,service|local-business|faq|breadcrumb-list,/services/sewage-cleanup/|/service-areas/east-niles-ca/|/service-areas/east-niles-ca/fire-damage-restoration/|/service-areas/east-niles-ca/home-remodeling/|/service-areas/arvin-ca/sewage-cleanup/|/service-areas/bear-valley-springs-ca/sewage-cleanup/|/contact/,6.30,planned
/service-areas/east-niles-ca/smoke-damage-restoration/,service-area-service,"Smoke Damage Restoration in East Niles, CA | ProRestoration Services",Smoke Damage Restoration in East Niles,"24/7 smoke damage restoration in East Niles, CA. IICRC-certified, insurance billing accepted. Call (661) 393-9306.",smoke damage restoration east niles,smoke residue cleanup|smoke damage repair|post-fire smoke cleanup|smoke damage restoration services|wildfire smoke cleanup,local_emergency,,,900,hero|og|inline-1|inline-2,service|local-business|faq|breadcrumb-list,/services/smoke-damage-restoration/|/service-areas/east-niles-ca/|/service-areas/east-niles-ca/fire-damage-restoration/|/service-areas/east-niles-ca/home-remodeling/|/service-areas/arvin-ca/smoke-damage-restoration/|/service-areas/bear-valley-springs-ca/smoke-damage-restoration/|/contact/,6.30,planned
/service-areas/east-niles-ca/storm-damage-restoration/,service-area-service,"Storm Damage Restoration in East Niles, CA | ProRestoration Services",Storm Damage Restoration in East Niles,"24/7 storm damage restoration in East Niles, CA. IICRC-certified, insurance billing accepted. Call (661) 393-9306.",storm damage restoration east niles,hurricane damage cleanup|tornado damage cleanup|tree damage cleanup|storm cleanup services|severe weather damage repair,local_emergency,,,900,hero|og|inline-1|inline-2,service|local-business|faq|breadcrumb-list,/services/storm-damage-restoration/|/service-areas/east-niles-ca/|/service-areas/east-niles-ca/fire-damage-restoration/|/service-areas/east-niles-ca/home-remodeling/|/service-areas/arvin-ca/storm-damage-restoration/|/service-areas/bear-valley-springs-ca/storm-damage-restoration/|/contact/,6.30,planned
/service-areas/east-niles-ca/water-cleanup/,service-area-service,"Emergency Water Cleanup in East Niles, CA | ProRestoration Services",Emergency Water Cleanup in East Niles,"24/7 emergency water cleanup in East Niles, CA. IICRC-certified, insurance billing accepted. Call (661) 393-9306.",emergency water cleanup east niles,water cleanup|water damage cleanup|water clean up|emergency water cleanup|flood water cleanup|standing water removal,local_emergency,,,900,hero|og|inline-1|inline-2,service|local-business|faq|breadcrumb-list,/services/water-cleanup/|/service-areas/east-niles-ca/|/service-areas/east-niles-ca/fire-damage-restoration/|/service-areas/east-niles-ca/home-remodeling/|/service-areas/arvin-ca/water-cleanup/|/service-areas/bear-valley-springs-ca/water-cleanup/|/contact/,6.30,planned
/service-areas/keene-ca/emergency-plumbing/,service-area-service,"Emergency Plumbing in Keene, CA | ProRestoration Services",Emergency Plumbing in Keene,"24/7 emergency plumbing in Keene, CA. IICRC-certified, insurance billing accepted. Call (661) 393-9306.",emergency plumbing keene,emergency plumber|24 hour plumber|burst pipe plumber|emergency plumbing repair|24/7 plumbing,local_emergency,,,900,hero|og|inline-1|inline-2,service|local-business|faq|breadcrumb-list,/services/emergency-plumbing/|/service-areas/keene-ca/|/service-areas/keene-ca/fire-damage-restoration/|/service-areas/keene-ca/home-remodeling/|/service-areas/arvin-ca/emergency-plumbing/|/service-areas/bear-valley-springs-ca/emergency-plumbing/|/contact/,6.30,planned
/service-areas/keene-ca/flood-damage-restoration/,service-area-service,"Flood Damage Restoration in Keene, CA | ProRestoration Services",Flood Damage Restoration in Keene,"24/7 flood damage restoration in Keene, CA. IICRC-certified, insurance billing accepted. Call (661) 393-9306.",flood damage restoration keene,flood cleanup|flood restoration|post-flood restoration|residential flood damage|flood damage repair,local_emergency,,,900,hero|og|inline-1|inline-2,service|local-business|faq|breadcrumb-list,/services/flood-damage-restoration/|/service-areas/keene-ca/|/service-areas/keene-ca/fire-damage-restoration/|/service-areas/keene-ca/home-remodeling/|/service-areas/arvin-ca/flood-damage-restoration/|/service-areas/bear-valley-springs-ca/flood-damage-restoration/|/contact/,6.30,planned
/service-areas/keene-ca/reconstruction/,service-area-service,"Reconstruction Services in Keene, CA | ProRestoration Services",Reconstruction Services in Keene,"24/7 reconstruction services in Keene, CA. IICRC-certified, insurance billing accepted. Call (661) 393-9306.",reconstruction services keene,post-damage reconstruction|rebuild services|structural reconstruction|post-disaster rebuilding|fire damage reconstruction,local_commercial,,,900,hero|og|inline-1|inline-2,service|local-business|faq|breadcrumb-list,/services/reconstruction/|/service-areas/keene-ca/|/service-areas/keene-ca/fire-damage-restoration/|/service-areas/keene-ca/home-remodeling/|/service-areas/arvin-ca/reconstruction/|/service-areas/bear-valley-springs-ca/reconstruction/|/contact/,6.30,planned
/service-areas/keene-ca/sewage-cleanup/,service-area-service,"Sewage Cleanup and Sanitization in Keene, CA | ProRestoration Services",Sewage Cleanup and Sanitization in Keene,"24/7 sewage cleanup and sanitization in Keene, CA. IICRC-certified, insurance billing accepted. Call (661) 393-9306.",sewage cleanup and sanitization keene,sewage backup cleanup|raw sewage removal|septic overflow cleanup|sewer line backup|sanitization services,local_emergency,,,900,hero|og|inline-1|inline-2,service|local-business|faq|breadcrumb-list,/services/sewage-cleanup/|/service-areas/keene-ca/|/service-areas/keene-ca/fire-damage-restoration/|/service-areas/keene-ca/home-remodeling/|/service-areas/arvin-ca/sewage-cleanup/|/service-areas/bear-valley-springs-ca/sewage-cleanup/|/contact/,6.30,planned
/service-areas/keene-ca/smoke-damage-restoration/,service-area-service,"Smoke Damage Restoration in Keene, CA | ProRestoration Services",Smoke Damage Restoration in Keene,"24/7 smoke damage restoration in Keene, CA. IICRC-certified, insurance billing accepted. Call (661) 393-9306.",smoke damage restoration keene,smoke residue cleanup|smoke damage repair|post-fire smoke cleanup|smoke damage restoration services|wildfire smoke cleanup,local_emergency,,,900,hero|og|inline-1|inline-2,service|local-business|faq|breadcrumb-list,/services/smoke-damage-restoration/|/service-areas/keene-ca/|/service-areas/keene-ca/fire-damage-restoration/|/service-areas/keene-ca/home-remodeling/|/service-areas/arvin-ca/smoke-damage-restoration/|/service-areas/bear-valley-springs-ca/smoke-damage-restoration/|/contact/,6.30,planned
/service-areas/keene-ca/storm-damage-restoration/,service-area-service,"Storm Damage Restoration in Keene, CA | ProRestoration Services",Storm Damage Restoration in Keene,"24/7 storm damage restoration in Keene, CA. IICRC-certified, insurance billing accepted. Call (661) 393-9306.",storm damage restoration keene,hurricane damage cleanup|tornado damage cleanup|tree damage cleanup|storm cleanup services|severe weather damage repair,local_emergency,,,900,hero|og|inline-1|inline-2,service|local-business|faq|breadcrumb-list,/services/storm-damage-restoration/|/service-areas/keene-ca/|/service-areas/keene-ca/fire-damage-restoration/|/service-areas/keene-ca/home-remodeling/|/service-areas/arvin-ca/storm-damage-restoration/|/service-areas/bear-valley-springs-ca/storm-damage-restoration/|/contact/,6.30,planned
/service-areas/keene-ca/water-cleanup/,service-area-service,"Emergency Water Cleanup in Keene, CA | ProRestoration Services",Emergency Water Cleanup in Keene,"24/7 emergency water cleanup in Keene, CA. IICRC-certified, insurance billing accepted. Call (661) 393-9306.",emergency water cleanup keene,water cleanup|water damage cleanup|water clean up|emergency water cleanup|flood water cleanup|standing water removal,local_emergency,,,900,hero|og|inline-1|inline-2,service|local-business|faq|breadcrumb-list,/services/water-cleanup/|/service-areas/keene-ca/|/service-areas/keene-ca/fire-damage-restoration/|/service-areas/keene-ca/home-remodeling/|/service-areas/arvin-ca/water-cleanup/|/service-areas/bear-valley-springs-ca/water-cleanup/|/contact/,6.30,planned
/service-areas/lake-isabella-ca/emergency-plumbing/,service-area-service,"Emergency Plumbing in Lake Isabella, CA | ProRestoration Services",Emergency Plumbing in Lake Isabella,"24/7 emergency plumbing in Lake Isabella, CA. IICRC-certified, insurance billing accepted. Call (661) 393-9306.",emergency plumbing lake isabella,emergency plumber|24 hour plumber|burst pipe plumber|emergency plumbing repair|24/7 plumbing,local_emergency,,,900,hero|og|inline-1|inline-2,service|local-business|faq|breadcrumb-list,/services/emergency-plumbing/|/service-areas/lake-isabella-ca/|/service-areas/lake-isabella-ca/fire-damage-restoration/|/service-areas/lake-isabella-ca/home-remodeling/|/service-areas/arvin-ca/emergency-plumbing/|/service-areas/bear-valley-springs-ca/emergency-plumbing/|/contact/,6.30,planned
/service-areas/lake-isabella-ca/flood-damage-restoration/,service-area-service,"Flood Damage Restoration in Lake Isabella, CA | ProRestoration Services",Flood Damage Restoration in Lake Isabella,"24/7 flood damage restoration in Lake Isabella, CA. IICRC-certified, insurance billing accepted. Call (661) 393-9306.",flood damage restoration lake isabella,flood cleanup|flood restoration|post-flood restoration|residential flood damage|flood damage repair,local_emergency,,,900,hero|og|inline-1|inline-2,service|local-business|faq|breadcrumb-list,/services/flood-damage-restoration/|/service-areas/lake-isabella-ca/|/service-areas/lake-isabella-ca/fire-damage-restoration/|/service-areas/lake-isabella-ca/home-remodeling/|/service-areas/arvin-ca/flood-damage-restoration/|/service-areas/bear-valley-springs-ca/flood-damage-restoration/|/contact/,6.30,planned
/service-areas/lake-isabella-ca/reconstruction/,service-area-service,"Reconstruction Services in Lake Isabella, CA | ProRestoration Services",Reconstruction Services in Lake Isabella,"24/7 reconstruction services in Lake Isabella, CA. IICRC-certified, insurance billing accepted. Call (661) 393-9306.",reconstruction services lake isabella,post-damage reconstruction|rebuild services|structural reconstruction|post-disaster rebuilding|fire damage reconstruction,local_commercial,,,900,hero|og|inline-1|inline-2,service|local-business|faq|breadcrumb-list,/services/reconstruction/|/service-areas/lake-isabella-ca/|/service-areas/lake-isabella-ca/fire-damage-restoration/|/service-areas/lake-isabella-ca/home-remodeling/|/service-areas/arvin-ca/reconstruction/|/service-areas/bear-valley-springs-ca/reconstruction/|/contact/,6.30,planned
/service-areas/lake-isabella-ca/sewage-cleanup/,service-area-service,"Sewage Cleanup and Sanitization in Lake Isabella, CA | ProRestoration Services",Sewage Cleanup and Sanitization in Lake Isabella,"24/7 sewage cleanup and sanitization in Lake Isabella, CA. IICRC-certified, insurance billing accepted. Call (661) 393-9306.",sewage cleanup and sanitization lake isabella,sewage backup cleanup|raw sewage removal|septic overflow cleanup|sewer line backup|sanitization services,local_emergency,,,900,hero|og|inline-1|inline-2,service|local-business|faq|breadcrumb-list,/services/sewage-cleanup/|/service-areas/lake-isabella-ca/|/service-areas/lake-isabella-ca/fire-damage-restoration/|/service-areas/lake-isabella-ca/home-remodeling/|/service-areas/arvin-ca/sewage-cleanup/|/service-areas/bear-valley-springs-ca/sewage-cleanup/|/contact/,6.30,planned
/service-areas/lake-isabella-ca/smoke-damage-restoration/,service-area-service,"Smoke Damage Restoration in Lake Isabella, CA | ProRestoration Services",Smoke Damage Restoration in Lake Isabella,"24/7 smoke damage restoration in Lake Isabella, CA. IICRC-certified, insurance billing accepted. Call (661) 393-9306.",smoke damage restoration lake isabella,smoke residue cleanup|smoke damage repair|post-fire smoke cleanup|smoke damage restoration services|wildfire smoke cleanup,local_emergency,,,900,hero|og|inline-1|inline-2,service|local-business|faq|breadcrumb-list,/services/smoke-damage-restoration/|/service-areas/lake-isabella-ca/|/service-areas/lake-isabella-ca/fire-damage-restoration/|/service-areas/lake-isabella-ca/home-remodeling/|/service-areas/arvin-ca/smoke-damage-restoration/|/service-areas/bear-valley-springs-ca/smoke-damage-restoration/|/contact/,6.30,planned
/service-areas/lake-isabella-ca/storm-damage-restoration/,service-area-service,"Storm Damage Restoration in Lake Isabella, CA | ProRestoration Services",Storm Damage Restoration in Lake Isabella,"24/7 storm damage restoration in Lake Isabella, CA. IICRC-certified, insurance billing accepted. Call (661) 393-9306.",storm damage restoration lake isabella,hurricane damage cleanup|tornado damage cleanup|tree damage cleanup|storm cleanup services|severe weather damage repair,local_emergency,,,900,hero|og|inline-1|inline-2,service|local-business|faq|breadcrumb-list,/services/storm-damage-restoration/|/service-areas/lake-isabella-ca/|/service-areas/lake-isabella-ca/fire-damage-restoration/|/service-areas/lake-isabella-ca/home-remodeling/|/service-areas/arvin-ca/storm-damage-restoration/|/service-areas/bear-valley-springs-ca/storm-damage-restoration/|/contact/,6.30,planned
/service-areas/lake-isabella-ca/water-cleanup/,service-area-service,"Emergency Water Cleanup in Lake Isabella, CA | ProRestoration Services",Emergency Water Cleanup in Lake Isabella,"24/7 emergency water cleanup in Lake Isabella, CA. IICRC-certified, insurance billing accepted. Call (661) 393-9306.",emergency water cleanup lake isabella,water cleanup|water damage cleanup|water clean up|emergency water cleanup|flood water cleanup|standing water removal,local_emergency,,,900,hero|og|inline-1|inline-2,service|local-business|faq|breadcrumb-list,/services/water-cleanup/|/service-areas/lake-isabella-ca/|/service-areas/lake-isabella-ca/fire-damage-restoration/|/service-areas/lake-isabella-ca/home-remodeling/|/service-areas/arvin-ca/water-cleanup/|/service-areas/bear-valley-springs-ca/water-cleanup/|/contact/,6.30,planned
/service-areas/lamont-ca/emergency-plumbing/,service-area-service,"Emergency Plumbing in Lamont, CA | ProRestoration Services",Emergency Plumbing in Lamont,"24/7 emergency plumbing in Lamont, CA. IICRC-certified, insurance billing accepted. Call (661) 393-9306.",emergency plumbing lamont,emergency plumber|24 hour plumber|burst pipe plumber|emergency plumbing repair|24/7 plumbing,local_emergency,,,900,hero|og|inline-1|inline-2,service|local-business|faq|breadcrumb-list,/services/emergency-plumbing/|/service-areas/lamont-ca/|/service-areas/lamont-ca/fire-damage-restoration/|/service-areas/lamont-ca/home-remodeling/|/service-areas/arvin-ca/emergency-plumbing/|/service-areas/bear-valley-springs-ca/emergency-plumbing/|/contact/,6.30,planned
/service-areas/lamont-ca/flood-damage-restoration/,service-area-service,"Flood Damage Restoration in Lamont, CA | ProRestoration Services",Flood Damage Restoration in Lamont,"24/7 flood damage restoration in Lamont, CA. IICRC-certified, insurance billing accepted. Call (661) 393-9306.",flood damage restoration lamont,flood cleanup|flood restoration|post-flood restoration|residential flood damage|flood damage repair,local_emergency,,,900,hero|og|inline-1|inline-2,service|local-business|faq|breadcrumb-list,/services/flood-damage-restoration/|/service-areas/lamont-ca/|/service-areas/lamont-ca/fire-damage-restoration/|/service-areas/lamont-ca/home-remodeling/|/service-areas/arvin-ca/flood-damage-restoration/|/service-areas/bear-valley-springs-ca/flood-damage-restoration/|/contact/,6.30,planned
/service-areas/lamont-ca/reconstruction/,service-area-service,"Reconstruction Services in Lamont, CA | ProRestoration Services",Reconstruction Services in Lamont,"24/7 reconstruction services in Lamont, CA. IICRC-certified, insurance billing accepted. Call (661) 393-9306.",reconstruction services lamont,post-damage reconstruction|rebuild services|structural reconstruction|post-disaster rebuilding|fire damage reconstruction,local_commercial,,,900,hero|og|inline-1|inline-2,service|local-business|faq|breadcrumb-list,/services/reconstruction/|/service-areas/lamont-ca/|/service-areas/lamont-ca/fire-damage-restoration/|/service-areas/lamont-ca/home-remodeling/|/service-areas/arvin-ca/reconstruction/|/service-areas/bear-valley-springs-ca/reconstruction/|/contact/,6.30,planned
/service-areas/lamont-ca/sewage-cleanup/,service-area-service,"Sewage Cleanup and Sanitization in Lamont, CA | ProRestoration Services",Sewage Cleanup and Sanitization in Lamont,"24/7 sewage cleanup and sanitization in Lamont, CA. IICRC-certified, insurance billing accepted. Call (661) 393-9306.",sewage cleanup and sanitization lamont,sewage backup cleanup|raw sewage removal|septic overflow cleanup|sewer line backup|sanitization services,local_emergency,,,900,hero|og|inline-1|inline-2,service|local-business|faq|breadcrumb-list,/services/sewage-cleanup/|/service-areas/lamont-ca/|/service-areas/lamont-ca/fire-damage-restoration/|/service-areas/lamont-ca/home-remodeling/|/service-areas/arvin-ca/sewage-cleanup/|/service-areas/bear-valley-springs-ca/sewage-cleanup/|/contact/,6.30,planned
/service-areas/lamont-ca/smoke-damage-restoration/,service-area-service,"Smoke Damage Restoration in Lamont, CA | ProRestoration Services",Smoke Damage Restoration in Lamont,"24/7 smoke damage restoration in Lamont, CA. IICRC-certified, insurance billing accepted. Call (661) 393-9306.",smoke damage restoration lamont,smoke residue cleanup|smoke damage repair|post-fire smoke cleanup|smoke damage restoration services|wildfire smoke cleanup,local_emergency,,,900,hero|og|inline-1|inline-2,service|local-business|faq|breadcrumb-list,/services/smoke-damage-restoration/|/service-areas/lamont-ca/|/service-areas/lamont-ca/fire-damage-restoration/|/service-areas/lamont-ca/home-remodeling/|/service-areas/arvin-ca/smoke-damage-restoration/|/service-areas/bear-valley-springs-ca/smoke-damage-restoration/|/contact/,6.30,planned
/service-areas/lamont-ca/storm-damage-restoration/,service-area-service,"Storm Damage Restoration in Lamont, CA | ProRestoration Services",Storm Damage Restoration in Lamont,"24/7 storm damage restoration in Lamont, CA. IICRC-certified, insurance billing accepted. Call (661) 393-9306.",storm damage restoration lamont,hurricane damage cleanup|tornado damage cleanup|tree damage cleanup|storm cleanup services|severe weather damage repair,local_emergency,,,900,hero|og|inline-1|inline-2,service|local-business|faq|breadcrumb-list,/services/storm-damage-restoration/|/service-areas/lamont-ca/|/service-areas/lamont-ca/fire-damage-restoration/|/service-areas/lamont-ca/home-remodeling/|/service-areas/arvin-ca/storm-damage-restoration/|/service-areas/bear-valley-springs-ca/storm-damage-restoration/|/contact/,6.30,planned
/service-areas/lamont-ca/water-cleanup/,service-area-service,"Emergency Water Cleanup in Lamont, CA | ProRestoration Services",Emergency Water Cleanup in Lamont,"24/7 emergency water cleanup in Lamont, CA. IICRC-certified, insurance billing accepted. Call (661) 393-9306.",emergency water cleanup lamont,water cleanup|water damage cleanup|water clean up|emergency water cleanup|flood water cleanup|standing water removal,local_emergency,,,900,hero|og|inline-1|inline-2,service|local-business|faq|breadcrumb-list,/services/water-cleanup/|/service-areas/lamont-ca/|/service-areas/lamont-ca/fire-damage-restoration/|/service-areas/lamont-ca/home-remodeling/|/service-areas/arvin-ca/water-cleanup/|/service-areas/bear-valley-springs-ca/water-cleanup/|/contact/,6.30,planned
/service-areas/maricopa-ca/emergency-plumbing/,service-area-service,"Emergency Plumbing in Maricopa, CA | ProRestoration Services",Emergency Plumbing in Maricopa,"24/7 emergency plumbing in Maricopa, CA. IICRC-certified, insurance billing accepted. Call (661) 393-9306.",emergency plumbing maricopa,emergency plumber|24 hour plumber|burst pipe plumber|emergency plumbing repair|24/7 plumbing,local_emergency,,,900,hero|og|inline-1|inline-2,service|local-business|faq|breadcrumb-list,/services/emergency-plumbing/|/service-areas/maricopa-ca/|/service-areas/maricopa-ca/fire-damage-restoration/|/service-areas/maricopa-ca/home-remodeling/|/service-areas/arvin-ca/emergency-plumbing/|/service-areas/bear-valley-springs-ca/emergency-plumbing/|/contact/,6.30,planned
/service-areas/maricopa-ca/flood-damage-restoration/,service-area-service,"Flood Damage Restoration in Maricopa, CA | ProRestoration Services",Flood Damage Restoration in Maricopa,"24/7 flood damage restoration in Maricopa, CA. IICRC-certified, insurance billing accepted. Call (661) 393-9306.",flood damage restoration maricopa,flood cleanup|flood restoration|post-flood restoration|residential flood damage|flood damage repair,local_emergency,,,900,hero|og|inline-1|inline-2,service|local-business|faq|breadcrumb-list,/services/flood-damage-restoration/|/service-areas/maricopa-ca/|/service-areas/maricopa-ca/fire-damage-restoration/|/service-areas/maricopa-ca/home-remodeling/|/service-areas/arvin-ca/flood-damage-restoration/|/service-areas/bear-valley-springs-ca/flood-damage-restoration/|/contact/,6.30,planned
/service-areas/maricopa-ca/reconstruction/,service-area-service,"Reconstruction Services in Maricopa, CA | ProRestoration Services",Reconstruction Services in Maricopa,"24/7 reconstruction services in Maricopa, CA. IICRC-certified, insurance billing accepted. Call (661) 393-9306.",reconstruction services maricopa,post-damage reconstruction|rebuild services|structural reconstruction|post-disaster rebuilding|fire damage reconstruction,local_commercial,,,900,hero|og|inline-1|inline-2,service|local-business|faq|breadcrumb-list,/services/reconstruction/|/service-areas/maricopa-ca/|/service-areas/maricopa-ca/fire-damage-restoration/|/service-areas/maricopa-ca/home-remodeling/|/service-areas/arvin-ca/reconstruction/|/service-areas/bear-valley-springs-ca/reconstruction/|/contact/,6.30,planned
/service-areas/maricopa-ca/sewage-cleanup/,service-area-service,"Sewage Cleanup and Sanitization in Maricopa, CA | ProRestoration Services",Sewage Cleanup and Sanitization in Maricopa,"24/7 sewage cleanup and sanitization in Maricopa, CA. IICRC-certified, insurance billing accepted. Call (661) 393-9306.",sewage cleanup and sanitization maricopa,sewage backup cleanup|raw sewage removal|septic overflow cleanup|sewer line backup|sanitization services,local_emergency,,,900,hero|og|inline-1|inline-2,service|local-business|faq|breadcrumb-list,/services/sewage-cleanup/|/service-areas/maricopa-ca/|/service-areas/maricopa-ca/fire-damage-restoration/|/service-areas/maricopa-ca/home-remodeling/|/service-areas/arvin-ca/sewage-cleanup/|/service-areas/bear-valley-springs-ca/sewage-cleanup/|/contact/,6.30,planned
/service-areas/maricopa-ca/smoke-damage-restoration/,service-area-service,"Smoke Damage Restoration in Maricopa, CA | ProRestoration Services",Smoke Damage Restoration in Maricopa,"24/7 smoke damage restoration in Maricopa, CA. IICRC-certified, insurance billing accepted. Call (661) 393-9306.",smoke damage restoration maricopa,smoke residue cleanup|smoke damage repair|post-fire smoke cleanup|smoke damage restoration services|wildfire smoke cleanup,local_emergency,,,900,hero|og|inline-1|inline-2,service|local-business|faq|breadcrumb-list,/services/smoke-damage-restoration/|/service-areas/maricopa-ca/|/service-areas/maricopa-ca/fire-damage-restoration/|/service-areas/maricopa-ca/home-remodeling/|/service-areas/arvin-ca/smoke-damage-restoration/|/service-areas/bear-valley-springs-ca/smoke-damage-restoration/|/contact/,6.30,planned
/service-areas/maricopa-ca/storm-damage-restoration/,service-area-service,"Storm Damage Restoration in Maricopa, CA | ProRestoration Services",Storm Damage Restoration in Maricopa,"24/7 storm damage restoration in Maricopa, CA. IICRC-certified, insurance billing accepted. Call (661) 393-9306.",storm damage restoration maricopa,hurricane damage cleanup|tornado damage cleanup|tree damage cleanup|storm cleanup services|severe weather damage repair,local_emergency,,,900,hero|og|inline-1|inline-2,service|local-business|faq|breadcrumb-list,/services/storm-damage-restoration/|/service-areas/maricopa-ca/|/service-areas/maricopa-ca/fire-damage-restoration/|/service-areas/maricopa-ca/home-remodeling/|/service-areas/arvin-ca/storm-damage-restoration/|/service-areas/bear-valley-springs-ca/storm-damage-restoration/|/contact/,6.30,planned
/service-areas/maricopa-ca/water-cleanup/,service-area-service,"Emergency Water Cleanup in Maricopa, CA | ProRestoration Services",Emergency Water Cleanup in Maricopa,"24/7 emergency water cleanup in Maricopa, CA. IICRC-certified, insurance billing accepted. Call (661) 393-9306.",emergency water cleanup maricopa,water cleanup|water damage cleanup|water clean up|emergency water cleanup|flood water cleanup|standing water removal,local_emergency,,,900,hero|og|inline-1|inline-2,service|local-business|faq|breadcrumb-list,/services/water-cleanup/|/service-areas/maricopa-ca/|/service-areas/maricopa-ca/fire-damage-restoration/|/service-areas/maricopa-ca/home-remodeling/|/service-areas/arvin-ca/water-cleanup/|/service-areas/bear-valley-springs-ca/water-cleanup/|/contact/,6.30,planned
/service-areas/mcfarland-ca/emergency-plumbing/,service-area-service,"Emergency Plumbing in McFarland, CA | ProRestoration Services",Emergency Plumbing in McFarland,"24/7 emergency plumbing in McFarland, CA. IICRC-certified, insurance billing accepted. Call (661) 393-9306.",emergency plumbing mcfarland,emergency plumber|24 hour plumber|burst pipe plumber|emergency plumbing repair|24/7 plumbing,local_emergency,,,900,hero|og|inline-1|inline-2,service|local-business|faq|breadcrumb-list,/services/emergency-plumbing/|/service-areas/mcfarland-ca/|/service-areas/mcfarland-ca/fire-damage-restoration/|/service-areas/mcfarland-ca/home-remodeling/|/service-areas/arvin-ca/emergency-plumbing/|/service-areas/bear-valley-springs-ca/emergency-plumbing/|/contact/,6.30,planned
/service-areas/mcfarland-ca/flood-damage-restoration/,service-area-service,"Flood Damage Restoration in McFarland, CA | ProRestoration Services",Flood Damage Restoration in McFarland,"24/7 flood damage restoration in McFarland, CA. IICRC-certified, insurance billing accepted. Call (661) 393-9306.",flood damage restoration mcfarland,flood cleanup|flood restoration|post-flood restoration|residential flood damage|flood damage repair,local_emergency,,,900,hero|og|inline-1|inline-2,service|local-business|faq|breadcrumb-list,/services/flood-damage-restoration/|/service-areas/mcfarland-ca/|/service-areas/mcfarland-ca/fire-damage-restoration/|/service-areas/mcfarland-ca/home-remodeling/|/service-areas/arvin-ca/flood-damage-restoration/|/service-areas/bear-valley-springs-ca/flood-damage-restoration/|/contact/,6.30,planned
/service-areas/mcfarland-ca/reconstruction/,service-area-service,"Reconstruction Services in McFarland, CA | ProRestoration Services",Reconstruction Services in McFarland,"24/7 reconstruction services in McFarland, CA. IICRC-certified, insurance billing accepted. Call (661) 393-9306.",reconstruction services mcfarland,post-damage reconstruction|rebuild services|structural reconstruction|post-disaster rebuilding|fire damage reconstruction,local_commercial,,,900,hero|og|inline-1|inline-2,service|local-business|faq|breadcrumb-list,/services/reconstruction/|/service-areas/mcfarland-ca/|/service-areas/mcfarland-ca/fire-damage-restoration/|/service-areas/mcfarland-ca/home-remodeling/|/service-areas/arvin-ca/reconstruction/|/service-areas/bear-valley-springs-ca/reconstruction/|/contact/,6.30,planned
/service-areas/mcfarland-ca/sewage-cleanup/,service-area-service,"Sewage Cleanup and Sanitization in McFarland, CA | ProRestoration Services",Sewage Cleanup and Sanitization in McFarland,"24/7 sewage cleanup and sanitization in McFarland, CA. IICRC-certified, insurance billing accepted. Call (661) 393-9306.",sewage cleanup and sanitization mcfarland,sewage backup cleanup|raw sewage removal|septic overflow cleanup|sewer line backup|sanitization services,local_emergency,,,900,hero|og|inline-1|inline-2,service|local-business|faq|breadcrumb-list,/services/sewage-cleanup/|/service-areas/mcfarland-ca/|/service-areas/mcfarland-ca/fire-damage-restoration/|/service-areas/mcfarland-ca/home-remodeling/|/service-areas/arvin-ca/sewage-cleanup/|/service-areas/bear-valley-springs-ca/sewage-cleanup/|/contact/,6.30,planned
/service-areas/mcfarland-ca/smoke-damage-restoration/,service-area-service,"Smoke Damage Restoration in McFarland, CA | ProRestoration Services",Smoke Damage Restoration in McFarland,"24/7 smoke damage restoration in McFarland, CA. IICRC-certified, insurance billing accepted. Call (661) 393-9306.",smoke damage restoration mcfarland,smoke residue cleanup|smoke damage repair|post-fire smoke cleanup|smoke damage restoration services|wildfire smoke cleanup,local_emergency,,,900,hero|og|inline-1|inline-2,service|local-business|faq|breadcrumb-list,/services/smoke-damage-restoration/|/service-areas/mcfarland-ca/|/service-areas/mcfarland-ca/fire-damage-restoration/|/service-areas/mcfarland-ca/home-remodeling/|/service-areas/arvin-ca/smoke-damage-restoration/|/service-areas/bear-valley-springs-ca/smoke-damage-restoration/|/contact/,6.30,planned
/service-areas/mcfarland-ca/storm-damage-restoration/,service-area-service,"Storm Damage Restoration in McFarland, CA | ProRestoration Services",Storm Damage Restoration in McFarland,"24/7 storm damage restoration in McFarland, CA. IICRC-certified, insurance billing accepted. Call (661) 393-9306.",storm damage restoration mcfarland,hurricane damage cleanup|tornado damage cleanup|tree damage cleanup|storm cleanup services|severe weather damage repair,local_emergency,,,900,hero|og|inline-1|inline-2,service|local-business|faq|breadcrumb-list,/services/storm-damage-restoration/|/service-areas/mcfarland-ca/|/service-areas/mcfarland-ca/fire-damage-restoration/|/service-areas/mcfarland-ca/home-remodeling/|/service-areas/arvin-ca/storm-damage-restoration/|/service-areas/bear-valley-springs-ca/storm-damage-restoration/|/contact/,6.30,planned
/service-areas/mcfarland-ca/water-cleanup/,service-area-service,"Emergency Water Cleanup in McFarland, CA | ProRestoration Services",Emergency Water Cleanup in McFarland,"24/7 emergency water cleanup in McFarland, CA. IICRC-certified, insurance billing accepted. Call (661) 393-9306.",emergency water cleanup mcfarland,water cleanup|water damage cleanup|water clean up|emergency water cleanup|flood water cleanup|standing water removal,local_emergency,,,900,hero|og|inline-1|inline-2,service|local-business|faq|breadcrumb-list,/services/water-cleanup/|/service-areas/mcfarland-ca/|/service-areas/mcfarland-ca/fire-damage-restoration/|/service-areas/mcfarland-ca/home-remodeling/|/service-areas/arvin-ca/water-cleanup/|/service-areas/bear-valley-springs-ca/water-cleanup/|/contact/,6.30,planned
/service-areas/oildale-ca/emergency-plumbing/,service-area-service,"Emergency Plumbing in Oildale, CA | ProRestoration Services",Emergency Plumbing in Oildale,"24/7 emergency plumbing in Oildale, CA. IICRC-certified, insurance billing accepted. Call (661) 393-9306.",emergency plumbing oildale,emergency plumber|24 hour plumber|burst pipe plumber|emergency plumbing repair|24/7 plumbing,local_emergency,,,900,hero|og|inline-1|inline-2,service|local-business|faq|breadcrumb-list,/services/emergency-plumbing/|/service-areas/oildale-ca/|/service-areas/oildale-ca/fire-damage-restoration/|/service-areas/oildale-ca/home-remodeling/|/service-areas/arvin-ca/emergency-plumbing/|/service-areas/bear-valley-springs-ca/emergency-plumbing/|/contact/,6.30,planned
/service-areas/oildale-ca/flood-damage-restoration/,service-area-service,"Flood Damage Restoration in Oildale, CA | ProRestoration Services",Flood Damage Restoration in Oildale,"24/7 flood damage restoration in Oildale, CA. IICRC-certified, insurance billing accepted. Call (661) 393-9306.",flood damage restoration oildale,flood cleanup|flood restoration|post-flood restoration|residential flood damage|flood damage repair,local_emergency,,,900,hero|og|inline-1|inline-2,service|local-business|faq|breadcrumb-list,/services/flood-damage-restoration/|/service-areas/oildale-ca/|/service-areas/oildale-ca/fire-damage-restoration/|/service-areas/oildale-ca/home-remodeling/|/service-areas/arvin-ca/flood-damage-restoration/|/service-areas/bear-valley-springs-ca/flood-damage-restoration/|/contact/,6.30,planned
/service-areas/oildale-ca/reconstruction/,service-area-service,"Reconstruction Services in Oildale, CA | ProRestoration Services",Reconstruction Services in Oildale,"24/7 reconstruction services in Oildale, CA. IICRC-certified, insurance billing accepted. Call (661) 393-9306.",reconstruction services oildale,post-damage reconstruction|rebuild services|structural reconstruction|post-disaster rebuilding|fire damage reconstruction,local_commercial,,,900,hero|og|inline-1|inline-2,service|local-business|faq|breadcrumb-list,/services/reconstruction/|/service-areas/oildale-ca/|/service-areas/oildale-ca/fire-damage-restoration/|/service-areas/oildale-ca/home-remodeling/|/service-areas/arvin-ca/reconstruction/|/service-areas/bear-valley-springs-ca/reconstruction/|/contact/,6.30,planned
/service-areas/oildale-ca/sewage-cleanup/,service-area-service,"Sewage Cleanup and Sanitization in Oildale, CA | ProRestoration Services",Sewage Cleanup and Sanitization in Oildale,"24/7 sewage cleanup and sanitization in Oildale, CA. IICRC-certified, insurance billing accepted. Call (661) 393-9306.",sewage cleanup and sanitization oildale,sewage backup cleanup|raw sewage removal|septic overflow cleanup|sewer line backup|sanitization services,local_emergency,,,900,hero|og|inline-1|inline-2,service|local-business|faq|breadcrumb-list,/services/sewage-cleanup/|/service-areas/oildale-ca/|/service-areas/oildale-ca/fire-damage-restoration/|/service-areas/oildale-ca/home-remodeling/|/service-areas/arvin-ca/sewage-cleanup/|/service-areas/bear-valley-springs-ca/sewage-cleanup/|/contact/,6.30,planned
/service-areas/oildale-ca/smoke-damage-restoration/,service-area-service,"Smoke Damage Restoration in Oildale, CA | ProRestoration Services",Smoke Damage Restoration in Oildale,"24/7 smoke damage restoration in Oildale, CA. IICRC-certified, insurance billing accepted. Call (661) 393-9306.",smoke damage restoration oildale,smoke residue cleanup|smoke damage repair|post-fire smoke cleanup|smoke damage restoration services|wildfire smoke cleanup,local_emergency,,,900,hero|og|inline-1|inline-2,service|local-business|faq|breadcrumb-list,/services/smoke-damage-restoration/|/service-areas/oildale-ca/|/service-areas/oildale-ca/fire-damage-restoration/|/service-areas/oildale-ca/home-remodeling/|/service-areas/arvin-ca/smoke-damage-restoration/|/service-areas/bear-valley-springs-ca/smoke-damage-restoration/|/contact/,6.30,planned
/service-areas/oildale-ca/storm-damage-restoration/,service-area-service,"Storm Damage Restoration in Oildale, CA | ProRestoration Services",Storm Damage Restoration in Oildale,"24/7 storm damage restoration in Oildale, CA. IICRC-certified, insurance billing accepted. Call (661) 393-9306.",storm damage restoration oildale,hurricane damage cleanup|tornado damage cleanup|tree damage cleanup|storm cleanup services|severe weather damage repair,local_emergency,,,900,hero|og|inline-1|inline-2,service|local-business|faq|breadcrumb-list,/services/storm-damage-restoration/|/service-areas/oildale-ca/|/service-areas/oildale-ca/fire-damage-restoration/|/service-areas/oildale-ca/home-remodeling/|/service-areas/arvin-ca/storm-damage-restoration/|/service-areas/bear-valley-springs-ca/storm-damage-restoration/|/contact/,6.30,planned
/service-areas/oildale-ca/water-cleanup/,service-area-service,"Emergency Water Cleanup in Oildale, CA | ProRestoration Services",Emergency Water Cleanup in Oildale,"24/7 emergency water cleanup in Oildale, CA. IICRC-certified, insurance billing accepted. Call (661) 393-9306.",emergency water cleanup oildale,water cleanup|water damage cleanup|water clean up|emergency water cleanup|flood water cleanup|standing water removal,local_emergency,,,900,hero|og|inline-1|inline-2,service|local-business|faq|breadcrumb-list,/services/water-cleanup/|/service-areas/oildale-ca/|/service-areas/oildale-ca/fire-damage-restoration/|/service-areas/oildale-ca/home-remodeling/|/service-areas/arvin-ca/water-cleanup/|/service-areas/bear-valley-springs-ca/water-cleanup/|/contact/,6.30,planned
/service-areas/rosedale-ca/emergency-plumbing/,service-area-service,"Emergency Plumbing in Rosedale, CA | ProRestoration Services",Emergency Plumbing in Rosedale,"24/7 emergency plumbing in Rosedale, CA. IICRC-certified, insurance billing accepted. Call (661) 393-9306.",emergency plumbing rosedale,emergency plumber|24 hour plumber|burst pipe plumber|emergency plumbing repair|24/7 plumbing,local_emergency,,,900,hero|og|inline-1|inline-2,service|local-business|faq|breadcrumb-list,/services/emergency-plumbing/|/service-areas/rosedale-ca/|/service-areas/rosedale-ca/fire-damage-restoration/|/service-areas/rosedale-ca/home-remodeling/|/service-areas/arvin-ca/emergency-plumbing/|/service-areas/bear-valley-springs-ca/emergency-plumbing/|/contact/,6.30,planned
/service-areas/rosedale-ca/flood-damage-restoration/,service-area-service,"Flood Damage Restoration in Rosedale, CA | ProRestoration Services",Flood Damage Restoration in Rosedale,"24/7 flood damage restoration in Rosedale, CA. IICRC-certified, insurance billing accepted. Call (661) 393-9306.",flood damage restoration rosedale,flood cleanup|flood restoration|post-flood restoration|residential flood damage|flood damage repair,local_emergency,,,900,hero|og|inline-1|inline-2,service|local-business|faq|breadcrumb-list,/services/flood-damage-restoration/|/service-areas/rosedale-ca/|/service-areas/rosedale-ca/fire-damage-restoration/|/service-areas/rosedale-ca/home-remodeling/|/service-areas/arvin-ca/flood-damage-restoration/|/service-areas/bear-valley-springs-ca/flood-damage-restoration/|/contact/,6.30,planned
/service-areas/rosedale-ca/reconstruction/,service-area-service,"Reconstruction Services in Rosedale, CA | ProRestoration Services",Reconstruction Services in Rosedale,"24/7 reconstruction services in Rosedale, CA. IICRC-certified, insurance billing accepted. Call (661) 393-9306.",reconstruction services rosedale,post-damage reconstruction|rebuild services|structural reconstruction|post-disaster rebuilding|fire damage reconstruction,local_commercial,,,900,hero|og|inline-1|inline-2,service|local-business|faq|breadcrumb-list,/services/reconstruction/|/service-areas/rosedale-ca/|/service-areas/rosedale-ca/fire-damage-restoration/|/service-areas/rosedale-ca/home-remodeling/|/service-areas/arvin-ca/reconstruction/|/service-areas/bear-valley-springs-ca/reconstruction/|/contact/,6.30,planned
/service-areas/rosedale-ca/sewage-cleanup/,service-area-service,"Sewage Cleanup and Sanitization in Rosedale, CA | ProRestoration Services",Sewage Cleanup and Sanitization in Rosedale,"24/7 sewage cleanup and sanitization in Rosedale, CA. IICRC-certified, insurance billing accepted. Call (661) 393-9306.",sewage cleanup and sanitization rosedale,sewage backup cleanup|raw sewage removal|septic overflow cleanup|sewer line backup|sanitization services,local_emergency,,,900,hero|og|inline-1|inline-2,service|local-business|faq|breadcrumb-list,/services/sewage-cleanup/|/service-areas/rosedale-ca/|/service-areas/rosedale-ca/fire-damage-restoration/|/service-areas/rosedale-ca/home-remodeling/|/service-areas/arvin-ca/sewage-cleanup/|/service-areas/bear-valley-springs-ca/sewage-cleanup/|/contact/,6.30,planned
/service-areas/rosedale-ca/smoke-damage-restoration/,service-area-service,"Smoke Damage Restoration in Rosedale, CA | ProRestoration Services",Smoke Damage Restoration in Rosedale,"24/7 smoke damage restoration in Rosedale, CA. IICRC-certified, insurance billing accepted. Call (661) 393-9306.",smoke damage restoration rosedale,smoke residue cleanup|smoke damage repair|post-fire smoke cleanup|smoke damage restoration services|wildfire smoke cleanup,local_emergency,,,900,hero|og|inline-1|inline-2,service|local-business|faq|breadcrumb-list,/services/smoke-damage-restoration/|/service-areas/rosedale-ca/|/service-areas/rosedale-ca/fire-damage-restoration/|/service-areas/rosedale-ca/home-remodeling/|/service-areas/arvin-ca/smoke-damage-restoration/|/service-areas/bear-valley-springs-ca/smoke-damage-restoration/|/contact/,6.30,planned
/service-areas/rosedale-ca/storm-damage-restoration/,service-area-service,"Storm Damage Restoration in Rosedale, CA | ProRestoration Services",Storm Damage Restoration in Rosedale,"24/7 storm damage restoration in Rosedale, CA. IICRC-certified, insurance billing accepted. Call (661) 393-9306.",storm damage restoration rosedale,hurricane damage cleanup|tornado damage cleanup|tree damage cleanup|storm cleanup services|severe weather damage repair,local_emergency,,,900,hero|og|inline-1|inline-2,service|local-business|faq|breadcrumb-list,/services/storm-damage-restoration/|/service-areas/rosedale-ca/|/service-areas/rosedale-ca/fire-damage-restoration/|/service-areas/rosedale-ca/home-remodeling/|/service-areas/arvin-ca/storm-damage-restoration/|/service-areas/bear-valley-springs-ca/storm-damage-restoration/|/contact/,6.30,planned
/service-areas/rosedale-ca/water-cleanup/,service-area-service,"Emergency Water Cleanup in Rosedale, CA | ProRestoration Services",Emergency Water Cleanup in Rosedale,"24/7 emergency water cleanup in Rosedale, CA. IICRC-certified, insurance billing accepted. Call (661) 393-9306.",emergency water cleanup rosedale,water cleanup|water damage cleanup|water clean up|emergency water cleanup|flood water cleanup|standing water removal,local_emergency,,,900,hero|og|inline-1|inline-2,service|local-business|faq|breadcrumb-list,/services/water-cleanup/|/service-areas/rosedale-ca/|/service-areas/rosedale-ca/fire-damage-restoration/|/service-areas/rosedale-ca/home-remodeling/|/service-areas/arvin-ca/water-cleanup/|/service-areas/bear-valley-springs-ca/water-cleanup/|/contact/,6.30,planned
/service-areas/shafter-ca/emergency-plumbing/,service-area-service,"Emergency Plumbing in Shafter, CA | ProRestoration Services",Emergency Plumbing in Shafter,"24/7 emergency plumbing in Shafter, CA. IICRC-certified, insurance billing accepted. Call (661) 393-9306.",emergency plumbing shafter,emergency plumber|24 hour plumber|burst pipe plumber|emergency plumbing repair|24/7 plumbing,local_emergency,,,900,hero|og|inline-1|inline-2,service|local-business|faq|breadcrumb-list,/services/emergency-plumbing/|/service-areas/shafter-ca/|/service-areas/shafter-ca/fire-damage-restoration/|/service-areas/shafter-ca/home-remodeling/|/service-areas/arvin-ca/emergency-plumbing/|/service-areas/bear-valley-springs-ca/emergency-plumbing/|/contact/,6.30,planned
/service-areas/shafter-ca/flood-damage-restoration/,service-area-service,"Flood Damage Restoration in Shafter, CA | ProRestoration Services",Flood Damage Restoration in Shafter,"24/7 flood damage restoration in Shafter, CA. IICRC-certified, insurance billing accepted. Call (661) 393-9306.",flood damage restoration shafter,flood cleanup|flood restoration|post-flood restoration|residential flood damage|flood damage repair,local_emergency,,,900,hero|og|inline-1|inline-2,service|local-business|faq|breadcrumb-list,/services/flood-damage-restoration/|/service-areas/shafter-ca/|/service-areas/shafter-ca/fire-damage-restoration/|/service-areas/shafter-ca/home-remodeling/|/service-areas/arvin-ca/flood-damage-restoration/|/service-areas/bear-valley-springs-ca/flood-damage-restoration/|/contact/,6.30,planned
/service-areas/shafter-ca/reconstruction/,service-area-service,"Reconstruction Services in Shafter, CA | ProRestoration Services",Reconstruction Services in Shafter,"24/7 reconstruction services in Shafter, CA. IICRC-certified, insurance billing accepted. Call (661) 393-9306.",reconstruction services shafter,post-damage reconstruction|rebuild services|structural reconstruction|post-disaster rebuilding|fire damage reconstruction,local_commercial,,,900,hero|og|inline-1|inline-2,service|local-business|faq|breadcrumb-list,/services/reconstruction/|/service-areas/shafter-ca/|/service-areas/shafter-ca/fire-damage-restoration/|/service-areas/shafter-ca/home-remodeling/|/service-areas/arvin-ca/reconstruction/|/service-areas/bear-valley-springs-ca/reconstruction/|/contact/,6.30,planned
/service-areas/shafter-ca/sewage-cleanup/,service-area-service,"Sewage Cleanup and Sanitization in Shafter, CA | ProRestoration Services",Sewage Cleanup and Sanitization in Shafter,"24/7 sewage cleanup and sanitization in Shafter, CA. IICRC-certified, insurance billing accepted. Call (661) 393-9306.",sewage cleanup and sanitization shafter,sewage backup cleanup|raw sewage removal|septic overflow cleanup|sewer line backup|sanitization services,local_emergency,,,900,hero|og|inline-1|inline-2,service|local-business|faq|breadcrumb-list,/services/sewage-cleanup/|/service-areas/shafter-ca/|/service-areas/shafter-ca/fire-damage-restoration/|/service-areas/shafter-ca/home-remodeling/|/service-areas/arvin-ca/sewage-cleanup/|/service-areas/bear-valley-springs-ca/sewage-cleanup/|/contact/,6.30,planned
/service-areas/shafter-ca/smoke-damage-restoration/,service-area-service,"Smoke Damage Restoration in Shafter, CA | ProRestoration Services",Smoke Damage Restoration in Shafter,"24/7 smoke damage restoration in Shafter, CA. IICRC-certified, insurance billing accepted. Call (661) 393-9306.",smoke damage restoration shafter,smoke residue cleanup|smoke damage repair|post-fire smoke cleanup|smoke damage restoration services|wildfire smoke cleanup,local_emergency,,,900,hero|og|inline-1|inline-2,service|local-business|faq|breadcrumb-list,/services/smoke-damage-restoration/|/service-areas/shafter-ca/|/service-areas/shafter-ca/fire-damage-restoration/|/service-areas/shafter-ca/home-remodeling/|/service-areas/arvin-ca/smoke-damage-restoration/|/service-areas/bear-valley-springs-ca/smoke-damage-restoration/|/contact/,6.30,planned
/service-areas/shafter-ca/storm-damage-restoration/,service-area-service,"Storm Damage Restoration in Shafter, CA | ProRestoration Services",Storm Damage Restoration in Shafter,"24/7 storm damage restoration in Shafter, CA. IICRC-certified, insurance billing accepted. Call (661) 393-9306.",storm damage restoration shafter,hurricane damage cleanup|tornado damage cleanup|tree damage cleanup|storm cleanup services|severe weather damage repair,local_emergency,,,900,hero|og|inline-1|inline-2,service|local-business|faq|breadcrumb-list,/services/storm-damage-restoration/|/service-areas/shafter-ca/|/service-areas/shafter-ca/fire-damage-restoration/|/service-areas/shafter-ca/home-remodeling/|/service-areas/arvin-ca/storm-damage-restoration/|/service-areas/bear-valley-springs-ca/storm-damage-restoration/|/contact/,6.30,planned
/service-areas/shafter-ca/water-cleanup/,service-area-service,"Emergency Water Cleanup in Shafter, CA | ProRestoration Services",Emergency Water Cleanup in Shafter,"24/7 emergency water cleanup in Shafter, CA. IICRC-certified, insurance billing accepted. Call (661) 393-9306.",emergency water cleanup shafter,water cleanup|water damage cleanup|water clean up|emergency water cleanup|flood water cleanup|standing water removal,local_emergency,,,900,hero|og|inline-1|inline-2,service|local-business|faq|breadcrumb-list,/services/water-cleanup/|/service-areas/shafter-ca/|/service-areas/shafter-ca/fire-damage-restoration/|/service-areas/shafter-ca/home-remodeling/|/service-areas/arvin-ca/water-cleanup/|/service-areas/bear-valley-springs-ca/water-cleanup/|/contact/,6.30,planned
/service-areas/taft-ca/emergency-plumbing/,service-area-service,"Emergency Plumbing in Taft, CA | ProRestoration Services",Emergency Plumbing in Taft,"24/7 emergency plumbing in Taft, CA. IICRC-certified, insurance billing accepted. Call (661) 393-9306.",emergency plumbing taft,emergency plumber|24 hour plumber|burst pipe plumber|emergency plumbing repair|24/7 plumbing,local_emergency,,,900,hero|og|inline-1|inline-2,service|local-business|faq|breadcrumb-list,/services/emergency-plumbing/|/service-areas/taft-ca/|/service-areas/taft-ca/fire-damage-restoration/|/service-areas/taft-ca/home-remodeling/|/service-areas/arvin-ca/emergency-plumbing/|/service-areas/bear-valley-springs-ca/emergency-plumbing/|/contact/,6.30,planned
/service-areas/taft-ca/flood-damage-restoration/,service-area-service,"Flood Damage Restoration in Taft, CA | ProRestoration Services",Flood Damage Restoration in Taft,"24/7 flood damage restoration in Taft, CA. IICRC-certified, insurance billing accepted. Call (661) 393-9306.",flood damage restoration taft,flood cleanup|flood restoration|post-flood restoration|residential flood damage|flood damage repair,local_emergency,,,900,hero|og|inline-1|inline-2,service|local-business|faq|breadcrumb-list,/services/flood-damage-restoration/|/service-areas/taft-ca/|/service-areas/taft-ca/fire-damage-restoration/|/service-areas/taft-ca/home-remodeling/|/service-areas/arvin-ca/flood-damage-restoration/|/service-areas/bear-valley-springs-ca/flood-damage-restoration/|/contact/,6.30,planned
/service-areas/taft-ca/reconstruction/,service-area-service,"Reconstruction Services in Taft, CA | ProRestoration Services",Reconstruction Services in Taft,"24/7 reconstruction services in Taft, CA. IICRC-certified, insurance billing accepted. Call (661) 393-9306.",reconstruction services taft,post-damage reconstruction|rebuild services|structural reconstruction|post-disaster rebuilding|fire damage reconstruction,local_commercial,,,900,hero|og|inline-1|inline-2,service|local-business|faq|breadcrumb-list,/services/reconstruction/|/service-areas/taft-ca/|/service-areas/taft-ca/fire-damage-restoration/|/service-areas/taft-ca/home-remodeling/|/service-areas/arvin-ca/reconstruction/|/service-areas/bear-valley-springs-ca/reconstruction/|/contact/,6.30,planned
/service-areas/taft-ca/sewage-cleanup/,service-area-service,"Sewage Cleanup and Sanitization in Taft, CA | ProRestoration Services",Sewage Cleanup and Sanitization in Taft,"24/7 sewage cleanup and sanitization in Taft, CA. IICRC-certified, insurance billing accepted. Call (661) 393-9306.",sewage cleanup and sanitization taft,sewage backup cleanup|raw sewage removal|septic overflow cleanup|sewer line backup|sanitization services,local_emergency,,,900,hero|og|inline-1|inline-2,service|local-business|faq|breadcrumb-list,/services/sewage-cleanup/|/service-areas/taft-ca/|/service-areas/taft-ca/fire-damage-restoration/|/service-areas/taft-ca/home-remodeling/|/service-areas/arvin-ca/sewage-cleanup/|/service-areas/bear-valley-springs-ca/sewage-cleanup/|/contact/,6.30,planned
/service-areas/taft-ca/smoke-damage-restoration/,service-area-service,"Smoke Damage Restoration in Taft, CA | ProRestoration Services",Smoke Damage Restoration in Taft,"24/7 smoke damage restoration in Taft, CA. IICRC-certified, insurance billing accepted. Call (661) 393-9306.",smoke damage restoration taft,smoke residue cleanup|smoke damage repair|post-fire smoke cleanup|smoke damage restoration services|wildfire smoke cleanup,local_emergency,,,900,hero|og|inline-1|inline-2,service|local-business|faq|breadcrumb-list,/services/smoke-damage-restoration/|/service-areas/taft-ca/|/service-areas/taft-ca/fire-damage-restoration/|/service-areas/taft-ca/home-remodeling/|/service-areas/arvin-ca/smoke-damage-restoration/|/service-areas/bear-valley-springs-ca/smoke-damage-restoration/|/contact/,6.30,planned
/service-areas/taft-ca/storm-damage-restoration/,service-area-service,"Storm Damage Restoration in Taft, CA | ProRestoration Services",Storm Damage Restoration in Taft,"24/7 storm damage restoration in Taft, CA. IICRC-certified, insurance billing accepted. Call (661) 393-9306.",storm damage restoration taft,hurricane damage cleanup|tornado damage cleanup|tree damage cleanup|storm cleanup services|severe weather damage repair,local_emergency,,,900,hero|og|inline-1|inline-2,service|local-business|faq|breadcrumb-list,/services/storm-damage-restoration/|/service-areas/taft-ca/|/service-areas/taft-ca/fire-damage-restoration/|/service-areas/taft-ca/home-remodeling/|/service-areas/arvin-ca/storm-damage-restoration/|/service-areas/bear-valley-springs-ca/storm-damage-restoration/|/contact/,6.30,planned
/service-areas/taft-ca/water-cleanup/,service-area-service,"Emergency Water Cleanup in Taft, CA | ProRestoration Services",Emergency Water Cleanup in Taft,"24/7 emergency water cleanup in Taft, CA. IICRC-certified, insurance billing accepted. Call (661) 393-9306.",emergency water cleanup taft,water cleanup|water damage cleanup|water clean up|emergency water cleanup|flood water cleanup|standing water removal,local_emergency,,,900,hero|og|inline-1|inline-2,service|local-business|faq|breadcrumb-list,/services/water-cleanup/|/service-areas/taft-ca/|/service-areas/taft-ca/fire-damage-restoration/|/service-areas/taft-ca/home-remodeling/|/service-areas/arvin-ca/water-cleanup/|/service-areas/bear-valley-springs-ca/water-cleanup/|/contact/,6.30,planned
/service-areas/tarina-ca/emergency-plumbing/,service-area-service,"Emergency Plumbing in Tarina, CA | ProRestoration Services",Emergency Plumbing in Tarina,"24/7 emergency plumbing in Tarina, CA. IICRC-certified, insurance billing accepted. Call (661) 393-9306.",emergency plumbing tarina,emergency plumber|24 hour plumber|burst pipe plumber|emergency plumbing repair|24/7 plumbing,local_emergency,,,900,hero|og|inline-1|inline-2,service|local-business|faq|breadcrumb-list,/services/emergency-plumbing/|/service-areas/tarina-ca/|/service-areas/tarina-ca/fire-damage-restoration/|/service-areas/tarina-ca/home-remodeling/|/service-areas/arvin-ca/emergency-plumbing/|/service-areas/bear-valley-springs-ca/emergency-plumbing/|/contact/,6.30,planned
/service-areas/tarina-ca/flood-damage-restoration/,service-area-service,"Flood Damage Restoration in Tarina, CA | ProRestoration Services",Flood Damage Restoration in Tarina,"24/7 flood damage restoration in Tarina, CA. IICRC-certified, insurance billing accepted. Call (661) 393-9306.",flood damage restoration tarina,flood cleanup|flood restoration|post-flood restoration|residential flood damage|flood damage repair,local_emergency,,,900,hero|og|inline-1|inline-2,service|local-business|faq|breadcrumb-list,/services/flood-damage-restoration/|/service-areas/tarina-ca/|/service-areas/tarina-ca/fire-damage-restoration/|/service-areas/tarina-ca/home-remodeling/|/service-areas/arvin-ca/flood-damage-restoration/|/service-areas/bear-valley-springs-ca/flood-damage-restoration/|/contact/,6.30,planned
/service-areas/tarina-ca/reconstruction/,service-area-service,"Reconstruction Services in Tarina, CA | ProRestoration Services",Reconstruction Services in Tarina,"24/7 reconstruction services in Tarina, CA. IICRC-certified, insurance billing accepted. Call (661) 393-9306.",reconstruction services tarina,post-damage reconstruction|rebuild services|structural reconstruction|post-disaster rebuilding|fire damage reconstruction,local_commercial,,,900,hero|og|inline-1|inline-2,service|local-business|faq|breadcrumb-list,/services/reconstruction/|/service-areas/tarina-ca/|/service-areas/tarina-ca/fire-damage-restoration/|/service-areas/tarina-ca/home-remodeling/|/service-areas/arvin-ca/reconstruction/|/service-areas/bear-valley-springs-ca/reconstruction/|/contact/,6.30,planned
/service-areas/tarina-ca/sewage-cleanup/,service-area-service,"Sewage Cleanup and Sanitization in Tarina, CA | ProRestoration Services",Sewage Cleanup and Sanitization in Tarina,"24/7 sewage cleanup and sanitization in Tarina, CA. IICRC-certified, insurance billing accepted. Call (661) 393-9306.",sewage cleanup and sanitization tarina,sewage backup cleanup|raw sewage removal|septic overflow cleanup|sewer line backup|sanitization services,local_emergency,,,900,hero|og|inline-1|inline-2,service|local-business|faq|breadcrumb-list,/services/sewage-cleanup/|/service-areas/tarina-ca/|/service-areas/tarina-ca/fire-damage-restoration/|/service-areas/tarina-ca/home-remodeling/|/service-areas/arvin-ca/sewage-cleanup/|/service-areas/bear-valley-springs-ca/sewage-cleanup/|/contact/,6.30,planned
/service-areas/tarina-ca/smoke-damage-restoration/,service-area-service,"Smoke Damage Restoration in Tarina, CA | ProRestoration Services",Smoke Damage Restoration in Tarina,"24/7 smoke damage restoration in Tarina, CA. IICRC-certified, insurance billing accepted. Call (661) 393-9306.",smoke damage restoration tarina,smoke residue cleanup|smoke damage repair|post-fire smoke cleanup|smoke damage restoration services|wildfire smoke cleanup,local_emergency,,,900,hero|og|inline-1|inline-2,service|local-business|faq|breadcrumb-list,/services/smoke-damage-restoration/|/service-areas/tarina-ca/|/service-areas/tarina-ca/fire-damage-restoration/|/service-areas/tarina-ca/home-remodeling/|/service-areas/arvin-ca/smoke-damage-restoration/|/service-areas/bear-valley-springs-ca/smoke-damage-restoration/|/contact/,6.30,planned
/service-areas/tarina-ca/storm-damage-restoration/,service-area-service,"Storm Damage Restoration in Tarina, CA | ProRestoration Services",Storm Damage Restoration in Tarina,"24/7 storm damage restoration in Tarina, CA. IICRC-certified, insurance billing accepted. Call (661) 393-9306.",storm damage restoration tarina,hurricane damage cleanup|tornado damage cleanup|tree damage cleanup|storm cleanup services|severe weather damage repair,local_emergency,,,900,hero|og|inline-1|inline-2,service|local-business|faq|breadcrumb-list,/services/storm-damage-restoration/|/service-areas/tarina-ca/|/service-areas/tarina-ca/fire-damage-restoration/|/service-areas/tarina-ca/home-remodeling/|/service-areas/arvin-ca/storm-damage-restoration/|/service-areas/bear-valley-springs-ca/storm-damage-restoration/|/contact/,6.30,planned
/service-areas/tarina-ca/water-cleanup/,service-area-service,"Emergency Water Cleanup in Tarina, CA | ProRestoration Services",Emergency Water Cleanup in Tarina,"24/7 emergency water cleanup in Tarina, CA. IICRC-certified, insurance billing accepted. Call (661) 393-9306.",emergency water cleanup tarina,water cleanup|water damage cleanup|water clean up|emergency water cleanup|flood water cleanup|standing water removal,local_emergency,,,900,hero|og|inline-1|inline-2,service|local-business|faq|breadcrumb-list,/services/water-cleanup/|/service-areas/tarina-ca/|/service-areas/tarina-ca/fire-damage-restoration/|/service-areas/tarina-ca/home-remodeling/|/service-areas/arvin-ca/water-cleanup/|/service-areas/bear-valley-springs-ca/water-cleanup/|/contact/,6.30,planned
/service-areas/tehachapi-ca/emergency-plumbing/,service-area-service,"Emergency Plumbing in Tehachapi, CA | ProRestoration Services",Emergency Plumbing in Tehachapi,"24/7 emergency plumbing in Tehachapi, CA. IICRC-certified, insurance billing accepted. Call (661) 393-9306.",emergency plumbing tehachapi,emergency plumber|24 hour plumber|burst pipe plumber|emergency plumbing repair|24/7 plumbing,local_emergency,,,900,hero|og|inline-1|inline-2,service|local-business|faq|breadcrumb-list,/services/emergency-plumbing/|/service-areas/tehachapi-ca/|/service-areas/tehachapi-ca/fire-damage-restoration/|/service-areas/tehachapi-ca/home-remodeling/|/service-areas/arvin-ca/emergency-plumbing/|/service-areas/bear-valley-springs-ca/emergency-plumbing/|/contact/,6.30,planned
/service-areas/tehachapi-ca/flood-damage-restoration/,service-area-service,"Flood Damage Restoration in Tehachapi, CA | ProRestoration Services",Flood Damage Restoration in Tehachapi,"24/7 flood damage restoration in Tehachapi, CA. IICRC-certified, insurance billing accepted. Call (661) 393-9306.",flood damage restoration tehachapi,flood cleanup|flood restoration|post-flood restoration|residential flood damage|flood damage repair,local_emergency,,,900,hero|og|inline-1|inline-2,service|local-business|faq|breadcrumb-list,/services/flood-damage-restoration/|/service-areas/tehachapi-ca/|/service-areas/tehachapi-ca/fire-damage-restoration/|/service-areas/tehachapi-ca/home-remodeling/|/service-areas/arvin-ca/flood-damage-restoration/|/service-areas/bear-valley-springs-ca/flood-damage-restoration/|/contact/,6.30,planned
/service-areas/tehachapi-ca/reconstruction/,service-area-service,"Reconstruction Services in Tehachapi, CA | ProRestoration Services",Reconstruction Services in Tehachapi,"24/7 reconstruction services in Tehachapi, CA. IICRC-certified, insurance billing accepted. Call (661) 393-9306.",reconstruction services tehachapi,post-damage reconstruction|rebuild services|structural reconstruction|post-disaster rebuilding|fire damage reconstruction,local_commercial,,,900,hero|og|inline-1|inline-2,service|local-business|faq|breadcrumb-list,/services/reconstruction/|/service-areas/tehachapi-ca/|/service-areas/tehachapi-ca/fire-damage-restoration/|/service-areas/tehachapi-ca/home-remodeling/|/service-areas/arvin-ca/reconstruction/|/service-areas/bear-valley-springs-ca/reconstruction/|/contact/,6.30,planned
/service-areas/tehachapi-ca/sewage-cleanup/,service-area-service,"Sewage Cleanup and Sanitization in Tehachapi, CA | ProRestoration Services",Sewage Cleanup and Sanitization in Tehachapi,"24/7 sewage cleanup and sanitization in Tehachapi, CA. IICRC-certified, insurance billing accepted. Call (661) 393-9306.",sewage cleanup and sanitization tehachapi,sewage backup cleanup|raw sewage removal|septic overflow cleanup|sewer line backup|sanitization services,local_emergency,,,900,hero|og|inline-1|inline-2,service|local-business|faq|breadcrumb-list,/services/sewage-cleanup/|/service-areas/tehachapi-ca/|/service-areas/tehachapi-ca/fire-damage-restoration/|/service-areas/tehachapi-ca/home-remodeling/|/service-areas/arvin-ca/sewage-cleanup/|/service-areas/bear-valley-springs-ca/sewage-cleanup/|/contact/,6.30,planned
/service-areas/tehachapi-ca/smoke-damage-restoration/,service-area-service,"Smoke Damage Restoration in Tehachapi, CA | ProRestoration Services",Smoke Damage Restoration in Tehachapi,"24/7 smoke damage restoration in Tehachapi, CA. IICRC-certified, insurance billing accepted. Call (661) 393-9306.",smoke damage restoration tehachapi,smoke residue cleanup|smoke damage repair|post-fire smoke cleanup|smoke damage restoration services|wildfire smoke cleanup,local_emergency,,,900,hero|og|inline-1|inline-2,service|local-business|faq|breadcrumb-list,/services/smoke-damage-restoration/|/service-areas/tehachapi-ca/|/service-areas/tehachapi-ca/fire-damage-restoration/|/service-areas/tehachapi-ca/home-remodeling/|/service-areas/arvin-ca/smoke-damage-restoration/|/service-areas/bear-valley-springs-ca/smoke-damage-restoration/|/contact/,6.30,planned
/service-areas/tehachapi-ca/storm-damage-restoration/,service-area-service,"Storm Damage Restoration in Tehachapi, CA | ProRestoration Services",Storm Damage Restoration in Tehachapi,"24/7 storm damage restoration in Tehachapi, CA. IICRC-certified, insurance billing accepted. Call (661) 393-9306.",storm damage restoration tehachapi,hurricane damage cleanup|tornado damage cleanup|tree damage cleanup|storm cleanup services|severe weather damage repair,local_emergency,,,900,hero|og|inline-1|inline-2,service|local-business|faq|breadcrumb-list,/services/storm-damage-restoration/|/service-areas/tehachapi-ca/|/service-areas/tehachapi-ca/fire-damage-restoration/|/service-areas/tehachapi-ca/home-remodeling/|/service-areas/arvin-ca/storm-damage-restoration/|/service-areas/bear-valley-springs-ca/storm-damage-restoration/|/contact/,6.30,planned
/service-areas/tehachapi-ca/water-cleanup/,service-area-service,"Emergency Water Cleanup in Tehachapi, CA | ProRestoration Services",Emergency Water Cleanup in Tehachapi,"24/7 emergency water cleanup in Tehachapi, CA. IICRC-certified, insurance billing accepted. Call (661) 393-9306.",emergency water cleanup tehachapi,water cleanup|water damage cleanup|water clean up|emergency water cleanup|flood water cleanup|standing water removal,local_emergency,,,900,hero|og|inline-1|inline-2,service|local-business|faq|breadcrumb-list,/services/water-cleanup/|/service-areas/tehachapi-ca/|/service-areas/tehachapi-ca/fire-damage-restoration/|/service-areas/tehachapi-ca/home-remodeling/|/service-areas/arvin-ca/water-cleanup/|/service-areas/bear-valley-springs-ca/water-cleanup/|/contact/,6.30,planned
/service-areas/valley-acres-ca/emergency-plumbing/,service-area-service,"Emergency Plumbing in Valley Acres, CA | ProRestoration Services",Emergency Plumbing in Valley Acres,"24/7 emergency plumbing in Valley Acres, CA. IICRC-certified, insurance billing accepted. Call (661) 393-9306.",emergency plumbing valley acres,emergency plumber|24 hour plumber|burst pipe plumber|emergency plumbing repair|24/7 plumbing,local_emergency,,,900,hero|og|inline-1|inline-2,service|local-business|faq|breadcrumb-list,/services/emergency-plumbing/|/service-areas/valley-acres-ca/|/service-areas/valley-acres-ca/fire-damage-restoration/|/service-areas/valley-acres-ca/home-remodeling/|/service-areas/arvin-ca/emergency-plumbing/|/service-areas/bear-valley-springs-ca/emergency-plumbing/|/contact/,6.30,planned
/service-areas/valley-acres-ca/flood-damage-restoration/,service-area-service,"Flood Damage Restoration in Valley Acres, CA | ProRestoration Services",Flood Damage Restoration in Valley Acres,"24/7 flood damage restoration in Valley Acres, CA. IICRC-certified, insurance billing accepted. Call (661) 393-9306.",flood damage restoration valley acres,flood cleanup|flood restoration|post-flood restoration|residential flood damage|flood damage repair,local_emergency,,,900,hero|og|inline-1|inline-2,service|local-business|faq|breadcrumb-list,/services/flood-damage-restoration/|/service-areas/valley-acres-ca/|/service-areas/valley-acres-ca/fire-damage-restoration/|/service-areas/valley-acres-ca/home-remodeling/|/service-areas/arvin-ca/flood-damage-restoration/|/service-areas/bear-valley-springs-ca/flood-damage-restoration/|/contact/,6.30,planned
/service-areas/valley-acres-ca/reconstruction/,service-area-service,"Reconstruction Services in Valley Acres, CA | ProRestoration Services",Reconstruction Services in Valley Acres,"24/7 reconstruction services in Valley Acres, CA. IICRC-certified, insurance billing accepted. Call (661) 393-9306.",reconstruction services valley acres,post-damage reconstruction|rebuild services|structural reconstruction|post-disaster rebuilding|fire damage reconstruction,local_commercial,,,900,hero|og|inline-1|inline-2,service|local-business|faq|breadcrumb-list,/services/reconstruction/|/service-areas/valley-acres-ca/|/service-areas/valley-acres-ca/fire-damage-restoration/|/service-areas/valley-acres-ca/home-remodeling/|/service-areas/arvin-ca/reconstruction/|/service-areas/bear-valley-springs-ca/reconstruction/|/contact/,6.30,planned
/service-areas/valley-acres-ca/sewage-cleanup/,service-area-service,"Sewage Cleanup and Sanitization in Valley Acres, CA | ProRestoration Services",Sewage Cleanup and Sanitization in Valley Acres,"24/7 sewage cleanup and sanitization in Valley Acres, CA. IICRC-certified, insurance billing accepted. Call (661) 393-9306.",sewage cleanup and sanitization valley acres,sewage backup cleanup|raw sewage removal|septic overflow cleanup|sewer line backup|sanitization services,local_emergency,,,900,hero|og|inline-1|inline-2,service|local-business|faq|breadcrumb-list,/services/sewage-cleanup/|/service-areas/valley-acres-ca/|/service-areas/valley-acres-ca/fire-damage-restoration/|/service-areas/valley-acres-ca/home-remodeling/|/service-areas/arvin-ca/sewage-cleanup/|/service-areas/bear-valley-springs-ca/sewage-cleanup/|/contact/,6.30,planned
/service-areas/valley-acres-ca/smoke-damage-restoration/,service-area-service,"Smoke Damage Restoration in Valley Acres, CA | ProRestoration Services",Smoke Damage Restoration in Valley Acres,"24/7 smoke damage restoration in Valley Acres, CA. IICRC-certified, insurance billing accepted. Call (661) 393-9306.",smoke damage restoration valley acres,smoke residue cleanup|smoke damage repair|post-fire smoke cleanup|smoke damage restoration services|wildfire smoke cleanup,local_emergency,,,900,hero|og|inline-1|inline-2,service|local-business|faq|breadcrumb-list,/services/smoke-damage-restoration/|/service-areas/valley-acres-ca/|/service-areas/valley-acres-ca/fire-damage-restoration/|/service-areas/valley-acres-ca/home-remodeling/|/service-areas/arvin-ca/smoke-damage-restoration/|/service-areas/bear-valley-springs-ca/smoke-damage-restoration/|/contact/,6.30,planned
/service-areas/valley-acres-ca/storm-damage-restoration/,service-area-service,"Storm Damage Restoration in Valley Acres, CA | ProRestoration Services",Storm Damage Restoration in Valley Acres,"24/7 storm damage restoration in Valley Acres, CA. IICRC-certified, insurance billing accepted. Call (661) 393-9306.",storm damage restoration valley acres,hurricane damage cleanup|tornado damage cleanup|tree damage cleanup|storm cleanup services|severe weather damage repair,local_emergency,,,900,hero|og|inline-1|inline-2,service|local-business|faq|breadcrumb-list,/services/storm-damage-restoration/|/service-areas/valley-acres-ca/|/service-areas/valley-acres-ca/fire-damage-restoration/|/service-areas/valley-acres-ca/home-remodeling/|/service-areas/arvin-ca/storm-damage-restoration/|/service-areas/bear-valley-springs-ca/storm-damage-restoration/|/contact/,6.30,planned
/service-areas/valley-acres-ca/water-cleanup/,service-area-service,"Emergency Water Cleanup in Valley Acres, CA | ProRestoration Services",Emergency Water Cleanup in Valley Acres,"24/7 emergency water cleanup in Valley Acres, CA. IICRC-certified, insurance billing accepted. Call (661) 393-9306.",emergency water cleanup valley acres,water cleanup|water damage cleanup|water clean up|emergency water cleanup|flood water cleanup|standing water removal,local_emergency,,,900,hero|og|inline-1|inline-2,service|local-business|faq|breadcrumb-list,/services/water-cleanup/|/service-areas/valley-acres-ca/|/service-areas/valley-acres-ca/fire-damage-restoration/|/service-areas/valley-acres-ca/home-remodeling/|/service-areas/arvin-ca/water-cleanup/|/service-areas/bear-valley-springs-ca/water-cleanup/|/contact/,6.30,planned
/service-areas/wasco-ca/emergency-plumbing/,service-area-service,"Emergency Plumbing in Wasco, CA | ProRestoration Services",Emergency Plumbing in Wasco,"24/7 emergency plumbing in Wasco, CA. IICRC-certified, insurance billing accepted. Call (661) 393-9306.",emergency plumbing wasco,emergency plumber|24 hour plumber|burst pipe plumber|emergency plumbing repair|24/7 plumbing,local_emergency,,,900,hero|og|inline-1|inline-2,service|local-business|faq|breadcrumb-list,/services/emergency-plumbing/|/service-areas/wasco-ca/|/service-areas/wasco-ca/fire-damage-restoration/|/service-areas/wasco-ca/home-remodeling/|/service-areas/arvin-ca/emergency-plumbing/|/service-areas/bear-valley-springs-ca/emergency-plumbing/|/contact/,6.30,planned
/service-areas/wasco-ca/flood-damage-restoration/,service-area-service,"Flood Damage Restoration in Wasco, CA | ProRestoration Services",Flood Damage Restoration in Wasco,"24/7 flood damage restoration in Wasco, CA. IICRC-certified, insurance billing accepted. Call (661) 393-9306.",flood damage restoration wasco,flood cleanup|flood restoration|post-flood restoration|residential flood damage|flood damage repair,local_emergency,,,900,hero|og|inline-1|inline-2,service|local-business|faq|breadcrumb-list,/services/flood-damage-restoration/|/service-areas/wasco-ca/|/service-areas/wasco-ca/fire-damage-restoration/|/service-areas/wasco-ca/home-remodeling/|/service-areas/arvin-ca/flood-damage-restoration/|/service-areas/bear-valley-springs-ca/flood-damage-restoration/|/contact/,6.30,planned
/service-areas/wasco-ca/reconstruction/,service-area-service,"Reconstruction Services in Wasco, CA | ProRestoration Services",Reconstruction Services in Wasco,"24/7 reconstruction services in Wasco, CA. IICRC-certified, insurance billing accepted. Call (661) 393-9306.",reconstruction services wasco,post-damage reconstruction|rebuild services|structural reconstruction|post-disaster rebuilding|fire damage reconstruction,local_commercial,,,900,hero|og|inline-1|inline-2,service|local-business|faq|breadcrumb-list,/services/reconstruction/|/service-areas/wasco-ca/|/service-areas/wasco-ca/fire-damage-restoration/|/service-areas/wasco-ca/home-remodeling/|/service-areas/arvin-ca/reconstruction/|/service-areas/bear-valley-springs-ca/reconstruction/|/contact/,6.30,planned
/service-areas/wasco-ca/sewage-cleanup/,service-area-service,"Sewage Cleanup and Sanitization in Wasco, CA | ProRestoration Services",Sewage Cleanup and Sanitization in Wasco,"24/7 sewage cleanup and sanitization in Wasco, CA. IICRC-certified, insurance billing accepted. Call (661) 393-9306.",sewage cleanup and sanitization wasco,sewage backup cleanup|raw sewage removal|septic overflow cleanup|sewer line backup|sanitization services,local_emergency,,,900,hero|og|inline-1|inline-2,service|local-business|faq|breadcrumb-list,/services/sewage-cleanup/|/service-areas/wasco-ca/|/service-areas/wasco-ca/fire-damage-restoration/|/service-areas/wasco-ca/home-remodeling/|/service-areas/arvin-ca/sewage-cleanup/|/service-areas/bear-valley-springs-ca/sewage-cleanup/|/contact/,6.30,planned
/service-areas/wasco-ca/smoke-damage-restoration/,service-area-service,"Smoke Damage Restoration in Wasco, CA | ProRestoration Services",Smoke Damage Restoration in Wasco,"24/7 smoke damage restoration in Wasco, CA. IICRC-certified, insurance billing accepted. Call (661) 393-9306.",smoke damage restoration wasco,smoke residue cleanup|smoke damage repair|post-fire smoke cleanup|smoke damage restoration services|wildfire smoke cleanup,local_emergency,,,900,hero|og|inline-1|inline-2,service|local-business|faq|breadcrumb-list,/services/smoke-damage-restoration/|/service-areas/wasco-ca/|/service-areas/wasco-ca/fire-damage-restoration/|/service-areas/wasco-ca/home-remodeling/|/service-areas/arvin-ca/smoke-damage-restoration/|/service-areas/bear-valley-springs-ca/smoke-damage-restoration/|/contact/,6.30,planned
/service-areas/wasco-ca/storm-damage-restoration/,service-area-service,"Storm Damage Restoration in Wasco, CA | ProRestoration Services",Storm Damage Restoration in Wasco,"24/7 storm damage restoration in Wasco, CA. IICRC-certified, insurance billing accepted. Call (661) 393-9306.",storm damage restoration wasco,hurricane damage cleanup|tornado damage cleanup|tree damage cleanup|storm cleanup services|severe weather damage repair,local_emergency,,,900,hero|og|inline-1|inline-2,service|local-business|faq|breadcrumb-list,/services/storm-damage-restoration/|/service-areas/wasco-ca/|/service-areas/wasco-ca/fire-damage-restoration/|/service-areas/wasco-ca/home-remodeling/|/service-areas/arvin-ca/storm-damage-restoration/|/service-areas/bear-valley-springs-ca/storm-damage-restoration/|/contact/,6.30,planned
/service-areas/wasco-ca/water-cleanup/,service-area-service,"Emergency Water Cleanup in Wasco, CA | ProRestoration Services",Emergency Water Cleanup in Wasco,"24/7 emergency water cleanup in Wasco, CA. IICRC-certified, insurance billing accepted. Call (661) 393-9306.",emergency water cleanup wasco,water cleanup|water damage cleanup|water clean up|emergency water cleanup|flood water cleanup|standing water removal,local_emergency,,,900,hero|og|inline-1|inline-2,service|local-business|faq|breadcrumb-list,/services/water-cleanup/|/service-areas/wasco-ca/|/service-areas/wasco-ca/fire-damage-restoration/|/service-areas/wasco-ca/home-remodeling/|/service-areas/arvin-ca/water-cleanup/|/service-areas/bear-valley-springs-ca/water-cleanup/|/contact/,6.30,planned
/service-areas/weedpatch-ca/emergency-plumbing/,service-area-service,"Emergency Plumbing in Weedpatch, CA | ProRestoration Services",Emergency Plumbing in Weedpatch,"24/7 emergency plumbing in Weedpatch, CA. IICRC-certified, insurance billing accepted. Call (661) 393-9306.",emergency plumbing weedpatch,emergency plumber|24 hour plumber|burst pipe plumber|emergency plumbing repair|24/7 plumbing,local_emergency,,,900,hero|og|inline-1|inline-2,service|local-business|faq|breadcrumb-list,/services/emergency-plumbing/|/service-areas/weedpatch-ca/|/service-areas/weedpatch-ca/fire-damage-restoration/|/service-areas/weedpatch-ca/home-remodeling/|/service-areas/arvin-ca/emergency-plumbing/|/service-areas/bear-valley-springs-ca/emergency-plumbing/|/contact/,6.30,planned
/service-areas/weedpatch-ca/flood-damage-restoration/,service-area-service,"Flood Damage Restoration in Weedpatch, CA | ProRestoration Services",Flood Damage Restoration in Weedpatch,"24/7 flood damage restoration in Weedpatch, CA. IICRC-certified, insurance billing accepted. Call (661) 393-9306.",flood damage restoration weedpatch,flood cleanup|flood restoration|post-flood restoration|residential flood damage|flood damage repair,local_emergency,,,900,hero|og|inline-1|inline-2,service|local-business|faq|breadcrumb-list,/services/flood-damage-restoration/|/service-areas/weedpatch-ca/|/service-areas/weedpatch-ca/fire-damage-restoration/|/service-areas/weedpatch-ca/home-remodeling/|/service-areas/arvin-ca/flood-damage-restoration/|/service-areas/bear-valley-springs-ca/flood-damage-restoration/|/contact/,6.30,planned
/service-areas/weedpatch-ca/reconstruction/,service-area-service,"Reconstruction Services in Weedpatch, CA | ProRestoration Services",Reconstruction Services in Weedpatch,"24/7 reconstruction services in Weedpatch, CA. IICRC-certified, insurance billing accepted. Call (661) 393-9306.",reconstruction services weedpatch,post-damage reconstruction|rebuild services|structural reconstruction|post-disaster rebuilding|fire damage reconstruction,local_commercial,,,900,hero|og|inline-1|inline-2,service|local-business|faq|breadcrumb-list,/services/reconstruction/|/service-areas/weedpatch-ca/|/service-areas/weedpatch-ca/fire-damage-restoration/|/service-areas/weedpatch-ca/home-remodeling/|/service-areas/arvin-ca/reconstruction/|/service-areas/bear-valley-springs-ca/reconstruction/|/contact/,6.30,planned
/service-areas/weedpatch-ca/sewage-cleanup/,service-area-service,"Sewage Cleanup and Sanitization in Weedpatch, CA | ProRestoration Services",Sewage Cleanup and Sanitization in Weedpatch,"24/7 sewage cleanup and sanitization in Weedpatch, CA. IICRC-certified, insurance billing accepted. Call (661) 393-9306.",sewage cleanup and sanitization weedpatch,sewage backup cleanup|raw sewage removal|septic overflow cleanup|sewer line backup|sanitization services,local_emergency,,,900,hero|og|inline-1|inline-2,service|local-business|faq|breadcrumb-list,/services/sewage-cleanup/|/service-areas/weedpatch-ca/|/service-areas/weedpatch-ca/fire-damage-restoration/|/service-areas/weedpatch-ca/home-remodeling/|/service-areas/arvin-ca/sewage-cleanup/|/service-areas/bear-valley-springs-ca/sewage-cleanup/|/contact/,6.30,planned
/service-areas/weedpatch-ca/smoke-damage-restoration/,service-area-service,"Smoke Damage Restoration in Weedpatch, CA | ProRestoration Services",Smoke Damage Restoration in Weedpatch,"24/7 smoke damage restoration in Weedpatch, CA. IICRC-certified, insurance billing accepted. Call (661) 393-9306.",smoke damage restoration weedpatch,smoke residue cleanup|smoke damage repair|post-fire smoke cleanup|smoke damage restoration services|wildfire smoke cleanup,local_emergency,,,900,hero|og|inline-1|inline-2,service|local-business|faq|breadcrumb-list,/services/smoke-damage-restoration/|/service-areas/weedpatch-ca/|/service-areas/weedpatch-ca/fire-damage-restoration/|/service-areas/weedpatch-ca/home-remodeling/|/service-areas/arvin-ca/smoke-damage-restoration/|/service-areas/bear-valley-springs-ca/smoke-damage-restoration/|/contact/,6.30,planned
/service-areas/weedpatch-ca/storm-damage-restoration/,service-area-service,"Storm Damage Restoration in Weedpatch, CA | ProRestoration Services",Storm Damage Restoration in Weedpatch,"24/7 storm damage restoration in Weedpatch, CA. IICRC-certified, insurance billing accepted. Call (661) 393-9306.",storm damage restoration weedpatch,hurricane damage cleanup|tornado damage cleanup|tree damage cleanup|storm cleanup services|severe weather damage repair,local_emergency,,,900,hero|og|inline-1|inline-2,service|local-business|faq|breadcrumb-list,/services/storm-damage-restoration/|/service-areas/weedpatch-ca/|/service-areas/weedpatch-ca/fire-damage-restoration/|/service-areas/weedpatch-ca/home-remodeling/|/service-areas/arvin-ca/storm-damage-restoration/|/service-areas/bear-valley-springs-ca/storm-damage-restoration/|/contact/,6.30,planned
/service-areas/weedpatch-ca/water-cleanup/,service-area-service,"Emergency Water Cleanup in Weedpatch, CA | ProRestoration Services",Emergency Water Cleanup in Weedpatch,"24/7 emergency water cleanup in Weedpatch, CA. IICRC-certified, insurance billing accepted. Call (661) 393-9306.",emergency water cleanup weedpatch,water cleanup|water damage cleanup|water clean up|emergency water cleanup|flood water cleanup|standing water removal,local_emergency,,,900,hero|og|inline-1|inline-2,service|local-business|faq|breadcrumb-list,/services/water-cleanup/|/service-areas/weedpatch-ca/|/service-areas/weedpatch-ca/fire-damage-restoration/|/service-areas/weedpatch-ca/home-remodeling/|/service-areas/arvin-ca/water-cleanup/|/service-areas/bear-valley-springs-ca/water-cleanup/|/contact/,6.30,planned
/service-areas/woody-ca/emergency-plumbing/,service-area-service,"Emergency Plumbing in Woody, CA | ProRestoration Services",Emergency Plumbing in Woody,"24/7 emergency plumbing in Woody, CA. IICRC-certified, insurance billing accepted. Call (661) 393-9306.",emergency plumbing woody,emergency plumber|24 hour plumber|burst pipe plumber|emergency plumbing repair|24/7 plumbing,local_emergency,,,900,hero|og|inline-1|inline-2,service|local-business|faq|breadcrumb-list,/services/emergency-plumbing/|/service-areas/woody-ca/|/service-areas/woody-ca/fire-damage-restoration/|/service-areas/woody-ca/home-remodeling/|/service-areas/arvin-ca/emergency-plumbing/|/service-areas/bear-valley-springs-ca/emergency-plumbing/|/contact/,6.30,planned
/service-areas/woody-ca/flood-damage-restoration/,service-area-service,"Flood Damage Restoration in Woody, CA | ProRestoration Services",Flood Damage Restoration in Woody,"24/7 flood damage restoration in Woody, CA. IICRC-certified, insurance billing accepted. Call (661) 393-9306.",flood damage restoration woody,flood cleanup|flood restoration|post-flood restoration|residential flood damage|flood damage repair,local_emergency,,,900,hero|og|inline-1|inline-2,service|local-business|faq|breadcrumb-list,/services/flood-damage-restoration/|/service-areas/woody-ca/|/service-areas/woody-ca/fire-damage-restoration/|/service-areas/woody-ca/home-remodeling/|/service-areas/arvin-ca/flood-damage-restoration/|/service-areas/bear-valley-springs-ca/flood-damage-restoration/|/contact/,6.30,planned
/service-areas/woody-ca/reconstruction/,service-area-service,"Reconstruction Services in Woody, CA | ProRestoration Services",Reconstruction Services in Woody,"24/7 reconstruction services in Woody, CA. IICRC-certified, insurance billing accepted. Call (661) 393-9306.",reconstruction services woody,post-damage reconstruction|rebuild services|structural reconstruction|post-disaster rebuilding|fire damage reconstruction,local_commercial,,,900,hero|og|inline-1|inline-2,service|local-business|faq|breadcrumb-list,/services/reconstruction/|/service-areas/woody-ca/|/service-areas/woody-ca/fire-damage-restoration/|/service-areas/woody-ca/home-remodeling/|/service-areas/arvin-ca/reconstruction/|/service-areas/bear-valley-springs-ca/reconstruction/|/contact/,6.30,planned
/service-areas/woody-ca/sewage-cleanup/,service-area-service,"Sewage Cleanup and Sanitization in Woody, CA | ProRestoration Services",Sewage Cleanup and Sanitization in Woody,"24/7 sewage cleanup and sanitization in Woody, CA. IICRC-certified, insurance billing accepted. Call (661) 393-9306.",sewage cleanup and sanitization woody,sewage backup cleanup|raw sewage removal|septic overflow cleanup|sewer line backup|sanitization services,local_emergency,,,900,hero|og|inline-1|inline-2,service|local-business|faq|breadcrumb-list,/services/sewage-cleanup/|/service-areas/woody-ca/|/service-areas/woody-ca/fire-damage-restoration/|/service-areas/woody-ca/home-remodeling/|/service-areas/arvin-ca/sewage-cleanup/|/service-areas/bear-valley-springs-ca/sewage-cleanup/|/contact/,6.30,planned
/service-areas/woody-ca/smoke-damage-restoration/,service-area-service,"Smoke Damage Restoration in Woody, CA | ProRestoration Services",Smoke Damage Restoration in Woody,"24/7 smoke damage restoration in Woody, CA. IICRC-certified, insurance billing accepted. Call (661) 393-9306.",smoke damage restoration woody,smoke residue cleanup|smoke damage repair|post-fire smoke cleanup|smoke damage restoration services|wildfire smoke cleanup,local_emergency,,,900,hero|og|inline-1|inline-2,service|local-business|faq|breadcrumb-list,/services/smoke-damage-restoration/|/service-areas/woody-ca/|/service-areas/woody-ca/fire-damage-restoration/|/service-areas/woody-ca/home-remodeling/|/service-areas/arvin-ca/smoke-damage-restoration/|/service-areas/bear-valley-springs-ca/smoke-damage-restoration/|/contact/,6.30,planned
/service-areas/woody-ca/storm-damage-restoration/,service-area-service,"Storm Damage Restoration in Woody, CA | ProRestoration Services",Storm Damage Restoration in Woody,"24/7 storm damage restoration in Woody, CA. IICRC-certified, insurance billing accepted. Call (661) 393-9306.",storm damage restoration woody,hurricane damage cleanup|tornado damage cleanup|tree damage cleanup|storm cleanup services|severe weather damage repair,local_emergency,,,900,hero|og|inline-1|inline-2,service|local-business|faq|breadcrumb-list,/services/storm-damage-restoration/|/service-areas/woody-ca/|/service-areas/woody-ca/fire-damage-restoration/|/service-areas/woody-ca/home-remodeling/|/service-areas/arvin-ca/storm-damage-restoration/|/service-areas/bear-valley-springs-ca/storm-damage-restoration/|/contact/,6.30,planned
/service-areas/woody-ca/water-cleanup/,service-area-service,"Emergency Water Cleanup in Woody, CA | ProRestoration Services",Emergency Water Cleanup in Woody,"24/7 emergency water cleanup in Woody, CA. IICRC-certified, insurance billing accepted. Call (661) 393-9306.",emergency water cleanup woody,water cleanup|water damage cleanup|water clean up|emergency water cleanup|flood water cleanup|standing water removal,local_emergency,,,900,hero|og|inline-1|inline-2,service|local-business|faq|breadcrumb-list,/services/water-cleanup/|/service-areas/woody-ca/|/service-areas/woody-ca/fire-damage-restoration/|/service-areas/woody-ca/home-remodeling/|/service-areas/arvin-ca/water-cleanup/|/service-areas/bear-valley-springs-ca/water-cleanup/|/contact/,6.30,planned
/services/emergency-board-up-tarping/,service-landing,Emergency Board-Up and Tarping in Bakersfield | ProRestoration Services,Emergency Board-Up and Tarping in Bakersfield,"24/7 emergency board-up and tarping in Bakersfield and surrounding areas. IICRC-certified, insurance billing accepted. Call (661) 393-9306.",emergency board-up and tarping bakersfield,emergency board up|roof tarping|emergency tarping service|fire damage board up|broken window board up,local_emergency,,,1100,hero|og|inline-1|inline-2,service|local-business|faq|breadcrumb-list,/services/|/contact/|/service-areas/arvin-ca/emergency-board-up-tarping/|/service-areas/bear-valley-springs-ca/emergency-board-up-tarping/|/service-areas/buttonwillow-ca/emergency-board-up-tarping/|/service-areas/delano-ca/emergency-board-up-tarping/|/service-areas/dustin-acres-ca/emergency-board-up-tarping/|/service-areas/east-niles-ca/emergency-board-up-tarping/|/service-areas/keene-ca/emergency-board-up-tarping/|/service-areas/lake-isabella-ca/emergency-board-up-tarping/|/service-areas/lamont-ca/emergency-board-up-tarping/|/service-areas/maricopa-ca/emergency-board-up-tarping/|/service-areas/mcfarland-ca/emergency-board-up-tarping/|/service-areas/oildale-ca/emergency-board-up-tarping/,6.30,planned
/services/odor-removal/,service-landing,Odor Removal and Deodorization in Bakersfield | ProRestoration Services,Odor Removal and Deodorization in Bakersfield,"24/7 odor removal and deodorization in Bakersfield and surrounding areas. IICRC-certified, insurance billing accepted. Call (661) 393-9306.",odor removal and deodorization bakersfield,smoke odor removal|ozone treatment|hydroxyl deodorization|thermal fogging|professional odor elimination,local_specialty,,,1100,hero|og|inline-1|inline-2,service|local-business|faq|breadcrumb-list,/services/|/contact/|/service-areas/arvin-ca/odor-removal/|/service-areas/bear-valley-springs-ca/odor-removal/|/service-areas/buttonwillow-ca/odor-removal/|/service-areas/delano-ca/odor-removal/|/service-areas/dustin-acres-ca/odor-removal/|/service-areas/east-niles-ca/odor-removal/|/service-areas/keene-ca/odor-removal/|/service-areas/lake-isabella-ca/odor-removal/|/service-areas/lamont-ca/odor-removal/|/service-areas/maricopa-ca/odor-removal/|/service-areas/mcfarland-ca/odor-removal/|/service-areas/oildale-ca/odor-removal/,6.30,planned
/services/soot-removal/,service-landing,Soot Removal in Bakersfield | ProRestoration Services,Soot Removal in Bakersfield,"24/7 soot removal in Bakersfield and surrounding areas. IICRC-certified, insurance billing accepted. Call (661) 393-9306.",soot removal bakersfield,soot cleaning|soot residue removal|post-fire soot cleanup|soot damage cleanup|soot wall cleaning,local_specialty,,,1100,hero|og|inline-1|inline-2,service|local-business|faq|breadcrumb-list,/services/|/contact/|/service-areas/arvin-ca/soot-removal/|/service-areas/bear-valley-springs-ca/soot-removal/|/service-areas/buttonwillow-ca/soot-removal/|/service-areas/delano-ca/soot-removal/|/service-areas/dustin-acres-ca/soot-removal/|/service-areas/east-niles-ca/soot-removal/|/service-areas/keene-ca/soot-removal/|/service-areas/lake-isabella-ca/soot-removal/|/service-areas/lamont-ca/soot-removal/|/service-areas/maricopa-ca/soot-removal/|/service-areas/mcfarland-ca/soot-removal/|/service-areas/oildale-ca/soot-removal/,6.30,planned
/services/water-leak-detection/,service-landing,Water Leak Detection in Bakersfield | ProRestoration Services,Water Leak Detection in Bakersfield,"24/7 water leak detection in Bakersfield and surrounding areas. IICRC-certified, insurance billing accepted. Call (661) 393-9306.",water leak detection bakersfield,leak detection|hidden water leak|slab leak detection|water leak in wall|leak detection service,local_emergency,,,1100,hero|og|inline-1|inline-2,service|local-business|faq|breadcrumb-list,/services/|/contact/|/service-areas/arvin-ca/water-leak-detection/|/service-areas/bear-valley-springs-ca/water-leak-detection/|/service-areas/buttonwillow-ca/water-leak-detection/|/service-areas/delano-ca/water-leak-detection/|/service-areas/dustin-acres-ca/water-leak-detection/|/service-areas/east-niles-ca/water-leak-detection/|/service-areas/keene-ca/water-leak-detection/|/service-areas/lake-isabella-ca/water-leak-detection/|/service-areas/lamont-ca/water-leak-detection/|/service-areas/maricopa-ca/water-leak-detection/|/service-areas/mcfarland-ca/water-leak-detection/|/service-areas/oildale-ca/water-leak-detection/,6.30,planned
/blog/burst-pipe-emergency-checklist/,blog-post,Burst Pipe Emergency Checklist: Step-by-Step Response,Burst Pipe Emergency Checklist: Step-by-Step Response,,burst pipe emergency checklist stepbystep response,water damage restoration|appliance leak cleanup,informational_emergency,,,1400,hero|og|inline-1|inline-2,blog-posting|faq|breadcrumb-list,/blog/|/services/water-damage-restoration/|/services/appliance-leak-cleanup/|/blog/what-to-do-first-24-hours-water-damage/|/blog/choosing-a-restoration-company/|/blog/does-homeowners-insurance-cover-water-damage/,6.00,planned
/blog/what-to-do-first-24-hours-water-damage/,blog-post,What To Do in the First 24 Hours After Water Damage,What To Do in the First 24 Hours After Water Damage,,what to do in the first 24 hours after water damage,water damage restoration,informational_emergency,,,1400,hero|og|inline-1|inline-2,blog-posting|faq|breadcrumb-list,/blog/|/services/water-damage-restoration/|/blog/burst-pipe-emergency-checklist/|/blog/choosing-a-restoration-company/|/blog/does-homeowners-insurance-cover-water-damage/,6.00,planned
/service-areas/arvin-ca/biohazard-cleanup/,service-area-service,"Biohazard Cleanup in Arvin, CA | ProRestoration Services",Biohazard Cleanup in Arvin,"24/7 biohazard cleanup in Arvin, CA. IICRC-certified, insurance billing accepted. Call (661) 393-9306.",biohazard cleanup arvin,biohazard remediation|blood cleanup|bodily fluid cleanup|sharps and needle cleanup|infectious material cleanup,local_sensitive,,,900,hero|og|inline-1|inline-2,service|local-business|faq|breadcrumb-list,/services/biohazard-cleanup/|/service-areas/arvin-ca/|/service-areas/arvin-ca/fire-damage-restoration/|/service-areas/arvin-ca/home-remodeling/|/service-areas/bear-valley-springs-ca/biohazard-cleanup/|/service-areas/buttonwillow-ca/biohazard-cleanup/|/contact/,5.60,planned
/service-areas/arvin-ca/burst-pipe-repair/,service-area-service,"Burst Pipe Cleanup and Repair in Arvin, CA | ProRestoration Services",Burst Pipe Cleanup and Repair in Arvin,"24/7 burst pipe cleanup and repair in Arvin, CA. IICRC-certified, insurance billing accepted. Call (661) 393-9306.",burst pipe cleanup and repair arvin,burst pipe cleanup|pipe burst emergency|pipe break water damage|water line break|emergency pipe repair,local_emergency,,,900,hero|og|inline-1|inline-2,service|local-business|faq|breadcrumb-list,/services/burst-pipe-repair/|/service-areas/arvin-ca/|/service-areas/arvin-ca/fire-damage-restoration/|/service-areas/arvin-ca/home-remodeling/|/service-areas/bear-valley-springs-ca/burst-pipe-repair/|/service-areas/buttonwillow-ca/burst-pipe-repair/|/contact/,5.60,planned
/service-areas/arvin-ca/general-contracting/,service-area-service,"Renovations, Remodels and General Contracting in Arvin, CA | ProRestoration Services","Renovations, Remodels and General Contracting in Arvin","24/7 renovations, remodels and general contracting in Arvin, CA. IICRC-certified, insurance billing accepted. Call (661) 393-9306.","renovations, remodels and general contracting arvin",general contractor|home renovation services|home remodeling|kitchen remodel|bathroom remodel|post-damage rebuild,local_commercial,,,900,hero|og|inline-1|inline-2,service|local-business|faq|breadcrumb-list,/services/general-contracting/|/service-areas/arvin-ca/|/service-areas/arvin-ca/fire-damage-restoration/|/service-areas/arvin-ca/home-remodeling/|/service-areas/bear-valley-springs-ca/general-contracting/|/service-areas/buttonwillow-ca/general-contracting/|/contact/,5.60,planned
/service-areas/arvin-ca/mold-inspection-testing/,service-area-service,"Mold Inspection and Testing in Arvin, CA | ProRestoration Services",Mold Inspection and Testing in Arvin,"24/7 mold inspection and testing in Arvin, CA. IICRC-certified, insurance billing accepted. Call (661) 393-9306.",mold inspection and testing arvin,mold inspection|mold testing|indoor air quality testing|mold spore testing|mold assessment,local_health,,,900,hero|og|inline-1|inline-2,service|local-business|faq|breadcrumb-list,/services/mold-inspection-testing/|/service-areas/arvin-ca/|/service-areas/arvin-ca/fire-damage-restoration/|/service-areas/arvin-ca/home-remodeling/|/service-areas/bear-valley-springs-ca/mold-inspection-testing/|/service-areas/buttonwillow-ca/mold-inspection-testing/|/contact/,5.60,planned
/service-areas/bear-valley-springs-ca/biohazard-cleanup/,service-area-service,"Biohazard Cleanup in Bear Valley Springs, CA | ProRestoration Services",Biohazard Cleanup in Bear Valley Springs,"24/7 biohazard cleanup in Bear Valley Springs, CA. IICRC-certified, insurance billing accepted. Call (661) 393-9306.",biohazard cleanup bear valley springs,biohazard remediation|blood cleanup|bodily fluid cleanup|sharps and needle cleanup|infectious material cleanup,local_sensitive,,,900,hero|og|inline-1|inline-2,service|local-business|faq|breadcrumb-list,/services/biohazard-cleanup/|/service-areas/bear-valley-springs-ca/|/service-areas/bear-valley-springs-ca/fire-damage-restoration/|/service-areas/bear-valley-springs-ca/home-remodeling/|/service-areas/arvin-ca/biohazard-cleanup/|/service-areas/buttonwillow-ca/biohazard-cleanup/|/contact/,5.60,planned
/service-areas/bear-valley-springs-ca/burst-pipe-repair/,service-area-service,"Burst Pipe Cleanup and Repair in Bear Valley Springs, CA | ProRestoration Services",Burst Pipe Cleanup and Repair in Bear Valley Springs,"24/7 burst pipe cleanup and repair in Bear Valley Springs, CA. IICRC-certified, insurance billing accepted. Call (661) 393-9306.",burst pipe cleanup and repair bear valley springs,burst pipe cleanup|pipe burst emergency|pipe break water damage|water line break|emergency pipe repair,local_emergency,,,900,hero|og|inline-1|inline-2,service|local-business|faq|breadcrumb-list,/services/burst-pipe-repair/|/service-areas/bear-valley-springs-ca/|/service-areas/bear-valley-springs-ca/fire-damage-restoration/|/service-areas/bear-valley-springs-ca/home-remodeling/|/service-areas/arvin-ca/burst-pipe-repair/|/service-areas/buttonwillow-ca/burst-pipe-repair/|/contact/,5.60,planned
/service-areas/bear-valley-springs-ca/general-contracting/,service-area-service,"Renovations, Remodels and General Contracting in Bear Valley Springs, CA | ProRestoration Services","Renovations, Remodels and General Contracting in Bear Valley Springs","24/7 renovations, remodels and general contracting in Bear Valley Springs, CA. IICRC-certified, insurance billing accepted. Call (661) 393-9306.","renovations, remodels and general contracting bear valley springs",general contractor|home renovation services|home remodeling|kitchen remodel|bathroom remodel|post-damage rebuild,local_commercial,,,900,hero|og|inline-1|inline-2,service|local-business|faq|breadcrumb-list,/services/general-contracting/|/service-areas/bear-valley-springs-ca/|/service-areas/bear-valley-springs-ca/fire-damage-restoration/|/service-areas/bear-valley-springs-ca/home-remodeling/|/service-areas/arvin-ca/general-contracting/|/service-areas/buttonwillow-ca/general-contracting/|/contact/,5.60,planned
/service-areas/bear-valley-springs-ca/mold-inspection-testing/,service-area-service,"Mold Inspection and Testing in Bear Valley Springs, CA | ProRestoration Services",Mold Inspection and Testing in Bear Valley Springs,"24/7 mold inspection and testing in Bear Valley Springs, CA. IICRC-certified, insurance billing accepted. Call (661) 393-9306.",mold inspection and testing bear valley springs,mold inspection|mold testing|indoor air quality testing|mold spore testing|mold assessment,local_health,,,900,hero|og|inline-1|inline-2,service|local-business|faq|breadcrumb-list,/services/mold-inspection-testing/|/service-areas/bear-valley-springs-ca/|/service-areas/bear-valley-springs-ca/fire-damage-restoration/|/service-areas/bear-valley-springs-ca/home-remodeling/|/service-areas/arvin-ca/mold-inspection-testing/|/service-areas/buttonwillow-ca/mold-inspection-testing/|/contact/,5.60,planned
/service-areas/buttonwillow-ca/biohazard-cleanup/,service-area-service,"Biohazard Cleanup in Buttonwillow, CA | ProRestoration Services",Biohazard Cleanup in Buttonwillow,"24/7 biohazard cleanup in Buttonwillow, CA. IICRC-certified, insurance billing accepted. Call (661) 393-9306.",biohazard cleanup buttonwillow,biohazard remediation|blood cleanup|bodily fluid cleanup|sharps and needle cleanup|infectious material cleanup,local_sensitive,,,900,hero|og|inline-1|inline-2,service|local-business|faq|breadcrumb-list,/services/biohazard-cleanup/|/service-areas/buttonwillow-ca/|/service-areas/buttonwillow-ca/fire-damage-restoration/|/service-areas/buttonwillow-ca/home-remodeling/|/service-areas/arvin-ca/biohazard-cleanup/|/service-areas/bear-valley-springs-ca/biohazard-cleanup/|/contact/,5.60,planned
/service-areas/buttonwillow-ca/burst-pipe-repair/,service-area-service,"Burst Pipe Cleanup and Repair in Buttonwillow, CA | ProRestoration Services",Burst Pipe Cleanup and Repair in Buttonwillow,"24/7 burst pipe cleanup and repair in Buttonwillow, CA. IICRC-certified, insurance billing accepted. Call (661) 393-9306.",burst pipe cleanup and repair buttonwillow,burst pipe cleanup|pipe burst emergency|pipe break water damage|water line break|emergency pipe repair,local_emergency,,,900,hero|og|inline-1|inline-2,service|local-business|faq|breadcrumb-list,/services/burst-pipe-repair/|/service-areas/buttonwillow-ca/|/service-areas/buttonwillow-ca/fire-damage-restoration/|/service-areas/buttonwillow-ca/home-remodeling/|/service-areas/arvin-ca/burst-pipe-repair/|/service-areas/bear-valley-springs-ca/burst-pipe-repair/|/contact/,5.60,planned
/service-areas/buttonwillow-ca/general-contracting/,service-area-service,"Renovations, Remodels and General Contracting in Buttonwillow, CA | ProRestoration Services","Renovations, Remodels and General Contracting in Buttonwillow","24/7 renovations, remodels and general contracting in Buttonwillow, CA. IICRC-certified, insurance billing accepted. Call (661) 393-9306.","renovations, remodels and general contracting buttonwillow",general contractor|home renovation services|home remodeling|kitchen remodel|bathroom remodel|post-damage rebuild,local_commercial,,,900,hero|og|inline-1|inline-2,service|local-business|faq|breadcrumb-list,/services/general-contracting/|/service-areas/buttonwillow-ca/|/service-areas/buttonwillow-ca/fire-damage-restoration/|/service-areas/buttonwillow-ca/home-remodeling/|/service-areas/arvin-ca/general-contracting/|/service-areas/bear-valley-springs-ca/general-contracting/|/contact/,5.60,planned
/service-areas/buttonwillow-ca/mold-inspection-testing/,service-area-service,"Mold Inspection and Testing in Buttonwillow, CA | ProRestoration Services",Mold Inspection and Testing in Buttonwillow,"24/7 mold inspection and testing in Buttonwillow, CA. IICRC-certified, insurance billing accepted. Call (661) 393-9306.",mold inspection and testing buttonwillow,mold inspection|mold testing|indoor air quality testing|mold spore testing|mold assessment,local_health,,,900,hero|og|inline-1|inline-2,service|local-business|faq|breadcrumb-list,/services/mold-inspection-testing/|/service-areas/buttonwillow-ca/|/service-areas/buttonwillow-ca/fire-damage-restoration/|/service-areas/buttonwillow-ca/home-remodeling/|/service-areas/arvin-ca/mold-inspection-testing/|/service-areas/bear-valley-springs-ca/mold-inspection-testing/|/contact/,5.60,planned
/service-areas/delano-ca/biohazard-cleanup/,service-area-service,"Biohazard Cleanup in Delano, CA | ProRestoration Services",Biohazard Cleanup in Delano,"24/7 biohazard cleanup in Delano, CA. IICRC-certified, insurance billing accepted. Call (661) 393-9306.",biohazard cleanup delano,biohazard remediation|blood cleanup|bodily fluid cleanup|sharps and needle cleanup|infectious material cleanup,local_sensitive,,,900,hero|og|inline-1|inline-2,service|local-business|faq|breadcrumb-list,/services/biohazard-cleanup/|/service-areas/delano-ca/|/service-areas/delano-ca/fire-damage-restoration/|/service-areas/delano-ca/home-remodeling/|/service-areas/arvin-ca/biohazard-cleanup/|/service-areas/bear-valley-springs-ca/biohazard-cleanup/|/contact/,5.60,planned
/service-areas/delano-ca/burst-pipe-repair/,service-area-service,"Burst Pipe Cleanup and Repair in Delano, CA | ProRestoration Services",Burst Pipe Cleanup and Repair in Delano,"24/7 burst pipe cleanup and repair in Delano, CA. IICRC-certified, insurance billing accepted. Call (661) 393-9306.",burst pipe cleanup and repair delano,burst pipe cleanup|pipe burst emergency|pipe break water damage|water line break|emergency pipe repair,local_emergency,,,900,hero|og|inline-1|inline-2,service|local-business|faq|breadcrumb-list,/services/burst-pipe-repair/|/service-areas/delano-ca/|/service-areas/delano-ca/fire-damage-restoration/|/service-areas/delano-ca/home-remodeling/|/service-areas/arvin-ca/burst-pipe-repair/|/service-areas/bear-valley-springs-ca/burst-pipe-repair/|/contact/,5.60,planned
/service-areas/delano-ca/general-contracting/,service-area-service,"Renovations, Remodels and General Contracting in Delano, CA | ProRestoration Services","Renovations, Remodels and General Contracting in Delano","24/7 renovations, remodels and general contracting in Delano, CA. IICRC-certified, insurance billing accepted. Call (661) 393-9306.","renovations, remodels and general contracting delano",general contractor|home renovation services|home remodeling|kitchen remodel|bathroom remodel|post-damage rebuild,local_commercial,,,900,hero|og|inline-1|inline-2,service|local-business|faq|breadcrumb-list,/services/general-contracting/|/service-areas/delano-ca/|/service-areas/delano-ca/fire-damage-restoration/|/service-areas/delano-ca/home-remodeling/|/service-areas/arvin-ca/general-contracting/|/service-areas/bear-valley-springs-ca/general-contracting/|/contact/,5.60,planned
/service-areas/delano-ca/mold-inspection-testing/,service-area-service,"Mold Inspection and Testing in Delano, CA | ProRestoration Services",Mold Inspection and Testing in Delano,"24/7 mold inspection and testing in Delano, CA. IICRC-certified, insurance billing accepted. Call (661) 393-9306.",mold inspection and testing delano,mold inspection|mold testing|indoor air quality testing|mold spore testing|mold assessment,local_health,,,900,hero|og|inline-1|inline-2,service|local-business|faq|breadcrumb-list,/services/mold-inspection-testing/|/service-areas/delano-ca/|/service-areas/delano-ca/fire-damage-restoration/|/service-areas/delano-ca/home-remodeling/|/service-areas/arvin-ca/mold-inspection-testing/|/service-areas/bear-valley-springs-ca/mold-inspection-testing/|/contact/,5.60,planned
/service-areas/dustin-acres-ca/biohazard-cleanup/,service-area-service,"Biohazard Cleanup in Dustin Acres, CA | ProRestoration Services",Biohazard Cleanup in Dustin Acres,"24/7 biohazard cleanup in Dustin Acres, CA. IICRC-certified, insurance billing accepted. Call (661) 393-9306.",biohazard cleanup dustin acres,biohazard remediation|blood cleanup|bodily fluid cleanup|sharps and needle cleanup|infectious material cleanup,local_sensitive,,,900,hero|og|inline-1|inline-2,service|local-business|faq|breadcrumb-list,/services/biohazard-cleanup/|/service-areas/dustin-acres-ca/|/service-areas/dustin-acres-ca/fire-damage-restoration/|/service-areas/dustin-acres-ca/home-remodeling/|/service-areas/arvin-ca/biohazard-cleanup/|/service-areas/bear-valley-springs-ca/biohazard-cleanup/|/contact/,5.60,planned
/service-areas/dustin-acres-ca/burst-pipe-repair/,service-area-service,"Burst Pipe Cleanup and Repair in Dustin Acres, CA | ProRestoration Services",Burst Pipe Cleanup and Repair in Dustin Acres,"24/7 burst pipe cleanup and repair in Dustin Acres, CA. IICRC-certified, insurance billing accepted. Call (661) 393-9306.",burst pipe cleanup and repair dustin acres,burst pipe cleanup|pipe burst emergency|pipe break water damage|water line break|emergency pipe repair,local_emergency,,,900,hero|og|inline-1|inline-2,service|local-business|faq|breadcrumb-list,/services/burst-pipe-repair/|/service-areas/dustin-acres-ca/|/service-areas/dustin-acres-ca/fire-damage-restoration/|/service-areas/dustin-acres-ca/home-remodeling/|/service-areas/arvin-ca/burst-pipe-repair/|/service-areas/bear-valley-springs-ca/burst-pipe-repair/|/contact/,5.60,planned
/service-areas/dustin-acres-ca/general-contracting/,service-area-service,"Renovations, Remodels and General Contracting in Dustin Acres, CA | ProRestoration Services","Renovations, Remodels and General Contracting in Dustin Acres","24/7 renovations, remodels and general contracting in Dustin Acres, CA. IICRC-certified, insurance billing accepted. Call (661) 393-9306.","renovations, remodels and general contracting dustin acres",general contractor|home renovation services|home remodeling|kitchen remodel|bathroom remodel|post-damage rebuild,local_commercial,,,900,hero|og|inline-1|inline-2,service|local-business|faq|breadcrumb-list,/services/general-contracting/|/service-areas/dustin-acres-ca/|/service-areas/dustin-acres-ca/fire-damage-restoration/|/service-areas/dustin-acres-ca/home-remodeling/|/service-areas/arvin-ca/general-contracting/|/service-areas/bear-valley-springs-ca/general-contracting/|/contact/,5.60,planned
/service-areas/dustin-acres-ca/mold-inspection-testing/,service-area-service,"Mold Inspection and Testing in Dustin Acres, CA | ProRestoration Services",Mold Inspection and Testing in Dustin Acres,"24/7 mold inspection and testing in Dustin Acres, CA. IICRC-certified, insurance billing accepted. Call (661) 393-9306.",mold inspection and testing dustin acres,mold inspection|mold testing|indoor air quality testing|mold spore testing|mold assessment,local_health,,,900,hero|og|inline-1|inline-2,service|local-business|faq|breadcrumb-list,/services/mold-inspection-testing/|/service-areas/dustin-acres-ca/|/service-areas/dustin-acres-ca/fire-damage-restoration/|/service-areas/dustin-acres-ca/home-remodeling/|/service-areas/arvin-ca/mold-inspection-testing/|/service-areas/bear-valley-springs-ca/mold-inspection-testing/|/contact/,5.60,planned
/service-areas/east-niles-ca/biohazard-cleanup/,service-area-service,"Biohazard Cleanup in East Niles, CA | ProRestoration Services",Biohazard Cleanup in East Niles,"24/7 biohazard cleanup in East Niles, CA. IICRC-certified, insurance billing accepted. Call (661) 393-9306.",biohazard cleanup east niles,biohazard remediation|blood cleanup|bodily fluid cleanup|sharps and needle cleanup|infectious material cleanup,local_sensitive,,,900,hero|og|inline-1|inline-2,service|local-business|faq|breadcrumb-list,/services/biohazard-cleanup/|/service-areas/east-niles-ca/|/service-areas/east-niles-ca/fire-damage-restoration/|/service-areas/east-niles-ca/home-remodeling/|/service-areas/arvin-ca/biohazard-cleanup/|/service-areas/bear-valley-springs-ca/biohazard-cleanup/|/contact/,5.60,planned
/service-areas/east-niles-ca/burst-pipe-repair/,service-area-service,"Burst Pipe Cleanup and Repair in East Niles, CA | ProRestoration Services",Burst Pipe Cleanup and Repair in East Niles,"24/7 burst pipe cleanup and repair in East Niles, CA. IICRC-certified, insurance billing accepted. Call (661) 393-9306.",burst pipe cleanup and repair east niles,burst pipe cleanup|pipe burst emergency|pipe break water damage|water line break|emergency pipe repair,local_emergency,,,900,hero|og|inline-1|inline-2,service|local-business|faq|breadcrumb-list,/services/burst-pipe-repair/|/service-areas/east-niles-ca/|/service-areas/east-niles-ca/fire-damage-restoration/|/service-areas/east-niles-ca/home-remodeling/|/service-areas/arvin-ca/burst-pipe-repair/|/service-areas/bear-valley-springs-ca/burst-pipe-repair/|/contact/,5.60,planned
/service-areas/east-niles-ca/general-contracting/,service-area-service,"Renovations, Remodels and General Contracting in East Niles, CA | ProRestoration Services","Renovations, Remodels and General Contracting in East Niles","24/7 renovations, remodels and general contracting in East Niles, CA. IICRC-certified, insurance billing accepted. Call (661) 393-9306.","renovations, remodels and general contracting east niles",general contractor|home renovation services|home remodeling|kitchen remodel|bathroom remodel|post-damage rebuild,local_commercial,,,900,hero|og|inline-1|inline-2,service|local-business|faq|breadcrumb-list,/services/general-contracting/|/service-areas/east-niles-ca/|/service-areas/east-niles-ca/fire-damage-restoration/|/service-areas/east-niles-ca/home-remodeling/|/service-areas/arvin-ca/general-contracting/|/service-areas/bear-valley-springs-ca/general-contracting/|/contact/,5.60,planned
/service-areas/east-niles-ca/mold-inspection-testing/,service-area-service,"Mold Inspection and Testing in East Niles, CA | ProRestoration Services",Mold Inspection and Testing in East Niles,"24/7 mold inspection and testing in East Niles, CA. IICRC-certified, insurance billing accepted. Call (661) 393-9306.",mold inspection and testing east niles,mold inspection|mold testing|indoor air quality testing|mold spore testing|mold assessment,local_health,,,900,hero|og|inline-1|inline-2,service|local-business|faq|breadcrumb-list,/services/mold-inspection-testing/|/service-areas/east-niles-ca/|/service-areas/east-niles-ca/fire-damage-restoration/|/service-areas/east-niles-ca/home-remodeling/|/service-areas/arvin-ca/mold-inspection-testing/|/service-areas/bear-valley-springs-ca/mold-inspection-testing/|/contact/,5.60,planned
/service-areas/keene-ca/biohazard-cleanup/,service-area-service,"Biohazard Cleanup in Keene, CA | ProRestoration Services",Biohazard Cleanup in Keene,"24/7 biohazard cleanup in Keene, CA. IICRC-certified, insurance billing accepted. Call (661) 393-9306.",biohazard cleanup keene,biohazard remediation|blood cleanup|bodily fluid cleanup|sharps and needle cleanup|infectious material cleanup,local_sensitive,,,900,hero|og|inline-1|inline-2,service|local-business|faq|breadcrumb-list,/services/biohazard-cleanup/|/service-areas/keene-ca/|/service-areas/keene-ca/fire-damage-restoration/|/service-areas/keene-ca/home-remodeling/|/service-areas/arvin-ca/biohazard-cleanup/|/service-areas/bear-valley-springs-ca/biohazard-cleanup/|/contact/,5.60,planned
/service-areas/keene-ca/burst-pipe-repair/,service-area-service,"Burst Pipe Cleanup and Repair in Keene, CA | ProRestoration Services",Burst Pipe Cleanup and Repair in Keene,"24/7 burst pipe cleanup and repair in Keene, CA. IICRC-certified, insurance billing accepted. Call (661) 393-9306.",burst pipe cleanup and repair keene,burst pipe cleanup|pipe burst emergency|pipe break water damage|water line break|emergency pipe repair,local_emergency,,,900,hero|og|inline-1|inline-2,service|local-business|faq|breadcrumb-list,/services/burst-pipe-repair/|/service-areas/keene-ca/|/service-areas/keene-ca/fire-damage-restoration/|/service-areas/keene-ca/home-remodeling/|/service-areas/arvin-ca/burst-pipe-repair/|/service-areas/bear-valley-springs-ca/burst-pipe-repair/|/contact/,5.60,planned
/service-areas/keene-ca/general-contracting/,service-area-service,"Renovations, Remodels and General Contracting in Keene, CA | ProRestoration Services","Renovations, Remodels and General Contracting in Keene","24/7 renovations, remodels and general contracting in Keene, CA. IICRC-certified, insurance billing accepted. Call (661) 393-9306.","renovations, remodels and general contracting keene",general contractor|home renovation services|home remodeling|kitchen remodel|bathroom remodel|post-damage rebuild,local_commercial,,,900,hero|og|inline-1|inline-2,service|local-business|faq|breadcrumb-list,/services/general-contracting/|/service-areas/keene-ca/|/service-areas/keene-ca/fire-damage-restoration/|/service-areas/keene-ca/home-remodeling/|/service-areas/arvin-ca/general-contracting/|/service-areas/bear-valley-springs-ca/general-contracting/|/contact/,5.60,planned
/service-areas/keene-ca/mold-inspection-testing/,service-area-service,"Mold Inspection and Testing in Keene, CA | ProRestoration Services",Mold Inspection and Testing in Keene,"24/7 mold inspection and testing in Keene, CA. IICRC-certified, insurance billing accepted. Call (661) 393-9306.",mold inspection and testing keene,mold inspection|mold testing|indoor air quality testing|mold spore testing|mold assessment,local_health,,,900,hero|og|inline-1|inline-2,service|local-business|faq|breadcrumb-list,/services/mold-inspection-testing/|/service-areas/keene-ca/|/service-areas/keene-ca/fire-damage-restoration/|/service-areas/keene-ca/home-remodeling/|/service-areas/arvin-ca/mold-inspection-testing/|/service-areas/bear-valley-springs-ca/mold-inspection-testing/|/contact/,5.60,planned
/service-areas/lake-isabella-ca/biohazard-cleanup/,service-area-service,"Biohazard Cleanup in Lake Isabella, CA | ProRestoration Services",Biohazard Cleanup in Lake Isabella,"24/7 biohazard cleanup in Lake Isabella, CA. IICRC-certified, insurance billing accepted. Call (661) 393-9306.",biohazard cleanup lake isabella,biohazard remediation|blood cleanup|bodily fluid cleanup|sharps and needle cleanup|infectious material cleanup,local_sensitive,,,900,hero|og|inline-1|inline-2,service|local-business|faq|breadcrumb-list,/services/biohazard-cleanup/|/service-areas/lake-isabella-ca/|/service-areas/lake-isabella-ca/fire-damage-restoration/|/service-areas/lake-isabella-ca/home-remodeling/|/service-areas/arvin-ca/biohazard-cleanup/|/service-areas/bear-valley-springs-ca/biohazard-cleanup/|/contact/,5.60,planned
/service-areas/lake-isabella-ca/burst-pipe-repair/,service-area-service,"Burst Pipe Cleanup and Repair in Lake Isabella, CA | ProRestoration Services",Burst Pipe Cleanup and Repair in Lake Isabella,"24/7 burst pipe cleanup and repair in Lake Isabella, CA. IICRC-certified, insurance billing accepted. Call (661) 393-9306.",burst pipe cleanup and repair lake isabella,burst pipe cleanup|pipe burst emergency|pipe break water damage|water line break|emergency pipe repair,local_emergency,,,900,hero|og|inline-1|inline-2,service|local-business|faq|breadcrumb-list,/services/burst-pipe-repair/|/service-areas/lake-isabella-ca/|/service-areas/lake-isabella-ca/fire-damage-restoration/|/service-areas/lake-isabella-ca/home-remodeling/|/service-areas/arvin-ca/burst-pipe-repair/|/service-areas/bear-valley-springs-ca/burst-pipe-repair/|/contact/,5.60,planned
/service-areas/lake-isabella-ca/general-contracting/,service-area-service,"Renovations, Remodels and General Contracting in Lake Isabella, CA | ProRestoration Services","Renovations, Remodels and General Contracting in Lake Isabella","24/7 renovations, remodels and general contracting in Lake Isabella, CA. IICRC-certified, insurance billing accepted. Call (661) 393-9306.","renovations, remodels and general contracting lake isabella",general contractor|home renovation services|home remodeling|kitchen remodel|bathroom remodel|post-damage rebuild,local_commercial,,,900,hero|og|inline-1|inline-2,service|local-business|faq|breadcrumb-list,/services/general-contracting/|/service-areas/lake-isabella-ca/|/service-areas/lake-isabella-ca/fire-damage-restoration/|/service-areas/lake-isabella-ca/home-remodeling/|/service-areas/arvin-ca/general-contracting/|/service-areas/bear-valley-springs-ca/general-contracting/|/contact/,5.60,planned
/service-areas/lake-isabella-ca/mold-inspection-testing/,service-area-service,"Mold Inspection and Testing in Lake Isabella, CA | ProRestoration Services",Mold Inspection and Testing in Lake Isabella,"24/7 mold inspection and testing in Lake Isabella, CA. IICRC-certified, insurance billing accepted. Call (661) 393-9306.",mold inspection and testing lake isabella,mold inspection|mold testing|indoor air quality testing|mold spore testing|mold assessment,local_health,,,900,hero|og|inline-1|inline-2,service|local-business|faq|breadcrumb-list,/services/mold-inspection-testing/|/service-areas/lake-isabella-ca/|/service-areas/lake-isabella-ca/fire-damage-restoration/|/service-areas/lake-isabella-ca/home-remodeling/|/service-areas/arvin-ca/mold-inspection-testing/|/service-areas/bear-valley-springs-ca/mold-inspection-testing/|/contact/,5.60,planned
/service-areas/lamont-ca/biohazard-cleanup/,service-area-service,"Biohazard Cleanup in Lamont, CA | ProRestoration Services",Biohazard Cleanup in Lamont,"24/7 biohazard cleanup in Lamont, CA. IICRC-certified, insurance billing accepted. Call (661) 393-9306.",biohazard cleanup lamont,biohazard remediation|blood cleanup|bodily fluid cleanup|sharps and needle cleanup|infectious material cleanup,local_sensitive,,,900,hero|og|inline-1|inline-2,service|local-business|faq|breadcrumb-list,/services/biohazard-cleanup/|/service-areas/lamont-ca/|/service-areas/lamont-ca/fire-damage-restoration/|/service-areas/lamont-ca/home-remodeling/|/service-areas/arvin-ca/biohazard-cleanup/|/service-areas/bear-valley-springs-ca/biohazard-cleanup/|/contact/,5.60,planned
/service-areas/lamont-ca/burst-pipe-repair/,service-area-service,"Burst Pipe Cleanup and Repair in Lamont, CA | ProRestoration Services",Burst Pipe Cleanup and Repair in Lamont,"24/7 burst pipe cleanup and repair in Lamont, CA. IICRC-certified, insurance billing accepted. Call (661) 393-9306.",burst pipe cleanup and repair lamont,burst pipe cleanup|pipe burst emergency|pipe break water damage|water line break|emergency pipe repair,local_emergency,,,900,hero|og|inline-1|inline-2,service|local-business|faq|breadcrumb-list,/services/burst-pipe-repair/|/service-areas/lamont-ca/|/service-areas/lamont-ca/fire-damage-restoration/|/service-areas/lamont-ca/home-remodeling/|/service-areas/arvin-ca/burst-pipe-repair/|/service-areas/bear-valley-springs-ca/burst-pipe-repair/|/contact/,5.60,planned
/service-areas/lamont-ca/general-contracting/,service-area-service,"Renovations, Remodels and General Contracting in Lamont, CA | ProRestoration Services","Renovations, Remodels and General Contracting in Lamont","24/7 renovations, remodels and general contracting in Lamont, CA. IICRC-certified, insurance billing accepted. Call (661) 393-9306.","renovations, remodels and general contracting lamont",general contractor|home renovation services|home remodeling|kitchen remodel|bathroom remodel|post-damage rebuild,local_commercial,,,900,hero|og|inline-1|inline-2,service|local-business|faq|breadcrumb-list,/services/general-contracting/|/service-areas/lamont-ca/|/service-areas/lamont-ca/fire-damage-restoration/|/service-areas/lamont-ca/home-remodeling/|/service-areas/arvin-ca/general-contracting/|/service-areas/bear-valley-springs-ca/general-contracting/|/contact/,5.60,planned
/service-areas/lamont-ca/mold-inspection-testing/,service-area-service,"Mold Inspection and Testing in Lamont, CA | ProRestoration Services",Mold Inspection and Testing in Lamont,"24/7 mold inspection and testing in Lamont, CA. IICRC-certified, insurance billing accepted. Call (661) 393-9306.",mold inspection and testing lamont,mold inspection|mold testing|indoor air quality testing|mold spore testing|mold assessment,local_health,,,900,hero|og|inline-1|inline-2,service|local-business|faq|breadcrumb-list,/services/mold-inspection-testing/|/service-areas/lamont-ca/|/service-areas/lamont-ca/fire-damage-restoration/|/service-areas/lamont-ca/home-remodeling/|/service-areas/arvin-ca/mold-inspection-testing/|/service-areas/bear-valley-springs-ca/mold-inspection-testing/|/contact/,5.60,planned
/service-areas/maricopa-ca/biohazard-cleanup/,service-area-service,"Biohazard Cleanup in Maricopa, CA | ProRestoration Services",Biohazard Cleanup in Maricopa,"24/7 biohazard cleanup in Maricopa, CA. IICRC-certified, insurance billing accepted. Call (661) 393-9306.",biohazard cleanup maricopa,biohazard remediation|blood cleanup|bodily fluid cleanup|sharps and needle cleanup|infectious material cleanup,local_sensitive,,,900,hero|og|inline-1|inline-2,service|local-business|faq|breadcrumb-list,/services/biohazard-cleanup/|/service-areas/maricopa-ca/|/service-areas/maricopa-ca/fire-damage-restoration/|/service-areas/maricopa-ca/home-remodeling/|/service-areas/arvin-ca/biohazard-cleanup/|/service-areas/bear-valley-springs-ca/biohazard-cleanup/|/contact/,5.60,planned
/service-areas/maricopa-ca/burst-pipe-repair/,service-area-service,"Burst Pipe Cleanup and Repair in Maricopa, CA | ProRestoration Services",Burst Pipe Cleanup and Repair in Maricopa,"24/7 burst pipe cleanup and repair in Maricopa, CA. IICRC-certified, insurance billing accepted. Call (661) 393-9306.",burst pipe cleanup and repair maricopa,burst pipe cleanup|pipe burst emergency|pipe break water damage|water line break|emergency pipe repair,local_emergency,,,900,hero|og|inline-1|inline-2,service|local-business|faq|breadcrumb-list,/services/burst-pipe-repair/|/service-areas/maricopa-ca/|/service-areas/maricopa-ca/fire-damage-restoration/|/service-areas/maricopa-ca/home-remodeling/|/service-areas/arvin-ca/burst-pipe-repair/|/service-areas/bear-valley-springs-ca/burst-pipe-repair/|/contact/,5.60,planned
/service-areas/maricopa-ca/general-contracting/,service-area-service,"Renovations, Remodels and General Contracting in Maricopa, CA | ProRestoration Services","Renovations, Remodels and General Contracting in Maricopa","24/7 renovations, remodels and general contracting in Maricopa, CA. IICRC-certified, insurance billing accepted. Call (661) 393-9306.","renovations, remodels and general contracting maricopa",general contractor|home renovation services|home remodeling|kitchen remodel|bathroom remodel|post-damage rebuild,local_commercial,,,900,hero|og|inline-1|inline-2,service|local-business|faq|breadcrumb-list,/services/general-contracting/|/service-areas/maricopa-ca/|/service-areas/maricopa-ca/fire-damage-restoration/|/service-areas/maricopa-ca/home-remodeling/|/service-areas/arvin-ca/general-contracting/|/service-areas/bear-valley-springs-ca/general-contracting/|/contact/,5.60,planned
/service-areas/maricopa-ca/mold-inspection-testing/,service-area-service,"Mold Inspection and Testing in Maricopa, CA | ProRestoration Services",Mold Inspection and Testing in Maricopa,"24/7 mold inspection and testing in Maricopa, CA. IICRC-certified, insurance billing accepted. Call (661) 393-9306.",mold inspection and testing maricopa,mold inspection|mold testing|indoor air quality testing|mold spore testing|mold assessment,local_health,,,900,hero|og|inline-1|inline-2,service|local-business|faq|breadcrumb-list,/services/mold-inspection-testing/|/service-areas/maricopa-ca/|/service-areas/maricopa-ca/fire-damage-restoration/|/service-areas/maricopa-ca/home-remodeling/|/service-areas/arvin-ca/mold-inspection-testing/|/service-areas/bear-valley-springs-ca/mold-inspection-testing/|/contact/,5.60,planned
/service-areas/mcfarland-ca/biohazard-cleanup/,service-area-service,"Biohazard Cleanup in McFarland, CA | ProRestoration Services",Biohazard Cleanup in McFarland,"24/7 biohazard cleanup in McFarland, CA. IICRC-certified, insurance billing accepted. Call (661) 393-9306.",biohazard cleanup mcfarland,biohazard remediation|blood cleanup|bodily fluid cleanup|sharps and needle cleanup|infectious material cleanup,local_sensitive,,,900,hero|og|inline-1|inline-2,service|local-business|faq|breadcrumb-list,/services/biohazard-cleanup/|/service-areas/mcfarland-ca/|/service-areas/mcfarland-ca/fire-damage-restoration/|/service-areas/mcfarland-ca/home-remodeling/|/service-areas/arvin-ca/biohazard-cleanup/|/service-areas/bear-valley-springs-ca/biohazard-cleanup/|/contact/,5.60,planned
/service-areas/mcfarland-ca/burst-pipe-repair/,service-area-service,"Burst Pipe Cleanup and Repair in McFarland, CA | ProRestoration Services",Burst Pipe Cleanup and Repair in McFarland,"24/7 burst pipe cleanup and repair in McFarland, CA. IICRC-certified, insurance billing accepted. Call (661) 393-9306.",burst pipe cleanup and repair mcfarland,burst pipe cleanup|pipe burst emergency|pipe break water damage|water line break|emergency pipe repair,local_emergency,,,900,hero|og|inline-1|inline-2,service|local-business|faq|breadcrumb-list,/services/burst-pipe-repair/|/service-areas/mcfarland-ca/|/service-areas/mcfarland-ca/fire-damage-restoration/|/service-areas/mcfarland-ca/home-remodeling/|/service-areas/arvin-ca/burst-pipe-repair/|/service-areas/bear-valley-springs-ca/burst-pipe-repair/|/contact/,5.60,planned
/service-areas/mcfarland-ca/general-contracting/,service-area-service,"Renovations, Remodels and General Contracting in McFarland, CA | ProRestoration Services","Renovations, Remodels and General Contracting in McFarland","24/7 renovations, remodels and general contracting in McFarland, CA. IICRC-certified, insurance billing accepted. Call (661) 393-9306.","renovations, remodels and general contracting mcfarland",general contractor|home renovation services|home remodeling|kitchen remodel|bathroom remodel|post-damage rebuild,local_commercial,,,900,hero|og|inline-1|inline-2,service|local-business|faq|breadcrumb-list,/services/general-contracting/|/service-areas/mcfarland-ca/|/service-areas/mcfarland-ca/fire-damage-restoration/|/service-areas/mcfarland-ca/home-remodeling/|/service-areas/arvin-ca/general-contracting/|/service-areas/bear-valley-springs-ca/general-contracting/|/contact/,5.60,planned
/service-areas/mcfarland-ca/mold-inspection-testing/,service-area-service,"Mold Inspection and Testing in McFarland, CA | ProRestoration Services",Mold Inspection and Testing in McFarland,"24/7 mold inspection and testing in McFarland, CA. IICRC-certified, insurance billing accepted. Call (661) 393-9306.",mold inspection and testing mcfarland,mold inspection|mold testing|indoor air quality testing|mold spore testing|mold assessment,local_health,,,900,hero|og|inline-1|inline-2,service|local-business|faq|breadcrumb-list,/services/mold-inspection-testing/|/service-areas/mcfarland-ca/|/service-areas/mcfarland-ca/fire-damage-restoration/|/service-areas/mcfarland-ca/home-remodeling/|/service-areas/arvin-ca/mold-inspection-testing/|/service-areas/bear-valley-springs-ca/mold-inspection-testing/|/contact/,5.60,planned
/service-areas/oildale-ca/biohazard-cleanup/,service-area-service,"Biohazard Cleanup in Oildale, CA | ProRestoration Services",Biohazard Cleanup in Oildale,"24/7 biohazard cleanup in Oildale, CA. IICRC-certified, insurance billing accepted. Call (661) 393-9306.",biohazard cleanup oildale,biohazard remediation|blood cleanup|bodily fluid cleanup|sharps and needle cleanup|infectious material cleanup,local_sensitive,,,900,hero|og|inline-1|inline-2,service|local-business|faq|breadcrumb-list,/services/biohazard-cleanup/|/service-areas/oildale-ca/|/service-areas/oildale-ca/fire-damage-restoration/|/service-areas/oildale-ca/home-remodeling/|/service-areas/arvin-ca/biohazard-cleanup/|/service-areas/bear-valley-springs-ca/biohazard-cleanup/|/contact/,5.60,planned
/service-areas/oildale-ca/burst-pipe-repair/,service-area-service,"Burst Pipe Cleanup and Repair in Oildale, CA | ProRestoration Services",Burst Pipe Cleanup and Repair in Oildale,"24/7 burst pipe cleanup and repair in Oildale, CA. IICRC-certified, insurance billing accepted. Call (661) 393-9306.",burst pipe cleanup and repair oildale,burst pipe cleanup|pipe burst emergency|pipe break water damage|water line break|emergency pipe repair,local_emergency,,,900,hero|og|inline-1|inline-2,service|local-business|faq|breadcrumb-list,/services/burst-pipe-repair/|/service-areas/oildale-ca/|/service-areas/oildale-ca/fire-damage-restoration/|/service-areas/oildale-ca/home-remodeling/|/service-areas/arvin-ca/burst-pipe-repair/|/service-areas/bear-valley-springs-ca/burst-pipe-repair/|/contact/,5.60,planned
/service-areas/oildale-ca/general-contracting/,service-area-service,"Renovations, Remodels and General Contracting in Oildale, CA | ProRestoration Services","Renovations, Remodels and General Contracting in Oildale","24/7 renovations, remodels and general contracting in Oildale, CA. IICRC-certified, insurance billing accepted. Call (661) 393-9306.","renovations, remodels and general contracting oildale",general contractor|home renovation services|home remodeling|kitchen remodel|bathroom remodel|post-damage rebuild,local_commercial,,,900,hero|og|inline-1|inline-2,service|local-business|faq|breadcrumb-list,/services/general-contracting/|/service-areas/oildale-ca/|/service-areas/oildale-ca/fire-damage-restoration/|/service-areas/oildale-ca/home-remodeling/|/service-areas/arvin-ca/general-contracting/|/service-areas/bear-valley-springs-ca/general-contracting/|/contact/,5.60,planned
/service-areas/oildale-ca/mold-inspection-testing/,service-area-service,"Mold Inspection and Testing in Oildale, CA | ProRestoration Services",Mold Inspection and Testing in Oildale,"24/7 mold inspection and testing in Oildale, CA. IICRC-certified, insurance billing accepted. Call (661) 393-9306.",mold inspection and testing oildale,mold inspection|mold testing|indoor air quality testing|mold spore testing|mold assessment,local_health,,,900,hero|og|inline-1|inline-2,service|local-business|faq|breadcrumb-list,/services/mold-inspection-testing/|/service-areas/oildale-ca/|/service-areas/oildale-ca/fire-damage-restoration/|/service-areas/oildale-ca/home-remodeling/|/service-areas/arvin-ca/mold-inspection-testing/|/service-areas/bear-valley-springs-ca/mold-inspection-testing/|/contact/,5.60,planned
/service-areas/rosedale-ca/biohazard-cleanup/,service-area-service,"Biohazard Cleanup in Rosedale, CA | ProRestoration Services",Biohazard Cleanup in Rosedale,"24/7 biohazard cleanup in Rosedale, CA. IICRC-certified, insurance billing accepted. Call (661) 393-9306.",biohazard cleanup rosedale,biohazard remediation|blood cleanup|bodily fluid cleanup|sharps and needle cleanup|infectious material cleanup,local_sensitive,,,900,hero|og|inline-1|inline-2,service|local-business|faq|breadcrumb-list,/services/biohazard-cleanup/|/service-areas/rosedale-ca/|/service-areas/rosedale-ca/fire-damage-restoration/|/service-areas/rosedale-ca/home-remodeling/|/service-areas/arvin-ca/biohazard-cleanup/|/service-areas/bear-valley-springs-ca/biohazard-cleanup/|/contact/,5.60,planned
/service-areas/rosedale-ca/burst-pipe-repair/,service-area-service,"Burst Pipe Cleanup and Repair in Rosedale, CA | ProRestoration Services",Burst Pipe Cleanup and Repair in Rosedale,"24/7 burst pipe cleanup and repair in Rosedale, CA. IICRC-certified, insurance billing accepted. Call (661) 393-9306.",burst pipe cleanup and repair rosedale,burst pipe cleanup|pipe burst emergency|pipe break water damage|water line break|emergency pipe repair,local_emergency,,,900,hero|og|inline-1|inline-2,service|local-business|faq|breadcrumb-list,/services/burst-pipe-repair/|/service-areas/rosedale-ca/|/service-areas/rosedale-ca/fire-damage-restoration/|/service-areas/rosedale-ca/home-remodeling/|/service-areas/arvin-ca/burst-pipe-repair/|/service-areas/bear-valley-springs-ca/burst-pipe-repair/|/contact/,5.60,planned
/service-areas/rosedale-ca/general-contracting/,service-area-service,"Renovations, Remodels and General Contracting in Rosedale, CA | ProRestoration Services","Renovations, Remodels and General Contracting in Rosedale","24/7 renovations, remodels and general contracting in Rosedale, CA. IICRC-certified, insurance billing accepted. Call (661) 393-9306.","renovations, remodels and general contracting rosedale",general contractor|home renovation services|home remodeling|kitchen remodel|bathroom remodel|post-damage rebuild,local_commercial,,,900,hero|og|inline-1|inline-2,service|local-business|faq|breadcrumb-list,/services/general-contracting/|/service-areas/rosedale-ca/|/service-areas/rosedale-ca/fire-damage-restoration/|/service-areas/rosedale-ca/home-remodeling/|/service-areas/arvin-ca/general-contracting/|/service-areas/bear-valley-springs-ca/general-contracting/|/contact/,5.60,planned
/service-areas/rosedale-ca/mold-inspection-testing/,service-area-service,"Mold Inspection and Testing in Rosedale, CA | ProRestoration Services",Mold Inspection and Testing in Rosedale,"24/7 mold inspection and testing in Rosedale, CA. IICRC-certified, insurance billing accepted. Call (661) 393-9306.",mold inspection and testing rosedale,mold inspection|mold testing|indoor air quality testing|mold spore testing|mold assessment,local_health,,,900,hero|og|inline-1|inline-2,service|local-business|faq|breadcrumb-list,/services/mold-inspection-testing/|/service-areas/rosedale-ca/|/service-areas/rosedale-ca/fire-damage-restoration/|/service-areas/rosedale-ca/home-remodeling/|/service-areas/arvin-ca/mold-inspection-testing/|/service-areas/bear-valley-springs-ca/mold-inspection-testing/|/contact/,5.60,planned
/service-areas/shafter-ca/biohazard-cleanup/,service-area-service,"Biohazard Cleanup in Shafter, CA | ProRestoration Services",Biohazard Cleanup in Shafter,"24/7 biohazard cleanup in Shafter, CA. IICRC-certified, insurance billing accepted. Call (661) 393-9306.",biohazard cleanup shafter,biohazard remediation|blood cleanup|bodily fluid cleanup|sharps and needle cleanup|infectious material cleanup,local_sensitive,,,900,hero|og|inline-1|inline-2,service|local-business|faq|breadcrumb-list,/services/biohazard-cleanup/|/service-areas/shafter-ca/|/service-areas/shafter-ca/fire-damage-restoration/|/service-areas/shafter-ca/home-remodeling/|/service-areas/arvin-ca/biohazard-cleanup/|/service-areas/bear-valley-springs-ca/biohazard-cleanup/|/contact/,5.60,planned
/service-areas/shafter-ca/burst-pipe-repair/,service-area-service,"Burst Pipe Cleanup and Repair in Shafter, CA | ProRestoration Services",Burst Pipe Cleanup and Repair in Shafter,"24/7 burst pipe cleanup and repair in Shafter, CA. IICRC-certified, insurance billing accepted. Call (661) 393-9306.",burst pipe cleanup and repair shafter,burst pipe cleanup|pipe burst emergency|pipe break water damage|water line break|emergency pipe repair,local_emergency,,,900,hero|og|inline-1|inline-2,service|local-business|faq|breadcrumb-list,/services/burst-pipe-repair/|/service-areas/shafter-ca/|/service-areas/shafter-ca/fire-damage-restoration/|/service-areas/shafter-ca/home-remodeling/|/service-areas/arvin-ca/burst-pipe-repair/|/service-areas/bear-valley-springs-ca/burst-pipe-repair/|/contact/,5.60,planned
/service-areas/shafter-ca/general-contracting/,service-area-service,"Renovations, Remodels and General Contracting in Shafter, CA | ProRestoration Services","Renovations, Remodels and General Contracting in Shafter","24/7 renovations, remodels and general contracting in Shafter, CA. IICRC-certified, insurance billing accepted. Call (661) 393-9306.","renovations, remodels and general contracting shafter",general contractor|home renovation services|home remodeling|kitchen remodel|bathroom remodel|post-damage rebuild,local_commercial,,,900,hero|og|inline-1|inline-2,service|local-business|faq|breadcrumb-list,/services/general-contracting/|/service-areas/shafter-ca/|/service-areas/shafter-ca/fire-damage-restoration/|/service-areas/shafter-ca/home-remodeling/|/service-areas/arvin-ca/general-contracting/|/service-areas/bear-valley-springs-ca/general-contracting/|/contact/,5.60,planned
/service-areas/shafter-ca/mold-inspection-testing/,service-area-service,"Mold Inspection and Testing in Shafter, CA | ProRestoration Services",Mold Inspection and Testing in Shafter,"24/7 mold inspection and testing in Shafter, CA. IICRC-certified, insurance billing accepted. Call (661) 393-9306.",mold inspection and testing shafter,mold inspection|mold testing|indoor air quality testing|mold spore testing|mold assessment,local_health,,,900,hero|og|inline-1|inline-2,service|local-business|faq|breadcrumb-list,/services/mold-inspection-testing/|/service-areas/shafter-ca/|/service-areas/shafter-ca/fire-damage-restoration/|/service-areas/shafter-ca/home-remodeling/|/service-areas/arvin-ca/mold-inspection-testing/|/service-areas/bear-valley-springs-ca/mold-inspection-testing/|/contact/,5.60,planned
/service-areas/taft-ca/biohazard-cleanup/,service-area-service,"Biohazard Cleanup in Taft, CA | ProRestoration Services",Biohazard Cleanup in Taft,"24/7 biohazard cleanup in Taft, CA. IICRC-certified, insurance billing accepted. Call (661) 393-9306.",biohazard cleanup taft,biohazard remediation|blood cleanup|bodily fluid cleanup|sharps and needle cleanup|infectious material cleanup,local_sensitive,,,900,hero|og|inline-1|inline-2,service|local-business|faq|breadcrumb-list,/services/biohazard-cleanup/|/service-areas/taft-ca/|/service-areas/taft-ca/fire-damage-restoration/|/service-areas/taft-ca/home-remodeling/|/service-areas/arvin-ca/biohazard-cleanup/|/service-areas/bear-valley-springs-ca/biohazard-cleanup/|/contact/,5.60,planned
/service-areas/taft-ca/burst-pipe-repair/,service-area-service,"Burst Pipe Cleanup and Repair in Taft, CA | ProRestoration Services",Burst Pipe Cleanup and Repair in Taft,"24/7 burst pipe cleanup and repair in Taft, CA. IICRC-certified, insurance billing accepted. Call (661) 393-9306.",burst pipe cleanup and repair taft,burst pipe cleanup|pipe burst emergency|pipe break water damage|water line break|emergency pipe repair,local_emergency,,,900,hero|og|inline-1|inline-2,service|local-business|faq|breadcrumb-list,/services/burst-pipe-repair/|/service-areas/taft-ca/|/service-areas/taft-ca/fire-damage-restoration/|/service-areas/taft-ca/home-remodeling/|/service-areas/arvin-ca/burst-pipe-repair/|/service-areas/bear-valley-springs-ca/burst-pipe-repair/|/contact/,5.60,planned
/service-areas/taft-ca/general-contracting/,service-area-service,"Renovations, Remodels and General Contracting in Taft, CA | ProRestoration Services","Renovations, Remodels and General Contracting in Taft","24/7 renovations, remodels and general contracting in Taft, CA. IICRC-certified, insurance billing accepted. Call (661) 393-9306.","renovations, remodels and general contracting taft",general contractor|home renovation services|home remodeling|kitchen remodel|bathroom remodel|post-damage rebuild,local_commercial,,,900,hero|og|inline-1|inline-2,service|local-business|faq|breadcrumb-list,/services/general-contracting/|/service-areas/taft-ca/|/service-areas/taft-ca/fire-damage-restoration/|/service-areas/taft-ca/home-remodeling/|/service-areas/arvin-ca/general-contracting/|/service-areas/bear-valley-springs-ca/general-contracting/|/contact/,5.60,planned
/service-areas/taft-ca/mold-inspection-testing/,service-area-service,"Mold Inspection and Testing in Taft, CA | ProRestoration Services",Mold Inspection and Testing in Taft,"24/7 mold inspection and testing in Taft, CA. IICRC-certified, insurance billing accepted. Call (661) 393-9306.",mold inspection and testing taft,mold inspection|mold testing|indoor air quality testing|mold spore testing|mold assessment,local_health,,,900,hero|og|inline-1|inline-2,service|local-business|faq|breadcrumb-list,/services/mold-inspection-testing/|/service-areas/taft-ca/|/service-areas/taft-ca/fire-damage-restoration/|/service-areas/taft-ca/home-remodeling/|/service-areas/arvin-ca/mold-inspection-testing/|/service-areas/bear-valley-springs-ca/mold-inspection-testing/|/contact/,5.60,planned
/service-areas/tarina-ca/biohazard-cleanup/,service-area-service,"Biohazard Cleanup in Tarina, CA | ProRestoration Services",Biohazard Cleanup in Tarina,"24/7 biohazard cleanup in Tarina, CA. IICRC-certified, insurance billing accepted. Call (661) 393-9306.",biohazard cleanup tarina,biohazard remediation|blood cleanup|bodily fluid cleanup|sharps and needle cleanup|infectious material cleanup,local_sensitive,,,900,hero|og|inline-1|inline-2,service|local-business|faq|breadcrumb-list,/services/biohazard-cleanup/|/service-areas/tarina-ca/|/service-areas/tarina-ca/fire-damage-restoration/|/service-areas/tarina-ca/home-remodeling/|/service-areas/arvin-ca/biohazard-cleanup/|/service-areas/bear-valley-springs-ca/biohazard-cleanup/|/contact/,5.60,planned
/service-areas/tarina-ca/burst-pipe-repair/,service-area-service,"Burst Pipe Cleanup and Repair in Tarina, CA | ProRestoration Services",Burst Pipe Cleanup and Repair in Tarina,"24/7 burst pipe cleanup and repair in Tarina, CA. IICRC-certified, insurance billing accepted. Call (661) 393-9306.",burst pipe cleanup and repair tarina,burst pipe cleanup|pipe burst emergency|pipe break water damage|water line break|emergency pipe repair,local_emergency,,,900,hero|og|inline-1|inline-2,service|local-business|faq|breadcrumb-list,/services/burst-pipe-repair/|/service-areas/tarina-ca/|/service-areas/tarina-ca/fire-damage-restoration/|/service-areas/tarina-ca/home-remodeling/|/service-areas/arvin-ca/burst-pipe-repair/|/service-areas/bear-valley-springs-ca/burst-pipe-repair/|/contact/,5.60,planned
/service-areas/tarina-ca/general-contracting/,service-area-service,"Renovations, Remodels and General Contracting in Tarina, CA | ProRestoration Services","Renovations, Remodels and General Contracting in Tarina","24/7 renovations, remodels and general contracting in Tarina, CA. IICRC-certified, insurance billing accepted. Call (661) 393-9306.","renovations, remodels and general contracting tarina",general contractor|home renovation services|home remodeling|kitchen remodel|bathroom remodel|post-damage rebuild,local_commercial,,,900,hero|og|inline-1|inline-2,service|local-business|faq|breadcrumb-list,/services/general-contracting/|/service-areas/tarina-ca/|/service-areas/tarina-ca/fire-damage-restoration/|/service-areas/tarina-ca/home-remodeling/|/service-areas/arvin-ca/general-contracting/|/service-areas/bear-valley-springs-ca/general-contracting/|/contact/,5.60,planned
/service-areas/tarina-ca/mold-inspection-testing/,service-area-service,"Mold Inspection and Testing in Tarina, CA | ProRestoration Services",Mold Inspection and Testing in Tarina,"24/7 mold inspection and testing in Tarina, CA. IICRC-certified, insurance billing accepted. Call (661) 393-9306.",mold inspection and testing tarina,mold inspection|mold testing|indoor air quality testing|mold spore testing|mold assessment,local_health,,,900,hero|og|inline-1|inline-2,service|local-business|faq|breadcrumb-list,/services/mold-inspection-testing/|/service-areas/tarina-ca/|/service-areas/tarina-ca/fire-damage-restoration/|/service-areas/tarina-ca/home-remodeling/|/service-areas/arvin-ca/mold-inspection-testing/|/service-areas/bear-valley-springs-ca/mold-inspection-testing/|/contact/,5.60,planned
/service-areas/tehachapi-ca/biohazard-cleanup/,service-area-service,"Biohazard Cleanup in Tehachapi, CA | ProRestoration Services",Biohazard Cleanup in Tehachapi,"24/7 biohazard cleanup in Tehachapi, CA. IICRC-certified, insurance billing accepted. Call (661) 393-9306.",biohazard cleanup tehachapi,biohazard remediation|blood cleanup|bodily fluid cleanup|sharps and needle cleanup|infectious material cleanup,local_sensitive,,,900,hero|og|inline-1|inline-2,service|local-business|faq|breadcrumb-list,/services/biohazard-cleanup/|/service-areas/tehachapi-ca/|/service-areas/tehachapi-ca/fire-damage-restoration/|/service-areas/tehachapi-ca/home-remodeling/|/service-areas/arvin-ca/biohazard-cleanup/|/service-areas/bear-valley-springs-ca/biohazard-cleanup/|/contact/,5.60,planned
/service-areas/tehachapi-ca/burst-pipe-repair/,service-area-service,"Burst Pipe Cleanup and Repair in Tehachapi, CA | ProRestoration Services",Burst Pipe Cleanup and Repair in Tehachapi,"24/7 burst pipe cleanup and repair in Tehachapi, CA. IICRC-certified, insurance billing accepted. Call (661) 393-9306.",burst pipe cleanup and repair tehachapi,burst pipe cleanup|pipe burst emergency|pipe break water damage|water line break|emergency pipe repair,local_emergency,,,900,hero|og|inline-1|inline-2,service|local-business|faq|breadcrumb-list,/services/burst-pipe-repair/|/service-areas/tehachapi-ca/|/service-areas/tehachapi-ca/fire-damage-restoration/|/service-areas/tehachapi-ca/home-remodeling/|/service-areas/arvin-ca/burst-pipe-repair/|/service-areas/bear-valley-springs-ca/burst-pipe-repair/|/contact/,5.60,planned
/service-areas/tehachapi-ca/general-contracting/,service-area-service,"Renovations, Remodels and General Contracting in Tehachapi, CA | ProRestoration Services","Renovations, Remodels and General Contracting in Tehachapi","24/7 renovations, remodels and general contracting in Tehachapi, CA. IICRC-certified, insurance billing accepted. Call (661) 393-9306.","renovations, remodels and general contracting tehachapi",general contractor|home renovation services|home remodeling|kitchen remodel|bathroom remodel|post-damage rebuild,local_commercial,,,900,hero|og|inline-1|inline-2,service|local-business|faq|breadcrumb-list,/services/general-contracting/|/service-areas/tehachapi-ca/|/service-areas/tehachapi-ca/fire-damage-restoration/|/service-areas/tehachapi-ca/home-remodeling/|/service-areas/arvin-ca/general-contracting/|/service-areas/bear-valley-springs-ca/general-contracting/|/contact/,5.60,planned
/service-areas/tehachapi-ca/mold-inspection-testing/,service-area-service,"Mold Inspection and Testing in Tehachapi, CA | ProRestoration Services",Mold Inspection and Testing in Tehachapi,"24/7 mold inspection and testing in Tehachapi, CA. IICRC-certified, insurance billing accepted. Call (661) 393-9306.",mold inspection and testing tehachapi,mold inspection|mold testing|indoor air quality testing|mold spore testing|mold assessment,local_health,,,900,hero|og|inline-1|inline-2,service|local-business|faq|breadcrumb-list,/services/mold-inspection-testing/|/service-areas/tehachapi-ca/|/service-areas/tehachapi-ca/fire-damage-restoration/|/service-areas/tehachapi-ca/home-remodeling/|/service-areas/arvin-ca/mold-inspection-testing/|/service-areas/bear-valley-springs-ca/mold-inspection-testing/|/contact/,5.60,planned
/service-areas/valley-acres-ca/biohazard-cleanup/,service-area-service,"Biohazard Cleanup in Valley Acres, CA | ProRestoration Services",Biohazard Cleanup in Valley Acres,"24/7 biohazard cleanup in Valley Acres, CA. IICRC-certified, insurance billing accepted. Call (661) 393-9306.",biohazard cleanup valley acres,biohazard remediation|blood cleanup|bodily fluid cleanup|sharps and needle cleanup|infectious material cleanup,local_sensitive,,,900,hero|og|inline-1|inline-2,service|local-business|faq|breadcrumb-list,/services/biohazard-cleanup/|/service-areas/valley-acres-ca/|/service-areas/valley-acres-ca/fire-damage-restoration/|/service-areas/valley-acres-ca/home-remodeling/|/service-areas/arvin-ca/biohazard-cleanup/|/service-areas/bear-valley-springs-ca/biohazard-cleanup/|/contact/,5.60,planned
/service-areas/valley-acres-ca/burst-pipe-repair/,service-area-service,"Burst Pipe Cleanup and Repair in Valley Acres, CA | ProRestoration Services",Burst Pipe Cleanup and Repair in Valley Acres,"24/7 burst pipe cleanup and repair in Valley Acres, CA. IICRC-certified, insurance billing accepted. Call (661) 393-9306.",burst pipe cleanup and repair valley acres,burst pipe cleanup|pipe burst emergency|pipe break water damage|water line break|emergency pipe repair,local_emergency,,,900,hero|og|inline-1|inline-2,service|local-business|faq|breadcrumb-list,/services/burst-pipe-repair/|/service-areas/valley-acres-ca/|/service-areas/valley-acres-ca/fire-damage-restoration/|/service-areas/valley-acres-ca/home-remodeling/|/service-areas/arvin-ca/burst-pipe-repair/|/service-areas/bear-valley-springs-ca/burst-pipe-repair/|/contact/,5.60,planned
/service-areas/valley-acres-ca/general-contracting/,service-area-service,"Renovations, Remodels and General Contracting in Valley Acres, CA | ProRestoration Services","Renovations, Remodels and General Contracting in Valley Acres","24/7 renovations, remodels and general contracting in Valley Acres, CA. IICRC-certified, insurance billing accepted. Call (661) 393-9306.","renovations, remodels and general contracting valley acres",general contractor|home renovation services|home remodeling|kitchen remodel|bathroom remodel|post-damage rebuild,local_commercial,,,900,hero|og|inline-1|inline-2,service|local-business|faq|breadcrumb-list,/services/general-contracting/|/service-areas/valley-acres-ca/|/service-areas/valley-acres-ca/fire-damage-restoration/|/service-areas/valley-acres-ca/home-remodeling/|/service-areas/arvin-ca/general-contracting/|/service-areas/bear-valley-springs-ca/general-contracting/|/contact/,5.60,planned
/service-areas/valley-acres-ca/mold-inspection-testing/,service-area-service,"Mold Inspection and Testing in Valley Acres, CA | ProRestoration Services",Mold Inspection and Testing in Valley Acres,"24/7 mold inspection and testing in Valley Acres, CA. IICRC-certified, insurance billing accepted. Call (661) 393-9306.",mold inspection and testing valley acres,mold inspection|mold testing|indoor air quality testing|mold spore testing|mold assessment,local_health,,,900,hero|og|inline-1|inline-2,service|local-business|faq|breadcrumb-list,/services/mold-inspection-testing/|/service-areas/valley-acres-ca/|/service-areas/valley-acres-ca/fire-damage-restoration/|/service-areas/valley-acres-ca/home-remodeling/|/service-areas/arvin-ca/mold-inspection-testing/|/service-areas/bear-valley-springs-ca/mold-inspection-testing/|/contact/,5.60,planned
/service-areas/wasco-ca/biohazard-cleanup/,service-area-service,"Biohazard Cleanup in Wasco, CA | ProRestoration Services",Biohazard Cleanup in Wasco,"24/7 biohazard cleanup in Wasco, CA. IICRC-certified, insurance billing accepted. Call (661) 393-9306.",biohazard cleanup wasco,biohazard remediation|blood cleanup|bodily fluid cleanup|sharps and needle cleanup|infectious material cleanup,local_sensitive,,,900,hero|og|inline-1|inline-2,service|local-business|faq|breadcrumb-list,/services/biohazard-cleanup/|/service-areas/wasco-ca/|/service-areas/wasco-ca/fire-damage-restoration/|/service-areas/wasco-ca/home-remodeling/|/service-areas/arvin-ca/biohazard-cleanup/|/service-areas/bear-valley-springs-ca/biohazard-cleanup/|/contact/,5.60,planned
/service-areas/wasco-ca/burst-pipe-repair/,service-area-service,"Burst Pipe Cleanup and Repair in Wasco, CA | ProRestoration Services",Burst Pipe Cleanup and Repair in Wasco,"24/7 burst pipe cleanup and repair in Wasco, CA. IICRC-certified, insurance billing accepted. Call (661) 393-9306.",burst pipe cleanup and repair wasco,burst pipe cleanup|pipe burst emergency|pipe break water damage|water line break|emergency pipe repair,local_emergency,,,900,hero|og|inline-1|inline-2,service|local-business|faq|breadcrumb-list,/services/burst-pipe-repair/|/service-areas/wasco-ca/|/service-areas/wasco-ca/fire-damage-restoration/|/service-areas/wasco-ca/home-remodeling/|/service-areas/arvin-ca/burst-pipe-repair/|/service-areas/bear-valley-springs-ca/burst-pipe-repair/|/contact/,5.60,planned
/service-areas/wasco-ca/general-contracting/,service-area-service,"Renovations, Remodels and General Contracting in Wasco, CA | ProRestoration Services","Renovations, Remodels and General Contracting in Wasco","24/7 renovations, remodels and general contracting in Wasco, CA. IICRC-certified, insurance billing accepted. Call (661) 393-9306.","renovations, remodels and general contracting wasco",general contractor|home renovation services|home remodeling|kitchen remodel|bathroom remodel|post-damage rebuild,local_commercial,,,900,hero|og|inline-1|inline-2,service|local-business|faq|breadcrumb-list,/services/general-contracting/|/service-areas/wasco-ca/|/service-areas/wasco-ca/fire-damage-restoration/|/service-areas/wasco-ca/home-remodeling/|/service-areas/arvin-ca/general-contracting/|/service-areas/bear-valley-springs-ca/general-contracting/|/contact/,5.60,planned
/service-areas/wasco-ca/mold-inspection-testing/,service-area-service,"Mold Inspection and Testing in Wasco, CA | ProRestoration Services",Mold Inspection and Testing in Wasco,"24/7 mold inspection and testing in Wasco, CA. IICRC-certified, insurance billing accepted. Call (661) 393-9306.",mold inspection and testing wasco,mold inspection|mold testing|indoor air quality testing|mold spore testing|mold assessment,local_health,,,900,hero|og|inline-1|inline-2,service|local-business|faq|breadcrumb-list,/services/mold-inspection-testing/|/service-areas/wasco-ca/|/service-areas/wasco-ca/fire-damage-restoration/|/service-areas/wasco-ca/home-remodeling/|/service-areas/arvin-ca/mold-inspection-testing/|/service-areas/bear-valley-springs-ca/mold-inspection-testing/|/contact/,5.60,planned
/service-areas/weedpatch-ca/biohazard-cleanup/,service-area-service,"Biohazard Cleanup in Weedpatch, CA | ProRestoration Services",Biohazard Cleanup in Weedpatch,"24/7 biohazard cleanup in Weedpatch, CA. IICRC-certified, insurance billing accepted. Call (661) 393-9306.",biohazard cleanup weedpatch,biohazard remediation|blood cleanup|bodily fluid cleanup|sharps and needle cleanup|infectious material cleanup,local_sensitive,,,900,hero|og|inline-1|inline-2,service|local-business|faq|breadcrumb-list,/services/biohazard-cleanup/|/service-areas/weedpatch-ca/|/service-areas/weedpatch-ca/fire-damage-restoration/|/service-areas/weedpatch-ca/home-remodeling/|/service-areas/arvin-ca/biohazard-cleanup/|/service-areas/bear-valley-springs-ca/biohazard-cleanup/|/contact/,5.60,planned
/service-areas/weedpatch-ca/burst-pipe-repair/,service-area-service,"Burst Pipe Cleanup and Repair in Weedpatch, CA | ProRestoration Services",Burst Pipe Cleanup and Repair in Weedpatch,"24/7 burst pipe cleanup and repair in Weedpatch, CA. IICRC-certified, insurance billing accepted. Call (661) 393-9306.",burst pipe cleanup and repair weedpatch,burst pipe cleanup|pipe burst emergency|pipe break water damage|water line break|emergency pipe repair,local_emergency,,,900,hero|og|inline-1|inline-2,service|local-business|faq|breadcrumb-list,/services/burst-pipe-repair/|/service-areas/weedpatch-ca/|/service-areas/weedpatch-ca/fire-damage-restoration/|/service-areas/weedpatch-ca/home-remodeling/|/service-areas/arvin-ca/burst-pipe-repair/|/service-areas/bear-valley-springs-ca/burst-pipe-repair/|/contact/,5.60,planned
/service-areas/weedpatch-ca/general-contracting/,service-area-service,"Renovations, Remodels and General Contracting in Weedpatch, CA | ProRestoration Services","Renovations, Remodels and General Contracting in Weedpatch","24/7 renovations, remodels and general contracting in Weedpatch, CA. IICRC-certified, insurance billing accepted. Call (661) 393-9306.","renovations, remodels and general contracting weedpatch",general contractor|home renovation services|home remodeling|kitchen remodel|bathroom remodel|post-damage rebuild,local_commercial,,,900,hero|og|inline-1|inline-2,service|local-business|faq|breadcrumb-list,/services/general-contracting/|/service-areas/weedpatch-ca/|/service-areas/weedpatch-ca/fire-damage-restoration/|/service-areas/weedpatch-ca/home-remodeling/|/service-areas/arvin-ca/general-contracting/|/service-areas/bear-valley-springs-ca/general-contracting/|/contact/,5.60,planned
/service-areas/weedpatch-ca/mold-inspection-testing/,service-area-service,"Mold Inspection and Testing in Weedpatch, CA | ProRestoration Services",Mold Inspection and Testing in Weedpatch,"24/7 mold inspection and testing in Weedpatch, CA. IICRC-certified, insurance billing accepted. Call (661) 393-9306.",mold inspection and testing weedpatch,mold inspection|mold testing|indoor air quality testing|mold spore testing|mold assessment,local_health,,,900,hero|og|inline-1|inline-2,service|local-business|faq|breadcrumb-list,/services/mold-inspection-testing/|/service-areas/weedpatch-ca/|/service-areas/weedpatch-ca/fire-damage-restoration/|/service-areas/weedpatch-ca/home-remodeling/|/service-areas/arvin-ca/mold-inspection-testing/|/service-areas/bear-valley-springs-ca/mold-inspection-testing/|/contact/,5.60,planned
/service-areas/woody-ca/biohazard-cleanup/,service-area-service,"Biohazard Cleanup in Woody, CA | ProRestoration Services",Biohazard Cleanup in Woody,"24/7 biohazard cleanup in Woody, CA. IICRC-certified, insurance billing accepted. Call (661) 393-9306.",biohazard cleanup woody,biohazard remediation|blood cleanup|bodily fluid cleanup|sharps and needle cleanup|infectious material cleanup,local_sensitive,,,900,hero|og|inline-1|inline-2,service|local-business|faq|breadcrumb-list,/services/biohazard-cleanup/|/service-areas/woody-ca/|/service-areas/woody-ca/fire-damage-restoration/|/service-areas/woody-ca/home-remodeling/|/service-areas/arvin-ca/biohazard-cleanup/|/service-areas/bear-valley-springs-ca/biohazard-cleanup/|/contact/,5.60,planned
/service-areas/woody-ca/burst-pipe-repair/,service-area-service,"Burst Pipe Cleanup and Repair in Woody, CA | ProRestoration Services",Burst Pipe Cleanup and Repair in Woody,"24/7 burst pipe cleanup and repair in Woody, CA. IICRC-certified, insurance billing accepted. Call (661) 393-9306.",burst pipe cleanup and repair woody,burst pipe cleanup|pipe burst emergency|pipe break water damage|water line break|emergency pipe repair,local_emergency,,,900,hero|og|inline-1|inline-2,service|local-business|faq|breadcrumb-list,/services/burst-pipe-repair/|/service-areas/woody-ca/|/service-areas/woody-ca/fire-damage-restoration/|/service-areas/woody-ca/home-remodeling/|/service-areas/arvin-ca/burst-pipe-repair/|/service-areas/bear-valley-springs-ca/burst-pipe-repair/|/contact/,5.60,planned
/service-areas/woody-ca/general-contracting/,service-area-service,"Renovations, Remodels and General Contracting in Woody, CA | ProRestoration Services","Renovations, Remodels and General Contracting in Woody","24/7 renovations, remodels and general contracting in Woody, CA. IICRC-certified, insurance billing accepted. Call (661) 393-9306.","renovations, remodels and general contracting woody",general contractor|home renovation services|home remodeling|kitchen remodel|bathroom remodel|post-damage rebuild,local_commercial,,,900,hero|og|inline-1|inline-2,service|local-business|faq|breadcrumb-list,/services/general-contracting/|/service-areas/woody-ca/|/service-areas/woody-ca/fire-damage-restoration/|/service-areas/woody-ca/home-remodeling/|/service-areas/arvin-ca/general-contracting/|/service-areas/bear-valley-springs-ca/general-contracting/|/contact/,5.60,planned
/service-areas/woody-ca/mold-inspection-testing/,service-area-service,"Mold Inspection and Testing in Woody, CA | ProRestoration Services",Mold Inspection and Testing in Woody,"24/7 mold inspection and testing in Woody, CA. IICRC-certified, insurance billing accepted. Call (661) 393-9306.",mold inspection and testing woody,mold inspection|mold testing|indoor air quality testing|mold spore testing|mold assessment,local_health,,,900,hero|og|inline-1|inline-2,service|local-business|faq|breadcrumb-list,/services/mold-inspection-testing/|/service-areas/woody-ca/|/service-areas/woody-ca/fire-damage-restoration/|/service-areas/woody-ca/home-remodeling/|/service-areas/arvin-ca/mold-inspection-testing/|/service-areas/bear-valley-springs-ca/mold-inspection-testing/|/contact/,5.60,planned
/blog/choosing-a-restoration-company/,blog-post,How To Choose a Restoration Company in  (Without Getting Burned),How To Choose a Restoration Company in  (Without Getting Burned),,how to choose a restoration company in  without getting burned,water damage restoration|fire damage restoration|mold remediation,commercial_decision,,,1400,hero|og|inline-1|inline-2,blog-posting|faq|breadcrumb-list,/blog/|/services/fire-damage-restoration/|/services/mold-remediation/|/services/water-damage-restoration/|/blog/burst-pipe-emergency-checklist/|/blog/what-to-do-first-24-hours-water-damage/|/blog/does-homeowners-insurance-cover-water-damage/,5.40,planned
/blog/does-homeowners-insurance-cover-water-damage/,blog-post,Does Homeowners Insurance Cover Water Damage? A Plain-English Guide,Does Homeowners Insurance Cover Water Damage? A Plain-English Guide,,does homeowners insurance cover water damage a plainenglish guide,water damage restoration,informational_insurance,,,1400,hero|og|inline-1|inline-2,blog-posting|faq|breadcrumb-list,/blog/|/services/water-damage-restoration/|/blog/burst-pipe-emergency-checklist/|/blog/what-to-do-first-24-hours-water-damage/|/blog/choosing-a-restoration-company/,5.40,planned
/blog/fire-damage-restoration-process/,blog-post,"The Fire Damage Restoration Process, Explained","The Fire Damage Restoration Process, Explained",,the fire damage restoration process explained,fire damage restoration|smoke damage restoration,informational_emergency,,,1400,hero|og|inline-1|inline-2,blog-posting|faq|breadcrumb-list,/blog/|/services/fire-damage-restoration/|/services/smoke-damage-restoration/|/blog/choosing-a-restoration-company/|/blog/smoke-odor-removal-techniques/,5.40,planned
/blog/how-to-test-for-mold/,blog-post,How To Test for Mold in Your Home (DIY Kits vs a Pro Inspection),How To Test for Mold in Your Home (DIY Kits vs a Pro Inspection),,how to test for mold in your home diy kits vs a pro inspection,mold remediation|mold inspection and testing,informational_health,,,1400,hero|og|inline-1|inline-2,blog-posting|faq|breadcrumb-list,/blog/|/services/mold-remediation/|/services/mold-inspection-testing/|/blog/choosing-a-restoration-company/|/blog/signs-of-hidden-mold/|/blog/black-mold-vs-regular-mold/,5.40,planned
/blog/signs-of-hidden-mold/,blog-post,7 Signs You Have Hidden Mold (and What To Do Next),7 Signs You Have Hidden Mold (and What To Do Next),,7 signs you have hidden mold and what to do next,mold remediation,informational_health,,,1400,hero|og|inline-1|inline-2,blog-posting|faq|breadcrumb-list,/blog/|/services/mold-remediation/|/blog/choosing-a-restoration-company/|/blog/how-to-test-for-mold/|/blog/black-mold-vs-regular-mold/,5.40,planned
/services/appliance-leak-cleanup/,service-landing,Appliance Leak Cleanup in Bakersfield | ProRestoration Services,Appliance Leak Cleanup in Bakersfield,"24/7 appliance leak cleanup in Bakersfield and surrounding areas. IICRC-certified, insurance billing accepted. Call (661) 393-9306.",appliance leak cleanup bakersfield,dishwasher leak cleanup|washing machine flood|refrigerator leak cleanup|water heater leak cleanup|ice maker line leak,local_emergency,,,1100,hero|og|inline-1|inline-2,service|local-business|faq|breadcrumb-list,/services/|/contact/|/service-areas/arvin-ca/appliance-leak-cleanup/|/service-areas/bear-valley-springs-ca/appliance-leak-cleanup/|/service-areas/buttonwillow-ca/appliance-leak-cleanup/|/service-areas/delano-ca/appliance-leak-cleanup/|/service-areas/dustin-acres-ca/appliance-leak-cleanup/|/service-areas/east-niles-ca/appliance-leak-cleanup/|/service-areas/keene-ca/appliance-leak-cleanup/|/service-areas/lake-isabella-ca/appliance-leak-cleanup/|/service-areas/lamont-ca/appliance-leak-cleanup/|/service-areas/maricopa-ca/appliance-leak-cleanup/|/service-areas/mcfarland-ca/appliance-leak-cleanup/|/service-areas/oildale-ca/appliance-leak-cleanup/|/blog/burst-pipe-emergency-checklist/,5.40,planned
/services/asbestos-abatement/,service-landing,Asbestos Abatement in Bakersfield | ProRestoration Services,Asbestos Abatement in Bakersfield,"24/7 asbestos abatement in Bakersfield and surrounding areas. IICRC-certified, insurance billing accepted. Call (661) 393-9306.",asbestos abatement bakersfield,asbestos removal|asbestos testing|asbestos remediation|popcorn ceiling asbestos removal|asbestos inspection,local_specialty,,,1100,hero|og|inline-1|inline-2,service|local-business|faq|breadcrumb-list,/services/|/contact/|/service-areas/arvin-ca/asbestos-abatement/|/service-areas/bear-valley-springs-ca/asbestos-abatement/|/service-areas/buttonwillow-ca/asbestos-abatement/|/service-areas/delano-ca/asbestos-abatement/|/service-areas/dustin-acres-ca/asbestos-abatement/|/service-areas/east-niles-ca/asbestos-abatement/|/service-areas/keene-ca/asbestos-abatement/|/service-areas/lake-isabella-ca/asbestos-abatement/|/service-areas/lamont-ca/asbestos-abatement/|/service-areas/maricopa-ca/asbestos-abatement/|/service-areas/mcfarland-ca/asbestos-abatement/|/service-areas/oildale-ca/asbestos-abatement/,5.40,planned
/,home,"ProRestoration Services | Restoration Services in Bakersfield, CA",24/7 Restoration Services in Bakersfield,"ProRestoration Services provides 24/7 water, fire, mold, and storm damage restoration across Bakersfield and surrounding areas. Licensed, insured, IICRC-certified. Call (661) 393-9306.",restoration services bakersfield,restoration company near me|24/7 damage restoration|emergency restoration,local_commercial,,,1200,hero|og|inline-1|inline-2|inline-3,organization|website|local-business|aggregate-rating,/services/|/service-areas/|/contact/|/about/|/services/fire-damage-restoration/|/services/home-remodeling/|/services/mold-remediation/|/services/roofing/|/services/water-damage-restoration/|/services/emergency-plumbing/|/services/flood-damage-restoration/|/services/reconstruction/|/services/sewage-cleanup/|/services/smoke-damage-restoration/|/services/storm-damage-restoration/|/services/water-cleanup/|/services/biohazard-cleanup/|/services/burst-pipe-repair/|/services/general-contracting/|/services/mold-inspection-testing/|/services/emergency-board-up-tarping/|/services/odor-removal/|/services/soot-removal/|/services/water-leak-detection/|/services/appliance-leak-cleanup/|/services/asbestos-abatement/|/services/air-duct-cleaning/|/services/contents-restoration-storage/|/services/crawl-space-encapsulation/|/services/carpet-cleaning/|/services/post-construction-cleaning/|/service-areas/arvin-ca/|/service-areas/bear-valley-springs-ca/|/service-areas/buttonwillow-ca/|/service-areas/delano-ca/|/service-areas/dustin-acres-ca/|/service-areas/east-niles-ca/|/service-areas/keene-ca/|/service-areas/lake-isabella-ca/|/service-areas/lamont-ca/|/service-areas/maricopa-ca/|/service-areas/mcfarland-ca/|/service-areas/oildale-ca/|/service-areas/rosedale-ca/|/service-areas/shafter-ca/|/service-areas/taft-ca/|/service-areas/tarina-ca/|/service-areas/tehachapi-ca/|/service-areas/valley-acres-ca/|/service-areas/wasco-ca/|/service-areas/weedpatch-ca/|/service-areas/woody-ca/,5.00,planned
/service-areas/arvin-ca/emergency-board-up-tarping/,service-area-service,"Emergency Board-Up and Tarping in Arvin, CA | ProRestoration Services",Emergency Board-Up and Tarping in Arvin,"24/7 emergency board-up and tarping in Arvin, CA. IICRC-certified, insurance billing accepted. Call (661) 393-9306.",emergency board-up and tarping arvin,emergency board up|roof tarping|emergency tarping service|fire damage board up|broken window board up,local_emergency,,,900,hero|og|inline-1|inline-2,service|local-business|faq|breadcrumb-list,/services/emergency-board-up-tarping/|/service-areas/arvin-ca/|/service-areas/arvin-ca/fire-damage-restoration/|/service-areas/arvin-ca/home-remodeling/|/service-areas/bear-valley-springs-ca/emergency-board-up-tarping/|/service-areas/buttonwillow-ca/emergency-board-up-tarping/|/contact/,4.90,planned
/service-areas/arvin-ca/odor-removal/,service-area-service,"Odor Removal and Deodorization in Arvin, CA | ProRestoration Services",Odor Removal and Deodorization in Arvin,"24/7 odor removal and deodorization in Arvin, CA. IICRC-certified, insurance billing accepted. Call (661) 393-9306.",odor removal and deodorization arvin,smoke odor removal|ozone treatment|hydroxyl deodorization|thermal fogging|professional odor elimination,local_specialty,,,900,hero|og|inline-1|inline-2,service|local-business|faq|breadcrumb-list,/services/odor-removal/|/service-areas/arvin-ca/|/service-areas/arvin-ca/fire-damage-restoration/|/service-areas/arvin-ca/home-remodeling/|/service-areas/bear-valley-springs-ca/odor-removal/|/service-areas/buttonwillow-ca/odor-removal/|/contact/,4.90,planned
/service-areas/arvin-ca/soot-removal/,service-area-service,"Soot Removal in Arvin, CA | ProRestoration Services",Soot Removal in Arvin,"24/7 soot removal in Arvin, CA. IICRC-certified, insurance billing accepted. Call (661) 393-9306.",soot removal arvin,soot cleaning|soot residue removal|post-fire soot cleanup|soot damage cleanup|soot wall cleaning,local_specialty,,,900,hero|og|inline-1|inline-2,service|local-business|faq|breadcrumb-list,/services/soot-removal/|/service-areas/arvin-ca/|/service-areas/arvin-ca/fire-damage-restoration/|/service-areas/arvin-ca/home-remodeling/|/service-areas/bear-valley-springs-ca/soot-removal/|/service-areas/buttonwillow-ca/soot-removal/|/contact/,4.90,planned
/service-areas/arvin-ca/water-leak-detection/,service-area-service,"Water Leak Detection in Arvin, CA | ProRestoration Services",Water Leak Detection in Arvin,"24/7 water leak detection in Arvin, CA. IICRC-certified, insurance billing accepted. Call (661) 393-9306.",water leak detection arvin,leak detection|hidden water leak|slab leak detection|water leak in wall|leak detection service,local_emergency,,,900,hero|og|inline-1|inline-2,service|local-business|faq|breadcrumb-list,/services/water-leak-detection/|/service-areas/arvin-ca/|/service-areas/arvin-ca/fire-damage-restoration/|/service-areas/arvin-ca/home-remodeling/|/service-areas/bear-valley-springs-ca/water-leak-detection/|/service-areas/buttonwillow-ca/water-leak-detection/|/contact/,4.90,planned
/service-areas/bear-valley-springs-ca/emergency-board-up-tarping/,service-area-service,"Emergency Board-Up and Tarping in Bear Valley Springs, CA | ProRestoration Services",Emergency Board-Up and Tarping in Bear Valley Springs,"24/7 emergency board-up and tarping in Bear Valley Springs, CA. IICRC-certified, insurance billing accepted. Call (661) 393-9306.",emergency board-up and tarping bear valley springs,emergency board up|roof tarping|emergency tarping service|fire damage board up|broken window board up,local_emergency,,,900,hero|og|inline-1|inline-2,service|local-business|faq|breadcrumb-list,/services/emergency-board-up-tarping/|/service-areas/bear-valley-springs-ca/|/service-areas/bear-valley-springs-ca/fire-damage-restoration/|/service-areas/bear-valley-springs-ca/home-remodeling/|/service-areas/arvin-ca/emergency-board-up-tarping/|/service-areas/buttonwillow-ca/emergency-board-up-tarping/|/contact/,4.90,planned
/service-areas/bear-valley-springs-ca/odor-removal/,service-area-service,"Odor Removal and Deodorization in Bear Valley Springs, CA | ProRestoration Services",Odor Removal and Deodorization in Bear Valley Springs,"24/7 odor removal and deodorization in Bear Valley Springs, CA. IICRC-certified, insurance billing accepted. Call (661) 393-9306.",odor removal and deodorization bear valley springs,smoke odor removal|ozone treatment|hydroxyl deodorization|thermal fogging|professional odor elimination,local_specialty,,,900,hero|og|inline-1|inline-2,service|local-business|faq|breadcrumb-list,/services/odor-removal/|/service-areas/bear-valley-springs-ca/|/service-areas/bear-valley-springs-ca/fire-damage-restoration/|/service-areas/bear-valley-springs-ca/home-remodeling/|/service-areas/arvin-ca/odor-removal/|/service-areas/buttonwillow-ca/odor-removal/|/contact/,4.90,planned
/service-areas/bear-valley-springs-ca/soot-removal/,service-area-service,"Soot Removal in Bear Valley Springs, CA | ProRestoration Services",Soot Removal in Bear Valley Springs,"24/7 soot removal in Bear Valley Springs, CA. IICRC-certified, insurance billing accepted. Call (661) 393-9306.",soot removal bear valley springs,soot cleaning|soot residue removal|post-fire soot cleanup|soot damage cleanup|soot wall cleaning,local_specialty,,,900,hero|og|inline-1|inline-2,service|local-business|faq|breadcrumb-list,/services/soot-removal/|/service-areas/bear-valley-springs-ca/|/service-areas/bear-valley-springs-ca/fire-damage-restoration/|/service-areas/bear-valley-springs-ca/home-remodeling/|/service-areas/arvin-ca/soot-removal/|/service-areas/buttonwillow-ca/soot-removal/|/contact/,4.90,planned
/service-areas/bear-valley-springs-ca/water-leak-detection/,service-area-service,"Water Leak Detection in Bear Valley Springs, CA | ProRestoration Services",Water Leak Detection in Bear Valley Springs,"24/7 water leak detection in Bear Valley Springs, CA. IICRC-certified, insurance billing accepted. Call (661) 393-9306.",water leak detection bear valley springs,leak detection|hidden water leak|slab leak detection|water leak in wall|leak detection service,local_emergency,,,900,hero|og|inline-1|inline-2,service|local-business|faq|breadcrumb-list,/services/water-leak-detection/|/service-areas/bear-valley-springs-ca/|/service-areas/bear-valley-springs-ca/fire-damage-restoration/|/service-areas/bear-valley-springs-ca/home-remodeling/|/service-areas/arvin-ca/water-leak-detection/|/service-areas/buttonwillow-ca/water-leak-detection/|/contact/,4.90,planned
/service-areas/buttonwillow-ca/emergency-board-up-tarping/,service-area-service,"Emergency Board-Up and Tarping in Buttonwillow, CA | ProRestoration Services",Emergency Board-Up and Tarping in Buttonwillow,"24/7 emergency board-up and tarping in Buttonwillow, CA. IICRC-certified, insurance billing accepted. Call (661) 393-9306.",emergency board-up and tarping buttonwillow,emergency board up|roof tarping|emergency tarping service|fire damage board up|broken window board up,local_emergency,,,900,hero|og|inline-1|inline-2,service|local-business|faq|breadcrumb-list,/services/emergency-board-up-tarping/|/service-areas/buttonwillow-ca/|/service-areas/buttonwillow-ca/fire-damage-restoration/|/service-areas/buttonwillow-ca/home-remodeling/|/service-areas/arvin-ca/emergency-board-up-tarping/|/service-areas/bear-valley-springs-ca/emergency-board-up-tarping/|/contact/,4.90,planned
/service-areas/buttonwillow-ca/odor-removal/,service-area-service,"Odor Removal and Deodorization in Buttonwillow, CA | ProRestoration Services",Odor Removal and Deodorization in Buttonwillow,"24/7 odor removal and deodorization in Buttonwillow, CA. IICRC-certified, insurance billing accepted. Call (661) 393-9306.",odor removal and deodorization buttonwillow,smoke odor removal|ozone treatment|hydroxyl deodorization|thermal fogging|professional odor elimination,local_specialty,,,900,hero|og|inline-1|inline-2,service|local-business|faq|breadcrumb-list,/services/odor-removal/|/service-areas/buttonwillow-ca/|/service-areas/buttonwillow-ca/fire-damage-restoration/|/service-areas/buttonwillow-ca/home-remodeling/|/service-areas/arvin-ca/odor-removal/|/service-areas/bear-valley-springs-ca/odor-removal/|/contact/,4.90,planned
/service-areas/buttonwillow-ca/soot-removal/,service-area-service,"Soot Removal in Buttonwillow, CA | ProRestoration Services",Soot Removal in Buttonwillow,"24/7 soot removal in Buttonwillow, CA. IICRC-certified, insurance billing accepted. Call (661) 393-9306.",soot removal buttonwillow,soot cleaning|soot residue removal|post-fire soot cleanup|soot damage cleanup|soot wall cleaning,local_specialty,,,900,hero|og|inline-1|inline-2,service|local-business|faq|breadcrumb-list,/services/soot-removal/|/service-areas/buttonwillow-ca/|/service-areas/buttonwillow-ca/fire-damage-restoration/|/service-areas/buttonwillow-ca/home-remodeling/|/service-areas/arvin-ca/soot-removal/|/service-areas/bear-valley-springs-ca/soot-removal/|/contact/,4.90,planned
/service-areas/buttonwillow-ca/water-leak-detection/,service-area-service,"Water Leak Detection in Buttonwillow, CA | ProRestoration Services",Water Leak Detection in Buttonwillow,"24/7 water leak detection in Buttonwillow, CA. IICRC-certified, insurance billing accepted. Call (661) 393-9306.",water leak detection buttonwillow,leak detection|hidden water leak|slab leak detection|water leak in wall|leak detection service,local_emergency,,,900,hero|og|inline-1|inline-2,service|local-business|faq|breadcrumb-list,/services/water-leak-detection/|/service-areas/buttonwillow-ca/|/service-areas/buttonwillow-ca/fire-damage-restoration/|/service-areas/buttonwillow-ca/home-remodeling/|/service-areas/arvin-ca/water-leak-detection/|/service-areas/bear-valley-springs-ca/water-leak-detection/|/contact/,4.90,planned
/service-areas/delano-ca/emergency-board-up-tarping/,service-area-service,"Emergency Board-Up and Tarping in Delano, CA | ProRestoration Services",Emergency Board-Up and Tarping in Delano,"24/7 emergency board-up and tarping in Delano, CA. IICRC-certified, insurance billing accepted. Call (661) 393-9306.",emergency board-up and tarping delano,emergency board up|roof tarping|emergency tarping service|fire damage board up|broken window board up,local_emergency,,,900,hero|og|inline-1|inline-2,service|local-business|faq|breadcrumb-list,/services/emergency-board-up-tarping/|/service-areas/delano-ca/|/service-areas/delano-ca/fire-damage-restoration/|/service-areas/delano-ca/home-remodeling/|/service-areas/arvin-ca/emergency-board-up-tarping/|/service-areas/bear-valley-springs-ca/emergency-board-up-tarping/|/contact/,4.90,planned
/service-areas/delano-ca/odor-removal/,service-area-service,"Odor Removal and Deodorization in Delano, CA | ProRestoration Services",Odor Removal and Deodorization in Delano,"24/7 odor removal and deodorization in Delano, CA. IICRC-certified, insurance billing accepted. Call (661) 393-9306.",odor removal and deodorization delano,smoke odor removal|ozone treatment|hydroxyl deodorization|thermal fogging|professional odor elimination,local_specialty,,,900,hero|og|inline-1|inline-2,service|local-business|faq|breadcrumb-list,/services/odor-removal/|/service-areas/delano-ca/|/service-areas/delano-ca/fire-damage-restoration/|/service-areas/delano-ca/home-remodeling/|/service-areas/arvin-ca/odor-removal/|/service-areas/bear-valley-springs-ca/odor-removal/|/contact/,4.90,planned
/service-areas/delano-ca/soot-removal/,service-area-service,"Soot Removal in Delano, CA | ProRestoration Services",Soot Removal in Delano,"24/7 soot removal in Delano, CA. IICRC-certified, insurance billing accepted. Call (661) 393-9306.",soot removal delano,soot cleaning|soot residue removal|post-fire soot cleanup|soot damage cleanup|soot wall cleaning,local_specialty,,,900,hero|og|inline-1|inline-2,service|local-business|faq|breadcrumb-list,/services/soot-removal/|/service-areas/delano-ca/|/service-areas/delano-ca/fire-damage-restoration/|/service-areas/delano-ca/home-remodeling/|/service-areas/arvin-ca/soot-removal/|/service-areas/bear-valley-springs-ca/soot-removal/|/contact/,4.90,planned
/service-areas/delano-ca/water-leak-detection/,service-area-service,"Water Leak Detection in Delano, CA | ProRestoration Services",Water Leak Detection in Delano,"24/7 water leak detection in Delano, CA. IICRC-certified, insurance billing accepted. Call (661) 393-9306.",water leak detection delano,leak detection|hidden water leak|slab leak detection|water leak in wall|leak detection service,local_emergency,,,900,hero|og|inline-1|inline-2,service|local-business|faq|breadcrumb-list,/services/water-leak-detection/|/service-areas/delano-ca/|/service-areas/delano-ca/fire-damage-restoration/|/service-areas/delano-ca/home-remodeling/|/service-areas/arvin-ca/water-leak-detection/|/service-areas/bear-valley-springs-ca/water-leak-detection/|/contact/,4.90,planned
/service-areas/dustin-acres-ca/emergency-board-up-tarping/,service-area-service,"Emergency Board-Up and Tarping in Dustin Acres, CA | ProRestoration Services",Emergency Board-Up and Tarping in Dustin Acres,"24/7 emergency board-up and tarping in Dustin Acres, CA. IICRC-certified, insurance billing accepted. Call (661) 393-9306.",emergency board-up and tarping dustin acres,emergency board up|roof tarping|emergency tarping service|fire damage board up|broken window board up,local_emergency,,,900,hero|og|inline-1|inline-2,service|local-business|faq|breadcrumb-list,/services/emergency-board-up-tarping/|/service-areas/dustin-acres-ca/|/service-areas/dustin-acres-ca/fire-damage-restoration/|/service-areas/dustin-acres-ca/home-remodeling/|/service-areas/arvin-ca/emergency-board-up-tarping/|/service-areas/bear-valley-springs-ca/emergency-board-up-tarping/|/contact/,4.90,planned
/service-areas/dustin-acres-ca/odor-removal/,service-area-service,"Odor Removal and Deodorization in Dustin Acres, CA | ProRestoration Services",Odor Removal and Deodorization in Dustin Acres,"24/7 odor removal and deodorization in Dustin Acres, CA. IICRC-certified, insurance billing accepted. Call (661) 393-9306.",odor removal and deodorization dustin acres,smoke odor removal|ozone treatment|hydroxyl deodorization|thermal fogging|professional odor elimination,local_specialty,,,900,hero|og|inline-1|inline-2,service|local-business|faq|breadcrumb-list,/services/odor-removal/|/service-areas/dustin-acres-ca/|/service-areas/dustin-acres-ca/fire-damage-restoration/|/service-areas/dustin-acres-ca/home-remodeling/|/service-areas/arvin-ca/odor-removal/|/service-areas/bear-valley-springs-ca/odor-removal/|/contact/,4.90,planned
/service-areas/dustin-acres-ca/soot-removal/,service-area-service,"Soot Removal in Dustin Acres, CA | ProRestoration Services",Soot Removal in Dustin Acres,"24/7 soot removal in Dustin Acres, CA. IICRC-certified, insurance billing accepted. Call (661) 393-9306.",soot removal dustin acres,soot cleaning|soot residue removal|post-fire soot cleanup|soot damage cleanup|soot wall cleaning,local_specialty,,,900,hero|og|inline-1|inline-2,service|local-business|faq|breadcrumb-list,/services/soot-removal/|/service-areas/dustin-acres-ca/|/service-areas/dustin-acres-ca/fire-damage-restoration/|/service-areas/dustin-acres-ca/home-remodeling/|/service-areas/arvin-ca/soot-removal/|/service-areas/bear-valley-springs-ca/soot-removal/|/contact/,4.90,planned
/service-areas/dustin-acres-ca/water-leak-detection/,service-area-service,"Water Leak Detection in Dustin Acres, CA | ProRestoration Services",Water Leak Detection in Dustin Acres,"24/7 water leak detection in Dustin Acres, CA. IICRC-certified, insurance billing accepted. Call (661) 393-9306.",water leak detection dustin acres,leak detection|hidden water leak|slab leak detection|water leak in wall|leak detection service,local_emergency,,,900,hero|og|inline-1|inline-2,service|local-business|faq|breadcrumb-list,/services/water-leak-detection/|/service-areas/dustin-acres-ca/|/service-areas/dustin-acres-ca/fire-damage-restoration/|/service-areas/dustin-acres-ca/home-remodeling/|/service-areas/arvin-ca/water-leak-detection/|/service-areas/bear-valley-springs-ca/water-leak-detection/|/contact/,4.90,planned
/service-areas/east-niles-ca/emergency-board-up-tarping/,service-area-service,"Emergency Board-Up and Tarping in East Niles, CA | ProRestoration Services",Emergency Board-Up and Tarping in East Niles,"24/7 emergency board-up and tarping in East Niles, CA. IICRC-certified, insurance billing accepted. Call (661) 393-9306.",emergency board-up and tarping east niles,emergency board up|roof tarping|emergency tarping service|fire damage board up|broken window board up,local_emergency,,,900,hero|og|inline-1|inline-2,service|local-business|faq|breadcrumb-list,/services/emergency-board-up-tarping/|/service-areas/east-niles-ca/|/service-areas/east-niles-ca/fire-damage-restoration/|/service-areas/east-niles-ca/home-remodeling/|/service-areas/arvin-ca/emergency-board-up-tarping/|/service-areas/bear-valley-springs-ca/emergency-board-up-tarping/|/contact/,4.90,planned
/service-areas/east-niles-ca/odor-removal/,service-area-service,"Odor Removal and Deodorization in East Niles, CA | ProRestoration Services",Odor Removal and Deodorization in East Niles,"24/7 odor removal and deodorization in East Niles, CA. IICRC-certified, insurance billing accepted. Call (661) 393-9306.",odor removal and deodorization east niles,smoke odor removal|ozone treatment|hydroxyl deodorization|thermal fogging|professional odor elimination,local_specialty,,,900,hero|og|inline-1|inline-2,service|local-business|faq|breadcrumb-list,/services/odor-removal/|/service-areas/east-niles-ca/|/service-areas/east-niles-ca/fire-damage-restoration/|/service-areas/east-niles-ca/home-remodeling/|/service-areas/arvin-ca/odor-removal/|/service-areas/bear-valley-springs-ca/odor-removal/|/contact/,4.90,planned
/service-areas/east-niles-ca/soot-removal/,service-area-service,"Soot Removal in East Niles, CA | ProRestoration Services",Soot Removal in East Niles,"24/7 soot removal in East Niles, CA. IICRC-certified, insurance billing accepted. Call (661) 393-9306.",soot removal east niles,soot cleaning|soot residue removal|post-fire soot cleanup|soot damage cleanup|soot wall cleaning,local_specialty,,,900,hero|og|inline-1|inline-2,service|local-business|faq|breadcrumb-list,/services/soot-removal/|/service-areas/east-niles-ca/|/service-areas/east-niles-ca/fire-damage-restoration/|/service-areas/east-niles-ca/home-remodeling/|/service-areas/arvin-ca/soot-removal/|/service-areas/bear-valley-springs-ca/soot-removal/|/contact/,4.90,planned
/service-areas/east-niles-ca/water-leak-detection/,service-area-service,"Water Leak Detection in East Niles, CA | ProRestoration Services",Water Leak Detection in East Niles,"24/7 water leak detection in East Niles, CA. IICRC-certified, insurance billing accepted. Call (661) 393-9306.",water leak detection east niles,leak detection|hidden water leak|slab leak detection|water leak in wall|leak detection service,local_emergency,,,900,hero|og|inline-1|inline-2,service|local-business|faq|breadcrumb-list,/services/water-leak-detection/|/service-areas/east-niles-ca/|/service-areas/east-niles-ca/fire-damage-restoration/|/service-areas/east-niles-ca/home-remodeling/|/service-areas/arvin-ca/water-leak-detection/|/service-areas/bear-valley-springs-ca/water-leak-detection/|/contact/,4.90,planned
/service-areas/keene-ca/emergency-board-up-tarping/,service-area-service,"Emergency Board-Up and Tarping in Keene, CA | ProRestoration Services",Emergency Board-Up and Tarping in Keene,"24/7 emergency board-up and tarping in Keene, CA. IICRC-certified, insurance billing accepted. Call (661) 393-9306.",emergency board-up and tarping keene,emergency board up|roof tarping|emergency tarping service|fire damage board up|broken window board up,local_emergency,,,900,hero|og|inline-1|inline-2,service|local-business|faq|breadcrumb-list,/services/emergency-board-up-tarping/|/service-areas/keene-ca/|/service-areas/keene-ca/fire-damage-restoration/|/service-areas/keene-ca/home-remodeling/|/service-areas/arvin-ca/emergency-board-up-tarping/|/service-areas/bear-valley-springs-ca/emergency-board-up-tarping/|/contact/,4.90,planned
/service-areas/keene-ca/odor-removal/,service-area-service,"Odor Removal and Deodorization in Keene, CA | ProRestoration Services",Odor Removal and Deodorization in Keene,"24/7 odor removal and deodorization in Keene, CA. IICRC-certified, insurance billing accepted. Call (661) 393-9306.",odor removal and deodorization keene,smoke odor removal|ozone treatment|hydroxyl deodorization|thermal fogging|professional odor elimination,local_specialty,,,900,hero|og|inline-1|inline-2,service|local-business|faq|breadcrumb-list,/services/odor-removal/|/service-areas/keene-ca/|/service-areas/keene-ca/fire-damage-restoration/|/service-areas/keene-ca/home-remodeling/|/service-areas/arvin-ca/odor-removal/|/service-areas/bear-valley-springs-ca/odor-removal/|/contact/,4.90,planned
/service-areas/keene-ca/soot-removal/,service-area-service,"Soot Removal in Keene, CA | ProRestoration Services",Soot Removal in Keene,"24/7 soot removal in Keene, CA. IICRC-certified, insurance billing accepted. Call (661) 393-9306.",soot removal keene,soot cleaning|soot residue removal|post-fire soot cleanup|soot damage cleanup|soot wall cleaning,local_specialty,,,900,hero|og|inline-1|inline-2,service|local-business|faq|breadcrumb-list,/services/soot-removal/|/service-areas/keene-ca/|/service-areas/keene-ca/fire-damage-restoration/|/service-areas/keene-ca/home-remodeling/|/service-areas/arvin-ca/soot-removal/|/service-areas/bear-valley-springs-ca/soot-removal/|/contact/,4.90,planned
/service-areas/keene-ca/water-leak-detection/,service-area-service,"Water Leak Detection in Keene, CA | ProRestoration Services",Water Leak Detection in Keene,"24/7 water leak detection in Keene, CA. IICRC-certified, insurance billing accepted. Call (661) 393-9306.",water leak detection keene,leak detection|hidden water leak|slab leak detection|water leak in wall|leak detection service,local_emergency,,,900,hero|og|inline-1|inline-2,service|local-business|faq|breadcrumb-list,/services/water-leak-detection/|/service-areas/keene-ca/|/service-areas/keene-ca/fire-damage-restoration/|/service-areas/keene-ca/home-remodeling/|/service-areas/arvin-ca/water-leak-detection/|/service-areas/bear-valley-springs-ca/water-leak-detection/|/contact/,4.90,planned
/service-areas/lake-isabella-ca/emergency-board-up-tarping/,service-area-service,"Emergency Board-Up and Tarping in Lake Isabella, CA | ProRestoration Services",Emergency Board-Up and Tarping in Lake Isabella,"24/7 emergency board-up and tarping in Lake Isabella, CA. IICRC-certified, insurance billing accepted. Call (661) 393-9306.",emergency board-up and tarping lake isabella,emergency board up|roof tarping|emergency tarping service|fire damage board up|broken window board up,local_emergency,,,900,hero|og|inline-1|inline-2,service|local-business|faq|breadcrumb-list,/services/emergency-board-up-tarping/|/service-areas/lake-isabella-ca/|/service-areas/lake-isabella-ca/fire-damage-restoration/|/service-areas/lake-isabella-ca/home-remodeling/|/service-areas/arvin-ca/emergency-board-up-tarping/|/service-areas/bear-valley-springs-ca/emergency-board-up-tarping/|/contact/,4.90,planned
/service-areas/lake-isabella-ca/odor-removal/,service-area-service,"Odor Removal and Deodorization in Lake Isabella, CA | ProRestoration Services",Odor Removal and Deodorization in Lake Isabella,"24/7 odor removal and deodorization in Lake Isabella, CA. IICRC-certified, insurance billing accepted. Call (661) 393-9306.",odor removal and deodorization lake isabella,smoke odor removal|ozone treatment|hydroxyl deodorization|thermal fogging|professional odor elimination,local_specialty,,,900,hero|og|inline-1|inline-2,service|local-business|faq|breadcrumb-list,/services/odor-removal/|/service-areas/lake-isabella-ca/|/service-areas/lake-isabella-ca/fire-damage-restoration/|/service-areas/lake-isabella-ca/home-remodeling/|/service-areas/arvin-ca/odor-removal/|/service-areas/bear-valley-springs-ca/odor-removal/|/contact/,4.90,planned
/service-areas/lake-isabella-ca/soot-removal/,service-area-service,"Soot Removal in Lake Isabella, CA | ProRestoration Services",Soot Removal in Lake Isabella,"24/7 soot removal in Lake Isabella, CA. IICRC-certified, insurance billing accepted. Call (661) 393-9306.",soot removal lake isabella,soot cleaning|soot residue removal|post-fire soot cleanup|soot damage cleanup|soot wall cleaning,local_specialty,,,900,hero|og|inline-1|inline-2,service|local-business|faq|breadcrumb-list,/services/soot-removal/|/service-areas/lake-isabella-ca/|/service-areas/lake-isabella-ca/fire-damage-restoration/|/service-areas/lake-isabella-ca/home-remodeling/|/service-areas/arvin-ca/soot-removal/|/service-areas/bear-valley-springs-ca/soot-removal/|/contact/,4.90,planned
/service-areas/lake-isabella-ca/water-leak-detection/,service-area-service,"Water Leak Detection in Lake Isabella, CA | ProRestoration Services",Water Leak Detection in Lake Isabella,"24/7 water leak detection in Lake Isabella, CA. IICRC-certified, insurance billing accepted. Call (661) 393-9306.",water leak detection lake isabella,leak detection|hidden water leak|slab leak detection|water leak in wall|leak detection service,local_emergency,,,900,hero|og|inline-1|inline-2,service|local-business|faq|breadcrumb-list,/services/water-leak-detection/|/service-areas/lake-isabella-ca/|/service-areas/lake-isabella-ca/fire-damage-restoration/|/service-areas/lake-isabella-ca/home-remodeling/|/service-areas/arvin-ca/water-leak-detection/|/service-areas/bear-valley-springs-ca/water-leak-detection/|/contact/,4.90,planned
/service-areas/lamont-ca/emergency-board-up-tarping/,service-area-service,"Emergency Board-Up and Tarping in Lamont, CA | ProRestoration Services",Emergency Board-Up and Tarping in Lamont,"24/7 emergency board-up and tarping in Lamont, CA. IICRC-certified, insurance billing accepted. Call (661) 393-9306.",emergency board-up and tarping lamont,emergency board up|roof tarping|emergency tarping service|fire damage board up|broken window board up,local_emergency,,,900,hero|og|inline-1|inline-2,service|local-business|faq|breadcrumb-list,/services/emergency-board-up-tarping/|/service-areas/lamont-ca/|/service-areas/lamont-ca/fire-damage-restoration/|/service-areas/lamont-ca/home-remodeling/|/service-areas/arvin-ca/emergency-board-up-tarping/|/service-areas/bear-valley-springs-ca/emergency-board-up-tarping/|/contact/,4.90,planned
/service-areas/lamont-ca/odor-removal/,service-area-service,"Odor Removal and Deodorization in Lamont, CA | ProRestoration Services",Odor Removal and Deodorization in Lamont,"24/7 odor removal and deodorization in Lamont, CA. IICRC-certified, insurance billing accepted. Call (661) 393-9306.",odor removal and deodorization lamont,smoke odor removal|ozone treatment|hydroxyl deodorization|thermal fogging|professional odor elimination,local_specialty,,,900,hero|og|inline-1|inline-2,service|local-business|faq|breadcrumb-list,/services/odor-removal/|/service-areas/lamont-ca/|/service-areas/lamont-ca/fire-damage-restoration/|/service-areas/lamont-ca/home-remodeling/|/service-areas/arvin-ca/odor-removal/|/service-areas/bear-valley-springs-ca/odor-removal/|/contact/,4.90,planned
/service-areas/lamont-ca/soot-removal/,service-area-service,"Soot Removal in Lamont, CA | ProRestoration Services",Soot Removal in Lamont,"24/7 soot removal in Lamont, CA. IICRC-certified, insurance billing accepted. Call (661) 393-9306.",soot removal lamont,soot cleaning|soot residue removal|post-fire soot cleanup|soot damage cleanup|soot wall cleaning,local_specialty,,,900,hero|og|inline-1|inline-2,service|local-business|faq|breadcrumb-list,/services/soot-removal/|/service-areas/lamont-ca/|/service-areas/lamont-ca/fire-damage-restoration/|/service-areas/lamont-ca/home-remodeling/|/service-areas/arvin-ca/soot-removal/|/service-areas/bear-valley-springs-ca/soot-removal/|/contact/,4.90,planned
/service-areas/lamont-ca/water-leak-detection/,service-area-service,"Water Leak Detection in Lamont, CA | ProRestoration Services",Water Leak Detection in Lamont,"24/7 water leak detection in Lamont, CA. IICRC-certified, insurance billing accepted. Call (661) 393-9306.",water leak detection lamont,leak detection|hidden water leak|slab leak detection|water leak in wall|leak detection service,local_emergency,,,900,hero|og|inline-1|inline-2,service|local-business|faq|breadcrumb-list,/services/water-leak-detection/|/service-areas/lamont-ca/|/service-areas/lamont-ca/fire-damage-restoration/|/service-areas/lamont-ca/home-remodeling/|/service-areas/arvin-ca/water-leak-detection/|/service-areas/bear-valley-springs-ca/water-leak-detection/|/contact/,4.90,planned
/service-areas/maricopa-ca/emergency-board-up-tarping/,service-area-service,"Emergency Board-Up and Tarping in Maricopa, CA | ProRestoration Services",Emergency Board-Up and Tarping in Maricopa,"24/7 emergency board-up and tarping in Maricopa, CA. IICRC-certified, insurance billing accepted. Call (661) 393-9306.",emergency board-up and tarping maricopa,emergency board up|roof tarping|emergency tarping service|fire damage board up|broken window board up,local_emergency,,,900,hero|og|inline-1|inline-2,service|local-business|faq|breadcrumb-list,/services/emergency-board-up-tarping/|/service-areas/maricopa-ca/|/service-areas/maricopa-ca/fire-damage-restoration/|/service-areas/maricopa-ca/home-remodeling/|/service-areas/arvin-ca/emergency-board-up-tarping/|/service-areas/bear-valley-springs-ca/emergency-board-up-tarping/|/contact/,4.90,planned
/service-areas/maricopa-ca/odor-removal/,service-area-service,"Odor Removal and Deodorization in Maricopa, CA | ProRestoration Services",Odor Removal and Deodorization in Maricopa,"24/7 odor removal and deodorization in Maricopa, CA. IICRC-certified, insurance billing accepted. Call (661) 393-9306.",odor removal and deodorization maricopa,smoke odor removal|ozone treatment|hydroxyl deodorization|thermal fogging|professional odor elimination,local_specialty,,,900,hero|og|inline-1|inline-2,service|local-business|faq|breadcrumb-list,/services/odor-removal/|/service-areas/maricopa-ca/|/service-areas/maricopa-ca/fire-damage-restoration/|/service-areas/maricopa-ca/home-remodeling/|/service-areas/arvin-ca/odor-removal/|/service-areas/bear-valley-springs-ca/odor-removal/|/contact/,4.90,planned
/service-areas/maricopa-ca/soot-removal/,service-area-service,"Soot Removal in Maricopa, CA | ProRestoration Services",Soot Removal in Maricopa,"24/7 soot removal in Maricopa, CA. IICRC-certified, insurance billing accepted. Call (661) 393-9306.",soot removal maricopa,soot cleaning|soot residue removal|post-fire soot cleanup|soot damage cleanup|soot wall cleaning,local_specialty,,,900,hero|og|inline-1|inline-2,service|local-business|faq|breadcrumb-list,/services/soot-removal/|/service-areas/maricopa-ca/|/service-areas/maricopa-ca/fire-damage-restoration/|/service-areas/maricopa-ca/home-remodeling/|/service-areas/arvin-ca/soot-removal/|/service-areas/bear-valley-springs-ca/soot-removal/|/contact/,4.90,planned
/service-areas/maricopa-ca/water-leak-detection/,service-area-service,"Water Leak Detection in Maricopa, CA | ProRestoration Services",Water Leak Detection in Maricopa,"24/7 water leak detection in Maricopa, CA. IICRC-certified, insurance billing accepted. Call (661) 393-9306.",water leak detection maricopa,leak detection|hidden water leak|slab leak detection|water leak in wall|leak detection service,local_emergency,,,900,hero|og|inline-1|inline-2,service|local-business|faq|breadcrumb-list,/services/water-leak-detection/|/service-areas/maricopa-ca/|/service-areas/maricopa-ca/fire-damage-restoration/|/service-areas/maricopa-ca/home-remodeling/|/service-areas/arvin-ca/water-leak-detection/|/service-areas/bear-valley-springs-ca/water-leak-detection/|/contact/,4.90,planned
/service-areas/mcfarland-ca/emergency-board-up-tarping/,service-area-service,"Emergency Board-Up and Tarping in McFarland, CA | ProRestoration Services",Emergency Board-Up and Tarping in McFarland,"24/7 emergency board-up and tarping in McFarland, CA. IICRC-certified, insurance billing accepted. Call (661) 393-9306.",emergency board-up and tarping mcfarland,emergency board up|roof tarping|emergency tarping service|fire damage board up|broken window board up,local_emergency,,,900,hero|og|inline-1|inline-2,service|local-business|faq|breadcrumb-list,/services/emergency-board-up-tarping/|/service-areas/mcfarland-ca/|/service-areas/mcfarland-ca/fire-damage-restoration/|/service-areas/mcfarland-ca/home-remodeling/|/service-areas/arvin-ca/emergency-board-up-tarping/|/service-areas/bear-valley-springs-ca/emergency-board-up-tarping/|/contact/,4.90,planned
/service-areas/mcfarland-ca/odor-removal/,service-area-service,"Odor Removal and Deodorization in McFarland, CA | ProRestoration Services",Odor Removal and Deodorization in McFarland,"24/7 odor removal and deodorization in McFarland, CA. IICRC-certified, insurance billing accepted. Call (661) 393-9306.",odor removal and deodorization mcfarland,smoke odor removal|ozone treatment|hydroxyl deodorization|thermal fogging|professional odor elimination,local_specialty,,,900,hero|og|inline-1|inline-2,service|local-business|faq|breadcrumb-list,/services/odor-removal/|/service-areas/mcfarland-ca/|/service-areas/mcfarland-ca/fire-damage-restoration/|/service-areas/mcfarland-ca/home-remodeling/|/service-areas/arvin-ca/odor-removal/|/service-areas/bear-valley-springs-ca/odor-removal/|/contact/,4.90,planned
/service-areas/mcfarland-ca/soot-removal/,service-area-service,"Soot Removal in McFarland, CA | ProRestoration Services",Soot Removal in McFarland,"24/7 soot removal in McFarland, CA. IICRC-certified, insurance billing accepted. Call (661) 393-9306.",soot removal mcfarland,soot cleaning|soot residue removal|post-fire soot cleanup|soot damage cleanup|soot wall cleaning,local_specialty,,,900,hero|og|inline-1|inline-2,service|local-business|faq|breadcrumb-list,/services/soot-removal/|/service-areas/mcfarland-ca/|/service-areas/mcfarland-ca/fire-damage-restoration/|/service-areas/mcfarland-ca/home-remodeling/|/service-areas/arvin-ca/soot-removal/|/service-areas/bear-valley-springs-ca/soot-removal/|/contact/,4.90,planned
/service-areas/mcfarland-ca/water-leak-detection/,service-area-service,"Water Leak Detection in McFarland, CA | ProRestoration Services",Water Leak Detection in McFarland,"24/7 water leak detection in McFarland, CA. IICRC-certified, insurance billing accepted. Call (661) 393-9306.",water leak detection mcfarland,leak detection|hidden water leak|slab leak detection|water leak in wall|leak detection service,local_emergency,,,900,hero|og|inline-1|inline-2,service|local-business|faq|breadcrumb-list,/services/water-leak-detection/|/service-areas/mcfarland-ca/|/service-areas/mcfarland-ca/fire-damage-restoration/|/service-areas/mcfarland-ca/home-remodeling/|/service-areas/arvin-ca/water-leak-detection/|/service-areas/bear-valley-springs-ca/water-leak-detection/|/contact/,4.90,planned
/service-areas/oildale-ca/emergency-board-up-tarping/,service-area-service,"Emergency Board-Up and Tarping in Oildale, CA | ProRestoration Services",Emergency Board-Up and Tarping in Oildale,"24/7 emergency board-up and tarping in Oildale, CA. IICRC-certified, insurance billing accepted. Call (661) 393-9306.",emergency board-up and tarping oildale,emergency board up|roof tarping|emergency tarping service|fire damage board up|broken window board up,local_emergency,,,900,hero|og|inline-1|inline-2,service|local-business|faq|breadcrumb-list,/services/emergency-board-up-tarping/|/service-areas/oildale-ca/|/service-areas/oildale-ca/fire-damage-restoration/|/service-areas/oildale-ca/home-remodeling/|/service-areas/arvin-ca/emergency-board-up-tarping/|/service-areas/bear-valley-springs-ca/emergency-board-up-tarping/|/contact/,4.90,planned
/service-areas/oildale-ca/odor-removal/,service-area-service,"Odor Removal and Deodorization in Oildale, CA | ProRestoration Services",Odor Removal and Deodorization in Oildale,"24/7 odor removal and deodorization in Oildale, CA. IICRC-certified, insurance billing accepted. Call (661) 393-9306.",odor removal and deodorization oildale,smoke odor removal|ozone treatment|hydroxyl deodorization|thermal fogging|professional odor elimination,local_specialty,,,900,hero|og|inline-1|inline-2,service|local-business|faq|breadcrumb-list,/services/odor-removal/|/service-areas/oildale-ca/|/service-areas/oildale-ca/fire-damage-restoration/|/service-areas/oildale-ca/home-remodeling/|/service-areas/arvin-ca/odor-removal/|/service-areas/bear-valley-springs-ca/odor-removal/|/contact/,4.90,planned
/service-areas/oildale-ca/soot-removal/,service-area-service,"Soot Removal in Oildale, CA | ProRestoration Services",Soot Removal in Oildale,"24/7 soot removal in Oildale, CA. IICRC-certified, insurance billing accepted. Call (661) 393-9306.",soot removal oildale,soot cleaning|soot residue removal|post-fire soot cleanup|soot damage cleanup|soot wall cleaning,local_specialty,,,900,hero|og|inline-1|inline-2,service|local-business|faq|breadcrumb-list,/services/soot-removal/|/service-areas/oildale-ca/|/service-areas/oildale-ca/fire-damage-restoration/|/service-areas/oildale-ca/home-remodeling/|/service-areas/arvin-ca/soot-removal/|/service-areas/bear-valley-springs-ca/soot-removal/|/contact/,4.90,planned
/service-areas/oildale-ca/water-leak-detection/,service-area-service,"Water Leak Detection in Oildale, CA | ProRestoration Services",Water Leak Detection in Oildale,"24/7 water leak detection in Oildale, CA. IICRC-certified, insurance billing accepted. Call (661) 393-9306.",water leak detection oildale,leak detection|hidden water leak|slab leak detection|water leak in wall|leak detection service,local_emergency,,,900,hero|og|inline-1|inline-2,service|local-business|faq|breadcrumb-list,/services/water-leak-detection/|/service-areas/oildale-ca/|/service-areas/oildale-ca/fire-damage-restoration/|/service-areas/oildale-ca/home-remodeling/|/service-areas/arvin-ca/water-leak-detection/|/service-areas/bear-valley-springs-ca/water-leak-detection/|/contact/,4.90,planned
/service-areas/rosedale-ca/emergency-board-up-tarping/,service-area-service,"Emergency Board-Up and Tarping in Rosedale, CA | ProRestoration Services",Emergency Board-Up and Tarping in Rosedale,"24/7 emergency board-up and tarping in Rosedale, CA. IICRC-certified, insurance billing accepted. Call (661) 393-9306.",emergency board-up and tarping rosedale,emergency board up|roof tarping|emergency tarping service|fire damage board up|broken window board up,local_emergency,,,900,hero|og|inline-1|inline-2,service|local-business|faq|breadcrumb-list,/services/emergency-board-up-tarping/|/service-areas/rosedale-ca/|/service-areas/rosedale-ca/fire-damage-restoration/|/service-areas/rosedale-ca/home-remodeling/|/service-areas/arvin-ca/emergency-board-up-tarping/|/service-areas/bear-valley-springs-ca/emergency-board-up-tarping/|/contact/,4.90,planned
/service-areas/rosedale-ca/odor-removal/,service-area-service,"Odor Removal and Deodorization in Rosedale, CA | ProRestoration Services",Odor Removal and Deodorization in Rosedale,"24/7 odor removal and deodorization in Rosedale, CA. IICRC-certified, insurance billing accepted. Call (661) 393-9306.",odor removal and deodorization rosedale,smoke odor removal|ozone treatment|hydroxyl deodorization|thermal fogging|professional odor elimination,local_specialty,,,900,hero|og|inline-1|inline-2,service|local-business|faq|breadcrumb-list,/services/odor-removal/|/service-areas/rosedale-ca/|/service-areas/rosedale-ca/fire-damage-restoration/|/service-areas/rosedale-ca/home-remodeling/|/service-areas/arvin-ca/odor-removal/|/service-areas/bear-valley-springs-ca/odor-removal/|/contact/,4.90,planned
/service-areas/rosedale-ca/soot-removal/,service-area-service,"Soot Removal in Rosedale, CA | ProRestoration Services",Soot Removal in Rosedale,"24/7 soot removal in Rosedale, CA. IICRC-certified, insurance billing accepted. Call (661) 393-9306.",soot removal rosedale,soot cleaning|soot residue removal|post-fire soot cleanup|soot damage cleanup|soot wall cleaning,local_specialty,,,900,hero|og|inline-1|inline-2,service|local-business|faq|breadcrumb-list,/services/soot-removal/|/service-areas/rosedale-ca/|/service-areas/rosedale-ca/fire-damage-restoration/|/service-areas/rosedale-ca/home-remodeling/|/service-areas/arvin-ca/soot-removal/|/service-areas/bear-valley-springs-ca/soot-removal/|/contact/,4.90,planned
/service-areas/rosedale-ca/water-leak-detection/,service-area-service,"Water Leak Detection in Rosedale, CA | ProRestoration Services",Water Leak Detection in Rosedale,"24/7 water leak detection in Rosedale, CA. IICRC-certified, insurance billing accepted. Call (661) 393-9306.",water leak detection rosedale,leak detection|hidden water leak|slab leak detection|water leak in wall|leak detection service,local_emergency,,,900,hero|og|inline-1|inline-2,service|local-business|faq|breadcrumb-list,/services/water-leak-detection/|/service-areas/rosedale-ca/|/service-areas/rosedale-ca/fire-damage-restoration/|/service-areas/rosedale-ca/home-remodeling/|/service-areas/arvin-ca/water-leak-detection/|/service-areas/bear-valley-springs-ca/water-leak-detection/|/contact/,4.90,planned
/service-areas/shafter-ca/emergency-board-up-tarping/,service-area-service,"Emergency Board-Up and Tarping in Shafter, CA | ProRestoration Services",Emergency Board-Up and Tarping in Shafter,"24/7 emergency board-up and tarping in Shafter, CA. IICRC-certified, insurance billing accepted. Call (661) 393-9306.",emergency board-up and tarping shafter,emergency board up|roof tarping|emergency tarping service|fire damage board up|broken window board up,local_emergency,,,900,hero|og|inline-1|inline-2,service|local-business|faq|breadcrumb-list,/services/emergency-board-up-tarping/|/service-areas/shafter-ca/|/service-areas/shafter-ca/fire-damage-restoration/|/service-areas/shafter-ca/home-remodeling/|/service-areas/arvin-ca/emergency-board-up-tarping/|/service-areas/bear-valley-springs-ca/emergency-board-up-tarping/|/contact/,4.90,planned
/service-areas/shafter-ca/odor-removal/,service-area-service,"Odor Removal and Deodorization in Shafter, CA | ProRestoration Services",Odor Removal and Deodorization in Shafter,"24/7 odor removal and deodorization in Shafter, CA. IICRC-certified, insurance billing accepted. Call (661) 393-9306.",odor removal and deodorization shafter,smoke odor removal|ozone treatment|hydroxyl deodorization|thermal fogging|professional odor elimination,local_specialty,,,900,hero|og|inline-1|inline-2,service|local-business|faq|breadcrumb-list,/services/odor-removal/|/service-areas/shafter-ca/|/service-areas/shafter-ca/fire-damage-restoration/|/service-areas/shafter-ca/home-remodeling/|/service-areas/arvin-ca/odor-removal/|/service-areas/bear-valley-springs-ca/odor-removal/|/contact/,4.90,planned
/service-areas/shafter-ca/soot-removal/,service-area-service,"Soot Removal in Shafter, CA | ProRestoration Services",Soot Removal in Shafter,"24/7 soot removal in Shafter, CA. IICRC-certified, insurance billing accepted. Call (661) 393-9306.",soot removal shafter,soot cleaning|soot residue removal|post-fire soot cleanup|soot damage cleanup|soot wall cleaning,local_specialty,,,900,hero|og|inline-1|inline-2,service|local-business|faq|breadcrumb-list,/services/soot-removal/|/service-areas/shafter-ca/|/service-areas/shafter-ca/fire-damage-restoration/|/service-areas/shafter-ca/home-remodeling/|/service-areas/arvin-ca/soot-removal/|/service-areas/bear-valley-springs-ca/soot-removal/|/contact/,4.90,planned
/service-areas/shafter-ca/water-leak-detection/,service-area-service,"Water Leak Detection in Shafter, CA | ProRestoration Services",Water Leak Detection in Shafter,"24/7 water leak detection in Shafter, CA. IICRC-certified, insurance billing accepted. Call (661) 393-9306.",water leak detection shafter,leak detection|hidden water leak|slab leak detection|water leak in wall|leak detection service,local_emergency,,,900,hero|og|inline-1|inline-2,service|local-business|faq|breadcrumb-list,/services/water-leak-detection/|/service-areas/shafter-ca/|/service-areas/shafter-ca/fire-damage-restoration/|/service-areas/shafter-ca/home-remodeling/|/service-areas/arvin-ca/water-leak-detection/|/service-areas/bear-valley-springs-ca/water-leak-detection/|/contact/,4.90,planned
/service-areas/taft-ca/emergency-board-up-tarping/,service-area-service,"Emergency Board-Up and Tarping in Taft, CA | ProRestoration Services",Emergency Board-Up and Tarping in Taft,"24/7 emergency board-up and tarping in Taft, CA. IICRC-certified, insurance billing accepted. Call (661) 393-9306.",emergency board-up and tarping taft,emergency board up|roof tarping|emergency tarping service|fire damage board up|broken window board up,local_emergency,,,900,hero|og|inline-1|inline-2,service|local-business|faq|breadcrumb-list,/services/emergency-board-up-tarping/|/service-areas/taft-ca/|/service-areas/taft-ca/fire-damage-restoration/|/service-areas/taft-ca/home-remodeling/|/service-areas/arvin-ca/emergency-board-up-tarping/|/service-areas/bear-valley-springs-ca/emergency-board-up-tarping/|/contact/,4.90,planned
/service-areas/taft-ca/odor-removal/,service-area-service,"Odor Removal and Deodorization in Taft, CA | ProRestoration Services",Odor Removal and Deodorization in Taft,"24/7 odor removal and deodorization in Taft, CA. IICRC-certified, insurance billing accepted. Call (661) 393-9306.",odor removal and deodorization taft,smoke odor removal|ozone treatment|hydroxyl deodorization|thermal fogging|professional odor elimination,local_specialty,,,900,hero|og|inline-1|inline-2,service|local-business|faq|breadcrumb-list,/services/odor-removal/|/service-areas/taft-ca/|/service-areas/taft-ca/fire-damage-restoration/|/service-areas/taft-ca/home-remodeling/|/service-areas/arvin-ca/odor-removal/|/service-areas/bear-valley-springs-ca/odor-removal/|/contact/,4.90,planned
/service-areas/taft-ca/soot-removal/,service-area-service,"Soot Removal in Taft, CA | ProRestoration Services",Soot Removal in Taft,"24/7 soot removal in Taft, CA. IICRC-certified, insurance billing accepted. Call (661) 393-9306.",soot removal taft,soot cleaning|soot residue removal|post-fire soot cleanup|soot damage cleanup|soot wall cleaning,local_specialty,,,900,hero|og|inline-1|inline-2,service|local-business|faq|breadcrumb-list,/services/soot-removal/|/service-areas/taft-ca/|/service-areas/taft-ca/fire-damage-restoration/|/service-areas/taft-ca/home-remodeling/|/service-areas/arvin-ca/soot-removal/|/service-areas/bear-valley-springs-ca/soot-removal/|/contact/,4.90,planned
/service-areas/taft-ca/water-leak-detection/,service-area-service,"Water Leak Detection in Taft, CA | ProRestoration Services",Water Leak Detection in Taft,"24/7 water leak detection in Taft, CA. IICRC-certified, insurance billing accepted. Call (661) 393-9306.",water leak detection taft,leak detection|hidden water leak|slab leak detection|water leak in wall|leak detection service,local_emergency,,,900,hero|og|inline-1|inline-2,service|local-business|faq|breadcrumb-list,/services/water-leak-detection/|/service-areas/taft-ca/|/service-areas/taft-ca/fire-damage-restoration/|/service-areas/taft-ca/home-remodeling/|/service-areas/arvin-ca/water-leak-detection/|/service-areas/bear-valley-springs-ca/water-leak-detection/|/contact/,4.90,planned
/service-areas/tarina-ca/emergency-board-up-tarping/,service-area-service,"Emergency Board-Up and Tarping in Tarina, CA | ProRestoration Services",Emergency Board-Up and Tarping in Tarina,"24/7 emergency board-up and tarping in Tarina, CA. IICRC-certified, insurance billing accepted. Call (661) 393-9306.",emergency board-up and tarping tarina,emergency board up|roof tarping|emergency tarping service|fire damage board up|broken window board up,local_emergency,,,900,hero|og|inline-1|inline-2,service|local-business|faq|breadcrumb-list,/services/emergency-board-up-tarping/|/service-areas/tarina-ca/|/service-areas/tarina-ca/fire-damage-restoration/|/service-areas/tarina-ca/home-remodeling/|/service-areas/arvin-ca/emergency-board-up-tarping/|/service-areas/bear-valley-springs-ca/emergency-board-up-tarping/|/contact/,4.90,planned
/service-areas/tarina-ca/odor-removal/,service-area-service,"Odor Removal and Deodorization in Tarina, CA | ProRestoration Services",Odor Removal and Deodorization in Tarina,"24/7 odor removal and deodorization in Tarina, CA. IICRC-certified, insurance billing accepted. Call (661) 393-9306.",odor removal and deodorization tarina,smoke odor removal|ozone treatment|hydroxyl deodorization|thermal fogging|professional odor elimination,local_specialty,,,900,hero|og|inline-1|inline-2,service|local-business|faq|breadcrumb-list,/services/odor-removal/|/service-areas/tarina-ca/|/service-areas/tarina-ca/fire-damage-restoration/|/service-areas/tarina-ca/home-remodeling/|/service-areas/arvin-ca/odor-removal/|/service-areas/bear-valley-springs-ca/odor-removal/|/contact/,4.90,planned
/service-areas/tarina-ca/soot-removal/,service-area-service,"Soot Removal in Tarina, CA | ProRestoration Services",Soot Removal in Tarina,"24/7 soot removal in Tarina, CA. IICRC-certified, insurance billing accepted. Call (661) 393-9306.",soot removal tarina,soot cleaning|soot residue removal|post-fire soot cleanup|soot damage cleanup|soot wall cleaning,local_specialty,,,900,hero|og|inline-1|inline-2,service|local-business|faq|breadcrumb-list,/services/soot-removal/|/service-areas/tarina-ca/|/service-areas/tarina-ca/fire-damage-restoration/|/service-areas/tarina-ca/home-remodeling/|/service-areas/arvin-ca/soot-removal/|/service-areas/bear-valley-springs-ca/soot-removal/|/contact/,4.90,planned
/service-areas/tarina-ca/water-leak-detection/,service-area-service,"Water Leak Detection in Tarina, CA | ProRestoration Services",Water Leak Detection in Tarina,"24/7 water leak detection in Tarina, CA. IICRC-certified, insurance billing accepted. Call (661) 393-9306.",water leak detection tarina,leak detection|hidden water leak|slab leak detection|water leak in wall|leak detection service,local_emergency,,,900,hero|og|inline-1|inline-2,service|local-business|faq|breadcrumb-list,/services/water-leak-detection/|/service-areas/tarina-ca/|/service-areas/tarina-ca/fire-damage-restoration/|/service-areas/tarina-ca/home-remodeling/|/service-areas/arvin-ca/water-leak-detection/|/service-areas/bear-valley-springs-ca/water-leak-detection/|/contact/,4.90,planned
/service-areas/tehachapi-ca/emergency-board-up-tarping/,service-area-service,"Emergency Board-Up and Tarping in Tehachapi, CA | ProRestoration Services",Emergency Board-Up and Tarping in Tehachapi,"24/7 emergency board-up and tarping in Tehachapi, CA. IICRC-certified, insurance billing accepted. Call (661) 393-9306.",emergency board-up and tarping tehachapi,emergency board up|roof tarping|emergency tarping service|fire damage board up|broken window board up,local_emergency,,,900,hero|og|inline-1|inline-2,service|local-business|faq|breadcrumb-list,/services/emergency-board-up-tarping/|/service-areas/tehachapi-ca/|/service-areas/tehachapi-ca/fire-damage-restoration/|/service-areas/tehachapi-ca/home-remodeling/|/service-areas/arvin-ca/emergency-board-up-tarping/|/service-areas/bear-valley-springs-ca/emergency-board-up-tarping/|/contact/,4.90,planned
/service-areas/tehachapi-ca/odor-removal/,service-area-service,"Odor Removal and Deodorization in Tehachapi, CA | ProRestoration Services",Odor Removal and Deodorization in Tehachapi,"24/7 odor removal and deodorization in Tehachapi, CA. IICRC-certified, insurance billing accepted. Call (661) 393-9306.",odor removal and deodorization tehachapi,smoke odor removal|ozone treatment|hydroxyl deodorization|thermal fogging|professional odor elimination,local_specialty,,,900,hero|og|inline-1|inline-2,service|local-business|faq|breadcrumb-list,/services/odor-removal/|/service-areas/tehachapi-ca/|/service-areas/tehachapi-ca/fire-damage-restoration/|/service-areas/tehachapi-ca/home-remodeling/|/service-areas/arvin-ca/odor-removal/|/service-areas/bear-valley-springs-ca/odor-removal/|/contact/,4.90,planned
/service-areas/tehachapi-ca/soot-removal/,service-area-service,"Soot Removal in Tehachapi, CA | ProRestoration Services",Soot Removal in Tehachapi,"24/7 soot removal in Tehachapi, CA. IICRC-certified, insurance billing accepted. Call (661) 393-9306.",soot removal tehachapi,soot cleaning|soot residue removal|post-fire soot cleanup|soot damage cleanup|soot wall cleaning,local_specialty,,,900,hero|og|inline-1|inline-2,service|local-business|faq|breadcrumb-list,/services/soot-removal/|/service-areas/tehachapi-ca/|/service-areas/tehachapi-ca/fire-damage-restoration/|/service-areas/tehachapi-ca/home-remodeling/|/service-areas/arvin-ca/soot-removal/|/service-areas/bear-valley-springs-ca/soot-removal/|/contact/,4.90,planned
/service-areas/tehachapi-ca/water-leak-detection/,service-area-service,"Water Leak Detection in Tehachapi, CA | ProRestoration Services",Water Leak Detection in Tehachapi,"24/7 water leak detection in Tehachapi, CA. IICRC-certified, insurance billing accepted. Call (661) 393-9306.",water leak detection tehachapi,leak detection|hidden water leak|slab leak detection|water leak in wall|leak detection service,local_emergency,,,900,hero|og|inline-1|inline-2,service|local-business|faq|breadcrumb-list,/services/water-leak-detection/|/service-areas/tehachapi-ca/|/service-areas/tehachapi-ca/fire-damage-restoration/|/service-areas/tehachapi-ca/home-remodeling/|/service-areas/arvin-ca/water-leak-detection/|/service-areas/bear-valley-springs-ca/water-leak-detection/|/contact/,4.90,planned
/service-areas/valley-acres-ca/emergency-board-up-tarping/,service-area-service,"Emergency Board-Up and Tarping in Valley Acres, CA | ProRestoration Services",Emergency Board-Up and Tarping in Valley Acres,"24/7 emergency board-up and tarping in Valley Acres, CA. IICRC-certified, insurance billing accepted. Call (661) 393-9306.",emergency board-up and tarping valley acres,emergency board up|roof tarping|emergency tarping service|fire damage board up|broken window board up,local_emergency,,,900,hero|og|inline-1|inline-2,service|local-business|faq|breadcrumb-list,/services/emergency-board-up-tarping/|/service-areas/valley-acres-ca/|/service-areas/valley-acres-ca/fire-damage-restoration/|/service-areas/valley-acres-ca/home-remodeling/|/service-areas/arvin-ca/emergency-board-up-tarping/|/service-areas/bear-valley-springs-ca/emergency-board-up-tarping/|/contact/,4.90,planned
/service-areas/valley-acres-ca/odor-removal/,service-area-service,"Odor Removal and Deodorization in Valley Acres, CA | ProRestoration Services",Odor Removal and Deodorization in Valley Acres,"24/7 odor removal and deodorization in Valley Acres, CA. IICRC-certified, insurance billing accepted. Call (661) 393-9306.",odor removal and deodorization valley acres,smoke odor removal|ozone treatment|hydroxyl deodorization|thermal fogging|professional odor elimination,local_specialty,,,900,hero|og|inline-1|inline-2,service|local-business|faq|breadcrumb-list,/services/odor-removal/|/service-areas/valley-acres-ca/|/service-areas/valley-acres-ca/fire-damage-restoration/|/service-areas/valley-acres-ca/home-remodeling/|/service-areas/arvin-ca/odor-removal/|/service-areas/bear-valley-springs-ca/odor-removal/|/contact/,4.90,planned
/service-areas/valley-acres-ca/soot-removal/,service-area-service,"Soot Removal in Valley Acres, CA | ProRestoration Services",Soot Removal in Valley Acres,"24/7 soot removal in Valley Acres, CA. IICRC-certified, insurance billing accepted. Call (661) 393-9306.",soot removal valley acres,soot cleaning|soot residue removal|post-fire soot cleanup|soot damage cleanup|soot wall cleaning,local_specialty,,,900,hero|og|inline-1|inline-2,service|local-business|faq|breadcrumb-list,/services/soot-removal/|/service-areas/valley-acres-ca/|/service-areas/valley-acres-ca/fire-damage-restoration/|/service-areas/valley-acres-ca/home-remodeling/|/service-areas/arvin-ca/soot-removal/|/service-areas/bear-valley-springs-ca/soot-removal/|/contact/,4.90,planned
/service-areas/valley-acres-ca/water-leak-detection/,service-area-service,"Water Leak Detection in Valley Acres, CA | ProRestoration Services",Water Leak Detection in Valley Acres,"24/7 water leak detection in Valley Acres, CA. IICRC-certified, insurance billing accepted. Call (661) 393-9306.",water leak detection valley acres,leak detection|hidden water leak|slab leak detection|water leak in wall|leak detection service,local_emergency,,,900,hero|og|inline-1|inline-2,service|local-business|faq|breadcrumb-list,/services/water-leak-detection/|/service-areas/valley-acres-ca/|/service-areas/valley-acres-ca/fire-damage-restoration/|/service-areas/valley-acres-ca/home-remodeling/|/service-areas/arvin-ca/water-leak-detection/|/service-areas/bear-valley-springs-ca/water-leak-detection/|/contact/,4.90,planned
/service-areas/wasco-ca/emergency-board-up-tarping/,service-area-service,"Emergency Board-Up and Tarping in Wasco, CA | ProRestoration Services",Emergency Board-Up and Tarping in Wasco,"24/7 emergency board-up and tarping in Wasco, CA. IICRC-certified, insurance billing accepted. Call (661) 393-9306.",emergency board-up and tarping wasco,emergency board up|roof tarping|emergency tarping service|fire damage board up|broken window board up,local_emergency,,,900,hero|og|inline-1|inline-2,service|local-business|faq|breadcrumb-list,/services/emergency-board-up-tarping/|/service-areas/wasco-ca/|/service-areas/wasco-ca/fire-damage-restoration/|/service-areas/wasco-ca/home-remodeling/|/service-areas/arvin-ca/emergency-board-up-tarping/|/service-areas/bear-valley-springs-ca/emergency-board-up-tarping/|/contact/,4.90,planned
/service-areas/wasco-ca/odor-removal/,service-area-service,"Odor Removal and Deodorization in Wasco, CA | ProRestoration Services",Odor Removal and Deodorization in Wasco,"24/7 odor removal and deodorization in Wasco, CA. IICRC-certified, insurance billing accepted. Call (661) 393-9306.",odor removal and deodorization wasco,smoke odor removal|ozone treatment|hydroxyl deodorization|thermal fogging|professional odor elimination,local_specialty,,,900,hero|og|inline-1|inline-2,service|local-business|faq|breadcrumb-list,/services/odor-removal/|/service-areas/wasco-ca/|/service-areas/wasco-ca/fire-damage-restoration/|/service-areas/wasco-ca/home-remodeling/|/service-areas/arvin-ca/odor-removal/|/service-areas/bear-valley-springs-ca/odor-removal/|/contact/,4.90,planned
/service-areas/wasco-ca/soot-removal/,service-area-service,"Soot Removal in Wasco, CA | ProRestoration Services",Soot Removal in Wasco,"24/7 soot removal in Wasco, CA. IICRC-certified, insurance billing accepted. Call (661) 393-9306.",soot removal wasco,soot cleaning|soot residue removal|post-fire soot cleanup|soot damage cleanup|soot wall cleaning,local_specialty,,,900,hero|og|inline-1|inline-2,service|local-business|faq|breadcrumb-list,/services/soot-removal/|/service-areas/wasco-ca/|/service-areas/wasco-ca/fire-damage-restoration/|/service-areas/wasco-ca/home-remodeling/|/service-areas/arvin-ca/soot-removal/|/service-areas/bear-valley-springs-ca/soot-removal/|/contact/,4.90,planned
/service-areas/wasco-ca/water-leak-detection/,service-area-service,"Water Leak Detection in Wasco, CA | ProRestoration Services",Water Leak Detection in Wasco,"24/7 water leak detection in Wasco, CA. IICRC-certified, insurance billing accepted. Call (661) 393-9306.",water leak detection wasco,leak detection|hidden water leak|slab leak detection|water leak in wall|leak detection service,local_emergency,,,900,hero|og|inline-1|inline-2,service|local-business|faq|breadcrumb-list,/services/water-leak-detection/|/service-areas/wasco-ca/|/service-areas/wasco-ca/fire-damage-restoration/|/service-areas/wasco-ca/home-remodeling/|/service-areas/arvin-ca/water-leak-detection/|/service-areas/bear-valley-springs-ca/water-leak-detection/|/contact/,4.90,planned
/service-areas/weedpatch-ca/emergency-board-up-tarping/,service-area-service,"Emergency Board-Up and Tarping in Weedpatch, CA | ProRestoration Services",Emergency Board-Up and Tarping in Weedpatch,"24/7 emergency board-up and tarping in Weedpatch, CA. IICRC-certified, insurance billing accepted. Call (661) 393-9306.",emergency board-up and tarping weedpatch,emergency board up|roof tarping|emergency tarping service|fire damage board up|broken window board up,local_emergency,,,900,hero|og|inline-1|inline-2,service|local-business|faq|breadcrumb-list,/services/emergency-board-up-tarping/|/service-areas/weedpatch-ca/|/service-areas/weedpatch-ca/fire-damage-restoration/|/service-areas/weedpatch-ca/home-remodeling/|/service-areas/arvin-ca/emergency-board-up-tarping/|/service-areas/bear-valley-springs-ca/emergency-board-up-tarping/|/contact/,4.90,planned
/service-areas/weedpatch-ca/odor-removal/,service-area-service,"Odor Removal and Deodorization in Weedpatch, CA | ProRestoration Services",Odor Removal and Deodorization in Weedpatch,"24/7 odor removal and deodorization in Weedpatch, CA. IICRC-certified, insurance billing accepted. Call (661) 393-9306.",odor removal and deodorization weedpatch,smoke odor removal|ozone treatment|hydroxyl deodorization|thermal fogging|professional odor elimination,local_specialty,,,900,hero|og|inline-1|inline-2,service|local-business|faq|breadcrumb-list,/services/odor-removal/|/service-areas/weedpatch-ca/|/service-areas/weedpatch-ca/fire-damage-restoration/|/service-areas/weedpatch-ca/home-remodeling/|/service-areas/arvin-ca/odor-removal/|/service-areas/bear-valley-springs-ca/odor-removal/|/contact/,4.90,planned
/service-areas/weedpatch-ca/soot-removal/,service-area-service,"Soot Removal in Weedpatch, CA | ProRestoration Services",Soot Removal in Weedpatch,"24/7 soot removal in Weedpatch, CA. IICRC-certified, insurance billing accepted. Call (661) 393-9306.",soot removal weedpatch,soot cleaning|soot residue removal|post-fire soot cleanup|soot damage cleanup|soot wall cleaning,local_specialty,,,900,hero|og|inline-1|inline-2,service|local-business|faq|breadcrumb-list,/services/soot-removal/|/service-areas/weedpatch-ca/|/service-areas/weedpatch-ca/fire-damage-restoration/|/service-areas/weedpatch-ca/home-remodeling/|/service-areas/arvin-ca/soot-removal/|/service-areas/bear-valley-springs-ca/soot-removal/|/contact/,4.90,planned
/service-areas/weedpatch-ca/water-leak-detection/,service-area-service,"Water Leak Detection in Weedpatch, CA | ProRestoration Services",Water Leak Detection in Weedpatch,"24/7 water leak detection in Weedpatch, CA. IICRC-certified, insurance billing accepted. Call (661) 393-9306.",water leak detection weedpatch,leak detection|hidden water leak|slab leak detection|water leak in wall|leak detection service,local_emergency,,,900,hero|og|inline-1|inline-2,service|local-business|faq|breadcrumb-list,/services/water-leak-detection/|/service-areas/weedpatch-ca/|/service-areas/weedpatch-ca/fire-damage-restoration/|/service-areas/weedpatch-ca/home-remodeling/|/service-areas/arvin-ca/water-leak-detection/|/service-areas/bear-valley-springs-ca/water-leak-detection/|/contact/,4.90,planned
/service-areas/woody-ca/emergency-board-up-tarping/,service-area-service,"Emergency Board-Up and Tarping in Woody, CA | ProRestoration Services",Emergency Board-Up and Tarping in Woody,"24/7 emergency board-up and tarping in Woody, CA. IICRC-certified, insurance billing accepted. Call (661) 393-9306.",emergency board-up and tarping woody,emergency board up|roof tarping|emergency tarping service|fire damage board up|broken window board up,local_emergency,,,900,hero|og|inline-1|inline-2,service|local-business|faq|breadcrumb-list,/services/emergency-board-up-tarping/|/service-areas/woody-ca/|/service-areas/woody-ca/fire-damage-restoration/|/service-areas/woody-ca/home-remodeling/|/service-areas/arvin-ca/emergency-board-up-tarping/|/service-areas/bear-valley-springs-ca/emergency-board-up-tarping/|/contact/,4.90,planned
/service-areas/woody-ca/odor-removal/,service-area-service,"Odor Removal and Deodorization in Woody, CA | ProRestoration Services",Odor Removal and Deodorization in Woody,"24/7 odor removal and deodorization in Woody, CA. IICRC-certified, insurance billing accepted. Call (661) 393-9306.",odor removal and deodorization woody,smoke odor removal|ozone treatment|hydroxyl deodorization|thermal fogging|professional odor elimination,local_specialty,,,900,hero|og|inline-1|inline-2,service|local-business|faq|breadcrumb-list,/services/odor-removal/|/service-areas/woody-ca/|/service-areas/woody-ca/fire-damage-restoration/|/service-areas/woody-ca/home-remodeling/|/service-areas/arvin-ca/odor-removal/|/service-areas/bear-valley-springs-ca/odor-removal/|/contact/,4.90,planned
/service-areas/woody-ca/soot-removal/,service-area-service,"Soot Removal in Woody, CA | ProRestoration Services",Soot Removal in Woody,"24/7 soot removal in Woody, CA. IICRC-certified, insurance billing accepted. Call (661) 393-9306.",soot removal woody,soot cleaning|soot residue removal|post-fire soot cleanup|soot damage cleanup|soot wall cleaning,local_specialty,,,900,hero|og|inline-1|inline-2,service|local-business|faq|breadcrumb-list,/services/soot-removal/|/service-areas/woody-ca/|/service-areas/woody-ca/fire-damage-restoration/|/service-areas/woody-ca/home-remodeling/|/service-areas/arvin-ca/soot-removal/|/service-areas/bear-valley-springs-ca/soot-removal/|/contact/,4.90,planned
/service-areas/woody-ca/water-leak-detection/,service-area-service,"Water Leak Detection in Woody, CA | ProRestoration Services",Water Leak Detection in Woody,"24/7 water leak detection in Woody, CA. IICRC-certified, insurance billing accepted. Call (661) 393-9306.",water leak detection woody,leak detection|hidden water leak|slab leak detection|water leak in wall|leak detection service,local_emergency,,,900,hero|og|inline-1|inline-2,service|local-business|faq|breadcrumb-list,/services/water-leak-detection/|/service-areas/woody-ca/|/service-areas/woody-ca/fire-damage-restoration/|/service-areas/woody-ca/home-remodeling/|/service-areas/arvin-ca/water-leak-detection/|/service-areas/bear-valley-springs-ca/water-leak-detection/|/contact/,4.90,planned
/blog/black-mold-vs-regular-mold/,blog-post,Black Mold vs Regular Mold: How To Tell the Difference,Black Mold vs Regular Mold: How To Tell the Difference,,black mold vs regular mold how to tell the difference,mold remediation,informational_health,,,1400,hero|og|inline-1|inline-2,blog-posting|faq|breadcrumb-list,/blog/|/services/mold-remediation/|/blog/choosing-a-restoration-company/|/blog/how-to-test-for-mold/|/blog/signs-of-hidden-mold/,4.80,planned
/blog/how-long-does-water-damage-restoration-take/,blog-post,How Long Does Water Damage Restoration Actually Take?,How Long Does Water Damage Restoration Actually Take?,,how long does water damage restoration actually take,water damage restoration,informational_process,,,1400,hero|og|inline-1|inline-2,blog-posting|faq|breadcrumb-list,/blog/|/services/water-damage-restoration/|/blog/burst-pipe-emergency-checklist/|/blog/what-to-do-first-24-hours-water-damage/|/blog/choosing-a-restoration-company/,4.80,planned
/blog/mold-after-water-damage/,blog-post,How Quickly Does Mold Grow After Water Damage?,How Quickly Does Mold Grow After Water Damage?,,how quickly does mold grow after water damage,mold remediation|water damage restoration,informational_emergency,,,1400,hero|og|inline-1|inline-2,blog-posting|faq|breadcrumb-list,/blog/|/services/mold-remediation/|/services/water-damage-restoration/|/blog/burst-pipe-emergency-checklist/|/blog/what-to-do-first-24-hours-water-damage/|/blog/choosing-a-restoration-company/,4.80,planned
/blog/storm-damage-insurance-claim-checklist/,blog-post,Storm Damage Insurance Claim Checklist (Use This Before You Call Your Insurer),Storm Damage Insurance Claim Checklist (Use This Before You Call Your Insurer),,storm damage insurance claim checklist use this before you call your insurer,storm damage restoration,informational_insurance,,,1400,hero|og|inline-1|inline-2,blog-posting|faq|breadcrumb-list,/blog/|/services/storm-damage-restoration/,4.80,planned
/service-areas/arvin-ca/,service-area,"Restoration Services in Arvin, CA | ProRestoration Services",Restoration Services in Arvin,"Serving Arvin, CA with 24/7 water, fire, mold, and storm damage restoration. IICRC-certified team. Call (661) 393-9306.",restoration services arvin,arvin restoration company|damage restoration arvin|arvin disaster restoration,local_commercial,,,900,hero|og|inline-1,local-business|service|breadcrumb-list,/service-areas/|/contact/|/service-areas/arvin-ca/fire-damage-restoration/|/service-areas/arvin-ca/home-remodeling/|/service-areas/arvin-ca/mold-remediation/|/service-areas/arvin-ca/roofing/|/service-areas/arvin-ca/water-damage-restoration/|/service-areas/arvin-ca/emergency-plumbing/|/service-areas/arvin-ca/flood-damage-restoration/|/service-areas/arvin-ca/reconstruction/|/service-areas/arvin-ca/sewage-cleanup/|/service-areas/arvin-ca/smoke-damage-restoration/|/service-areas/arvin-ca/storm-damage-restoration/|/service-areas/arvin-ca/water-cleanup/|/service-areas/arvin-ca/biohazard-cleanup/|/service-areas/arvin-ca/burst-pipe-repair/|/service-areas/arvin-ca/general-contracting/|/service-areas/arvin-ca/mold-inspection-testing/|/service-areas/arvin-ca/emergency-board-up-tarping/|/service-areas/arvin-ca/odor-removal/|/service-areas/arvin-ca/soot-removal/|/service-areas/arvin-ca/water-leak-detection/|/service-areas/arvin-ca/appliance-leak-cleanup/|/service-areas/arvin-ca/asbestos-abatement/|/service-areas/arvin-ca/air-duct-cleaning/|/service-areas/arvin-ca/contents-restoration-storage/|/service-areas/arvin-ca/crawl-space-encapsulation/|/service-areas/arvin-ca/carpet-cleaning/|/service-areas/arvin-ca/post-construction-cleaning/|/service-areas/bear-valley-springs-ca/|/service-areas/buttonwillow-ca/|/service-areas/delano-ca/,4.80,planned
/service-areas/bear-valley-springs-ca/,service-area,"Restoration Services in Bear Valley Springs, CA | ProRestoration Services",Restoration Services in Bear Valley Springs,"Serving Bear Valley Springs, CA with 24/7 water, fire, mold, and storm damage restoration. IICRC-certified team. Call (661) 393-9306.",restoration services bear valley springs,bear valley springs restoration company|damage restoration bear valley springs|bear valley springs disaster restoration,local_commercial,,,900,hero|og|inline-1,local-business|service|breadcrumb-list,/service-areas/|/contact/|/service-areas/bear-valley-springs-ca/fire-damage-restoration/|/service-areas/bear-valley-springs-ca/home-remodeling/|/service-areas/bear-valley-springs-ca/mold-remediation/|/service-areas/bear-valley-springs-ca/roofing/|/service-areas/bear-valley-springs-ca/water-damage-restoration/|/service-areas/bear-valley-springs-ca/emergency-plumbing/|/service-areas/bear-valley-springs-ca/flood-damage-restoration/|/service-areas/bear-valley-springs-ca/reconstruction/|/service-areas/bear-valley-springs-ca/sewage-cleanup/|/service-areas/bear-valley-springs-ca/smoke-damage-restoration/|/service-areas/bear-valley-springs-ca/storm-damage-restoration/|/service-areas/bear-valley-springs-ca/water-cleanup/|/service-areas/bear-valley-springs-ca/biohazard-cleanup/|/service-areas/bear-valley-springs-ca/burst-pipe-repair/|/service-areas/bear-valley-springs-ca/general-contracting/|/service-areas/bear-valley-springs-ca/mold-inspection-testing/|/service-areas/bear-valley-springs-ca/emergency-board-up-tarping/|/service-areas/bear-valley-springs-ca/odor-removal/|/service-areas/bear-valley-springs-ca/soot-removal/|/service-areas/bear-valley-springs-ca/water-leak-detection/|/service-areas/bear-valley-springs-ca/appliance-leak-cleanup/|/service-areas/bear-valley-springs-ca/asbestos-abatement/|/service-areas/bear-valley-springs-ca/air-duct-cleaning/|/service-areas/bear-valley-springs-ca/contents-restoration-storage/|/service-areas/bear-valley-springs-ca/crawl-space-encapsulation/|/service-areas/bear-valley-springs-ca/carpet-cleaning/|/service-areas/bear-valley-springs-ca/post-construction-cleaning/|/service-areas/arvin-ca/|/service-areas/buttonwillow-ca/|/service-areas/delano-ca/,4.80,planned
/service-areas/buttonwillow-ca/,service-area,"Restoration Services in Buttonwillow, CA | ProRestoration Services",Restoration Services in Buttonwillow,"Serving Buttonwillow, CA with 24/7 water, fire, mold, and storm damage restoration. IICRC-certified team. Call (661) 393-9306.",restoration services buttonwillow,buttonwillow restoration company|damage restoration buttonwillow|buttonwillow disaster restoration,local_commercial,,,900,hero|og|inline-1,local-business|service|breadcrumb-list,/service-areas/|/contact/|/service-areas/buttonwillow-ca/fire-damage-restoration/|/service-areas/buttonwillow-ca/home-remodeling/|/service-areas/buttonwillow-ca/mold-remediation/|/service-areas/buttonwillow-ca/roofing/|/service-areas/buttonwillow-ca/water-damage-restoration/|/service-areas/buttonwillow-ca/emergency-plumbing/|/service-areas/buttonwillow-ca/flood-damage-restoration/|/service-areas/buttonwillow-ca/reconstruction/|/service-areas/buttonwillow-ca/sewage-cleanup/|/service-areas/buttonwillow-ca/smoke-damage-restoration/|/service-areas/buttonwillow-ca/storm-damage-restoration/|/service-areas/buttonwillow-ca/water-cleanup/|/service-areas/buttonwillow-ca/biohazard-cleanup/|/service-areas/buttonwillow-ca/burst-pipe-repair/|/service-areas/buttonwillow-ca/general-contracting/|/service-areas/buttonwillow-ca/mold-inspection-testing/|/service-areas/buttonwillow-ca/emergency-board-up-tarping/|/service-areas/buttonwillow-ca/odor-removal/|/service-areas/buttonwillow-ca/soot-removal/|/service-areas/buttonwillow-ca/water-leak-detection/|/service-areas/buttonwillow-ca/appliance-leak-cleanup/|/service-areas/buttonwillow-ca/asbestos-abatement/|/service-areas/buttonwillow-ca/air-duct-cleaning/|/service-areas/buttonwillow-ca/contents-restoration-storage/|/service-areas/buttonwillow-ca/crawl-space-encapsulation/|/service-areas/buttonwillow-ca/carpet-cleaning/|/service-areas/buttonwillow-ca/post-construction-cleaning/|/service-areas/arvin-ca/|/service-areas/bear-valley-springs-ca/|/service-areas/delano-ca/,4.80,planned
/service-areas/delano-ca/,service-area,"Restoration Services in Delano, CA | ProRestoration Services",Restoration Services in Delano,"Serving Delano, CA with 24/7 water, fire, mold, and storm damage restoration. IICRC-certified team. Call (661) 393-9306.",restoration services delano,delano restoration company|damage restoration delano|delano disaster restoration,local_commercial,,,900,hero|og|inline-1,local-business|service|breadcrumb-list,/service-areas/|/contact/|/service-areas/delano-ca/fire-damage-restoration/|/service-areas/delano-ca/home-remodeling/|/service-areas/delano-ca/mold-remediation/|/service-areas/delano-ca/roofing/|/service-areas/delano-ca/water-damage-restoration/|/service-areas/delano-ca/emergency-plumbing/|/service-areas/delano-ca/flood-damage-restoration/|/service-areas/delano-ca/reconstruction/|/service-areas/delano-ca/sewage-cleanup/|/service-areas/delano-ca/smoke-damage-restoration/|/service-areas/delano-ca/storm-damage-restoration/|/service-areas/delano-ca/water-cleanup/|/service-areas/delano-ca/biohazard-cleanup/|/service-areas/delano-ca/burst-pipe-repair/|/service-areas/delano-ca/general-contracting/|/service-areas/delano-ca/mold-inspection-testing/|/service-areas/delano-ca/emergency-board-up-tarping/|/service-areas/delano-ca/odor-removal/|/service-areas/delano-ca/soot-removal/|/service-areas/delano-ca/water-leak-detection/|/service-areas/delano-ca/appliance-leak-cleanup/|/service-areas/delano-ca/asbestos-abatement/|/service-areas/delano-ca/air-duct-cleaning/|/service-areas/delano-ca/contents-restoration-storage/|/service-areas/delano-ca/crawl-space-encapsulation/|/service-areas/delano-ca/carpet-cleaning/|/service-areas/delano-ca/post-construction-cleaning/|/service-areas/arvin-ca/|/service-areas/bear-valley-springs-ca/|/service-areas/buttonwillow-ca/,4.80,planned
/service-areas/dustin-acres-ca/,service-area,"Restoration Services in Dustin Acres, CA | ProRestoration Services",Restoration Services in Dustin Acres,"Serving Dustin Acres, CA with 24/7 water, fire, mold, and storm damage restoration. IICRC-certified team. Call (661) 393-9306.",restoration services dustin acres,dustin acres restoration company|damage restoration dustin acres|dustin acres disaster restoration,local_commercial,,,900,hero|og|inline-1,local-business|service|breadcrumb-list,/service-areas/|/contact/|/service-areas/dustin-acres-ca/fire-damage-restoration/|/service-areas/dustin-acres-ca/home-remodeling/|/service-areas/dustin-acres-ca/mold-remediation/|/service-areas/dustin-acres-ca/roofing/|/service-areas/dustin-acres-ca/water-damage-restoration/|/service-areas/dustin-acres-ca/emergency-plumbing/|/service-areas/dustin-acres-ca/flood-damage-restoration/|/service-areas/dustin-acres-ca/reconstruction/|/service-areas/dustin-acres-ca/sewage-cleanup/|/service-areas/dustin-acres-ca/smoke-damage-restoration/|/service-areas/dustin-acres-ca/storm-damage-restoration/|/service-areas/dustin-acres-ca/water-cleanup/|/service-areas/dustin-acres-ca/biohazard-cleanup/|/service-areas/dustin-acres-ca/burst-pipe-repair/|/service-areas/dustin-acres-ca/general-contracting/|/service-areas/dustin-acres-ca/mold-inspection-testing/|/service-areas/dustin-acres-ca/emergency-board-up-tarping/|/service-areas/dustin-acres-ca/odor-removal/|/service-areas/dustin-acres-ca/soot-removal/|/service-areas/dustin-acres-ca/water-leak-detection/|/service-areas/dustin-acres-ca/appliance-leak-cleanup/|/service-areas/dustin-acres-ca/asbestos-abatement/|/service-areas/dustin-acres-ca/air-duct-cleaning/|/service-areas/dustin-acres-ca/contents-restoration-storage/|/service-areas/dustin-acres-ca/crawl-space-encapsulation/|/service-areas/dustin-acres-ca/carpet-cleaning/|/service-areas/dustin-acres-ca/post-construction-cleaning/|/service-areas/arvin-ca/|/service-areas/bear-valley-springs-ca/|/service-areas/buttonwillow-ca/,4.80,planned
/service-areas/east-niles-ca/,service-area,"Restoration Services in East Niles, CA | ProRestoration Services",Restoration Services in East Niles,"Serving East Niles, CA with 24/7 water, fire, mold, and storm damage restoration. IICRC-certified team. Call (661) 393-9306.",restoration services east niles,east niles restoration company|damage restoration east niles|east niles disaster restoration,local_commercial,,,900,hero|og|inline-1,local-business|service|breadcrumb-list,/service-areas/|/contact/|/service-areas/east-niles-ca/fire-damage-restoration/|/service-areas/east-niles-ca/home-remodeling/|/service-areas/east-niles-ca/mold-remediation/|/service-areas/east-niles-ca/roofing/|/service-areas/east-niles-ca/water-damage-restoration/|/service-areas/east-niles-ca/emergency-plumbing/|/service-areas/east-niles-ca/flood-damage-restoration/|/service-areas/east-niles-ca/reconstruction/|/service-areas/east-niles-ca/sewage-cleanup/|/service-areas/east-niles-ca/smoke-damage-restoration/|/service-areas/east-niles-ca/storm-damage-restoration/|/service-areas/east-niles-ca/water-cleanup/|/service-areas/east-niles-ca/biohazard-cleanup/|/service-areas/east-niles-ca/burst-pipe-repair/|/service-areas/east-niles-ca/general-contracting/|/service-areas/east-niles-ca/mold-inspection-testing/|/service-areas/east-niles-ca/emergency-board-up-tarping/|/service-areas/east-niles-ca/odor-removal/|/service-areas/east-niles-ca/soot-removal/|/service-areas/east-niles-ca/water-leak-detection/|/service-areas/east-niles-ca/appliance-leak-cleanup/|/service-areas/east-niles-ca/asbestos-abatement/|/service-areas/east-niles-ca/air-duct-cleaning/|/service-areas/east-niles-ca/contents-restoration-storage/|/service-areas/east-niles-ca/crawl-space-encapsulation/|/service-areas/east-niles-ca/carpet-cleaning/|/service-areas/east-niles-ca/post-construction-cleaning/|/service-areas/arvin-ca/|/service-areas/bear-valley-springs-ca/|/service-areas/buttonwillow-ca/,4.80,planned
/service-areas/keene-ca/,service-area,"Restoration Services in Keene, CA | ProRestoration Services",Restoration Services in Keene,"Serving Keene, CA with 24/7 water, fire, mold, and storm damage restoration. IICRC-certified team. Call (661) 393-9306.",restoration services keene,keene restoration company|damage restoration keene|keene disaster restoration,local_commercial,,,900,hero|og|inline-1,local-business|service|breadcrumb-list,/service-areas/|/contact/|/service-areas/keene-ca/fire-damage-restoration/|/service-areas/keene-ca/home-remodeling/|/service-areas/keene-ca/mold-remediation/|/service-areas/keene-ca/roofing/|/service-areas/keene-ca/water-damage-restoration/|/service-areas/keene-ca/emergency-plumbing/|/service-areas/keene-ca/flood-damage-restoration/|/service-areas/keene-ca/reconstruction/|/service-areas/keene-ca/sewage-cleanup/|/service-areas/keene-ca/smoke-damage-restoration/|/service-areas/keene-ca/storm-damage-restoration/|/service-areas/keene-ca/water-cleanup/|/service-areas/keene-ca/biohazard-cleanup/|/service-areas/keene-ca/burst-pipe-repair/|/service-areas/keene-ca/general-contracting/|/service-areas/keene-ca/mold-inspection-testing/|/service-areas/keene-ca/emergency-board-up-tarping/|/service-areas/keene-ca/odor-removal/|/service-areas/keene-ca/soot-removal/|/service-areas/keene-ca/water-leak-detection/|/service-areas/keene-ca/appliance-leak-cleanup/|/service-areas/keene-ca/asbestos-abatement/|/service-areas/keene-ca/air-duct-cleaning/|/service-areas/keene-ca/contents-restoration-storage/|/service-areas/keene-ca/crawl-space-encapsulation/|/service-areas/keene-ca/carpet-cleaning/|/service-areas/keene-ca/post-construction-cleaning/|/service-areas/arvin-ca/|/service-areas/bear-valley-springs-ca/|/service-areas/buttonwillow-ca/,4.80,planned
/service-areas/lake-isabella-ca/,service-area,"Restoration Services in Lake Isabella, CA | ProRestoration Services",Restoration Services in Lake Isabella,"Serving Lake Isabella, CA with 24/7 water, fire, mold, and storm damage restoration. IICRC-certified team. Call (661) 393-9306.",restoration services lake isabella,lake isabella restoration company|damage restoration lake isabella|lake isabella disaster restoration,local_commercial,,,900,hero|og|inline-1,local-business|service|breadcrumb-list,/service-areas/|/contact/|/service-areas/lake-isabella-ca/fire-damage-restoration/|/service-areas/lake-isabella-ca/home-remodeling/|/service-areas/lake-isabella-ca/mold-remediation/|/service-areas/lake-isabella-ca/roofing/|/service-areas/lake-isabella-ca/water-damage-restoration/|/service-areas/lake-isabella-ca/emergency-plumbing/|/service-areas/lake-isabella-ca/flood-damage-restoration/|/service-areas/lake-isabella-ca/reconstruction/|/service-areas/lake-isabella-ca/sewage-cleanup/|/service-areas/lake-isabella-ca/smoke-damage-restoration/|/service-areas/lake-isabella-ca/storm-damage-restoration/|/service-areas/lake-isabella-ca/water-cleanup/|/service-areas/lake-isabella-ca/biohazard-cleanup/|/service-areas/lake-isabella-ca/burst-pipe-repair/|/service-areas/lake-isabella-ca/general-contracting/|/service-areas/lake-isabella-ca/mold-inspection-testing/|/service-areas/lake-isabella-ca/emergency-board-up-tarping/|/service-areas/lake-isabella-ca/odor-removal/|/service-areas/lake-isabella-ca/soot-removal/|/service-areas/lake-isabella-ca/water-leak-detection/|/service-areas/lake-isabella-ca/appliance-leak-cleanup/|/service-areas/lake-isabella-ca/asbestos-abatement/|/service-areas/lake-isabella-ca/air-duct-cleaning/|/service-areas/lake-isabella-ca/contents-restoration-storage/|/service-areas/lake-isabella-ca/crawl-space-encapsulation/|/service-areas/lake-isabella-ca/carpet-cleaning/|/service-areas/lake-isabella-ca/post-construction-cleaning/|/service-areas/arvin-ca/|/service-areas/bear-valley-springs-ca/|/service-areas/buttonwillow-ca/,4.80,planned
/service-areas/lamont-ca/,service-area,"Restoration Services in Lamont, CA | ProRestoration Services",Restoration Services in Lamont,"Serving Lamont, CA with 24/7 water, fire, mold, and storm damage restoration. IICRC-certified team. Call (661) 393-9306.",restoration services lamont,lamont restoration company|damage restoration lamont|lamont disaster restoration,local_commercial,,,900,hero|og|inline-1,local-business|service|breadcrumb-list,/service-areas/|/contact/|/service-areas/lamont-ca/fire-damage-restoration/|/service-areas/lamont-ca/home-remodeling/|/service-areas/lamont-ca/mold-remediation/|/service-areas/lamont-ca/roofing/|/service-areas/lamont-ca/water-damage-restoration/|/service-areas/lamont-ca/emergency-plumbing/|/service-areas/lamont-ca/flood-damage-restoration/|/service-areas/lamont-ca/reconstruction/|/service-areas/lamont-ca/sewage-cleanup/|/service-areas/lamont-ca/smoke-damage-restoration/|/service-areas/lamont-ca/storm-damage-restoration/|/service-areas/lamont-ca/water-cleanup/|/service-areas/lamont-ca/biohazard-cleanup/|/service-areas/lamont-ca/burst-pipe-repair/|/service-areas/lamont-ca/general-contracting/|/service-areas/lamont-ca/mold-inspection-testing/|/service-areas/lamont-ca/emergency-board-up-tarping/|/service-areas/lamont-ca/odor-removal/|/service-areas/lamont-ca/soot-removal/|/service-areas/lamont-ca/water-leak-detection/|/service-areas/lamont-ca/appliance-leak-cleanup/|/service-areas/lamont-ca/asbestos-abatement/|/service-areas/lamont-ca/air-duct-cleaning/|/service-areas/lamont-ca/contents-restoration-storage/|/service-areas/lamont-ca/crawl-space-encapsulation/|/service-areas/lamont-ca/carpet-cleaning/|/service-areas/lamont-ca/post-construction-cleaning/|/service-areas/arvin-ca/|/service-areas/bear-valley-springs-ca/|/service-areas/buttonwillow-ca/,4.80,planned
/service-areas/maricopa-ca/,service-area,"Restoration Services in Maricopa, CA | ProRestoration Services",Restoration Services in Maricopa,"Serving Maricopa, CA with 24/7 water, fire, mold, and storm damage restoration. IICRC-certified team. Call (661) 393-9306.",restoration services maricopa,maricopa restoration company|damage restoration maricopa|maricopa disaster restoration,local_commercial,,,900,hero|og|inline-1,local-business|service|breadcrumb-list,/service-areas/|/contact/|/service-areas/maricopa-ca/fire-damage-restoration/|/service-areas/maricopa-ca/home-remodeling/|/service-areas/maricopa-ca/mold-remediation/|/service-areas/maricopa-ca/roofing/|/service-areas/maricopa-ca/water-damage-restoration/|/service-areas/maricopa-ca/emergency-plumbing/|/service-areas/maricopa-ca/flood-damage-restoration/|/service-areas/maricopa-ca/reconstruction/|/service-areas/maricopa-ca/sewage-cleanup/|/service-areas/maricopa-ca/smoke-damage-restoration/|/service-areas/maricopa-ca/storm-damage-restoration/|/service-areas/maricopa-ca/water-cleanup/|/service-areas/maricopa-ca/biohazard-cleanup/|/service-areas/maricopa-ca/burst-pipe-repair/|/service-areas/maricopa-ca/general-contracting/|/service-areas/maricopa-ca/mold-inspection-testing/|/service-areas/maricopa-ca/emergency-board-up-tarping/|/service-areas/maricopa-ca/odor-removal/|/service-areas/maricopa-ca/soot-removal/|/service-areas/maricopa-ca/water-leak-detection/|/service-areas/maricopa-ca/appliance-leak-cleanup/|/service-areas/maricopa-ca/asbestos-abatement/|/service-areas/maricopa-ca/air-duct-cleaning/|/service-areas/maricopa-ca/contents-restoration-storage/|/service-areas/maricopa-ca/crawl-space-encapsulation/|/service-areas/maricopa-ca/carpet-cleaning/|/service-areas/maricopa-ca/post-construction-cleaning/|/service-areas/arvin-ca/|/service-areas/bear-valley-springs-ca/|/service-areas/buttonwillow-ca/,4.80,planned
/service-areas/mcfarland-ca/,service-area,"Restoration Services in McFarland, CA | ProRestoration Services",Restoration Services in McFarland,"Serving McFarland, CA with 24/7 water, fire, mold, and storm damage restoration. IICRC-certified team. Call (661) 393-9306.",restoration services mcfarland,mcfarland restoration company|damage restoration mcfarland|mcfarland disaster restoration,local_commercial,,,900,hero|og|inline-1,local-business|service|breadcrumb-list,/service-areas/|/contact/|/service-areas/mcfarland-ca/fire-damage-restoration/|/service-areas/mcfarland-ca/home-remodeling/|/service-areas/mcfarland-ca/mold-remediation/|/service-areas/mcfarland-ca/roofing/|/service-areas/mcfarland-ca/water-damage-restoration/|/service-areas/mcfarland-ca/emergency-plumbing/|/service-areas/mcfarland-ca/flood-damage-restoration/|/service-areas/mcfarland-ca/reconstruction/|/service-areas/mcfarland-ca/sewage-cleanup/|/service-areas/mcfarland-ca/smoke-damage-restoration/|/service-areas/mcfarland-ca/storm-damage-restoration/|/service-areas/mcfarland-ca/water-cleanup/|/service-areas/mcfarland-ca/biohazard-cleanup/|/service-areas/mcfarland-ca/burst-pipe-repair/|/service-areas/mcfarland-ca/general-contracting/|/service-areas/mcfarland-ca/mold-inspection-testing/|/service-areas/mcfarland-ca/emergency-board-up-tarping/|/service-areas/mcfarland-ca/odor-removal/|/service-areas/mcfarland-ca/soot-removal/|/service-areas/mcfarland-ca/water-leak-detection/|/service-areas/mcfarland-ca/appliance-leak-cleanup/|/service-areas/mcfarland-ca/asbestos-abatement/|/service-areas/mcfarland-ca/air-duct-cleaning/|/service-areas/mcfarland-ca/contents-restoration-storage/|/service-areas/mcfarland-ca/crawl-space-encapsulation/|/service-areas/mcfarland-ca/carpet-cleaning/|/service-areas/mcfarland-ca/post-construction-cleaning/|/service-areas/arvin-ca/|/service-areas/bear-valley-springs-ca/|/service-areas/buttonwillow-ca/,4.80,planned
/service-areas/oildale-ca/,service-area,"Restoration Services in Oildale, CA | ProRestoration Services",Restoration Services in Oildale,"Serving Oildale, CA with 24/7 water, fire, mold, and storm damage restoration. IICRC-certified team. Call (661) 393-9306.",restoration services oildale,oildale restoration company|damage restoration oildale|oildale disaster restoration,local_commercial,,,900,hero|og|inline-1,local-business|service|breadcrumb-list,/service-areas/|/contact/|/service-areas/oildale-ca/fire-damage-restoration/|/service-areas/oildale-ca/home-remodeling/|/service-areas/oildale-ca/mold-remediation/|/service-areas/oildale-ca/roofing/|/service-areas/oildale-ca/water-damage-restoration/|/service-areas/oildale-ca/emergency-plumbing/|/service-areas/oildale-ca/flood-damage-restoration/|/service-areas/oildale-ca/reconstruction/|/service-areas/oildale-ca/sewage-cleanup/|/service-areas/oildale-ca/smoke-damage-restoration/|/service-areas/oildale-ca/storm-damage-restoration/|/service-areas/oildale-ca/water-cleanup/|/service-areas/oildale-ca/biohazard-cleanup/|/service-areas/oildale-ca/burst-pipe-repair/|/service-areas/oildale-ca/general-contracting/|/service-areas/oildale-ca/mold-inspection-testing/|/service-areas/oildale-ca/emergency-board-up-tarping/|/service-areas/oildale-ca/odor-removal/|/service-areas/oildale-ca/soot-removal/|/service-areas/oildale-ca/water-leak-detection/|/service-areas/oildale-ca/appliance-leak-cleanup/|/service-areas/oildale-ca/asbestos-abatement/|/service-areas/oildale-ca/air-duct-cleaning/|/service-areas/oildale-ca/contents-restoration-storage/|/service-areas/oildale-ca/crawl-space-encapsulation/|/service-areas/oildale-ca/carpet-cleaning/|/service-areas/oildale-ca/post-construction-cleaning/|/service-areas/arvin-ca/|/service-areas/bear-valley-springs-ca/|/service-areas/buttonwillow-ca/,4.80,planned
/service-areas/rosedale-ca/,service-area,"Restoration Services in Rosedale, CA | ProRestoration Services",Restoration Services in Rosedale,"Serving Rosedale, CA with 24/7 water, fire, mold, and storm damage restoration. IICRC-certified team. Call (661) 393-9306.",restoration services rosedale,rosedale restoration company|damage restoration rosedale|rosedale disaster restoration,local_commercial,,,900,hero|og|inline-1,local-business|service|breadcrumb-list,/service-areas/|/contact/|/service-areas/rosedale-ca/fire-damage-restoration/|/service-areas/rosedale-ca/home-remodeling/|/service-areas/rosedale-ca/mold-remediation/|/service-areas/rosedale-ca/roofing/|/service-areas/rosedale-ca/water-damage-restoration/|/service-areas/rosedale-ca/emergency-plumbing/|/service-areas/rosedale-ca/flood-damage-restoration/|/service-areas/rosedale-ca/reconstruction/|/service-areas/rosedale-ca/sewage-cleanup/|/service-areas/rosedale-ca/smoke-damage-restoration/|/service-areas/rosedale-ca/storm-damage-restoration/|/service-areas/rosedale-ca/water-cleanup/|/service-areas/rosedale-ca/biohazard-cleanup/|/service-areas/rosedale-ca/burst-pipe-repair/|/service-areas/rosedale-ca/general-contracting/|/service-areas/rosedale-ca/mold-inspection-testing/|/service-areas/rosedale-ca/emergency-board-up-tarping/|/service-areas/rosedale-ca/odor-removal/|/service-areas/rosedale-ca/soot-removal/|/service-areas/rosedale-ca/water-leak-detection/|/service-areas/rosedale-ca/appliance-leak-cleanup/|/service-areas/rosedale-ca/asbestos-abatement/|/service-areas/rosedale-ca/air-duct-cleaning/|/service-areas/rosedale-ca/contents-restoration-storage/|/service-areas/rosedale-ca/crawl-space-encapsulation/|/service-areas/rosedale-ca/carpet-cleaning/|/service-areas/rosedale-ca/post-construction-cleaning/|/service-areas/arvin-ca/|/service-areas/bear-valley-springs-ca/|/service-areas/buttonwillow-ca/,4.80,planned
/service-areas/shafter-ca/,service-area,"Restoration Services in Shafter, CA | ProRestoration Services",Restoration Services in Shafter,"Serving Shafter, CA with 24/7 water, fire, mold, and storm damage restoration. IICRC-certified team. Call (661) 393-9306.",restoration services shafter,shafter restoration company|damage restoration shafter|shafter disaster restoration,local_commercial,,,900,hero|og|inline-1,local-business|service|breadcrumb-list,/service-areas/|/contact/|/service-areas/shafter-ca/fire-damage-restoration/|/service-areas/shafter-ca/home-remodeling/|/service-areas/shafter-ca/mold-remediation/|/service-areas/shafter-ca/roofing/|/service-areas/shafter-ca/water-damage-restoration/|/service-areas/shafter-ca/emergency-plumbing/|/service-areas/shafter-ca/flood-damage-restoration/|/service-areas/shafter-ca/reconstruction/|/service-areas/shafter-ca/sewage-cleanup/|/service-areas/shafter-ca/smoke-damage-restoration/|/service-areas/shafter-ca/storm-damage-restoration/|/service-areas/shafter-ca/water-cleanup/|/service-areas/shafter-ca/biohazard-cleanup/|/service-areas/shafter-ca/burst-pipe-repair/|/service-areas/shafter-ca/general-contracting/|/service-areas/shafter-ca/mold-inspection-testing/|/service-areas/shafter-ca/emergency-board-up-tarping/|/service-areas/shafter-ca/odor-removal/|/service-areas/shafter-ca/soot-removal/|/service-areas/shafter-ca/water-leak-detection/|/service-areas/shafter-ca/appliance-leak-cleanup/|/service-areas/shafter-ca/asbestos-abatement/|/service-areas/shafter-ca/air-duct-cleaning/|/service-areas/shafter-ca/contents-restoration-storage/|/service-areas/shafter-ca/crawl-space-encapsulation/|/service-areas/shafter-ca/carpet-cleaning/|/service-areas/shafter-ca/post-construction-cleaning/|/service-areas/arvin-ca/|/service-areas/bear-valley-springs-ca/|/service-areas/buttonwillow-ca/,4.80,planned
/service-areas/taft-ca/,service-area,"Restoration Services in Taft, CA | ProRestoration Services",Restoration Services in Taft,"Serving Taft, CA with 24/7 water, fire, mold, and storm damage restoration. IICRC-certified team. Call (661) 393-9306.",restoration services taft,taft restoration company|damage restoration taft|taft disaster restoration,local_commercial,,,900,hero|og|inline-1,local-business|service|breadcrumb-list,/service-areas/|/contact/|/service-areas/taft-ca/fire-damage-restoration/|/service-areas/taft-ca/home-remodeling/|/service-areas/taft-ca/mold-remediation/|/service-areas/taft-ca/roofing/|/service-areas/taft-ca/water-damage-restoration/|/service-areas/taft-ca/emergency-plumbing/|/service-areas/taft-ca/flood-damage-restoration/|/service-areas/taft-ca/reconstruction/|/service-areas/taft-ca/sewage-cleanup/|/service-areas/taft-ca/smoke-damage-restoration/|/service-areas/taft-ca/storm-damage-restoration/|/service-areas/taft-ca/water-cleanup/|/service-areas/taft-ca/biohazard-cleanup/|/service-areas/taft-ca/burst-pipe-repair/|/service-areas/taft-ca/general-contracting/|/service-areas/taft-ca/mold-inspection-testing/|/service-areas/taft-ca/emergency-board-up-tarping/|/service-areas/taft-ca/odor-removal/|/service-areas/taft-ca/soot-removal/|/service-areas/taft-ca/water-leak-detection/|/service-areas/taft-ca/appliance-leak-cleanup/|/service-areas/taft-ca/asbestos-abatement/|/service-areas/taft-ca/air-duct-cleaning/|/service-areas/taft-ca/contents-restoration-storage/|/service-areas/taft-ca/crawl-space-encapsulation/|/service-areas/taft-ca/carpet-cleaning/|/service-areas/taft-ca/post-construction-cleaning/|/service-areas/arvin-ca/|/service-areas/bear-valley-springs-ca/|/service-areas/buttonwillow-ca/,4.80,planned
/service-areas/tarina-ca/,service-area,"Restoration Services in Tarina, CA | ProRestoration Services",Restoration Services in Tarina,"Serving Tarina, CA with 24/7 water, fire, mold, and storm damage restoration. IICRC-certified team. Call (661) 393-9306.",restoration services tarina,tarina restoration company|damage restoration tarina|tarina disaster restoration,local_commercial,,,900,hero|og|inline-1,local-business|service|breadcrumb-list,/service-areas/|/contact/|/service-areas/tarina-ca/fire-damage-restoration/|/service-areas/tarina-ca/home-remodeling/|/service-areas/tarina-ca/mold-remediation/|/service-areas/tarina-ca/roofing/|/service-areas/tarina-ca/water-damage-restoration/|/service-areas/tarina-ca/emergency-plumbing/|/service-areas/tarina-ca/flood-damage-restoration/|/service-areas/tarina-ca/reconstruction/|/service-areas/tarina-ca/sewage-cleanup/|/service-areas/tarina-ca/smoke-damage-restoration/|/service-areas/tarina-ca/storm-damage-restoration/|/service-areas/tarina-ca/water-cleanup/|/service-areas/tarina-ca/biohazard-cleanup/|/service-areas/tarina-ca/burst-pipe-repair/|/service-areas/tarina-ca/general-contracting/|/service-areas/tarina-ca/mold-inspection-testing/|/service-areas/tarina-ca/emergency-board-up-tarping/|/service-areas/tarina-ca/odor-removal/|/service-areas/tarina-ca/soot-removal/|/service-areas/tarina-ca/water-leak-detection/|/service-areas/tarina-ca/appliance-leak-cleanup/|/service-areas/tarina-ca/asbestos-abatement/|/service-areas/tarina-ca/air-duct-cleaning/|/service-areas/tarina-ca/contents-restoration-storage/|/service-areas/tarina-ca/crawl-space-encapsulation/|/service-areas/tarina-ca/carpet-cleaning/|/service-areas/tarina-ca/post-construction-cleaning/|/service-areas/arvin-ca/|/service-areas/bear-valley-springs-ca/|/service-areas/buttonwillow-ca/,4.80,planned
/service-areas/tehachapi-ca/,service-area,"Restoration Services in Tehachapi, CA | ProRestoration Services",Restoration Services in Tehachapi,"Serving Tehachapi, CA with 24/7 water, fire, mold, and storm damage restoration. IICRC-certified team. Call (661) 393-9306.",restoration services tehachapi,tehachapi restoration company|damage restoration tehachapi|tehachapi disaster restoration,local_commercial,,,900,hero|og|inline-1,local-business|service|breadcrumb-list,/service-areas/|/contact/|/service-areas/tehachapi-ca/fire-damage-restoration/|/service-areas/tehachapi-ca/home-remodeling/|/service-areas/tehachapi-ca/mold-remediation/|/service-areas/tehachapi-ca/roofing/|/service-areas/tehachapi-ca/water-damage-restoration/|/service-areas/tehachapi-ca/emergency-plumbing/|/service-areas/tehachapi-ca/flood-damage-restoration/|/service-areas/tehachapi-ca/reconstruction/|/service-areas/tehachapi-ca/sewage-cleanup/|/service-areas/tehachapi-ca/smoke-damage-restoration/|/service-areas/tehachapi-ca/storm-damage-restoration/|/service-areas/tehachapi-ca/water-cleanup/|/service-areas/tehachapi-ca/biohazard-cleanup/|/service-areas/tehachapi-ca/burst-pipe-repair/|/service-areas/tehachapi-ca/general-contracting/|/service-areas/tehachapi-ca/mold-inspection-testing/|/service-areas/tehachapi-ca/emergency-board-up-tarping/|/service-areas/tehachapi-ca/odor-removal/|/service-areas/tehachapi-ca/soot-removal/|/service-areas/tehachapi-ca/water-leak-detection/|/service-areas/tehachapi-ca/appliance-leak-cleanup/|/service-areas/tehachapi-ca/asbestos-abatement/|/service-areas/tehachapi-ca/air-duct-cleaning/|/service-areas/tehachapi-ca/contents-restoration-storage/|/service-areas/tehachapi-ca/crawl-space-encapsulation/|/service-areas/tehachapi-ca/carpet-cleaning/|/service-areas/tehachapi-ca/post-construction-cleaning/|/service-areas/arvin-ca/|/service-areas/bear-valley-springs-ca/|/service-areas/buttonwillow-ca/,4.80,planned
/service-areas/valley-acres-ca/,service-area,"Restoration Services in Valley Acres, CA | ProRestoration Services",Restoration Services in Valley Acres,"Serving Valley Acres, CA with 24/7 water, fire, mold, and storm damage restoration. IICRC-certified team. Call (661) 393-9306.",restoration services valley acres,valley acres restoration company|damage restoration valley acres|valley acres disaster restoration,local_commercial,,,900,hero|og|inline-1,local-business|service|breadcrumb-list,/service-areas/|/contact/|/service-areas/valley-acres-ca/fire-damage-restoration/|/service-areas/valley-acres-ca/home-remodeling/|/service-areas/valley-acres-ca/mold-remediation/|/service-areas/valley-acres-ca/roofing/|/service-areas/valley-acres-ca/water-damage-restoration/|/service-areas/valley-acres-ca/emergency-plumbing/|/service-areas/valley-acres-ca/flood-damage-restoration/|/service-areas/valley-acres-ca/reconstruction/|/service-areas/valley-acres-ca/sewage-cleanup/|/service-areas/valley-acres-ca/smoke-damage-restoration/|/service-areas/valley-acres-ca/storm-damage-restoration/|/service-areas/valley-acres-ca/water-cleanup/|/service-areas/valley-acres-ca/biohazard-cleanup/|/service-areas/valley-acres-ca/burst-pipe-repair/|/service-areas/valley-acres-ca/general-contracting/|/service-areas/valley-acres-ca/mold-inspection-testing/|/service-areas/valley-acres-ca/emergency-board-up-tarping/|/service-areas/valley-acres-ca/odor-removal/|/service-areas/valley-acres-ca/soot-removal/|/service-areas/valley-acres-ca/water-leak-detection/|/service-areas/valley-acres-ca/appliance-leak-cleanup/|/service-areas/valley-acres-ca/asbestos-abatement/|/service-areas/valley-acres-ca/air-duct-cleaning/|/service-areas/valley-acres-ca/contents-restoration-storage/|/service-areas/valley-acres-ca/crawl-space-encapsulation/|/service-areas/valley-acres-ca/carpet-cleaning/|/service-areas/valley-acres-ca/post-construction-cleaning/|/service-areas/arvin-ca/|/service-areas/bear-valley-springs-ca/|/service-areas/buttonwillow-ca/,4.80,planned
/service-areas/wasco-ca/,service-area,"Restoration Services in Wasco, CA | ProRestoration Services",Restoration Services in Wasco,"Serving Wasco, CA with 24/7 water, fire, mold, and storm damage restoration. IICRC-certified team. Call (661) 393-9306.",restoration services wasco,wasco restoration company|damage restoration wasco|wasco disaster restoration,local_commercial,,,900,hero|og|inline-1,local-business|service|breadcrumb-list,/service-areas/|/contact/|/service-areas/wasco-ca/fire-damage-restoration/|/service-areas/wasco-ca/home-remodeling/|/service-areas/wasco-ca/mold-remediation/|/service-areas/wasco-ca/roofing/|/service-areas/wasco-ca/water-damage-restoration/|/service-areas/wasco-ca/emergency-plumbing/|/service-areas/wasco-ca/flood-damage-restoration/|/service-areas/wasco-ca/reconstruction/|/service-areas/wasco-ca/sewage-cleanup/|/service-areas/wasco-ca/smoke-damage-restoration/|/service-areas/wasco-ca/storm-damage-restoration/|/service-areas/wasco-ca/water-cleanup/|/service-areas/wasco-ca/biohazard-cleanup/|/service-areas/wasco-ca/burst-pipe-repair/|/service-areas/wasco-ca/general-contracting/|/service-areas/wasco-ca/mold-inspection-testing/|/service-areas/wasco-ca/emergency-board-up-tarping/|/service-areas/wasco-ca/odor-removal/|/service-areas/wasco-ca/soot-removal/|/service-areas/wasco-ca/water-leak-detection/|/service-areas/wasco-ca/appliance-leak-cleanup/|/service-areas/wasco-ca/asbestos-abatement/|/service-areas/wasco-ca/air-duct-cleaning/|/service-areas/wasco-ca/contents-restoration-storage/|/service-areas/wasco-ca/crawl-space-encapsulation/|/service-areas/wasco-ca/carpet-cleaning/|/service-areas/wasco-ca/post-construction-cleaning/|/service-areas/arvin-ca/|/service-areas/bear-valley-springs-ca/|/service-areas/buttonwillow-ca/,4.80,planned
/service-areas/weedpatch-ca/,service-area,"Restoration Services in Weedpatch, CA | ProRestoration Services",Restoration Services in Weedpatch,"Serving Weedpatch, CA with 24/7 water, fire, mold, and storm damage restoration. IICRC-certified team. Call (661) 393-9306.",restoration services weedpatch,weedpatch restoration company|damage restoration weedpatch|weedpatch disaster restoration,local_commercial,,,900,hero|og|inline-1,local-business|service|breadcrumb-list,/service-areas/|/contact/|/service-areas/weedpatch-ca/fire-damage-restoration/|/service-areas/weedpatch-ca/home-remodeling/|/service-areas/weedpatch-ca/mold-remediation/|/service-areas/weedpatch-ca/roofing/|/service-areas/weedpatch-ca/water-damage-restoration/|/service-areas/weedpatch-ca/emergency-plumbing/|/service-areas/weedpatch-ca/flood-damage-restoration/|/service-areas/weedpatch-ca/reconstruction/|/service-areas/weedpatch-ca/sewage-cleanup/|/service-areas/weedpatch-ca/smoke-damage-restoration/|/service-areas/weedpatch-ca/storm-damage-restoration/|/service-areas/weedpatch-ca/water-cleanup/|/service-areas/weedpatch-ca/biohazard-cleanup/|/service-areas/weedpatch-ca/burst-pipe-repair/|/service-areas/weedpatch-ca/general-contracting/|/service-areas/weedpatch-ca/mold-inspection-testing/|/service-areas/weedpatch-ca/emergency-board-up-tarping/|/service-areas/weedpatch-ca/odor-removal/|/service-areas/weedpatch-ca/soot-removal/|/service-areas/weedpatch-ca/water-leak-detection/|/service-areas/weedpatch-ca/appliance-leak-cleanup/|/service-areas/weedpatch-ca/asbestos-abatement/|/service-areas/weedpatch-ca/air-duct-cleaning/|/service-areas/weedpatch-ca/contents-restoration-storage/|/service-areas/weedpatch-ca/crawl-space-encapsulation/|/service-areas/weedpatch-ca/carpet-cleaning/|/service-areas/weedpatch-ca/post-construction-cleaning/|/service-areas/arvin-ca/|/service-areas/bear-valley-springs-ca/|/service-areas/buttonwillow-ca/,4.80,planned
/service-areas/woody-ca/,service-area,"Restoration Services in Woody, CA | ProRestoration Services",Restoration Services in Woody,"Serving Woody, CA with 24/7 water, fire, mold, and storm damage restoration. IICRC-certified team. Call (661) 393-9306.",restoration services woody,woody restoration company|damage restoration woody|woody disaster restoration,local_commercial,,,900,hero|og|inline-1,local-business|service|breadcrumb-list,/service-areas/|/contact/|/service-areas/woody-ca/fire-damage-restoration/|/service-areas/woody-ca/home-remodeling/|/service-areas/woody-ca/mold-remediation/|/service-areas/woody-ca/roofing/|/service-areas/woody-ca/water-damage-restoration/|/service-areas/woody-ca/emergency-plumbing/|/service-areas/woody-ca/flood-damage-restoration/|/service-areas/woody-ca/reconstruction/|/service-areas/woody-ca/sewage-cleanup/|/service-areas/woody-ca/smoke-damage-restoration/|/service-areas/woody-ca/storm-damage-restoration/|/service-areas/woody-ca/water-cleanup/|/service-areas/woody-ca/biohazard-cleanup/|/service-areas/woody-ca/burst-pipe-repair/|/service-areas/woody-ca/general-contracting/|/service-areas/woody-ca/mold-inspection-testing/|/service-areas/woody-ca/emergency-board-up-tarping/|/service-areas/woody-ca/odor-removal/|/service-areas/woody-ca/soot-removal/|/service-areas/woody-ca/water-leak-detection/|/service-areas/woody-ca/appliance-leak-cleanup/|/service-areas/woody-ca/asbestos-abatement/|/service-areas/woody-ca/air-duct-cleaning/|/service-areas/woody-ca/contents-restoration-storage/|/service-areas/woody-ca/crawl-space-encapsulation/|/service-areas/woody-ca/carpet-cleaning/|/service-areas/woody-ca/post-construction-cleaning/|/service-areas/arvin-ca/|/service-areas/bear-valley-springs-ca/|/service-areas/buttonwillow-ca/,4.80,planned
/services/air-duct-cleaning/,service-landing,Air Duct Cleaning in Bakersfield | ProRestoration Services,Air Duct Cleaning in Bakersfield,"24/7 air duct cleaning in Bakersfield and surrounding areas. IICRC-certified, insurance billing accepted. Call (661) 393-9306.",air duct cleaning bakersfield,duct cleaning|HVAC duct cleaning|air duct sanitization|dryer vent cleaning|residential duct cleaning,local_specialty,,,1100,hero|og|inline-1|inline-2,service|local-business|faq|breadcrumb-list,/services/|/contact/|/service-areas/arvin-ca/air-duct-cleaning/|/service-areas/bear-valley-springs-ca/air-duct-cleaning/|/service-areas/buttonwillow-ca/air-duct-cleaning/|/service-areas/delano-ca/air-duct-cleaning/|/service-areas/dustin-acres-ca/air-duct-cleaning/|/service-areas/east-niles-ca/air-duct-cleaning/|/service-areas/keene-ca/air-duct-cleaning/|/service-areas/lake-isabella-ca/air-duct-cleaning/|/service-areas/lamont-ca/air-duct-cleaning/|/service-areas/maricopa-ca/air-duct-cleaning/|/service-areas/mcfarland-ca/air-duct-cleaning/|/service-areas/oildale-ca/air-duct-cleaning/,4.50,planned
/services/contents-restoration-storage/,service-landing,Contents Restoration & Storage in Bakersfield | ProRestoration Services,Contents Restoration & Storage in Bakersfield,"24/7 contents restoration & storage in Bakersfield and surrounding areas. IICRC-certified, insurance billing accepted. Call (661) 393-9306.",contents restoration & storage bakersfield,,local_specialty,,,1100,hero|og|inline-1|inline-2,service|local-business|faq|breadcrumb-list,/services/|/contact/|/service-areas/arvin-ca/contents-restoration-storage/|/service-areas/bear-valley-springs-ca/contents-restoration-storage/|/service-areas/buttonwillow-ca/contents-restoration-storage/|/service-areas/delano-ca/contents-restoration-storage/|/service-areas/dustin-acres-ca/contents-restoration-storage/|/service-areas/east-niles-ca/contents-restoration-storage/|/service-areas/keene-ca/contents-restoration-storage/|/service-areas/lake-isabella-ca/contents-restoration-storage/|/service-areas/lamont-ca/contents-restoration-storage/|/service-areas/maricopa-ca/contents-restoration-storage/|/service-areas/mcfarland-ca/contents-restoration-storage/|/service-areas/oildale-ca/contents-restoration-storage/,4.50,planned
/services/crawl-space-encapsulation/,service-landing,Crawl Space Encapsulation in Bakersfield | ProRestoration Services,Crawl Space Encapsulation in Bakersfield,"24/7 crawl space encapsulation in Bakersfield and surrounding areas. IICRC-certified, insurance billing accepted. Call (661) 393-9306.",crawl space encapsulation bakersfield,,local_specialty,,,1100,hero|og|inline-1|inline-2,service|local-business|faq|breadcrumb-list,/services/|/contact/|/service-areas/arvin-ca/crawl-space-encapsulation/|/service-areas/bear-valley-springs-ca/crawl-space-encapsulation/|/service-areas/buttonwillow-ca/crawl-space-encapsulation/|/service-areas/delano-ca/crawl-space-encapsulation/|/service-areas/dustin-acres-ca/crawl-space-encapsulation/|/service-areas/east-niles-ca/crawl-space-encapsulation/|/service-areas/keene-ca/crawl-space-encapsulation/|/service-areas/lake-isabella-ca/crawl-space-encapsulation/|/service-areas/lamont-ca/crawl-space-encapsulation/|/service-areas/maricopa-ca/crawl-space-encapsulation/|/service-areas/mcfarland-ca/crawl-space-encapsulation/|/service-areas/oildale-ca/crawl-space-encapsulation/,4.50,planned
/blog/smoke-odor-removal-techniques/,blog-post,How Professionals Remove Smoke Odor (and Why DIY Usually Fails),How Professionals Remove Smoke Odor (and Why DIY Usually Fails),,how professionals remove smoke odor and why diy usually fails,smoke damage restoration|fire damage restoration,informational_specialty,,,1400,hero|og|inline-1|inline-2,blog-posting|faq|breadcrumb-list,/blog/|/services/fire-damage-restoration/|/services/smoke-damage-restoration/|/blog/choosing-a-restoration-company/|/blog/fire-damage-restoration-process/,4.20,planned
/service-areas/arvin-ca/appliance-leak-cleanup/,service-area-service,"Appliance Leak Cleanup in Arvin, CA | ProRestoration Services",Appliance Leak Cleanup in Arvin,"24/7 appliance leak cleanup in Arvin, CA. IICRC-certified, insurance billing accepted. Call (661) 393-9306.",appliance leak cleanup arvin,dishwasher leak cleanup|washing machine flood|refrigerator leak cleanup|water heater leak cleanup|ice maker line leak,local_emergency,,,900,hero|og|inline-1|inline-2,service|local-business|faq|breadcrumb-list,/services/appliance-leak-cleanup/|/service-areas/arvin-ca/|/service-areas/arvin-ca/fire-damage-restoration/|/service-areas/arvin-ca/home-remodeling/|/service-areas/bear-valley-springs-ca/appliance-leak-cleanup/|/service-areas/buttonwillow-ca/appliance-leak-cleanup/|/contact/,4.20,planned
/service-areas/arvin-ca/asbestos-abatement/,service-area-service,"Asbestos Abatement in Arvin, CA | ProRestoration Services",Asbestos Abatement in Arvin,"24/7 asbestos abatement in Arvin, CA. IICRC-certified, insurance billing accepted. Call (661) 393-9306.",asbestos abatement arvin,asbestos removal|asbestos testing|asbestos remediation|popcorn ceiling asbestos removal|asbestos inspection,local_specialty,,,900,hero|og|inline-1|inline-2,service|local-business|faq|breadcrumb-list,/services/asbestos-abatement/|/service-areas/arvin-ca/|/service-areas/arvin-ca/fire-damage-restoration/|/service-areas/arvin-ca/home-remodeling/|/service-areas/bear-valley-springs-ca/asbestos-abatement/|/service-areas/buttonwillow-ca/asbestos-abatement/|/contact/,4.20,planned
/service-areas/bear-valley-springs-ca/appliance-leak-cleanup/,service-area-service,"Appliance Leak Cleanup in Bear Valley Springs, CA | ProRestoration Services",Appliance Leak Cleanup in Bear Valley Springs,"24/7 appliance leak cleanup in Bear Valley Springs, CA. IICRC-certified, insurance billing accepted. Call (661) 393-9306.",appliance leak cleanup bear valley springs,dishwasher leak cleanup|washing machine flood|refrigerator leak cleanup|water heater leak cleanup|ice maker line leak,local_emergency,,,900,hero|og|inline-1|inline-2,service|local-business|faq|breadcrumb-list,/services/appliance-leak-cleanup/|/service-areas/bear-valley-springs-ca/|/service-areas/bear-valley-springs-ca/fire-damage-restoration/|/service-areas/bear-valley-springs-ca/home-remodeling/|/service-areas/arvin-ca/appliance-leak-cleanup/|/service-areas/buttonwillow-ca/appliance-leak-cleanup/|/contact/,4.20,planned
/service-areas/bear-valley-springs-ca/asbestos-abatement/,service-area-service,"Asbestos Abatement in Bear Valley Springs, CA | ProRestoration Services",Asbestos Abatement in Bear Valley Springs,"24/7 asbestos abatement in Bear Valley Springs, CA. IICRC-certified, insurance billing accepted. Call (661) 393-9306.",asbestos abatement bear valley springs,asbestos removal|asbestos testing|asbestos remediation|popcorn ceiling asbestos removal|asbestos inspection,local_specialty,,,900,hero|og|inline-1|inline-2,service|local-business|faq|breadcrumb-list,/services/asbestos-abatement/|/service-areas/bear-valley-springs-ca/|/service-areas/bear-valley-springs-ca/fire-damage-restoration/|/service-areas/bear-valley-springs-ca/home-remodeling/|/service-areas/arvin-ca/asbestos-abatement/|/service-areas/buttonwillow-ca/asbestos-abatement/|/contact/,4.20,planned
/service-areas/buttonwillow-ca/appliance-leak-cleanup/,service-area-service,"Appliance Leak Cleanup in Buttonwillow, CA | ProRestoration Services",Appliance Leak Cleanup in Buttonwillow,"24/7 appliance leak cleanup in Buttonwillow, CA. IICRC-certified, insurance billing accepted. Call (661) 393-9306.",appliance leak cleanup buttonwillow,dishwasher leak cleanup|washing machine flood|refrigerator leak cleanup|water heater leak cleanup|ice maker line leak,local_emergency,,,900,hero|og|inline-1|inline-2,service|local-business|faq|breadcrumb-list,/services/appliance-leak-cleanup/|/service-areas/buttonwillow-ca/|/service-areas/buttonwillow-ca/fire-damage-restoration/|/service-areas/buttonwillow-ca/home-remodeling/|/service-areas/arvin-ca/appliance-leak-cleanup/|/service-areas/bear-valley-springs-ca/appliance-leak-cleanup/|/contact/,4.20,planned
/service-areas/buttonwillow-ca/asbestos-abatement/,service-area-service,"Asbestos Abatement in Buttonwillow, CA | ProRestoration Services",Asbestos Abatement in Buttonwillow,"24/7 asbestos abatement in Buttonwillow, CA. IICRC-certified, insurance billing accepted. Call (661) 393-9306.",asbestos abatement buttonwillow,asbestos removal|asbestos testing|asbestos remediation|popcorn ceiling asbestos removal|asbestos inspection,local_specialty,,,900,hero|og|inline-1|inline-2,service|local-business|faq|breadcrumb-list,/services/asbestos-abatement/|/service-areas/buttonwillow-ca/|/service-areas/buttonwillow-ca/fire-damage-restoration/|/service-areas/buttonwillow-ca/home-remodeling/|/service-areas/arvin-ca/asbestos-abatement/|/service-areas/bear-valley-springs-ca/asbestos-abatement/|/contact/,4.20,planned
/service-areas/delano-ca/appliance-leak-cleanup/,service-area-service,"Appliance Leak Cleanup in Delano, CA | ProRestoration Services",Appliance Leak Cleanup in Delano,"24/7 appliance leak cleanup in Delano, CA. IICRC-certified, insurance billing accepted. Call (661) 393-9306.",appliance leak cleanup delano,dishwasher leak cleanup|washing machine flood|refrigerator leak cleanup|water heater leak cleanup|ice maker line leak,local_emergency,,,900,hero|og|inline-1|inline-2,service|local-business|faq|breadcrumb-list,/services/appliance-leak-cleanup/|/service-areas/delano-ca/|/service-areas/delano-ca/fire-damage-restoration/|/service-areas/delano-ca/home-remodeling/|/service-areas/arvin-ca/appliance-leak-cleanup/|/service-areas/bear-valley-springs-ca/appliance-leak-cleanup/|/contact/,4.20,planned
/service-areas/delano-ca/asbestos-abatement/,service-area-service,"Asbestos Abatement in Delano, CA | ProRestoration Services",Asbestos Abatement in Delano,"24/7 asbestos abatement in Delano, CA. IICRC-certified, insurance billing accepted. Call (661) 393-9306.",asbestos abatement delano,asbestos removal|asbestos testing|asbestos remediation|popcorn ceiling asbestos removal|asbestos inspection,local_specialty,,,900,hero|og|inline-1|inline-2,service|local-business|faq|breadcrumb-list,/services/asbestos-abatement/|/service-areas/delano-ca/|/service-areas/delano-ca/fire-damage-restoration/|/service-areas/delano-ca/home-remodeling/|/service-areas/arvin-ca/asbestos-abatement/|/service-areas/bear-valley-springs-ca/asbestos-abatement/|/contact/,4.20,planned
/service-areas/dustin-acres-ca/appliance-leak-cleanup/,service-area-service,"Appliance Leak Cleanup in Dustin Acres, CA | ProRestoration Services",Appliance Leak Cleanup in Dustin Acres,"24/7 appliance leak cleanup in Dustin Acres, CA. IICRC-certified, insurance billing accepted. Call (661) 393-9306.",appliance leak cleanup dustin acres,dishwasher leak cleanup|washing machine flood|refrigerator leak cleanup|water heater leak cleanup|ice maker line leak,local_emergency,,,900,hero|og|inline-1|inline-2,service|local-business|faq|breadcrumb-list,/services/appliance-leak-cleanup/|/service-areas/dustin-acres-ca/|/service-areas/dustin-acres-ca/fire-damage-restoration/|/service-areas/dustin-acres-ca/home-remodeling/|/service-areas/arvin-ca/appliance-leak-cleanup/|/service-areas/bear-valley-springs-ca/appliance-leak-cleanup/|/contact/,4.20,planned
/service-areas/dustin-acres-ca/asbestos-abatement/,service-area-service,"Asbestos Abatement in Dustin Acres, CA | ProRestoration Services",Asbestos Abatement in Dustin Acres,"24/7 asbestos abatement in Dustin Acres, CA. IICRC-certified, insurance billing accepted. Call (661) 393-9306.",asbestos abatement dustin acres,asbestos removal|asbestos testing|asbestos remediation|popcorn ceiling asbestos removal|asbestos inspection,local_specialty,,,900,hero|og|inline-1|inline-2,service|local-business|faq|breadcrumb-list,/services/asbestos-abatement/|/service-areas/dustin-acres-ca/|/service-areas/dustin-acres-ca/fire-damage-restoration/|/service-areas/dustin-acres-ca/home-remodeling/|/service-areas/arvin-ca/asbestos-abatement/|/service-areas/bear-valley-springs-ca/asbestos-abatement/|/contact/,4.20,planned
/service-areas/east-niles-ca/appliance-leak-cleanup/,service-area-service,"Appliance Leak Cleanup in East Niles, CA | ProRestoration Services",Appliance Leak Cleanup in East Niles,"24/7 appliance leak cleanup in East Niles, CA. IICRC-certified, insurance billing accepted. Call (661) 393-9306.",appliance leak cleanup east niles,dishwasher leak cleanup|washing machine flood|refrigerator leak cleanup|water heater leak cleanup|ice maker line leak,local_emergency,,,900,hero|og|inline-1|inline-2,service|local-business|faq|breadcrumb-list,/services/appliance-leak-cleanup/|/service-areas/east-niles-ca/|/service-areas/east-niles-ca/fire-damage-restoration/|/service-areas/east-niles-ca/home-remodeling/|/service-areas/arvin-ca/appliance-leak-cleanup/|/service-areas/bear-valley-springs-ca/appliance-leak-cleanup/|/contact/,4.20,planned
/service-areas/east-niles-ca/asbestos-abatement/,service-area-service,"Asbestos Abatement in East Niles, CA | ProRestoration Services",Asbestos Abatement in East Niles,"24/7 asbestos abatement in East Niles, CA. IICRC-certified, insurance billing accepted. Call (661) 393-9306.",asbestos abatement east niles,asbestos removal|asbestos testing|asbestos remediation|popcorn ceiling asbestos removal|asbestos inspection,local_specialty,,,900,hero|og|inline-1|inline-2,service|local-business|faq|breadcrumb-list,/services/asbestos-abatement/|/service-areas/east-niles-ca/|/service-areas/east-niles-ca/fire-damage-restoration/|/service-areas/east-niles-ca/home-remodeling/|/service-areas/arvin-ca/asbestos-abatement/|/service-areas/bear-valley-springs-ca/asbestos-abatement/|/contact/,4.20,planned
/service-areas/keene-ca/appliance-leak-cleanup/,service-area-service,"Appliance Leak Cleanup in Keene, CA | ProRestoration Services",Appliance Leak Cleanup in Keene,"24/7 appliance leak cleanup in Keene, CA. IICRC-certified, insurance billing accepted. Call (661) 393-9306.",appliance leak cleanup keene,dishwasher leak cleanup|washing machine flood|refrigerator leak cleanup|water heater leak cleanup|ice maker line leak,local_emergency,,,900,hero|og|inline-1|inline-2,service|local-business|faq|breadcrumb-list,/services/appliance-leak-cleanup/|/service-areas/keene-ca/|/service-areas/keene-ca/fire-damage-restoration/|/service-areas/keene-ca/home-remodeling/|/service-areas/arvin-ca/appliance-leak-cleanup/|/service-areas/bear-valley-springs-ca/appliance-leak-cleanup/|/contact/,4.20,planned
/service-areas/keene-ca/asbestos-abatement/,service-area-service,"Asbestos Abatement in Keene, CA | ProRestoration Services",Asbestos Abatement in Keene,"24/7 asbestos abatement in Keene, CA. IICRC-certified, insurance billing accepted. Call (661) 393-9306.",asbestos abatement keene,asbestos removal|asbestos testing|asbestos remediation|popcorn ceiling asbestos removal|asbestos inspection,local_specialty,,,900,hero|og|inline-1|inline-2,service|local-business|faq|breadcrumb-list,/services/asbestos-abatement/|/service-areas/keene-ca/|/service-areas/keene-ca/fire-damage-restoration/|/service-areas/keene-ca/home-remodeling/|/service-areas/arvin-ca/asbestos-abatement/|/service-areas/bear-valley-springs-ca/asbestos-abatement/|/contact/,4.20,planned
/service-areas/lake-isabella-ca/appliance-leak-cleanup/,service-area-service,"Appliance Leak Cleanup in Lake Isabella, CA | ProRestoration Services",Appliance Leak Cleanup in Lake Isabella,"24/7 appliance leak cleanup in Lake Isabella, CA. IICRC-certified, insurance billing accepted. Call (661) 393-9306.",appliance leak cleanup lake isabella,dishwasher leak cleanup|washing machine flood|refrigerator leak cleanup|water heater leak cleanup|ice maker line leak,local_emergency,,,900,hero|og|inline-1|inline-2,service|local-business|faq|breadcrumb-list,/services/appliance-leak-cleanup/|/service-areas/lake-isabella-ca/|/service-areas/lake-isabella-ca/fire-damage-restoration/|/service-areas/lake-isabella-ca/home-remodeling/|/service-areas/arvin-ca/appliance-leak-cleanup/|/service-areas/bear-valley-springs-ca/appliance-leak-cleanup/|/contact/,4.20,planned
/service-areas/lake-isabella-ca/asbestos-abatement/,service-area-service,"Asbestos Abatement in Lake Isabella, CA | ProRestoration Services",Asbestos Abatement in Lake Isabella,"24/7 asbestos abatement in Lake Isabella, CA. IICRC-certified, insurance billing accepted. Call (661) 393-9306.",asbestos abatement lake isabella,asbestos removal|asbestos testing|asbestos remediation|popcorn ceiling asbestos removal|asbestos inspection,local_specialty,,,900,hero|og|inline-1|inline-2,service|local-business|faq|breadcrumb-list,/services/asbestos-abatement/|/service-areas/lake-isabella-ca/|/service-areas/lake-isabella-ca/fire-damage-restoration/|/service-areas/lake-isabella-ca/home-remodeling/|/service-areas/arvin-ca/asbestos-abatement/|/service-areas/bear-valley-springs-ca/asbestos-abatement/|/contact/,4.20,planned
/service-areas/lamont-ca/appliance-leak-cleanup/,service-area-service,"Appliance Leak Cleanup in Lamont, CA | ProRestoration Services",Appliance Leak Cleanup in Lamont,"24/7 appliance leak cleanup in Lamont, CA. IICRC-certified, insurance billing accepted. Call (661) 393-9306.",appliance leak cleanup lamont,dishwasher leak cleanup|washing machine flood|refrigerator leak cleanup|water heater leak cleanup|ice maker line leak,local_emergency,,,900,hero|og|inline-1|inline-2,service|local-business|faq|breadcrumb-list,/services/appliance-leak-cleanup/|/service-areas/lamont-ca/|/service-areas/lamont-ca/fire-damage-restoration/|/service-areas/lamont-ca/home-remodeling/|/service-areas/arvin-ca/appliance-leak-cleanup/|/service-areas/bear-valley-springs-ca/appliance-leak-cleanup/|/contact/,4.20,planned
/service-areas/lamont-ca/asbestos-abatement/,service-area-service,"Asbestos Abatement in Lamont, CA | ProRestoration Services",Asbestos Abatement in Lamont,"24/7 asbestos abatement in Lamont, CA. IICRC-certified, insurance billing accepted. Call (661) 393-9306.",asbestos abatement lamont,asbestos removal|asbestos testing|asbestos remediation|popcorn ceiling asbestos removal|asbestos inspection,local_specialty,,,900,hero|og|inline-1|inline-2,service|local-business|faq|breadcrumb-list,/services/asbestos-abatement/|/service-areas/lamont-ca/|/service-areas/lamont-ca/fire-damage-restoration/|/service-areas/lamont-ca/home-remodeling/|/service-areas/arvin-ca/asbestos-abatement/|/service-areas/bear-valley-springs-ca/asbestos-abatement/|/contact/,4.20,planned
/service-areas/maricopa-ca/appliance-leak-cleanup/,service-area-service,"Appliance Leak Cleanup in Maricopa, CA | ProRestoration Services",Appliance Leak Cleanup in Maricopa,"24/7 appliance leak cleanup in Maricopa, CA. IICRC-certified, insurance billing accepted. Call (661) 393-9306.",appliance leak cleanup maricopa,dishwasher leak cleanup|washing machine flood|refrigerator leak cleanup|water heater leak cleanup|ice maker line leak,local_emergency,,,900,hero|og|inline-1|inline-2,service|local-business|faq|breadcrumb-list,/services/appliance-leak-cleanup/|/service-areas/maricopa-ca/|/service-areas/maricopa-ca/fire-damage-restoration/|/service-areas/maricopa-ca/home-remodeling/|/service-areas/arvin-ca/appliance-leak-cleanup/|/service-areas/bear-valley-springs-ca/appliance-leak-cleanup/|/contact/,4.20,planned
/service-areas/maricopa-ca/asbestos-abatement/,service-area-service,"Asbestos Abatement in Maricopa, CA | ProRestoration Services",Asbestos Abatement in Maricopa,"24/7 asbestos abatement in Maricopa, CA. IICRC-certified, insurance billing accepted. Call (661) 393-9306.",asbestos abatement maricopa,asbestos removal|asbestos testing|asbestos remediation|popcorn ceiling asbestos removal|asbestos inspection,local_specialty,,,900,hero|og|inline-1|inline-2,service|local-business|faq|breadcrumb-list,/services/asbestos-abatement/|/service-areas/maricopa-ca/|/service-areas/maricopa-ca/fire-damage-restoration/|/service-areas/maricopa-ca/home-remodeling/|/service-areas/arvin-ca/asbestos-abatement/|/service-areas/bear-valley-springs-ca/asbestos-abatement/|/contact/,4.20,planned
/service-areas/mcfarland-ca/appliance-leak-cleanup/,service-area-service,"Appliance Leak Cleanup in McFarland, CA | ProRestoration Services",Appliance Leak Cleanup in McFarland,"24/7 appliance leak cleanup in McFarland, CA. IICRC-certified, insurance billing accepted. Call (661) 393-9306.",appliance leak cleanup mcfarland,dishwasher leak cleanup|washing machine flood|refrigerator leak cleanup|water heater leak cleanup|ice maker line leak,local_emergency,,,900,hero|og|inline-1|inline-2,service|local-business|faq|breadcrumb-list,/services/appliance-leak-cleanup/|/service-areas/mcfarland-ca/|/service-areas/mcfarland-ca/fire-damage-restoration/|/service-areas/mcfarland-ca/home-remodeling/|/service-areas/arvin-ca/appliance-leak-cleanup/|/service-areas/bear-valley-springs-ca/appliance-leak-cleanup/|/contact/,4.20,planned
/service-areas/mcfarland-ca/asbestos-abatement/,service-area-service,"Asbestos Abatement in McFarland, CA | ProRestoration Services",Asbestos Abatement in McFarland,"24/7 asbestos abatement in McFarland, CA. IICRC-certified, insurance billing accepted. Call (661) 393-9306.",asbestos abatement mcfarland,asbestos removal|asbestos testing|asbestos remediation|popcorn ceiling asbestos removal|asbestos inspection,local_specialty,,,900,hero|og|inline-1|inline-2,service|local-business|faq|breadcrumb-list,/services/asbestos-abatement/|/service-areas/mcfarland-ca/|/service-areas/mcfarland-ca/fire-damage-restoration/|/service-areas/mcfarland-ca/home-remodeling/|/service-areas/arvin-ca/asbestos-abatement/|/service-areas/bear-valley-springs-ca/asbestos-abatement/|/contact/,4.20,planned
/service-areas/oildale-ca/appliance-leak-cleanup/,service-area-service,"Appliance Leak Cleanup in Oildale, CA | ProRestoration Services",Appliance Leak Cleanup in Oildale,"24/7 appliance leak cleanup in Oildale, CA. IICRC-certified, insurance billing accepted. Call (661) 393-9306.",appliance leak cleanup oildale,dishwasher leak cleanup|washing machine flood|refrigerator leak cleanup|water heater leak cleanup|ice maker line leak,local_emergency,,,900,hero|og|inline-1|inline-2,service|local-business|faq|breadcrumb-list,/services/appliance-leak-cleanup/|/service-areas/oildale-ca/|/service-areas/oildale-ca/fire-damage-restoration/|/service-areas/oildale-ca/home-remodeling/|/service-areas/arvin-ca/appliance-leak-cleanup/|/service-areas/bear-valley-springs-ca/appliance-leak-cleanup/|/contact/,4.20,planned
/service-areas/oildale-ca/asbestos-abatement/,service-area-service,"Asbestos Abatement in Oildale, CA | ProRestoration Services",Asbestos Abatement in Oildale,"24/7 asbestos abatement in Oildale, CA. IICRC-certified, insurance billing accepted. Call (661) 393-9306.",asbestos abatement oildale,asbestos removal|asbestos testing|asbestos remediation|popcorn ceiling asbestos removal|asbestos inspection,local_specialty,,,900,hero|og|inline-1|inline-2,service|local-business|faq|breadcrumb-list,/services/asbestos-abatement/|/service-areas/oildale-ca/|/service-areas/oildale-ca/fire-damage-restoration/|/service-areas/oildale-ca/home-remodeling/|/service-areas/arvin-ca/asbestos-abatement/|/service-areas/bear-valley-springs-ca/asbestos-abatement/|/contact/,4.20,planned
/service-areas/rosedale-ca/appliance-leak-cleanup/,service-area-service,"Appliance Leak Cleanup in Rosedale, CA | ProRestoration Services",Appliance Leak Cleanup in Rosedale,"24/7 appliance leak cleanup in Rosedale, CA. IICRC-certified, insurance billing accepted. Call (661) 393-9306.",appliance leak cleanup rosedale,dishwasher leak cleanup|washing machine flood|refrigerator leak cleanup|water heater leak cleanup|ice maker line leak,local_emergency,,,900,hero|og|inline-1|inline-2,service|local-business|faq|breadcrumb-list,/services/appliance-leak-cleanup/|/service-areas/rosedale-ca/|/service-areas/rosedale-ca/fire-damage-restoration/|/service-areas/rosedale-ca/home-remodeling/|/service-areas/arvin-ca/appliance-leak-cleanup/|/service-areas/bear-valley-springs-ca/appliance-leak-cleanup/|/contact/,4.20,planned
/service-areas/rosedale-ca/asbestos-abatement/,service-area-service,"Asbestos Abatement in Rosedale, CA | ProRestoration Services",Asbestos Abatement in Rosedale,"24/7 asbestos abatement in Rosedale, CA. IICRC-certified, insurance billing accepted. Call (661) 393-9306.",asbestos abatement rosedale,asbestos removal|asbestos testing|asbestos remediation|popcorn ceiling asbestos removal|asbestos inspection,local_specialty,,,900,hero|og|inline-1|inline-2,service|local-business|faq|breadcrumb-list,/services/asbestos-abatement/|/service-areas/rosedale-ca/|/service-areas/rosedale-ca/fire-damage-restoration/|/service-areas/rosedale-ca/home-remodeling/|/service-areas/arvin-ca/asbestos-abatement/|/service-areas/bear-valley-springs-ca/asbestos-abatement/|/contact/,4.20,planned
/service-areas/shafter-ca/appliance-leak-cleanup/,service-area-service,"Appliance Leak Cleanup in Shafter, CA | ProRestoration Services",Appliance Leak Cleanup in Shafter,"24/7 appliance leak cleanup in Shafter, CA. IICRC-certified, insurance billing accepted. Call (661) 393-9306.",appliance leak cleanup shafter,dishwasher leak cleanup|washing machine flood|refrigerator leak cleanup|water heater leak cleanup|ice maker line leak,local_emergency,,,900,hero|og|inline-1|inline-2,service|local-business|faq|breadcrumb-list,/services/appliance-leak-cleanup/|/service-areas/shafter-ca/|/service-areas/shafter-ca/fire-damage-restoration/|/service-areas/shafter-ca/home-remodeling/|/service-areas/arvin-ca/appliance-leak-cleanup/|/service-areas/bear-valley-springs-ca/appliance-leak-cleanup/|/contact/,4.20,planned
/service-areas/shafter-ca/asbestos-abatement/,service-area-service,"Asbestos Abatement in Shafter, CA | ProRestoration Services",Asbestos Abatement in Shafter,"24/7 asbestos abatement in Shafter, CA. IICRC-certified, insurance billing accepted. Call (661) 393-9306.",asbestos abatement shafter,asbestos removal|asbestos testing|asbestos remediation|popcorn ceiling asbestos removal|asbestos inspection,local_specialty,,,900,hero|og|inline-1|inline-2,service|local-business|faq|breadcrumb-list,/services/asbestos-abatement/|/service-areas/shafter-ca/|/service-areas/shafter-ca/fire-damage-restoration/|/service-areas/shafter-ca/home-remodeling/|/service-areas/arvin-ca/asbestos-abatement/|/service-areas/bear-valley-springs-ca/asbestos-abatement/|/contact/,4.20,planned
/service-areas/taft-ca/appliance-leak-cleanup/,service-area-service,"Appliance Leak Cleanup in Taft, CA | ProRestoration Services",Appliance Leak Cleanup in Taft,"24/7 appliance leak cleanup in Taft, CA. IICRC-certified, insurance billing accepted. Call (661) 393-9306.",appliance leak cleanup taft,dishwasher leak cleanup|washing machine flood|refrigerator leak cleanup|water heater leak cleanup|ice maker line leak,local_emergency,,,900,hero|og|inline-1|inline-2,service|local-business|faq|breadcrumb-list,/services/appliance-leak-cleanup/|/service-areas/taft-ca/|/service-areas/taft-ca/fire-damage-restoration/|/service-areas/taft-ca/home-remodeling/|/service-areas/arvin-ca/appliance-leak-cleanup/|/service-areas/bear-valley-springs-ca/appliance-leak-cleanup/|/contact/,4.20,planned
/service-areas/taft-ca/asbestos-abatement/,service-area-service,"Asbestos Abatement in Taft, CA | ProRestoration Services",Asbestos Abatement in Taft,"24/7 asbestos abatement in Taft, CA. IICRC-certified, insurance billing accepted. Call (661) 393-9306.",asbestos abatement taft,asbestos removal|asbestos testing|asbestos remediation|popcorn ceiling asbestos removal|asbestos inspection,local_specialty,,,900,hero|og|inline-1|inline-2,service|local-business|faq|breadcrumb-list,/services/asbestos-abatement/|/service-areas/taft-ca/|/service-areas/taft-ca/fire-damage-restoration/|/service-areas/taft-ca/home-remodeling/|/service-areas/arvin-ca/asbestos-abatement/|/service-areas/bear-valley-springs-ca/asbestos-abatement/|/contact/,4.20,planned
/service-areas/tarina-ca/appliance-leak-cleanup/,service-area-service,"Appliance Leak Cleanup in Tarina, CA | ProRestoration Services",Appliance Leak Cleanup in Tarina,"24/7 appliance leak cleanup in Tarina, CA. IICRC-certified, insurance billing accepted. Call (661) 393-9306.",appliance leak cleanup tarina,dishwasher leak cleanup|washing machine flood|refrigerator leak cleanup|water heater leak cleanup|ice maker line leak,local_emergency,,,900,hero|og|inline-1|inline-2,service|local-business|faq|breadcrumb-list,/services/appliance-leak-cleanup/|/service-areas/tarina-ca/|/service-areas/tarina-ca/fire-damage-restoration/|/service-areas/tarina-ca/home-remodeling/|/service-areas/arvin-ca/appliance-leak-cleanup/|/service-areas/bear-valley-springs-ca/appliance-leak-cleanup/|/contact/,4.20,planned
/service-areas/tarina-ca/asbestos-abatement/,service-area-service,"Asbestos Abatement in Tarina, CA | ProRestoration Services",Asbestos Abatement in Tarina,"24/7 asbestos abatement in Tarina, CA. IICRC-certified, insurance billing accepted. Call (661) 393-9306.",asbestos abatement tarina,asbestos removal|asbestos testing|asbestos remediation|popcorn ceiling asbestos removal|asbestos inspection,local_specialty,,,900,hero|og|inline-1|inline-2,service|local-business|faq|breadcrumb-list,/services/asbestos-abatement/|/service-areas/tarina-ca/|/service-areas/tarina-ca/fire-damage-restoration/|/service-areas/tarina-ca/home-remodeling/|/service-areas/arvin-ca/asbestos-abatement/|/service-areas/bear-valley-springs-ca/asbestos-abatement/|/contact/,4.20,planned
/service-areas/tehachapi-ca/appliance-leak-cleanup/,service-area-service,"Appliance Leak Cleanup in Tehachapi, CA | ProRestoration Services",Appliance Leak Cleanup in Tehachapi,"24/7 appliance leak cleanup in Tehachapi, CA. IICRC-certified, insurance billing accepted. Call (661) 393-9306.",appliance leak cleanup tehachapi,dishwasher leak cleanup|washing machine flood|refrigerator leak cleanup|water heater leak cleanup|ice maker line leak,local_emergency,,,900,hero|og|inline-1|inline-2,service|local-business|faq|breadcrumb-list,/services/appliance-leak-cleanup/|/service-areas/tehachapi-ca/|/service-areas/tehachapi-ca/fire-damage-restoration/|/service-areas/tehachapi-ca/home-remodeling/|/service-areas/arvin-ca/appliance-leak-cleanup/|/service-areas/bear-valley-springs-ca/appliance-leak-cleanup/|/contact/,4.20,planned
/service-areas/tehachapi-ca/asbestos-abatement/,service-area-service,"Asbestos Abatement in Tehachapi, CA | ProRestoration Services",Asbestos Abatement in Tehachapi,"24/7 asbestos abatement in Tehachapi, CA. IICRC-certified, insurance billing accepted. Call (661) 393-9306.",asbestos abatement tehachapi,asbestos removal|asbestos testing|asbestos remediation|popcorn ceiling asbestos removal|asbestos inspection,local_specialty,,,900,hero|og|inline-1|inline-2,service|local-business|faq|breadcrumb-list,/services/asbestos-abatement/|/service-areas/tehachapi-ca/|/service-areas/tehachapi-ca/fire-damage-restoration/|/service-areas/tehachapi-ca/home-remodeling/|/service-areas/arvin-ca/asbestos-abatement/|/service-areas/bear-valley-springs-ca/asbestos-abatement/|/contact/,4.20,planned
/service-areas/valley-acres-ca/appliance-leak-cleanup/,service-area-service,"Appliance Leak Cleanup in Valley Acres, CA | ProRestoration Services",Appliance Leak Cleanup in Valley Acres,"24/7 appliance leak cleanup in Valley Acres, CA. IICRC-certified, insurance billing accepted. Call (661) 393-9306.",appliance leak cleanup valley acres,dishwasher leak cleanup|washing machine flood|refrigerator leak cleanup|water heater leak cleanup|ice maker line leak,local_emergency,,,900,hero|og|inline-1|inline-2,service|local-business|faq|breadcrumb-list,/services/appliance-leak-cleanup/|/service-areas/valley-acres-ca/|/service-areas/valley-acres-ca/fire-damage-restoration/|/service-areas/valley-acres-ca/home-remodeling/|/service-areas/arvin-ca/appliance-leak-cleanup/|/service-areas/bear-valley-springs-ca/appliance-leak-cleanup/|/contact/,4.20,planned
/service-areas/valley-acres-ca/asbestos-abatement/,service-area-service,"Asbestos Abatement in Valley Acres, CA | ProRestoration Services",Asbestos Abatement in Valley Acres,"24/7 asbestos abatement in Valley Acres, CA. IICRC-certified, insurance billing accepted. Call (661) 393-9306.",asbestos abatement valley acres,asbestos removal|asbestos testing|asbestos remediation|popcorn ceiling asbestos removal|asbestos inspection,local_specialty,,,900,hero|og|inline-1|inline-2,service|local-business|faq|breadcrumb-list,/services/asbestos-abatement/|/service-areas/valley-acres-ca/|/service-areas/valley-acres-ca/fire-damage-restoration/|/service-areas/valley-acres-ca/home-remodeling/|/service-areas/arvin-ca/asbestos-abatement/|/service-areas/bear-valley-springs-ca/asbestos-abatement/|/contact/,4.20,planned
/service-areas/wasco-ca/appliance-leak-cleanup/,service-area-service,"Appliance Leak Cleanup in Wasco, CA | ProRestoration Services",Appliance Leak Cleanup in Wasco,"24/7 appliance leak cleanup in Wasco, CA. IICRC-certified, insurance billing accepted. Call (661) 393-9306.",appliance leak cleanup wasco,dishwasher leak cleanup|washing machine flood|refrigerator leak cleanup|water heater leak cleanup|ice maker line leak,local_emergency,,,900,hero|og|inline-1|inline-2,service|local-business|faq|breadcrumb-list,/services/appliance-leak-cleanup/|/service-areas/wasco-ca/|/service-areas/wasco-ca/fire-damage-restoration/|/service-areas/wasco-ca/home-remodeling/|/service-areas/arvin-ca/appliance-leak-cleanup/|/service-areas/bear-valley-springs-ca/appliance-leak-cleanup/|/contact/,4.20,planned
/service-areas/wasco-ca/asbestos-abatement/,service-area-service,"Asbestos Abatement in Wasco, CA | ProRestoration Services",Asbestos Abatement in Wasco,"24/7 asbestos abatement in Wasco, CA. IICRC-certified, insurance billing accepted. Call (661) 393-9306.",asbestos abatement wasco,asbestos removal|asbestos testing|asbestos remediation|popcorn ceiling asbestos removal|asbestos inspection,local_specialty,,,900,hero|og|inline-1|inline-2,service|local-business|faq|breadcrumb-list,/services/asbestos-abatement/|/service-areas/wasco-ca/|/service-areas/wasco-ca/fire-damage-restoration/|/service-areas/wasco-ca/home-remodeling/|/service-areas/arvin-ca/asbestos-abatement/|/service-areas/bear-valley-springs-ca/asbestos-abatement/|/contact/,4.20,planned
/service-areas/weedpatch-ca/appliance-leak-cleanup/,service-area-service,"Appliance Leak Cleanup in Weedpatch, CA | ProRestoration Services",Appliance Leak Cleanup in Weedpatch,"24/7 appliance leak cleanup in Weedpatch, CA. IICRC-certified, insurance billing accepted. Call (661) 393-9306.",appliance leak cleanup weedpatch,dishwasher leak cleanup|washing machine flood|refrigerator leak cleanup|water heater leak cleanup|ice maker line leak,local_emergency,,,900,hero|og|inline-1|inline-2,service|local-business|faq|breadcrumb-list,/services/appliance-leak-cleanup/|/service-areas/weedpatch-ca/|/service-areas/weedpatch-ca/fire-damage-restoration/|/service-areas/weedpatch-ca/home-remodeling/|/service-areas/arvin-ca/appliance-leak-cleanup/|/service-areas/bear-valley-springs-ca/appliance-leak-cleanup/|/contact/,4.20,planned
/service-areas/weedpatch-ca/asbestos-abatement/,service-area-service,"Asbestos Abatement in Weedpatch, CA | ProRestoration Services",Asbestos Abatement in Weedpatch,"24/7 asbestos abatement in Weedpatch, CA. IICRC-certified, insurance billing accepted. Call (661) 393-9306.",asbestos abatement weedpatch,asbestos removal|asbestos testing|asbestos remediation|popcorn ceiling asbestos removal|asbestos inspection,local_specialty,,,900,hero|og|inline-1|inline-2,service|local-business|faq|breadcrumb-list,/services/asbestos-abatement/|/service-areas/weedpatch-ca/|/service-areas/weedpatch-ca/fire-damage-restoration/|/service-areas/weedpatch-ca/home-remodeling/|/service-areas/arvin-ca/asbestos-abatement/|/service-areas/bear-valley-springs-ca/asbestos-abatement/|/contact/,4.20,planned
/service-areas/woody-ca/appliance-leak-cleanup/,service-area-service,"Appliance Leak Cleanup in Woody, CA | ProRestoration Services",Appliance Leak Cleanup in Woody,"24/7 appliance leak cleanup in Woody, CA. IICRC-certified, insurance billing accepted. Call (661) 393-9306.",appliance leak cleanup woody,dishwasher leak cleanup|washing machine flood|refrigerator leak cleanup|water heater leak cleanup|ice maker line leak,local_emergency,,,900,hero|og|inline-1|inline-2,service|local-business|faq|breadcrumb-list,/services/appliance-leak-cleanup/|/service-areas/woody-ca/|/service-areas/woody-ca/fire-damage-restoration/|/service-areas/woody-ca/home-remodeling/|/service-areas/arvin-ca/appliance-leak-cleanup/|/service-areas/bear-valley-springs-ca/appliance-leak-cleanup/|/contact/,4.20,planned
/service-areas/woody-ca/asbestos-abatement/,service-area-service,"Asbestos Abatement in Woody, CA | ProRestoration Services",Asbestos Abatement in Woody,"24/7 asbestos abatement in Woody, CA. IICRC-certified, insurance billing accepted. Call (661) 393-9306.",asbestos abatement woody,asbestos removal|asbestos testing|asbestos remediation|popcorn ceiling asbestos removal|asbestos inspection,local_specialty,,,900,hero|og|inline-1|inline-2,service|local-business|faq|breadcrumb-list,/services/asbestos-abatement/|/service-areas/woody-ca/|/service-areas/woody-ca/fire-damage-restoration/|/service-areas/woody-ca/home-remodeling/|/service-areas/arvin-ca/asbestos-abatement/|/service-areas/bear-valley-springs-ca/asbestos-abatement/|/contact/,4.20,planned
/services/,services-hub,Restoration Services in Bakersfield | ProRestoration Services,Our Restoration Services,"Full-service restoration in Bakersfield: water, fire, mold, storm, biohazard, and commercial restoration. 24/7 response. Call (661) 393-9306.",restoration services bakersfield,damage restoration services|property restoration services|disaster restoration,local_commercial,,,800,hero|og|inline-1,organization|website|local-business|breadcrumb-list,/|/services/fire-damage-restoration/|/services/home-remodeling/|/services/mold-remediation/|/services/roofing/|/services/water-damage-restoration/|/services/emergency-plumbing/|/services/flood-damage-restoration/|/services/reconstruction/|/services/sewage-cleanup/|/services/smoke-damage-restoration/|/services/storm-damage-restoration/|/services/water-cleanup/|/services/biohazard-cleanup/|/services/burst-pipe-repair/|/services/general-contracting/|/services/mold-inspection-testing/|/services/emergency-board-up-tarping/|/services/odor-removal/|/services/soot-removal/|/services/water-leak-detection/|/services/appliance-leak-cleanup/|/services/asbestos-abatement/|/services/air-duct-cleaning/|/services/contents-restoration-storage/|/services/crawl-space-encapsulation/|/services/carpet-cleaning/|/services/post-construction-cleaning/,4.00,planned
/services/carpet-cleaning/,service-landing,Carpet Cleaning in Bakersfield | ProRestoration Services,Carpet Cleaning in Bakersfield,"24/7 carpet cleaning in Bakersfield and surrounding areas. IICRC-certified, insurance billing accepted. Call (661) 393-9306.",carpet cleaning bakersfield,professional carpet cleaning|deep carpet cleaning|carpet stain removal|commercial carpet cleaning|carpet sanitization,local_specialty,,,1100,hero|og|inline-1|inline-2,service|local-business|faq|breadcrumb-list,/services/|/contact/|/service-areas/arvin-ca/carpet-cleaning/|/service-areas/bear-valley-springs-ca/carpet-cleaning/|/service-areas/buttonwillow-ca/carpet-cleaning/|/service-areas/delano-ca/carpet-cleaning/|/service-areas/dustin-acres-ca/carpet-cleaning/|/service-areas/east-niles-ca/carpet-cleaning/|/service-areas/keene-ca/carpet-cleaning/|/service-areas/lake-isabella-ca/carpet-cleaning/|/service-areas/lamont-ca/carpet-cleaning/|/service-areas/maricopa-ca/carpet-cleaning/|/service-areas/mcfarland-ca/carpet-cleaning/|/service-areas/oildale-ca/carpet-cleaning/,3.60,planned
/services/post-construction-cleaning/,service-landing,Post-Construction and Specialty Cleaning in Bakersfield | ProRestoration Services,Post-Construction and Specialty Cleaning in Bakersfield,"24/7 post-construction and specialty cleaning in Bakersfield and surrounding areas. IICRC-certified, insurance billing accepted. Call (661) 393-9306.",post-construction and specialty cleaning bakersfield,post construction cleanup|construction debris cleaning|final clean|deep cleaning after renovation,local_service,,,1100,hero|og|inline-1|inline-2,service|local-business|faq|breadcrumb-list,/services/|/contact/|/service-areas/arvin-ca/post-construction-cleaning/|/service-areas/bear-valley-springs-ca/post-construction-cleaning/|/service-areas/buttonwillow-ca/post-construction-cleaning/|/service-areas/delano-ca/post-construction-cleaning/|/service-areas/dustin-acres-ca/post-construction-cleaning/|/service-areas/east-niles-ca/post-construction-cleaning/|/service-areas/keene-ca/post-construction-cleaning/|/service-areas/lake-isabella-ca/post-construction-cleaning/|/service-areas/lamont-ca/post-construction-cleaning/|/service-areas/maricopa-ca/post-construction-cleaning/|/service-areas/mcfarland-ca/post-construction-cleaning/|/service-areas/oildale-ca/post-construction-cleaning/,3.60,planned
/service-areas/,service-areas-hub,Service Areas | ProRestoration Services Restoration,Areas We Serve,ProRestoration Services provides 24/7 restoration services across Bakersfield and the surrounding region. Find your city.,prorestoration services service areas,restoration service area|cities we serve|local restoration coverage,navigational_local,,,500,hero|og,organization|website|local-business|breadcrumb-list,/|/service-areas/arvin-ca/|/service-areas/bear-valley-springs-ca/|/service-areas/buttonwillow-ca/|/service-areas/delano-ca/|/service-areas/dustin-acres-ca/|/service-areas/east-niles-ca/|/service-areas/keene-ca/|/service-areas/lake-isabella-ca/|/service-areas/lamont-ca/|/service-areas/maricopa-ca/|/service-areas/mcfarland-ca/|/service-areas/oildale-ca/|/service-areas/rosedale-ca/|/service-areas/shafter-ca/|/service-areas/taft-ca/|/service-areas/tarina-ca/|/service-areas/tehachapi-ca/|/service-areas/valley-acres-ca/|/service-areas/wasco-ca/|/service-areas/weedpatch-ca/|/service-areas/woody-ca/,3.50,planned
/service-areas/arvin-ca/air-duct-cleaning/,service-area-service,"Air Duct Cleaning in Arvin, CA | ProRestoration Services",Air Duct Cleaning in Arvin,"24/7 air duct cleaning in Arvin, CA. IICRC-certified, insurance billing accepted. Call (661) 393-9306.",air duct cleaning arvin,duct cleaning|HVAC duct cleaning|air duct sanitization|dryer vent cleaning|residential duct cleaning,local_specialty,,,900,hero|og|inline-1|inline-2,service|local-business|faq|breadcrumb-list,/services/air-duct-cleaning/|/service-areas/arvin-ca/|/service-areas/arvin-ca/fire-damage-restoration/|/service-areas/arvin-ca/home-remodeling/|/service-areas/bear-valley-springs-ca/air-duct-cleaning/|/service-areas/buttonwillow-ca/air-duct-cleaning/|/contact/,3.50,planned
/service-areas/arvin-ca/contents-restoration-storage/,service-area-service,"Contents Restoration & Storage in Arvin, CA | ProRestoration Services",Contents Restoration & Storage in Arvin,"24/7 contents restoration & storage in Arvin, CA. IICRC-certified, insurance billing accepted. Call (661) 393-9306.",contents restoration & storage arvin,,local_specialty,,,900,hero|og|inline-1|inline-2,service|local-business|faq|breadcrumb-list,/services/contents-restoration-storage/|/service-areas/arvin-ca/|/service-areas/arvin-ca/fire-damage-restoration/|/service-areas/arvin-ca/home-remodeling/|/service-areas/bear-valley-springs-ca/contents-restoration-storage/|/service-areas/buttonwillow-ca/contents-restoration-storage/|/contact/,3.50,planned
/service-areas/arvin-ca/crawl-space-encapsulation/,service-area-service,"Crawl Space Encapsulation in Arvin, CA | ProRestoration Services",Crawl Space Encapsulation in Arvin,"24/7 crawl space encapsulation in Arvin, CA. IICRC-certified, insurance billing accepted. Call (661) 393-9306.",crawl space encapsulation arvin,,local_specialty,,,900,hero|og|inline-1|inline-2,service|local-business|faq|breadcrumb-list,/services/crawl-space-encapsulation/|/service-areas/arvin-ca/|/service-areas/arvin-ca/fire-damage-restoration/|/service-areas/arvin-ca/home-remodeling/|/service-areas/bear-valley-springs-ca/crawl-space-encapsulation/|/service-areas/buttonwillow-ca/crawl-space-encapsulation/|/contact/,3.50,planned
/service-areas/bear-valley-springs-ca/air-duct-cleaning/,service-area-service,"Air Duct Cleaning in Bear Valley Springs, CA | ProRestoration Services",Air Duct Cleaning in Bear Valley Springs,"24/7 air duct cleaning in Bear Valley Springs, CA. IICRC-certified, insurance billing accepted. Call (661) 393-9306.",air duct cleaning bear valley springs,duct cleaning|HVAC duct cleaning|air duct sanitization|dryer vent cleaning|residential duct cleaning,local_specialty,,,900,hero|og|inline-1|inline-2,service|local-business|faq|breadcrumb-list,/services/air-duct-cleaning/|/service-areas/bear-valley-springs-ca/|/service-areas/bear-valley-springs-ca/fire-damage-restoration/|/service-areas/bear-valley-springs-ca/home-remodeling/|/service-areas/arvin-ca/air-duct-cleaning/|/service-areas/buttonwillow-ca/air-duct-cleaning/|/contact/,3.50,planned
/service-areas/bear-valley-springs-ca/contents-restoration-storage/,service-area-service,"Contents Restoration & Storage in Bear Valley Springs, CA | ProRestoration Services",Contents Restoration & Storage in Bear Valley Springs,"24/7 contents restoration & storage in Bear Valley Springs, CA. IICRC-certified, insurance billing accepted. Call (661) 393-9306.",contents restoration & storage bear valley springs,,local_specialty,,,900,hero|og|inline-1|inline-2,service|local-business|faq|breadcrumb-list,/services/contents-restoration-storage/|/service-areas/bear-valley-springs-ca/|/service-areas/bear-valley-springs-ca/fire-damage-restoration/|/service-areas/bear-valley-springs-ca/home-remodeling/|/service-areas/arvin-ca/contents-restoration-storage/|/service-areas/buttonwillow-ca/contents-restoration-storage/|/contact/,3.50,planned
/service-areas/bear-valley-springs-ca/crawl-space-encapsulation/,service-area-service,"Crawl Space Encapsulation in Bear Valley Springs, CA | ProRestoration Services",Crawl Space Encapsulation in Bear Valley Springs,"24/7 crawl space encapsulation in Bear Valley Springs, CA. IICRC-certified, insurance billing accepted. Call (661) 393-9306.",crawl space encapsulation bear valley springs,,local_specialty,,,900,hero|og|inline-1|inline-2,service|local-business|faq|breadcrumb-list,/services/crawl-space-encapsulation/|/service-areas/bear-valley-springs-ca/|/service-areas/bear-valley-springs-ca/fire-damage-restoration/|/service-areas/bear-valley-springs-ca/home-remodeling/|/service-areas/arvin-ca/crawl-space-encapsulation/|/service-areas/buttonwillow-ca/crawl-space-encapsulation/|/contact/,3.50,planned
/service-areas/buttonwillow-ca/air-duct-cleaning/,service-area-service,"Air Duct Cleaning in Buttonwillow, CA | ProRestoration Services",Air Duct Cleaning in Buttonwillow,"24/7 air duct cleaning in Buttonwillow, CA. IICRC-certified, insurance billing accepted. Call (661) 393-9306.",air duct cleaning buttonwillow,duct cleaning|HVAC duct cleaning|air duct sanitization|dryer vent cleaning|residential duct cleaning,local_specialty,,,900,hero|og|inline-1|inline-2,service|local-business|faq|breadcrumb-list,/services/air-duct-cleaning/|/service-areas/buttonwillow-ca/|/service-areas/buttonwillow-ca/fire-damage-restoration/|/service-areas/buttonwillow-ca/home-remodeling/|/service-areas/arvin-ca/air-duct-cleaning/|/service-areas/bear-valley-springs-ca/air-duct-cleaning/|/contact/,3.50,planned
/service-areas/buttonwillow-ca/contents-restoration-storage/,service-area-service,"Contents Restoration & Storage in Buttonwillow, CA | ProRestoration Services",Contents Restoration & Storage in Buttonwillow,"24/7 contents restoration & storage in Buttonwillow, CA. IICRC-certified, insurance billing accepted. Call (661) 393-9306.",contents restoration & storage buttonwillow,,local_specialty,,,900,hero|og|inline-1|inline-2,service|local-business|faq|breadcrumb-list,/services/contents-restoration-storage/|/service-areas/buttonwillow-ca/|/service-areas/buttonwillow-ca/fire-damage-restoration/|/service-areas/buttonwillow-ca/home-remodeling/|/service-areas/arvin-ca/contents-restoration-storage/|/service-areas/bear-valley-springs-ca/contents-restoration-storage/|/contact/,3.50,planned
/service-areas/buttonwillow-ca/crawl-space-encapsulation/,service-area-service,"Crawl Space Encapsulation in Buttonwillow, CA | ProRestoration Services",Crawl Space Encapsulation in Buttonwillow,"24/7 crawl space encapsulation in Buttonwillow, CA. IICRC-certified, insurance billing accepted. Call (661) 393-9306.",crawl space encapsulation buttonwillow,,local_specialty,,,900,hero|og|inline-1|inline-2,service|local-business|faq|breadcrumb-list,/services/crawl-space-encapsulation/|/service-areas/buttonwillow-ca/|/service-areas/buttonwillow-ca/fire-damage-restoration/|/service-areas/buttonwillow-ca/home-remodeling/|/service-areas/arvin-ca/crawl-space-encapsulation/|/service-areas/bear-valley-springs-ca/crawl-space-encapsulation/|/contact/,3.50,planned
/service-areas/delano-ca/air-duct-cleaning/,service-area-service,"Air Duct Cleaning in Delano, CA | ProRestoration Services",Air Duct Cleaning in Delano,"24/7 air duct cleaning in Delano, CA. IICRC-certified, insurance billing accepted. Call (661) 393-9306.",air duct cleaning delano,duct cleaning|HVAC duct cleaning|air duct sanitization|dryer vent cleaning|residential duct cleaning,local_specialty,,,900,hero|og|inline-1|inline-2,service|local-business|faq|breadcrumb-list,/services/air-duct-cleaning/|/service-areas/delano-ca/|/service-areas/delano-ca/fire-damage-restoration/|/service-areas/delano-ca/home-remodeling/|/service-areas/arvin-ca/air-duct-cleaning/|/service-areas/bear-valley-springs-ca/air-duct-cleaning/|/contact/,3.50,planned
/service-areas/delano-ca/contents-restoration-storage/,service-area-service,"Contents Restoration & Storage in Delano, CA | ProRestoration Services",Contents Restoration & Storage in Delano,"24/7 contents restoration & storage in Delano, CA. IICRC-certified, insurance billing accepted. Call (661) 393-9306.",contents restoration & storage delano,,local_specialty,,,900,hero|og|inline-1|inline-2,service|local-business|faq|breadcrumb-list,/services/contents-restoration-storage/|/service-areas/delano-ca/|/service-areas/delano-ca/fire-damage-restoration/|/service-areas/delano-ca/home-remodeling/|/service-areas/arvin-ca/contents-restoration-storage/|/service-areas/bear-valley-springs-ca/contents-restoration-storage/|/contact/,3.50,planned
/service-areas/delano-ca/crawl-space-encapsulation/,service-area-service,"Crawl Space Encapsulation in Delano, CA | ProRestoration Services",Crawl Space Encapsulation in Delano,"24/7 crawl space encapsulation in Delano, CA. IICRC-certified, insurance billing accepted. Call (661) 393-9306.",crawl space encapsulation delano,,local_specialty,,,900,hero|og|inline-1|inline-2,service|local-business|faq|breadcrumb-list,/services/crawl-space-encapsulation/|/service-areas/delano-ca/|/service-areas/delano-ca/fire-damage-restoration/|/service-areas/delano-ca/home-remodeling/|/service-areas/arvin-ca/crawl-space-encapsulation/|/service-areas/bear-valley-springs-ca/crawl-space-encapsulation/|/contact/,3.50,planned
/service-areas/dustin-acres-ca/air-duct-cleaning/,service-area-service,"Air Duct Cleaning in Dustin Acres, CA | ProRestoration Services",Air Duct Cleaning in Dustin Acres,"24/7 air duct cleaning in Dustin Acres, CA. IICRC-certified, insurance billing accepted. Call (661) 393-9306.",air duct cleaning dustin acres,duct cleaning|HVAC duct cleaning|air duct sanitization|dryer vent cleaning|residential duct cleaning,local_specialty,,,900,hero|og|inline-1|inline-2,service|local-business|faq|breadcrumb-list,/services/air-duct-cleaning/|/service-areas/dustin-acres-ca/|/service-areas/dustin-acres-ca/fire-damage-restoration/|/service-areas/dustin-acres-ca/home-remodeling/|/service-areas/arvin-ca/air-duct-cleaning/|/service-areas/bear-valley-springs-ca/air-duct-cleaning/|/contact/,3.50,planned
/service-areas/dustin-acres-ca/contents-restoration-storage/,service-area-service,"Contents Restoration & Storage in Dustin Acres, CA | ProRestoration Services",Contents Restoration & Storage in Dustin Acres,"24/7 contents restoration & storage in Dustin Acres, CA. IICRC-certified, insurance billing accepted. Call (661) 393-9306.",contents restoration & storage dustin acres,,local_specialty,,,900,hero|og|inline-1|inline-2,service|local-business|faq|breadcrumb-list,/services/contents-restoration-storage/|/service-areas/dustin-acres-ca/|/service-areas/dustin-acres-ca/fire-damage-restoration/|/service-areas/dustin-acres-ca/home-remodeling/|/service-areas/arvin-ca/contents-restoration-storage/|/service-areas/bear-valley-springs-ca/contents-restoration-storage/|/contact/,3.50,planned
/service-areas/dustin-acres-ca/crawl-space-encapsulation/,service-area-service,"Crawl Space Encapsulation in Dustin Acres, CA | ProRestoration Services",Crawl Space Encapsulation in Dustin Acres,"24/7 crawl space encapsulation in Dustin Acres, CA. IICRC-certified, insurance billing accepted. Call (661) 393-9306.",crawl space encapsulation dustin acres,,local_specialty,,,900,hero|og|inline-1|inline-2,service|local-business|faq|breadcrumb-list,/services/crawl-space-encapsulation/|/service-areas/dustin-acres-ca/|/service-areas/dustin-acres-ca/fire-damage-restoration/|/service-areas/dustin-acres-ca/home-remodeling/|/service-areas/arvin-ca/crawl-space-encapsulation/|/service-areas/bear-valley-springs-ca/crawl-space-encapsulation/|/contact/,3.50,planned
/service-areas/east-niles-ca/air-duct-cleaning/,service-area-service,"Air Duct Cleaning in East Niles, CA | ProRestoration Services",Air Duct Cleaning in East Niles,"24/7 air duct cleaning in East Niles, CA. IICRC-certified, insurance billing accepted. Call (661) 393-9306.",air duct cleaning east niles,duct cleaning|HVAC duct cleaning|air duct sanitization|dryer vent cleaning|residential duct cleaning,local_specialty,,,900,hero|og|inline-1|inline-2,service|local-business|faq|breadcrumb-list,/services/air-duct-cleaning/|/service-areas/east-niles-ca/|/service-areas/east-niles-ca/fire-damage-restoration/|/service-areas/east-niles-ca/home-remodeling/|/service-areas/arvin-ca/air-duct-cleaning/|/service-areas/bear-valley-springs-ca/air-duct-cleaning/|/contact/,3.50,planned
/service-areas/east-niles-ca/contents-restoration-storage/,service-area-service,"Contents Restoration & Storage in East Niles, CA | ProRestoration Services",Contents Restoration & Storage in East Niles,"24/7 contents restoration & storage in East Niles, CA. IICRC-certified, insurance billing accepted. Call (661) 393-9306.",contents restoration & storage east niles,,local_specialty,,,900,hero|og|inline-1|inline-2,service|local-business|faq|breadcrumb-list,/services/contents-restoration-storage/|/service-areas/east-niles-ca/|/service-areas/east-niles-ca/fire-damage-restoration/|/service-areas/east-niles-ca/home-remodeling/|/service-areas/arvin-ca/contents-restoration-storage/|/service-areas/bear-valley-springs-ca/contents-restoration-storage/|/contact/,3.50,planned
/service-areas/east-niles-ca/crawl-space-encapsulation/,service-area-service,"Crawl Space Encapsulation in East Niles, CA | ProRestoration Services",Crawl Space Encapsulation in East Niles,"24/7 crawl space encapsulation in East Niles, CA. IICRC-certified, insurance billing accepted. Call (661) 393-9306.",crawl space encapsulation east niles,,local_specialty,,,900,hero|og|inline-1|inline-2,service|local-business|faq|breadcrumb-list,/services/crawl-space-encapsulation/|/service-areas/east-niles-ca/|/service-areas/east-niles-ca/fire-damage-restoration/|/service-areas/east-niles-ca/home-remodeling/|/service-areas/arvin-ca/crawl-space-encapsulation/|/service-areas/bear-valley-springs-ca/crawl-space-encapsulation/|/contact/,3.50,planned
/service-areas/keene-ca/air-duct-cleaning/,service-area-service,"Air Duct Cleaning in Keene, CA | ProRestoration Services",Air Duct Cleaning in Keene,"24/7 air duct cleaning in Keene, CA. IICRC-certified, insurance billing accepted. Call (661) 393-9306.",air duct cleaning keene,duct cleaning|HVAC duct cleaning|air duct sanitization|dryer vent cleaning|residential duct cleaning,local_specialty,,,900,hero|og|inline-1|inline-2,service|local-business|faq|breadcrumb-list,/services/air-duct-cleaning/|/service-areas/keene-ca/|/service-areas/keene-ca/fire-damage-restoration/|/service-areas/keene-ca/home-remodeling/|/service-areas/arvin-ca/air-duct-cleaning/|/service-areas/bear-valley-springs-ca/air-duct-cleaning/|/contact/,3.50,planned
/service-areas/keene-ca/contents-restoration-storage/,service-area-service,"Contents Restoration & Storage in Keene, CA | ProRestoration Services",Contents Restoration & Storage in Keene,"24/7 contents restoration & storage in Keene, CA. IICRC-certified, insurance billing accepted. Call (661) 393-9306.",contents restoration & storage keene,,local_specialty,,,900,hero|og|inline-1|inline-2,service|local-business|faq|breadcrumb-list,/services/contents-restoration-storage/|/service-areas/keene-ca/|/service-areas/keene-ca/fire-damage-restoration/|/service-areas/keene-ca/home-remodeling/|/service-areas/arvin-ca/contents-restoration-storage/|/service-areas/bear-valley-springs-ca/contents-restoration-storage/|/contact/,3.50,planned
/service-areas/keene-ca/crawl-space-encapsulation/,service-area-service,"Crawl Space Encapsulation in Keene, CA | ProRestoration Services",Crawl Space Encapsulation in Keene,"24/7 crawl space encapsulation in Keene, CA. IICRC-certified, insurance billing accepted. Call (661) 393-9306.",crawl space encapsulation keene,,local_specialty,,,900,hero|og|inline-1|inline-2,service|local-business|faq|breadcrumb-list,/services/crawl-space-encapsulation/|/service-areas/keene-ca/|/service-areas/keene-ca/fire-damage-restoration/|/service-areas/keene-ca/home-remodeling/|/service-areas/arvin-ca/crawl-space-encapsulation/|/service-areas/bear-valley-springs-ca/crawl-space-encapsulation/|/contact/,3.50,planned
/service-areas/lake-isabella-ca/air-duct-cleaning/,service-area-service,"Air Duct Cleaning in Lake Isabella, CA | ProRestoration Services",Air Duct Cleaning in Lake Isabella,"24/7 air duct cleaning in Lake Isabella, CA. IICRC-certified, insurance billing accepted. Call (661) 393-9306.",air duct cleaning lake isabella,duct cleaning|HVAC duct cleaning|air duct sanitization|dryer vent cleaning|residential duct cleaning,local_specialty,,,900,hero|og|inline-1|inline-2,service|local-business|faq|breadcrumb-list,/services/air-duct-cleaning/|/service-areas/lake-isabella-ca/|/service-areas/lake-isabella-ca/fire-damage-restoration/|/service-areas/lake-isabella-ca/home-remodeling/|/service-areas/arvin-ca/air-duct-cleaning/|/service-areas/bear-valley-springs-ca/air-duct-cleaning/|/contact/,3.50,planned
/service-areas/lake-isabella-ca/contents-restoration-storage/,service-area-service,"Contents Restoration & Storage in Lake Isabella, CA | ProRestoration Services",Contents Restoration & Storage in Lake Isabella,"24/7 contents restoration & storage in Lake Isabella, CA. IICRC-certified, insurance billing accepted. Call (661) 393-9306.",contents restoration & storage lake isabella,,local_specialty,,,900,hero|og|inline-1|inline-2,service|local-business|faq|breadcrumb-list,/services/contents-restoration-storage/|/service-areas/lake-isabella-ca/|/service-areas/lake-isabella-ca/fire-damage-restoration/|/service-areas/lake-isabella-ca/home-remodeling/|/service-areas/arvin-ca/contents-restoration-storage/|/service-areas/bear-valley-springs-ca/contents-restoration-storage/|/contact/,3.50,planned
/service-areas/lake-isabella-ca/crawl-space-encapsulation/,service-area-service,"Crawl Space Encapsulation in Lake Isabella, CA | ProRestoration Services",Crawl Space Encapsulation in Lake Isabella,"24/7 crawl space encapsulation in Lake Isabella, CA. IICRC-certified, insurance billing accepted. Call (661) 393-9306.",crawl space encapsulation lake isabella,,local_specialty,,,900,hero|og|inline-1|inline-2,service|local-business|faq|breadcrumb-list,/services/crawl-space-encapsulation/|/service-areas/lake-isabella-ca/|/service-areas/lake-isabella-ca/fire-damage-restoration/|/service-areas/lake-isabella-ca/home-remodeling/|/service-areas/arvin-ca/crawl-space-encapsulation/|/service-areas/bear-valley-springs-ca/crawl-space-encapsulation/|/contact/,3.50,planned
/service-areas/lamont-ca/air-duct-cleaning/,service-area-service,"Air Duct Cleaning in Lamont, CA | ProRestoration Services",Air Duct Cleaning in Lamont,"24/7 air duct cleaning in Lamont, CA. IICRC-certified, insurance billing accepted. Call (661) 393-9306.",air duct cleaning lamont,duct cleaning|HVAC duct cleaning|air duct sanitization|dryer vent cleaning|residential duct cleaning,local_specialty,,,900,hero|og|inline-1|inline-2,service|local-business|faq|breadcrumb-list,/services/air-duct-cleaning/|/service-areas/lamont-ca/|/service-areas/lamont-ca/fire-damage-restoration/|/service-areas/lamont-ca/home-remodeling/|/service-areas/arvin-ca/air-duct-cleaning/|/service-areas/bear-valley-springs-ca/air-duct-cleaning/|/contact/,3.50,planned
/service-areas/lamont-ca/contents-restoration-storage/,service-area-service,"Contents Restoration & Storage in Lamont, CA | ProRestoration Services",Contents Restoration & Storage in Lamont,"24/7 contents restoration & storage in Lamont, CA. IICRC-certified, insurance billing accepted. Call (661) 393-9306.",contents restoration & storage lamont,,local_specialty,,,900,hero|og|inline-1|inline-2,service|local-business|faq|breadcrumb-list,/services/contents-restoration-storage/|/service-areas/lamont-ca/|/service-areas/lamont-ca/fire-damage-restoration/|/service-areas/lamont-ca/home-remodeling/|/service-areas/arvin-ca/contents-restoration-storage/|/service-areas/bear-valley-springs-ca/contents-restoration-storage/|/contact/,3.50,planned
/service-areas/lamont-ca/crawl-space-encapsulation/,service-area-service,"Crawl Space Encapsulation in Lamont, CA | ProRestoration Services",Crawl Space Encapsulation in Lamont,"24/7 crawl space encapsulation in Lamont, CA. IICRC-certified, insurance billing accepted. Call (661) 393-9306.",crawl space encapsulation lamont,,local_specialty,,,900,hero|og|inline-1|inline-2,service|local-business|faq|breadcrumb-list,/services/crawl-space-encapsulation/|/service-areas/lamont-ca/|/service-areas/lamont-ca/fire-damage-restoration/|/service-areas/lamont-ca/home-remodeling/|/service-areas/arvin-ca/crawl-space-encapsulation/|/service-areas/bear-valley-springs-ca/crawl-space-encapsulation/|/contact/,3.50,planned
/service-areas/maricopa-ca/air-duct-cleaning/,service-area-service,"Air Duct Cleaning in Maricopa, CA | ProRestoration Services",Air Duct Cleaning in Maricopa,"24/7 air duct cleaning in Maricopa, CA. IICRC-certified, insurance billing accepted. Call (661) 393-9306.",air duct cleaning maricopa,duct cleaning|HVAC duct cleaning|air duct sanitization|dryer vent cleaning|residential duct cleaning,local_specialty,,,900,hero|og|inline-1|inline-2,service|local-business|faq|breadcrumb-list,/services/air-duct-cleaning/|/service-areas/maricopa-ca/|/service-areas/maricopa-ca/fire-damage-restoration/|/service-areas/maricopa-ca/home-remodeling/|/service-areas/arvin-ca/air-duct-cleaning/|/service-areas/bear-valley-springs-ca/air-duct-cleaning/|/contact/,3.50,planned
/service-areas/maricopa-ca/contents-restoration-storage/,service-area-service,"Contents Restoration & Storage in Maricopa, CA | ProRestoration Services",Contents Restoration & Storage in Maricopa,"24/7 contents restoration & storage in Maricopa, CA. IICRC-certified, insurance billing accepted. Call (661) 393-9306.",contents restoration & storage maricopa,,local_specialty,,,900,hero|og|inline-1|inline-2,service|local-business|faq|breadcrumb-list,/services/contents-restoration-storage/|/service-areas/maricopa-ca/|/service-areas/maricopa-ca/fire-damage-restoration/|/service-areas/maricopa-ca/home-remodeling/|/service-areas/arvin-ca/contents-restoration-storage/|/service-areas/bear-valley-springs-ca/contents-restoration-storage/|/contact/,3.50,planned
/service-areas/maricopa-ca/crawl-space-encapsulation/,service-area-service,"Crawl Space Encapsulation in Maricopa, CA | ProRestoration Services",Crawl Space Encapsulation in Maricopa,"24/7 crawl space encapsulation in Maricopa, CA. IICRC-certified, insurance billing accepted. Call (661) 393-9306.",crawl space encapsulation maricopa,,local_specialty,,,900,hero|og|inline-1|inline-2,service|local-business|faq|breadcrumb-list,/services/crawl-space-encapsulation/|/service-areas/maricopa-ca/|/service-areas/maricopa-ca/fire-damage-restoration/|/service-areas/maricopa-ca/home-remodeling/|/service-areas/arvin-ca/crawl-space-encapsulation/|/service-areas/bear-valley-springs-ca/crawl-space-encapsulation/|/contact/,3.50,planned
/service-areas/mcfarland-ca/air-duct-cleaning/,service-area-service,"Air Duct Cleaning in McFarland, CA | ProRestoration Services",Air Duct Cleaning in McFarland,"24/7 air duct cleaning in McFarland, CA. IICRC-certified, insurance billing accepted. Call (661) 393-9306.",air duct cleaning mcfarland,duct cleaning|HVAC duct cleaning|air duct sanitization|dryer vent cleaning|residential duct cleaning,local_specialty,,,900,hero|og|inline-1|inline-2,service|local-business|faq|breadcrumb-list,/services/air-duct-cleaning/|/service-areas/mcfarland-ca/|/service-areas/mcfarland-ca/fire-damage-restoration/|/service-areas/mcfarland-ca/home-remodeling/|/service-areas/arvin-ca/air-duct-cleaning/|/service-areas/bear-valley-springs-ca/air-duct-cleaning/|/contact/,3.50,planned
/service-areas/mcfarland-ca/contents-restoration-storage/,service-area-service,"Contents Restoration & Storage in McFarland, CA | ProRestoration Services",Contents Restoration & Storage in McFarland,"24/7 contents restoration & storage in McFarland, CA. IICRC-certified, insurance billing accepted. Call (661) 393-9306.",contents restoration & storage mcfarland,,local_specialty,,,900,hero|og|inline-1|inline-2,service|local-business|faq|breadcrumb-list,/services/contents-restoration-storage/|/service-areas/mcfarland-ca/|/service-areas/mcfarland-ca/fire-damage-restoration/|/service-areas/mcfarland-ca/home-remodeling/|/service-areas/arvin-ca/contents-restoration-storage/|/service-areas/bear-valley-springs-ca/contents-restoration-storage/|/contact/,3.50,planned
/service-areas/mcfarland-ca/crawl-space-encapsulation/,service-area-service,"Crawl Space Encapsulation in McFarland, CA | ProRestoration Services",Crawl Space Encapsulation in McFarland,"24/7 crawl space encapsulation in McFarland, CA. IICRC-certified, insurance billing accepted. Call (661) 393-9306.",crawl space encapsulation mcfarland,,local_specialty,,,900,hero|og|inline-1|inline-2,service|local-business|faq|breadcrumb-list,/services/crawl-space-encapsulation/|/service-areas/mcfarland-ca/|/service-areas/mcfarland-ca/fire-damage-restoration/|/service-areas/mcfarland-ca/home-remodeling/|/service-areas/arvin-ca/crawl-space-encapsulation/|/service-areas/bear-valley-springs-ca/crawl-space-encapsulation/|/contact/,3.50,planned
/service-areas/oildale-ca/air-duct-cleaning/,service-area-service,"Air Duct Cleaning in Oildale, CA | ProRestoration Services",Air Duct Cleaning in Oildale,"24/7 air duct cleaning in Oildale, CA. IICRC-certified, insurance billing accepted. Call (661) 393-9306.",air duct cleaning oildale,duct cleaning|HVAC duct cleaning|air duct sanitization|dryer vent cleaning|residential duct cleaning,local_specialty,,,900,hero|og|inline-1|inline-2,service|local-business|faq|breadcrumb-list,/services/air-duct-cleaning/|/service-areas/oildale-ca/|/service-areas/oildale-ca/fire-damage-restoration/|/service-areas/oildale-ca/home-remodeling/|/service-areas/arvin-ca/air-duct-cleaning/|/service-areas/bear-valley-springs-ca/air-duct-cleaning/|/contact/,3.50,planned
/service-areas/oildale-ca/contents-restoration-storage/,service-area-service,"Contents Restoration & Storage in Oildale, CA | ProRestoration Services",Contents Restoration & Storage in Oildale,"24/7 contents restoration & storage in Oildale, CA. IICRC-certified, insurance billing accepted. Call (661) 393-9306.",contents restoration & storage oildale,,local_specialty,,,900,hero|og|inline-1|inline-2,service|local-business|faq|breadcrumb-list,/services/contents-restoration-storage/|/service-areas/oildale-ca/|/service-areas/oildale-ca/fire-damage-restoration/|/service-areas/oildale-ca/home-remodeling/|/service-areas/arvin-ca/contents-restoration-storage/|/service-areas/bear-valley-springs-ca/contents-restoration-storage/|/contact/,3.50,planned
/service-areas/oildale-ca/crawl-space-encapsulation/,service-area-service,"Crawl Space Encapsulation in Oildale, CA | ProRestoration Services",Crawl Space Encapsulation in Oildale,"24/7 crawl space encapsulation in Oildale, CA. IICRC-certified, insurance billing accepted. Call (661) 393-9306.",crawl space encapsulation oildale,,local_specialty,,,900,hero|og|inline-1|inline-2,service|local-business|faq|breadcrumb-list,/services/crawl-space-encapsulation/|/service-areas/oildale-ca/|/service-areas/oildale-ca/fire-damage-restoration/|/service-areas/oildale-ca/home-remodeling/|/service-areas/arvin-ca/crawl-space-encapsulation/|/service-areas/bear-valley-springs-ca/crawl-space-encapsulation/|/contact/,3.50,planned
/service-areas/rosedale-ca/air-duct-cleaning/,service-area-service,"Air Duct Cleaning in Rosedale, CA | ProRestoration Services",Air Duct Cleaning in Rosedale,"24/7 air duct cleaning in Rosedale, CA. IICRC-certified, insurance billing accepted. Call (661) 393-9306.",air duct cleaning rosedale,duct cleaning|HVAC duct cleaning|air duct sanitization|dryer vent cleaning|residential duct cleaning,local_specialty,,,900,hero|og|inline-1|inline-2,service|local-business|faq|breadcrumb-list,/services/air-duct-cleaning/|/service-areas/rosedale-ca/|/service-areas/rosedale-ca/fire-damage-restoration/|/service-areas/rosedale-ca/home-remodeling/|/service-areas/arvin-ca/air-duct-cleaning/|/service-areas/bear-valley-springs-ca/air-duct-cleaning/|/contact/,3.50,planned
/service-areas/rosedale-ca/contents-restoration-storage/,service-area-service,"Contents Restoration & Storage in Rosedale, CA | ProRestoration Services",Contents Restoration & Storage in Rosedale,"24/7 contents restoration & storage in Rosedale, CA. IICRC-certified, insurance billing accepted. Call (661) 393-9306.",contents restoration & storage rosedale,,local_specialty,,,900,hero|og|inline-1|inline-2,service|local-business|faq|breadcrumb-list,/services/contents-restoration-storage/|/service-areas/rosedale-ca/|/service-areas/rosedale-ca/fire-damage-restoration/|/service-areas/rosedale-ca/home-remodeling/|/service-areas/arvin-ca/contents-restoration-storage/|/service-areas/bear-valley-springs-ca/contents-restoration-storage/|/contact/,3.50,planned
/service-areas/rosedale-ca/crawl-space-encapsulation/,service-area-service,"Crawl Space Encapsulation in Rosedale, CA | ProRestoration Services",Crawl Space Encapsulation in Rosedale,"24/7 crawl space encapsulation in Rosedale, CA. IICRC-certified, insurance billing accepted. Call (661) 393-9306.",crawl space encapsulation rosedale,,local_specialty,,,900,hero|og|inline-1|inline-2,service|local-business|faq|breadcrumb-list,/services/crawl-space-encapsulation/|/service-areas/rosedale-ca/|/service-areas/rosedale-ca/fire-damage-restoration/|/service-areas/rosedale-ca/home-remodeling/|/service-areas/arvin-ca/crawl-space-encapsulation/|/service-areas/bear-valley-springs-ca/crawl-space-encapsulation/|/contact/,3.50,planned
/service-areas/shafter-ca/air-duct-cleaning/,service-area-service,"Air Duct Cleaning in Shafter, CA | ProRestoration Services",Air Duct Cleaning in Shafter,"24/7 air duct cleaning in Shafter, CA. IICRC-certified, insurance billing accepted. Call (661) 393-9306.",air duct cleaning shafter,duct cleaning|HVAC duct cleaning|air duct sanitization|dryer vent cleaning|residential duct cleaning,local_specialty,,,900,hero|og|inline-1|inline-2,service|local-business|faq|breadcrumb-list,/services/air-duct-cleaning/|/service-areas/shafter-ca/|/service-areas/shafter-ca/fire-damage-restoration/|/service-areas/shafter-ca/home-remodeling/|/service-areas/arvin-ca/air-duct-cleaning/|/service-areas/bear-valley-springs-ca/air-duct-cleaning/|/contact/,3.50,planned
/service-areas/shafter-ca/contents-restoration-storage/,service-area-service,"Contents Restoration & Storage in Shafter, CA | ProRestoration Services",Contents Restoration & Storage in Shafter,"24/7 contents restoration & storage in Shafter, CA. IICRC-certified, insurance billing accepted. Call (661) 393-9306.",contents restoration & storage shafter,,local_specialty,,,900,hero|og|inline-1|inline-2,service|local-business|faq|breadcrumb-list,/services/contents-restoration-storage/|/service-areas/shafter-ca/|/service-areas/shafter-ca/fire-damage-restoration/|/service-areas/shafter-ca/home-remodeling/|/service-areas/arvin-ca/contents-restoration-storage/|/service-areas/bear-valley-springs-ca/contents-restoration-storage/|/contact/,3.50,planned
/service-areas/shafter-ca/crawl-space-encapsulation/,service-area-service,"Crawl Space Encapsulation in Shafter, CA | ProRestoration Services",Crawl Space Encapsulation in Shafter,"24/7 crawl space encapsulation in Shafter, CA. IICRC-certified, insurance billing accepted. Call (661) 393-9306.",crawl space encapsulation shafter,,local_specialty,,,900,hero|og|inline-1|inline-2,service|local-business|faq|breadcrumb-list,/services/crawl-space-encapsulation/|/service-areas/shafter-ca/|/service-areas/shafter-ca/fire-damage-restoration/|/service-areas/shafter-ca/home-remodeling/|/service-areas/arvin-ca/crawl-space-encapsulation/|/service-areas/bear-valley-springs-ca/crawl-space-encapsulation/|/contact/,3.50,planned
/service-areas/taft-ca/air-duct-cleaning/,service-area-service,"Air Duct Cleaning in Taft, CA | ProRestoration Services",Air Duct Cleaning in Taft,"24/7 air duct cleaning in Taft, CA. IICRC-certified, insurance billing accepted. Call (661) 393-9306.",air duct cleaning taft,duct cleaning|HVAC duct cleaning|air duct sanitization|dryer vent cleaning|residential duct cleaning,local_specialty,,,900,hero|og|inline-1|inline-2,service|local-business|faq|breadcrumb-list,/services/air-duct-cleaning/|/service-areas/taft-ca/|/service-areas/taft-ca/fire-damage-restoration/|/service-areas/taft-ca/home-remodeling/|/service-areas/arvin-ca/air-duct-cleaning/|/service-areas/bear-valley-springs-ca/air-duct-cleaning/|/contact/,3.50,planned
/service-areas/taft-ca/contents-restoration-storage/,service-area-service,"Contents Restoration & Storage in Taft, CA | ProRestoration Services",Contents Restoration & Storage in Taft,"24/7 contents restoration & storage in Taft, CA. IICRC-certified, insurance billing accepted. Call (661) 393-9306.",contents restoration & storage taft,,local_specialty,,,900,hero|og|inline-1|inline-2,service|local-business|faq|breadcrumb-list,/services/contents-restoration-storage/|/service-areas/taft-ca/|/service-areas/taft-ca/fire-damage-restoration/|/service-areas/taft-ca/home-remodeling/|/service-areas/arvin-ca/contents-restoration-storage/|/service-areas/bear-valley-springs-ca/contents-restoration-storage/|/contact/,3.50,planned
/service-areas/taft-ca/crawl-space-encapsulation/,service-area-service,"Crawl Space Encapsulation in Taft, CA | ProRestoration Services",Crawl Space Encapsulation in Taft,"24/7 crawl space encapsulation in Taft, CA. IICRC-certified, insurance billing accepted. Call (661) 393-9306.",crawl space encapsulation taft,,local_specialty,,,900,hero|og|inline-1|inline-2,service|local-business|faq|breadcrumb-list,/services/crawl-space-encapsulation/|/service-areas/taft-ca/|/service-areas/taft-ca/fire-damage-restoration/|/service-areas/taft-ca/home-remodeling/|/service-areas/arvin-ca/crawl-space-encapsulation/|/service-areas/bear-valley-springs-ca/crawl-space-encapsulation/|/contact/,3.50,planned
/service-areas/tarina-ca/air-duct-cleaning/,service-area-service,"Air Duct Cleaning in Tarina, CA | ProRestoration Services",Air Duct Cleaning in Tarina,"24/7 air duct cleaning in Tarina, CA. IICRC-certified, insurance billing accepted. Call (661) 393-9306.",air duct cleaning tarina,duct cleaning|HVAC duct cleaning|air duct sanitization|dryer vent cleaning|residential duct cleaning,local_specialty,,,900,hero|og|inline-1|inline-2,service|local-business|faq|breadcrumb-list,/services/air-duct-cleaning/|/service-areas/tarina-ca/|/service-areas/tarina-ca/fire-damage-restoration/|/service-areas/tarina-ca/home-remodeling/|/service-areas/arvin-ca/air-duct-cleaning/|/service-areas/bear-valley-springs-ca/air-duct-cleaning/|/contact/,3.50,planned
/service-areas/tarina-ca/contents-restoration-storage/,service-area-service,"Contents Restoration & Storage in Tarina, CA | ProRestoration Services",Contents Restoration & Storage in Tarina,"24/7 contents restoration & storage in Tarina, CA. IICRC-certified, insurance billing accepted. Call (661) 393-9306.",contents restoration & storage tarina,,local_specialty,,,900,hero|og|inline-1|inline-2,service|local-business|faq|breadcrumb-list,/services/contents-restoration-storage/|/service-areas/tarina-ca/|/service-areas/tarina-ca/fire-damage-restoration/|/service-areas/tarina-ca/home-remodeling/|/service-areas/arvin-ca/contents-restoration-storage/|/service-areas/bear-valley-springs-ca/contents-restoration-storage/|/contact/,3.50,planned
/service-areas/tarina-ca/crawl-space-encapsulation/,service-area-service,"Crawl Space Encapsulation in Tarina, CA | ProRestoration Services",Crawl Space Encapsulation in Tarina,"24/7 crawl space encapsulation in Tarina, CA. IICRC-certified, insurance billing accepted. Call (661) 393-9306.",crawl space encapsulation tarina,,local_specialty,,,900,hero|og|inline-1|inline-2,service|local-business|faq|breadcrumb-list,/services/crawl-space-encapsulation/|/service-areas/tarina-ca/|/service-areas/tarina-ca/fire-damage-restoration/|/service-areas/tarina-ca/home-remodeling/|/service-areas/arvin-ca/crawl-space-encapsulation/|/service-areas/bear-valley-springs-ca/crawl-space-encapsulation/|/contact/,3.50,planned
/service-areas/tehachapi-ca/air-duct-cleaning/,service-area-service,"Air Duct Cleaning in Tehachapi, CA | ProRestoration Services",Air Duct Cleaning in Tehachapi,"24/7 air duct cleaning in Tehachapi, CA. IICRC-certified, insurance billing accepted. Call (661) 393-9306.",air duct cleaning tehachapi,duct cleaning|HVAC duct cleaning|air duct sanitization|dryer vent cleaning|residential duct cleaning,local_specialty,,,900,hero|og|inline-1|inline-2,service|local-business|faq|breadcrumb-list,/services/air-duct-cleaning/|/service-areas/tehachapi-ca/|/service-areas/tehachapi-ca/fire-damage-restoration/|/service-areas/tehachapi-ca/home-remodeling/|/service-areas/arvin-ca/air-duct-cleaning/|/service-areas/bear-valley-springs-ca/air-duct-cleaning/|/contact/,3.50,planned
/service-areas/tehachapi-ca/contents-restoration-storage/,service-area-service,"Contents Restoration & Storage in Tehachapi, CA | ProRestoration Services",Contents Restoration & Storage in Tehachapi,"24/7 contents restoration & storage in Tehachapi, CA. IICRC-certified, insurance billing accepted. Call (661) 393-9306.",contents restoration & storage tehachapi,,local_specialty,,,900,hero|og|inline-1|inline-2,service|local-business|faq|breadcrumb-list,/services/contents-restoration-storage/|/service-areas/tehachapi-ca/|/service-areas/tehachapi-ca/fire-damage-restoration/|/service-areas/tehachapi-ca/home-remodeling/|/service-areas/arvin-ca/contents-restoration-storage/|/service-areas/bear-valley-springs-ca/contents-restoration-storage/|/contact/,3.50,planned
/service-areas/tehachapi-ca/crawl-space-encapsulation/,service-area-service,"Crawl Space Encapsulation in Tehachapi, CA | ProRestoration Services",Crawl Space Encapsulation in Tehachapi,"24/7 crawl space encapsulation in Tehachapi, CA. IICRC-certified, insurance billing accepted. Call (661) 393-9306.",crawl space encapsulation tehachapi,,local_specialty,,,900,hero|og|inline-1|inline-2,service|local-business|faq|breadcrumb-list,/services/crawl-space-encapsulation/|/service-areas/tehachapi-ca/|/service-areas/tehachapi-ca/fire-damage-restoration/|/service-areas/tehachapi-ca/home-remodeling/|/service-areas/arvin-ca/crawl-space-encapsulation/|/service-areas/bear-valley-springs-ca/crawl-space-encapsulation/|/contact/,3.50,planned
/service-areas/valley-acres-ca/air-duct-cleaning/,service-area-service,"Air Duct Cleaning in Valley Acres, CA | ProRestoration Services",Air Duct Cleaning in Valley Acres,"24/7 air duct cleaning in Valley Acres, CA. IICRC-certified, insurance billing accepted. Call (661) 393-9306.",air duct cleaning valley acres,duct cleaning|HVAC duct cleaning|air duct sanitization|dryer vent cleaning|residential duct cleaning,local_specialty,,,900,hero|og|inline-1|inline-2,service|local-business|faq|breadcrumb-list,/services/air-duct-cleaning/|/service-areas/valley-acres-ca/|/service-areas/valley-acres-ca/fire-damage-restoration/|/service-areas/valley-acres-ca/home-remodeling/|/service-areas/arvin-ca/air-duct-cleaning/|/service-areas/bear-valley-springs-ca/air-duct-cleaning/|/contact/,3.50,planned
/service-areas/valley-acres-ca/contents-restoration-storage/,service-area-service,"Contents Restoration & Storage in Valley Acres, CA | ProRestoration Services",Contents Restoration & Storage in Valley Acres,"24/7 contents restoration & storage in Valley Acres, CA. IICRC-certified, insurance billing accepted. Call (661) 393-9306.",contents restoration & storage valley acres,,local_specialty,,,900,hero|og|inline-1|inline-2,service|local-business|faq|breadcrumb-list,/services/contents-restoration-storage/|/service-areas/valley-acres-ca/|/service-areas/valley-acres-ca/fire-damage-restoration/|/service-areas/valley-acres-ca/home-remodeling/|/service-areas/arvin-ca/contents-restoration-storage/|/service-areas/bear-valley-springs-ca/contents-restoration-storage/|/contact/,3.50,planned
/service-areas/valley-acres-ca/crawl-space-encapsulation/,service-area-service,"Crawl Space Encapsulation in Valley Acres, CA | ProRestoration Services",Crawl Space Encapsulation in Valley Acres,"24/7 crawl space encapsulation in Valley Acres, CA. IICRC-certified, insurance billing accepted. Call (661) 393-9306.",crawl space encapsulation valley acres,,local_specialty,,,900,hero|og|inline-1|inline-2,service|local-business|faq|breadcrumb-list,/services/crawl-space-encapsulation/|/service-areas/valley-acres-ca/|/service-areas/valley-acres-ca/fire-damage-restoration/|/service-areas/valley-acres-ca/home-remodeling/|/service-areas/arvin-ca/crawl-space-encapsulation/|/service-areas/bear-valley-springs-ca/crawl-space-encapsulation/|/contact/,3.50,planned
/service-areas/wasco-ca/air-duct-cleaning/,service-area-service,"Air Duct Cleaning in Wasco, CA | ProRestoration Services",Air Duct Cleaning in Wasco,"24/7 air duct cleaning in Wasco, CA. IICRC-certified, insurance billing accepted. Call (661) 393-9306.",air duct cleaning wasco,duct cleaning|HVAC duct cleaning|air duct sanitization|dryer vent cleaning|residential duct cleaning,local_specialty,,,900,hero|og|inline-1|inline-2,service|local-business|faq|breadcrumb-list,/services/air-duct-cleaning/|/service-areas/wasco-ca/|/service-areas/wasco-ca/fire-damage-restoration/|/service-areas/wasco-ca/home-remodeling/|/service-areas/arvin-ca/air-duct-cleaning/|/service-areas/bear-valley-springs-ca/air-duct-cleaning/|/contact/,3.50,planned
/service-areas/wasco-ca/contents-restoration-storage/,service-area-service,"Contents Restoration & Storage in Wasco, CA | ProRestoration Services",Contents Restoration & Storage in Wasco,"24/7 contents restoration & storage in Wasco, CA. IICRC-certified, insurance billing accepted. Call (661) 393-9306.",contents restoration & storage wasco,,local_specialty,,,900,hero|og|inline-1|inline-2,service|local-business|faq|breadcrumb-list,/services/contents-restoration-storage/|/service-areas/wasco-ca/|/service-areas/wasco-ca/fire-damage-restoration/|/service-areas/wasco-ca/home-remodeling/|/service-areas/arvin-ca/contents-restoration-storage/|/service-areas/bear-valley-springs-ca/contents-restoration-storage/|/contact/,3.50,planned
/service-areas/wasco-ca/crawl-space-encapsulation/,service-area-service,"Crawl Space Encapsulation in Wasco, CA | ProRestoration Services",Crawl Space Encapsulation in Wasco,"24/7 crawl space encapsulation in Wasco, CA. IICRC-certified, insurance billing accepted. Call (661) 393-9306.",crawl space encapsulation wasco,,local_specialty,,,900,hero|og|inline-1|inline-2,service|local-business|faq|breadcrumb-list,/services/crawl-space-encapsulation/|/service-areas/wasco-ca/|/service-areas/wasco-ca/fire-damage-restoration/|/service-areas/wasco-ca/home-remodeling/|/service-areas/arvin-ca/crawl-space-encapsulation/|/service-areas/bear-valley-springs-ca/crawl-space-encapsulation/|/contact/,3.50,planned
/service-areas/weedpatch-ca/air-duct-cleaning/,service-area-service,"Air Duct Cleaning in Weedpatch, CA | ProRestoration Services",Air Duct Cleaning in Weedpatch,"24/7 air duct cleaning in Weedpatch, CA. IICRC-certified, insurance billing accepted. Call (661) 393-9306.",air duct cleaning weedpatch,duct cleaning|HVAC duct cleaning|air duct sanitization|dryer vent cleaning|residential duct cleaning,local_specialty,,,900,hero|og|inline-1|inline-2,service|local-business|faq|breadcrumb-list,/services/air-duct-cleaning/|/service-areas/weedpatch-ca/|/service-areas/weedpatch-ca/fire-damage-restoration/|/service-areas/weedpatch-ca/home-remodeling/|/service-areas/arvin-ca/air-duct-cleaning/|/service-areas/bear-valley-springs-ca/air-duct-cleaning/|/contact/,3.50,planned
/service-areas/weedpatch-ca/contents-restoration-storage/,service-area-service,"Contents Restoration & Storage in Weedpatch, CA | ProRestoration Services",Contents Restoration & Storage in Weedpatch,"24/7 contents restoration & storage in Weedpatch, CA. IICRC-certified, insurance billing accepted. Call (661) 393-9306.",contents restoration & storage weedpatch,,local_specialty,,,900,hero|og|inline-1|inline-2,service|local-business|faq|breadcrumb-list,/services/contents-restoration-storage/|/service-areas/weedpatch-ca/|/service-areas/weedpatch-ca/fire-damage-restoration/|/service-areas/weedpatch-ca/home-remodeling/|/service-areas/arvin-ca/contents-restoration-storage/|/service-areas/bear-valley-springs-ca/contents-restoration-storage/|/contact/,3.50,planned
/service-areas/weedpatch-ca/crawl-space-encapsulation/,service-area-service,"Crawl Space Encapsulation in Weedpatch, CA | ProRestoration Services",Crawl Space Encapsulation in Weedpatch,"24/7 crawl space encapsulation in Weedpatch, CA. IICRC-certified, insurance billing accepted. Call (661) 393-9306.",crawl space encapsulation weedpatch,,local_specialty,,,900,hero|og|inline-1|inline-2,service|local-business|faq|breadcrumb-list,/services/crawl-space-encapsulation/|/service-areas/weedpatch-ca/|/service-areas/weedpatch-ca/fire-damage-restoration/|/service-areas/weedpatch-ca/home-remodeling/|/service-areas/arvin-ca/crawl-space-encapsulation/|/service-areas/bear-valley-springs-ca/crawl-space-encapsulation/|/contact/,3.50,planned
/service-areas/woody-ca/air-duct-cleaning/,service-area-service,"Air Duct Cleaning in Woody, CA | ProRestoration Services",Air Duct Cleaning in Woody,"24/7 air duct cleaning in Woody, CA. IICRC-certified, insurance billing accepted. Call (661) 393-9306.",air duct cleaning woody,duct cleaning|HVAC duct cleaning|air duct sanitization|dryer vent cleaning|residential duct cleaning,local_specialty,,,900,hero|og|inline-1|inline-2,service|local-business|faq|breadcrumb-list,/services/air-duct-cleaning/|/service-areas/woody-ca/|/service-areas/woody-ca/fire-damage-restoration/|/service-areas/woody-ca/home-remodeling/|/service-areas/arvin-ca/air-duct-cleaning/|/service-areas/bear-valley-springs-ca/air-duct-cleaning/|/contact/,3.50,planned
/service-areas/woody-ca/contents-restoration-storage/,service-area-service,"Contents Restoration & Storage in Woody, CA | ProRestoration Services",Contents Restoration & Storage in Woody,"24/7 contents restoration & storage in Woody, CA. IICRC-certified, insurance billing accepted. Call (661) 393-9306.",contents restoration & storage woody,,local_specialty,,,900,hero|og|inline-1|inline-2,service|local-business|faq|breadcrumb-list,/services/contents-restoration-storage/|/service-areas/woody-ca/|/service-areas/woody-ca/fire-damage-restoration/|/service-areas/woody-ca/home-remodeling/|/service-areas/arvin-ca/contents-restoration-storage/|/service-areas/bear-valley-springs-ca/contents-restoration-storage/|/contact/,3.50,planned
/service-areas/woody-ca/crawl-space-encapsulation/,service-area-service,"Crawl Space Encapsulation in Woody, CA | ProRestoration Services",Crawl Space Encapsulation in Woody,"24/7 crawl space encapsulation in Woody, CA. IICRC-certified, insurance billing accepted. Call (661) 393-9306.",crawl space encapsulation woody,,local_specialty,,,900,hero|og|inline-1|inline-2,service|local-business|faq|breadcrumb-list,/services/crawl-space-encapsulation/|/service-areas/woody-ca/|/service-areas/woody-ca/fire-damage-restoration/|/service-areas/woody-ca/home-remodeling/|/service-areas/arvin-ca/crawl-space-encapsulation/|/service-areas/bear-valley-springs-ca/crawl-space-encapsulation/|/contact/,3.50,planned
/blog/,blog-index,Restoration Blog | ProRestoration Services,Restoration Resources and Insights,"Guides, checklists, and explainers from ProRestoration Services on water, fire, mold, and storm damage restoration.",restoration blog bakersfield,restoration guides|damage restoration tips|restoration insights,informational_browse,,,300,hero|og,website|breadcrumb-list,/|/blog/burst-pipe-emergency-checklist/|/blog/what-to-do-first-24-hours-water-damage/|/blog/choosing-a-restoration-company/|/blog/does-homeowners-insurance-cover-water-damage/|/blog/fire-damage-restoration-process/|/blog/how-to-test-for-mold/|/blog/signs-of-hidden-mold/|/blog/black-mold-vs-regular-mold/|/blog/how-long-does-water-damage-restoration-take/|/blog/mold-after-water-damage/|/blog/storm-damage-insurance-claim-checklist/|/blog/smoke-odor-removal-techniques/,3.00,planned
/service-areas/arvin-ca/carpet-cleaning/,service-area-service,"Carpet Cleaning in Arvin, CA | ProRestoration Services",Carpet Cleaning in Arvin,"24/7 carpet cleaning in Arvin, CA. IICRC-certified, insurance billing accepted. Call (661) 393-9306.",carpet cleaning arvin,professional carpet cleaning|deep carpet cleaning|carpet stain removal|commercial carpet cleaning|carpet sanitization,local_specialty,,,900,hero|og|inline-1|inline-2,service|local-business|faq|breadcrumb-list,/services/carpet-cleaning/|/service-areas/arvin-ca/|/service-areas/arvin-ca/fire-damage-restoration/|/service-areas/arvin-ca/home-remodeling/|/service-areas/bear-valley-springs-ca/carpet-cleaning/|/service-areas/buttonwillow-ca/carpet-cleaning/|/contact/,2.80,planned
/service-areas/arvin-ca/post-construction-cleaning/,service-area-service,"Post-Construction and Specialty Cleaning in Arvin, CA | ProRestoration Services",Post-Construction and Specialty Cleaning in Arvin,"24/7 post-construction and specialty cleaning in Arvin, CA. IICRC-certified, insurance billing accepted. Call (661) 393-9306.",post-construction and specialty cleaning arvin,post construction cleanup|construction debris cleaning|final clean|deep cleaning after renovation,local_service,,,900,hero|og|inline-1|inline-2,service|local-business|faq|breadcrumb-list,/services/post-construction-cleaning/|/service-areas/arvin-ca/|/service-areas/arvin-ca/fire-damage-restoration/|/service-areas/arvin-ca/home-remodeling/|/service-areas/bear-valley-springs-ca/post-construction-cleaning/|/service-areas/buttonwillow-ca/post-construction-cleaning/|/contact/,2.80,planned
/service-areas/bear-valley-springs-ca/carpet-cleaning/,service-area-service,"Carpet Cleaning in Bear Valley Springs, CA | ProRestoration Services",Carpet Cleaning in Bear Valley Springs,"24/7 carpet cleaning in Bear Valley Springs, CA. IICRC-certified, insurance billing accepted. Call (661) 393-9306.",carpet cleaning bear valley springs,professional carpet cleaning|deep carpet cleaning|carpet stain removal|commercial carpet cleaning|carpet sanitization,local_specialty,,,900,hero|og|inline-1|inline-2,service|local-business|faq|breadcrumb-list,/services/carpet-cleaning/|/service-areas/bear-valley-springs-ca/|/service-areas/bear-valley-springs-ca/fire-damage-restoration/|/service-areas/bear-valley-springs-ca/home-remodeling/|/service-areas/arvin-ca/carpet-cleaning/|/service-areas/buttonwillow-ca/carpet-cleaning/|/contact/,2.80,planned
/service-areas/bear-valley-springs-ca/post-construction-cleaning/,service-area-service,"Post-Construction and Specialty Cleaning in Bear Valley Springs, CA | ProRestoration Services",Post-Construction and Specialty Cleaning in Bear Valley Springs,"24/7 post-construction and specialty cleaning in Bear Valley Springs, CA. IICRC-certified, insurance billing accepted. Call (661) 393-9306.",post-construction and specialty cleaning bear valley springs,post construction cleanup|construction debris cleaning|final clean|deep cleaning after renovation,local_service,,,900,hero|og|inline-1|inline-2,service|local-business|faq|breadcrumb-list,/services/post-construction-cleaning/|/service-areas/bear-valley-springs-ca/|/service-areas/bear-valley-springs-ca/fire-damage-restoration/|/service-areas/bear-valley-springs-ca/home-remodeling/|/service-areas/arvin-ca/post-construction-cleaning/|/service-areas/buttonwillow-ca/post-construction-cleaning/|/contact/,2.80,planned
/service-areas/buttonwillow-ca/carpet-cleaning/,service-area-service,"Carpet Cleaning in Buttonwillow, CA | ProRestoration Services",Carpet Cleaning in Buttonwillow,"24/7 carpet cleaning in Buttonwillow, CA. IICRC-certified, insurance billing accepted. Call (661) 393-9306.",carpet cleaning buttonwillow,professional carpet cleaning|deep carpet cleaning|carpet stain removal|commercial carpet cleaning|carpet sanitization,local_specialty,,,900,hero|og|inline-1|inline-2,service|local-business|faq|breadcrumb-list,/services/carpet-cleaning/|/service-areas/buttonwillow-ca/|/service-areas/buttonwillow-ca/fire-damage-restoration/|/service-areas/buttonwillow-ca/home-remodeling/|/service-areas/arvin-ca/carpet-cleaning/|/service-areas/bear-valley-springs-ca/carpet-cleaning/|/contact/,2.80,planned
/service-areas/buttonwillow-ca/post-construction-cleaning/,service-area-service,"Post-Construction and Specialty Cleaning in Buttonwillow, CA | ProRestoration Services",Post-Construction and Specialty Cleaning in Buttonwillow,"24/7 post-construction and specialty cleaning in Buttonwillow, CA. IICRC-certified, insurance billing accepted. Call (661) 393-9306.",post-construction and specialty cleaning buttonwillow,post construction cleanup|construction debris cleaning|final clean|deep cleaning after renovation,local_service,,,900,hero|og|inline-1|inline-2,service|local-business|faq|breadcrumb-list,/services/post-construction-cleaning/|/service-areas/buttonwillow-ca/|/service-areas/buttonwillow-ca/fire-damage-restoration/|/service-areas/buttonwillow-ca/home-remodeling/|/service-areas/arvin-ca/post-construction-cleaning/|/service-areas/bear-valley-springs-ca/post-construction-cleaning/|/contact/,2.80,planned
/service-areas/delano-ca/carpet-cleaning/,service-area-service,"Carpet Cleaning in Delano, CA | ProRestoration Services",Carpet Cleaning in Delano,"24/7 carpet cleaning in Delano, CA. IICRC-certified, insurance billing accepted. Call (661) 393-9306.",carpet cleaning delano,professional carpet cleaning|deep carpet cleaning|carpet stain removal|commercial carpet cleaning|carpet sanitization,local_specialty,,,900,hero|og|inline-1|inline-2,service|local-business|faq|breadcrumb-list,/services/carpet-cleaning/|/service-areas/delano-ca/|/service-areas/delano-ca/fire-damage-restoration/|/service-areas/delano-ca/home-remodeling/|/service-areas/arvin-ca/carpet-cleaning/|/service-areas/bear-valley-springs-ca/carpet-cleaning/|/contact/,2.80,planned
/service-areas/delano-ca/post-construction-cleaning/,service-area-service,"Post-Construction and Specialty Cleaning in Delano, CA | ProRestoration Services",Post-Construction and Specialty Cleaning in Delano,"24/7 post-construction and specialty cleaning in Delano, CA. IICRC-certified, insurance billing accepted. Call (661) 393-9306.",post-construction and specialty cleaning delano,post construction cleanup|construction debris cleaning|final clean|deep cleaning after renovation,local_service,,,900,hero|og|inline-1|inline-2,service|local-business|faq|breadcrumb-list,/services/post-construction-cleaning/|/service-areas/delano-ca/|/service-areas/delano-ca/fire-damage-restoration/|/service-areas/delano-ca/home-remodeling/|/service-areas/arvin-ca/post-construction-cleaning/|/service-areas/bear-valley-springs-ca/post-construction-cleaning/|/contact/,2.80,planned
/service-areas/dustin-acres-ca/carpet-cleaning/,service-area-service,"Carpet Cleaning in Dustin Acres, CA | ProRestoration Services",Carpet Cleaning in Dustin Acres,"24/7 carpet cleaning in Dustin Acres, CA. IICRC-certified, insurance billing accepted. Call (661) 393-9306.",carpet cleaning dustin acres,professional carpet cleaning|deep carpet cleaning|carpet stain removal|commercial carpet cleaning|carpet sanitization,local_specialty,,,900,hero|og|inline-1|inline-2,service|local-business|faq|breadcrumb-list,/services/carpet-cleaning/|/service-areas/dustin-acres-ca/|/service-areas/dustin-acres-ca/fire-damage-restoration/|/service-areas/dustin-acres-ca/home-remodeling/|/service-areas/arvin-ca/carpet-cleaning/|/service-areas/bear-valley-springs-ca/carpet-cleaning/|/contact/,2.80,planned
/service-areas/dustin-acres-ca/post-construction-cleaning/,service-area-service,"Post-Construction and Specialty Cleaning in Dustin Acres, CA | ProRestoration Services",Post-Construction and Specialty Cleaning in Dustin Acres,"24/7 post-construction and specialty cleaning in Dustin Acres, CA. IICRC-certified, insurance billing accepted. Call (661) 393-9306.",post-construction and specialty cleaning dustin acres,post construction cleanup|construction debris cleaning|final clean|deep cleaning after renovation,local_service,,,900,hero|og|inline-1|inline-2,service|local-business|faq|breadcrumb-list,/services/post-construction-cleaning/|/service-areas/dustin-acres-ca/|/service-areas/dustin-acres-ca/fire-damage-restoration/|/service-areas/dustin-acres-ca/home-remodeling/|/service-areas/arvin-ca/post-construction-cleaning/|/service-areas/bear-valley-springs-ca/post-construction-cleaning/|/contact/,2.80,planned
/service-areas/east-niles-ca/carpet-cleaning/,service-area-service,"Carpet Cleaning in East Niles, CA | ProRestoration Services",Carpet Cleaning in East Niles,"24/7 carpet cleaning in East Niles, CA. IICRC-certified, insurance billing accepted. Call (661) 393-9306.",carpet cleaning east niles,professional carpet cleaning|deep carpet cleaning|carpet stain removal|commercial carpet cleaning|carpet sanitization,local_specialty,,,900,hero|og|inline-1|inline-2,service|local-business|faq|breadcrumb-list,/services/carpet-cleaning/|/service-areas/east-niles-ca/|/service-areas/east-niles-ca/fire-damage-restoration/|/service-areas/east-niles-ca/home-remodeling/|/service-areas/arvin-ca/carpet-cleaning/|/service-areas/bear-valley-springs-ca/carpet-cleaning/|/contact/,2.80,planned
/service-areas/east-niles-ca/post-construction-cleaning/,service-area-service,"Post-Construction and Specialty Cleaning in East Niles, CA | ProRestoration Services",Post-Construction and Specialty Cleaning in East Niles,"24/7 post-construction and specialty cleaning in East Niles, CA. IICRC-certified, insurance billing accepted. Call (661) 393-9306.",post-construction and specialty cleaning east niles,post construction cleanup|construction debris cleaning|final clean|deep cleaning after renovation,local_service,,,900,hero|og|inline-1|inline-2,service|local-business|faq|breadcrumb-list,/services/post-construction-cleaning/|/service-areas/east-niles-ca/|/service-areas/east-niles-ca/fire-damage-restoration/|/service-areas/east-niles-ca/home-remodeling/|/service-areas/arvin-ca/post-construction-cleaning/|/service-areas/bear-valley-springs-ca/post-construction-cleaning/|/contact/,2.80,planned
/service-areas/keene-ca/carpet-cleaning/,service-area-service,"Carpet Cleaning in Keene, CA | ProRestoration Services",Carpet Cleaning in Keene,"24/7 carpet cleaning in Keene, CA. IICRC-certified, insurance billing accepted. Call (661) 393-9306.",carpet cleaning keene,professional carpet cleaning|deep carpet cleaning|carpet stain removal|commercial carpet cleaning|carpet sanitization,local_specialty,,,900,hero|og|inline-1|inline-2,service|local-business|faq|breadcrumb-list,/services/carpet-cleaning/|/service-areas/keene-ca/|/service-areas/keene-ca/fire-damage-restoration/|/service-areas/keene-ca/home-remodeling/|/service-areas/arvin-ca/carpet-cleaning/|/service-areas/bear-valley-springs-ca/carpet-cleaning/|/contact/,2.80,planned
/service-areas/keene-ca/post-construction-cleaning/,service-area-service,"Post-Construction and Specialty Cleaning in Keene, CA | ProRestoration Services",Post-Construction and Specialty Cleaning in Keene,"24/7 post-construction and specialty cleaning in Keene, CA. IICRC-certified, insurance billing accepted. Call (661) 393-9306.",post-construction and specialty cleaning keene,post construction cleanup|construction debris cleaning|final clean|deep cleaning after renovation,local_service,,,900,hero|og|inline-1|inline-2,service|local-business|faq|breadcrumb-list,/services/post-construction-cleaning/|/service-areas/keene-ca/|/service-areas/keene-ca/fire-damage-restoration/|/service-areas/keene-ca/home-remodeling/|/service-areas/arvin-ca/post-construction-cleaning/|/service-areas/bear-valley-springs-ca/post-construction-cleaning/|/contact/,2.80,planned
/service-areas/lake-isabella-ca/carpet-cleaning/,service-area-service,"Carpet Cleaning in Lake Isabella, CA | ProRestoration Services",Carpet Cleaning in Lake Isabella,"24/7 carpet cleaning in Lake Isabella, CA. IICRC-certified, insurance billing accepted. Call (661) 393-9306.",carpet cleaning lake isabella,professional carpet cleaning|deep carpet cleaning|carpet stain removal|commercial carpet cleaning|carpet sanitization,local_specialty,,,900,hero|og|inline-1|inline-2,service|local-business|faq|breadcrumb-list,/services/carpet-cleaning/|/service-areas/lake-isabella-ca/|/service-areas/lake-isabella-ca/fire-damage-restoration/|/service-areas/lake-isabella-ca/home-remodeling/|/service-areas/arvin-ca/carpet-cleaning/|/service-areas/bear-valley-springs-ca/carpet-cleaning/|/contact/,2.80,planned
/service-areas/lake-isabella-ca/post-construction-cleaning/,service-area-service,"Post-Construction and Specialty Cleaning in Lake Isabella, CA | ProRestoration Services",Post-Construction and Specialty Cleaning in Lake Isabella,"24/7 post-construction and specialty cleaning in Lake Isabella, CA. IICRC-certified, insurance billing accepted. Call (661) 393-9306.",post-construction and specialty cleaning lake isabella,post construction cleanup|construction debris cleaning|final clean|deep cleaning after renovation,local_service,,,900,hero|og|inline-1|inline-2,service|local-business|faq|breadcrumb-list,/services/post-construction-cleaning/|/service-areas/lake-isabella-ca/|/service-areas/lake-isabella-ca/fire-damage-restoration/|/service-areas/lake-isabella-ca/home-remodeling/|/service-areas/arvin-ca/post-construction-cleaning/|/service-areas/bear-valley-springs-ca/post-construction-cleaning/|/contact/,2.80,planned
/service-areas/lamont-ca/carpet-cleaning/,service-area-service,"Carpet Cleaning in Lamont, CA | ProRestoration Services",Carpet Cleaning in Lamont,"24/7 carpet cleaning in Lamont, CA. IICRC-certified, insurance billing accepted. Call (661) 393-9306.",carpet cleaning lamont,professional carpet cleaning|deep carpet cleaning|carpet stain removal|commercial carpet cleaning|carpet sanitization,local_specialty,,,900,hero|og|inline-1|inline-2,service|local-business|faq|breadcrumb-list,/services/carpet-cleaning/|/service-areas/lamont-ca/|/service-areas/lamont-ca/fire-damage-restoration/|/service-areas/lamont-ca/home-remodeling/|/service-areas/arvin-ca/carpet-cleaning/|/service-areas/bear-valley-springs-ca/carpet-cleaning/|/contact/,2.80,planned
/service-areas/lamont-ca/post-construction-cleaning/,service-area-service,"Post-Construction and Specialty Cleaning in Lamont, CA | ProRestoration Services",Post-Construction and Specialty Cleaning in Lamont,"24/7 post-construction and specialty cleaning in Lamont, CA. IICRC-certified, insurance billing accepted. Call (661) 393-9306.",post-construction and specialty cleaning lamont,post construction cleanup|construction debris cleaning|final clean|deep cleaning after renovation,local_service,,,900,hero|og|inline-1|inline-2,service|local-business|faq|breadcrumb-list,/services/post-construction-cleaning/|/service-areas/lamont-ca/|/service-areas/lamont-ca/fire-damage-restoration/|/service-areas/lamont-ca/home-remodeling/|/service-areas/arvin-ca/post-construction-cleaning/|/service-areas/bear-valley-springs-ca/post-construction-cleaning/|/contact/,2.80,planned
/service-areas/maricopa-ca/carpet-cleaning/,service-area-service,"Carpet Cleaning in Maricopa, CA | ProRestoration Services",Carpet Cleaning in Maricopa,"24/7 carpet cleaning in Maricopa, CA. IICRC-certified, insurance billing accepted. Call (661) 393-9306.",carpet cleaning maricopa,professional carpet cleaning|deep carpet cleaning|carpet stain removal|commercial carpet cleaning|carpet sanitization,local_specialty,,,900,hero|og|inline-1|inline-2,service|local-business|faq|breadcrumb-list,/services/carpet-cleaning/|/service-areas/maricopa-ca/|/service-areas/maricopa-ca/fire-damage-restoration/|/service-areas/maricopa-ca/home-remodeling/|/service-areas/arvin-ca/carpet-cleaning/|/service-areas/bear-valley-springs-ca/carpet-cleaning/|/contact/,2.80,planned
/service-areas/maricopa-ca/post-construction-cleaning/,service-area-service,"Post-Construction and Specialty Cleaning in Maricopa, CA | ProRestoration Services",Post-Construction and Specialty Cleaning in Maricopa,"24/7 post-construction and specialty cleaning in Maricopa, CA. IICRC-certified, insurance billing accepted. Call (661) 393-9306.",post-construction and specialty cleaning maricopa,post construction cleanup|construction debris cleaning|final clean|deep cleaning after renovation,local_service,,,900,hero|og|inline-1|inline-2,service|local-business|faq|breadcrumb-list,/services/post-construction-cleaning/|/service-areas/maricopa-ca/|/service-areas/maricopa-ca/fire-damage-restoration/|/service-areas/maricopa-ca/home-remodeling/|/service-areas/arvin-ca/post-construction-cleaning/|/service-areas/bear-valley-springs-ca/post-construction-cleaning/|/contact/,2.80,planned
/service-areas/mcfarland-ca/carpet-cleaning/,service-area-service,"Carpet Cleaning in McFarland, CA | ProRestoration Services",Carpet Cleaning in McFarland,"24/7 carpet cleaning in McFarland, CA. IICRC-certified, insurance billing accepted. Call (661) 393-9306.",carpet cleaning mcfarland,professional carpet cleaning|deep carpet cleaning|carpet stain removal|commercial carpet cleaning|carpet sanitization,local_specialty,,,900,hero|og|inline-1|inline-2,service|local-business|faq|breadcrumb-list,/services/carpet-cleaning/|/service-areas/mcfarland-ca/|/service-areas/mcfarland-ca/fire-damage-restoration/|/service-areas/mcfarland-ca/home-remodeling/|/service-areas/arvin-ca/carpet-cleaning/|/service-areas/bear-valley-springs-ca/carpet-cleaning/|/contact/,2.80,planned
/service-areas/mcfarland-ca/post-construction-cleaning/,service-area-service,"Post-Construction and Specialty Cleaning in McFarland, CA | ProRestoration Services",Post-Construction and Specialty Cleaning in McFarland,"24/7 post-construction and specialty cleaning in McFarland, CA. IICRC-certified, insurance billing accepted. Call (661) 393-9306.",post-construction and specialty cleaning mcfarland,post construction cleanup|construction debris cleaning|final clean|deep cleaning after renovation,local_service,,,900,hero|og|inline-1|inline-2,service|local-business|faq|breadcrumb-list,/services/post-construction-cleaning/|/service-areas/mcfarland-ca/|/service-areas/mcfarland-ca/fire-damage-restoration/|/service-areas/mcfarland-ca/home-remodeling/|/service-areas/arvin-ca/post-construction-cleaning/|/service-areas/bear-valley-springs-ca/post-construction-cleaning/|/contact/,2.80,planned
/service-areas/oildale-ca/carpet-cleaning/,service-area-service,"Carpet Cleaning in Oildale, CA | ProRestoration Services",Carpet Cleaning in Oildale,"24/7 carpet cleaning in Oildale, CA. IICRC-certified, insurance billing accepted. Call (661) 393-9306.",carpet cleaning oildale,professional carpet cleaning|deep carpet cleaning|carpet stain removal|commercial carpet cleaning|carpet sanitization,local_specialty,,,900,hero|og|inline-1|inline-2,service|local-business|faq|breadcrumb-list,/services/carpet-cleaning/|/service-areas/oildale-ca/|/service-areas/oildale-ca/fire-damage-restoration/|/service-areas/oildale-ca/home-remodeling/|/service-areas/arvin-ca/carpet-cleaning/|/service-areas/bear-valley-springs-ca/carpet-cleaning/|/contact/,2.80,planned
/service-areas/oildale-ca/post-construction-cleaning/,service-area-service,"Post-Construction and Specialty Cleaning in Oildale, CA | ProRestoration Services",Post-Construction and Specialty Cleaning in Oildale,"24/7 post-construction and specialty cleaning in Oildale, CA. IICRC-certified, insurance billing accepted. Call (661) 393-9306.",post-construction and specialty cleaning oildale,post construction cleanup|construction debris cleaning|final clean|deep cleaning after renovation,local_service,,,900,hero|og|inline-1|inline-2,service|local-business|faq|breadcrumb-list,/services/post-construction-cleaning/|/service-areas/oildale-ca/|/service-areas/oildale-ca/fire-damage-restoration/|/service-areas/oildale-ca/home-remodeling/|/service-areas/arvin-ca/post-construction-cleaning/|/service-areas/bear-valley-springs-ca/post-construction-cleaning/|/contact/,2.80,planned
/service-areas/rosedale-ca/carpet-cleaning/,service-area-service,"Carpet Cleaning in Rosedale, CA | ProRestoration Services",Carpet Cleaning in Rosedale,"24/7 carpet cleaning in Rosedale, CA. IICRC-certified, insurance billing accepted. Call (661) 393-9306.",carpet cleaning rosedale,professional carpet cleaning|deep carpet cleaning|carpet stain removal|commercial carpet cleaning|carpet sanitization,local_specialty,,,900,hero|og|inline-1|inline-2,service|local-business|faq|breadcrumb-list,/services/carpet-cleaning/|/service-areas/rosedale-ca/|/service-areas/rosedale-ca/fire-damage-restoration/|/service-areas/rosedale-ca/home-remodeling/|/service-areas/arvin-ca/carpet-cleaning/|/service-areas/bear-valley-springs-ca/carpet-cleaning/|/contact/,2.80,planned
/service-areas/rosedale-ca/post-construction-cleaning/,service-area-service,"Post-Construction and Specialty Cleaning in Rosedale, CA | ProRestoration Services",Post-Construction and Specialty Cleaning in Rosedale,"24/7 post-construction and specialty cleaning in Rosedale, CA. IICRC-certified, insurance billing accepted. Call (661) 393-9306.",post-construction and specialty cleaning rosedale,post construction cleanup|construction debris cleaning|final clean|deep cleaning after renovation,local_service,,,900,hero|og|inline-1|inline-2,service|local-business|faq|breadcrumb-list,/services/post-construction-cleaning/|/service-areas/rosedale-ca/|/service-areas/rosedale-ca/fire-damage-restoration/|/service-areas/rosedale-ca/home-remodeling/|/service-areas/arvin-ca/post-construction-cleaning/|/service-areas/bear-valley-springs-ca/post-construction-cleaning/|/contact/,2.80,planned
/service-areas/shafter-ca/carpet-cleaning/,service-area-service,"Carpet Cleaning in Shafter, CA | ProRestoration Services",Carpet Cleaning in Shafter,"24/7 carpet cleaning in Shafter, CA. IICRC-certified, insurance billing accepted. Call (661) 393-9306.",carpet cleaning shafter,professional carpet cleaning|deep carpet cleaning|carpet stain removal|commercial carpet cleaning|carpet sanitization,local_specialty,,,900,hero|og|inline-1|inline-2,service|local-business|faq|breadcrumb-list,/services/carpet-cleaning/|/service-areas/shafter-ca/|/service-areas/shafter-ca/fire-damage-restoration/|/service-areas/shafter-ca/home-remodeling/|/service-areas/arvin-ca/carpet-cleaning/|/service-areas/bear-valley-springs-ca/carpet-cleaning/|/contact/,2.80,planned
/service-areas/shafter-ca/post-construction-cleaning/,service-area-service,"Post-Construction and Specialty Cleaning in Shafter, CA | ProRestoration Services",Post-Construction and Specialty Cleaning in Shafter,"24/7 post-construction and specialty cleaning in Shafter, CA. IICRC-certified, insurance billing accepted. Call (661) 393-9306.",post-construction and specialty cleaning shafter,post construction cleanup|construction debris cleaning|final clean|deep cleaning after renovation,local_service,,,900,hero|og|inline-1|inline-2,service|local-business|faq|breadcrumb-list,/services/post-construction-cleaning/|/service-areas/shafter-ca/|/service-areas/shafter-ca/fire-damage-restoration/|/service-areas/shafter-ca/home-remodeling/|/service-areas/arvin-ca/post-construction-cleaning/|/service-areas/bear-valley-springs-ca/post-construction-cleaning/|/contact/,2.80,planned
/service-areas/taft-ca/carpet-cleaning/,service-area-service,"Carpet Cleaning in Taft, CA | ProRestoration Services",Carpet Cleaning in Taft,"24/7 carpet cleaning in Taft, CA. IICRC-certified, insurance billing accepted. Call (661) 393-9306.",carpet cleaning taft,professional carpet cleaning|deep carpet cleaning|carpet stain removal|commercial carpet cleaning|carpet sanitization,local_specialty,,,900,hero|og|inline-1|inline-2,service|local-business|faq|breadcrumb-list,/services/carpet-cleaning/|/service-areas/taft-ca/|/service-areas/taft-ca/fire-damage-restoration/|/service-areas/taft-ca/home-remodeling/|/service-areas/arvin-ca/carpet-cleaning/|/service-areas/bear-valley-springs-ca/carpet-cleaning/|/contact/,2.80,planned
/service-areas/taft-ca/post-construction-cleaning/,service-area-service,"Post-Construction and Specialty Cleaning in Taft, CA | ProRestoration Services",Post-Construction and Specialty Cleaning in Taft,"24/7 post-construction and specialty cleaning in Taft, CA. IICRC-certified, insurance billing accepted. Call (661) 393-9306.",post-construction and specialty cleaning taft,post construction cleanup|construction debris cleaning|final clean|deep cleaning after renovation,local_service,,,900,hero|og|inline-1|inline-2,service|local-business|faq|breadcrumb-list,/services/post-construction-cleaning/|/service-areas/taft-ca/|/service-areas/taft-ca/fire-damage-restoration/|/service-areas/taft-ca/home-remodeling/|/service-areas/arvin-ca/post-construction-cleaning/|/service-areas/bear-valley-springs-ca/post-construction-cleaning/|/contact/,2.80,planned
/service-areas/tarina-ca/carpet-cleaning/,service-area-service,"Carpet Cleaning in Tarina, CA | ProRestoration Services",Carpet Cleaning in Tarina,"24/7 carpet cleaning in Tarina, CA. IICRC-certified, insurance billing accepted. Call (661) 393-9306.",carpet cleaning tarina,professional carpet cleaning|deep carpet cleaning|carpet stain removal|commercial carpet cleaning|carpet sanitization,local_specialty,,,900,hero|og|inline-1|inline-2,service|local-business|faq|breadcrumb-list,/services/carpet-cleaning/|/service-areas/tarina-ca/|/service-areas/tarina-ca/fire-damage-restoration/|/service-areas/tarina-ca/home-remodeling/|/service-areas/arvin-ca/carpet-cleaning/|/service-areas/bear-valley-springs-ca/carpet-cleaning/|/contact/,2.80,planned
/service-areas/tarina-ca/post-construction-cleaning/,service-area-service,"Post-Construction and Specialty Cleaning in Tarina, CA | ProRestoration Services",Post-Construction and Specialty Cleaning in Tarina,"24/7 post-construction and specialty cleaning in Tarina, CA. IICRC-certified, insurance billing accepted. Call (661) 393-9306.",post-construction and specialty cleaning tarina,post construction cleanup|construction debris cleaning|final clean|deep cleaning after renovation,local_service,,,900,hero|og|inline-1|inline-2,service|local-business|faq|breadcrumb-list,/services/post-construction-cleaning/|/service-areas/tarina-ca/|/service-areas/tarina-ca/fire-damage-restoration/|/service-areas/tarina-ca/home-remodeling/|/service-areas/arvin-ca/post-construction-cleaning/|/service-areas/bear-valley-springs-ca/post-construction-cleaning/|/contact/,2.80,planned
/service-areas/tehachapi-ca/carpet-cleaning/,service-area-service,"Carpet Cleaning in Tehachapi, CA | ProRestoration Services",Carpet Cleaning in Tehachapi,"24/7 carpet cleaning in Tehachapi, CA. IICRC-certified, insurance billing accepted. Call (661) 393-9306.",carpet cleaning tehachapi,professional carpet cleaning|deep carpet cleaning|carpet stain removal|commercial carpet cleaning|carpet sanitization,local_specialty,,,900,hero|og|inline-1|inline-2,service|local-business|faq|breadcrumb-list,/services/carpet-cleaning/|/service-areas/tehachapi-ca/|/service-areas/tehachapi-ca/fire-damage-restoration/|/service-areas/tehachapi-ca/home-remodeling/|/service-areas/arvin-ca/carpet-cleaning/|/service-areas/bear-valley-springs-ca/carpet-cleaning/|/contact/,2.80,planned
/service-areas/tehachapi-ca/post-construction-cleaning/,service-area-service,"Post-Construction and Specialty Cleaning in Tehachapi, CA | ProRestoration Services",Post-Construction and Specialty Cleaning in Tehachapi,"24/7 post-construction and specialty cleaning in Tehachapi, CA. IICRC-certified, insurance billing accepted. Call (661) 393-9306.",post-construction and specialty cleaning tehachapi,post construction cleanup|construction debris cleaning|final clean|deep cleaning after renovation,local_service,,,900,hero|og|inline-1|inline-2,service|local-business|faq|breadcrumb-list,/services/post-construction-cleaning/|/service-areas/tehachapi-ca/|/service-areas/tehachapi-ca/fire-damage-restoration/|/service-areas/tehachapi-ca/home-remodeling/|/service-areas/arvin-ca/post-construction-cleaning/|/service-areas/bear-valley-springs-ca/post-construction-cleaning/|/contact/,2.80,planned
/service-areas/valley-acres-ca/carpet-cleaning/,service-area-service,"Carpet Cleaning in Valley Acres, CA | ProRestoration Services",Carpet Cleaning in Valley Acres,"24/7 carpet cleaning in Valley Acres, CA. IICRC-certified, insurance billing accepted. Call (661) 393-9306.",carpet cleaning valley acres,professional carpet cleaning|deep carpet cleaning|carpet stain removal|commercial carpet cleaning|carpet sanitization,local_specialty,,,900,hero|og|inline-1|inline-2,service|local-business|faq|breadcrumb-list,/services/carpet-cleaning/|/service-areas/valley-acres-ca/|/service-areas/valley-acres-ca/fire-damage-restoration/|/service-areas/valley-acres-ca/home-remodeling/|/service-areas/arvin-ca/carpet-cleaning/|/service-areas/bear-valley-springs-ca/carpet-cleaning/|/contact/,2.80,planned
/service-areas/valley-acres-ca/post-construction-cleaning/,service-area-service,"Post-Construction and Specialty Cleaning in Valley Acres, CA | ProRestoration Services",Post-Construction and Specialty Cleaning in Valley Acres,"24/7 post-construction and specialty cleaning in Valley Acres, CA. IICRC-certified, insurance billing accepted. Call (661) 393-9306.",post-construction and specialty cleaning valley acres,post construction cleanup|construction debris cleaning|final clean|deep cleaning after renovation,local_service,,,900,hero|og|inline-1|inline-2,service|local-business|faq|breadcrumb-list,/services/post-construction-cleaning/|/service-areas/valley-acres-ca/|/service-areas/valley-acres-ca/fire-damage-restoration/|/service-areas/valley-acres-ca/home-remodeling/|/service-areas/arvin-ca/post-construction-cleaning/|/service-areas/bear-valley-springs-ca/post-construction-cleaning/|/contact/,2.80,planned
/service-areas/wasco-ca/carpet-cleaning/,service-area-service,"Carpet Cleaning in Wasco, CA | ProRestoration Services",Carpet Cleaning in Wasco,"24/7 carpet cleaning in Wasco, CA. IICRC-certified, insurance billing accepted. Call (661) 393-9306.",carpet cleaning wasco,professional carpet cleaning|deep carpet cleaning|carpet stain removal|commercial carpet cleaning|carpet sanitization,local_specialty,,,900,hero|og|inline-1|inline-2,service|local-business|faq|breadcrumb-list,/services/carpet-cleaning/|/service-areas/wasco-ca/|/service-areas/wasco-ca/fire-damage-restoration/|/service-areas/wasco-ca/home-remodeling/|/service-areas/arvin-ca/carpet-cleaning/|/service-areas/bear-valley-springs-ca/carpet-cleaning/|/contact/,2.80,planned
/service-areas/wasco-ca/post-construction-cleaning/,service-area-service,"Post-Construction and Specialty Cleaning in Wasco, CA | ProRestoration Services",Post-Construction and Specialty Cleaning in Wasco,"24/7 post-construction and specialty cleaning in Wasco, CA. IICRC-certified, insurance billing accepted. Call (661) 393-9306.",post-construction and specialty cleaning wasco,post construction cleanup|construction debris cleaning|final clean|deep cleaning after renovation,local_service,,,900,hero|og|inline-1|inline-2,service|local-business|faq|breadcrumb-list,/services/post-construction-cleaning/|/service-areas/wasco-ca/|/service-areas/wasco-ca/fire-damage-restoration/|/service-areas/wasco-ca/home-remodeling/|/service-areas/arvin-ca/post-construction-cleaning/|/service-areas/bear-valley-springs-ca/post-construction-cleaning/|/contact/,2.80,planned
/service-areas/weedpatch-ca/carpet-cleaning/,service-area-service,"Carpet Cleaning in Weedpatch, CA | ProRestoration Services",Carpet Cleaning in Weedpatch,"24/7 carpet cleaning in Weedpatch, CA. IICRC-certified, insurance billing accepted. Call (661) 393-9306.",carpet cleaning weedpatch,professional carpet cleaning|deep carpet cleaning|carpet stain removal|commercial carpet cleaning|carpet sanitization,local_specialty,,,900,hero|og|inline-1|inline-2,service|local-business|faq|breadcrumb-list,/services/carpet-cleaning/|/service-areas/weedpatch-ca/|/service-areas/weedpatch-ca/fire-damage-restoration/|/service-areas/weedpatch-ca/home-remodeling/|/service-areas/arvin-ca/carpet-cleaning/|/service-areas/bear-valley-springs-ca/carpet-cleaning/|/contact/,2.80,planned
/service-areas/weedpatch-ca/post-construction-cleaning/,service-area-service,"Post-Construction and Specialty Cleaning in Weedpatch, CA | ProRestoration Services",Post-Construction and Specialty Cleaning in Weedpatch,"24/7 post-construction and specialty cleaning in Weedpatch, CA. IICRC-certified, insurance billing accepted. Call (661) 393-9306.",post-construction and specialty cleaning weedpatch,post construction cleanup|construction debris cleaning|final clean|deep cleaning after renovation,local_service,,,900,hero|og|inline-1|inline-2,service|local-business|faq|breadcrumb-list,/services/post-construction-cleaning/|/service-areas/weedpatch-ca/|/service-areas/weedpatch-ca/fire-damage-restoration/|/service-areas/weedpatch-ca/home-remodeling/|/service-areas/arvin-ca/post-construction-cleaning/|/service-areas/bear-valley-springs-ca/post-construction-cleaning/|/contact/,2.80,planned
/service-areas/woody-ca/carpet-cleaning/,service-area-service,"Carpet Cleaning in Woody, CA | ProRestoration Services",Carpet Cleaning in Woody,"24/7 carpet cleaning in Woody, CA. IICRC-certified, insurance billing accepted. Call (661) 393-9306.",carpet cleaning woody,professional carpet cleaning|deep carpet cleaning|carpet stain removal|commercial carpet cleaning|carpet sanitization,local_specialty,,,900,hero|og|inline-1|inline-2,service|local-business|faq|breadcrumb-list,/services/carpet-cleaning/|/service-areas/woody-ca/|/service-areas/woody-ca/fire-damage-restoration/|/service-areas/woody-ca/home-remodeling/|/service-areas/arvin-ca/carpet-cleaning/|/service-areas/bear-valley-springs-ca/carpet-cleaning/|/contact/,2.80,planned
/service-areas/woody-ca/post-construction-cleaning/,service-area-service,"Post-Construction and Specialty Cleaning in Woody, CA | ProRestoration Services",Post-Construction and Specialty Cleaning in Woody,"24/7 post-construction and specialty cleaning in Woody, CA. IICRC-certified, insurance billing accepted. Call (661) 393-9306.",post-construction and specialty cleaning woody,post construction cleanup|construction debris cleaning|final clean|deep cleaning after renovation,local_service,,,900,hero|og|inline-1|inline-2,service|local-business|faq|breadcrumb-list,/services/post-construction-cleaning/|/service-areas/woody-ca/|/service-areas/woody-ca/fire-damage-restoration/|/service-areas/woody-ca/home-remodeling/|/service-areas/arvin-ca/post-construction-cleaning/|/service-areas/bear-valley-springs-ca/post-construction-cleaning/|/contact/,2.80,planned
/about/,about,About ProRestoration Services | Bakersfield Restoration Company,About ProRestoration Services,"ProRestoration Services has served Bakersfield since . Meet our IICRC-certified restoration team. Licensed, insured, locally owned.",prorestoration services bakersfield,local restoration company|iicrc certified restoration|licensed restoration contractor,navigational_trust,,,700,hero|og|inline-1,organization|website|local-business|aggregate-rating|breadcrumb-list,/|/services/|/contact/,2.50,planned
/contact/,contact,Contact ProRestoration Services | 24/7 Restoration in Bakersfield,Contact ProRestoration Services,Call (661) 393-9306 for 24/7 emergency restoration in Bakersfield and surrounding areas. Free estimates. Direct insurance billing.,prorestoration services contact,restoration company contact|24/7 restoration phone|emergency restoration near me,navigational_action,,,400,hero|og,organization|website|local-business|breadcrumb-list,/|/services/|/service-areas/,2.50,planned
/accessibility/,legal,Accessibility Statement | ProRestoration Services,Accessibility Statement,Accessibility Statement | {brand.display_name}.,prorestoration services accessibility,,navigational_legal,,,400,og,,,1.00,planned
/privacy/,legal,Privacy Policy | ProRestoration Services,Privacy Policy,Privacy Policy | {brand.display_name}.,prorestoration services privacy,,navigational_legal,,,600,og,,,1.00,planned
/terms/,legal,Terms of Service | ProRestoration Services,Terms of Service,Terms of Service | {brand.display_name}.,prorestoration services terms,,navigational_legal,,,600,og,,,1.00,planned
