url_path,archetype,title,h1,meta_description,primary_keyword,secondary_keywords,search_intent,search_volume,difficulty,target_word_count,image_roles,schema_stubs,internal_links_out,priority,status
/services/fire-damage-restoration/,service-landing,Fire Damage Restoration in Abilene | Air Care Restoration,Fire Damage Restoration in Abilene,"24/7 fire damage restoration in Abilene and surrounding areas. IICRC-certified, insurance billing accepted. Call (325) 339-8723.",fire damage restoration abilene,fire cleanup|fire and smoke restoration|structural fire damage|post-fire restoration|fire damage repair,local_emergency,,,1100,hero|og|inline-1|inline-2,service|local-business|faq|breadcrumb-list,/services/|/contact/|/service-areas/abilene-tx/fire-damage-restoration/|/service-areas/anson-tx/fire-damage-restoration/|/service-areas/bronte-tx/fire-damage-restoration/|/service-areas/brownwood-tx/fire-damage-restoration/|/service-areas/buffalo-gap-tx/fire-damage-restoration/|/service-areas/clyde-tx/fire-damage-restoration/|/service-areas/early-tx/fire-damage-restoration/|/service-areas/eden-tx/fire-damage-restoration/|/service-areas/merkel-tx/fire-damage-restoration/|/service-areas/paint-rock-tx/fire-damage-restoration/|/service-areas/robert-lee-tx/fire-damage-restoration/|/service-areas/roby-tx/fire-damage-restoration/|/blog/choosing-a-restoration-company/|/blog/fire-damage-restoration-process/,9.00,planned
/services/mold-remediation/,service-landing,Mold Remediation in Abilene | Air Care Restoration,Mold Remediation in Abilene,"24/7 mold remediation in Abilene and surrounding areas. IICRC-certified, insurance billing accepted. Call (325) 339-8723.",mold remediation abilene,mold removal|black mold remediation|mold abatement|mold containment|mold cleanup,local_health,,,1100,hero|og|inline-1|inline-2,service|local-business|faq|breadcrumb-list,/services/|/contact/|/service-areas/abilene-tx/mold-remediation/|/service-areas/anson-tx/mold-remediation/|/service-areas/bronte-tx/mold-remediation/|/service-areas/brownwood-tx/mold-remediation/|/service-areas/buffalo-gap-tx/mold-remediation/|/service-areas/clyde-tx/mold-remediation/|/service-areas/early-tx/mold-remediation/|/service-areas/eden-tx/mold-remediation/|/service-areas/merkel-tx/mold-remediation/|/service-areas/paint-rock-tx/mold-remediation/|/service-areas/robert-lee-tx/mold-remediation/|/service-areas/roby-tx/mold-remediation/|/blog/choosing-a-restoration-company/|/blog/how-to-test-for-mold/|/blog/signs-of-hidden-mold/,9.00,planned
/services/water-damage-restoration/,service-landing,Water Damage Restoration in Abilene | Air Care Restoration,Water Damage Restoration in Abilene,"24/7 water damage restoration in Abilene and surrounding areas. IICRC-certified, insurance billing accepted. Call (325) 339-8723.",water damage restoration abilene,water removal|water extraction|water cleanup|structural drying|water mitigation,local_emergency,,,1100,hero|og|inline-1|inline-2,service|local-business|faq|breadcrumb-list,/services/|/contact/|/service-areas/abilene-tx/water-damage-restoration/|/service-areas/anson-tx/water-damage-restoration/|/service-areas/bronte-tx/water-damage-restoration/|/service-areas/brownwood-tx/water-damage-restoration/|/service-areas/buffalo-gap-tx/water-damage-restoration/|/service-areas/clyde-tx/water-damage-restoration/|/service-areas/early-tx/water-damage-restoration/|/service-areas/eden-tx/water-damage-restoration/|/service-areas/merkel-tx/water-damage-restoration/|/service-areas/paint-rock-tx/water-damage-restoration/|/service-areas/robert-lee-tx/water-damage-restoration/|/service-areas/roby-tx/water-damage-restoration/|/blog/burst-pipe-emergency-checklist/|/blog/what-to-do-first-24-hours-water-damage/|/blog/choosing-a-restoration-company/,9.00,planned
/services/sewage-cleanup/,service-landing,Sewage Cleanup and Sanitization in Abilene | Air Care Restoration,Sewage Cleanup and Sanitization in Abilene,"24/7 sewage cleanup and sanitization in Abilene and surrounding areas. IICRC-certified, insurance billing accepted. Call (325) 339-8723.",sewage cleanup and sanitization abilene,sewage backup cleanup|raw sewage removal|septic overflow cleanup|sewer line backup|sanitization services,local_emergency,,,1100,hero|og|inline-1|inline-2,service|local-business|faq|breadcrumb-list,/services/|/contact/|/service-areas/abilene-tx/sewage-cleanup/|/service-areas/anson-tx/sewage-cleanup/|/service-areas/bronte-tx/sewage-cleanup/|/service-areas/brownwood-tx/sewage-cleanup/|/service-areas/buffalo-gap-tx/sewage-cleanup/|/service-areas/clyde-tx/sewage-cleanup/|/service-areas/early-tx/sewage-cleanup/|/service-areas/eden-tx/sewage-cleanup/|/service-areas/merkel-tx/sewage-cleanup/|/service-areas/paint-rock-tx/sewage-cleanup/|/service-areas/robert-lee-tx/sewage-cleanup/|/service-areas/roby-tx/sewage-cleanup/,8.10,planned
/services/storm-damage-restoration/,service-landing,Storm Damage Restoration in Abilene | Air Care Restoration,Storm Damage Restoration in Abilene,"24/7 storm damage restoration in Abilene and surrounding areas. IICRC-certified, insurance billing accepted. Call (325) 339-8723.",storm damage restoration abilene,hurricane damage cleanup|tornado damage cleanup|tree damage cleanup|storm cleanup services|severe weather damage repair,local_emergency,,,1100,hero|og|inline-1|inline-2,service|local-business|faq|breadcrumb-list,/services/|/contact/|/service-areas/abilene-tx/storm-damage-restoration/|/service-areas/anson-tx/storm-damage-restoration/|/service-areas/bronte-tx/storm-damage-restoration/|/service-areas/brownwood-tx/storm-damage-restoration/|/service-areas/buffalo-gap-tx/storm-damage-restoration/|/service-areas/clyde-tx/storm-damage-restoration/|/service-areas/early-tx/storm-damage-restoration/|/service-areas/eden-tx/storm-damage-restoration/|/service-areas/merkel-tx/storm-damage-restoration/|/service-areas/paint-rock-tx/storm-damage-restoration/|/service-areas/robert-lee-tx/storm-damage-restoration/|/service-areas/roby-tx/storm-damage-restoration/,8.10,planned
/services/water-cleanup/,service-landing,Water Cleanup in Abilene | Air Care Restoration,Water Cleanup in Abilene,"24/7 water cleanup in Abilene and surrounding areas. IICRC-certified, insurance billing accepted. Call (325) 339-8723.",water cleanup abilene,water damage cleanup|water clean up|emergency water cleanup|flood water cleanup|standing water removal,local_emergency,,,1100,hero|og|inline-1|inline-2,service|local-business|faq|breadcrumb-list,/services/|/contact/|/service-areas/abilene-tx/water-cleanup/|/service-areas/anson-tx/water-cleanup/|/service-areas/bronte-tx/water-cleanup/|/service-areas/brownwood-tx/water-cleanup/|/service-areas/buffalo-gap-tx/water-cleanup/|/service-areas/clyde-tx/water-cleanup/|/service-areas/early-tx/water-cleanup/|/service-areas/eden-tx/water-cleanup/|/service-areas/merkel-tx/water-cleanup/|/service-areas/paint-rock-tx/water-cleanup/|/service-areas/robert-lee-tx/water-cleanup/|/service-areas/roby-tx/water-cleanup/,8.10,planned
/service-areas/abilene-tx/,service-area,"Restoration Services in Abilene, TX | Air Care Restoration",Restoration Services in Abilene,"Serving Abilene, TX with 24/7 water, fire, mold, and storm damage restoration. IICRC-certified team. Call (325) 339-8723.",restoration services abilene,abilene restoration company|damage restoration abilene|abilene disaster restoration,local_commercial,,,900,hero|og|inline-1,local-business|service|breadcrumb-list,/service-areas/|/contact/|/service-areas/abilene-tx/fire-damage-restoration/|/service-areas/abilene-tx/mold-remediation/|/service-areas/abilene-tx/water-damage-restoration/|/service-areas/abilene-tx/sewage-cleanup/|/service-areas/abilene-tx/storm-damage-restoration/|/service-areas/abilene-tx/water-cleanup/|/service-areas/abilene-tx/biohazard-cleanup/|/service-areas/abilene-tx/general-contracting/|/service-areas/abilene-tx/emergency-board-up-tarping/|/service-areas/abilene-tx/asbestos-abatement/|/service-areas/abilene-tx/air-duct-cleaning/|/service-areas/abilene-tx/contents-restoration/|/service-areas/abilene-tx/post-construction-cleaning/|/service-areas/anson-tx/|/service-areas/bronte-tx/|/service-areas/brownwood-tx/,7.20,planned
/services/biohazard-cleanup/,service-landing,Biohazard Cleanup in Abilene | Air Care Restoration,Biohazard Cleanup in Abilene,"24/7 biohazard cleanup in Abilene and surrounding areas. IICRC-certified, insurance billing accepted. Call (325) 339-8723.",biohazard cleanup abilene,biohazard remediation|blood cleanup|bodily fluid cleanup|sharps and needle cleanup|infectious material cleanup,local_sensitive,,,1100,hero|og|inline-1|inline-2,service|local-business|faq|breadcrumb-list,/services/|/contact/|/service-areas/abilene-tx/biohazard-cleanup/|/service-areas/anson-tx/biohazard-cleanup/|/service-areas/bronte-tx/biohazard-cleanup/|/service-areas/brownwood-tx/biohazard-cleanup/|/service-areas/buffalo-gap-tx/biohazard-cleanup/|/service-areas/clyde-tx/biohazard-cleanup/|/service-areas/early-tx/biohazard-cleanup/|/service-areas/eden-tx/biohazard-cleanup/|/service-areas/merkel-tx/biohazard-cleanup/|/service-areas/paint-rock-tx/biohazard-cleanup/|/service-areas/robert-lee-tx/biohazard-cleanup/|/service-areas/roby-tx/biohazard-cleanup/,7.20,planned
/services/general-contracting/,service-landing,"Renovations, Remodels and General Contracting in Abilene | Air Care Restoration","Renovations, Remodels and General Contracting in Abilene","24/7 renovations, remodels and general contracting in Abilene and surrounding areas. IICRC-certified, insurance billing accepted. Call (325) 339-8723.","renovations, remodels and general contracting abilene",general contractor|home renovation services|home remodeling|kitchen remodel|bathroom remodel|post-damage rebuild,local_commercial,,,1100,hero|og|inline-1|inline-2,service|local-business|faq|breadcrumb-list,/services/|/contact/|/service-areas/abilene-tx/general-contracting/|/service-areas/anson-tx/general-contracting/|/service-areas/bronte-tx/general-contracting/|/service-areas/brownwood-tx/general-contracting/|/service-areas/buffalo-gap-tx/general-contracting/|/service-areas/clyde-tx/general-contracting/|/service-areas/early-tx/general-contracting/|/service-areas/eden-tx/general-contracting/|/service-areas/merkel-tx/general-contracting/|/service-areas/paint-rock-tx/general-contracting/|/service-areas/robert-lee-tx/general-contracting/|/service-areas/roby-tx/general-contracting/,7.20,planned
/service-areas/abilene-tx/fire-damage-restoration/,service-area-service,"Fire Damage Restoration in Abilene, TX | Air Care Restoration",Fire Damage Restoration in Abilene,"24/7 fire damage restoration in Abilene, TX. IICRC-certified, insurance billing accepted. Call (325) 339-8723.",fire damage restoration abilene,fire cleanup|fire and smoke restoration|structural fire damage|post-fire restoration|fire damage repair,local_emergency,,,900,hero|og|inline-1|inline-2,service|local-business|faq|breadcrumb-list,/services/fire-damage-restoration/|/service-areas/abilene-tx/|/service-areas/abilene-tx/mold-remediation/|/service-areas/abilene-tx/water-damage-restoration/|/service-areas/anson-tx/fire-damage-restoration/|/service-areas/bronte-tx/fire-damage-restoration/|/contact/,7.00,planned
/service-areas/abilene-tx/mold-remediation/,service-area-service,"Mold Remediation in Abilene, TX | Air Care Restoration",Mold Remediation in Abilene,"24/7 mold remediation in Abilene, TX. IICRC-certified, insurance billing accepted. Call (325) 339-8723.",mold remediation abilene,mold removal|black mold remediation|mold abatement|mold containment|mold cleanup,local_health,,,900,hero|og|inline-1|inline-2,service|local-business|faq|breadcrumb-list,/services/mold-remediation/|/service-areas/abilene-tx/|/service-areas/abilene-tx/fire-damage-restoration/|/service-areas/abilene-tx/water-damage-restoration/|/service-areas/anson-tx/mold-remediation/|/service-areas/bronte-tx/mold-remediation/|/contact/,7.00,planned
/service-areas/abilene-tx/water-damage-restoration/,service-area-service,"Water Damage Restoration in Abilene, TX | Air Care Restoration",Water Damage Restoration in Abilene,"24/7 water damage restoration in Abilene, TX. IICRC-certified, insurance billing accepted. Call (325) 339-8723.",water damage restoration abilene,water removal|water extraction|water cleanup|structural drying|water mitigation,local_emergency,,,900,hero|og|inline-1|inline-2,service|local-business|faq|breadcrumb-list,/services/water-damage-restoration/|/service-areas/abilene-tx/|/service-areas/abilene-tx/fire-damage-restoration/|/service-areas/abilene-tx/mold-remediation/|/service-areas/anson-tx/water-damage-restoration/|/service-areas/bronte-tx/water-damage-restoration/|/contact/,7.00,planned
/service-areas/anson-tx/fire-damage-restoration/,service-area-service,"Fire Damage Restoration in Anson, TX | Air Care Restoration",Fire Damage Restoration in Anson,"24/7 fire damage restoration in Anson, TX. IICRC-certified, insurance billing accepted. Call (325) 339-8723.",fire damage restoration anson,fire cleanup|fire and smoke restoration|structural fire damage|post-fire restoration|fire damage repair,local_emergency,,,900,hero|og|inline-1|inline-2,service|local-business|faq|breadcrumb-list,/services/fire-damage-restoration/|/service-areas/anson-tx/|/service-areas/anson-tx/mold-remediation/|/service-areas/anson-tx/water-damage-restoration/|/service-areas/abilene-tx/fire-damage-restoration/|/service-areas/bronte-tx/fire-damage-restoration/|/contact/,7.00,planned
/service-areas/anson-tx/mold-remediation/,service-area-service,"Mold Remediation in Anson, TX | Air Care Restoration",Mold Remediation in Anson,"24/7 mold remediation in Anson, TX. IICRC-certified, insurance billing accepted. Call (325) 339-8723.",mold remediation anson,mold removal|black mold remediation|mold abatement|mold containment|mold cleanup,local_health,,,900,hero|og|inline-1|inline-2,service|local-business|faq|breadcrumb-list,/services/mold-remediation/|/service-areas/anson-tx/|/service-areas/anson-tx/fire-damage-restoration/|/service-areas/anson-tx/water-damage-restoration/|/service-areas/abilene-tx/mold-remediation/|/service-areas/bronte-tx/mold-remediation/|/contact/,7.00,planned
/service-areas/anson-tx/water-damage-restoration/,service-area-service,"Water Damage Restoration in Anson, TX | Air Care Restoration",Water Damage Restoration in Anson,"24/7 water damage restoration in Anson, TX. IICRC-certified, insurance billing accepted. Call (325) 339-8723.",water damage restoration anson,water removal|water extraction|water cleanup|structural drying|water mitigation,local_emergency,,,900,hero|og|inline-1|inline-2,service|local-business|faq|breadcrumb-list,/services/water-damage-restoration/|/service-areas/anson-tx/|/service-areas/anson-tx/fire-damage-restoration/|/service-areas/anson-tx/mold-remediation/|/service-areas/abilene-tx/water-damage-restoration/|/service-areas/bronte-tx/water-damage-restoration/|/contact/,7.00,planned
/service-areas/bronte-tx/fire-damage-restoration/,service-area-service,"Fire Damage Restoration in Bronte, TX | Air Care Restoration",Fire Damage Restoration in Bronte,"24/7 fire damage restoration in Bronte, TX. IICRC-certified, insurance billing accepted. Call (325) 339-8723.",fire damage restoration bronte,fire cleanup|fire and smoke restoration|structural fire damage|post-fire restoration|fire damage repair,local_emergency,,,900,hero|og|inline-1|inline-2,service|local-business|faq|breadcrumb-list,/services/fire-damage-restoration/|/service-areas/bronte-tx/|/service-areas/bronte-tx/mold-remediation/|/service-areas/bronte-tx/water-damage-restoration/|/service-areas/abilene-tx/fire-damage-restoration/|/service-areas/anson-tx/fire-damage-restoration/|/contact/,7.00,planned
/service-areas/bronte-tx/mold-remediation/,service-area-service,"Mold Remediation in Bronte, TX | Air Care Restoration",Mold Remediation in Bronte,"24/7 mold remediation in Bronte, TX. IICRC-certified, insurance billing accepted. Call (325) 339-8723.",mold remediation bronte,mold removal|black mold remediation|mold abatement|mold containment|mold cleanup,local_health,,,900,hero|og|inline-1|inline-2,service|local-business|faq|breadcrumb-list,/services/mold-remediation/|/service-areas/bronte-tx/|/service-areas/bronte-tx/fire-damage-restoration/|/service-areas/bronte-tx/water-damage-restoration/|/service-areas/abilene-tx/mold-remediation/|/service-areas/anson-tx/mold-remediation/|/contact/,7.00,planned
/service-areas/bronte-tx/water-damage-restoration/,service-area-service,"Water Damage Restoration in Bronte, TX | Air Care Restoration",Water Damage Restoration in Bronte,"24/7 water damage restoration in Bronte, TX. IICRC-certified, insurance billing accepted. Call (325) 339-8723.",water damage restoration bronte,water removal|water extraction|water cleanup|structural drying|water mitigation,local_emergency,,,900,hero|og|inline-1|inline-2,service|local-business|faq|breadcrumb-list,/services/water-damage-restoration/|/service-areas/bronte-tx/|/service-areas/bronte-tx/fire-damage-restoration/|/service-areas/bronte-tx/mold-remediation/|/service-areas/abilene-tx/water-damage-restoration/|/service-areas/anson-tx/water-damage-restoration/|/contact/,7.00,planned
/service-areas/brownwood-tx/fire-damage-restoration/,service-area-service,"Fire Damage Restoration in Brownwood, TX | Air Care Restoration",Fire Damage Restoration in Brownwood,"24/7 fire damage restoration in Brownwood, TX. IICRC-certified, insurance billing accepted. Call (325) 339-8723.",fire damage restoration brownwood,fire cleanup|fire and smoke restoration|structural fire damage|post-fire restoration|fire damage repair,local_emergency,,,900,hero|og|inline-1|inline-2,service|local-business|faq|breadcrumb-list,/services/fire-damage-restoration/|/service-areas/brownwood-tx/|/service-areas/brownwood-tx/mold-remediation/|/service-areas/brownwood-tx/water-damage-restoration/|/service-areas/abilene-tx/fire-damage-restoration/|/service-areas/anson-tx/fire-damage-restoration/|/contact/,7.00,planned
/service-areas/brownwood-tx/mold-remediation/,service-area-service,"Mold Remediation in Brownwood, TX | Air Care Restoration",Mold Remediation in Brownwood,"24/7 mold remediation in Brownwood, TX. IICRC-certified, insurance billing accepted. Call (325) 339-8723.",mold remediation brownwood,mold removal|black mold remediation|mold abatement|mold containment|mold cleanup,local_health,,,900,hero|og|inline-1|inline-2,service|local-business|faq|breadcrumb-list,/services/mold-remediation/|/service-areas/brownwood-tx/|/service-areas/brownwood-tx/fire-damage-restoration/|/service-areas/brownwood-tx/water-damage-restoration/|/service-areas/abilene-tx/mold-remediation/|/service-areas/anson-tx/mold-remediation/|/contact/,7.00,planned
/service-areas/brownwood-tx/water-damage-restoration/,service-area-service,"Water Damage Restoration in Brownwood, TX | Air Care Restoration",Water Damage Restoration in Brownwood,"24/7 water damage restoration in Brownwood, TX. IICRC-certified, insurance billing accepted. Call (325) 339-8723.",water damage restoration brownwood,water removal|water extraction|water cleanup|structural drying|water mitigation,local_emergency,,,900,hero|og|inline-1|inline-2,service|local-business|faq|breadcrumb-list,/services/water-damage-restoration/|/service-areas/brownwood-tx/|/service-areas/brownwood-tx/fire-damage-restoration/|/service-areas/brownwood-tx/mold-remediation/|/service-areas/abilene-tx/water-damage-restoration/|/service-areas/anson-tx/water-damage-restoration/|/contact/,7.00,planned
/service-areas/buffalo-gap-tx/fire-damage-restoration/,service-area-service,"Fire Damage Restoration in Buffalo Gap, TX | Air Care Restoration",Fire Damage Restoration in Buffalo Gap,"24/7 fire damage restoration in Buffalo Gap, TX. IICRC-certified, insurance billing accepted. Call (325) 339-8723.",fire damage restoration buffalo gap,fire cleanup|fire and smoke restoration|structural fire damage|post-fire restoration|fire damage repair,local_emergency,,,900,hero|og|inline-1|inline-2,service|local-business|faq|breadcrumb-list,/services/fire-damage-restoration/|/service-areas/buffalo-gap-tx/|/service-areas/buffalo-gap-tx/mold-remediation/|/service-areas/buffalo-gap-tx/water-damage-restoration/|/service-areas/abilene-tx/fire-damage-restoration/|/service-areas/anson-tx/fire-damage-restoration/|/contact/,7.00,planned
/service-areas/buffalo-gap-tx/mold-remediation/,service-area-service,"Mold Remediation in Buffalo Gap, TX | Air Care Restoration",Mold Remediation in Buffalo Gap,"24/7 mold remediation in Buffalo Gap, TX. IICRC-certified, insurance billing accepted. Call (325) 339-8723.",mold remediation buffalo gap,mold removal|black mold remediation|mold abatement|mold containment|mold cleanup,local_health,,,900,hero|og|inline-1|inline-2,service|local-business|faq|breadcrumb-list,/services/mold-remediation/|/service-areas/buffalo-gap-tx/|/service-areas/buffalo-gap-tx/fire-damage-restoration/|/service-areas/buffalo-gap-tx/water-damage-restoration/|/service-areas/abilene-tx/mold-remediation/|/service-areas/anson-tx/mold-remediation/|/contact/,7.00,planned
/service-areas/buffalo-gap-tx/water-damage-restoration/,service-area-service,"Water Damage Restoration in Buffalo Gap, TX | Air Care Restoration",Water Damage Restoration in Buffalo Gap,"24/7 water damage restoration in Buffalo Gap, TX. IICRC-certified, insurance billing accepted. Call (325) 339-8723.",water damage restoration buffalo gap,water removal|water extraction|water cleanup|structural drying|water mitigation,local_emergency,,,900,hero|og|inline-1|inline-2,service|local-business|faq|breadcrumb-list,/services/water-damage-restoration/|/service-areas/buffalo-gap-tx/|/service-areas/buffalo-gap-tx/fire-damage-restoration/|/service-areas/buffalo-gap-tx/mold-remediation/|/service-areas/abilene-tx/water-damage-restoration/|/service-areas/anson-tx/water-damage-restoration/|/contact/,7.00,planned
/service-areas/clyde-tx/fire-damage-restoration/,service-area-service,"Fire Damage Restoration in Clyde, TX | Air Care Restoration",Fire Damage Restoration in Clyde,"24/7 fire damage restoration in Clyde, TX. IICRC-certified, insurance billing accepted. Call (325) 339-8723.",fire damage restoration clyde,fire cleanup|fire and smoke restoration|structural fire damage|post-fire restoration|fire damage repair,local_emergency,,,900,hero|og|inline-1|inline-2,service|local-business|faq|breadcrumb-list,/services/fire-damage-restoration/|/service-areas/clyde-tx/|/service-areas/clyde-tx/mold-remediation/|/service-areas/clyde-tx/water-damage-restoration/|/service-areas/abilene-tx/fire-damage-restoration/|/service-areas/anson-tx/fire-damage-restoration/|/contact/,7.00,planned
/service-areas/clyde-tx/mold-remediation/,service-area-service,"Mold Remediation in Clyde, TX | Air Care Restoration",Mold Remediation in Clyde,"24/7 mold remediation in Clyde, TX. IICRC-certified, insurance billing accepted. Call (325) 339-8723.",mold remediation clyde,mold removal|black mold remediation|mold abatement|mold containment|mold cleanup,local_health,,,900,hero|og|inline-1|inline-2,service|local-business|faq|breadcrumb-list,/services/mold-remediation/|/service-areas/clyde-tx/|/service-areas/clyde-tx/fire-damage-restoration/|/service-areas/clyde-tx/water-damage-restoration/|/service-areas/abilene-tx/mold-remediation/|/service-areas/anson-tx/mold-remediation/|/contact/,7.00,planned
/service-areas/clyde-tx/water-damage-restoration/,service-area-service,"Water Damage Restoration in Clyde, TX | Air Care Restoration",Water Damage Restoration in Clyde,"24/7 water damage restoration in Clyde, TX. IICRC-certified, insurance billing accepted. Call (325) 339-8723.",water damage restoration clyde,water removal|water extraction|water cleanup|structural drying|water mitigation,local_emergency,,,900,hero|og|inline-1|inline-2,service|local-business|faq|breadcrumb-list,/services/water-damage-restoration/|/service-areas/clyde-tx/|/service-areas/clyde-tx/fire-damage-restoration/|/service-areas/clyde-tx/mold-remediation/|/service-areas/abilene-tx/water-damage-restoration/|/service-areas/anson-tx/water-damage-restoration/|/contact/,7.00,planned
/service-areas/early-tx/fire-damage-restoration/,service-area-service,"Fire Damage Restoration in Early, TX | Air Care Restoration",Fire Damage Restoration in Early,"24/7 fire damage restoration in Early, TX. IICRC-certified, insurance billing accepted. Call (325) 339-8723.",fire damage restoration early,fire cleanup|fire and smoke restoration|structural fire damage|post-fire restoration|fire damage repair,local_emergency,,,900,hero|og|inline-1|inline-2,service|local-business|faq|breadcrumb-list,/services/fire-damage-restoration/|/service-areas/early-tx/|/service-areas/early-tx/mold-remediation/|/service-areas/early-tx/water-damage-restoration/|/service-areas/abilene-tx/fire-damage-restoration/|/service-areas/anson-tx/fire-damage-restoration/|/contact/,7.00,planned
/service-areas/early-tx/mold-remediation/,service-area-service,"Mold Remediation in Early, TX | Air Care Restoration",Mold Remediation in Early,"24/7 mold remediation in Early, TX. IICRC-certified, insurance billing accepted. Call (325) 339-8723.",mold remediation early,mold removal|black mold remediation|mold abatement|mold containment|mold cleanup,local_health,,,900,hero|og|inline-1|inline-2,service|local-business|faq|breadcrumb-list,/services/mold-remediation/|/service-areas/early-tx/|/service-areas/early-tx/fire-damage-restoration/|/service-areas/early-tx/water-damage-restoration/|/service-areas/abilene-tx/mold-remediation/|/service-areas/anson-tx/mold-remediation/|/contact/,7.00,planned
/service-areas/early-tx/water-damage-restoration/,service-area-service,"Water Damage Restoration in Early, TX | Air Care Restoration",Water Damage Restoration in Early,"24/7 water damage restoration in Early, TX. IICRC-certified, insurance billing accepted. Call (325) 339-8723.",water damage restoration early,water removal|water extraction|water cleanup|structural drying|water mitigation,local_emergency,,,900,hero|og|inline-1|inline-2,service|local-business|faq|breadcrumb-list,/services/water-damage-restoration/|/service-areas/early-tx/|/service-areas/early-tx/fire-damage-restoration/|/service-areas/early-tx/mold-remediation/|/service-areas/abilene-tx/water-damage-restoration/|/service-areas/anson-tx/water-damage-restoration/|/contact/,7.00,planned
/service-areas/eden-tx/fire-damage-restoration/,service-area-service,"Fire Damage Restoration in Eden, TX | Air Care Restoration",Fire Damage Restoration in Eden,"24/7 fire damage restoration in Eden, TX. IICRC-certified, insurance billing accepted. Call (325) 339-8723.",fire damage restoration eden,fire cleanup|fire and smoke restoration|structural fire damage|post-fire restoration|fire damage repair,local_emergency,,,900,hero|og|inline-1|inline-2,service|local-business|faq|breadcrumb-list,/services/fire-damage-restoration/|/service-areas/eden-tx/|/service-areas/eden-tx/mold-remediation/|/service-areas/eden-tx/water-damage-restoration/|/service-areas/abilene-tx/fire-damage-restoration/|/service-areas/anson-tx/fire-damage-restoration/|/contact/,7.00,planned
/service-areas/eden-tx/mold-remediation/,service-area-service,"Mold Remediation in Eden, TX | Air Care Restoration",Mold Remediation in Eden,"24/7 mold remediation in Eden, TX. IICRC-certified, insurance billing accepted. Call (325) 339-8723.",mold remediation eden,mold removal|black mold remediation|mold abatement|mold containment|mold cleanup,local_health,,,900,hero|og|inline-1|inline-2,service|local-business|faq|breadcrumb-list,/services/mold-remediation/|/service-areas/eden-tx/|/service-areas/eden-tx/fire-damage-restoration/|/service-areas/eden-tx/water-damage-restoration/|/service-areas/abilene-tx/mold-remediation/|/service-areas/anson-tx/mold-remediation/|/contact/,7.00,planned
/service-areas/eden-tx/water-damage-restoration/,service-area-service,"Water Damage Restoration in Eden, TX | Air Care Restoration",Water Damage Restoration in Eden,"24/7 water damage restoration in Eden, TX. IICRC-certified, insurance billing accepted. Call (325) 339-8723.",water damage restoration eden,water removal|water extraction|water cleanup|structural drying|water mitigation,local_emergency,,,900,hero|og|inline-1|inline-2,service|local-business|faq|breadcrumb-list,/services/water-damage-restoration/|/service-areas/eden-tx/|/service-areas/eden-tx/fire-damage-restoration/|/service-areas/eden-tx/mold-remediation/|/service-areas/abilene-tx/water-damage-restoration/|/service-areas/anson-tx/water-damage-restoration/|/contact/,7.00,planned
/service-areas/merkel-tx/fire-damage-restoration/,service-area-service,"Fire Damage Restoration in Merkel, TX | Air Care Restoration",Fire Damage Restoration in Merkel,"24/7 fire damage restoration in Merkel, TX. IICRC-certified, insurance billing accepted. Call (325) 339-8723.",fire damage restoration merkel,fire cleanup|fire and smoke restoration|structural fire damage|post-fire restoration|fire damage repair,local_emergency,,,900,hero|og|inline-1|inline-2,service|local-business|faq|breadcrumb-list,/services/fire-damage-restoration/|/service-areas/merkel-tx/|/service-areas/merkel-tx/mold-remediation/|/service-areas/merkel-tx/water-damage-restoration/|/service-areas/abilene-tx/fire-damage-restoration/|/service-areas/anson-tx/fire-damage-restoration/|/contact/,7.00,planned
/service-areas/merkel-tx/mold-remediation/,service-area-service,"Mold Remediation in Merkel, TX | Air Care Restoration",Mold Remediation in Merkel,"24/7 mold remediation in Merkel, TX. IICRC-certified, insurance billing accepted. Call (325) 339-8723.",mold remediation merkel,mold removal|black mold remediation|mold abatement|mold containment|mold cleanup,local_health,,,900,hero|og|inline-1|inline-2,service|local-business|faq|breadcrumb-list,/services/mold-remediation/|/service-areas/merkel-tx/|/service-areas/merkel-tx/fire-damage-restoration/|/service-areas/merkel-tx/water-damage-restoration/|/service-areas/abilene-tx/mold-remediation/|/service-areas/anson-tx/mold-remediation/|/contact/,7.00,planned
/service-areas/merkel-tx/water-damage-restoration/,service-area-service,"Water Damage Restoration in Merkel, TX | Air Care Restoration",Water Damage Restoration in Merkel,"24/7 water damage restoration in Merkel, TX. IICRC-certified, insurance billing accepted. Call (325) 339-8723.",water damage restoration merkel,water removal|water extraction|water cleanup|structural drying|water mitigation,local_emergency,,,900,hero|og|inline-1|inline-2,service|local-business|faq|breadcrumb-list,/services/water-damage-restoration/|/service-areas/merkel-tx/|/service-areas/merkel-tx/fire-damage-restoration/|/service-areas/merkel-tx/mold-remediation/|/service-areas/abilene-tx/water-damage-restoration/|/service-areas/anson-tx/water-damage-restoration/|/contact/,7.00,planned
/service-areas/paint-rock-tx/fire-damage-restoration/,service-area-service,"Fire Damage Restoration in Paint Rock, TX | Air Care Restoration",Fire Damage Restoration in Paint Rock,"24/7 fire damage restoration in Paint Rock, TX. IICRC-certified, insurance billing accepted. Call (325) 339-8723.",fire damage restoration paint rock,fire cleanup|fire and smoke restoration|structural fire damage|post-fire restoration|fire damage repair,local_emergency,,,900,hero|og|inline-1|inline-2,service|local-business|faq|breadcrumb-list,/services/fire-damage-restoration/|/service-areas/paint-rock-tx/|/service-areas/paint-rock-tx/mold-remediation/|/service-areas/paint-rock-tx/water-damage-restoration/|/service-areas/abilene-tx/fire-damage-restoration/|/service-areas/anson-tx/fire-damage-restoration/|/contact/,7.00,planned
/service-areas/paint-rock-tx/mold-remediation/,service-area-service,"Mold Remediation in Paint Rock, TX | Air Care Restoration",Mold Remediation in Paint Rock,"24/7 mold remediation in Paint Rock, TX. IICRC-certified, insurance billing accepted. Call (325) 339-8723.",mold remediation paint rock,mold removal|black mold remediation|mold abatement|mold containment|mold cleanup,local_health,,,900,hero|og|inline-1|inline-2,service|local-business|faq|breadcrumb-list,/services/mold-remediation/|/service-areas/paint-rock-tx/|/service-areas/paint-rock-tx/fire-damage-restoration/|/service-areas/paint-rock-tx/water-damage-restoration/|/service-areas/abilene-tx/mold-remediation/|/service-areas/anson-tx/mold-remediation/|/contact/,7.00,planned
/service-areas/paint-rock-tx/water-damage-restoration/,service-area-service,"Water Damage Restoration in Paint Rock, TX | Air Care Restoration",Water Damage Restoration in Paint Rock,"24/7 water damage restoration in Paint Rock, TX. IICRC-certified, insurance billing accepted. Call (325) 339-8723.",water damage restoration paint rock,water removal|water extraction|water cleanup|structural drying|water mitigation,local_emergency,,,900,hero|og|inline-1|inline-2,service|local-business|faq|breadcrumb-list,/services/water-damage-restoration/|/service-areas/paint-rock-tx/|/service-areas/paint-rock-tx/fire-damage-restoration/|/service-areas/paint-rock-tx/mold-remediation/|/service-areas/abilene-tx/water-damage-restoration/|/service-areas/anson-tx/water-damage-restoration/|/contact/,7.00,planned
/service-areas/robert-lee-tx/fire-damage-restoration/,service-area-service,"Fire Damage Restoration in Robert Lee, TX | Air Care Restoration",Fire Damage Restoration in Robert Lee,"24/7 fire damage restoration in Robert Lee, TX. IICRC-certified, insurance billing accepted. Call (325) 339-8723.",fire damage restoration robert lee,fire cleanup|fire and smoke restoration|structural fire damage|post-fire restoration|fire damage repair,local_emergency,,,900,hero|og|inline-1|inline-2,service|local-business|faq|breadcrumb-list,/services/fire-damage-restoration/|/service-areas/robert-lee-tx/|/service-areas/robert-lee-tx/mold-remediation/|/service-areas/robert-lee-tx/water-damage-restoration/|/service-areas/abilene-tx/fire-damage-restoration/|/service-areas/anson-tx/fire-damage-restoration/|/contact/,7.00,planned
/service-areas/robert-lee-tx/mold-remediation/,service-area-service,"Mold Remediation in Robert Lee, TX | Air Care Restoration",Mold Remediation in Robert Lee,"24/7 mold remediation in Robert Lee, TX. IICRC-certified, insurance billing accepted. Call (325) 339-8723.",mold remediation robert lee,mold removal|black mold remediation|mold abatement|mold containment|mold cleanup,local_health,,,900,hero|og|inline-1|inline-2,service|local-business|faq|breadcrumb-list,/services/mold-remediation/|/service-areas/robert-lee-tx/|/service-areas/robert-lee-tx/fire-damage-restoration/|/service-areas/robert-lee-tx/water-damage-restoration/|/service-areas/abilene-tx/mold-remediation/|/service-areas/anson-tx/mold-remediation/|/contact/,7.00,planned
/service-areas/robert-lee-tx/water-damage-restoration/,service-area-service,"Water Damage Restoration in Robert Lee, TX | Air Care Restoration",Water Damage Restoration in Robert Lee,"24/7 water damage restoration in Robert Lee, TX. IICRC-certified, insurance billing accepted. Call (325) 339-8723.",water damage restoration robert lee,water removal|water extraction|water cleanup|structural drying|water mitigation,local_emergency,,,900,hero|og|inline-1|inline-2,service|local-business|faq|breadcrumb-list,/services/water-damage-restoration/|/service-areas/robert-lee-tx/|/service-areas/robert-lee-tx/fire-damage-restoration/|/service-areas/robert-lee-tx/mold-remediation/|/service-areas/abilene-tx/water-damage-restoration/|/service-areas/anson-tx/water-damage-restoration/|/contact/,7.00,planned
/service-areas/roby-tx/fire-damage-restoration/,service-area-service,"Fire Damage Restoration in Roby, TX | Air Care Restoration",Fire Damage Restoration in Roby,"24/7 fire damage restoration in Roby, TX. IICRC-certified, insurance billing accepted. Call (325) 339-8723.",fire damage restoration roby,fire cleanup|fire and smoke restoration|structural fire damage|post-fire restoration|fire damage repair,local_emergency,,,900,hero|og|inline-1|inline-2,service|local-business|faq|breadcrumb-list,/services/fire-damage-restoration/|/service-areas/roby-tx/|/service-areas/roby-tx/mold-remediation/|/service-areas/roby-tx/water-damage-restoration/|/service-areas/abilene-tx/fire-damage-restoration/|/service-areas/anson-tx/fire-damage-restoration/|/contact/,7.00,planned
/service-areas/roby-tx/mold-remediation/,service-area-service,"Mold Remediation in Roby, TX | Air Care Restoration",Mold Remediation in Roby,"24/7 mold remediation in Roby, TX. IICRC-certified, insurance billing accepted. Call (325) 339-8723.",mold remediation roby,mold removal|black mold remediation|mold abatement|mold containment|mold cleanup,local_health,,,900,hero|og|inline-1|inline-2,service|local-business|faq|breadcrumb-list,/services/mold-remediation/|/service-areas/roby-tx/|/service-areas/roby-tx/fire-damage-restoration/|/service-areas/roby-tx/water-damage-restoration/|/service-areas/abilene-tx/mold-remediation/|/service-areas/anson-tx/mold-remediation/|/contact/,7.00,planned
/service-areas/roby-tx/water-damage-restoration/,service-area-service,"Water Damage Restoration in Roby, TX | Air Care Restoration",Water Damage Restoration in Roby,"24/7 water damage restoration in Roby, TX. IICRC-certified, insurance billing accepted. Call (325) 339-8723.",water damage restoration roby,water removal|water extraction|water cleanup|structural drying|water mitigation,local_emergency,,,900,hero|og|inline-1|inline-2,service|local-business|faq|breadcrumb-list,/services/water-damage-restoration/|/service-areas/roby-tx/|/service-areas/roby-tx/fire-damage-restoration/|/service-areas/roby-tx/mold-remediation/|/service-areas/abilene-tx/water-damage-restoration/|/service-areas/anson-tx/water-damage-restoration/|/contact/,7.00,planned
/service-areas/rotan-tx/fire-damage-restoration/,service-area-service,"Fire Damage Restoration in Rotan, TX | Air Care Restoration",Fire Damage Restoration in Rotan,"24/7 fire damage restoration in Rotan, TX. IICRC-certified, insurance billing accepted. Call (325) 339-8723.",fire damage restoration rotan,fire cleanup|fire and smoke restoration|structural fire damage|post-fire restoration|fire damage repair,local_emergency,,,900,hero|og|inline-1|inline-2,service|local-business|faq|breadcrumb-list,/services/fire-damage-restoration/|/service-areas/rotan-tx/|/service-areas/rotan-tx/mold-remediation/|/service-areas/rotan-tx/water-damage-restoration/|/service-areas/abilene-tx/fire-damage-restoration/|/service-areas/anson-tx/fire-damage-restoration/|/contact/,7.00,planned
/service-areas/rotan-tx/mold-remediation/,service-area-service,"Mold Remediation in Rotan, TX | Air Care Restoration",Mold Remediation in Rotan,"24/7 mold remediation in Rotan, TX. IICRC-certified, insurance billing accepted. Call (325) 339-8723.",mold remediation rotan,mold removal|black mold remediation|mold abatement|mold containment|mold cleanup,local_health,,,900,hero|og|inline-1|inline-2,service|local-business|faq|breadcrumb-list,/services/mold-remediation/|/service-areas/rotan-tx/|/service-areas/rotan-tx/fire-damage-restoration/|/service-areas/rotan-tx/water-damage-restoration/|/service-areas/abilene-tx/mold-remediation/|/service-areas/anson-tx/mold-remediation/|/contact/,7.00,planned
/service-areas/rotan-tx/water-damage-restoration/,service-area-service,"Water Damage Restoration in Rotan, TX | Air Care Restoration",Water Damage Restoration in Rotan,"24/7 water damage restoration in Rotan, TX. IICRC-certified, insurance billing accepted. Call (325) 339-8723.",water damage restoration rotan,water removal|water extraction|water cleanup|structural drying|water mitigation,local_emergency,,,900,hero|og|inline-1|inline-2,service|local-business|faq|breadcrumb-list,/services/water-damage-restoration/|/service-areas/rotan-tx/|/service-areas/rotan-tx/fire-damage-restoration/|/service-areas/rotan-tx/mold-remediation/|/service-areas/abilene-tx/water-damage-restoration/|/service-areas/anson-tx/water-damage-restoration/|/contact/,7.00,planned
/service-areas/sweetwater-tx/fire-damage-restoration/,service-area-service,"Fire Damage Restoration in Sweetwater, TX | Air Care Restoration",Fire Damage Restoration in Sweetwater,"24/7 fire damage restoration in Sweetwater, TX. IICRC-certified, insurance billing accepted. Call (325) 339-8723.",fire damage restoration sweetwater,fire cleanup|fire and smoke restoration|structural fire damage|post-fire restoration|fire damage repair,local_emergency,,,900,hero|og|inline-1|inline-2,service|local-business|faq|breadcrumb-list,/services/fire-damage-restoration/|/service-areas/sweetwater-tx/|/service-areas/sweetwater-tx/mold-remediation/|/service-areas/sweetwater-tx/water-damage-restoration/|/service-areas/abilene-tx/fire-damage-restoration/|/service-areas/anson-tx/fire-damage-restoration/|/contact/,7.00,planned
/service-areas/sweetwater-tx/mold-remediation/,service-area-service,"Mold Remediation in Sweetwater, TX | Air Care Restoration",Mold Remediation in Sweetwater,"24/7 mold remediation in Sweetwater, TX. IICRC-certified, insurance billing accepted. Call (325) 339-8723.",mold remediation sweetwater,mold removal|black mold remediation|mold abatement|mold containment|mold cleanup,local_health,,,900,hero|og|inline-1|inline-2,service|local-business|faq|breadcrumb-list,/services/mold-remediation/|/service-areas/sweetwater-tx/|/service-areas/sweetwater-tx/fire-damage-restoration/|/service-areas/sweetwater-tx/water-damage-restoration/|/service-areas/abilene-tx/mold-remediation/|/service-areas/anson-tx/mold-remediation/|/contact/,7.00,planned
/service-areas/sweetwater-tx/water-damage-restoration/,service-area-service,"Water Damage Restoration in Sweetwater, TX | Air Care Restoration",Water Damage Restoration in Sweetwater,"24/7 water damage restoration in Sweetwater, TX. IICRC-certified, insurance billing accepted. Call (325) 339-8723.",water damage restoration sweetwater,water removal|water extraction|water cleanup|structural drying|water mitigation,local_emergency,,,900,hero|og|inline-1|inline-2,service|local-business|faq|breadcrumb-list,/services/water-damage-restoration/|/service-areas/sweetwater-tx/|/service-areas/sweetwater-tx/fire-damage-restoration/|/service-areas/sweetwater-tx/mold-remediation/|/service-areas/abilene-tx/water-damage-restoration/|/service-areas/anson-tx/water-damage-restoration/|/contact/,7.00,planned
/service-areas/tuscola-tx/fire-damage-restoration/,service-area-service,"Fire Damage Restoration in Tuscola, TX | Air Care Restoration",Fire Damage Restoration in Tuscola,"24/7 fire damage restoration in Tuscola, TX. IICRC-certified, insurance billing accepted. Call (325) 339-8723.",fire damage restoration tuscola,fire cleanup|fire and smoke restoration|structural fire damage|post-fire restoration|fire damage repair,local_emergency,,,900,hero|og|inline-1|inline-2,service|local-business|faq|breadcrumb-list,/services/fire-damage-restoration/|/service-areas/tuscola-tx/|/service-areas/tuscola-tx/mold-remediation/|/service-areas/tuscola-tx/water-damage-restoration/|/service-areas/abilene-tx/fire-damage-restoration/|/service-areas/anson-tx/fire-damage-restoration/|/contact/,7.00,planned
/service-areas/tuscola-tx/mold-remediation/,service-area-service,"Mold Remediation in Tuscola, TX | Air Care Restoration",Mold Remediation in Tuscola,"24/7 mold remediation in Tuscola, TX. IICRC-certified, insurance billing accepted. Call (325) 339-8723.",mold remediation tuscola,mold removal|black mold remediation|mold abatement|mold containment|mold cleanup,local_health,,,900,hero|og|inline-1|inline-2,service|local-business|faq|breadcrumb-list,/services/mold-remediation/|/service-areas/tuscola-tx/|/service-areas/tuscola-tx/fire-damage-restoration/|/service-areas/tuscola-tx/water-damage-restoration/|/service-areas/abilene-tx/mold-remediation/|/service-areas/anson-tx/mold-remediation/|/contact/,7.00,planned
/service-areas/tuscola-tx/water-damage-restoration/,service-area-service,"Water Damage Restoration in Tuscola, TX | Air Care Restoration",Water Damage Restoration in Tuscola,"24/7 water damage restoration in Tuscola, TX. IICRC-certified, insurance billing accepted. Call (325) 339-8723.",water damage restoration tuscola,water removal|water extraction|water cleanup|structural drying|water mitigation,local_emergency,,,900,hero|og|inline-1|inline-2,service|local-business|faq|breadcrumb-list,/services/water-damage-restoration/|/service-areas/tuscola-tx/|/service-areas/tuscola-tx/fire-damage-restoration/|/service-areas/tuscola-tx/mold-remediation/|/service-areas/abilene-tx/water-damage-restoration/|/service-areas/anson-tx/water-damage-restoration/|/contact/,7.00,planned
/service-areas/tye-tx/fire-damage-restoration/,service-area-service,"Fire Damage Restoration in Tye, TX | Air Care Restoration",Fire Damage Restoration in Tye,"24/7 fire damage restoration in Tye, TX. IICRC-certified, insurance billing accepted. Call (325) 339-8723.",fire damage restoration tye,fire cleanup|fire and smoke restoration|structural fire damage|post-fire restoration|fire damage repair,local_emergency,,,900,hero|og|inline-1|inline-2,service|local-business|faq|breadcrumb-list,/services/fire-damage-restoration/|/service-areas/tye-tx/|/service-areas/tye-tx/mold-remediation/|/service-areas/tye-tx/water-damage-restoration/|/service-areas/abilene-tx/fire-damage-restoration/|/service-areas/anson-tx/fire-damage-restoration/|/contact/,7.00,planned
/service-areas/tye-tx/mold-remediation/,service-area-service,"Mold Remediation in Tye, TX | Air Care Restoration",Mold Remediation in Tye,"24/7 mold remediation in Tye, TX. IICRC-certified, insurance billing accepted. Call (325) 339-8723.",mold remediation tye,mold removal|black mold remediation|mold abatement|mold containment|mold cleanup,local_health,,,900,hero|og|inline-1|inline-2,service|local-business|faq|breadcrumb-list,/services/mold-remediation/|/service-areas/tye-tx/|/service-areas/tye-tx/fire-damage-restoration/|/service-areas/tye-tx/water-damage-restoration/|/service-areas/abilene-tx/mold-remediation/|/service-areas/anson-tx/mold-remediation/|/contact/,7.00,planned
/service-areas/tye-tx/water-damage-restoration/,service-area-service,"Water Damage Restoration in Tye, TX | Air Care Restoration",Water Damage Restoration in Tye,"24/7 water damage restoration in Tye, TX. IICRC-certified, insurance billing accepted. Call (325) 339-8723.",water damage restoration tye,water removal|water extraction|water cleanup|structural drying|water mitigation,local_emergency,,,900,hero|og|inline-1|inline-2,service|local-business|faq|breadcrumb-list,/services/water-damage-restoration/|/service-areas/tye-tx/|/service-areas/tye-tx/fire-damage-restoration/|/service-areas/tye-tx/mold-remediation/|/service-areas/abilene-tx/water-damage-restoration/|/service-areas/anson-tx/water-damage-restoration/|/contact/,7.00,planned
/service-areas/abilene-tx/sewage-cleanup/,service-area-service,"Sewage Cleanup and Sanitization in Abilene, TX | Air Care Restoration",Sewage Cleanup and Sanitization in Abilene,"24/7 sewage cleanup and sanitization in Abilene, TX. IICRC-certified, insurance billing accepted. Call (325) 339-8723.",sewage cleanup and sanitization abilene,sewage backup cleanup|raw sewage removal|septic overflow cleanup|sewer line backup|sanitization services,local_emergency,,,900,hero|og|inline-1|inline-2,service|local-business|faq|breadcrumb-list,/services/sewage-cleanup/|/service-areas/abilene-tx/|/service-areas/abilene-tx/fire-damage-restoration/|/service-areas/abilene-tx/mold-remediation/|/service-areas/anson-tx/sewage-cleanup/|/service-areas/bronte-tx/sewage-cleanup/|/contact/,6.30,planned
/service-areas/abilene-tx/storm-damage-restoration/,service-area-service,"Storm Damage Restoration in Abilene, TX | Air Care Restoration",Storm Damage Restoration in Abilene,"24/7 storm damage restoration in Abilene, TX. IICRC-certified, insurance billing accepted. Call (325) 339-8723.",storm damage restoration abilene,hurricane damage cleanup|tornado damage cleanup|tree damage cleanup|storm cleanup services|severe weather damage repair,local_emergency,,,900,hero|og|inline-1|inline-2,service|local-business|faq|breadcrumb-list,/services/storm-damage-restoration/|/service-areas/abilene-tx/|/service-areas/abilene-tx/fire-damage-restoration/|/service-areas/abilene-tx/mold-remediation/|/service-areas/anson-tx/storm-damage-restoration/|/service-areas/bronte-tx/storm-damage-restoration/|/contact/,6.30,planned
/service-areas/abilene-tx/water-cleanup/,service-area-service,"Water Cleanup in Abilene, TX | Air Care Restoration",Water Cleanup in Abilene,"24/7 water cleanup in Abilene, TX. IICRC-certified, insurance billing accepted. Call (325) 339-8723.",water cleanup abilene,water damage cleanup|water clean up|emergency water cleanup|flood water cleanup|standing water removal,local_emergency,,,900,hero|og|inline-1|inline-2,service|local-business|faq|breadcrumb-list,/services/water-cleanup/|/service-areas/abilene-tx/|/service-areas/abilene-tx/fire-damage-restoration/|/service-areas/abilene-tx/mold-remediation/|/service-areas/anson-tx/water-cleanup/|/service-areas/bronte-tx/water-cleanup/|/contact/,6.30,planned
/service-areas/anson-tx/sewage-cleanup/,service-area-service,"Sewage Cleanup and Sanitization in Anson, TX | Air Care Restoration",Sewage Cleanup and Sanitization in Anson,"24/7 sewage cleanup and sanitization in Anson, TX. IICRC-certified, insurance billing accepted. Call (325) 339-8723.",sewage cleanup and sanitization anson,sewage backup cleanup|raw sewage removal|septic overflow cleanup|sewer line backup|sanitization services,local_emergency,,,900,hero|og|inline-1|inline-2,service|local-business|faq|breadcrumb-list,/services/sewage-cleanup/|/service-areas/anson-tx/|/service-areas/anson-tx/fire-damage-restoration/|/service-areas/anson-tx/mold-remediation/|/service-areas/abilene-tx/sewage-cleanup/|/service-areas/bronte-tx/sewage-cleanup/|/contact/,6.30,planned
/service-areas/anson-tx/storm-damage-restoration/,service-area-service,"Storm Damage Restoration in Anson, TX | Air Care Restoration",Storm Damage Restoration in Anson,"24/7 storm damage restoration in Anson, TX. IICRC-certified, insurance billing accepted. Call (325) 339-8723.",storm damage restoration anson,hurricane damage cleanup|tornado damage cleanup|tree damage cleanup|storm cleanup services|severe weather damage repair,local_emergency,,,900,hero|og|inline-1|inline-2,service|local-business|faq|breadcrumb-list,/services/storm-damage-restoration/|/service-areas/anson-tx/|/service-areas/anson-tx/fire-damage-restoration/|/service-areas/anson-tx/mold-remediation/|/service-areas/abilene-tx/storm-damage-restoration/|/service-areas/bronte-tx/storm-damage-restoration/|/contact/,6.30,planned
/service-areas/anson-tx/water-cleanup/,service-area-service,"Water Cleanup in Anson, TX | Air Care Restoration",Water Cleanup in Anson,"24/7 water cleanup in Anson, TX. IICRC-certified, insurance billing accepted. Call (325) 339-8723.",water cleanup anson,water damage cleanup|water clean up|emergency water cleanup|flood water cleanup|standing water removal,local_emergency,,,900,hero|og|inline-1|inline-2,service|local-business|faq|breadcrumb-list,/services/water-cleanup/|/service-areas/anson-tx/|/service-areas/anson-tx/fire-damage-restoration/|/service-areas/anson-tx/mold-remediation/|/service-areas/abilene-tx/water-cleanup/|/service-areas/bronte-tx/water-cleanup/|/contact/,6.30,planned
/service-areas/bronte-tx/sewage-cleanup/,service-area-service,"Sewage Cleanup and Sanitization in Bronte, TX | Air Care Restoration",Sewage Cleanup and Sanitization in Bronte,"24/7 sewage cleanup and sanitization in Bronte, TX. IICRC-certified, insurance billing accepted. Call (325) 339-8723.",sewage cleanup and sanitization bronte,sewage backup cleanup|raw sewage removal|septic overflow cleanup|sewer line backup|sanitization services,local_emergency,,,900,hero|og|inline-1|inline-2,service|local-business|faq|breadcrumb-list,/services/sewage-cleanup/|/service-areas/bronte-tx/|/service-areas/bronte-tx/fire-damage-restoration/|/service-areas/bronte-tx/mold-remediation/|/service-areas/abilene-tx/sewage-cleanup/|/service-areas/anson-tx/sewage-cleanup/|/contact/,6.30,planned
/service-areas/bronte-tx/storm-damage-restoration/,service-area-service,"Storm Damage Restoration in Bronte, TX | Air Care Restoration",Storm Damage Restoration in Bronte,"24/7 storm damage restoration in Bronte, TX. IICRC-certified, insurance billing accepted. Call (325) 339-8723.",storm damage restoration bronte,hurricane damage cleanup|tornado damage cleanup|tree damage cleanup|storm cleanup services|severe weather damage repair,local_emergency,,,900,hero|og|inline-1|inline-2,service|local-business|faq|breadcrumb-list,/services/storm-damage-restoration/|/service-areas/bronte-tx/|/service-areas/bronte-tx/fire-damage-restoration/|/service-areas/bronte-tx/mold-remediation/|/service-areas/abilene-tx/storm-damage-restoration/|/service-areas/anson-tx/storm-damage-restoration/|/contact/,6.30,planned
/service-areas/bronte-tx/water-cleanup/,service-area-service,"Water Cleanup in Bronte, TX | Air Care Restoration",Water Cleanup in Bronte,"24/7 water cleanup in Bronte, TX. IICRC-certified, insurance billing accepted. Call (325) 339-8723.",water cleanup bronte,water damage cleanup|water clean up|emergency water cleanup|flood water cleanup|standing water removal,local_emergency,,,900,hero|og|inline-1|inline-2,service|local-business|faq|breadcrumb-list,/services/water-cleanup/|/service-areas/bronte-tx/|/service-areas/bronte-tx/fire-damage-restoration/|/service-areas/bronte-tx/mold-remediation/|/service-areas/abilene-tx/water-cleanup/|/service-areas/anson-tx/water-cleanup/|/contact/,6.30,planned
/service-areas/brownwood-tx/sewage-cleanup/,service-area-service,"Sewage Cleanup and Sanitization in Brownwood, TX | Air Care Restoration",Sewage Cleanup and Sanitization in Brownwood,"24/7 sewage cleanup and sanitization in Brownwood, TX. IICRC-certified, insurance billing accepted. Call (325) 339-8723.",sewage cleanup and sanitization brownwood,sewage backup cleanup|raw sewage removal|septic overflow cleanup|sewer line backup|sanitization services,local_emergency,,,900,hero|og|inline-1|inline-2,service|local-business|faq|breadcrumb-list,/services/sewage-cleanup/|/service-areas/brownwood-tx/|/service-areas/brownwood-tx/fire-damage-restoration/|/service-areas/brownwood-tx/mold-remediation/|/service-areas/abilene-tx/sewage-cleanup/|/service-areas/anson-tx/sewage-cleanup/|/contact/,6.30,planned
/service-areas/brownwood-tx/storm-damage-restoration/,service-area-service,"Storm Damage Restoration in Brownwood, TX | Air Care Restoration",Storm Damage Restoration in Brownwood,"24/7 storm damage restoration in Brownwood, TX. IICRC-certified, insurance billing accepted. Call (325) 339-8723.",storm damage restoration brownwood,hurricane damage cleanup|tornado damage cleanup|tree damage cleanup|storm cleanup services|severe weather damage repair,local_emergency,,,900,hero|og|inline-1|inline-2,service|local-business|faq|breadcrumb-list,/services/storm-damage-restoration/|/service-areas/brownwood-tx/|/service-areas/brownwood-tx/fire-damage-restoration/|/service-areas/brownwood-tx/mold-remediation/|/service-areas/abilene-tx/storm-damage-restoration/|/service-areas/anson-tx/storm-damage-restoration/|/contact/,6.30,planned
/service-areas/brownwood-tx/water-cleanup/,service-area-service,"Water Cleanup in Brownwood, TX | Air Care Restoration",Water Cleanup in Brownwood,"24/7 water cleanup in Brownwood, TX. IICRC-certified, insurance billing accepted. Call (325) 339-8723.",water cleanup brownwood,water damage cleanup|water clean up|emergency water cleanup|flood water cleanup|standing water removal,local_emergency,,,900,hero|og|inline-1|inline-2,service|local-business|faq|breadcrumb-list,/services/water-cleanup/|/service-areas/brownwood-tx/|/service-areas/brownwood-tx/fire-damage-restoration/|/service-areas/brownwood-tx/mold-remediation/|/service-areas/abilene-tx/water-cleanup/|/service-areas/anson-tx/water-cleanup/|/contact/,6.30,planned
/service-areas/buffalo-gap-tx/sewage-cleanup/,service-area-service,"Sewage Cleanup and Sanitization in Buffalo Gap, TX | Air Care Restoration",Sewage Cleanup and Sanitization in Buffalo Gap,"24/7 sewage cleanup and sanitization in Buffalo Gap, TX. IICRC-certified, insurance billing accepted. Call (325) 339-8723.",sewage cleanup and sanitization buffalo gap,sewage backup cleanup|raw sewage removal|septic overflow cleanup|sewer line backup|sanitization services,local_emergency,,,900,hero|og|inline-1|inline-2,service|local-business|faq|breadcrumb-list,/services/sewage-cleanup/|/service-areas/buffalo-gap-tx/|/service-areas/buffalo-gap-tx/fire-damage-restoration/|/service-areas/buffalo-gap-tx/mold-remediation/|/service-areas/abilene-tx/sewage-cleanup/|/service-areas/anson-tx/sewage-cleanup/|/contact/,6.30,planned
/service-areas/buffalo-gap-tx/storm-damage-restoration/,service-area-service,"Storm Damage Restoration in Buffalo Gap, TX | Air Care Restoration",Storm Damage Restoration in Buffalo Gap,"24/7 storm damage restoration in Buffalo Gap, TX. IICRC-certified, insurance billing accepted. Call (325) 339-8723.",storm damage restoration buffalo gap,hurricane damage cleanup|tornado damage cleanup|tree damage cleanup|storm cleanup services|severe weather damage repair,local_emergency,,,900,hero|og|inline-1|inline-2,service|local-business|faq|breadcrumb-list,/services/storm-damage-restoration/|/service-areas/buffalo-gap-tx/|/service-areas/buffalo-gap-tx/fire-damage-restoration/|/service-areas/buffalo-gap-tx/mold-remediation/|/service-areas/abilene-tx/storm-damage-restoration/|/service-areas/anson-tx/storm-damage-restoration/|/contact/,6.30,planned
/service-areas/buffalo-gap-tx/water-cleanup/,service-area-service,"Water Cleanup in Buffalo Gap, TX | Air Care Restoration",Water Cleanup in Buffalo Gap,"24/7 water cleanup in Buffalo Gap, TX. IICRC-certified, insurance billing accepted. Call (325) 339-8723.",water cleanup buffalo gap,water damage cleanup|water clean up|emergency water cleanup|flood water cleanup|standing water removal,local_emergency,,,900,hero|og|inline-1|inline-2,service|local-business|faq|breadcrumb-list,/services/water-cleanup/|/service-areas/buffalo-gap-tx/|/service-areas/buffalo-gap-tx/fire-damage-restoration/|/service-areas/buffalo-gap-tx/mold-remediation/|/service-areas/abilene-tx/water-cleanup/|/service-areas/anson-tx/water-cleanup/|/contact/,6.30,planned
/service-areas/clyde-tx/sewage-cleanup/,service-area-service,"Sewage Cleanup and Sanitization in Clyde, TX | Air Care Restoration",Sewage Cleanup and Sanitization in Clyde,"24/7 sewage cleanup and sanitization in Clyde, TX. IICRC-certified, insurance billing accepted. Call (325) 339-8723.",sewage cleanup and sanitization clyde,sewage backup cleanup|raw sewage removal|septic overflow cleanup|sewer line backup|sanitization services,local_emergency,,,900,hero|og|inline-1|inline-2,service|local-business|faq|breadcrumb-list,/services/sewage-cleanup/|/service-areas/clyde-tx/|/service-areas/clyde-tx/fire-damage-restoration/|/service-areas/clyde-tx/mold-remediation/|/service-areas/abilene-tx/sewage-cleanup/|/service-areas/anson-tx/sewage-cleanup/|/contact/,6.30,planned
/service-areas/clyde-tx/storm-damage-restoration/,service-area-service,"Storm Damage Restoration in Clyde, TX | Air Care Restoration",Storm Damage Restoration in Clyde,"24/7 storm damage restoration in Clyde, TX. IICRC-certified, insurance billing accepted. Call (325) 339-8723.",storm damage restoration clyde,hurricane damage cleanup|tornado damage cleanup|tree damage cleanup|storm cleanup services|severe weather damage repair,local_emergency,,,900,hero|og|inline-1|inline-2,service|local-business|faq|breadcrumb-list,/services/storm-damage-restoration/|/service-areas/clyde-tx/|/service-areas/clyde-tx/fire-damage-restoration/|/service-areas/clyde-tx/mold-remediation/|/service-areas/abilene-tx/storm-damage-restoration/|/service-areas/anson-tx/storm-damage-restoration/|/contact/,6.30,planned
/service-areas/clyde-tx/water-cleanup/,service-area-service,"Water Cleanup in Clyde, TX | Air Care Restoration",Water Cleanup in Clyde,"24/7 water cleanup in Clyde, TX. IICRC-certified, insurance billing accepted. Call (325) 339-8723.",water cleanup clyde,water damage cleanup|water clean up|emergency water cleanup|flood water cleanup|standing water removal,local_emergency,,,900,hero|og|inline-1|inline-2,service|local-business|faq|breadcrumb-list,/services/water-cleanup/|/service-areas/clyde-tx/|/service-areas/clyde-tx/fire-damage-restoration/|/service-areas/clyde-tx/mold-remediation/|/service-areas/abilene-tx/water-cleanup/|/service-areas/anson-tx/water-cleanup/|/contact/,6.30,planned
/service-areas/early-tx/sewage-cleanup/,service-area-service,"Sewage Cleanup and Sanitization in Early, TX | Air Care Restoration",Sewage Cleanup and Sanitization in Early,"24/7 sewage cleanup and sanitization in Early, TX. IICRC-certified, insurance billing accepted. Call (325) 339-8723.",sewage cleanup and sanitization early,sewage backup cleanup|raw sewage removal|septic overflow cleanup|sewer line backup|sanitization services,local_emergency,,,900,hero|og|inline-1|inline-2,service|local-business|faq|breadcrumb-list,/services/sewage-cleanup/|/service-areas/early-tx/|/service-areas/early-tx/fire-damage-restoration/|/service-areas/early-tx/mold-remediation/|/service-areas/abilene-tx/sewage-cleanup/|/service-areas/anson-tx/sewage-cleanup/|/contact/,6.30,planned
/service-areas/early-tx/storm-damage-restoration/,service-area-service,"Storm Damage Restoration in Early, TX | Air Care Restoration",Storm Damage Restoration in Early,"24/7 storm damage restoration in Early, TX. IICRC-certified, insurance billing accepted. Call (325) 339-8723.",storm damage restoration early,hurricane damage cleanup|tornado damage cleanup|tree damage cleanup|storm cleanup services|severe weather damage repair,local_emergency,,,900,hero|og|inline-1|inline-2,service|local-business|faq|breadcrumb-list,/services/storm-damage-restoration/|/service-areas/early-tx/|/service-areas/early-tx/fire-damage-restoration/|/service-areas/early-tx/mold-remediation/|/service-areas/abilene-tx/storm-damage-restoration/|/service-areas/anson-tx/storm-damage-restoration/|/contact/,6.30,planned
/service-areas/early-tx/water-cleanup/,service-area-service,"Water Cleanup in Early, TX | Air Care Restoration",Water Cleanup in Early,"24/7 water cleanup in Early, TX. IICRC-certified, insurance billing accepted. Call (325) 339-8723.",water cleanup early,water damage cleanup|water clean up|emergency water cleanup|flood water cleanup|standing water removal,local_emergency,,,900,hero|og|inline-1|inline-2,service|local-business|faq|breadcrumb-list,/services/water-cleanup/|/service-areas/early-tx/|/service-areas/early-tx/fire-damage-restoration/|/service-areas/early-tx/mold-remediation/|/service-areas/abilene-tx/water-cleanup/|/service-areas/anson-tx/water-cleanup/|/contact/,6.30,planned
/service-areas/eden-tx/sewage-cleanup/,service-area-service,"Sewage Cleanup and Sanitization in Eden, TX | Air Care Restoration",Sewage Cleanup and Sanitization in Eden,"24/7 sewage cleanup and sanitization in Eden, TX. IICRC-certified, insurance billing accepted. Call (325) 339-8723.",sewage cleanup and sanitization eden,sewage backup cleanup|raw sewage removal|septic overflow cleanup|sewer line backup|sanitization services,local_emergency,,,900,hero|og|inline-1|inline-2,service|local-business|faq|breadcrumb-list,/services/sewage-cleanup/|/service-areas/eden-tx/|/service-areas/eden-tx/fire-damage-restoration/|/service-areas/eden-tx/mold-remediation/|/service-areas/abilene-tx/sewage-cleanup/|/service-areas/anson-tx/sewage-cleanup/|/contact/,6.30,planned
/service-areas/eden-tx/storm-damage-restoration/,service-area-service,"Storm Damage Restoration in Eden, TX | Air Care Restoration",Storm Damage Restoration in Eden,"24/7 storm damage restoration in Eden, TX. IICRC-certified, insurance billing accepted. Call (325) 339-8723.",storm damage restoration eden,hurricane damage cleanup|tornado damage cleanup|tree damage cleanup|storm cleanup services|severe weather damage repair,local_emergency,,,900,hero|og|inline-1|inline-2,service|local-business|faq|breadcrumb-list,/services/storm-damage-restoration/|/service-areas/eden-tx/|/service-areas/eden-tx/fire-damage-restoration/|/service-areas/eden-tx/mold-remediation/|/service-areas/abilene-tx/storm-damage-restoration/|/service-areas/anson-tx/storm-damage-restoration/|/contact/,6.30,planned
/service-areas/eden-tx/water-cleanup/,service-area-service,"Water Cleanup in Eden, TX | Air Care Restoration",Water Cleanup in Eden,"24/7 water cleanup in Eden, TX. IICRC-certified, insurance billing accepted. Call (325) 339-8723.",water cleanup eden,water damage cleanup|water clean up|emergency water cleanup|flood water cleanup|standing water removal,local_emergency,,,900,hero|og|inline-1|inline-2,service|local-business|faq|breadcrumb-list,/services/water-cleanup/|/service-areas/eden-tx/|/service-areas/eden-tx/fire-damage-restoration/|/service-areas/eden-tx/mold-remediation/|/service-areas/abilene-tx/water-cleanup/|/service-areas/anson-tx/water-cleanup/|/contact/,6.30,planned
/service-areas/merkel-tx/sewage-cleanup/,service-area-service,"Sewage Cleanup and Sanitization in Merkel, TX | Air Care Restoration",Sewage Cleanup and Sanitization in Merkel,"24/7 sewage cleanup and sanitization in Merkel, TX. IICRC-certified, insurance billing accepted. Call (325) 339-8723.",sewage cleanup and sanitization merkel,sewage backup cleanup|raw sewage removal|septic overflow cleanup|sewer line backup|sanitization services,local_emergency,,,900,hero|og|inline-1|inline-2,service|local-business|faq|breadcrumb-list,/services/sewage-cleanup/|/service-areas/merkel-tx/|/service-areas/merkel-tx/fire-damage-restoration/|/service-areas/merkel-tx/mold-remediation/|/service-areas/abilene-tx/sewage-cleanup/|/service-areas/anson-tx/sewage-cleanup/|/contact/,6.30,planned
/service-areas/merkel-tx/storm-damage-restoration/,service-area-service,"Storm Damage Restoration in Merkel, TX | Air Care Restoration",Storm Damage Restoration in Merkel,"24/7 storm damage restoration in Merkel, TX. IICRC-certified, insurance billing accepted. Call (325) 339-8723.",storm damage restoration merkel,hurricane damage cleanup|tornado damage cleanup|tree damage cleanup|storm cleanup services|severe weather damage repair,local_emergency,,,900,hero|og|inline-1|inline-2,service|local-business|faq|breadcrumb-list,/services/storm-damage-restoration/|/service-areas/merkel-tx/|/service-areas/merkel-tx/fire-damage-restoration/|/service-areas/merkel-tx/mold-remediation/|/service-areas/abilene-tx/storm-damage-restoration/|/service-areas/anson-tx/storm-damage-restoration/|/contact/,6.30,planned
/service-areas/merkel-tx/water-cleanup/,service-area-service,"Water Cleanup in Merkel, TX | Air Care Restoration",Water Cleanup in Merkel,"24/7 water cleanup in Merkel, TX. IICRC-certified, insurance billing accepted. Call (325) 339-8723.",water cleanup merkel,water damage cleanup|water clean up|emergency water cleanup|flood water cleanup|standing water removal,local_emergency,,,900,hero|og|inline-1|inline-2,service|local-business|faq|breadcrumb-list,/services/water-cleanup/|/service-areas/merkel-tx/|/service-areas/merkel-tx/fire-damage-restoration/|/service-areas/merkel-tx/mold-remediation/|/service-areas/abilene-tx/water-cleanup/|/service-areas/anson-tx/water-cleanup/|/contact/,6.30,planned
/service-areas/paint-rock-tx/sewage-cleanup/,service-area-service,"Sewage Cleanup and Sanitization in Paint Rock, TX | Air Care Restoration",Sewage Cleanup and Sanitization in Paint Rock,"24/7 sewage cleanup and sanitization in Paint Rock, TX. IICRC-certified, insurance billing accepted. Call (325) 339-8723.",sewage cleanup and sanitization paint rock,sewage backup cleanup|raw sewage removal|septic overflow cleanup|sewer line backup|sanitization services,local_emergency,,,900,hero|og|inline-1|inline-2,service|local-business|faq|breadcrumb-list,/services/sewage-cleanup/|/service-areas/paint-rock-tx/|/service-areas/paint-rock-tx/fire-damage-restoration/|/service-areas/paint-rock-tx/mold-remediation/|/service-areas/abilene-tx/sewage-cleanup/|/service-areas/anson-tx/sewage-cleanup/|/contact/,6.30,planned
/service-areas/paint-rock-tx/storm-damage-restoration/,service-area-service,"Storm Damage Restoration in Paint Rock, TX | Air Care Restoration",Storm Damage Restoration in Paint Rock,"24/7 storm damage restoration in Paint Rock, TX. IICRC-certified, insurance billing accepted. Call (325) 339-8723.",storm damage restoration paint rock,hurricane damage cleanup|tornado damage cleanup|tree damage cleanup|storm cleanup services|severe weather damage repair,local_emergency,,,900,hero|og|inline-1|inline-2,service|local-business|faq|breadcrumb-list,/services/storm-damage-restoration/|/service-areas/paint-rock-tx/|/service-areas/paint-rock-tx/fire-damage-restoration/|/service-areas/paint-rock-tx/mold-remediation/|/service-areas/abilene-tx/storm-damage-restoration/|/service-areas/anson-tx/storm-damage-restoration/|/contact/,6.30,planned
/service-areas/paint-rock-tx/water-cleanup/,service-area-service,"Water Cleanup in Paint Rock, TX | Air Care Restoration",Water Cleanup in Paint Rock,"24/7 water cleanup in Paint Rock, TX. IICRC-certified, insurance billing accepted. Call (325) 339-8723.",water cleanup paint rock,water damage cleanup|water clean up|emergency water cleanup|flood water cleanup|standing water removal,local_emergency,,,900,hero|og|inline-1|inline-2,service|local-business|faq|breadcrumb-list,/services/water-cleanup/|/service-areas/paint-rock-tx/|/service-areas/paint-rock-tx/fire-damage-restoration/|/service-areas/paint-rock-tx/mold-remediation/|/service-areas/abilene-tx/water-cleanup/|/service-areas/anson-tx/water-cleanup/|/contact/,6.30,planned
/service-areas/robert-lee-tx/sewage-cleanup/,service-area-service,"Sewage Cleanup and Sanitization in Robert Lee, TX | Air Care Restoration",Sewage Cleanup and Sanitization in Robert Lee,"24/7 sewage cleanup and sanitization in Robert Lee, TX. IICRC-certified, insurance billing accepted. Call (325) 339-8723.",sewage cleanup and sanitization robert lee,sewage backup cleanup|raw sewage removal|septic overflow cleanup|sewer line backup|sanitization services,local_emergency,,,900,hero|og|inline-1|inline-2,service|local-business|faq|breadcrumb-list,/services/sewage-cleanup/|/service-areas/robert-lee-tx/|/service-areas/robert-lee-tx/fire-damage-restoration/|/service-areas/robert-lee-tx/mold-remediation/|/service-areas/abilene-tx/sewage-cleanup/|/service-areas/anson-tx/sewage-cleanup/|/contact/,6.30,planned
/service-areas/robert-lee-tx/storm-damage-restoration/,service-area-service,"Storm Damage Restoration in Robert Lee, TX | Air Care Restoration",Storm Damage Restoration in Robert Lee,"24/7 storm damage restoration in Robert Lee, TX. IICRC-certified, insurance billing accepted. Call (325) 339-8723.",storm damage restoration robert lee,hurricane damage cleanup|tornado damage cleanup|tree damage cleanup|storm cleanup services|severe weather damage repair,local_emergency,,,900,hero|og|inline-1|inline-2,service|local-business|faq|breadcrumb-list,/services/storm-damage-restoration/|/service-areas/robert-lee-tx/|/service-areas/robert-lee-tx/fire-damage-restoration/|/service-areas/robert-lee-tx/mold-remediation/|/service-areas/abilene-tx/storm-damage-restoration/|/service-areas/anson-tx/storm-damage-restoration/|/contact/,6.30,planned
/service-areas/robert-lee-tx/water-cleanup/,service-area-service,"Water Cleanup in Robert Lee, TX | Air Care Restoration",Water Cleanup in Robert Lee,"24/7 water cleanup in Robert Lee, TX. IICRC-certified, insurance billing accepted. Call (325) 339-8723.",water cleanup robert lee,water damage cleanup|water clean up|emergency water cleanup|flood water cleanup|standing water removal,local_emergency,,,900,hero|og|inline-1|inline-2,service|local-business|faq|breadcrumb-list,/services/water-cleanup/|/service-areas/robert-lee-tx/|/service-areas/robert-lee-tx/fire-damage-restoration/|/service-areas/robert-lee-tx/mold-remediation/|/service-areas/abilene-tx/water-cleanup/|/service-areas/anson-tx/water-cleanup/|/contact/,6.30,planned
/service-areas/roby-tx/sewage-cleanup/,service-area-service,"Sewage Cleanup and Sanitization in Roby, TX | Air Care Restoration",Sewage Cleanup and Sanitization in Roby,"24/7 sewage cleanup and sanitization in Roby, TX. IICRC-certified, insurance billing accepted. Call (325) 339-8723.",sewage cleanup and sanitization roby,sewage backup cleanup|raw sewage removal|septic overflow cleanup|sewer line backup|sanitization services,local_emergency,,,900,hero|og|inline-1|inline-2,service|local-business|faq|breadcrumb-list,/services/sewage-cleanup/|/service-areas/roby-tx/|/service-areas/roby-tx/fire-damage-restoration/|/service-areas/roby-tx/mold-remediation/|/service-areas/abilene-tx/sewage-cleanup/|/service-areas/anson-tx/sewage-cleanup/|/contact/,6.30,planned
/service-areas/roby-tx/storm-damage-restoration/,service-area-service,"Storm Damage Restoration in Roby, TX | Air Care Restoration",Storm Damage Restoration in Roby,"24/7 storm damage restoration in Roby, TX. IICRC-certified, insurance billing accepted. Call (325) 339-8723.",storm damage restoration roby,hurricane damage cleanup|tornado damage cleanup|tree damage cleanup|storm cleanup services|severe weather damage repair,local_emergency,,,900,hero|og|inline-1|inline-2,service|local-business|faq|breadcrumb-list,/services/storm-damage-restoration/|/service-areas/roby-tx/|/service-areas/roby-tx/fire-damage-restoration/|/service-areas/roby-tx/mold-remediation/|/service-areas/abilene-tx/storm-damage-restoration/|/service-areas/anson-tx/storm-damage-restoration/|/contact/,6.30,planned
/service-areas/roby-tx/water-cleanup/,service-area-service,"Water Cleanup in Roby, TX | Air Care Restoration",Water Cleanup in Roby,"24/7 water cleanup in Roby, TX. IICRC-certified, insurance billing accepted. Call (325) 339-8723.",water cleanup roby,water damage cleanup|water clean up|emergency water cleanup|flood water cleanup|standing water removal,local_emergency,,,900,hero|og|inline-1|inline-2,service|local-business|faq|breadcrumb-list,/services/water-cleanup/|/service-areas/roby-tx/|/service-areas/roby-tx/fire-damage-restoration/|/service-areas/roby-tx/mold-remediation/|/service-areas/abilene-tx/water-cleanup/|/service-areas/anson-tx/water-cleanup/|/contact/,6.30,planned
/service-areas/rotan-tx/sewage-cleanup/,service-area-service,"Sewage Cleanup and Sanitization in Rotan, TX | Air Care Restoration",Sewage Cleanup and Sanitization in Rotan,"24/7 sewage cleanup and sanitization in Rotan, TX. IICRC-certified, insurance billing accepted. Call (325) 339-8723.",sewage cleanup and sanitization rotan,sewage backup cleanup|raw sewage removal|septic overflow cleanup|sewer line backup|sanitization services,local_emergency,,,900,hero|og|inline-1|inline-2,service|local-business|faq|breadcrumb-list,/services/sewage-cleanup/|/service-areas/rotan-tx/|/service-areas/rotan-tx/fire-damage-restoration/|/service-areas/rotan-tx/mold-remediation/|/service-areas/abilene-tx/sewage-cleanup/|/service-areas/anson-tx/sewage-cleanup/|/contact/,6.30,planned
/service-areas/rotan-tx/storm-damage-restoration/,service-area-service,"Storm Damage Restoration in Rotan, TX | Air Care Restoration",Storm Damage Restoration in Rotan,"24/7 storm damage restoration in Rotan, TX. IICRC-certified, insurance billing accepted. Call (325) 339-8723.",storm damage restoration rotan,hurricane damage cleanup|tornado damage cleanup|tree damage cleanup|storm cleanup services|severe weather damage repair,local_emergency,,,900,hero|og|inline-1|inline-2,service|local-business|faq|breadcrumb-list,/services/storm-damage-restoration/|/service-areas/rotan-tx/|/service-areas/rotan-tx/fire-damage-restoration/|/service-areas/rotan-tx/mold-remediation/|/service-areas/abilene-tx/storm-damage-restoration/|/service-areas/anson-tx/storm-damage-restoration/|/contact/,6.30,planned
/service-areas/rotan-tx/water-cleanup/,service-area-service,"Water Cleanup in Rotan, TX | Air Care Restoration",Water Cleanup in Rotan,"24/7 water cleanup in Rotan, TX. IICRC-certified, insurance billing accepted. Call (325) 339-8723.",water cleanup rotan,water damage cleanup|water clean up|emergency water cleanup|flood water cleanup|standing water removal,local_emergency,,,900,hero|og|inline-1|inline-2,service|local-business|faq|breadcrumb-list,/services/water-cleanup/|/service-areas/rotan-tx/|/service-areas/rotan-tx/fire-damage-restoration/|/service-areas/rotan-tx/mold-remediation/|/service-areas/abilene-tx/water-cleanup/|/service-areas/anson-tx/water-cleanup/|/contact/,6.30,planned
/service-areas/sweetwater-tx/sewage-cleanup/,service-area-service,"Sewage Cleanup and Sanitization in Sweetwater, TX | Air Care Restoration",Sewage Cleanup and Sanitization in Sweetwater,"24/7 sewage cleanup and sanitization in Sweetwater, TX. IICRC-certified, insurance billing accepted. Call (325) 339-8723.",sewage cleanup and sanitization sweetwater,sewage backup cleanup|raw sewage removal|septic overflow cleanup|sewer line backup|sanitization services,local_emergency,,,900,hero|og|inline-1|inline-2,service|local-business|faq|breadcrumb-list,/services/sewage-cleanup/|/service-areas/sweetwater-tx/|/service-areas/sweetwater-tx/fire-damage-restoration/|/service-areas/sweetwater-tx/mold-remediation/|/service-areas/abilene-tx/sewage-cleanup/|/service-areas/anson-tx/sewage-cleanup/|/contact/,6.30,planned
/service-areas/sweetwater-tx/storm-damage-restoration/,service-area-service,"Storm Damage Restoration in Sweetwater, TX | Air Care Restoration",Storm Damage Restoration in Sweetwater,"24/7 storm damage restoration in Sweetwater, TX. IICRC-certified, insurance billing accepted. Call (325) 339-8723.",storm damage restoration sweetwater,hurricane damage cleanup|tornado damage cleanup|tree damage cleanup|storm cleanup services|severe weather damage repair,local_emergency,,,900,hero|og|inline-1|inline-2,service|local-business|faq|breadcrumb-list,/services/storm-damage-restoration/|/service-areas/sweetwater-tx/|/service-areas/sweetwater-tx/fire-damage-restoration/|/service-areas/sweetwater-tx/mold-remediation/|/service-areas/abilene-tx/storm-damage-restoration/|/service-areas/anson-tx/storm-damage-restoration/|/contact/,6.30,planned
/service-areas/sweetwater-tx/water-cleanup/,service-area-service,"Water Cleanup in Sweetwater, TX | Air Care Restoration",Water Cleanup in Sweetwater,"24/7 water cleanup in Sweetwater, TX. IICRC-certified, insurance billing accepted. Call (325) 339-8723.",water cleanup sweetwater,water damage cleanup|water clean up|emergency water cleanup|flood water cleanup|standing water removal,local_emergency,,,900,hero|og|inline-1|inline-2,service|local-business|faq|breadcrumb-list,/services/water-cleanup/|/service-areas/sweetwater-tx/|/service-areas/sweetwater-tx/fire-damage-restoration/|/service-areas/sweetwater-tx/mold-remediation/|/service-areas/abilene-tx/water-cleanup/|/service-areas/anson-tx/water-cleanup/|/contact/,6.30,planned
/service-areas/tuscola-tx/sewage-cleanup/,service-area-service,"Sewage Cleanup and Sanitization in Tuscola, TX | Air Care Restoration",Sewage Cleanup and Sanitization in Tuscola,"24/7 sewage cleanup and sanitization in Tuscola, TX. IICRC-certified, insurance billing accepted. Call (325) 339-8723.",sewage cleanup and sanitization tuscola,sewage backup cleanup|raw sewage removal|septic overflow cleanup|sewer line backup|sanitization services,local_emergency,,,900,hero|og|inline-1|inline-2,service|local-business|faq|breadcrumb-list,/services/sewage-cleanup/|/service-areas/tuscola-tx/|/service-areas/tuscola-tx/fire-damage-restoration/|/service-areas/tuscola-tx/mold-remediation/|/service-areas/abilene-tx/sewage-cleanup/|/service-areas/anson-tx/sewage-cleanup/|/contact/,6.30,planned
/service-areas/tuscola-tx/storm-damage-restoration/,service-area-service,"Storm Damage Restoration in Tuscola, TX | Air Care Restoration",Storm Damage Restoration in Tuscola,"24/7 storm damage restoration in Tuscola, TX. IICRC-certified, insurance billing accepted. Call (325) 339-8723.",storm damage restoration tuscola,hurricane damage cleanup|tornado damage cleanup|tree damage cleanup|storm cleanup services|severe weather damage repair,local_emergency,,,900,hero|og|inline-1|inline-2,service|local-business|faq|breadcrumb-list,/services/storm-damage-restoration/|/service-areas/tuscola-tx/|/service-areas/tuscola-tx/fire-damage-restoration/|/service-areas/tuscola-tx/mold-remediation/|/service-areas/abilene-tx/storm-damage-restoration/|/service-areas/anson-tx/storm-damage-restoration/|/contact/,6.30,planned
/service-areas/tuscola-tx/water-cleanup/,service-area-service,"Water Cleanup in Tuscola, TX | Air Care Restoration",Water Cleanup in Tuscola,"24/7 water cleanup in Tuscola, TX. IICRC-certified, insurance billing accepted. Call (325) 339-8723.",water cleanup tuscola,water damage cleanup|water clean up|emergency water cleanup|flood water cleanup|standing water removal,local_emergency,,,900,hero|og|inline-1|inline-2,service|local-business|faq|breadcrumb-list,/services/water-cleanup/|/service-areas/tuscola-tx/|/service-areas/tuscola-tx/fire-damage-restoration/|/service-areas/tuscola-tx/mold-remediation/|/service-areas/abilene-tx/water-cleanup/|/service-areas/anson-tx/water-cleanup/|/contact/,6.30,planned
/service-areas/tye-tx/sewage-cleanup/,service-area-service,"Sewage Cleanup and Sanitization in Tye, TX | Air Care Restoration",Sewage Cleanup and Sanitization in Tye,"24/7 sewage cleanup and sanitization in Tye, TX. IICRC-certified, insurance billing accepted. Call (325) 339-8723.",sewage cleanup and sanitization tye,sewage backup cleanup|raw sewage removal|septic overflow cleanup|sewer line backup|sanitization services,local_emergency,,,900,hero|og|inline-1|inline-2,service|local-business|faq|breadcrumb-list,/services/sewage-cleanup/|/service-areas/tye-tx/|/service-areas/tye-tx/fire-damage-restoration/|/service-areas/tye-tx/mold-remediation/|/service-areas/abilene-tx/sewage-cleanup/|/service-areas/anson-tx/sewage-cleanup/|/contact/,6.30,planned
/service-areas/tye-tx/storm-damage-restoration/,service-area-service,"Storm Damage Restoration in Tye, TX | Air Care Restoration",Storm Damage Restoration in Tye,"24/7 storm damage restoration in Tye, TX. IICRC-certified, insurance billing accepted. Call (325) 339-8723.",storm damage restoration tye,hurricane damage cleanup|tornado damage cleanup|tree damage cleanup|storm cleanup services|severe weather damage repair,local_emergency,,,900,hero|og|inline-1|inline-2,service|local-business|faq|breadcrumb-list,/services/storm-damage-restoration/|/service-areas/tye-tx/|/service-areas/tye-tx/fire-damage-restoration/|/service-areas/tye-tx/mold-remediation/|/service-areas/abilene-tx/storm-damage-restoration/|/service-areas/anson-tx/storm-damage-restoration/|/contact/,6.30,planned
/service-areas/tye-tx/water-cleanup/,service-area-service,"Water Cleanup in Tye, TX | Air Care Restoration",Water Cleanup in Tye,"24/7 water cleanup in Tye, TX. IICRC-certified, insurance billing accepted. Call (325) 339-8723.",water cleanup tye,water damage cleanup|water clean up|emergency water cleanup|flood water cleanup|standing water removal,local_emergency,,,900,hero|og|inline-1|inline-2,service|local-business|faq|breadcrumb-list,/services/water-cleanup/|/service-areas/tye-tx/|/service-areas/tye-tx/fire-damage-restoration/|/service-areas/tye-tx/mold-remediation/|/service-areas/abilene-tx/water-cleanup/|/service-areas/anson-tx/water-cleanup/|/contact/,6.30,planned
/services/emergency-board-up-tarping/,service-landing,Emergency Board-Up and Tarping in Abilene | Air Care Restoration,Emergency Board-Up and Tarping in Abilene,"24/7 emergency board-up and tarping in Abilene and surrounding areas. IICRC-certified, insurance billing accepted. Call (325) 339-8723.",emergency board-up and tarping abilene,emergency board up|roof tarping|emergency tarping service|fire damage board up|broken window board up,local_emergency,,,1100,hero|og|inline-1|inline-2,service|local-business|faq|breadcrumb-list,/services/|/contact/|/service-areas/abilene-tx/emergency-board-up-tarping/|/service-areas/anson-tx/emergency-board-up-tarping/|/service-areas/bronte-tx/emergency-board-up-tarping/|/service-areas/brownwood-tx/emergency-board-up-tarping/|/service-areas/buffalo-gap-tx/emergency-board-up-tarping/|/service-areas/clyde-tx/emergency-board-up-tarping/|/service-areas/early-tx/emergency-board-up-tarping/|/service-areas/eden-tx/emergency-board-up-tarping/|/service-areas/merkel-tx/emergency-board-up-tarping/|/service-areas/paint-rock-tx/emergency-board-up-tarping/|/service-areas/robert-lee-tx/emergency-board-up-tarping/|/service-areas/roby-tx/emergency-board-up-tarping/,6.30,planned
/blog/burst-pipe-emergency-checklist/,blog-post,Burst Pipe Emergency Checklist: Step-by-Step Response,Burst Pipe Emergency Checklist: Step-by-Step Response,,burst pipe emergency checklist stepbystep response,water damage restoration|appliance leak cleanup,informational_emergency,,,1400,hero|og|inline-1|inline-2,blog-posting|faq|breadcrumb-list,/blog/|/services/water-damage-restoration/|/blog/what-to-do-first-24-hours-water-damage/|/blog/choosing-a-restoration-company/|/blog/does-homeowners-insurance-cover-water-damage/,6.00,planned
/blog/what-to-do-first-24-hours-water-damage/,blog-post,What To Do in the First 24 Hours After Water Damage,What To Do in the First 24 Hours After Water Damage,,what to do in the first 24 hours after water damage,water damage restoration,informational_emergency,,,1400,hero|og|inline-1|inline-2,blog-posting|faq|breadcrumb-list,/blog/|/services/water-damage-restoration/|/blog/burst-pipe-emergency-checklist/|/blog/choosing-a-restoration-company/|/blog/does-homeowners-insurance-cover-water-damage/,6.00,planned
/service-areas/abilene-tx/biohazard-cleanup/,service-area-service,"Biohazard Cleanup in Abilene, TX | Air Care Restoration",Biohazard Cleanup in Abilene,"24/7 biohazard cleanup in Abilene, TX. IICRC-certified, insurance billing accepted. Call (325) 339-8723.",biohazard cleanup abilene,biohazard remediation|blood cleanup|bodily fluid cleanup|sharps and needle cleanup|infectious material cleanup,local_sensitive,,,900,hero|og|inline-1|inline-2,service|local-business|faq|breadcrumb-list,/services/biohazard-cleanup/|/service-areas/abilene-tx/|/service-areas/abilene-tx/fire-damage-restoration/|/service-areas/abilene-tx/mold-remediation/|/service-areas/anson-tx/biohazard-cleanup/|/service-areas/bronte-tx/biohazard-cleanup/|/contact/,5.60,planned
/service-areas/abilene-tx/general-contracting/,service-area-service,"Renovations, Remodels and General Contracting in Abilene, TX | Air Care Restoration","Renovations, Remodels and General Contracting in Abilene","24/7 renovations, remodels and general contracting in Abilene, TX. IICRC-certified, insurance billing accepted. Call (325) 339-8723.","renovations, remodels and general contracting abilene",general contractor|home renovation services|home remodeling|kitchen remodel|bathroom remodel|post-damage rebuild,local_commercial,,,900,hero|og|inline-1|inline-2,service|local-business|faq|breadcrumb-list,/services/general-contracting/|/service-areas/abilene-tx/|/service-areas/abilene-tx/fire-damage-restoration/|/service-areas/abilene-tx/mold-remediation/|/service-areas/anson-tx/general-contracting/|/service-areas/bronte-tx/general-contracting/|/contact/,5.60,planned
/service-areas/anson-tx/biohazard-cleanup/,service-area-service,"Biohazard Cleanup in Anson, TX | Air Care Restoration",Biohazard Cleanup in Anson,"24/7 biohazard cleanup in Anson, TX. IICRC-certified, insurance billing accepted. Call (325) 339-8723.",biohazard cleanup anson,biohazard remediation|blood cleanup|bodily fluid cleanup|sharps and needle cleanup|infectious material cleanup,local_sensitive,,,900,hero|og|inline-1|inline-2,service|local-business|faq|breadcrumb-list,/services/biohazard-cleanup/|/service-areas/anson-tx/|/service-areas/anson-tx/fire-damage-restoration/|/service-areas/anson-tx/mold-remediation/|/service-areas/abilene-tx/biohazard-cleanup/|/service-areas/bronte-tx/biohazard-cleanup/|/contact/,5.60,planned
/service-areas/anson-tx/general-contracting/,service-area-service,"Renovations, Remodels and General Contracting in Anson, TX | Air Care Restoration","Renovations, Remodels and General Contracting in Anson","24/7 renovations, remodels and general contracting in Anson, TX. IICRC-certified, insurance billing accepted. Call (325) 339-8723.","renovations, remodels and general contracting anson",general contractor|home renovation services|home remodeling|kitchen remodel|bathroom remodel|post-damage rebuild,local_commercial,,,900,hero|og|inline-1|inline-2,service|local-business|faq|breadcrumb-list,/services/general-contracting/|/service-areas/anson-tx/|/service-areas/anson-tx/fire-damage-restoration/|/service-areas/anson-tx/mold-remediation/|/service-areas/abilene-tx/general-contracting/|/service-areas/bronte-tx/general-contracting/|/contact/,5.60,planned
/service-areas/bronte-tx/biohazard-cleanup/,service-area-service,"Biohazard Cleanup in Bronte, TX | Air Care Restoration",Biohazard Cleanup in Bronte,"24/7 biohazard cleanup in Bronte, TX. IICRC-certified, insurance billing accepted. Call (325) 339-8723.",biohazard cleanup bronte,biohazard remediation|blood cleanup|bodily fluid cleanup|sharps and needle cleanup|infectious material cleanup,local_sensitive,,,900,hero|og|inline-1|inline-2,service|local-business|faq|breadcrumb-list,/services/biohazard-cleanup/|/service-areas/bronte-tx/|/service-areas/bronte-tx/fire-damage-restoration/|/service-areas/bronte-tx/mold-remediation/|/service-areas/abilene-tx/biohazard-cleanup/|/service-areas/anson-tx/biohazard-cleanup/|/contact/,5.60,planned
/service-areas/bronte-tx/general-contracting/,service-area-service,"Renovations, Remodels and General Contracting in Bronte, TX | Air Care Restoration","Renovations, Remodels and General Contracting in Bronte","24/7 renovations, remodels and general contracting in Bronte, TX. IICRC-certified, insurance billing accepted. Call (325) 339-8723.","renovations, remodels and general contracting bronte",general contractor|home renovation services|home remodeling|kitchen remodel|bathroom remodel|post-damage rebuild,local_commercial,,,900,hero|og|inline-1|inline-2,service|local-business|faq|breadcrumb-list,/services/general-contracting/|/service-areas/bronte-tx/|/service-areas/bronte-tx/fire-damage-restoration/|/service-areas/bronte-tx/mold-remediation/|/service-areas/abilene-tx/general-contracting/|/service-areas/anson-tx/general-contracting/|/contact/,5.60,planned
/service-areas/brownwood-tx/biohazard-cleanup/,service-area-service,"Biohazard Cleanup in Brownwood, TX | Air Care Restoration",Biohazard Cleanup in Brownwood,"24/7 biohazard cleanup in Brownwood, TX. IICRC-certified, insurance billing accepted. Call (325) 339-8723.",biohazard cleanup brownwood,biohazard remediation|blood cleanup|bodily fluid cleanup|sharps and needle cleanup|infectious material cleanup,local_sensitive,,,900,hero|og|inline-1|inline-2,service|local-business|faq|breadcrumb-list,/services/biohazard-cleanup/|/service-areas/brownwood-tx/|/service-areas/brownwood-tx/fire-damage-restoration/|/service-areas/brownwood-tx/mold-remediation/|/service-areas/abilene-tx/biohazard-cleanup/|/service-areas/anson-tx/biohazard-cleanup/|/contact/,5.60,planned
/service-areas/brownwood-tx/general-contracting/,service-area-service,"Renovations, Remodels and General Contracting in Brownwood, TX | Air Care Restoration","Renovations, Remodels and General Contracting in Brownwood","24/7 renovations, remodels and general contracting in Brownwood, TX. IICRC-certified, insurance billing accepted. Call (325) 339-8723.","renovations, remodels and general contracting brownwood",general contractor|home renovation services|home remodeling|kitchen remodel|bathroom remodel|post-damage rebuild,local_commercial,,,900,hero|og|inline-1|inline-2,service|local-business|faq|breadcrumb-list,/services/general-contracting/|/service-areas/brownwood-tx/|/service-areas/brownwood-tx/fire-damage-restoration/|/service-areas/brownwood-tx/mold-remediation/|/service-areas/abilene-tx/general-contracting/|/service-areas/anson-tx/general-contracting/|/contact/,5.60,planned
/service-areas/buffalo-gap-tx/biohazard-cleanup/,service-area-service,"Biohazard Cleanup in Buffalo Gap, TX | Air Care Restoration",Biohazard Cleanup in Buffalo Gap,"24/7 biohazard cleanup in Buffalo Gap, TX. IICRC-certified, insurance billing accepted. Call (325) 339-8723.",biohazard cleanup buffalo gap,biohazard remediation|blood cleanup|bodily fluid cleanup|sharps and needle cleanup|infectious material cleanup,local_sensitive,,,900,hero|og|inline-1|inline-2,service|local-business|faq|breadcrumb-list,/services/biohazard-cleanup/|/service-areas/buffalo-gap-tx/|/service-areas/buffalo-gap-tx/fire-damage-restoration/|/service-areas/buffalo-gap-tx/mold-remediation/|/service-areas/abilene-tx/biohazard-cleanup/|/service-areas/anson-tx/biohazard-cleanup/|/contact/,5.60,planned
/service-areas/buffalo-gap-tx/general-contracting/,service-area-service,"Renovations, Remodels and General Contracting in Buffalo Gap, TX | Air Care Restoration","Renovations, Remodels and General Contracting in Buffalo Gap","24/7 renovations, remodels and general contracting in Buffalo Gap, TX. IICRC-certified, insurance billing accepted. Call (325) 339-8723.","renovations, remodels and general contracting buffalo gap",general contractor|home renovation services|home remodeling|kitchen remodel|bathroom remodel|post-damage rebuild,local_commercial,,,900,hero|og|inline-1|inline-2,service|local-business|faq|breadcrumb-list,/services/general-contracting/|/service-areas/buffalo-gap-tx/|/service-areas/buffalo-gap-tx/fire-damage-restoration/|/service-areas/buffalo-gap-tx/mold-remediation/|/service-areas/abilene-tx/general-contracting/|/service-areas/anson-tx/general-contracting/|/contact/,5.60,planned
/service-areas/clyde-tx/biohazard-cleanup/,service-area-service,"Biohazard Cleanup in Clyde, TX | Air Care Restoration",Biohazard Cleanup in Clyde,"24/7 biohazard cleanup in Clyde, TX. IICRC-certified, insurance billing accepted. Call (325) 339-8723.",biohazard cleanup clyde,biohazard remediation|blood cleanup|bodily fluid cleanup|sharps and needle cleanup|infectious material cleanup,local_sensitive,,,900,hero|og|inline-1|inline-2,service|local-business|faq|breadcrumb-list,/services/biohazard-cleanup/|/service-areas/clyde-tx/|/service-areas/clyde-tx/fire-damage-restoration/|/service-areas/clyde-tx/mold-remediation/|/service-areas/abilene-tx/biohazard-cleanup/|/service-areas/anson-tx/biohazard-cleanup/|/contact/,5.60,planned
/service-areas/clyde-tx/general-contracting/,service-area-service,"Renovations, Remodels and General Contracting in Clyde, TX | Air Care Restoration","Renovations, Remodels and General Contracting in Clyde","24/7 renovations, remodels and general contracting in Clyde, TX. IICRC-certified, insurance billing accepted. Call (325) 339-8723.","renovations, remodels and general contracting clyde",general contractor|home renovation services|home remodeling|kitchen remodel|bathroom remodel|post-damage rebuild,local_commercial,,,900,hero|og|inline-1|inline-2,service|local-business|faq|breadcrumb-list,/services/general-contracting/|/service-areas/clyde-tx/|/service-areas/clyde-tx/fire-damage-restoration/|/service-areas/clyde-tx/mold-remediation/|/service-areas/abilene-tx/general-contracting/|/service-areas/anson-tx/general-contracting/|/contact/,5.60,planned
/service-areas/early-tx/biohazard-cleanup/,service-area-service,"Biohazard Cleanup in Early, TX | Air Care Restoration",Biohazard Cleanup in Early,"24/7 biohazard cleanup in Early, TX. IICRC-certified, insurance billing accepted. Call (325) 339-8723.",biohazard cleanup early,biohazard remediation|blood cleanup|bodily fluid cleanup|sharps and needle cleanup|infectious material cleanup,local_sensitive,,,900,hero|og|inline-1|inline-2,service|local-business|faq|breadcrumb-list,/services/biohazard-cleanup/|/service-areas/early-tx/|/service-areas/early-tx/fire-damage-restoration/|/service-areas/early-tx/mold-remediation/|/service-areas/abilene-tx/biohazard-cleanup/|/service-areas/anson-tx/biohazard-cleanup/|/contact/,5.60,planned
/service-areas/early-tx/general-contracting/,service-area-service,"Renovations, Remodels and General Contracting in Early, TX | Air Care Restoration","Renovations, Remodels and General Contracting in Early","24/7 renovations, remodels and general contracting in Early, TX. IICRC-certified, insurance billing accepted. Call (325) 339-8723.","renovations, remodels and general contracting early",general contractor|home renovation services|home remodeling|kitchen remodel|bathroom remodel|post-damage rebuild,local_commercial,,,900,hero|og|inline-1|inline-2,service|local-business|faq|breadcrumb-list,/services/general-contracting/|/service-areas/early-tx/|/service-areas/early-tx/fire-damage-restoration/|/service-areas/early-tx/mold-remediation/|/service-areas/abilene-tx/general-contracting/|/service-areas/anson-tx/general-contracting/|/contact/,5.60,planned
/service-areas/eden-tx/biohazard-cleanup/,service-area-service,"Biohazard Cleanup in Eden, TX | Air Care Restoration",Biohazard Cleanup in Eden,"24/7 biohazard cleanup in Eden, TX. IICRC-certified, insurance billing accepted. Call (325) 339-8723.",biohazard cleanup eden,biohazard remediation|blood cleanup|bodily fluid cleanup|sharps and needle cleanup|infectious material cleanup,local_sensitive,,,900,hero|og|inline-1|inline-2,service|local-business|faq|breadcrumb-list,/services/biohazard-cleanup/|/service-areas/eden-tx/|/service-areas/eden-tx/fire-damage-restoration/|/service-areas/eden-tx/mold-remediation/|/service-areas/abilene-tx/biohazard-cleanup/|/service-areas/anson-tx/biohazard-cleanup/|/contact/,5.60,planned
/service-areas/eden-tx/general-contracting/,service-area-service,"Renovations, Remodels and General Contracting in Eden, TX | Air Care Restoration","Renovations, Remodels and General Contracting in Eden","24/7 renovations, remodels and general contracting in Eden, TX. IICRC-certified, insurance billing accepted. Call (325) 339-8723.","renovations, remodels and general contracting eden",general contractor|home renovation services|home remodeling|kitchen remodel|bathroom remodel|post-damage rebuild,local_commercial,,,900,hero|og|inline-1|inline-2,service|local-business|faq|breadcrumb-list,/services/general-contracting/|/service-areas/eden-tx/|/service-areas/eden-tx/fire-damage-restoration/|/service-areas/eden-tx/mold-remediation/|/service-areas/abilene-tx/general-contracting/|/service-areas/anson-tx/general-contracting/|/contact/,5.60,planned
/service-areas/merkel-tx/biohazard-cleanup/,service-area-service,"Biohazard Cleanup in Merkel, TX | Air Care Restoration",Biohazard Cleanup in Merkel,"24/7 biohazard cleanup in Merkel, TX. IICRC-certified, insurance billing accepted. Call (325) 339-8723.",biohazard cleanup merkel,biohazard remediation|blood cleanup|bodily fluid cleanup|sharps and needle cleanup|infectious material cleanup,local_sensitive,,,900,hero|og|inline-1|inline-2,service|local-business|faq|breadcrumb-list,/services/biohazard-cleanup/|/service-areas/merkel-tx/|/service-areas/merkel-tx/fire-damage-restoration/|/service-areas/merkel-tx/mold-remediation/|/service-areas/abilene-tx/biohazard-cleanup/|/service-areas/anson-tx/biohazard-cleanup/|/contact/,5.60,planned
/service-areas/merkel-tx/general-contracting/,service-area-service,"Renovations, Remodels and General Contracting in Merkel, TX | Air Care Restoration","Renovations, Remodels and General Contracting in Merkel","24/7 renovations, remodels and general contracting in Merkel, TX. IICRC-certified, insurance billing accepted. Call (325) 339-8723.","renovations, remodels and general contracting merkel",general contractor|home renovation services|home remodeling|kitchen remodel|bathroom remodel|post-damage rebuild,local_commercial,,,900,hero|og|inline-1|inline-2,service|local-business|faq|breadcrumb-list,/services/general-contracting/|/service-areas/merkel-tx/|/service-areas/merkel-tx/fire-damage-restoration/|/service-areas/merkel-tx/mold-remediation/|/service-areas/abilene-tx/general-contracting/|/service-areas/anson-tx/general-contracting/|/contact/,5.60,planned
/service-areas/paint-rock-tx/biohazard-cleanup/,service-area-service,"Biohazard Cleanup in Paint Rock, TX | Air Care Restoration",Biohazard Cleanup in Paint Rock,"24/7 biohazard cleanup in Paint Rock, TX. IICRC-certified, insurance billing accepted. Call (325) 339-8723.",biohazard cleanup paint rock,biohazard remediation|blood cleanup|bodily fluid cleanup|sharps and needle cleanup|infectious material cleanup,local_sensitive,,,900,hero|og|inline-1|inline-2,service|local-business|faq|breadcrumb-list,/services/biohazard-cleanup/|/service-areas/paint-rock-tx/|/service-areas/paint-rock-tx/fire-damage-restoration/|/service-areas/paint-rock-tx/mold-remediation/|/service-areas/abilene-tx/biohazard-cleanup/|/service-areas/anson-tx/biohazard-cleanup/|/contact/,5.60,planned
/service-areas/paint-rock-tx/general-contracting/,service-area-service,"Renovations, Remodels and General Contracting in Paint Rock, TX | Air Care Restoration","Renovations, Remodels and General Contracting in Paint Rock","24/7 renovations, remodels and general contracting in Paint Rock, TX. IICRC-certified, insurance billing accepted. Call (325) 339-8723.","renovations, remodels and general contracting paint rock",general contractor|home renovation services|home remodeling|kitchen remodel|bathroom remodel|post-damage rebuild,local_commercial,,,900,hero|og|inline-1|inline-2,service|local-business|faq|breadcrumb-list,/services/general-contracting/|/service-areas/paint-rock-tx/|/service-areas/paint-rock-tx/fire-damage-restoration/|/service-areas/paint-rock-tx/mold-remediation/|/service-areas/abilene-tx/general-contracting/|/service-areas/anson-tx/general-contracting/|/contact/,5.60,planned
/service-areas/robert-lee-tx/biohazard-cleanup/,service-area-service,"Biohazard Cleanup in Robert Lee, TX | Air Care Restoration",Biohazard Cleanup in Robert Lee,"24/7 biohazard cleanup in Robert Lee, TX. IICRC-certified, insurance billing accepted. Call (325) 339-8723.",biohazard cleanup robert lee,biohazard remediation|blood cleanup|bodily fluid cleanup|sharps and needle cleanup|infectious material cleanup,local_sensitive,,,900,hero|og|inline-1|inline-2,service|local-business|faq|breadcrumb-list,/services/biohazard-cleanup/|/service-areas/robert-lee-tx/|/service-areas/robert-lee-tx/fire-damage-restoration/|/service-areas/robert-lee-tx/mold-remediation/|/service-areas/abilene-tx/biohazard-cleanup/|/service-areas/anson-tx/biohazard-cleanup/|/contact/,5.60,planned
/service-areas/robert-lee-tx/general-contracting/,service-area-service,"Renovations, Remodels and General Contracting in Robert Lee, TX | Air Care Restoration","Renovations, Remodels and General Contracting in Robert Lee","24/7 renovations, remodels and general contracting in Robert Lee, TX. IICRC-certified, insurance billing accepted. Call (325) 339-8723.","renovations, remodels and general contracting robert lee",general contractor|home renovation services|home remodeling|kitchen remodel|bathroom remodel|post-damage rebuild,local_commercial,,,900,hero|og|inline-1|inline-2,service|local-business|faq|breadcrumb-list,/services/general-contracting/|/service-areas/robert-lee-tx/|/service-areas/robert-lee-tx/fire-damage-restoration/|/service-areas/robert-lee-tx/mold-remediation/|/service-areas/abilene-tx/general-contracting/|/service-areas/anson-tx/general-contracting/|/contact/,5.60,planned
/service-areas/roby-tx/biohazard-cleanup/,service-area-service,"Biohazard Cleanup in Roby, TX | Air Care Restoration",Biohazard Cleanup in Roby,"24/7 biohazard cleanup in Roby, TX. IICRC-certified, insurance billing accepted. Call (325) 339-8723.",biohazard cleanup roby,biohazard remediation|blood cleanup|bodily fluid cleanup|sharps and needle cleanup|infectious material cleanup,local_sensitive,,,900,hero|og|inline-1|inline-2,service|local-business|faq|breadcrumb-list,/services/biohazard-cleanup/|/service-areas/roby-tx/|/service-areas/roby-tx/fire-damage-restoration/|/service-areas/roby-tx/mold-remediation/|/service-areas/abilene-tx/biohazard-cleanup/|/service-areas/anson-tx/biohazard-cleanup/|/contact/,5.60,planned
/service-areas/roby-tx/general-contracting/,service-area-service,"Renovations, Remodels and General Contracting in Roby, TX | Air Care Restoration","Renovations, Remodels and General Contracting in Roby","24/7 renovations, remodels and general contracting in Roby, TX. IICRC-certified, insurance billing accepted. Call (325) 339-8723.","renovations, remodels and general contracting roby",general contractor|home renovation services|home remodeling|kitchen remodel|bathroom remodel|post-damage rebuild,local_commercial,,,900,hero|og|inline-1|inline-2,service|local-business|faq|breadcrumb-list,/services/general-contracting/|/service-areas/roby-tx/|/service-areas/roby-tx/fire-damage-restoration/|/service-areas/roby-tx/mold-remediation/|/service-areas/abilene-tx/general-contracting/|/service-areas/anson-tx/general-contracting/|/contact/,5.60,planned
/service-areas/rotan-tx/biohazard-cleanup/,service-area-service,"Biohazard Cleanup in Rotan, TX | Air Care Restoration",Biohazard Cleanup in Rotan,"24/7 biohazard cleanup in Rotan, TX. IICRC-certified, insurance billing accepted. Call (325) 339-8723.",biohazard cleanup rotan,biohazard remediation|blood cleanup|bodily fluid cleanup|sharps and needle cleanup|infectious material cleanup,local_sensitive,,,900,hero|og|inline-1|inline-2,service|local-business|faq|breadcrumb-list,/services/biohazard-cleanup/|/service-areas/rotan-tx/|/service-areas/rotan-tx/fire-damage-restoration/|/service-areas/rotan-tx/mold-remediation/|/service-areas/abilene-tx/biohazard-cleanup/|/service-areas/anson-tx/biohazard-cleanup/|/contact/,5.60,planned
/service-areas/rotan-tx/general-contracting/,service-area-service,"Renovations, Remodels and General Contracting in Rotan, TX | Air Care Restoration","Renovations, Remodels and General Contracting in Rotan","24/7 renovations, remodels and general contracting in Rotan, TX. IICRC-certified, insurance billing accepted. Call (325) 339-8723.","renovations, remodels and general contracting rotan",general contractor|home renovation services|home remodeling|kitchen remodel|bathroom remodel|post-damage rebuild,local_commercial,,,900,hero|og|inline-1|inline-2,service|local-business|faq|breadcrumb-list,/services/general-contracting/|/service-areas/rotan-tx/|/service-areas/rotan-tx/fire-damage-restoration/|/service-areas/rotan-tx/mold-remediation/|/service-areas/abilene-tx/general-contracting/|/service-areas/anson-tx/general-contracting/|/contact/,5.60,planned
/service-areas/sweetwater-tx/biohazard-cleanup/,service-area-service,"Biohazard Cleanup in Sweetwater, TX | Air Care Restoration",Biohazard Cleanup in Sweetwater,"24/7 biohazard cleanup in Sweetwater, TX. IICRC-certified, insurance billing accepted. Call (325) 339-8723.",biohazard cleanup sweetwater,biohazard remediation|blood cleanup|bodily fluid cleanup|sharps and needle cleanup|infectious material cleanup,local_sensitive,,,900,hero|og|inline-1|inline-2,service|local-business|faq|breadcrumb-list,/services/biohazard-cleanup/|/service-areas/sweetwater-tx/|/service-areas/sweetwater-tx/fire-damage-restoration/|/service-areas/sweetwater-tx/mold-remediation/|/service-areas/abilene-tx/biohazard-cleanup/|/service-areas/anson-tx/biohazard-cleanup/|/contact/,5.60,planned
/service-areas/sweetwater-tx/general-contracting/,service-area-service,"Renovations, Remodels and General Contracting in Sweetwater, TX | Air Care Restoration","Renovations, Remodels and General Contracting in Sweetwater","24/7 renovations, remodels and general contracting in Sweetwater, TX. IICRC-certified, insurance billing accepted. Call (325) 339-8723.","renovations, remodels and general contracting sweetwater",general contractor|home renovation services|home remodeling|kitchen remodel|bathroom remodel|post-damage rebuild,local_commercial,,,900,hero|og|inline-1|inline-2,service|local-business|faq|breadcrumb-list,/services/general-contracting/|/service-areas/sweetwater-tx/|/service-areas/sweetwater-tx/fire-damage-restoration/|/service-areas/sweetwater-tx/mold-remediation/|/service-areas/abilene-tx/general-contracting/|/service-areas/anson-tx/general-contracting/|/contact/,5.60,planned
/service-areas/tuscola-tx/biohazard-cleanup/,service-area-service,"Biohazard Cleanup in Tuscola, TX | Air Care Restoration",Biohazard Cleanup in Tuscola,"24/7 biohazard cleanup in Tuscola, TX. IICRC-certified, insurance billing accepted. Call (325) 339-8723.",biohazard cleanup tuscola,biohazard remediation|blood cleanup|bodily fluid cleanup|sharps and needle cleanup|infectious material cleanup,local_sensitive,,,900,hero|og|inline-1|inline-2,service|local-business|faq|breadcrumb-list,/services/biohazard-cleanup/|/service-areas/tuscola-tx/|/service-areas/tuscola-tx/fire-damage-restoration/|/service-areas/tuscola-tx/mold-remediation/|/service-areas/abilene-tx/biohazard-cleanup/|/service-areas/anson-tx/biohazard-cleanup/|/contact/,5.60,planned
/service-areas/tuscola-tx/general-contracting/,service-area-service,"Renovations, Remodels and General Contracting in Tuscola, TX | Air Care Restoration","Renovations, Remodels and General Contracting in Tuscola","24/7 renovations, remodels and general contracting in Tuscola, TX. IICRC-certified, insurance billing accepted. Call (325) 339-8723.","renovations, remodels and general contracting tuscola",general contractor|home renovation services|home remodeling|kitchen remodel|bathroom remodel|post-damage rebuild,local_commercial,,,900,hero|og|inline-1|inline-2,service|local-business|faq|breadcrumb-list,/services/general-contracting/|/service-areas/tuscola-tx/|/service-areas/tuscola-tx/fire-damage-restoration/|/service-areas/tuscola-tx/mold-remediation/|/service-areas/abilene-tx/general-contracting/|/service-areas/anson-tx/general-contracting/|/contact/,5.60,planned
/service-areas/tye-tx/biohazard-cleanup/,service-area-service,"Biohazard Cleanup in Tye, TX | Air Care Restoration",Biohazard Cleanup in Tye,"24/7 biohazard cleanup in Tye, TX. IICRC-certified, insurance billing accepted. Call (325) 339-8723.",biohazard cleanup tye,biohazard remediation|blood cleanup|bodily fluid cleanup|sharps and needle cleanup|infectious material cleanup,local_sensitive,,,900,hero|og|inline-1|inline-2,service|local-business|faq|breadcrumb-list,/services/biohazard-cleanup/|/service-areas/tye-tx/|/service-areas/tye-tx/fire-damage-restoration/|/service-areas/tye-tx/mold-remediation/|/service-areas/abilene-tx/biohazard-cleanup/|/service-areas/anson-tx/biohazard-cleanup/|/contact/,5.60,planned
/service-areas/tye-tx/general-contracting/,service-area-service,"Renovations, Remodels and General Contracting in Tye, TX | Air Care Restoration","Renovations, Remodels and General Contracting in Tye","24/7 renovations, remodels and general contracting in Tye, TX. IICRC-certified, insurance billing accepted. Call (325) 339-8723.","renovations, remodels and general contracting tye",general contractor|home renovation services|home remodeling|kitchen remodel|bathroom remodel|post-damage rebuild,local_commercial,,,900,hero|og|inline-1|inline-2,service|local-business|faq|breadcrumb-list,/services/general-contracting/|/service-areas/tye-tx/|/service-areas/tye-tx/fire-damage-restoration/|/service-areas/tye-tx/mold-remediation/|/service-areas/abilene-tx/general-contracting/|/service-areas/anson-tx/general-contracting/|/contact/,5.60,planned
/blog/choosing-a-restoration-company/,blog-post,How To Choose a Restoration Company in  (Without Getting Burned),How To Choose a Restoration Company in  (Without Getting Burned),,how to choose a restoration company in  without getting burned,water damage restoration|fire damage restoration|mold remediation,commercial_decision,,,1400,hero|og|inline-1|inline-2,blog-posting|faq|breadcrumb-list,/blog/|/services/fire-damage-restoration/|/services/mold-remediation/|/services/water-damage-restoration/|/blog/burst-pipe-emergency-checklist/|/blog/what-to-do-first-24-hours-water-damage/|/blog/does-homeowners-insurance-cover-water-damage/,5.40,planned
/blog/does-homeowners-insurance-cover-water-damage/,blog-post,Does Homeowners Insurance Cover Water Damage? A Plain-English Guide,Does Homeowners Insurance Cover Water Damage? A Plain-English Guide,,does homeowners insurance cover water damage a plainenglish guide,water damage restoration,informational_insurance,,,1400,hero|og|inline-1|inline-2,blog-posting|faq|breadcrumb-list,/blog/|/services/water-damage-restoration/|/blog/burst-pipe-emergency-checklist/|/blog/what-to-do-first-24-hours-water-damage/|/blog/choosing-a-restoration-company/,5.40,planned
/blog/fire-damage-restoration-process/,blog-post,"The Fire Damage Restoration Process, Explained","The Fire Damage Restoration Process, Explained",,the fire damage restoration process explained,fire damage restoration|smoke damage restoration,informational_emergency,,,1400,hero|og|inline-1|inline-2,blog-posting|faq|breadcrumb-list,/blog/|/services/fire-damage-restoration/|/blog/choosing-a-restoration-company/,5.40,planned
/blog/how-to-test-for-mold/,blog-post,How To Test for Mold in Your Home (DIY Kits vs a Pro Inspection),How To Test for Mold in Your Home (DIY Kits vs a Pro Inspection),,how to test for mold in your home diy kits vs a pro inspection,mold remediation|mold inspection and testing,informational_health,,,1400,hero|og|inline-1|inline-2,blog-posting|faq|breadcrumb-list,/blog/|/services/mold-remediation/|/blog/choosing-a-restoration-company/|/blog/signs-of-hidden-mold/|/blog/black-mold-vs-regular-mold/,5.40,planned
/blog/signs-of-hidden-mold/,blog-post,7 Signs You Have Hidden Mold (and What To Do Next),7 Signs You Have Hidden Mold (and What To Do Next),,7 signs you have hidden mold and what to do next,mold remediation,informational_health,,,1400,hero|og|inline-1|inline-2,blog-posting|faq|breadcrumb-list,/blog/|/services/mold-remediation/|/blog/choosing-a-restoration-company/|/blog/how-to-test-for-mold/|/blog/black-mold-vs-regular-mold/,5.40,planned
/services/asbestos-abatement/,service-landing,Asbestos Abatement in Abilene | Air Care Restoration,Asbestos Abatement in Abilene,"24/7 asbestos abatement in Abilene and surrounding areas. IICRC-certified, insurance billing accepted. Call (325) 339-8723.",asbestos abatement abilene,asbestos removal|asbestos testing|asbestos remediation|popcorn ceiling asbestos removal|asbestos inspection,local_specialty,,,1100,hero|og|inline-1|inline-2,service|local-business|faq|breadcrumb-list,/services/|/contact/|/service-areas/abilene-tx/asbestos-abatement/|/service-areas/anson-tx/asbestos-abatement/|/service-areas/bronte-tx/asbestos-abatement/|/service-areas/brownwood-tx/asbestos-abatement/|/service-areas/buffalo-gap-tx/asbestos-abatement/|/service-areas/clyde-tx/asbestos-abatement/|/service-areas/early-tx/asbestos-abatement/|/service-areas/eden-tx/asbestos-abatement/|/service-areas/merkel-tx/asbestos-abatement/|/service-areas/paint-rock-tx/asbestos-abatement/|/service-areas/robert-lee-tx/asbestos-abatement/|/service-areas/roby-tx/asbestos-abatement/,5.40,planned
/,home,"Air Care Restoration | Restoration Services in Abilene, TX",24/7 Restoration Services in Abilene,"Air Care Restoration provides 24/7 water, fire, mold, and storm damage restoration across Abilene and surrounding areas. Licensed, insured, IICRC-certified. Call (325) 339-8723.",restoration services abilene,restoration company near me|24/7 damage restoration|emergency restoration,local_commercial,,,1200,hero|og|inline-1|inline-2|inline-3,organization|website|local-business|aggregate-rating,/services/|/service-areas/|/contact/|/about/|/services/fire-damage-restoration/|/services/mold-remediation/|/services/water-damage-restoration/|/services/sewage-cleanup/|/services/storm-damage-restoration/|/services/water-cleanup/|/services/biohazard-cleanup/|/services/general-contracting/|/services/emergency-board-up-tarping/|/services/asbestos-abatement/|/services/air-duct-cleaning/|/services/contents-restoration/|/services/post-construction-cleaning/|/service-areas/abilene-tx/|/service-areas/anson-tx/|/service-areas/bronte-tx/|/service-areas/brownwood-tx/|/service-areas/buffalo-gap-tx/|/service-areas/clyde-tx/|/service-areas/early-tx/|/service-areas/eden-tx/|/service-areas/merkel-tx/|/service-areas/paint-rock-tx/|/service-areas/robert-lee-tx/|/service-areas/roby-tx/|/service-areas/rotan-tx/|/service-areas/sweetwater-tx/|/service-areas/tuscola-tx/|/service-areas/tye-tx/,5.00,planned
/service-areas/abilene-tx/emergency-board-up-tarping/,service-area-service,"Emergency Board-Up and Tarping in Abilene, TX | Air Care Restoration",Emergency Board-Up and Tarping in Abilene,"24/7 emergency board-up and tarping in Abilene, TX. IICRC-certified, insurance billing accepted. Call (325) 339-8723.",emergency board-up and tarping abilene,emergency board up|roof tarping|emergency tarping service|fire damage board up|broken window board up,local_emergency,,,900,hero|og|inline-1|inline-2,service|local-business|faq|breadcrumb-list,/services/emergency-board-up-tarping/|/service-areas/abilene-tx/|/service-areas/abilene-tx/fire-damage-restoration/|/service-areas/abilene-tx/mold-remediation/|/service-areas/anson-tx/emergency-board-up-tarping/|/service-areas/bronte-tx/emergency-board-up-tarping/|/contact/,4.90,planned
/service-areas/anson-tx/emergency-board-up-tarping/,service-area-service,"Emergency Board-Up and Tarping in Anson, TX | Air Care Restoration",Emergency Board-Up and Tarping in Anson,"24/7 emergency board-up and tarping in Anson, TX. IICRC-certified, insurance billing accepted. Call (325) 339-8723.",emergency board-up and tarping anson,emergency board up|roof tarping|emergency tarping service|fire damage board up|broken window board up,local_emergency,,,900,hero|og|inline-1|inline-2,service|local-business|faq|breadcrumb-list,/services/emergency-board-up-tarping/|/service-areas/anson-tx/|/service-areas/anson-tx/fire-damage-restoration/|/service-areas/anson-tx/mold-remediation/|/service-areas/abilene-tx/emergency-board-up-tarping/|/service-areas/bronte-tx/emergency-board-up-tarping/|/contact/,4.90,planned
/service-areas/bronte-tx/emergency-board-up-tarping/,service-area-service,"Emergency Board-Up and Tarping in Bronte, TX | Air Care Restoration",Emergency Board-Up and Tarping in Bronte,"24/7 emergency board-up and tarping in Bronte, TX. IICRC-certified, insurance billing accepted. Call (325) 339-8723.",emergency board-up and tarping bronte,emergency board up|roof tarping|emergency tarping service|fire damage board up|broken window board up,local_emergency,,,900,hero|og|inline-1|inline-2,service|local-business|faq|breadcrumb-list,/services/emergency-board-up-tarping/|/service-areas/bronte-tx/|/service-areas/bronte-tx/fire-damage-restoration/|/service-areas/bronte-tx/mold-remediation/|/service-areas/abilene-tx/emergency-board-up-tarping/|/service-areas/anson-tx/emergency-board-up-tarping/|/contact/,4.90,planned
/service-areas/brownwood-tx/emergency-board-up-tarping/,service-area-service,"Emergency Board-Up and Tarping in Brownwood, TX | Air Care Restoration",Emergency Board-Up and Tarping in Brownwood,"24/7 emergency board-up and tarping in Brownwood, TX. IICRC-certified, insurance billing accepted. Call (325) 339-8723.",emergency board-up and tarping brownwood,emergency board up|roof tarping|emergency tarping service|fire damage board up|broken window board up,local_emergency,,,900,hero|og|inline-1|inline-2,service|local-business|faq|breadcrumb-list,/services/emergency-board-up-tarping/|/service-areas/brownwood-tx/|/service-areas/brownwood-tx/fire-damage-restoration/|/service-areas/brownwood-tx/mold-remediation/|/service-areas/abilene-tx/emergency-board-up-tarping/|/service-areas/anson-tx/emergency-board-up-tarping/|/contact/,4.90,planned
/service-areas/buffalo-gap-tx/emergency-board-up-tarping/,service-area-service,"Emergency Board-Up and Tarping in Buffalo Gap, TX | Air Care Restoration",Emergency Board-Up and Tarping in Buffalo Gap,"24/7 emergency board-up and tarping in Buffalo Gap, TX. IICRC-certified, insurance billing accepted. Call (325) 339-8723.",emergency board-up and tarping buffalo gap,emergency board up|roof tarping|emergency tarping service|fire damage board up|broken window board up,local_emergency,,,900,hero|og|inline-1|inline-2,service|local-business|faq|breadcrumb-list,/services/emergency-board-up-tarping/|/service-areas/buffalo-gap-tx/|/service-areas/buffalo-gap-tx/fire-damage-restoration/|/service-areas/buffalo-gap-tx/mold-remediation/|/service-areas/abilene-tx/emergency-board-up-tarping/|/service-areas/anson-tx/emergency-board-up-tarping/|/contact/,4.90,planned
/service-areas/clyde-tx/emergency-board-up-tarping/,service-area-service,"Emergency Board-Up and Tarping in Clyde, TX | Air Care Restoration",Emergency Board-Up and Tarping in Clyde,"24/7 emergency board-up and tarping in Clyde, TX. IICRC-certified, insurance billing accepted. Call (325) 339-8723.",emergency board-up and tarping clyde,emergency board up|roof tarping|emergency tarping service|fire damage board up|broken window board up,local_emergency,,,900,hero|og|inline-1|inline-2,service|local-business|faq|breadcrumb-list,/services/emergency-board-up-tarping/|/service-areas/clyde-tx/|/service-areas/clyde-tx/fire-damage-restoration/|/service-areas/clyde-tx/mold-remediation/|/service-areas/abilene-tx/emergency-board-up-tarping/|/service-areas/anson-tx/emergency-board-up-tarping/|/contact/,4.90,planned
/service-areas/early-tx/emergency-board-up-tarping/,service-area-service,"Emergency Board-Up and Tarping in Early, TX | Air Care Restoration",Emergency Board-Up and Tarping in Early,"24/7 emergency board-up and tarping in Early, TX. IICRC-certified, insurance billing accepted. Call (325) 339-8723.",emergency board-up and tarping early,emergency board up|roof tarping|emergency tarping service|fire damage board up|broken window board up,local_emergency,,,900,hero|og|inline-1|inline-2,service|local-business|faq|breadcrumb-list,/services/emergency-board-up-tarping/|/service-areas/early-tx/|/service-areas/early-tx/fire-damage-restoration/|/service-areas/early-tx/mold-remediation/|/service-areas/abilene-tx/emergency-board-up-tarping/|/service-areas/anson-tx/emergency-board-up-tarping/|/contact/,4.90,planned
/service-areas/eden-tx/emergency-board-up-tarping/,service-area-service,"Emergency Board-Up and Tarping in Eden, TX | Air Care Restoration",Emergency Board-Up and Tarping in Eden,"24/7 emergency board-up and tarping in Eden, TX. IICRC-certified, insurance billing accepted. Call (325) 339-8723.",emergency board-up and tarping eden,emergency board up|roof tarping|emergency tarping service|fire damage board up|broken window board up,local_emergency,,,900,hero|og|inline-1|inline-2,service|local-business|faq|breadcrumb-list,/services/emergency-board-up-tarping/|/service-areas/eden-tx/|/service-areas/eden-tx/fire-damage-restoration/|/service-areas/eden-tx/mold-remediation/|/service-areas/abilene-tx/emergency-board-up-tarping/|/service-areas/anson-tx/emergency-board-up-tarping/|/contact/,4.90,planned
/service-areas/merkel-tx/emergency-board-up-tarping/,service-area-service,"Emergency Board-Up and Tarping in Merkel, TX | Air Care Restoration",Emergency Board-Up and Tarping in Merkel,"24/7 emergency board-up and tarping in Merkel, TX. IICRC-certified, insurance billing accepted. Call (325) 339-8723.",emergency board-up and tarping merkel,emergency board up|roof tarping|emergency tarping service|fire damage board up|broken window board up,local_emergency,,,900,hero|og|inline-1|inline-2,service|local-business|faq|breadcrumb-list,/services/emergency-board-up-tarping/|/service-areas/merkel-tx/|/service-areas/merkel-tx/fire-damage-restoration/|/service-areas/merkel-tx/mold-remediation/|/service-areas/abilene-tx/emergency-board-up-tarping/|/service-areas/anson-tx/emergency-board-up-tarping/|/contact/,4.90,planned
/service-areas/paint-rock-tx/emergency-board-up-tarping/,service-area-service,"Emergency Board-Up and Tarping in Paint Rock, TX | Air Care Restoration",Emergency Board-Up and Tarping in Paint Rock,"24/7 emergency board-up and tarping in Paint Rock, TX. IICRC-certified, insurance billing accepted. Call (325) 339-8723.",emergency board-up and tarping paint rock,emergency board up|roof tarping|emergency tarping service|fire damage board up|broken window board up,local_emergency,,,900,hero|og|inline-1|inline-2,service|local-business|faq|breadcrumb-list,/services/emergency-board-up-tarping/|/service-areas/paint-rock-tx/|/service-areas/paint-rock-tx/fire-damage-restoration/|/service-areas/paint-rock-tx/mold-remediation/|/service-areas/abilene-tx/emergency-board-up-tarping/|/service-areas/anson-tx/emergency-board-up-tarping/|/contact/,4.90,planned
/service-areas/robert-lee-tx/emergency-board-up-tarping/,service-area-service,"Emergency Board-Up and Tarping in Robert Lee, TX | Air Care Restoration",Emergency Board-Up and Tarping in Robert Lee,"24/7 emergency board-up and tarping in Robert Lee, TX. IICRC-certified, insurance billing accepted. Call (325) 339-8723.",emergency board-up and tarping robert lee,emergency board up|roof tarping|emergency tarping service|fire damage board up|broken window board up,local_emergency,,,900,hero|og|inline-1|inline-2,service|local-business|faq|breadcrumb-list,/services/emergency-board-up-tarping/|/service-areas/robert-lee-tx/|/service-areas/robert-lee-tx/fire-damage-restoration/|/service-areas/robert-lee-tx/mold-remediation/|/service-areas/abilene-tx/emergency-board-up-tarping/|/service-areas/anson-tx/emergency-board-up-tarping/|/contact/,4.90,planned
/service-areas/roby-tx/emergency-board-up-tarping/,service-area-service,"Emergency Board-Up and Tarping in Roby, TX | Air Care Restoration",Emergency Board-Up and Tarping in Roby,"24/7 emergency board-up and tarping in Roby, TX. IICRC-certified, insurance billing accepted. Call (325) 339-8723.",emergency board-up and tarping roby,emergency board up|roof tarping|emergency tarping service|fire damage board up|broken window board up,local_emergency,,,900,hero|og|inline-1|inline-2,service|local-business|faq|breadcrumb-list,/services/emergency-board-up-tarping/|/service-areas/roby-tx/|/service-areas/roby-tx/fire-damage-restoration/|/service-areas/roby-tx/mold-remediation/|/service-areas/abilene-tx/emergency-board-up-tarping/|/service-areas/anson-tx/emergency-board-up-tarping/|/contact/,4.90,planned
/service-areas/rotan-tx/emergency-board-up-tarping/,service-area-service,"Emergency Board-Up and Tarping in Rotan, TX | Air Care Restoration",Emergency Board-Up and Tarping in Rotan,"24/7 emergency board-up and tarping in Rotan, TX. IICRC-certified, insurance billing accepted. Call (325) 339-8723.",emergency board-up and tarping rotan,emergency board up|roof tarping|emergency tarping service|fire damage board up|broken window board up,local_emergency,,,900,hero|og|inline-1|inline-2,service|local-business|faq|breadcrumb-list,/services/emergency-board-up-tarping/|/service-areas/rotan-tx/|/service-areas/rotan-tx/fire-damage-restoration/|/service-areas/rotan-tx/mold-remediation/|/service-areas/abilene-tx/emergency-board-up-tarping/|/service-areas/anson-tx/emergency-board-up-tarping/|/contact/,4.90,planned
/service-areas/sweetwater-tx/emergency-board-up-tarping/,service-area-service,"Emergency Board-Up and Tarping in Sweetwater, TX | Air Care Restoration",Emergency Board-Up and Tarping in Sweetwater,"24/7 emergency board-up and tarping in Sweetwater, TX. IICRC-certified, insurance billing accepted. Call (325) 339-8723.",emergency board-up and tarping sweetwater,emergency board up|roof tarping|emergency tarping service|fire damage board up|broken window board up,local_emergency,,,900,hero|og|inline-1|inline-2,service|local-business|faq|breadcrumb-list,/services/emergency-board-up-tarping/|/service-areas/sweetwater-tx/|/service-areas/sweetwater-tx/fire-damage-restoration/|/service-areas/sweetwater-tx/mold-remediation/|/service-areas/abilene-tx/emergency-board-up-tarping/|/service-areas/anson-tx/emergency-board-up-tarping/|/contact/,4.90,planned
/service-areas/tuscola-tx/emergency-board-up-tarping/,service-area-service,"Emergency Board-Up and Tarping in Tuscola, TX | Air Care Restoration",Emergency Board-Up and Tarping in Tuscola,"24/7 emergency board-up and tarping in Tuscola, TX. IICRC-certified, insurance billing accepted. Call (325) 339-8723.",emergency board-up and tarping tuscola,emergency board up|roof tarping|emergency tarping service|fire damage board up|broken window board up,local_emergency,,,900,hero|og|inline-1|inline-2,service|local-business|faq|breadcrumb-list,/services/emergency-board-up-tarping/|/service-areas/tuscola-tx/|/service-areas/tuscola-tx/fire-damage-restoration/|/service-areas/tuscola-tx/mold-remediation/|/service-areas/abilene-tx/emergency-board-up-tarping/|/service-areas/anson-tx/emergency-board-up-tarping/|/contact/,4.90,planned
/service-areas/tye-tx/emergency-board-up-tarping/,service-area-service,"Emergency Board-Up and Tarping in Tye, TX | Air Care Restoration",Emergency Board-Up and Tarping in Tye,"24/7 emergency board-up and tarping in Tye, TX. IICRC-certified, insurance billing accepted. Call (325) 339-8723.",emergency board-up and tarping tye,emergency board up|roof tarping|emergency tarping service|fire damage board up|broken window board up,local_emergency,,,900,hero|og|inline-1|inline-2,service|local-business|faq|breadcrumb-list,/services/emergency-board-up-tarping/|/service-areas/tye-tx/|/service-areas/tye-tx/fire-damage-restoration/|/service-areas/tye-tx/mold-remediation/|/service-areas/abilene-tx/emergency-board-up-tarping/|/service-areas/anson-tx/emergency-board-up-tarping/|/contact/,4.90,planned
/blog/black-mold-vs-regular-mold/,blog-post,Black Mold vs Regular Mold: How To Tell the Difference,Black Mold vs Regular Mold: How To Tell the Difference,,black mold vs regular mold how to tell the difference,mold remediation,informational_health,,,1400,hero|og|inline-1|inline-2,blog-posting|faq|breadcrumb-list,/blog/|/services/mold-remediation/|/blog/choosing-a-restoration-company/|/blog/how-to-test-for-mold/|/blog/signs-of-hidden-mold/,4.80,planned
/service-areas/anson-tx/,service-area,"Restoration Services in Anson, TX | Air Care Restoration",Restoration Services in Anson,"Serving Anson, TX with 24/7 water, fire, mold, and storm damage restoration. IICRC-certified team. Call (325) 339-8723.",restoration services anson,anson restoration company|damage restoration anson|anson disaster restoration,local_commercial,,,900,hero|og|inline-1,local-business|service|breadcrumb-list,/service-areas/|/contact/|/service-areas/anson-tx/fire-damage-restoration/|/service-areas/anson-tx/mold-remediation/|/service-areas/anson-tx/water-damage-restoration/|/service-areas/anson-tx/sewage-cleanup/|/service-areas/anson-tx/storm-damage-restoration/|/service-areas/anson-tx/water-cleanup/|/service-areas/anson-tx/biohazard-cleanup/|/service-areas/anson-tx/general-contracting/|/service-areas/anson-tx/emergency-board-up-tarping/|/service-areas/anson-tx/asbestos-abatement/|/service-areas/anson-tx/air-duct-cleaning/|/service-areas/anson-tx/contents-restoration/|/service-areas/anson-tx/post-construction-cleaning/|/service-areas/abilene-tx/|/service-areas/bronte-tx/|/service-areas/brownwood-tx/,4.80,planned
/service-areas/bronte-tx/,service-area,"Restoration Services in Bronte, TX | Air Care Restoration",Restoration Services in Bronte,"Serving Bronte, TX with 24/7 water, fire, mold, and storm damage restoration. IICRC-certified team. Call (325) 339-8723.",restoration services bronte,bronte restoration company|damage restoration bronte|bronte disaster restoration,local_commercial,,,900,hero|og|inline-1,local-business|service|breadcrumb-list,/service-areas/|/contact/|/service-areas/bronte-tx/fire-damage-restoration/|/service-areas/bronte-tx/mold-remediation/|/service-areas/bronte-tx/water-damage-restoration/|/service-areas/bronte-tx/sewage-cleanup/|/service-areas/bronte-tx/storm-damage-restoration/|/service-areas/bronte-tx/water-cleanup/|/service-areas/bronte-tx/biohazard-cleanup/|/service-areas/bronte-tx/general-contracting/|/service-areas/bronte-tx/emergency-board-up-tarping/|/service-areas/bronte-tx/asbestos-abatement/|/service-areas/bronte-tx/air-duct-cleaning/|/service-areas/bronte-tx/contents-restoration/|/service-areas/bronte-tx/post-construction-cleaning/|/service-areas/abilene-tx/|/service-areas/anson-tx/|/service-areas/brownwood-tx/,4.80,planned
/service-areas/brownwood-tx/,service-area,"Restoration Services in Brownwood, TX | Air Care Restoration",Restoration Services in Brownwood,"Serving Brownwood, TX with 24/7 water, fire, mold, and storm damage restoration. IICRC-certified team. Call (325) 339-8723.",restoration services brownwood,brownwood restoration company|damage restoration brownwood|brownwood disaster restoration,local_commercial,,,900,hero|og|inline-1,local-business|service|breadcrumb-list,/service-areas/|/contact/|/service-areas/brownwood-tx/fire-damage-restoration/|/service-areas/brownwood-tx/mold-remediation/|/service-areas/brownwood-tx/water-damage-restoration/|/service-areas/brownwood-tx/sewage-cleanup/|/service-areas/brownwood-tx/storm-damage-restoration/|/service-areas/brownwood-tx/water-cleanup/|/service-areas/brownwood-tx/biohazard-cleanup/|/service-areas/brownwood-tx/general-contracting/|/service-areas/brownwood-tx/emergency-board-up-tarping/|/service-areas/brownwood-tx/asbestos-abatement/|/service-areas/brownwood-tx/air-duct-cleaning/|/service-areas/brownwood-tx/contents-restoration/|/service-areas/brownwood-tx/post-construction-cleaning/|/service-areas/abilene-tx/|/service-areas/anson-tx/|/service-areas/bronte-tx/,4.80,planned
/service-areas/buffalo-gap-tx/,service-area,"Restoration Services in Buffalo Gap, TX | Air Care Restoration",Restoration Services in Buffalo Gap,"Serving Buffalo Gap, TX with 24/7 water, fire, mold, and storm damage restoration. IICRC-certified team. Call (325) 339-8723.",restoration services buffalo gap,buffalo gap restoration company|damage restoration buffalo gap|buffalo gap disaster restoration,local_commercial,,,900,hero|og|inline-1,local-business|service|breadcrumb-list,/service-areas/|/contact/|/service-areas/buffalo-gap-tx/fire-damage-restoration/|/service-areas/buffalo-gap-tx/mold-remediation/|/service-areas/buffalo-gap-tx/water-damage-restoration/|/service-areas/buffalo-gap-tx/sewage-cleanup/|/service-areas/buffalo-gap-tx/storm-damage-restoration/|/service-areas/buffalo-gap-tx/water-cleanup/|/service-areas/buffalo-gap-tx/biohazard-cleanup/|/service-areas/buffalo-gap-tx/general-contracting/|/service-areas/buffalo-gap-tx/emergency-board-up-tarping/|/service-areas/buffalo-gap-tx/asbestos-abatement/|/service-areas/buffalo-gap-tx/air-duct-cleaning/|/service-areas/buffalo-gap-tx/contents-restoration/|/service-areas/buffalo-gap-tx/post-construction-cleaning/|/service-areas/abilene-tx/|/service-areas/anson-tx/|/service-areas/bronte-tx/,4.80,planned
/service-areas/clyde-tx/,service-area,"Restoration Services in Clyde, TX | Air Care Restoration",Restoration Services in Clyde,"Serving Clyde, TX with 24/7 water, fire, mold, and storm damage restoration. IICRC-certified team. Call (325) 339-8723.",restoration services clyde,clyde restoration company|damage restoration clyde|clyde disaster restoration,local_commercial,,,900,hero|og|inline-1,local-business|service|breadcrumb-list,/service-areas/|/contact/|/service-areas/clyde-tx/fire-damage-restoration/|/service-areas/clyde-tx/mold-remediation/|/service-areas/clyde-tx/water-damage-restoration/|/service-areas/clyde-tx/sewage-cleanup/|/service-areas/clyde-tx/storm-damage-restoration/|/service-areas/clyde-tx/water-cleanup/|/service-areas/clyde-tx/biohazard-cleanup/|/service-areas/clyde-tx/general-contracting/|/service-areas/clyde-tx/emergency-board-up-tarping/|/service-areas/clyde-tx/asbestos-abatement/|/service-areas/clyde-tx/air-duct-cleaning/|/service-areas/clyde-tx/contents-restoration/|/service-areas/clyde-tx/post-construction-cleaning/|/service-areas/abilene-tx/|/service-areas/anson-tx/|/service-areas/bronte-tx/,4.80,planned
/service-areas/early-tx/,service-area,"Restoration Services in Early, TX | Air Care Restoration",Restoration Services in Early,"Serving Early, TX with 24/7 water, fire, mold, and storm damage restoration. IICRC-certified team. Call (325) 339-8723.",restoration services early,early restoration company|damage restoration early|early disaster restoration,local_commercial,,,900,hero|og|inline-1,local-business|service|breadcrumb-list,/service-areas/|/contact/|/service-areas/early-tx/fire-damage-restoration/|/service-areas/early-tx/mold-remediation/|/service-areas/early-tx/water-damage-restoration/|/service-areas/early-tx/sewage-cleanup/|/service-areas/early-tx/storm-damage-restoration/|/service-areas/early-tx/water-cleanup/|/service-areas/early-tx/biohazard-cleanup/|/service-areas/early-tx/general-contracting/|/service-areas/early-tx/emergency-board-up-tarping/|/service-areas/early-tx/asbestos-abatement/|/service-areas/early-tx/air-duct-cleaning/|/service-areas/early-tx/contents-restoration/|/service-areas/early-tx/post-construction-cleaning/|/service-areas/abilene-tx/|/service-areas/anson-tx/|/service-areas/bronte-tx/,4.80,planned
/service-areas/eden-tx/,service-area,"Restoration Services in Eden, TX | Air Care Restoration",Restoration Services in Eden,"Serving Eden, TX with 24/7 water, fire, mold, and storm damage restoration. IICRC-certified team. Call (325) 339-8723.",restoration services eden,eden restoration company|damage restoration eden|eden disaster restoration,local_commercial,,,900,hero|og|inline-1,local-business|service|breadcrumb-list,/service-areas/|/contact/|/service-areas/eden-tx/fire-damage-restoration/|/service-areas/eden-tx/mold-remediation/|/service-areas/eden-tx/water-damage-restoration/|/service-areas/eden-tx/sewage-cleanup/|/service-areas/eden-tx/storm-damage-restoration/|/service-areas/eden-tx/water-cleanup/|/service-areas/eden-tx/biohazard-cleanup/|/service-areas/eden-tx/general-contracting/|/service-areas/eden-tx/emergency-board-up-tarping/|/service-areas/eden-tx/asbestos-abatement/|/service-areas/eden-tx/air-duct-cleaning/|/service-areas/eden-tx/contents-restoration/|/service-areas/eden-tx/post-construction-cleaning/|/service-areas/abilene-tx/|/service-areas/anson-tx/|/service-areas/bronte-tx/,4.80,planned
/service-areas/merkel-tx/,service-area,"Restoration Services in Merkel, TX | Air Care Restoration",Restoration Services in Merkel,"Serving Merkel, TX with 24/7 water, fire, mold, and storm damage restoration. IICRC-certified team. Call (325) 339-8723.",restoration services merkel,merkel restoration company|damage restoration merkel|merkel disaster restoration,local_commercial,,,900,hero|og|inline-1,local-business|service|breadcrumb-list,/service-areas/|/contact/|/service-areas/merkel-tx/fire-damage-restoration/|/service-areas/merkel-tx/mold-remediation/|/service-areas/merkel-tx/water-damage-restoration/|/service-areas/merkel-tx/sewage-cleanup/|/service-areas/merkel-tx/storm-damage-restoration/|/service-areas/merkel-tx/water-cleanup/|/service-areas/merkel-tx/biohazard-cleanup/|/service-areas/merkel-tx/general-contracting/|/service-areas/merkel-tx/emergency-board-up-tarping/|/service-areas/merkel-tx/asbestos-abatement/|/service-areas/merkel-tx/air-duct-cleaning/|/service-areas/merkel-tx/contents-restoration/|/service-areas/merkel-tx/post-construction-cleaning/|/service-areas/abilene-tx/|/service-areas/anson-tx/|/service-areas/bronte-tx/,4.80,planned
/service-areas/paint-rock-tx/,service-area,"Restoration Services in Paint Rock, TX | Air Care Restoration",Restoration Services in Paint Rock,"Serving Paint Rock, TX with 24/7 water, fire, mold, and storm damage restoration. IICRC-certified team. Call (325) 339-8723.",restoration services paint rock,paint rock restoration company|damage restoration paint rock|paint rock disaster restoration,local_commercial,,,900,hero|og|inline-1,local-business|service|breadcrumb-list,/service-areas/|/contact/|/service-areas/paint-rock-tx/fire-damage-restoration/|/service-areas/paint-rock-tx/mold-remediation/|/service-areas/paint-rock-tx/water-damage-restoration/|/service-areas/paint-rock-tx/sewage-cleanup/|/service-areas/paint-rock-tx/storm-damage-restoration/|/service-areas/paint-rock-tx/water-cleanup/|/service-areas/paint-rock-tx/biohazard-cleanup/|/service-areas/paint-rock-tx/general-contracting/|/service-areas/paint-rock-tx/emergency-board-up-tarping/|/service-areas/paint-rock-tx/asbestos-abatement/|/service-areas/paint-rock-tx/air-duct-cleaning/|/service-areas/paint-rock-tx/contents-restoration/|/service-areas/paint-rock-tx/post-construction-cleaning/|/service-areas/abilene-tx/|/service-areas/anson-tx/|/service-areas/bronte-tx/,4.80,planned
/service-areas/robert-lee-tx/,service-area,"Restoration Services in Robert Lee, TX | Air Care Restoration",Restoration Services in Robert Lee,"Serving Robert Lee, TX with 24/7 water, fire, mold, and storm damage restoration. IICRC-certified team. Call (325) 339-8723.",restoration services robert lee,robert lee restoration company|damage restoration robert lee|robert lee disaster restoration,local_commercial,,,900,hero|og|inline-1,local-business|service|breadcrumb-list,/service-areas/|/contact/|/service-areas/robert-lee-tx/fire-damage-restoration/|/service-areas/robert-lee-tx/mold-remediation/|/service-areas/robert-lee-tx/water-damage-restoration/|/service-areas/robert-lee-tx/sewage-cleanup/|/service-areas/robert-lee-tx/storm-damage-restoration/|/service-areas/robert-lee-tx/water-cleanup/|/service-areas/robert-lee-tx/biohazard-cleanup/|/service-areas/robert-lee-tx/general-contracting/|/service-areas/robert-lee-tx/emergency-board-up-tarping/|/service-areas/robert-lee-tx/asbestos-abatement/|/service-areas/robert-lee-tx/air-duct-cleaning/|/service-areas/robert-lee-tx/contents-restoration/|/service-areas/robert-lee-tx/post-construction-cleaning/|/service-areas/abilene-tx/|/service-areas/anson-tx/|/service-areas/bronte-tx/,4.80,planned
/service-areas/roby-tx/,service-area,"Restoration Services in Roby, TX | Air Care Restoration",Restoration Services in Roby,"Serving Roby, TX with 24/7 water, fire, mold, and storm damage restoration. IICRC-certified team. Call (325) 339-8723.",restoration services roby,roby restoration company|damage restoration roby|roby disaster restoration,local_commercial,,,900,hero|og|inline-1,local-business|service|breadcrumb-list,/service-areas/|/contact/|/service-areas/roby-tx/fire-damage-restoration/|/service-areas/roby-tx/mold-remediation/|/service-areas/roby-tx/water-damage-restoration/|/service-areas/roby-tx/sewage-cleanup/|/service-areas/roby-tx/storm-damage-restoration/|/service-areas/roby-tx/water-cleanup/|/service-areas/roby-tx/biohazard-cleanup/|/service-areas/roby-tx/general-contracting/|/service-areas/roby-tx/emergency-board-up-tarping/|/service-areas/roby-tx/asbestos-abatement/|/service-areas/roby-tx/air-duct-cleaning/|/service-areas/roby-tx/contents-restoration/|/service-areas/roby-tx/post-construction-cleaning/|/service-areas/abilene-tx/|/service-areas/anson-tx/|/service-areas/bronte-tx/,4.80,planned
/service-areas/rotan-tx/,service-area,"Restoration Services in Rotan, TX | Air Care Restoration",Restoration Services in Rotan,"Serving Rotan, TX with 24/7 water, fire, mold, and storm damage restoration. IICRC-certified team. Call (325) 339-8723.",restoration services rotan,rotan restoration company|damage restoration rotan|rotan disaster restoration,local_commercial,,,900,hero|og|inline-1,local-business|service|breadcrumb-list,/service-areas/|/contact/|/service-areas/rotan-tx/fire-damage-restoration/|/service-areas/rotan-tx/mold-remediation/|/service-areas/rotan-tx/water-damage-restoration/|/service-areas/rotan-tx/sewage-cleanup/|/service-areas/rotan-tx/storm-damage-restoration/|/service-areas/rotan-tx/water-cleanup/|/service-areas/rotan-tx/biohazard-cleanup/|/service-areas/rotan-tx/general-contracting/|/service-areas/rotan-tx/emergency-board-up-tarping/|/service-areas/rotan-tx/asbestos-abatement/|/service-areas/rotan-tx/air-duct-cleaning/|/service-areas/rotan-tx/contents-restoration/|/service-areas/rotan-tx/post-construction-cleaning/|/service-areas/abilene-tx/|/service-areas/anson-tx/|/service-areas/bronte-tx/,4.80,planned
/service-areas/sweetwater-tx/,service-area,"Restoration Services in Sweetwater, TX | Air Care Restoration",Restoration Services in Sweetwater,"Serving Sweetwater, TX with 24/7 water, fire, mold, and storm damage restoration. IICRC-certified team. Call (325) 339-8723.",restoration services sweetwater,sweetwater restoration company|damage restoration sweetwater|sweetwater disaster restoration,local_commercial,,,900,hero|og|inline-1,local-business|service|breadcrumb-list,/service-areas/|/contact/|/service-areas/sweetwater-tx/fire-damage-restoration/|/service-areas/sweetwater-tx/mold-remediation/|/service-areas/sweetwater-tx/water-damage-restoration/|/service-areas/sweetwater-tx/sewage-cleanup/|/service-areas/sweetwater-tx/storm-damage-restoration/|/service-areas/sweetwater-tx/water-cleanup/|/service-areas/sweetwater-tx/biohazard-cleanup/|/service-areas/sweetwater-tx/general-contracting/|/service-areas/sweetwater-tx/emergency-board-up-tarping/|/service-areas/sweetwater-tx/asbestos-abatement/|/service-areas/sweetwater-tx/air-duct-cleaning/|/service-areas/sweetwater-tx/contents-restoration/|/service-areas/sweetwater-tx/post-construction-cleaning/|/service-areas/abilene-tx/|/service-areas/anson-tx/|/service-areas/bronte-tx/,4.80,planned
/service-areas/tuscola-tx/,service-area,"Restoration Services in Tuscola, TX | Air Care Restoration",Restoration Services in Tuscola,"Serving Tuscola, TX with 24/7 water, fire, mold, and storm damage restoration. IICRC-certified team. Call (325) 339-8723.",restoration services tuscola,tuscola restoration company|damage restoration tuscola|tuscola disaster restoration,local_commercial,,,900,hero|og|inline-1,local-business|service|breadcrumb-list,/service-areas/|/contact/|/service-areas/tuscola-tx/fire-damage-restoration/|/service-areas/tuscola-tx/mold-remediation/|/service-areas/tuscola-tx/water-damage-restoration/|/service-areas/tuscola-tx/sewage-cleanup/|/service-areas/tuscola-tx/storm-damage-restoration/|/service-areas/tuscola-tx/water-cleanup/|/service-areas/tuscola-tx/biohazard-cleanup/|/service-areas/tuscola-tx/general-contracting/|/service-areas/tuscola-tx/emergency-board-up-tarping/|/service-areas/tuscola-tx/asbestos-abatement/|/service-areas/tuscola-tx/air-duct-cleaning/|/service-areas/tuscola-tx/contents-restoration/|/service-areas/tuscola-tx/post-construction-cleaning/|/service-areas/abilene-tx/|/service-areas/anson-tx/|/service-areas/bronte-tx/,4.80,planned
/service-areas/tye-tx/,service-area,"Restoration Services in Tye, TX | Air Care Restoration",Restoration Services in Tye,"Serving Tye, TX with 24/7 water, fire, mold, and storm damage restoration. IICRC-certified team. Call (325) 339-8723.",restoration services tye,tye restoration company|damage restoration tye|tye disaster restoration,local_commercial,,,900,hero|og|inline-1,local-business|service|breadcrumb-list,/service-areas/|/contact/|/service-areas/tye-tx/fire-damage-restoration/|/service-areas/tye-tx/mold-remediation/|/service-areas/tye-tx/water-damage-restoration/|/service-areas/tye-tx/sewage-cleanup/|/service-areas/tye-tx/storm-damage-restoration/|/service-areas/tye-tx/water-cleanup/|/service-areas/tye-tx/biohazard-cleanup/|/service-areas/tye-tx/general-contracting/|/service-areas/tye-tx/emergency-board-up-tarping/|/service-areas/tye-tx/asbestos-abatement/|/service-areas/tye-tx/air-duct-cleaning/|/service-areas/tye-tx/contents-restoration/|/service-areas/tye-tx/post-construction-cleaning/|/service-areas/abilene-tx/|/service-areas/anson-tx/|/service-areas/bronte-tx/,4.80,planned
/services/air-duct-cleaning/,service-landing,Air Duct Cleaning in Abilene | Air Care Restoration,Air Duct Cleaning in Abilene,"24/7 air duct cleaning in Abilene and surrounding areas. IICRC-certified, insurance billing accepted. Call (325) 339-8723.",air duct cleaning abilene,duct cleaning|HVAC duct cleaning|air duct sanitization|dryer vent cleaning|residential duct cleaning,local_specialty,,,1100,hero|og|inline-1|inline-2,service|local-business|faq|breadcrumb-list,/services/|/contact/|/service-areas/abilene-tx/air-duct-cleaning/|/service-areas/anson-tx/air-duct-cleaning/|/service-areas/bronte-tx/air-duct-cleaning/|/service-areas/brownwood-tx/air-duct-cleaning/|/service-areas/buffalo-gap-tx/air-duct-cleaning/|/service-areas/clyde-tx/air-duct-cleaning/|/service-areas/early-tx/air-duct-cleaning/|/service-areas/eden-tx/air-duct-cleaning/|/service-areas/merkel-tx/air-duct-cleaning/|/service-areas/paint-rock-tx/air-duct-cleaning/|/service-areas/robert-lee-tx/air-duct-cleaning/|/service-areas/roby-tx/air-duct-cleaning/,4.50,planned
/services/contents-restoration/,service-landing,Contents Restoration and Storage in Abilene | Air Care Restoration,Contents Restoration and Storage in Abilene,"24/7 contents restoration and storage in Abilene and surrounding areas. IICRC-certified, insurance billing accepted. Call (325) 339-8723.",contents restoration and storage abilene,contents pack-out|contents cleaning|belongings restoration|furniture restoration after fire|contents storage,local_service,,,1100,hero|og|inline-1|inline-2,service|local-business|faq|breadcrumb-list,/services/|/contact/|/service-areas/abilene-tx/contents-restoration/|/service-areas/anson-tx/contents-restoration/|/service-areas/bronte-tx/contents-restoration/|/service-areas/brownwood-tx/contents-restoration/|/service-areas/buffalo-gap-tx/contents-restoration/|/service-areas/clyde-tx/contents-restoration/|/service-areas/early-tx/contents-restoration/|/service-areas/eden-tx/contents-restoration/|/service-areas/merkel-tx/contents-restoration/|/service-areas/paint-rock-tx/contents-restoration/|/service-areas/robert-lee-tx/contents-restoration/|/service-areas/roby-tx/contents-restoration/,4.50,planned
/service-areas/abilene-tx/asbestos-abatement/,service-area-service,"Asbestos Abatement in Abilene, TX | Air Care Restoration",Asbestos Abatement in Abilene,"24/7 asbestos abatement in Abilene, TX. IICRC-certified, insurance billing accepted. Call (325) 339-8723.",asbestos abatement abilene,asbestos removal|asbestos testing|asbestos remediation|popcorn ceiling asbestos removal|asbestos inspection,local_specialty,,,900,hero|og|inline-1|inline-2,service|local-business|faq|breadcrumb-list,/services/asbestos-abatement/|/service-areas/abilene-tx/|/service-areas/abilene-tx/fire-damage-restoration/|/service-areas/abilene-tx/mold-remediation/|/service-areas/anson-tx/asbestos-abatement/|/service-areas/bronte-tx/asbestos-abatement/|/contact/,4.20,planned
/service-areas/anson-tx/asbestos-abatement/,service-area-service,"Asbestos Abatement in Anson, TX | Air Care Restoration",Asbestos Abatement in Anson,"24/7 asbestos abatement in Anson, TX. IICRC-certified, insurance billing accepted. Call (325) 339-8723.",asbestos abatement anson,asbestos removal|asbestos testing|asbestos remediation|popcorn ceiling asbestos removal|asbestos inspection,local_specialty,,,900,hero|og|inline-1|inline-2,service|local-business|faq|breadcrumb-list,/services/asbestos-abatement/|/service-areas/anson-tx/|/service-areas/anson-tx/fire-damage-restoration/|/service-areas/anson-tx/mold-remediation/|/service-areas/abilene-tx/asbestos-abatement/|/service-areas/bronte-tx/asbestos-abatement/|/contact/,4.20,planned
/service-areas/bronte-tx/asbestos-abatement/,service-area-service,"Asbestos Abatement in Bronte, TX | Air Care Restoration",Asbestos Abatement in Bronte,"24/7 asbestos abatement in Bronte, TX. IICRC-certified, insurance billing accepted. Call (325) 339-8723.",asbestos abatement bronte,asbestos removal|asbestos testing|asbestos remediation|popcorn ceiling asbestos removal|asbestos inspection,local_specialty,,,900,hero|og|inline-1|inline-2,service|local-business|faq|breadcrumb-list,/services/asbestos-abatement/|/service-areas/bronte-tx/|/service-areas/bronte-tx/fire-damage-restoration/|/service-areas/bronte-tx/mold-remediation/|/service-areas/abilene-tx/asbestos-abatement/|/service-areas/anson-tx/asbestos-abatement/|/contact/,4.20,planned
/service-areas/brownwood-tx/asbestos-abatement/,service-area-service,"Asbestos Abatement in Brownwood, TX | Air Care Restoration",Asbestos Abatement in Brownwood,"24/7 asbestos abatement in Brownwood, TX. IICRC-certified, insurance billing accepted. Call (325) 339-8723.",asbestos abatement brownwood,asbestos removal|asbestos testing|asbestos remediation|popcorn ceiling asbestos removal|asbestos inspection,local_specialty,,,900,hero|og|inline-1|inline-2,service|local-business|faq|breadcrumb-list,/services/asbestos-abatement/|/service-areas/brownwood-tx/|/service-areas/brownwood-tx/fire-damage-restoration/|/service-areas/brownwood-tx/mold-remediation/|/service-areas/abilene-tx/asbestos-abatement/|/service-areas/anson-tx/asbestos-abatement/|/contact/,4.20,planned
/service-areas/buffalo-gap-tx/asbestos-abatement/,service-area-service,"Asbestos Abatement in Buffalo Gap, TX | Air Care Restoration",Asbestos Abatement in Buffalo Gap,"24/7 asbestos abatement in Buffalo Gap, TX. IICRC-certified, insurance billing accepted. Call (325) 339-8723.",asbestos abatement buffalo gap,asbestos removal|asbestos testing|asbestos remediation|popcorn ceiling asbestos removal|asbestos inspection,local_specialty,,,900,hero|og|inline-1|inline-2,service|local-business|faq|breadcrumb-list,/services/asbestos-abatement/|/service-areas/buffalo-gap-tx/|/service-areas/buffalo-gap-tx/fire-damage-restoration/|/service-areas/buffalo-gap-tx/mold-remediation/|/service-areas/abilene-tx/asbestos-abatement/|/service-areas/anson-tx/asbestos-abatement/|/contact/,4.20,planned
/service-areas/clyde-tx/asbestos-abatement/,service-area-service,"Asbestos Abatement in Clyde, TX | Air Care Restoration",Asbestos Abatement in Clyde,"24/7 asbestos abatement in Clyde, TX. IICRC-certified, insurance billing accepted. Call (325) 339-8723.",asbestos abatement clyde,asbestos removal|asbestos testing|asbestos remediation|popcorn ceiling asbestos removal|asbestos inspection,local_specialty,,,900,hero|og|inline-1|inline-2,service|local-business|faq|breadcrumb-list,/services/asbestos-abatement/|/service-areas/clyde-tx/|/service-areas/clyde-tx/fire-damage-restoration/|/service-areas/clyde-tx/mold-remediation/|/service-areas/abilene-tx/asbestos-abatement/|/service-areas/anson-tx/asbestos-abatement/|/contact/,4.20,planned
/service-areas/early-tx/asbestos-abatement/,service-area-service,"Asbestos Abatement in Early, TX | Air Care Restoration",Asbestos Abatement in Early,"24/7 asbestos abatement in Early, TX. IICRC-certified, insurance billing accepted. Call (325) 339-8723.",asbestos abatement early,asbestos removal|asbestos testing|asbestos remediation|popcorn ceiling asbestos removal|asbestos inspection,local_specialty,,,900,hero|og|inline-1|inline-2,service|local-business|faq|breadcrumb-list,/services/asbestos-abatement/|/service-areas/early-tx/|/service-areas/early-tx/fire-damage-restoration/|/service-areas/early-tx/mold-remediation/|/service-areas/abilene-tx/asbestos-abatement/|/service-areas/anson-tx/asbestos-abatement/|/contact/,4.20,planned
/service-areas/eden-tx/asbestos-abatement/,service-area-service,"Asbestos Abatement in Eden, TX | Air Care Restoration",Asbestos Abatement in Eden,"24/7 asbestos abatement in Eden, TX. IICRC-certified, insurance billing accepted. Call (325) 339-8723.",asbestos abatement eden,asbestos removal|asbestos testing|asbestos remediation|popcorn ceiling asbestos removal|asbestos inspection,local_specialty,,,900,hero|og|inline-1|inline-2,service|local-business|faq|breadcrumb-list,/services/asbestos-abatement/|/service-areas/eden-tx/|/service-areas/eden-tx/fire-damage-restoration/|/service-areas/eden-tx/mold-remediation/|/service-areas/abilene-tx/asbestos-abatement/|/service-areas/anson-tx/asbestos-abatement/|/contact/,4.20,planned
/service-areas/merkel-tx/asbestos-abatement/,service-area-service,"Asbestos Abatement in Merkel, TX | Air Care Restoration",Asbestos Abatement in Merkel,"24/7 asbestos abatement in Merkel, TX. IICRC-certified, insurance billing accepted. Call (325) 339-8723.",asbestos abatement merkel,asbestos removal|asbestos testing|asbestos remediation|popcorn ceiling asbestos removal|asbestos inspection,local_specialty,,,900,hero|og|inline-1|inline-2,service|local-business|faq|breadcrumb-list,/services/asbestos-abatement/|/service-areas/merkel-tx/|/service-areas/merkel-tx/fire-damage-restoration/|/service-areas/merkel-tx/mold-remediation/|/service-areas/abilene-tx/asbestos-abatement/|/service-areas/anson-tx/asbestos-abatement/|/contact/,4.20,planned
/service-areas/paint-rock-tx/asbestos-abatement/,service-area-service,"Asbestos Abatement in Paint Rock, TX | Air Care Restoration",Asbestos Abatement in Paint Rock,"24/7 asbestos abatement in Paint Rock, TX. IICRC-certified, insurance billing accepted. Call (325) 339-8723.",asbestos abatement paint rock,asbestos removal|asbestos testing|asbestos remediation|popcorn ceiling asbestos removal|asbestos inspection,local_specialty,,,900,hero|og|inline-1|inline-2,service|local-business|faq|breadcrumb-list,/services/asbestos-abatement/|/service-areas/paint-rock-tx/|/service-areas/paint-rock-tx/fire-damage-restoration/|/service-areas/paint-rock-tx/mold-remediation/|/service-areas/abilene-tx/asbestos-abatement/|/service-areas/anson-tx/asbestos-abatement/|/contact/,4.20,planned
/service-areas/robert-lee-tx/asbestos-abatement/,service-area-service,"Asbestos Abatement in Robert Lee, TX | Air Care Restoration",Asbestos Abatement in Robert Lee,"24/7 asbestos abatement in Robert Lee, TX. IICRC-certified, insurance billing accepted. Call (325) 339-8723.",asbestos abatement robert lee,asbestos removal|asbestos testing|asbestos remediation|popcorn ceiling asbestos removal|asbestos inspection,local_specialty,,,900,hero|og|inline-1|inline-2,service|local-business|faq|breadcrumb-list,/services/asbestos-abatement/|/service-areas/robert-lee-tx/|/service-areas/robert-lee-tx/fire-damage-restoration/|/service-areas/robert-lee-tx/mold-remediation/|/service-areas/abilene-tx/asbestos-abatement/|/service-areas/anson-tx/asbestos-abatement/|/contact/,4.20,planned
/service-areas/roby-tx/asbestos-abatement/,service-area-service,"Asbestos Abatement in Roby, TX | Air Care Restoration",Asbestos Abatement in Roby,"24/7 asbestos abatement in Roby, TX. IICRC-certified, insurance billing accepted. Call (325) 339-8723.",asbestos abatement roby,asbestos removal|asbestos testing|asbestos remediation|popcorn ceiling asbestos removal|asbestos inspection,local_specialty,,,900,hero|og|inline-1|inline-2,service|local-business|faq|breadcrumb-list,/services/asbestos-abatement/|/service-areas/roby-tx/|/service-areas/roby-tx/fire-damage-restoration/|/service-areas/roby-tx/mold-remediation/|/service-areas/abilene-tx/asbestos-abatement/|/service-areas/anson-tx/asbestos-abatement/|/contact/,4.20,planned
/service-areas/rotan-tx/asbestos-abatement/,service-area-service,"Asbestos Abatement in Rotan, TX | Air Care Restoration",Asbestos Abatement in Rotan,"24/7 asbestos abatement in Rotan, TX. IICRC-certified, insurance billing accepted. Call (325) 339-8723.",asbestos abatement rotan,asbestos removal|asbestos testing|asbestos remediation|popcorn ceiling asbestos removal|asbestos inspection,local_specialty,,,900,hero|og|inline-1|inline-2,service|local-business|faq|breadcrumb-list,/services/asbestos-abatement/|/service-areas/rotan-tx/|/service-areas/rotan-tx/fire-damage-restoration/|/service-areas/rotan-tx/mold-remediation/|/service-areas/abilene-tx/asbestos-abatement/|/service-areas/anson-tx/asbestos-abatement/|/contact/,4.20,planned
/service-areas/sweetwater-tx/asbestos-abatement/,service-area-service,"Asbestos Abatement in Sweetwater, TX | Air Care Restoration",Asbestos Abatement in Sweetwater,"24/7 asbestos abatement in Sweetwater, TX. IICRC-certified, insurance billing accepted. Call (325) 339-8723.",asbestos abatement sweetwater,asbestos removal|asbestos testing|asbestos remediation|popcorn ceiling asbestos removal|asbestos inspection,local_specialty,,,900,hero|og|inline-1|inline-2,service|local-business|faq|breadcrumb-list,/services/asbestos-abatement/|/service-areas/sweetwater-tx/|/service-areas/sweetwater-tx/fire-damage-restoration/|/service-areas/sweetwater-tx/mold-remediation/|/service-areas/abilene-tx/asbestos-abatement/|/service-areas/anson-tx/asbestos-abatement/|/contact/,4.20,planned
/service-areas/tuscola-tx/asbestos-abatement/,service-area-service,"Asbestos Abatement in Tuscola, TX | Air Care Restoration",Asbestos Abatement in Tuscola,"24/7 asbestos abatement in Tuscola, TX. IICRC-certified, insurance billing accepted. Call (325) 339-8723.",asbestos abatement tuscola,asbestos removal|asbestos testing|asbestos remediation|popcorn ceiling asbestos removal|asbestos inspection,local_specialty,,,900,hero|og|inline-1|inline-2,service|local-business|faq|breadcrumb-list,/services/asbestos-abatement/|/service-areas/tuscola-tx/|/service-areas/tuscola-tx/fire-damage-restoration/|/service-areas/tuscola-tx/mold-remediation/|/service-areas/abilene-tx/asbestos-abatement/|/service-areas/anson-tx/asbestos-abatement/|/contact/,4.20,planned
/service-areas/tye-tx/asbestos-abatement/,service-area-service,"Asbestos Abatement in Tye, TX | Air Care Restoration",Asbestos Abatement in Tye,"24/7 asbestos abatement in Tye, TX. IICRC-certified, insurance billing accepted. Call (325) 339-8723.",asbestos abatement tye,asbestos removal|asbestos testing|asbestos remediation|popcorn ceiling asbestos removal|asbestos inspection,local_specialty,,,900,hero|og|inline-1|inline-2,service|local-business|faq|breadcrumb-list,/services/asbestos-abatement/|/service-areas/tye-tx/|/service-areas/tye-tx/fire-damage-restoration/|/service-areas/tye-tx/mold-remediation/|/service-areas/abilene-tx/asbestos-abatement/|/service-areas/anson-tx/asbestos-abatement/|/contact/,4.20,planned
/services/,services-hub,Restoration Services in Abilene | Air Care Restoration,Our Restoration Services,"Full-service restoration in Abilene: water, fire, mold, storm, biohazard, and commercial restoration. 24/7 response. Call (325) 339-8723.",restoration services abilene,damage restoration services|property restoration services|disaster restoration,local_commercial,,,800,hero|og|inline-1,organization|website|local-business|breadcrumb-list,/|/services/fire-damage-restoration/|/services/mold-remediation/|/services/water-damage-restoration/|/services/sewage-cleanup/|/services/storm-damage-restoration/|/services/water-cleanup/|/services/biohazard-cleanup/|/services/general-contracting/|/services/emergency-board-up-tarping/|/services/asbestos-abatement/|/services/air-duct-cleaning/|/services/contents-restoration/|/services/post-construction-cleaning/,4.00,planned
/services/post-construction-cleaning/,service-landing,Post-Construction and Specialty Cleaning in Abilene | Air Care Restoration,Post-Construction and Specialty Cleaning in Abilene,"24/7 post-construction and specialty cleaning in Abilene and surrounding areas. IICRC-certified, insurance billing accepted. Call (325) 339-8723.",post-construction and specialty cleaning abilene,post construction cleanup|construction debris cleaning|final clean|deep cleaning after renovation,local_service,,,1100,hero|og|inline-1|inline-2,service|local-business|faq|breadcrumb-list,/services/|/contact/|/service-areas/abilene-tx/post-construction-cleaning/|/service-areas/anson-tx/post-construction-cleaning/|/service-areas/bronte-tx/post-construction-cleaning/|/service-areas/brownwood-tx/post-construction-cleaning/|/service-areas/buffalo-gap-tx/post-construction-cleaning/|/service-areas/clyde-tx/post-construction-cleaning/|/service-areas/early-tx/post-construction-cleaning/|/service-areas/eden-tx/post-construction-cleaning/|/service-areas/merkel-tx/post-construction-cleaning/|/service-areas/paint-rock-tx/post-construction-cleaning/|/service-areas/robert-lee-tx/post-construction-cleaning/|/service-areas/roby-tx/post-construction-cleaning/,3.60,planned
/service-areas/,service-areas-hub,Service Areas | Air Care Restoration Restoration,Areas We Serve,Air Care Restoration provides 24/7 restoration services across Abilene and the surrounding region. Find your city.,air care restoration service areas,restoration service area|cities we serve|local restoration coverage,navigational_local,,,500,hero|og,organization|website|local-business|breadcrumb-list,/|/service-areas/abilene-tx/|/service-areas/anson-tx/|/service-areas/bronte-tx/|/service-areas/brownwood-tx/|/service-areas/buffalo-gap-tx/|/service-areas/clyde-tx/|/service-areas/early-tx/|/service-areas/eden-tx/|/service-areas/merkel-tx/|/service-areas/paint-rock-tx/|/service-areas/robert-lee-tx/|/service-areas/roby-tx/|/service-areas/rotan-tx/|/service-areas/sweetwater-tx/|/service-areas/tuscola-tx/|/service-areas/tye-tx/,3.50,planned
/service-areas/abilene-tx/air-duct-cleaning/,service-area-service,"Air Duct Cleaning in Abilene, TX | Air Care Restoration",Air Duct Cleaning in Abilene,"24/7 air duct cleaning in Abilene, TX. IICRC-certified, insurance billing accepted. Call (325) 339-8723.",air duct cleaning abilene,duct cleaning|HVAC duct cleaning|air duct sanitization|dryer vent cleaning|residential duct cleaning,local_specialty,,,900,hero|og|inline-1|inline-2,service|local-business|faq|breadcrumb-list,/services/air-duct-cleaning/|/service-areas/abilene-tx/|/service-areas/abilene-tx/fire-damage-restoration/|/service-areas/abilene-tx/mold-remediation/|/service-areas/anson-tx/air-duct-cleaning/|/service-areas/bronte-tx/air-duct-cleaning/|/contact/,3.50,planned
/service-areas/abilene-tx/contents-restoration/,service-area-service,"Contents Restoration and Storage in Abilene, TX | Air Care Restoration",Contents Restoration and Storage in Abilene,"24/7 contents restoration and storage in Abilene, TX. IICRC-certified, insurance billing accepted. Call (325) 339-8723.",contents restoration and storage abilene,contents pack-out|contents cleaning|belongings restoration|furniture restoration after fire|contents storage,local_service,,,900,hero|og|inline-1|inline-2,service|local-business|faq|breadcrumb-list,/services/contents-restoration/|/service-areas/abilene-tx/|/service-areas/abilene-tx/fire-damage-restoration/|/service-areas/abilene-tx/mold-remediation/|/service-areas/anson-tx/contents-restoration/|/service-areas/bronte-tx/contents-restoration/|/contact/,3.50,planned
/service-areas/anson-tx/air-duct-cleaning/,service-area-service,"Air Duct Cleaning in Anson, TX | Air Care Restoration",Air Duct Cleaning in Anson,"24/7 air duct cleaning in Anson, TX. IICRC-certified, insurance billing accepted. Call (325) 339-8723.",air duct cleaning anson,duct cleaning|HVAC duct cleaning|air duct sanitization|dryer vent cleaning|residential duct cleaning,local_specialty,,,900,hero|og|inline-1|inline-2,service|local-business|faq|breadcrumb-list,/services/air-duct-cleaning/|/service-areas/anson-tx/|/service-areas/anson-tx/fire-damage-restoration/|/service-areas/anson-tx/mold-remediation/|/service-areas/abilene-tx/air-duct-cleaning/|/service-areas/bronte-tx/air-duct-cleaning/|/contact/,3.50,planned
/service-areas/anson-tx/contents-restoration/,service-area-service,"Contents Restoration and Storage in Anson, TX | Air Care Restoration",Contents Restoration and Storage in Anson,"24/7 contents restoration and storage in Anson, TX. IICRC-certified, insurance billing accepted. Call (325) 339-8723.",contents restoration and storage anson,contents pack-out|contents cleaning|belongings restoration|furniture restoration after fire|contents storage,local_service,,,900,hero|og|inline-1|inline-2,service|local-business|faq|breadcrumb-list,/services/contents-restoration/|/service-areas/anson-tx/|/service-areas/anson-tx/fire-damage-restoration/|/service-areas/anson-tx/mold-remediation/|/service-areas/abilene-tx/contents-restoration/|/service-areas/bronte-tx/contents-restoration/|/contact/,3.50,planned
/service-areas/bronte-tx/air-duct-cleaning/,service-area-service,"Air Duct Cleaning in Bronte, TX | Air Care Restoration",Air Duct Cleaning in Bronte,"24/7 air duct cleaning in Bronte, TX. IICRC-certified, insurance billing accepted. Call (325) 339-8723.",air duct cleaning bronte,duct cleaning|HVAC duct cleaning|air duct sanitization|dryer vent cleaning|residential duct cleaning,local_specialty,,,900,hero|og|inline-1|inline-2,service|local-business|faq|breadcrumb-list,/services/air-duct-cleaning/|/service-areas/bronte-tx/|/service-areas/bronte-tx/fire-damage-restoration/|/service-areas/bronte-tx/mold-remediation/|/service-areas/abilene-tx/air-duct-cleaning/|/service-areas/anson-tx/air-duct-cleaning/|/contact/,3.50,planned
/service-areas/bronte-tx/contents-restoration/,service-area-service,"Contents Restoration and Storage in Bronte, TX | Air Care Restoration",Contents Restoration and Storage in Bronte,"24/7 contents restoration and storage in Bronte, TX. IICRC-certified, insurance billing accepted. Call (325) 339-8723.",contents restoration and storage bronte,contents pack-out|contents cleaning|belongings restoration|furniture restoration after fire|contents storage,local_service,,,900,hero|og|inline-1|inline-2,service|local-business|faq|breadcrumb-list,/services/contents-restoration/|/service-areas/bronte-tx/|/service-areas/bronte-tx/fire-damage-restoration/|/service-areas/bronte-tx/mold-remediation/|/service-areas/abilene-tx/contents-restoration/|/service-areas/anson-tx/contents-restoration/|/contact/,3.50,planned
/service-areas/brownwood-tx/air-duct-cleaning/,service-area-service,"Air Duct Cleaning in Brownwood, TX | Air Care Restoration",Air Duct Cleaning in Brownwood,"24/7 air duct cleaning in Brownwood, TX. IICRC-certified, insurance billing accepted. Call (325) 339-8723.",air duct cleaning brownwood,duct cleaning|HVAC duct cleaning|air duct sanitization|dryer vent cleaning|residential duct cleaning,local_specialty,,,900,hero|og|inline-1|inline-2,service|local-business|faq|breadcrumb-list,/services/air-duct-cleaning/|/service-areas/brownwood-tx/|/service-areas/brownwood-tx/fire-damage-restoration/|/service-areas/brownwood-tx/mold-remediation/|/service-areas/abilene-tx/air-duct-cleaning/|/service-areas/anson-tx/air-duct-cleaning/|/contact/,3.50,planned
/service-areas/brownwood-tx/contents-restoration/,service-area-service,"Contents Restoration and Storage in Brownwood, TX | Air Care Restoration",Contents Restoration and Storage in Brownwood,"24/7 contents restoration and storage in Brownwood, TX. IICRC-certified, insurance billing accepted. Call (325) 339-8723.",contents restoration and storage brownwood,contents pack-out|contents cleaning|belongings restoration|furniture restoration after fire|contents storage,local_service,,,900,hero|og|inline-1|inline-2,service|local-business|faq|breadcrumb-list,/services/contents-restoration/|/service-areas/brownwood-tx/|/service-areas/brownwood-tx/fire-damage-restoration/|/service-areas/brownwood-tx/mold-remediation/|/service-areas/abilene-tx/contents-restoration/|/service-areas/anson-tx/contents-restoration/|/contact/,3.50,planned
/service-areas/buffalo-gap-tx/air-duct-cleaning/,service-area-service,"Air Duct Cleaning in Buffalo Gap, TX | Air Care Restoration",Air Duct Cleaning in Buffalo Gap,"24/7 air duct cleaning in Buffalo Gap, TX. IICRC-certified, insurance billing accepted. Call (325) 339-8723.",air duct cleaning buffalo gap,duct cleaning|HVAC duct cleaning|air duct sanitization|dryer vent cleaning|residential duct cleaning,local_specialty,,,900,hero|og|inline-1|inline-2,service|local-business|faq|breadcrumb-list,/services/air-duct-cleaning/|/service-areas/buffalo-gap-tx/|/service-areas/buffalo-gap-tx/fire-damage-restoration/|/service-areas/buffalo-gap-tx/mold-remediation/|/service-areas/abilene-tx/air-duct-cleaning/|/service-areas/anson-tx/air-duct-cleaning/|/contact/,3.50,planned
/service-areas/buffalo-gap-tx/contents-restoration/,service-area-service,"Contents Restoration and Storage in Buffalo Gap, TX | Air Care Restoration",Contents Restoration and Storage in Buffalo Gap,"24/7 contents restoration and storage in Buffalo Gap, TX. IICRC-certified, insurance billing accepted. Call (325) 339-8723.",contents restoration and storage buffalo gap,contents pack-out|contents cleaning|belongings restoration|furniture restoration after fire|contents storage,local_service,,,900,hero|og|inline-1|inline-2,service|local-business|faq|breadcrumb-list,/services/contents-restoration/|/service-areas/buffalo-gap-tx/|/service-areas/buffalo-gap-tx/fire-damage-restoration/|/service-areas/buffalo-gap-tx/mold-remediation/|/service-areas/abilene-tx/contents-restoration/|/service-areas/anson-tx/contents-restoration/|/contact/,3.50,planned
/service-areas/clyde-tx/air-duct-cleaning/,service-area-service,"Air Duct Cleaning in Clyde, TX | Air Care Restoration",Air Duct Cleaning in Clyde,"24/7 air duct cleaning in Clyde, TX. IICRC-certified, insurance billing accepted. Call (325) 339-8723.",air duct cleaning clyde,duct cleaning|HVAC duct cleaning|air duct sanitization|dryer vent cleaning|residential duct cleaning,local_specialty,,,900,hero|og|inline-1|inline-2,service|local-business|faq|breadcrumb-list,/services/air-duct-cleaning/|/service-areas/clyde-tx/|/service-areas/clyde-tx/fire-damage-restoration/|/service-areas/clyde-tx/mold-remediation/|/service-areas/abilene-tx/air-duct-cleaning/|/service-areas/anson-tx/air-duct-cleaning/|/contact/,3.50,planned
/service-areas/clyde-tx/contents-restoration/,service-area-service,"Contents Restoration and Storage in Clyde, TX | Air Care Restoration",Contents Restoration and Storage in Clyde,"24/7 contents restoration and storage in Clyde, TX. IICRC-certified, insurance billing accepted. Call (325) 339-8723.",contents restoration and storage clyde,contents pack-out|contents cleaning|belongings restoration|furniture restoration after fire|contents storage,local_service,,,900,hero|og|inline-1|inline-2,service|local-business|faq|breadcrumb-list,/services/contents-restoration/|/service-areas/clyde-tx/|/service-areas/clyde-tx/fire-damage-restoration/|/service-areas/clyde-tx/mold-remediation/|/service-areas/abilene-tx/contents-restoration/|/service-areas/anson-tx/contents-restoration/|/contact/,3.50,planned
/service-areas/early-tx/air-duct-cleaning/,service-area-service,"Air Duct Cleaning in Early, TX | Air Care Restoration",Air Duct Cleaning in Early,"24/7 air duct cleaning in Early, TX. IICRC-certified, insurance billing accepted. Call (325) 339-8723.",air duct cleaning early,duct cleaning|HVAC duct cleaning|air duct sanitization|dryer vent cleaning|residential duct cleaning,local_specialty,,,900,hero|og|inline-1|inline-2,service|local-business|faq|breadcrumb-list,/services/air-duct-cleaning/|/service-areas/early-tx/|/service-areas/early-tx/fire-damage-restoration/|/service-areas/early-tx/mold-remediation/|/service-areas/abilene-tx/air-duct-cleaning/|/service-areas/anson-tx/air-duct-cleaning/|/contact/,3.50,planned
/service-areas/early-tx/contents-restoration/,service-area-service,"Contents Restoration and Storage in Early, TX | Air Care Restoration",Contents Restoration and Storage in Early,"24/7 contents restoration and storage in Early, TX. IICRC-certified, insurance billing accepted. Call (325) 339-8723.",contents restoration and storage early,contents pack-out|contents cleaning|belongings restoration|furniture restoration after fire|contents storage,local_service,,,900,hero|og|inline-1|inline-2,service|local-business|faq|breadcrumb-list,/services/contents-restoration/|/service-areas/early-tx/|/service-areas/early-tx/fire-damage-restoration/|/service-areas/early-tx/mold-remediation/|/service-areas/abilene-tx/contents-restoration/|/service-areas/anson-tx/contents-restoration/|/contact/,3.50,planned
/service-areas/eden-tx/air-duct-cleaning/,service-area-service,"Air Duct Cleaning in Eden, TX | Air Care Restoration",Air Duct Cleaning in Eden,"24/7 air duct cleaning in Eden, TX. IICRC-certified, insurance billing accepted. Call (325) 339-8723.",air duct cleaning eden,duct cleaning|HVAC duct cleaning|air duct sanitization|dryer vent cleaning|residential duct cleaning,local_specialty,,,900,hero|og|inline-1|inline-2,service|local-business|faq|breadcrumb-list,/services/air-duct-cleaning/|/service-areas/eden-tx/|/service-areas/eden-tx/fire-damage-restoration/|/service-areas/eden-tx/mold-remediation/|/service-areas/abilene-tx/air-duct-cleaning/|/service-areas/anson-tx/air-duct-cleaning/|/contact/,3.50,planned
/service-areas/eden-tx/contents-restoration/,service-area-service,"Contents Restoration and Storage in Eden, TX | Air Care Restoration",Contents Restoration and Storage in Eden,"24/7 contents restoration and storage in Eden, TX. IICRC-certified, insurance billing accepted. Call (325) 339-8723.",contents restoration and storage eden,contents pack-out|contents cleaning|belongings restoration|furniture restoration after fire|contents storage,local_service,,,900,hero|og|inline-1|inline-2,service|local-business|faq|breadcrumb-list,/services/contents-restoration/|/service-areas/eden-tx/|/service-areas/eden-tx/fire-damage-restoration/|/service-areas/eden-tx/mold-remediation/|/service-areas/abilene-tx/contents-restoration/|/service-areas/anson-tx/contents-restoration/|/contact/,3.50,planned
/service-areas/merkel-tx/air-duct-cleaning/,service-area-service,"Air Duct Cleaning in Merkel, TX | Air Care Restoration",Air Duct Cleaning in Merkel,"24/7 air duct cleaning in Merkel, TX. IICRC-certified, insurance billing accepted. Call (325) 339-8723.",air duct cleaning merkel,duct cleaning|HVAC duct cleaning|air duct sanitization|dryer vent cleaning|residential duct cleaning,local_specialty,,,900,hero|og|inline-1|inline-2,service|local-business|faq|breadcrumb-list,/services/air-duct-cleaning/|/service-areas/merkel-tx/|/service-areas/merkel-tx/fire-damage-restoration/|/service-areas/merkel-tx/mold-remediation/|/service-areas/abilene-tx/air-duct-cleaning/|/service-areas/anson-tx/air-duct-cleaning/|/contact/,3.50,planned
/service-areas/merkel-tx/contents-restoration/,service-area-service,"Contents Restoration and Storage in Merkel, TX | Air Care Restoration",Contents Restoration and Storage in Merkel,"24/7 contents restoration and storage in Merkel, TX. IICRC-certified, insurance billing accepted. Call (325) 339-8723.",contents restoration and storage merkel,contents pack-out|contents cleaning|belongings restoration|furniture restoration after fire|contents storage,local_service,,,900,hero|og|inline-1|inline-2,service|local-business|faq|breadcrumb-list,/services/contents-restoration/|/service-areas/merkel-tx/|/service-areas/merkel-tx/fire-damage-restoration/|/service-areas/merkel-tx/mold-remediation/|/service-areas/abilene-tx/contents-restoration/|/service-areas/anson-tx/contents-restoration/|/contact/,3.50,planned
/service-areas/paint-rock-tx/air-duct-cleaning/,service-area-service,"Air Duct Cleaning in Paint Rock, TX | Air Care Restoration",Air Duct Cleaning in Paint Rock,"24/7 air duct cleaning in Paint Rock, TX. IICRC-certified, insurance billing accepted. Call (325) 339-8723.",air duct cleaning paint rock,duct cleaning|HVAC duct cleaning|air duct sanitization|dryer vent cleaning|residential duct cleaning,local_specialty,,,900,hero|og|inline-1|inline-2,service|local-business|faq|breadcrumb-list,/services/air-duct-cleaning/|/service-areas/paint-rock-tx/|/service-areas/paint-rock-tx/fire-damage-restoration/|/service-areas/paint-rock-tx/mold-remediation/|/service-areas/abilene-tx/air-duct-cleaning/|/service-areas/anson-tx/air-duct-cleaning/|/contact/,3.50,planned
/service-areas/paint-rock-tx/contents-restoration/,service-area-service,"Contents Restoration and Storage in Paint Rock, TX | Air Care Restoration",Contents Restoration and Storage in Paint Rock,"24/7 contents restoration and storage in Paint Rock, TX. IICRC-certified, insurance billing accepted. Call (325) 339-8723.",contents restoration and storage paint rock,contents pack-out|contents cleaning|belongings restoration|furniture restoration after fire|contents storage,local_service,,,900,hero|og|inline-1|inline-2,service|local-business|faq|breadcrumb-list,/services/contents-restoration/|/service-areas/paint-rock-tx/|/service-areas/paint-rock-tx/fire-damage-restoration/|/service-areas/paint-rock-tx/mold-remediation/|/service-areas/abilene-tx/contents-restoration/|/service-areas/anson-tx/contents-restoration/|/contact/,3.50,planned
/service-areas/robert-lee-tx/air-duct-cleaning/,service-area-service,"Air Duct Cleaning in Robert Lee, TX | Air Care Restoration",Air Duct Cleaning in Robert Lee,"24/7 air duct cleaning in Robert Lee, TX. IICRC-certified, insurance billing accepted. Call (325) 339-8723.",air duct cleaning robert lee,duct cleaning|HVAC duct cleaning|air duct sanitization|dryer vent cleaning|residential duct cleaning,local_specialty,,,900,hero|og|inline-1|inline-2,service|local-business|faq|breadcrumb-list,/services/air-duct-cleaning/|/service-areas/robert-lee-tx/|/service-areas/robert-lee-tx/fire-damage-restoration/|/service-areas/robert-lee-tx/mold-remediation/|/service-areas/abilene-tx/air-duct-cleaning/|/service-areas/anson-tx/air-duct-cleaning/|/contact/,3.50,planned
/service-areas/robert-lee-tx/contents-restoration/,service-area-service,"Contents Restoration and Storage in Robert Lee, TX | Air Care Restoration",Contents Restoration and Storage in Robert Lee,"24/7 contents restoration and storage in Robert Lee, TX. IICRC-certified, insurance billing accepted. Call (325) 339-8723.",contents restoration and storage robert lee,contents pack-out|contents cleaning|belongings restoration|furniture restoration after fire|contents storage,local_service,,,900,hero|og|inline-1|inline-2,service|local-business|faq|breadcrumb-list,/services/contents-restoration/|/service-areas/robert-lee-tx/|/service-areas/robert-lee-tx/fire-damage-restoration/|/service-areas/robert-lee-tx/mold-remediation/|/service-areas/abilene-tx/contents-restoration/|/service-areas/anson-tx/contents-restoration/|/contact/,3.50,planned
/service-areas/roby-tx/air-duct-cleaning/,service-area-service,"Air Duct Cleaning in Roby, TX | Air Care Restoration",Air Duct Cleaning in Roby,"24/7 air duct cleaning in Roby, TX. IICRC-certified, insurance billing accepted. Call (325) 339-8723.",air duct cleaning roby,duct cleaning|HVAC duct cleaning|air duct sanitization|dryer vent cleaning|residential duct cleaning,local_specialty,,,900,hero|og|inline-1|inline-2,service|local-business|faq|breadcrumb-list,/services/air-duct-cleaning/|/service-areas/roby-tx/|/service-areas/roby-tx/fire-damage-restoration/|/service-areas/roby-tx/mold-remediation/|/service-areas/abilene-tx/air-duct-cleaning/|/service-areas/anson-tx/air-duct-cleaning/|/contact/,3.50,planned
/service-areas/roby-tx/contents-restoration/,service-area-service,"Contents Restoration and Storage in Roby, TX | Air Care Restoration",Contents Restoration and Storage in Roby,"24/7 contents restoration and storage in Roby, TX. IICRC-certified, insurance billing accepted. Call (325) 339-8723.",contents restoration and storage roby,contents pack-out|contents cleaning|belongings restoration|furniture restoration after fire|contents storage,local_service,,,900,hero|og|inline-1|inline-2,service|local-business|faq|breadcrumb-list,/services/contents-restoration/|/service-areas/roby-tx/|/service-areas/roby-tx/fire-damage-restoration/|/service-areas/roby-tx/mold-remediation/|/service-areas/abilene-tx/contents-restoration/|/service-areas/anson-tx/contents-restoration/|/contact/,3.50,planned
/service-areas/rotan-tx/air-duct-cleaning/,service-area-service,"Air Duct Cleaning in Rotan, TX | Air Care Restoration",Air Duct Cleaning in Rotan,"24/7 air duct cleaning in Rotan, TX. IICRC-certified, insurance billing accepted. Call (325) 339-8723.",air duct cleaning rotan,duct cleaning|HVAC duct cleaning|air duct sanitization|dryer vent cleaning|residential duct cleaning,local_specialty,,,900,hero|og|inline-1|inline-2,service|local-business|faq|breadcrumb-list,/services/air-duct-cleaning/|/service-areas/rotan-tx/|/service-areas/rotan-tx/fire-damage-restoration/|/service-areas/rotan-tx/mold-remediation/|/service-areas/abilene-tx/air-duct-cleaning/|/service-areas/anson-tx/air-duct-cleaning/|/contact/,3.50,planned
/service-areas/rotan-tx/contents-restoration/,service-area-service,"Contents Restoration and Storage in Rotan, TX | Air Care Restoration",Contents Restoration and Storage in Rotan,"24/7 contents restoration and storage in Rotan, TX. IICRC-certified, insurance billing accepted. Call (325) 339-8723.",contents restoration and storage rotan,contents pack-out|contents cleaning|belongings restoration|furniture restoration after fire|contents storage,local_service,,,900,hero|og|inline-1|inline-2,service|local-business|faq|breadcrumb-list,/services/contents-restoration/|/service-areas/rotan-tx/|/service-areas/rotan-tx/fire-damage-restoration/|/service-areas/rotan-tx/mold-remediation/|/service-areas/abilene-tx/contents-restoration/|/service-areas/anson-tx/contents-restoration/|/contact/,3.50,planned
/service-areas/sweetwater-tx/air-duct-cleaning/,service-area-service,"Air Duct Cleaning in Sweetwater, TX | Air Care Restoration",Air Duct Cleaning in Sweetwater,"24/7 air duct cleaning in Sweetwater, TX. IICRC-certified, insurance billing accepted. Call (325) 339-8723.",air duct cleaning sweetwater,duct cleaning|HVAC duct cleaning|air duct sanitization|dryer vent cleaning|residential duct cleaning,local_specialty,,,900,hero|og|inline-1|inline-2,service|local-business|faq|breadcrumb-list,/services/air-duct-cleaning/|/service-areas/sweetwater-tx/|/service-areas/sweetwater-tx/fire-damage-restoration/|/service-areas/sweetwater-tx/mold-remediation/|/service-areas/abilene-tx/air-duct-cleaning/|/service-areas/anson-tx/air-duct-cleaning/|/contact/,3.50,planned
/service-areas/sweetwater-tx/contents-restoration/,service-area-service,"Contents Restoration and Storage in Sweetwater, TX | Air Care Restoration",Contents Restoration and Storage in Sweetwater,"24/7 contents restoration and storage in Sweetwater, TX. IICRC-certified, insurance billing accepted. Call (325) 339-8723.",contents restoration and storage sweetwater,contents pack-out|contents cleaning|belongings restoration|furniture restoration after fire|contents storage,local_service,,,900,hero|og|inline-1|inline-2,service|local-business|faq|breadcrumb-list,/services/contents-restoration/|/service-areas/sweetwater-tx/|/service-areas/sweetwater-tx/fire-damage-restoration/|/service-areas/sweetwater-tx/mold-remediation/|/service-areas/abilene-tx/contents-restoration/|/service-areas/anson-tx/contents-restoration/|/contact/,3.50,planned
/service-areas/tuscola-tx/air-duct-cleaning/,service-area-service,"Air Duct Cleaning in Tuscola, TX | Air Care Restoration",Air Duct Cleaning in Tuscola,"24/7 air duct cleaning in Tuscola, TX. IICRC-certified, insurance billing accepted. Call (325) 339-8723.",air duct cleaning tuscola,duct cleaning|HVAC duct cleaning|air duct sanitization|dryer vent cleaning|residential duct cleaning,local_specialty,,,900,hero|og|inline-1|inline-2,service|local-business|faq|breadcrumb-list,/services/air-duct-cleaning/|/service-areas/tuscola-tx/|/service-areas/tuscola-tx/fire-damage-restoration/|/service-areas/tuscola-tx/mold-remediation/|/service-areas/abilene-tx/air-duct-cleaning/|/service-areas/anson-tx/air-duct-cleaning/|/contact/,3.50,planned
/service-areas/tuscola-tx/contents-restoration/,service-area-service,"Contents Restoration and Storage in Tuscola, TX | Air Care Restoration",Contents Restoration and Storage in Tuscola,"24/7 contents restoration and storage in Tuscola, TX. IICRC-certified, insurance billing accepted. Call (325) 339-8723.",contents restoration and storage tuscola,contents pack-out|contents cleaning|belongings restoration|furniture restoration after fire|contents storage,local_service,,,900,hero|og|inline-1|inline-2,service|local-business|faq|breadcrumb-list,/services/contents-restoration/|/service-areas/tuscola-tx/|/service-areas/tuscola-tx/fire-damage-restoration/|/service-areas/tuscola-tx/mold-remediation/|/service-areas/abilene-tx/contents-restoration/|/service-areas/anson-tx/contents-restoration/|/contact/,3.50,planned
/service-areas/tye-tx/air-duct-cleaning/,service-area-service,"Air Duct Cleaning in Tye, TX | Air Care Restoration",Air Duct Cleaning in Tye,"24/7 air duct cleaning in Tye, TX. IICRC-certified, insurance billing accepted. Call (325) 339-8723.",air duct cleaning tye,duct cleaning|HVAC duct cleaning|air duct sanitization|dryer vent cleaning|residential duct cleaning,local_specialty,,,900,hero|og|inline-1|inline-2,service|local-business|faq|breadcrumb-list,/services/air-duct-cleaning/|/service-areas/tye-tx/|/service-areas/tye-tx/fire-damage-restoration/|/service-areas/tye-tx/mold-remediation/|/service-areas/abilene-tx/air-duct-cleaning/|/service-areas/anson-tx/air-duct-cleaning/|/contact/,3.50,planned
/service-areas/tye-tx/contents-restoration/,service-area-service,"Contents Restoration and Storage in Tye, TX | Air Care Restoration",Contents Restoration and Storage in Tye,"24/7 contents restoration and storage in Tye, TX. IICRC-certified, insurance billing accepted. Call (325) 339-8723.",contents restoration and storage tye,contents pack-out|contents cleaning|belongings restoration|furniture restoration after fire|contents storage,local_service,,,900,hero|og|inline-1|inline-2,service|local-business|faq|breadcrumb-list,/services/contents-restoration/|/service-areas/tye-tx/|/service-areas/tye-tx/fire-damage-restoration/|/service-areas/tye-tx/mold-remediation/|/service-areas/abilene-tx/contents-restoration/|/service-areas/anson-tx/contents-restoration/|/contact/,3.50,planned
/blog/,blog-index,Restoration Blog | Air Care Restoration,Restoration Resources and Insights,"Guides, checklists, and explainers from Air Care Restoration on water, fire, mold, and storm damage restoration.",restoration blog abilene,restoration guides|damage restoration tips|restoration insights,informational_browse,,,300,hero|og,website|breadcrumb-list,/|/blog/burst-pipe-emergency-checklist/|/blog/what-to-do-first-24-hours-water-damage/|/blog/choosing-a-restoration-company/|/blog/does-homeowners-insurance-cover-water-damage/|/blog/fire-damage-restoration-process/|/blog/how-to-test-for-mold/|/blog/signs-of-hidden-mold/|/blog/black-mold-vs-regular-mold/,3.00,planned
/service-areas/abilene-tx/post-construction-cleaning/,service-area-service,"Post-Construction and Specialty Cleaning in Abilene, TX | Air Care Restoration",Post-Construction and Specialty Cleaning in Abilene,"24/7 post-construction and specialty cleaning in Abilene, TX. IICRC-certified, insurance billing accepted. Call (325) 339-8723.",post-construction and specialty cleaning abilene,post construction cleanup|construction debris cleaning|final clean|deep cleaning after renovation,local_service,,,900,hero|og|inline-1|inline-2,service|local-business|faq|breadcrumb-list,/services/post-construction-cleaning/|/service-areas/abilene-tx/|/service-areas/abilene-tx/fire-damage-restoration/|/service-areas/abilene-tx/mold-remediation/|/service-areas/anson-tx/post-construction-cleaning/|/service-areas/bronte-tx/post-construction-cleaning/|/contact/,2.80,planned
/service-areas/anson-tx/post-construction-cleaning/,service-area-service,"Post-Construction and Specialty Cleaning in Anson, TX | Air Care Restoration",Post-Construction and Specialty Cleaning in Anson,"24/7 post-construction and specialty cleaning in Anson, TX. IICRC-certified, insurance billing accepted. Call (325) 339-8723.",post-construction and specialty cleaning anson,post construction cleanup|construction debris cleaning|final clean|deep cleaning after renovation,local_service,,,900,hero|og|inline-1|inline-2,service|local-business|faq|breadcrumb-list,/services/post-construction-cleaning/|/service-areas/anson-tx/|/service-areas/anson-tx/fire-damage-restoration/|/service-areas/anson-tx/mold-remediation/|/service-areas/abilene-tx/post-construction-cleaning/|/service-areas/bronte-tx/post-construction-cleaning/|/contact/,2.80,planned
/service-areas/bronte-tx/post-construction-cleaning/,service-area-service,"Post-Construction and Specialty Cleaning in Bronte, TX | Air Care Restoration",Post-Construction and Specialty Cleaning in Bronte,"24/7 post-construction and specialty cleaning in Bronte, TX. IICRC-certified, insurance billing accepted. Call (325) 339-8723.",post-construction and specialty cleaning bronte,post construction cleanup|construction debris cleaning|final clean|deep cleaning after renovation,local_service,,,900,hero|og|inline-1|inline-2,service|local-business|faq|breadcrumb-list,/services/post-construction-cleaning/|/service-areas/bronte-tx/|/service-areas/bronte-tx/fire-damage-restoration/|/service-areas/bronte-tx/mold-remediation/|/service-areas/abilene-tx/post-construction-cleaning/|/service-areas/anson-tx/post-construction-cleaning/|/contact/,2.80,planned
/service-areas/brownwood-tx/post-construction-cleaning/,service-area-service,"Post-Construction and Specialty Cleaning in Brownwood, TX | Air Care Restoration",Post-Construction and Specialty Cleaning in Brownwood,"24/7 post-construction and specialty cleaning in Brownwood, TX. IICRC-certified, insurance billing accepted. Call (325) 339-8723.",post-construction and specialty cleaning brownwood,post construction cleanup|construction debris cleaning|final clean|deep cleaning after renovation,local_service,,,900,hero|og|inline-1|inline-2,service|local-business|faq|breadcrumb-list,/services/post-construction-cleaning/|/service-areas/brownwood-tx/|/service-areas/brownwood-tx/fire-damage-restoration/|/service-areas/brownwood-tx/mold-remediation/|/service-areas/abilene-tx/post-construction-cleaning/|/service-areas/anson-tx/post-construction-cleaning/|/contact/,2.80,planned
/service-areas/buffalo-gap-tx/post-construction-cleaning/,service-area-service,"Post-Construction and Specialty Cleaning in Buffalo Gap, TX | Air Care Restoration",Post-Construction and Specialty Cleaning in Buffalo Gap,"24/7 post-construction and specialty cleaning in Buffalo Gap, TX. IICRC-certified, insurance billing accepted. Call (325) 339-8723.",post-construction and specialty cleaning buffalo gap,post construction cleanup|construction debris cleaning|final clean|deep cleaning after renovation,local_service,,,900,hero|og|inline-1|inline-2,service|local-business|faq|breadcrumb-list,/services/post-construction-cleaning/|/service-areas/buffalo-gap-tx/|/service-areas/buffalo-gap-tx/fire-damage-restoration/|/service-areas/buffalo-gap-tx/mold-remediation/|/service-areas/abilene-tx/post-construction-cleaning/|/service-areas/anson-tx/post-construction-cleaning/|/contact/,2.80,planned
/service-areas/clyde-tx/post-construction-cleaning/,service-area-service,"Post-Construction and Specialty Cleaning in Clyde, TX | Air Care Restoration",Post-Construction and Specialty Cleaning in Clyde,"24/7 post-construction and specialty cleaning in Clyde, TX. IICRC-certified, insurance billing accepted. Call (325) 339-8723.",post-construction and specialty cleaning clyde,post construction cleanup|construction debris cleaning|final clean|deep cleaning after renovation,local_service,,,900,hero|og|inline-1|inline-2,service|local-business|faq|breadcrumb-list,/services/post-construction-cleaning/|/service-areas/clyde-tx/|/service-areas/clyde-tx/fire-damage-restoration/|/service-areas/clyde-tx/mold-remediation/|/service-areas/abilene-tx/post-construction-cleaning/|/service-areas/anson-tx/post-construction-cleaning/|/contact/,2.80,planned
/service-areas/early-tx/post-construction-cleaning/,service-area-service,"Post-Construction and Specialty Cleaning in Early, TX | Air Care Restoration",Post-Construction and Specialty Cleaning in Early,"24/7 post-construction and specialty cleaning in Early, TX. IICRC-certified, insurance billing accepted. Call (325) 339-8723.",post-construction and specialty cleaning early,post construction cleanup|construction debris cleaning|final clean|deep cleaning after renovation,local_service,,,900,hero|og|inline-1|inline-2,service|local-business|faq|breadcrumb-list,/services/post-construction-cleaning/|/service-areas/early-tx/|/service-areas/early-tx/fire-damage-restoration/|/service-areas/early-tx/mold-remediation/|/service-areas/abilene-tx/post-construction-cleaning/|/service-areas/anson-tx/post-construction-cleaning/|/contact/,2.80,planned
/service-areas/eden-tx/post-construction-cleaning/,service-area-service,"Post-Construction and Specialty Cleaning in Eden, TX | Air Care Restoration",Post-Construction and Specialty Cleaning in Eden,"24/7 post-construction and specialty cleaning in Eden, TX. IICRC-certified, insurance billing accepted. Call (325) 339-8723.",post-construction and specialty cleaning eden,post construction cleanup|construction debris cleaning|final clean|deep cleaning after renovation,local_service,,,900,hero|og|inline-1|inline-2,service|local-business|faq|breadcrumb-list,/services/post-construction-cleaning/|/service-areas/eden-tx/|/service-areas/eden-tx/fire-damage-restoration/|/service-areas/eden-tx/mold-remediation/|/service-areas/abilene-tx/post-construction-cleaning/|/service-areas/anson-tx/post-construction-cleaning/|/contact/,2.80,planned
/service-areas/merkel-tx/post-construction-cleaning/,service-area-service,"Post-Construction and Specialty Cleaning in Merkel, TX | Air Care Restoration",Post-Construction and Specialty Cleaning in Merkel,"24/7 post-construction and specialty cleaning in Merkel, TX. IICRC-certified, insurance billing accepted. Call (325) 339-8723.",post-construction and specialty cleaning merkel,post construction cleanup|construction debris cleaning|final clean|deep cleaning after renovation,local_service,,,900,hero|og|inline-1|inline-2,service|local-business|faq|breadcrumb-list,/services/post-construction-cleaning/|/service-areas/merkel-tx/|/service-areas/merkel-tx/fire-damage-restoration/|/service-areas/merkel-tx/mold-remediation/|/service-areas/abilene-tx/post-construction-cleaning/|/service-areas/anson-tx/post-construction-cleaning/|/contact/,2.80,planned
/service-areas/paint-rock-tx/post-construction-cleaning/,service-area-service,"Post-Construction and Specialty Cleaning in Paint Rock, TX | Air Care Restoration",Post-Construction and Specialty Cleaning in Paint Rock,"24/7 post-construction and specialty cleaning in Paint Rock, TX. IICRC-certified, insurance billing accepted. Call (325) 339-8723.",post-construction and specialty cleaning paint rock,post construction cleanup|construction debris cleaning|final clean|deep cleaning after renovation,local_service,,,900,hero|og|inline-1|inline-2,service|local-business|faq|breadcrumb-list,/services/post-construction-cleaning/|/service-areas/paint-rock-tx/|/service-areas/paint-rock-tx/fire-damage-restoration/|/service-areas/paint-rock-tx/mold-remediation/|/service-areas/abilene-tx/post-construction-cleaning/|/service-areas/anson-tx/post-construction-cleaning/|/contact/,2.80,planned
/service-areas/robert-lee-tx/post-construction-cleaning/,service-area-service,"Post-Construction and Specialty Cleaning in Robert Lee, TX | Air Care Restoration",Post-Construction and Specialty Cleaning in Robert Lee,"24/7 post-construction and specialty cleaning in Robert Lee, TX. IICRC-certified, insurance billing accepted. Call (325) 339-8723.",post-construction and specialty cleaning robert lee,post construction cleanup|construction debris cleaning|final clean|deep cleaning after renovation,local_service,,,900,hero|og|inline-1|inline-2,service|local-business|faq|breadcrumb-list,/services/post-construction-cleaning/|/service-areas/robert-lee-tx/|/service-areas/robert-lee-tx/fire-damage-restoration/|/service-areas/robert-lee-tx/mold-remediation/|/service-areas/abilene-tx/post-construction-cleaning/|/service-areas/anson-tx/post-construction-cleaning/|/contact/,2.80,planned
/service-areas/roby-tx/post-construction-cleaning/,service-area-service,"Post-Construction and Specialty Cleaning in Roby, TX | Air Care Restoration",Post-Construction and Specialty Cleaning in Roby,"24/7 post-construction and specialty cleaning in Roby, TX. IICRC-certified, insurance billing accepted. Call (325) 339-8723.",post-construction and specialty cleaning roby,post construction cleanup|construction debris cleaning|final clean|deep cleaning after renovation,local_service,,,900,hero|og|inline-1|inline-2,service|local-business|faq|breadcrumb-list,/services/post-construction-cleaning/|/service-areas/roby-tx/|/service-areas/roby-tx/fire-damage-restoration/|/service-areas/roby-tx/mold-remediation/|/service-areas/abilene-tx/post-construction-cleaning/|/service-areas/anson-tx/post-construction-cleaning/|/contact/,2.80,planned
/service-areas/rotan-tx/post-construction-cleaning/,service-area-service,"Post-Construction and Specialty Cleaning in Rotan, TX | Air Care Restoration",Post-Construction and Specialty Cleaning in Rotan,"24/7 post-construction and specialty cleaning in Rotan, TX. IICRC-certified, insurance billing accepted. Call (325) 339-8723.",post-construction and specialty cleaning rotan,post construction cleanup|construction debris cleaning|final clean|deep cleaning after renovation,local_service,,,900,hero|og|inline-1|inline-2,service|local-business|faq|breadcrumb-list,/services/post-construction-cleaning/|/service-areas/rotan-tx/|/service-areas/rotan-tx/fire-damage-restoration/|/service-areas/rotan-tx/mold-remediation/|/service-areas/abilene-tx/post-construction-cleaning/|/service-areas/anson-tx/post-construction-cleaning/|/contact/,2.80,planned
/service-areas/sweetwater-tx/post-construction-cleaning/,service-area-service,"Post-Construction and Specialty Cleaning in Sweetwater, TX | Air Care Restoration",Post-Construction and Specialty Cleaning in Sweetwater,"24/7 post-construction and specialty cleaning in Sweetwater, TX. IICRC-certified, insurance billing accepted. Call (325) 339-8723.",post-construction and specialty cleaning sweetwater,post construction cleanup|construction debris cleaning|final clean|deep cleaning after renovation,local_service,,,900,hero|og|inline-1|inline-2,service|local-business|faq|breadcrumb-list,/services/post-construction-cleaning/|/service-areas/sweetwater-tx/|/service-areas/sweetwater-tx/fire-damage-restoration/|/service-areas/sweetwater-tx/mold-remediation/|/service-areas/abilene-tx/post-construction-cleaning/|/service-areas/anson-tx/post-construction-cleaning/|/contact/,2.80,planned
/service-areas/tuscola-tx/post-construction-cleaning/,service-area-service,"Post-Construction and Specialty Cleaning in Tuscola, TX | Air Care Restoration",Post-Construction and Specialty Cleaning in Tuscola,"24/7 post-construction and specialty cleaning in Tuscola, TX. IICRC-certified, insurance billing accepted. Call (325) 339-8723.",post-construction and specialty cleaning tuscola,post construction cleanup|construction debris cleaning|final clean|deep cleaning after renovation,local_service,,,900,hero|og|inline-1|inline-2,service|local-business|faq|breadcrumb-list,/services/post-construction-cleaning/|/service-areas/tuscola-tx/|/service-areas/tuscola-tx/fire-damage-restoration/|/service-areas/tuscola-tx/mold-remediation/|/service-areas/abilene-tx/post-construction-cleaning/|/service-areas/anson-tx/post-construction-cleaning/|/contact/,2.80,planned
/service-areas/tye-tx/post-construction-cleaning/,service-area-service,"Post-Construction and Specialty Cleaning in Tye, TX | Air Care Restoration",Post-Construction and Specialty Cleaning in Tye,"24/7 post-construction and specialty cleaning in Tye, TX. IICRC-certified, insurance billing accepted. Call (325) 339-8723.",post-construction and specialty cleaning tye,post construction cleanup|construction debris cleaning|final clean|deep cleaning after renovation,local_service,,,900,hero|og|inline-1|inline-2,service|local-business|faq|breadcrumb-list,/services/post-construction-cleaning/|/service-areas/tye-tx/|/service-areas/tye-tx/fire-damage-restoration/|/service-areas/tye-tx/mold-remediation/|/service-areas/abilene-tx/post-construction-cleaning/|/service-areas/anson-tx/post-construction-cleaning/|/contact/,2.80,planned
/about/,about,About Air Care Restoration | Abilene Restoration Company,About Air Care Restoration,"Air Care Restoration has served Abilene since 2026. Meet our IICRC-certified restoration team. Licensed, insured, locally owned.",air care restoration abilene,local restoration company|iicrc certified restoration|licensed restoration contractor,navigational_trust,,,700,hero|og|inline-1,organization|website|local-business|aggregate-rating|breadcrumb-list,/|/services/|/contact/,2.50,planned
/contact/,contact,Contact Air Care Restoration | 24/7 Restoration in Abilene,Contact Air Care Restoration,Call (325) 339-8723 for 24/7 emergency restoration in Abilene and surrounding areas. Free estimates. Direct insurance billing.,air care restoration contact,restoration company contact|24/7 restoration phone|emergency restoration near me,navigational_action,,,400,hero|og,organization|website|local-business|breadcrumb-list,/|/services/|/service-areas/,2.50,planned
/accessibility/,legal,Accessibility Statement | Air Care Restoration,Accessibility Statement,Accessibility Statement | {brand.display_name}.,air care restoration accessibility,,navigational_legal,,,400,og,,,1.00,planned
/privacy/,legal,Privacy Policy | Air Care Restoration,Privacy Policy,Privacy Policy | {brand.display_name}.,air care restoration privacy,,navigational_legal,,,600,og,,,1.00,planned
/terms/,legal,Terms of Service | Air Care Restoration,Terms of Service,Terms of Service | {brand.display_name}.,air care restoration terms,,navigational_legal,,,600,og,,,1.00,planned
