url_path,archetype,title,h1,meta_description,primary_keyword,secondary_keywords,search_intent,search_volume,difficulty,target_word_count,image_roles,schema_stubs,internal_links_out,priority,status
/services/fire-damage-restoration/,service-landing,Fire Damage Restoration in Santa Maria | Coastal Restoration Services Inc,Fire Damage Restoration in Santa Maria,"Fire damage restoration in Santa Maria and surrounding areas. IICRC-certified, insurance billing accepted. Call (805) 345-7440.",fire damage restoration santa maria,fire cleanup|fire and smoke restoration|structural fire damage|post-fire restoration|fire damage repair,local_emergency,,,1100,hero|og|inline-1|inline-2,service|local-business|faq|breadcrumb-list,/services/|/contact/|/service-areas/arroyo-grande-ca/fire-damage-restoration/|/service-areas/atascadero-ca/fire-damage-restoration/|/service-areas/avila-beach-ca/fire-damage-restoration/|/service-areas/ballard-ca/fire-damage-restoration/|/service-areas/blacklake-ca/fire-damage-restoration/|/service-areas/buellton-ca/fire-damage-restoration/|/service-areas/callender-ca/fire-damage-restoration/|/service-areas/cambria-ca/fire-damage-restoration/|/service-areas/edna-ca/fire-damage-restoration/|/service-areas/el-paso-de-robles-ca/fire-damage-restoration/|/service-areas/grover-beach-ca/fire-damage-restoration/|/service-areas/guadalupe-ca/fire-damage-restoration/|/blog/choosing-a-restoration-company/|/blog/fire-damage-restoration-process/,9.00,planned
/services/mold-remediation/,service-landing,Mold Remediation in Santa Maria | Coastal Restoration Services Inc,Mold Remediation in Santa Maria,"Mold remediation in Santa Maria and surrounding areas. IICRC-certified, insurance billing accepted. Call (805) 345-7440.",mold remediation santa maria,mold removal|black mold remediation|mold abatement|mold containment|mold cleanup,local_health,,,1100,hero|og|inline-1|inline-2,service|local-business|faq|breadcrumb-list,/services/|/contact/|/service-areas/arroyo-grande-ca/mold-remediation/|/service-areas/atascadero-ca/mold-remediation/|/service-areas/avila-beach-ca/mold-remediation/|/service-areas/ballard-ca/mold-remediation/|/service-areas/blacklake-ca/mold-remediation/|/service-areas/buellton-ca/mold-remediation/|/service-areas/callender-ca/mold-remediation/|/service-areas/cambria-ca/mold-remediation/|/service-areas/edna-ca/mold-remediation/|/service-areas/el-paso-de-robles-ca/mold-remediation/|/service-areas/grover-beach-ca/mold-remediation/|/service-areas/guadalupe-ca/mold-remediation/|/blog/choosing-a-restoration-company/|/blog/how-to-test-for-mold/|/blog/signs-of-hidden-mold/,9.00,planned
/services/water-damage-restoration/,service-landing,Water Damage Restoration in Santa Maria | Coastal Restoration Services Inc,Water Damage Restoration in Santa Maria,"Water damage restoration in Santa Maria and surrounding areas. IICRC-certified, insurance billing accepted. Call (805) 345-7440.",water damage restoration santa maria,water removal|water extraction|water cleanup|structural drying|water mitigation,local_emergency,,,1100,hero|og|inline-1|inline-2,service|local-business|faq|breadcrumb-list,/services/|/contact/|/service-areas/arroyo-grande-ca/water-damage-restoration/|/service-areas/atascadero-ca/water-damage-restoration/|/service-areas/avila-beach-ca/water-damage-restoration/|/service-areas/ballard-ca/water-damage-restoration/|/service-areas/blacklake-ca/water-damage-restoration/|/service-areas/buellton-ca/water-damage-restoration/|/service-areas/callender-ca/water-damage-restoration/|/service-areas/cambria-ca/water-damage-restoration/|/service-areas/edna-ca/water-damage-restoration/|/service-areas/el-paso-de-robles-ca/water-damage-restoration/|/service-areas/grover-beach-ca/water-damage-restoration/|/service-areas/guadalupe-ca/water-damage-restoration/|/services/emergency-water-removal/|/blog/burst-pipe-emergency-checklist/|/blog/what-to-do-first-24-hours-water-damage/|/blog/choosing-a-restoration-company/,9.00,planned
/services/commercial-restoration/,service-landing,Commercial Restoration in Santa Maria | Coastal Restoration Services Inc,Commercial Restoration in Santa Maria,"Commercial restoration in Santa Maria and surrounding areas. IICRC-certified, insurance billing accepted. Call (805) 345-7440.",commercial restoration santa maria,commercial water damage|commercial fire damage|business restoration|office restoration|retail restoration,local_b2b,,,1100,hero|og|inline-1|inline-2,service|local-business|faq|breadcrumb-list,/services/|/contact/|/service-areas/arroyo-grande-ca/commercial-restoration/|/service-areas/atascadero-ca/commercial-restoration/|/service-areas/avila-beach-ca/commercial-restoration/|/service-areas/ballard-ca/commercial-restoration/|/service-areas/blacklake-ca/commercial-restoration/|/service-areas/buellton-ca/commercial-restoration/|/service-areas/callender-ca/commercial-restoration/|/service-areas/cambria-ca/commercial-restoration/|/service-areas/edna-ca/commercial-restoration/|/service-areas/el-paso-de-robles-ca/commercial-restoration/|/service-areas/grover-beach-ca/commercial-restoration/|/service-areas/guadalupe-ca/commercial-restoration/,8.10,planned
/services/emergency-plumbing/,service-landing,Plumbing in Santa Maria | Coastal Restoration Services Inc,Plumbing in Santa Maria,"Plumbing in Santa Maria and surrounding areas. IICRC-certified, insurance billing accepted. Call (805) 345-7440.",emergency plumbing santa maria,24 hour plumber|burst pipe plumber,local_emergency,,,1100,hero|og|inline-1|inline-2,service|local-business|faq|breadcrumb-list,/services/|/contact/|/service-areas/arroyo-grande-ca/emergency-plumbing/|/service-areas/atascadero-ca/emergency-plumbing/|/service-areas/avila-beach-ca/emergency-plumbing/|/service-areas/ballard-ca/emergency-plumbing/|/service-areas/blacklake-ca/emergency-plumbing/|/service-areas/buellton-ca/emergency-plumbing/|/service-areas/callender-ca/emergency-plumbing/|/service-areas/cambria-ca/emergency-plumbing/|/service-areas/edna-ca/emergency-plumbing/|/service-areas/el-paso-de-robles-ca/emergency-plumbing/|/service-areas/grover-beach-ca/emergency-plumbing/|/service-areas/guadalupe-ca/emergency-plumbing/,8.10,planned
/services/emergency-water-removal/,service-landing,Water Removal & Cleanup in Santa Maria | Coastal Restoration Services Inc,Water Removal & Cleanup in Santa Maria,"Water removal & cleanup in Santa Maria and surrounding areas. IICRC-certified, insurance billing accepted. Call (805) 345-7440.",emergency water removal & cleanup santa maria,water extraction|water removal|water cleanup|standing water removal,local_emergency,,,1100,hero|og|inline-1|inline-2,service|local-business|faq|breadcrumb-list,/services/|/contact/|/service-areas/arroyo-grande-ca/emergency-water-removal/|/service-areas/atascadero-ca/emergency-water-removal/|/service-areas/avila-beach-ca/emergency-water-removal/|/service-areas/ballard-ca/emergency-water-removal/|/service-areas/blacklake-ca/emergency-water-removal/|/service-areas/buellton-ca/emergency-water-removal/|/service-areas/callender-ca/emergency-water-removal/|/service-areas/cambria-ca/emergency-water-removal/|/service-areas/edna-ca/emergency-water-removal/|/service-areas/el-paso-de-robles-ca/emergency-water-removal/|/service-areas/grover-beach-ca/emergency-water-removal/|/service-areas/guadalupe-ca/emergency-water-removal/|/services/water-damage-restoration/,8.10,planned
/services/flood-damage-restoration/,service-landing,Flood Damage Restoration in Santa Maria | Coastal Restoration Services Inc,Flood Damage Restoration in Santa Maria,"Flood damage restoration in Santa Maria and surrounding areas. IICRC-certified, insurance billing accepted. Call (805) 345-7440.",flood damage restoration santa maria,flood cleanup|flood restoration|post-flood restoration|residential flood damage|flood damage repair,local_emergency,,,1100,hero|og|inline-1|inline-2,service|local-business|faq|breadcrumb-list,/services/|/contact/|/service-areas/arroyo-grande-ca/flood-damage-restoration/|/service-areas/atascadero-ca/flood-damage-restoration/|/service-areas/avila-beach-ca/flood-damage-restoration/|/service-areas/ballard-ca/flood-damage-restoration/|/service-areas/blacklake-ca/flood-damage-restoration/|/service-areas/buellton-ca/flood-damage-restoration/|/service-areas/callender-ca/flood-damage-restoration/|/service-areas/cambria-ca/flood-damage-restoration/|/service-areas/edna-ca/flood-damage-restoration/|/service-areas/el-paso-de-robles-ca/flood-damage-restoration/|/service-areas/grover-beach-ca/flood-damage-restoration/|/service-areas/guadalupe-ca/flood-damage-restoration/,8.10,planned
/services/reconstruction/,service-landing,Reconstruction Services in Santa Maria | Coastal Restoration Services Inc,Reconstruction Services in Santa Maria,"Reconstruction services in Santa Maria and surrounding areas. IICRC-certified, insurance billing accepted. Call (805) 345-7440.",reconstruction services santa maria,post-damage reconstruction|rebuild services|structural reconstruction|post-disaster rebuilding|fire damage reconstruction,local_commercial,,,1100,hero|og|inline-1|inline-2,service|local-business|faq|breadcrumb-list,/services/|/contact/|/service-areas/arroyo-grande-ca/reconstruction/|/service-areas/atascadero-ca/reconstruction/|/service-areas/avila-beach-ca/reconstruction/|/service-areas/ballard-ca/reconstruction/|/service-areas/blacklake-ca/reconstruction/|/service-areas/buellton-ca/reconstruction/|/service-areas/callender-ca/reconstruction/|/service-areas/cambria-ca/reconstruction/|/service-areas/edna-ca/reconstruction/|/service-areas/el-paso-de-robles-ca/reconstruction/|/service-areas/grover-beach-ca/reconstruction/|/service-areas/guadalupe-ca/reconstruction/,8.10,planned
/services/sewage-cleanup/,service-landing,Sewage Cleanup and Sanitization in Santa Maria | Coastal Restoration Services Inc,Sewage Cleanup and Sanitization in Santa Maria,"Sewage cleanup and sanitization in Santa Maria and surrounding areas. IICRC-certified, insurance billing accepted. Call (805) 345-7440.",sewage cleanup and sanitization santa maria,sewage backup cleanup|raw sewage removal|septic overflow cleanup|sewer line backup|sanitization services,local_emergency,,,1100,hero|og|inline-1|inline-2,service|local-business|faq|breadcrumb-list,/services/|/contact/|/service-areas/arroyo-grande-ca/sewage-cleanup/|/service-areas/atascadero-ca/sewage-cleanup/|/service-areas/avila-beach-ca/sewage-cleanup/|/service-areas/ballard-ca/sewage-cleanup/|/service-areas/blacklake-ca/sewage-cleanup/|/service-areas/buellton-ca/sewage-cleanup/|/service-areas/callender-ca/sewage-cleanup/|/service-areas/cambria-ca/sewage-cleanup/|/service-areas/edna-ca/sewage-cleanup/|/service-areas/el-paso-de-robles-ca/sewage-cleanup/|/service-areas/grover-beach-ca/sewage-cleanup/|/service-areas/guadalupe-ca/sewage-cleanup/,8.10,planned
/services/smoke-damage-restoration/,service-landing,Smoke Damage Restoration in Santa Maria | Coastal Restoration Services Inc,Smoke Damage Restoration in Santa Maria,"Smoke damage restoration in Santa Maria and surrounding areas. IICRC-certified, insurance billing accepted. Call (805) 345-7440.",smoke damage restoration santa maria,smoke residue cleanup|smoke damage repair|post-fire smoke cleanup|smoke damage restoration services|wildfire smoke cleanup,local_emergency,,,1100,hero|og|inline-1|inline-2,service|local-business|faq|breadcrumb-list,/services/|/contact/|/service-areas/arroyo-grande-ca/smoke-damage-restoration/|/service-areas/atascadero-ca/smoke-damage-restoration/|/service-areas/avila-beach-ca/smoke-damage-restoration/|/service-areas/ballard-ca/smoke-damage-restoration/|/service-areas/blacklake-ca/smoke-damage-restoration/|/service-areas/buellton-ca/smoke-damage-restoration/|/service-areas/callender-ca/smoke-damage-restoration/|/service-areas/cambria-ca/smoke-damage-restoration/|/service-areas/edna-ca/smoke-damage-restoration/|/service-areas/el-paso-de-robles-ca/smoke-damage-restoration/|/service-areas/grover-beach-ca/smoke-damage-restoration/|/service-areas/guadalupe-ca/smoke-damage-restoration/|/blog/fire-damage-restoration-process/,8.10,planned
/services/storm-damage-restoration/,service-landing,Storm Damage Restoration in Santa Maria | Coastal Restoration Services Inc,Storm Damage Restoration in Santa Maria,"Storm damage restoration in Santa Maria and surrounding areas. IICRC-certified, insurance billing accepted. Call (805) 345-7440.",storm damage restoration santa maria,hurricane damage cleanup|tornado damage cleanup|tree damage cleanup|storm cleanup services|severe weather damage repair,local_emergency,,,1100,hero|og|inline-1|inline-2,service|local-business|faq|breadcrumb-list,/services/|/contact/|/service-areas/arroyo-grande-ca/storm-damage-restoration/|/service-areas/atascadero-ca/storm-damage-restoration/|/service-areas/avila-beach-ca/storm-damage-restoration/|/service-areas/ballard-ca/storm-damage-restoration/|/service-areas/blacklake-ca/storm-damage-restoration/|/service-areas/buellton-ca/storm-damage-restoration/|/service-areas/callender-ca/storm-damage-restoration/|/service-areas/cambria-ca/storm-damage-restoration/|/service-areas/edna-ca/storm-damage-restoration/|/service-areas/el-paso-de-robles-ca/storm-damage-restoration/|/service-areas/grover-beach-ca/storm-damage-restoration/|/service-areas/guadalupe-ca/storm-damage-restoration/,8.10,planned
/services/basement-flooding-cleanup/,service-landing,Basement Flooding Cleanup in Santa Maria | Coastal Restoration Services Inc,Basement Flooding Cleanup in Santa Maria,"Basement flooding cleanup in Santa Maria and surrounding areas. IICRC-certified, insurance billing accepted. Call (805) 345-7440.",basement flooding cleanup santa maria,flooded basement cleanup|basement water removal|wet basement restoration|basement water damage|basement drying,local_emergency,,,1100,hero|og|inline-1|inline-2,service|local-business|faq|breadcrumb-list,/services/|/contact/|/service-areas/arroyo-grande-ca/basement-flooding-cleanup/|/service-areas/atascadero-ca/basement-flooding-cleanup/|/service-areas/avila-beach-ca/basement-flooding-cleanup/|/service-areas/ballard-ca/basement-flooding-cleanup/|/service-areas/blacklake-ca/basement-flooding-cleanup/|/service-areas/buellton-ca/basement-flooding-cleanup/|/service-areas/callender-ca/basement-flooding-cleanup/|/service-areas/cambria-ca/basement-flooding-cleanup/|/service-areas/edna-ca/basement-flooding-cleanup/|/service-areas/el-paso-de-robles-ca/basement-flooding-cleanup/|/service-areas/grover-beach-ca/basement-flooding-cleanup/|/service-areas/guadalupe-ca/basement-flooding-cleanup/,7.20,planned
/services/biohazard-cleanup/,service-landing,Biohazard Cleanup in Santa Maria | Coastal Restoration Services Inc,Biohazard Cleanup in Santa Maria,"Biohazard cleanup in Santa Maria and surrounding areas. IICRC-certified, insurance billing accepted. Call (805) 345-7440.",biohazard cleanup santa maria,biohazard remediation|blood cleanup|bodily fluid cleanup|sharps and needle cleanup|infectious material cleanup,local_sensitive,,,1100,hero|og|inline-1|inline-2,service|local-business|faq|breadcrumb-list,/services/|/contact/|/service-areas/arroyo-grande-ca/biohazard-cleanup/|/service-areas/atascadero-ca/biohazard-cleanup/|/service-areas/avila-beach-ca/biohazard-cleanup/|/service-areas/ballard-ca/biohazard-cleanup/|/service-areas/blacklake-ca/biohazard-cleanup/|/service-areas/buellton-ca/biohazard-cleanup/|/service-areas/callender-ca/biohazard-cleanup/|/service-areas/cambria-ca/biohazard-cleanup/|/service-areas/edna-ca/biohazard-cleanup/|/service-areas/el-paso-de-robles-ca/biohazard-cleanup/|/service-areas/grover-beach-ca/biohazard-cleanup/|/service-areas/guadalupe-ca/biohazard-cleanup/,7.20,planned
/services/burst-pipe-repair/,service-landing,Burst Pipe Cleanup and Repair in Santa Maria | Coastal Restoration Services Inc,Burst Pipe Cleanup and Repair in Santa Maria,"Burst pipe cleanup and repair in Santa Maria and surrounding areas. IICRC-certified, insurance billing accepted. Call (805) 345-7440.",burst pipe cleanup and repair santa maria,burst pipe cleanup|pipe break water damage|water line break,local_emergency,,,1100,hero|og|inline-1|inline-2,service|local-business|faq|breadcrumb-list,/services/|/contact/|/service-areas/arroyo-grande-ca/burst-pipe-repair/|/service-areas/atascadero-ca/burst-pipe-repair/|/service-areas/avila-beach-ca/burst-pipe-repair/|/service-areas/ballard-ca/burst-pipe-repair/|/service-areas/blacklake-ca/burst-pipe-repair/|/service-areas/buellton-ca/burst-pipe-repair/|/service-areas/callender-ca/burst-pipe-repair/|/service-areas/cambria-ca/burst-pipe-repair/|/service-areas/edna-ca/burst-pipe-repair/|/service-areas/el-paso-de-robles-ca/burst-pipe-repair/|/service-areas/grover-beach-ca/burst-pipe-repair/|/service-areas/guadalupe-ca/burst-pipe-repair/,7.20,planned
/services/ceiling-water-damage-repair/,service-landing,Ceiling Water Damage Repair in Santa Maria | Coastal Restoration Services Inc,Ceiling Water Damage Repair in Santa Maria,"Ceiling water damage repair in Santa Maria and surrounding areas. IICRC-certified, insurance billing accepted. Call (805) 345-7440.",ceiling water damage repair santa maria,ceiling leaking|water coming through ceiling|ceiling leak repair|sagging ceiling water damage|water stain ceiling,local_emergency,,,1100,hero|og|inline-1|inline-2,service|local-business|faq|breadcrumb-list,/services/|/contact/|/service-areas/arroyo-grande-ca/ceiling-water-damage-repair/|/service-areas/atascadero-ca/ceiling-water-damage-repair/|/service-areas/avila-beach-ca/ceiling-water-damage-repair/|/service-areas/ballard-ca/ceiling-water-damage-repair/|/service-areas/blacklake-ca/ceiling-water-damage-repair/|/service-areas/buellton-ca/ceiling-water-damage-repair/|/service-areas/callender-ca/ceiling-water-damage-repair/|/service-areas/cambria-ca/ceiling-water-damage-repair/|/service-areas/edna-ca/ceiling-water-damage-repair/|/service-areas/el-paso-de-robles-ca/ceiling-water-damage-repair/|/service-areas/grover-beach-ca/ceiling-water-damage-repair/|/service-areas/guadalupe-ca/ceiling-water-damage-repair/,7.20,planned
/services/general-contracting/,service-landing,"Renovations, Remodels and General Contracting in Santa Maria | Coastal Restoration Services Inc","Renovations, Remodels and General Contracting in Santa Maria","Renovations, remodels and general contracting in Santa Maria and surrounding areas. IICRC-certified, insurance billing accepted. Call (805) 345-7440.","renovations, remodels and general contracting santa maria",general contractor|home renovation services|home remodeling|kitchen remodel|bathroom remodel|post-damage rebuild,local_commercial,,,1100,hero|og|inline-1|inline-2,service|local-business|faq|breadcrumb-list,/services/|/contact/|/service-areas/arroyo-grande-ca/general-contracting/|/service-areas/atascadero-ca/general-contracting/|/service-areas/avila-beach-ca/general-contracting/|/service-areas/ballard-ca/general-contracting/|/service-areas/blacklake-ca/general-contracting/|/service-areas/buellton-ca/general-contracting/|/service-areas/callender-ca/general-contracting/|/service-areas/cambria-ca/general-contracting/|/service-areas/edna-ca/general-contracting/|/service-areas/el-paso-de-robles-ca/general-contracting/|/service-areas/grover-beach-ca/general-contracting/|/service-areas/guadalupe-ca/general-contracting/,7.20,planned
/services/large-loss-response/,service-landing,Large Loss and Catastrophic Response in Santa Maria | Coastal Restoration Services Inc,Large Loss and Catastrophic Response in Santa Maria,"Large loss and catastrophic response in Santa Maria and surrounding areas. IICRC-certified, insurance billing accepted. Call (805) 345-7440.",large loss and catastrophic response santa maria,large loss restoration|catastrophic loss response|commercial catastrophic restoration|multi-million dollar restoration|large loss adjusters,local_b2b,,,1100,hero|og|inline-1|inline-2,service|local-business|faq|breadcrumb-list,/services/|/contact/|/service-areas/arroyo-grande-ca/large-loss-response/|/service-areas/atascadero-ca/large-loss-response/|/service-areas/avila-beach-ca/large-loss-response/|/service-areas/ballard-ca/large-loss-response/|/service-areas/blacklake-ca/large-loss-response/|/service-areas/buellton-ca/large-loss-response/|/service-areas/callender-ca/large-loss-response/|/service-areas/cambria-ca/large-loss-response/|/service-areas/edna-ca/large-loss-response/|/service-areas/el-paso-de-robles-ca/large-loss-response/|/service-areas/grover-beach-ca/large-loss-response/|/service-areas/guadalupe-ca/large-loss-response/,7.20,planned
/services/mold-inspection-testing/,service-landing,Mold Inspection and Testing in Santa Maria | Coastal Restoration Services Inc,Mold Inspection and Testing in Santa Maria,"Mold inspection and testing in Santa Maria and surrounding areas. IICRC-certified, insurance billing accepted. Call (805) 345-7440.",mold inspection and testing santa maria,mold inspection|mold testing|indoor air quality testing|mold spore testing|mold assessment,local_health,,,1100,hero|og|inline-1|inline-2,service|local-business|faq|breadcrumb-list,/services/|/contact/|/service-areas/arroyo-grande-ca/mold-inspection-testing/|/service-areas/atascadero-ca/mold-inspection-testing/|/service-areas/avila-beach-ca/mold-inspection-testing/|/service-areas/ballard-ca/mold-inspection-testing/|/service-areas/blacklake-ca/mold-inspection-testing/|/service-areas/buellton-ca/mold-inspection-testing/|/service-areas/callender-ca/mold-inspection-testing/|/service-areas/cambria-ca/mold-inspection-testing/|/service-areas/edna-ca/mold-inspection-testing/|/service-areas/el-paso-de-robles-ca/mold-inspection-testing/|/service-areas/grover-beach-ca/mold-inspection-testing/|/service-areas/guadalupe-ca/mold-inspection-testing/|/blog/how-to-test-for-mold/,7.20,planned
/service-areas/arroyo-grande-ca/fire-damage-restoration/,service-area-service,"Fire Damage Restoration in Arroyo Grande, CA | Coastal Restoration Services Inc",Fire Damage Restoration in Arroyo Grande,"Fire damage restoration in Arroyo Grande, CA. IICRC-certified, insurance billing accepted. Call (805) 345-7440.",fire damage restoration arroyo grande,fire cleanup|fire and smoke restoration|structural fire damage|post-fire restoration|fire damage repair,local_emergency,,,900,hero|og|inline-1|inline-2,service|local-business|faq|breadcrumb-list,/services/fire-damage-restoration/|/service-areas/arroyo-grande-ca/|/service-areas/arroyo-grande-ca/mold-remediation/|/service-areas/arroyo-grande-ca/water-damage-restoration/|/service-areas/atascadero-ca/fire-damage-restoration/|/service-areas/avila-beach-ca/fire-damage-restoration/|/contact/,7.00,planned
/service-areas/arroyo-grande-ca/mold-remediation/,service-area-service,"Mold Remediation in Arroyo Grande, CA | Coastal Restoration Services Inc",Mold Remediation in Arroyo Grande,"Mold remediation in Arroyo Grande, CA. IICRC-certified, insurance billing accepted. Call (805) 345-7440.",mold remediation arroyo grande,mold removal|black mold remediation|mold abatement|mold containment|mold cleanup,local_health,,,900,hero|og|inline-1|inline-2,service|local-business|faq|breadcrumb-list,/services/mold-remediation/|/service-areas/arroyo-grande-ca/|/service-areas/arroyo-grande-ca/fire-damage-restoration/|/service-areas/arroyo-grande-ca/water-damage-restoration/|/service-areas/atascadero-ca/mold-remediation/|/service-areas/avila-beach-ca/mold-remediation/|/contact/,7.00,planned
/service-areas/arroyo-grande-ca/water-damage-restoration/,service-area-service,"Water Damage Restoration in Arroyo Grande, CA | Coastal Restoration Services Inc",Water Damage Restoration in Arroyo Grande,"Water damage restoration in Arroyo Grande, CA. IICRC-certified, insurance billing accepted. Call (805) 345-7440.",water damage restoration arroyo grande,water removal|water extraction|water cleanup|structural drying|water mitigation,local_emergency,,,900,hero|og|inline-1|inline-2,service|local-business|faq|breadcrumb-list,/services/water-damage-restoration/|/service-areas/arroyo-grande-ca/|/service-areas/arroyo-grande-ca/fire-damage-restoration/|/service-areas/arroyo-grande-ca/mold-remediation/|/service-areas/atascadero-ca/water-damage-restoration/|/service-areas/avila-beach-ca/water-damage-restoration/|/contact/,7.00,planned
/service-areas/atascadero-ca/fire-damage-restoration/,service-area-service,"Fire Damage Restoration in Atascadero, CA | Coastal Restoration Services Inc",Fire Damage Restoration in Atascadero,"Fire damage restoration in Atascadero, CA. IICRC-certified, insurance billing accepted. Call (805) 345-7440.",fire damage restoration atascadero,fire cleanup|fire and smoke restoration|structural fire damage|post-fire restoration|fire damage repair,local_emergency,,,900,hero|og|inline-1|inline-2,service|local-business|faq|breadcrumb-list,/services/fire-damage-restoration/|/service-areas/atascadero-ca/|/service-areas/atascadero-ca/mold-remediation/|/service-areas/atascadero-ca/water-damage-restoration/|/service-areas/arroyo-grande-ca/fire-damage-restoration/|/service-areas/avila-beach-ca/fire-damage-restoration/|/contact/,7.00,planned
/service-areas/atascadero-ca/mold-remediation/,service-area-service,"Mold Remediation in Atascadero, CA | Coastal Restoration Services Inc",Mold Remediation in Atascadero,"Mold remediation in Atascadero, CA. IICRC-certified, insurance billing accepted. Call (805) 345-7440.",mold remediation atascadero,mold removal|black mold remediation|mold abatement|mold containment|mold cleanup,local_health,,,900,hero|og|inline-1|inline-2,service|local-business|faq|breadcrumb-list,/services/mold-remediation/|/service-areas/atascadero-ca/|/service-areas/atascadero-ca/fire-damage-restoration/|/service-areas/atascadero-ca/water-damage-restoration/|/service-areas/arroyo-grande-ca/mold-remediation/|/service-areas/avila-beach-ca/mold-remediation/|/contact/,7.00,planned
/service-areas/atascadero-ca/water-damage-restoration/,service-area-service,"Water Damage Restoration in Atascadero, CA | Coastal Restoration Services Inc",Water Damage Restoration in Atascadero,"Water damage restoration in Atascadero, CA. IICRC-certified, insurance billing accepted. Call (805) 345-7440.",water damage restoration atascadero,water removal|water extraction|water cleanup|structural drying|water mitigation,local_emergency,,,900,hero|og|inline-1|inline-2,service|local-business|faq|breadcrumb-list,/services/water-damage-restoration/|/service-areas/atascadero-ca/|/service-areas/atascadero-ca/fire-damage-restoration/|/service-areas/atascadero-ca/mold-remediation/|/service-areas/arroyo-grande-ca/water-damage-restoration/|/service-areas/avila-beach-ca/water-damage-restoration/|/contact/,7.00,planned
/service-areas/avila-beach-ca/fire-damage-restoration/,service-area-service,"Fire Damage Restoration in Avila Beach, CA | Coastal Restoration Services Inc",Fire Damage Restoration in Avila Beach,"Fire damage restoration in Avila Beach, CA. IICRC-certified, insurance billing accepted. Call (805) 345-7440.",fire damage restoration avila beach,fire cleanup|fire and smoke restoration|structural fire damage|post-fire restoration|fire damage repair,local_emergency,,,900,hero|og|inline-1|inline-2,service|local-business|faq|breadcrumb-list,/services/fire-damage-restoration/|/service-areas/avila-beach-ca/|/service-areas/avila-beach-ca/mold-remediation/|/service-areas/avila-beach-ca/water-damage-restoration/|/service-areas/arroyo-grande-ca/fire-damage-restoration/|/service-areas/atascadero-ca/fire-damage-restoration/|/contact/,7.00,planned
/service-areas/avila-beach-ca/mold-remediation/,service-area-service,"Mold Remediation in Avila Beach, CA | Coastal Restoration Services Inc",Mold Remediation in Avila Beach,"Mold remediation in Avila Beach, CA. IICRC-certified, insurance billing accepted. Call (805) 345-7440.",mold remediation avila beach,mold removal|black mold remediation|mold abatement|mold containment|mold cleanup,local_health,,,900,hero|og|inline-1|inline-2,service|local-business|faq|breadcrumb-list,/services/mold-remediation/|/service-areas/avila-beach-ca/|/service-areas/avila-beach-ca/fire-damage-restoration/|/service-areas/avila-beach-ca/water-damage-restoration/|/service-areas/arroyo-grande-ca/mold-remediation/|/service-areas/atascadero-ca/mold-remediation/|/contact/,7.00,planned
/service-areas/avila-beach-ca/water-damage-restoration/,service-area-service,"Water Damage Restoration in Avila Beach, CA | Coastal Restoration Services Inc",Water Damage Restoration in Avila Beach,"Water damage restoration in Avila Beach, CA. IICRC-certified, insurance billing accepted. Call (805) 345-7440.",water damage restoration avila beach,water removal|water extraction|water cleanup|structural drying|water mitigation,local_emergency,,,900,hero|og|inline-1|inline-2,service|local-business|faq|breadcrumb-list,/services/water-damage-restoration/|/service-areas/avila-beach-ca/|/service-areas/avila-beach-ca/fire-damage-restoration/|/service-areas/avila-beach-ca/mold-remediation/|/service-areas/arroyo-grande-ca/water-damage-restoration/|/service-areas/atascadero-ca/water-damage-restoration/|/contact/,7.00,planned
/service-areas/ballard-ca/fire-damage-restoration/,service-area-service,"Fire Damage Restoration in Ballard, CA | Coastal Restoration Services Inc",Fire Damage Restoration in Ballard,"Fire damage restoration in Ballard, CA. IICRC-certified, insurance billing accepted. Call (805) 345-7440.",fire damage restoration ballard,fire cleanup|fire and smoke restoration|structural fire damage|post-fire restoration|fire damage repair,local_emergency,,,900,hero|og|inline-1|inline-2,service|local-business|faq|breadcrumb-list,/services/fire-damage-restoration/|/service-areas/ballard-ca/|/service-areas/ballard-ca/mold-remediation/|/service-areas/ballard-ca/water-damage-restoration/|/service-areas/arroyo-grande-ca/fire-damage-restoration/|/service-areas/atascadero-ca/fire-damage-restoration/|/contact/,7.00,planned
/service-areas/ballard-ca/mold-remediation/,service-area-service,"Mold Remediation in Ballard, CA | Coastal Restoration Services Inc",Mold Remediation in Ballard,"Mold remediation in Ballard, CA. IICRC-certified, insurance billing accepted. Call (805) 345-7440.",mold remediation ballard,mold removal|black mold remediation|mold abatement|mold containment|mold cleanup,local_health,,,900,hero|og|inline-1|inline-2,service|local-business|faq|breadcrumb-list,/services/mold-remediation/|/service-areas/ballard-ca/|/service-areas/ballard-ca/fire-damage-restoration/|/service-areas/ballard-ca/water-damage-restoration/|/service-areas/arroyo-grande-ca/mold-remediation/|/service-areas/atascadero-ca/mold-remediation/|/contact/,7.00,planned
/service-areas/ballard-ca/water-damage-restoration/,service-area-service,"Water Damage Restoration in Ballard, CA | Coastal Restoration Services Inc",Water Damage Restoration in Ballard,"Water damage restoration in Ballard, CA. IICRC-certified, insurance billing accepted. Call (805) 345-7440.",water damage restoration ballard,water removal|water extraction|water cleanup|structural drying|water mitigation,local_emergency,,,900,hero|og|inline-1|inline-2,service|local-business|faq|breadcrumb-list,/services/water-damage-restoration/|/service-areas/ballard-ca/|/service-areas/ballard-ca/fire-damage-restoration/|/service-areas/ballard-ca/mold-remediation/|/service-areas/arroyo-grande-ca/water-damage-restoration/|/service-areas/atascadero-ca/water-damage-restoration/|/contact/,7.00,planned
/service-areas/blacklake-ca/fire-damage-restoration/,service-area-service,"Fire Damage Restoration in Blacklake, CA | Coastal Restoration Services Inc",Fire Damage Restoration in Blacklake,"Fire damage restoration in Blacklake, CA. IICRC-certified, insurance billing accepted. Call (805) 345-7440.",fire damage restoration blacklake,fire cleanup|fire and smoke restoration|structural fire damage|post-fire restoration|fire damage repair,local_emergency,,,900,hero|og|inline-1|inline-2,service|local-business|faq|breadcrumb-list,/services/fire-damage-restoration/|/service-areas/blacklake-ca/|/service-areas/blacklake-ca/mold-remediation/|/service-areas/blacklake-ca/water-damage-restoration/|/service-areas/arroyo-grande-ca/fire-damage-restoration/|/service-areas/atascadero-ca/fire-damage-restoration/|/contact/,7.00,planned
/service-areas/blacklake-ca/mold-remediation/,service-area-service,"Mold Remediation in Blacklake, CA | Coastal Restoration Services Inc",Mold Remediation in Blacklake,"Mold remediation in Blacklake, CA. IICRC-certified, insurance billing accepted. Call (805) 345-7440.",mold remediation blacklake,mold removal|black mold remediation|mold abatement|mold containment|mold cleanup,local_health,,,900,hero|og|inline-1|inline-2,service|local-business|faq|breadcrumb-list,/services/mold-remediation/|/service-areas/blacklake-ca/|/service-areas/blacklake-ca/fire-damage-restoration/|/service-areas/blacklake-ca/water-damage-restoration/|/service-areas/arroyo-grande-ca/mold-remediation/|/service-areas/atascadero-ca/mold-remediation/|/contact/,7.00,planned
/service-areas/blacklake-ca/water-damage-restoration/,service-area-service,"Water Damage Restoration in Blacklake, CA | Coastal Restoration Services Inc",Water Damage Restoration in Blacklake,"Water damage restoration in Blacklake, CA. IICRC-certified, insurance billing accepted. Call (805) 345-7440.",water damage restoration blacklake,water removal|water extraction|water cleanup|structural drying|water mitigation,local_emergency,,,900,hero|og|inline-1|inline-2,service|local-business|faq|breadcrumb-list,/services/water-damage-restoration/|/service-areas/blacklake-ca/|/service-areas/blacklake-ca/fire-damage-restoration/|/service-areas/blacklake-ca/mold-remediation/|/service-areas/arroyo-grande-ca/water-damage-restoration/|/service-areas/atascadero-ca/water-damage-restoration/|/contact/,7.00,planned
/service-areas/buellton-ca/fire-damage-restoration/,service-area-service,"Fire Damage Restoration in Buellton, CA | Coastal Restoration Services Inc",Fire Damage Restoration in Buellton,"Fire damage restoration in Buellton, CA. IICRC-certified, insurance billing accepted. Call (805) 345-7440.",fire damage restoration buellton,fire cleanup|fire and smoke restoration|structural fire damage|post-fire restoration|fire damage repair,local_emergency,,,900,hero|og|inline-1|inline-2,service|local-business|faq|breadcrumb-list,/services/fire-damage-restoration/|/service-areas/buellton-ca/|/service-areas/buellton-ca/mold-remediation/|/service-areas/buellton-ca/water-damage-restoration/|/service-areas/arroyo-grande-ca/fire-damage-restoration/|/service-areas/atascadero-ca/fire-damage-restoration/|/contact/,7.00,planned
/service-areas/buellton-ca/mold-remediation/,service-area-service,"Mold Remediation in Buellton, CA | Coastal Restoration Services Inc",Mold Remediation in Buellton,"Mold remediation in Buellton, CA. IICRC-certified, insurance billing accepted. Call (805) 345-7440.",mold remediation buellton,mold removal|black mold remediation|mold abatement|mold containment|mold cleanup,local_health,,,900,hero|og|inline-1|inline-2,service|local-business|faq|breadcrumb-list,/services/mold-remediation/|/service-areas/buellton-ca/|/service-areas/buellton-ca/fire-damage-restoration/|/service-areas/buellton-ca/water-damage-restoration/|/service-areas/arroyo-grande-ca/mold-remediation/|/service-areas/atascadero-ca/mold-remediation/|/contact/,7.00,planned
/service-areas/buellton-ca/water-damage-restoration/,service-area-service,"Water Damage Restoration in Buellton, CA | Coastal Restoration Services Inc",Water Damage Restoration in Buellton,"Water damage restoration in Buellton, CA. IICRC-certified, insurance billing accepted. Call (805) 345-7440.",water damage restoration buellton,water removal|water extraction|water cleanup|structural drying|water mitigation,local_emergency,,,900,hero|og|inline-1|inline-2,service|local-business|faq|breadcrumb-list,/services/water-damage-restoration/|/service-areas/buellton-ca/|/service-areas/buellton-ca/fire-damage-restoration/|/service-areas/buellton-ca/mold-remediation/|/service-areas/arroyo-grande-ca/water-damage-restoration/|/service-areas/atascadero-ca/water-damage-restoration/|/contact/,7.00,planned
/service-areas/callender-ca/fire-damage-restoration/,service-area-service,"Fire Damage Restoration in Callender, CA | Coastal Restoration Services Inc",Fire Damage Restoration in Callender,"Fire damage restoration in Callender, CA. IICRC-certified, insurance billing accepted. Call (805) 345-7440.",fire damage restoration callender,fire cleanup|fire and smoke restoration|structural fire damage|post-fire restoration|fire damage repair,local_emergency,,,900,hero|og|inline-1|inline-2,service|local-business|faq|breadcrumb-list,/services/fire-damage-restoration/|/service-areas/callender-ca/|/service-areas/callender-ca/mold-remediation/|/service-areas/callender-ca/water-damage-restoration/|/service-areas/arroyo-grande-ca/fire-damage-restoration/|/service-areas/atascadero-ca/fire-damage-restoration/|/contact/,7.00,planned
/service-areas/callender-ca/mold-remediation/,service-area-service,"Mold Remediation in Callender, CA | Coastal Restoration Services Inc",Mold Remediation in Callender,"Mold remediation in Callender, CA. IICRC-certified, insurance billing accepted. Call (805) 345-7440.",mold remediation callender,mold removal|black mold remediation|mold abatement|mold containment|mold cleanup,local_health,,,900,hero|og|inline-1|inline-2,service|local-business|faq|breadcrumb-list,/services/mold-remediation/|/service-areas/callender-ca/|/service-areas/callender-ca/fire-damage-restoration/|/service-areas/callender-ca/water-damage-restoration/|/service-areas/arroyo-grande-ca/mold-remediation/|/service-areas/atascadero-ca/mold-remediation/|/contact/,7.00,planned
/service-areas/callender-ca/water-damage-restoration/,service-area-service,"Water Damage Restoration in Callender, CA | Coastal Restoration Services Inc",Water Damage Restoration in Callender,"Water damage restoration in Callender, CA. IICRC-certified, insurance billing accepted. Call (805) 345-7440.",water damage restoration callender,water removal|water extraction|water cleanup|structural drying|water mitigation,local_emergency,,,900,hero|og|inline-1|inline-2,service|local-business|faq|breadcrumb-list,/services/water-damage-restoration/|/service-areas/callender-ca/|/service-areas/callender-ca/fire-damage-restoration/|/service-areas/callender-ca/mold-remediation/|/service-areas/arroyo-grande-ca/water-damage-restoration/|/service-areas/atascadero-ca/water-damage-restoration/|/contact/,7.00,planned
/service-areas/cambria-ca/fire-damage-restoration/,service-area-service,"Fire Damage Restoration in Cambria, CA | Coastal Restoration Services Inc",Fire Damage Restoration in Cambria,"Fire damage restoration in Cambria, CA. IICRC-certified, insurance billing accepted. Call (805) 345-7440.",fire damage restoration cambria,fire cleanup|fire and smoke restoration|structural fire damage|post-fire restoration|fire damage repair,local_emergency,,,900,hero|og|inline-1|inline-2,service|local-business|faq|breadcrumb-list,/services/fire-damage-restoration/|/service-areas/cambria-ca/|/service-areas/cambria-ca/mold-remediation/|/service-areas/cambria-ca/water-damage-restoration/|/service-areas/arroyo-grande-ca/fire-damage-restoration/|/service-areas/atascadero-ca/fire-damage-restoration/|/contact/,7.00,planned
/service-areas/cambria-ca/mold-remediation/,service-area-service,"Mold Remediation in Cambria, CA | Coastal Restoration Services Inc",Mold Remediation in Cambria,"Mold remediation in Cambria, CA. IICRC-certified, insurance billing accepted. Call (805) 345-7440.",mold remediation cambria,mold removal|black mold remediation|mold abatement|mold containment|mold cleanup,local_health,,,900,hero|og|inline-1|inline-2,service|local-business|faq|breadcrumb-list,/services/mold-remediation/|/service-areas/cambria-ca/|/service-areas/cambria-ca/fire-damage-restoration/|/service-areas/cambria-ca/water-damage-restoration/|/service-areas/arroyo-grande-ca/mold-remediation/|/service-areas/atascadero-ca/mold-remediation/|/contact/,7.00,planned
/service-areas/cambria-ca/water-damage-restoration/,service-area-service,"Water Damage Restoration in Cambria, CA | Coastal Restoration Services Inc",Water Damage Restoration in Cambria,"Water damage restoration in Cambria, CA. IICRC-certified, insurance billing accepted. Call (805) 345-7440.",water damage restoration cambria,water removal|water extraction|water cleanup|structural drying|water mitigation,local_emergency,,,900,hero|og|inline-1|inline-2,service|local-business|faq|breadcrumb-list,/services/water-damage-restoration/|/service-areas/cambria-ca/|/service-areas/cambria-ca/fire-damage-restoration/|/service-areas/cambria-ca/mold-remediation/|/service-areas/arroyo-grande-ca/water-damage-restoration/|/service-areas/atascadero-ca/water-damage-restoration/|/contact/,7.00,planned
/service-areas/edna-ca/fire-damage-restoration/,service-area-service,"Fire Damage Restoration in Edna, CA | Coastal Restoration Services Inc",Fire Damage Restoration in Edna,"Fire damage restoration in Edna, CA. IICRC-certified, insurance billing accepted. Call (805) 345-7440.",fire damage restoration edna,fire cleanup|fire and smoke restoration|structural fire damage|post-fire restoration|fire damage repair,local_emergency,,,900,hero|og|inline-1|inline-2,service|local-business|faq|breadcrumb-list,/services/fire-damage-restoration/|/service-areas/edna-ca/|/service-areas/edna-ca/mold-remediation/|/service-areas/edna-ca/water-damage-restoration/|/service-areas/arroyo-grande-ca/fire-damage-restoration/|/service-areas/atascadero-ca/fire-damage-restoration/|/contact/,7.00,planned
/service-areas/edna-ca/mold-remediation/,service-area-service,"Mold Remediation in Edna, CA | Coastal Restoration Services Inc",Mold Remediation in Edna,"Mold remediation in Edna, CA. IICRC-certified, insurance billing accepted. Call (805) 345-7440.",mold remediation edna,mold removal|black mold remediation|mold abatement|mold containment|mold cleanup,local_health,,,900,hero|og|inline-1|inline-2,service|local-business|faq|breadcrumb-list,/services/mold-remediation/|/service-areas/edna-ca/|/service-areas/edna-ca/fire-damage-restoration/|/service-areas/edna-ca/water-damage-restoration/|/service-areas/arroyo-grande-ca/mold-remediation/|/service-areas/atascadero-ca/mold-remediation/|/contact/,7.00,planned
/service-areas/edna-ca/water-damage-restoration/,service-area-service,"Water Damage Restoration in Edna, CA | Coastal Restoration Services Inc",Water Damage Restoration in Edna,"Water damage restoration in Edna, CA. IICRC-certified, insurance billing accepted. Call (805) 345-7440.",water damage restoration edna,water removal|water extraction|water cleanup|structural drying|water mitigation,local_emergency,,,900,hero|og|inline-1|inline-2,service|local-business|faq|breadcrumb-list,/services/water-damage-restoration/|/service-areas/edna-ca/|/service-areas/edna-ca/fire-damage-restoration/|/service-areas/edna-ca/mold-remediation/|/service-areas/arroyo-grande-ca/water-damage-restoration/|/service-areas/atascadero-ca/water-damage-restoration/|/contact/,7.00,planned
/service-areas/el-paso-de-robles-ca/fire-damage-restoration/,service-area-service,"Fire Damage Restoration in El Paso de Robles, CA | Coastal Restoration Services Inc",Fire Damage Restoration in El Paso de Robles,"Fire damage restoration in El Paso de Robles, CA. IICRC-certified, insurance billing accepted. Call (805) 345-7440.",fire damage restoration el paso de robles,fire cleanup|fire and smoke restoration|structural fire damage|post-fire restoration|fire damage repair,local_emergency,,,900,hero|og|inline-1|inline-2,service|local-business|faq|breadcrumb-list,/services/fire-damage-restoration/|/service-areas/el-paso-de-robles-ca/|/service-areas/el-paso-de-robles-ca/mold-remediation/|/service-areas/el-paso-de-robles-ca/water-damage-restoration/|/service-areas/arroyo-grande-ca/fire-damage-restoration/|/service-areas/atascadero-ca/fire-damage-restoration/|/contact/,7.00,planned
/service-areas/el-paso-de-robles-ca/mold-remediation/,service-area-service,"Mold Remediation in El Paso de Robles, CA | Coastal Restoration Services Inc",Mold Remediation in El Paso de Robles,"Mold remediation in El Paso de Robles, CA. IICRC-certified, insurance billing accepted. Call (805) 345-7440.",mold remediation el paso de robles,mold removal|black mold remediation|mold abatement|mold containment|mold cleanup,local_health,,,900,hero|og|inline-1|inline-2,service|local-business|faq|breadcrumb-list,/services/mold-remediation/|/service-areas/el-paso-de-robles-ca/|/service-areas/el-paso-de-robles-ca/fire-damage-restoration/|/service-areas/el-paso-de-robles-ca/water-damage-restoration/|/service-areas/arroyo-grande-ca/mold-remediation/|/service-areas/atascadero-ca/mold-remediation/|/contact/,7.00,planned
/service-areas/el-paso-de-robles-ca/water-damage-restoration/,service-area-service,"Water Damage Restoration in El Paso de Robles, CA | Coastal Restoration Services Inc",Water Damage Restoration in El Paso de Robles,"Water damage restoration in El Paso de Robles, CA. IICRC-certified, insurance billing accepted. Call (805) 345-7440.",water damage restoration el paso de robles,water removal|water extraction|water cleanup|structural drying|water mitigation,local_emergency,,,900,hero|og|inline-1|inline-2,service|local-business|faq|breadcrumb-list,/services/water-damage-restoration/|/service-areas/el-paso-de-robles-ca/|/service-areas/el-paso-de-robles-ca/fire-damage-restoration/|/service-areas/el-paso-de-robles-ca/mold-remediation/|/service-areas/arroyo-grande-ca/water-damage-restoration/|/service-areas/atascadero-ca/water-damage-restoration/|/contact/,7.00,planned
/service-areas/grover-beach-ca/fire-damage-restoration/,service-area-service,"Fire Damage Restoration in Grover Beach, CA | Coastal Restoration Services Inc",Fire Damage Restoration in Grover Beach,"Fire damage restoration in Grover Beach, CA. IICRC-certified, insurance billing accepted. Call (805) 345-7440.",fire damage restoration grover beach,fire cleanup|fire and smoke restoration|structural fire damage|post-fire restoration|fire damage repair,local_emergency,,,900,hero|og|inline-1|inline-2,service|local-business|faq|breadcrumb-list,/services/fire-damage-restoration/|/service-areas/grover-beach-ca/|/service-areas/grover-beach-ca/mold-remediation/|/service-areas/grover-beach-ca/water-damage-restoration/|/service-areas/arroyo-grande-ca/fire-damage-restoration/|/service-areas/atascadero-ca/fire-damage-restoration/|/contact/,7.00,planned
/service-areas/grover-beach-ca/mold-remediation/,service-area-service,"Mold Remediation in Grover Beach, CA | Coastal Restoration Services Inc",Mold Remediation in Grover Beach,"Mold remediation in Grover Beach, CA. IICRC-certified, insurance billing accepted. Call (805) 345-7440.",mold remediation grover beach,mold removal|black mold remediation|mold abatement|mold containment|mold cleanup,local_health,,,900,hero|og|inline-1|inline-2,service|local-business|faq|breadcrumb-list,/services/mold-remediation/|/service-areas/grover-beach-ca/|/service-areas/grover-beach-ca/fire-damage-restoration/|/service-areas/grover-beach-ca/water-damage-restoration/|/service-areas/arroyo-grande-ca/mold-remediation/|/service-areas/atascadero-ca/mold-remediation/|/contact/,7.00,planned
/service-areas/grover-beach-ca/water-damage-restoration/,service-area-service,"Water Damage Restoration in Grover Beach, CA | Coastal Restoration Services Inc",Water Damage Restoration in Grover Beach,"Water damage restoration in Grover Beach, CA. IICRC-certified, insurance billing accepted. Call (805) 345-7440.",water damage restoration grover beach,water removal|water extraction|water cleanup|structural drying|water mitigation,local_emergency,,,900,hero|og|inline-1|inline-2,service|local-business|faq|breadcrumb-list,/services/water-damage-restoration/|/service-areas/grover-beach-ca/|/service-areas/grover-beach-ca/fire-damage-restoration/|/service-areas/grover-beach-ca/mold-remediation/|/service-areas/arroyo-grande-ca/water-damage-restoration/|/service-areas/atascadero-ca/water-damage-restoration/|/contact/,7.00,planned
/service-areas/guadalupe-ca/fire-damage-restoration/,service-area-service,"Fire Damage Restoration in Guadalupe, CA | Coastal Restoration Services Inc",Fire Damage Restoration in Guadalupe,"Fire damage restoration in Guadalupe, CA. IICRC-certified, insurance billing accepted. Call (805) 345-7440.",fire damage restoration guadalupe,fire cleanup|fire and smoke restoration|structural fire damage|post-fire restoration|fire damage repair,local_emergency,,,900,hero|og|inline-1|inline-2,service|local-business|faq|breadcrumb-list,/services/fire-damage-restoration/|/service-areas/guadalupe-ca/|/service-areas/guadalupe-ca/mold-remediation/|/service-areas/guadalupe-ca/water-damage-restoration/|/service-areas/arroyo-grande-ca/fire-damage-restoration/|/service-areas/atascadero-ca/fire-damage-restoration/|/contact/,7.00,planned
/service-areas/guadalupe-ca/mold-remediation/,service-area-service,"Mold Remediation in Guadalupe, CA | Coastal Restoration Services Inc",Mold Remediation in Guadalupe,"Mold remediation in Guadalupe, CA. IICRC-certified, insurance billing accepted. Call (805) 345-7440.",mold remediation guadalupe,mold removal|black mold remediation|mold abatement|mold containment|mold cleanup,local_health,,,900,hero|og|inline-1|inline-2,service|local-business|faq|breadcrumb-list,/services/mold-remediation/|/service-areas/guadalupe-ca/|/service-areas/guadalupe-ca/fire-damage-restoration/|/service-areas/guadalupe-ca/water-damage-restoration/|/service-areas/arroyo-grande-ca/mold-remediation/|/service-areas/atascadero-ca/mold-remediation/|/contact/,7.00,planned
/service-areas/guadalupe-ca/water-damage-restoration/,service-area-service,"Water Damage Restoration in Guadalupe, CA | Coastal Restoration Services Inc",Water Damage Restoration in Guadalupe,"Water damage restoration in Guadalupe, CA. IICRC-certified, insurance billing accepted. Call (805) 345-7440.",water damage restoration guadalupe,water removal|water extraction|water cleanup|structural drying|water mitigation,local_emergency,,,900,hero|og|inline-1|inline-2,service|local-business|faq|breadcrumb-list,/services/water-damage-restoration/|/service-areas/guadalupe-ca/|/service-areas/guadalupe-ca/fire-damage-restoration/|/service-areas/guadalupe-ca/mold-remediation/|/service-areas/arroyo-grande-ca/water-damage-restoration/|/service-areas/atascadero-ca/water-damage-restoration/|/contact/,7.00,planned
/service-areas/lompoc-ca/fire-damage-restoration/,service-area-service,"Fire Damage Restoration in Lompoc, CA | Coastal Restoration Services Inc",Fire Damage Restoration in Lompoc,"Fire damage restoration in Lompoc, CA. IICRC-certified, insurance billing accepted. Call (805) 345-7440.",fire damage restoration lompoc,fire cleanup|fire and smoke restoration|structural fire damage|post-fire restoration|fire damage repair,local_emergency,,,900,hero|og|inline-1|inline-2,service|local-business|faq|breadcrumb-list,/services/fire-damage-restoration/|/service-areas/lompoc-ca/|/service-areas/lompoc-ca/mold-remediation/|/service-areas/lompoc-ca/water-damage-restoration/|/service-areas/arroyo-grande-ca/fire-damage-restoration/|/service-areas/atascadero-ca/fire-damage-restoration/|/contact/,7.00,planned
/service-areas/lompoc-ca/mold-remediation/,service-area-service,"Mold Remediation in Lompoc, CA | Coastal Restoration Services Inc",Mold Remediation in Lompoc,"Mold remediation in Lompoc, CA. IICRC-certified, insurance billing accepted. Call (805) 345-7440.",mold remediation lompoc,mold removal|black mold remediation|mold abatement|mold containment|mold cleanup,local_health,,,900,hero|og|inline-1|inline-2,service|local-business|faq|breadcrumb-list,/services/mold-remediation/|/service-areas/lompoc-ca/|/service-areas/lompoc-ca/fire-damage-restoration/|/service-areas/lompoc-ca/water-damage-restoration/|/service-areas/arroyo-grande-ca/mold-remediation/|/service-areas/atascadero-ca/mold-remediation/|/contact/,7.00,planned
/service-areas/lompoc-ca/water-damage-restoration/,service-area-service,"Water Damage Restoration in Lompoc, CA | Coastal Restoration Services Inc",Water Damage Restoration in Lompoc,"Water damage restoration in Lompoc, CA. IICRC-certified, insurance billing accepted. Call (805) 345-7440.",water damage restoration lompoc,water removal|water extraction|water cleanup|structural drying|water mitigation,local_emergency,,,900,hero|og|inline-1|inline-2,service|local-business|faq|breadcrumb-list,/services/water-damage-restoration/|/service-areas/lompoc-ca/|/service-areas/lompoc-ca/fire-damage-restoration/|/service-areas/lompoc-ca/mold-remediation/|/service-areas/arroyo-grande-ca/water-damage-restoration/|/service-areas/atascadero-ca/water-damage-restoration/|/contact/,7.00,planned
/service-areas/los-alamos-ca/fire-damage-restoration/,service-area-service,"Fire Damage Restoration in Los Alamos, CA | Coastal Restoration Services Inc",Fire Damage Restoration in Los Alamos,"Fire damage restoration in Los Alamos, CA. IICRC-certified, insurance billing accepted. Call (805) 345-7440.",fire damage restoration los alamos,fire cleanup|fire and smoke restoration|structural fire damage|post-fire restoration|fire damage repair,local_emergency,,,900,hero|og|inline-1|inline-2,service|local-business|faq|breadcrumb-list,/services/fire-damage-restoration/|/service-areas/los-alamos-ca/|/service-areas/los-alamos-ca/mold-remediation/|/service-areas/los-alamos-ca/water-damage-restoration/|/service-areas/arroyo-grande-ca/fire-damage-restoration/|/service-areas/atascadero-ca/fire-damage-restoration/|/contact/,7.00,planned
/service-areas/los-alamos-ca/mold-remediation/,service-area-service,"Mold Remediation in Los Alamos, CA | Coastal Restoration Services Inc",Mold Remediation in Los Alamos,"Mold remediation in Los Alamos, CA. IICRC-certified, insurance billing accepted. Call (805) 345-7440.",mold remediation los alamos,mold removal|black mold remediation|mold abatement|mold containment|mold cleanup,local_health,,,900,hero|og|inline-1|inline-2,service|local-business|faq|breadcrumb-list,/services/mold-remediation/|/service-areas/los-alamos-ca/|/service-areas/los-alamos-ca/fire-damage-restoration/|/service-areas/los-alamos-ca/water-damage-restoration/|/service-areas/arroyo-grande-ca/mold-remediation/|/service-areas/atascadero-ca/mold-remediation/|/contact/,7.00,planned
/service-areas/los-alamos-ca/water-damage-restoration/,service-area-service,"Water Damage Restoration in Los Alamos, CA | Coastal Restoration Services Inc",Water Damage Restoration in Los Alamos,"Water damage restoration in Los Alamos, CA. IICRC-certified, insurance billing accepted. Call (805) 345-7440.",water damage restoration los alamos,water removal|water extraction|water cleanup|structural drying|water mitigation,local_emergency,,,900,hero|og|inline-1|inline-2,service|local-business|faq|breadcrumb-list,/services/water-damage-restoration/|/service-areas/los-alamos-ca/|/service-areas/los-alamos-ca/fire-damage-restoration/|/service-areas/los-alamos-ca/mold-remediation/|/service-areas/arroyo-grande-ca/water-damage-restoration/|/service-areas/atascadero-ca/water-damage-restoration/|/contact/,7.00,planned
/service-areas/los-berros-ca/fire-damage-restoration/,service-area-service,"Fire Damage Restoration in Los Berros, CA | Coastal Restoration Services Inc",Fire Damage Restoration in Los Berros,"Fire damage restoration in Los Berros, CA. IICRC-certified, insurance billing accepted. Call (805) 345-7440.",fire damage restoration los berros,fire cleanup|fire and smoke restoration|structural fire damage|post-fire restoration|fire damage repair,local_emergency,,,900,hero|og|inline-1|inline-2,service|local-business|faq|breadcrumb-list,/services/fire-damage-restoration/|/service-areas/los-berros-ca/|/service-areas/los-berros-ca/mold-remediation/|/service-areas/los-berros-ca/water-damage-restoration/|/service-areas/arroyo-grande-ca/fire-damage-restoration/|/service-areas/atascadero-ca/fire-damage-restoration/|/contact/,7.00,planned
/service-areas/los-berros-ca/mold-remediation/,service-area-service,"Mold Remediation in Los Berros, CA | Coastal Restoration Services Inc",Mold Remediation in Los Berros,"Mold remediation in Los Berros, CA. IICRC-certified, insurance billing accepted. Call (805) 345-7440.",mold remediation los berros,mold removal|black mold remediation|mold abatement|mold containment|mold cleanup,local_health,,,900,hero|og|inline-1|inline-2,service|local-business|faq|breadcrumb-list,/services/mold-remediation/|/service-areas/los-berros-ca/|/service-areas/los-berros-ca/fire-damage-restoration/|/service-areas/los-berros-ca/water-damage-restoration/|/service-areas/arroyo-grande-ca/mold-remediation/|/service-areas/atascadero-ca/mold-remediation/|/contact/,7.00,planned
/service-areas/los-berros-ca/water-damage-restoration/,service-area-service,"Water Damage Restoration in Los Berros, CA | Coastal Restoration Services Inc",Water Damage Restoration in Los Berros,"Water damage restoration in Los Berros, CA. IICRC-certified, insurance billing accepted. Call (805) 345-7440.",water damage restoration los berros,water removal|water extraction|water cleanup|structural drying|water mitigation,local_emergency,,,900,hero|og|inline-1|inline-2,service|local-business|faq|breadcrumb-list,/services/water-damage-restoration/|/service-areas/los-berros-ca/|/service-areas/los-berros-ca/fire-damage-restoration/|/service-areas/los-berros-ca/mold-remediation/|/service-areas/arroyo-grande-ca/water-damage-restoration/|/service-areas/atascadero-ca/water-damage-restoration/|/contact/,7.00,planned
/service-areas/los-olivos-ca/fire-damage-restoration/,service-area-service,"Fire Damage Restoration in Los Olivos, CA | Coastal Restoration Services Inc",Fire Damage Restoration in Los Olivos,"Fire damage restoration in Los Olivos, CA. IICRC-certified, insurance billing accepted. Call (805) 345-7440.",fire damage restoration los olivos,fire cleanup|fire and smoke restoration|structural fire damage|post-fire restoration|fire damage repair,local_emergency,,,900,hero|og|inline-1|inline-2,service|local-business|faq|breadcrumb-list,/services/fire-damage-restoration/|/service-areas/los-olivos-ca/|/service-areas/los-olivos-ca/mold-remediation/|/service-areas/los-olivos-ca/water-damage-restoration/|/service-areas/arroyo-grande-ca/fire-damage-restoration/|/service-areas/atascadero-ca/fire-damage-restoration/|/contact/,7.00,planned
/service-areas/los-olivos-ca/mold-remediation/,service-area-service,"Mold Remediation in Los Olivos, CA | Coastal Restoration Services Inc",Mold Remediation in Los Olivos,"Mold remediation in Los Olivos, CA. IICRC-certified, insurance billing accepted. Call (805) 345-7440.",mold remediation los olivos,mold removal|black mold remediation|mold abatement|mold containment|mold cleanup,local_health,,,900,hero|og|inline-1|inline-2,service|local-business|faq|breadcrumb-list,/services/mold-remediation/|/service-areas/los-olivos-ca/|/service-areas/los-olivos-ca/fire-damage-restoration/|/service-areas/los-olivos-ca/water-damage-restoration/|/service-areas/arroyo-grande-ca/mold-remediation/|/service-areas/atascadero-ca/mold-remediation/|/contact/,7.00,planned
/service-areas/los-olivos-ca/water-damage-restoration/,service-area-service,"Water Damage Restoration in Los Olivos, CA | Coastal Restoration Services Inc",Water Damage Restoration in Los Olivos,"Water damage restoration in Los Olivos, CA. IICRC-certified, insurance billing accepted. Call (805) 345-7440.",water damage restoration los olivos,water removal|water extraction|water cleanup|structural drying|water mitigation,local_emergency,,,900,hero|og|inline-1|inline-2,service|local-business|faq|breadcrumb-list,/services/water-damage-restoration/|/service-areas/los-olivos-ca/|/service-areas/los-olivos-ca/fire-damage-restoration/|/service-areas/los-olivos-ca/mold-remediation/|/service-areas/arroyo-grande-ca/water-damage-restoration/|/service-areas/atascadero-ca/water-damage-restoration/|/contact/,7.00,planned
/service-areas/los-osos-ca/fire-damage-restoration/,service-area-service,"Fire Damage Restoration in Los Osos, CA | Coastal Restoration Services Inc",Fire Damage Restoration in Los Osos,"Fire damage restoration in Los Osos, CA. IICRC-certified, insurance billing accepted. Call (805) 345-7440.",fire damage restoration los osos,fire cleanup|fire and smoke restoration|structural fire damage|post-fire restoration|fire damage repair,local_emergency,,,900,hero|og|inline-1|inline-2,service|local-business|faq|breadcrumb-list,/services/fire-damage-restoration/|/service-areas/los-osos-ca/|/service-areas/los-osos-ca/mold-remediation/|/service-areas/los-osos-ca/water-damage-restoration/|/service-areas/arroyo-grande-ca/fire-damage-restoration/|/service-areas/atascadero-ca/fire-damage-restoration/|/contact/,7.00,planned
/service-areas/los-osos-ca/mold-remediation/,service-area-service,"Mold Remediation in Los Osos, CA | Coastal Restoration Services Inc",Mold Remediation in Los Osos,"Mold remediation in Los Osos, CA. IICRC-certified, insurance billing accepted. Call (805) 345-7440.",mold remediation los osos,mold removal|black mold remediation|mold abatement|mold containment|mold cleanup,local_health,,,900,hero|og|inline-1|inline-2,service|local-business|faq|breadcrumb-list,/services/mold-remediation/|/service-areas/los-osos-ca/|/service-areas/los-osos-ca/fire-damage-restoration/|/service-areas/los-osos-ca/water-damage-restoration/|/service-areas/arroyo-grande-ca/mold-remediation/|/service-areas/atascadero-ca/mold-remediation/|/contact/,7.00,planned
/service-areas/los-osos-ca/water-damage-restoration/,service-area-service,"Water Damage Restoration in Los Osos, CA | Coastal Restoration Services Inc",Water Damage Restoration in Los Osos,"Water damage restoration in Los Osos, CA. IICRC-certified, insurance billing accepted. Call (805) 345-7440.",water damage restoration los osos,water removal|water extraction|water cleanup|structural drying|water mitigation,local_emergency,,,900,hero|og|inline-1|inline-2,service|local-business|faq|breadcrumb-list,/services/water-damage-restoration/|/service-areas/los-osos-ca/|/service-areas/los-osos-ca/fire-damage-restoration/|/service-areas/los-osos-ca/mold-remediation/|/service-areas/arroyo-grande-ca/water-damage-restoration/|/service-areas/atascadero-ca/water-damage-restoration/|/contact/,7.00,planned
/service-areas/mission-hills-ca/fire-damage-restoration/,service-area-service,"Fire Damage Restoration in Mission Hills, CA | Coastal Restoration Services Inc",Fire Damage Restoration in Mission Hills,"Fire damage restoration in Mission Hills, CA. IICRC-certified, insurance billing accepted. Call (805) 345-7440.",fire damage restoration mission hills,fire cleanup|fire and smoke restoration|structural fire damage|post-fire restoration|fire damage repair,local_emergency,,,900,hero|og|inline-1|inline-2,service|local-business|faq|breadcrumb-list,/services/fire-damage-restoration/|/service-areas/mission-hills-ca/|/service-areas/mission-hills-ca/mold-remediation/|/service-areas/mission-hills-ca/water-damage-restoration/|/service-areas/arroyo-grande-ca/fire-damage-restoration/|/service-areas/atascadero-ca/fire-damage-restoration/|/contact/,7.00,planned
/service-areas/mission-hills-ca/mold-remediation/,service-area-service,"Mold Remediation in Mission Hills, CA | Coastal Restoration Services Inc",Mold Remediation in Mission Hills,"Mold remediation in Mission Hills, CA. IICRC-certified, insurance billing accepted. Call (805) 345-7440.",mold remediation mission hills,mold removal|black mold remediation|mold abatement|mold containment|mold cleanup,local_health,,,900,hero|og|inline-1|inline-2,service|local-business|faq|breadcrumb-list,/services/mold-remediation/|/service-areas/mission-hills-ca/|/service-areas/mission-hills-ca/fire-damage-restoration/|/service-areas/mission-hills-ca/water-damage-restoration/|/service-areas/arroyo-grande-ca/mold-remediation/|/service-areas/atascadero-ca/mold-remediation/|/contact/,7.00,planned
/service-areas/mission-hills-ca/water-damage-restoration/,service-area-service,"Water Damage Restoration in Mission Hills, CA | Coastal Restoration Services Inc",Water Damage Restoration in Mission Hills,"Water damage restoration in Mission Hills, CA. IICRC-certified, insurance billing accepted. Call (805) 345-7440.",water damage restoration mission hills,water removal|water extraction|water cleanup|structural drying|water mitigation,local_emergency,,,900,hero|og|inline-1|inline-2,service|local-business|faq|breadcrumb-list,/services/water-damage-restoration/|/service-areas/mission-hills-ca/|/service-areas/mission-hills-ca/fire-damage-restoration/|/service-areas/mission-hills-ca/mold-remediation/|/service-areas/arroyo-grande-ca/water-damage-restoration/|/service-areas/atascadero-ca/water-damage-restoration/|/contact/,7.00,planned
/service-areas/morro-bay-ca/fire-damage-restoration/,service-area-service,"Fire Damage Restoration in Morro Bay, CA | Coastal Restoration Services Inc",Fire Damage Restoration in Morro Bay,"Fire damage restoration in Morro Bay, CA. IICRC-certified, insurance billing accepted. Call (805) 345-7440.",fire damage restoration morro bay,fire cleanup|fire and smoke restoration|structural fire damage|post-fire restoration|fire damage repair,local_emergency,,,900,hero|og|inline-1|inline-2,service|local-business|faq|breadcrumb-list,/services/fire-damage-restoration/|/service-areas/morro-bay-ca/|/service-areas/morro-bay-ca/mold-remediation/|/service-areas/morro-bay-ca/water-damage-restoration/|/service-areas/arroyo-grande-ca/fire-damage-restoration/|/service-areas/atascadero-ca/fire-damage-restoration/|/contact/,7.00,planned
/service-areas/morro-bay-ca/mold-remediation/,service-area-service,"Mold Remediation in Morro Bay, CA | Coastal Restoration Services Inc",Mold Remediation in Morro Bay,"Mold remediation in Morro Bay, CA. IICRC-certified, insurance billing accepted. Call (805) 345-7440.",mold remediation morro bay,mold removal|black mold remediation|mold abatement|mold containment|mold cleanup,local_health,,,900,hero|og|inline-1|inline-2,service|local-business|faq|breadcrumb-list,/services/mold-remediation/|/service-areas/morro-bay-ca/|/service-areas/morro-bay-ca/fire-damage-restoration/|/service-areas/morro-bay-ca/water-damage-restoration/|/service-areas/arroyo-grande-ca/mold-remediation/|/service-areas/atascadero-ca/mold-remediation/|/contact/,7.00,planned
/service-areas/morro-bay-ca/water-damage-restoration/,service-area-service,"Water Damage Restoration in Morro Bay, CA | Coastal Restoration Services Inc",Water Damage Restoration in Morro Bay,"Water damage restoration in Morro Bay, CA. IICRC-certified, insurance billing accepted. Call (805) 345-7440.",water damage restoration morro bay,water removal|water extraction|water cleanup|structural drying|water mitigation,local_emergency,,,900,hero|og|inline-1|inline-2,service|local-business|faq|breadcrumb-list,/services/water-damage-restoration/|/service-areas/morro-bay-ca/|/service-areas/morro-bay-ca/fire-damage-restoration/|/service-areas/morro-bay-ca/mold-remediation/|/service-areas/arroyo-grande-ca/water-damage-restoration/|/service-areas/atascadero-ca/water-damage-restoration/|/contact/,7.00,planned
/service-areas/nipomo-ca/fire-damage-restoration/,service-area-service,"Fire Damage Restoration in Nipomo, CA | Coastal Restoration Services Inc",Fire Damage Restoration in Nipomo,"Fire damage restoration in Nipomo, CA. IICRC-certified, insurance billing accepted. Call (805) 345-7440.",fire damage restoration nipomo,fire cleanup|fire and smoke restoration|structural fire damage|post-fire restoration|fire damage repair,local_emergency,,,900,hero|og|inline-1|inline-2,service|local-business|faq|breadcrumb-list,/services/fire-damage-restoration/|/service-areas/nipomo-ca/|/service-areas/nipomo-ca/mold-remediation/|/service-areas/nipomo-ca/water-damage-restoration/|/service-areas/arroyo-grande-ca/fire-damage-restoration/|/service-areas/atascadero-ca/fire-damage-restoration/|/contact/,7.00,planned
/service-areas/nipomo-ca/mold-remediation/,service-area-service,"Mold Remediation in Nipomo, CA | Coastal Restoration Services Inc",Mold Remediation in Nipomo,"Mold remediation in Nipomo, CA. IICRC-certified, insurance billing accepted. Call (805) 345-7440.",mold remediation nipomo,mold removal|black mold remediation|mold abatement|mold containment|mold cleanup,local_health,,,900,hero|og|inline-1|inline-2,service|local-business|faq|breadcrumb-list,/services/mold-remediation/|/service-areas/nipomo-ca/|/service-areas/nipomo-ca/fire-damage-restoration/|/service-areas/nipomo-ca/water-damage-restoration/|/service-areas/arroyo-grande-ca/mold-remediation/|/service-areas/atascadero-ca/mold-remediation/|/contact/,7.00,planned
/service-areas/nipomo-ca/water-damage-restoration/,service-area-service,"Water Damage Restoration in Nipomo, CA | Coastal Restoration Services Inc",Water Damage Restoration in Nipomo,"Water damage restoration in Nipomo, CA. IICRC-certified, insurance billing accepted. Call (805) 345-7440.",water damage restoration nipomo,water removal|water extraction|water cleanup|structural drying|water mitigation,local_emergency,,,900,hero|og|inline-1|inline-2,service|local-business|faq|breadcrumb-list,/services/water-damage-restoration/|/service-areas/nipomo-ca/|/service-areas/nipomo-ca/fire-damage-restoration/|/service-areas/nipomo-ca/mold-remediation/|/service-areas/arroyo-grande-ca/water-damage-restoration/|/service-areas/atascadero-ca/water-damage-restoration/|/contact/,7.00,planned
/service-areas/oceano-ca/fire-damage-restoration/,service-area-service,"Fire Damage Restoration in Oceano, CA | Coastal Restoration Services Inc",Fire Damage Restoration in Oceano,"Fire damage restoration in Oceano, CA. IICRC-certified, insurance billing accepted. Call (805) 345-7440.",fire damage restoration oceano,fire cleanup|fire and smoke restoration|structural fire damage|post-fire restoration|fire damage repair,local_emergency,,,900,hero|og|inline-1|inline-2,service|local-business|faq|breadcrumb-list,/services/fire-damage-restoration/|/service-areas/oceano-ca/|/service-areas/oceano-ca/mold-remediation/|/service-areas/oceano-ca/water-damage-restoration/|/service-areas/arroyo-grande-ca/fire-damage-restoration/|/service-areas/atascadero-ca/fire-damage-restoration/|/contact/,7.00,planned
/service-areas/oceano-ca/mold-remediation/,service-area-service,"Mold Remediation in Oceano, CA | Coastal Restoration Services Inc",Mold Remediation in Oceano,"Mold remediation in Oceano, CA. IICRC-certified, insurance billing accepted. Call (805) 345-7440.",mold remediation oceano,mold removal|black mold remediation|mold abatement|mold containment|mold cleanup,local_health,,,900,hero|og|inline-1|inline-2,service|local-business|faq|breadcrumb-list,/services/mold-remediation/|/service-areas/oceano-ca/|/service-areas/oceano-ca/fire-damage-restoration/|/service-areas/oceano-ca/water-damage-restoration/|/service-areas/arroyo-grande-ca/mold-remediation/|/service-areas/atascadero-ca/mold-remediation/|/contact/,7.00,planned
/service-areas/oceano-ca/water-damage-restoration/,service-area-service,"Water Damage Restoration in Oceano, CA | Coastal Restoration Services Inc",Water Damage Restoration in Oceano,"Water damage restoration in Oceano, CA. IICRC-certified, insurance billing accepted. Call (805) 345-7440.",water damage restoration oceano,water removal|water extraction|water cleanup|structural drying|water mitigation,local_emergency,,,900,hero|og|inline-1|inline-2,service|local-business|faq|breadcrumb-list,/services/water-damage-restoration/|/service-areas/oceano-ca/|/service-areas/oceano-ca/fire-damage-restoration/|/service-areas/oceano-ca/mold-remediation/|/service-areas/arroyo-grande-ca/water-damage-restoration/|/service-areas/atascadero-ca/water-damage-restoration/|/contact/,7.00,planned
/service-areas/orcutt-ca/fire-damage-restoration/,service-area-service,"Fire Damage Restoration in Orcutt, CA | Coastal Restoration Services Inc",Fire Damage Restoration in Orcutt,"Fire damage restoration in Orcutt, CA. IICRC-certified, insurance billing accepted. Call (805) 345-7440.",fire damage restoration orcutt,fire cleanup|fire and smoke restoration|structural fire damage|post-fire restoration|fire damage repair,local_emergency,,,900,hero|og|inline-1|inline-2,service|local-business|faq|breadcrumb-list,/services/fire-damage-restoration/|/service-areas/orcutt-ca/|/service-areas/orcutt-ca/mold-remediation/|/service-areas/orcutt-ca/water-damage-restoration/|/service-areas/arroyo-grande-ca/fire-damage-restoration/|/service-areas/atascadero-ca/fire-damage-restoration/|/contact/,7.00,planned
/service-areas/orcutt-ca/mold-remediation/,service-area-service,"Mold Remediation in Orcutt, CA | Coastal Restoration Services Inc",Mold Remediation in Orcutt,"Mold remediation in Orcutt, CA. IICRC-certified, insurance billing accepted. Call (805) 345-7440.",mold remediation orcutt,mold removal|black mold remediation|mold abatement|mold containment|mold cleanup,local_health,,,900,hero|og|inline-1|inline-2,service|local-business|faq|breadcrumb-list,/services/mold-remediation/|/service-areas/orcutt-ca/|/service-areas/orcutt-ca/fire-damage-restoration/|/service-areas/orcutt-ca/water-damage-restoration/|/service-areas/arroyo-grande-ca/mold-remediation/|/service-areas/atascadero-ca/mold-remediation/|/contact/,7.00,planned
/service-areas/orcutt-ca/water-damage-restoration/,service-area-service,"Water Damage Restoration in Orcutt, CA | Coastal Restoration Services Inc",Water Damage Restoration in Orcutt,"Water damage restoration in Orcutt, CA. IICRC-certified, insurance billing accepted. Call (805) 345-7440.",water damage restoration orcutt,water removal|water extraction|water cleanup|structural drying|water mitigation,local_emergency,,,900,hero|og|inline-1|inline-2,service|local-business|faq|breadcrumb-list,/services/water-damage-restoration/|/service-areas/orcutt-ca/|/service-areas/orcutt-ca/fire-damage-restoration/|/service-areas/orcutt-ca/mold-remediation/|/service-areas/arroyo-grande-ca/water-damage-restoration/|/service-areas/atascadero-ca/water-damage-restoration/|/contact/,7.00,planned
/service-areas/pismo-beach-ca/fire-damage-restoration/,service-area-service,"Fire Damage Restoration in Pismo Beach, CA | Coastal Restoration Services Inc",Fire Damage Restoration in Pismo Beach,"Fire damage restoration in Pismo Beach, CA. IICRC-certified, insurance billing accepted. Call (805) 345-7440.",fire damage restoration pismo beach,fire cleanup|fire and smoke restoration|structural fire damage|post-fire restoration|fire damage repair,local_emergency,,,900,hero|og|inline-1|inline-2,service|local-business|faq|breadcrumb-list,/services/fire-damage-restoration/|/service-areas/pismo-beach-ca/|/service-areas/pismo-beach-ca/mold-remediation/|/service-areas/pismo-beach-ca/water-damage-restoration/|/service-areas/arroyo-grande-ca/fire-damage-restoration/|/service-areas/atascadero-ca/fire-damage-restoration/|/contact/,7.00,planned
/service-areas/pismo-beach-ca/mold-remediation/,service-area-service,"Mold Remediation in Pismo Beach, CA | Coastal Restoration Services Inc",Mold Remediation in Pismo Beach,"Mold remediation in Pismo Beach, CA. IICRC-certified, insurance billing accepted. Call (805) 345-7440.",mold remediation pismo beach,mold removal|black mold remediation|mold abatement|mold containment|mold cleanup,local_health,,,900,hero|og|inline-1|inline-2,service|local-business|faq|breadcrumb-list,/services/mold-remediation/|/service-areas/pismo-beach-ca/|/service-areas/pismo-beach-ca/fire-damage-restoration/|/service-areas/pismo-beach-ca/water-damage-restoration/|/service-areas/arroyo-grande-ca/mold-remediation/|/service-areas/atascadero-ca/mold-remediation/|/contact/,7.00,planned
/service-areas/pismo-beach-ca/water-damage-restoration/,service-area-service,"Water Damage Restoration in Pismo Beach, CA | Coastal Restoration Services Inc",Water Damage Restoration in Pismo Beach,"Water damage restoration in Pismo Beach, CA. IICRC-certified, insurance billing accepted. Call (805) 345-7440.",water damage restoration pismo beach,water removal|water extraction|water cleanup|structural drying|water mitigation,local_emergency,,,900,hero|og|inline-1|inline-2,service|local-business|faq|breadcrumb-list,/services/water-damage-restoration/|/service-areas/pismo-beach-ca/|/service-areas/pismo-beach-ca/fire-damage-restoration/|/service-areas/pismo-beach-ca/mold-remediation/|/service-areas/arroyo-grande-ca/water-damage-restoration/|/service-areas/atascadero-ca/water-damage-restoration/|/contact/,7.00,planned
/service-areas/san-luis-obispo-ca/fire-damage-restoration/,service-area-service,"Fire Damage Restoration in San Luis Obispo, CA | Coastal Restoration Services Inc",Fire Damage Restoration in San Luis Obispo,"Fire damage restoration in San Luis Obispo, CA. IICRC-certified, insurance billing accepted. Call (805) 345-7440.",fire damage restoration san luis obispo,fire cleanup|fire and smoke restoration|structural fire damage|post-fire restoration|fire damage repair,local_emergency,,,900,hero|og|inline-1|inline-2,service|local-business|faq|breadcrumb-list,/services/fire-damage-restoration/|/service-areas/san-luis-obispo-ca/|/service-areas/san-luis-obispo-ca/mold-remediation/|/service-areas/san-luis-obispo-ca/water-damage-restoration/|/service-areas/arroyo-grande-ca/fire-damage-restoration/|/service-areas/atascadero-ca/fire-damage-restoration/|/contact/,7.00,planned
/service-areas/san-luis-obispo-ca/mold-remediation/,service-area-service,"Mold Remediation in San Luis Obispo, CA | Coastal Restoration Services Inc",Mold Remediation in San Luis Obispo,"Mold remediation in San Luis Obispo, CA. IICRC-certified, insurance billing accepted. Call (805) 345-7440.",mold remediation san luis obispo,mold removal|black mold remediation|mold abatement|mold containment|mold cleanup,local_health,,,900,hero|og|inline-1|inline-2,service|local-business|faq|breadcrumb-list,/services/mold-remediation/|/service-areas/san-luis-obispo-ca/|/service-areas/san-luis-obispo-ca/fire-damage-restoration/|/service-areas/san-luis-obispo-ca/water-damage-restoration/|/service-areas/arroyo-grande-ca/mold-remediation/|/service-areas/atascadero-ca/mold-remediation/|/contact/,7.00,planned
/service-areas/san-luis-obispo-ca/water-damage-restoration/,service-area-service,"Water Damage Restoration in San Luis Obispo, CA | Coastal Restoration Services Inc",Water Damage Restoration in San Luis Obispo,"Water damage restoration in San Luis Obispo, CA. IICRC-certified, insurance billing accepted. Call (805) 345-7440.",water damage restoration san luis obispo,water removal|water extraction|water cleanup|structural drying|water mitigation,local_emergency,,,900,hero|og|inline-1|inline-2,service|local-business|faq|breadcrumb-list,/services/water-damage-restoration/|/service-areas/san-luis-obispo-ca/|/service-areas/san-luis-obispo-ca/fire-damage-restoration/|/service-areas/san-luis-obispo-ca/mold-remediation/|/service-areas/arroyo-grande-ca/water-damage-restoration/|/service-areas/atascadero-ca/water-damage-restoration/|/contact/,7.00,planned
/service-areas/santa-margarita-ca/fire-damage-restoration/,service-area-service,"Fire Damage Restoration in Santa Margarita, CA | Coastal Restoration Services Inc",Fire Damage Restoration in Santa Margarita,"Fire damage restoration in Santa Margarita, CA. IICRC-certified, insurance billing accepted. Call (805) 345-7440.",fire damage restoration santa margarita,fire cleanup|fire and smoke restoration|structural fire damage|post-fire restoration|fire damage repair,local_emergency,,,900,hero|og|inline-1|inline-2,service|local-business|faq|breadcrumb-list,/services/fire-damage-restoration/|/service-areas/santa-margarita-ca/|/service-areas/santa-margarita-ca/mold-remediation/|/service-areas/santa-margarita-ca/water-damage-restoration/|/service-areas/arroyo-grande-ca/fire-damage-restoration/|/service-areas/atascadero-ca/fire-damage-restoration/|/contact/,7.00,planned
/service-areas/santa-margarita-ca/mold-remediation/,service-area-service,"Mold Remediation in Santa Margarita, CA | Coastal Restoration Services Inc",Mold Remediation in Santa Margarita,"Mold remediation in Santa Margarita, CA. IICRC-certified, insurance billing accepted. Call (805) 345-7440.",mold remediation santa margarita,mold removal|black mold remediation|mold abatement|mold containment|mold cleanup,local_health,,,900,hero|og|inline-1|inline-2,service|local-business|faq|breadcrumb-list,/services/mold-remediation/|/service-areas/santa-margarita-ca/|/service-areas/santa-margarita-ca/fire-damage-restoration/|/service-areas/santa-margarita-ca/water-damage-restoration/|/service-areas/arroyo-grande-ca/mold-remediation/|/service-areas/atascadero-ca/mold-remediation/|/contact/,7.00,planned
/service-areas/santa-margarita-ca/water-damage-restoration/,service-area-service,"Water Damage Restoration in Santa Margarita, CA | Coastal Restoration Services Inc",Water Damage Restoration in Santa Margarita,"Water damage restoration in Santa Margarita, CA. IICRC-certified, insurance billing accepted. Call (805) 345-7440.",water damage restoration santa margarita,water removal|water extraction|water cleanup|structural drying|water mitigation,local_emergency,,,900,hero|og|inline-1|inline-2,service|local-business|faq|breadcrumb-list,/services/water-damage-restoration/|/service-areas/santa-margarita-ca/|/service-areas/santa-margarita-ca/fire-damage-restoration/|/service-areas/santa-margarita-ca/mold-remediation/|/service-areas/arroyo-grande-ca/water-damage-restoration/|/service-areas/atascadero-ca/water-damage-restoration/|/contact/,7.00,planned
/service-areas/santa-ynez-ca/fire-damage-restoration/,service-area-service,"Fire Damage Restoration in Santa Ynez, CA | Coastal Restoration Services Inc",Fire Damage Restoration in Santa Ynez,"Fire damage restoration in Santa Ynez, CA. IICRC-certified, insurance billing accepted. Call (805) 345-7440.",fire damage restoration santa ynez,fire cleanup|fire and smoke restoration|structural fire damage|post-fire restoration|fire damage repair,local_emergency,,,900,hero|og|inline-1|inline-2,service|local-business|faq|breadcrumb-list,/services/fire-damage-restoration/|/service-areas/santa-ynez-ca/|/service-areas/santa-ynez-ca/mold-remediation/|/service-areas/santa-ynez-ca/water-damage-restoration/|/service-areas/arroyo-grande-ca/fire-damage-restoration/|/service-areas/atascadero-ca/fire-damage-restoration/|/contact/,7.00,planned
/service-areas/santa-ynez-ca/mold-remediation/,service-area-service,"Mold Remediation in Santa Ynez, CA | Coastal Restoration Services Inc",Mold Remediation in Santa Ynez,"Mold remediation in Santa Ynez, CA. IICRC-certified, insurance billing accepted. Call (805) 345-7440.",mold remediation santa ynez,mold removal|black mold remediation|mold abatement|mold containment|mold cleanup,local_health,,,900,hero|og|inline-1|inline-2,service|local-business|faq|breadcrumb-list,/services/mold-remediation/|/service-areas/santa-ynez-ca/|/service-areas/santa-ynez-ca/fire-damage-restoration/|/service-areas/santa-ynez-ca/water-damage-restoration/|/service-areas/arroyo-grande-ca/mold-remediation/|/service-areas/atascadero-ca/mold-remediation/|/contact/,7.00,planned
/service-areas/santa-ynez-ca/water-damage-restoration/,service-area-service,"Water Damage Restoration in Santa Ynez, CA | Coastal Restoration Services Inc",Water Damage Restoration in Santa Ynez,"Water damage restoration in Santa Ynez, CA. IICRC-certified, insurance billing accepted. Call (805) 345-7440.",water damage restoration santa ynez,water removal|water extraction|water cleanup|structural drying|water mitigation,local_emergency,,,900,hero|og|inline-1|inline-2,service|local-business|faq|breadcrumb-list,/services/water-damage-restoration/|/service-areas/santa-ynez-ca/|/service-areas/santa-ynez-ca/fire-damage-restoration/|/service-areas/santa-ynez-ca/mold-remediation/|/service-areas/arroyo-grande-ca/water-damage-restoration/|/service-areas/atascadero-ca/water-damage-restoration/|/contact/,7.00,planned
/service-areas/solvang-ca/fire-damage-restoration/,service-area-service,"Fire Damage Restoration in Solvang, CA | Coastal Restoration Services Inc",Fire Damage Restoration in Solvang,"Fire damage restoration in Solvang, CA. IICRC-certified, insurance billing accepted. Call (805) 345-7440.",fire damage restoration solvang,fire cleanup|fire and smoke restoration|structural fire damage|post-fire restoration|fire damage repair,local_emergency,,,900,hero|og|inline-1|inline-2,service|local-business|faq|breadcrumb-list,/services/fire-damage-restoration/|/service-areas/solvang-ca/|/service-areas/solvang-ca/mold-remediation/|/service-areas/solvang-ca/water-damage-restoration/|/service-areas/arroyo-grande-ca/fire-damage-restoration/|/service-areas/atascadero-ca/fire-damage-restoration/|/contact/,7.00,planned
/service-areas/solvang-ca/mold-remediation/,service-area-service,"Mold Remediation in Solvang, CA | Coastal Restoration Services Inc",Mold Remediation in Solvang,"Mold remediation in Solvang, CA. IICRC-certified, insurance billing accepted. Call (805) 345-7440.",mold remediation solvang,mold removal|black mold remediation|mold abatement|mold containment|mold cleanup,local_health,,,900,hero|og|inline-1|inline-2,service|local-business|faq|breadcrumb-list,/services/mold-remediation/|/service-areas/solvang-ca/|/service-areas/solvang-ca/fire-damage-restoration/|/service-areas/solvang-ca/water-damage-restoration/|/service-areas/arroyo-grande-ca/mold-remediation/|/service-areas/atascadero-ca/mold-remediation/|/contact/,7.00,planned
/service-areas/solvang-ca/water-damage-restoration/,service-area-service,"Water Damage Restoration in Solvang, CA | Coastal Restoration Services Inc",Water Damage Restoration in Solvang,"Water damage restoration in Solvang, CA. IICRC-certified, insurance billing accepted. Call (805) 345-7440.",water damage restoration solvang,water removal|water extraction|water cleanup|structural drying|water mitigation,local_emergency,,,900,hero|og|inline-1|inline-2,service|local-business|faq|breadcrumb-list,/services/water-damage-restoration/|/service-areas/solvang-ca/|/service-areas/solvang-ca/fire-damage-restoration/|/service-areas/solvang-ca/mold-remediation/|/service-areas/arroyo-grande-ca/water-damage-restoration/|/service-areas/atascadero-ca/water-damage-restoration/|/contact/,7.00,planned
/service-areas/templeton-ca/fire-damage-restoration/,service-area-service,"Fire Damage Restoration in Templeton, CA | Coastal Restoration Services Inc",Fire Damage Restoration in Templeton,"Fire damage restoration in Templeton, CA. IICRC-certified, insurance billing accepted. Call (805) 345-7440.",fire damage restoration templeton,fire cleanup|fire and smoke restoration|structural fire damage|post-fire restoration|fire damage repair,local_emergency,,,900,hero|og|inline-1|inline-2,service|local-business|faq|breadcrumb-list,/services/fire-damage-restoration/|/service-areas/templeton-ca/|/service-areas/templeton-ca/mold-remediation/|/service-areas/templeton-ca/water-damage-restoration/|/service-areas/arroyo-grande-ca/fire-damage-restoration/|/service-areas/atascadero-ca/fire-damage-restoration/|/contact/,7.00,planned
/service-areas/templeton-ca/mold-remediation/,service-area-service,"Mold Remediation in Templeton, CA | Coastal Restoration Services Inc",Mold Remediation in Templeton,"Mold remediation in Templeton, CA. IICRC-certified, insurance billing accepted. Call (805) 345-7440.",mold remediation templeton,mold removal|black mold remediation|mold abatement|mold containment|mold cleanup,local_health,,,900,hero|og|inline-1|inline-2,service|local-business|faq|breadcrumb-list,/services/mold-remediation/|/service-areas/templeton-ca/|/service-areas/templeton-ca/fire-damage-restoration/|/service-areas/templeton-ca/water-damage-restoration/|/service-areas/arroyo-grande-ca/mold-remediation/|/service-areas/atascadero-ca/mold-remediation/|/contact/,7.00,planned
/service-areas/templeton-ca/water-damage-restoration/,service-area-service,"Water Damage Restoration in Templeton, CA | Coastal Restoration Services Inc",Water Damage Restoration in Templeton,"Water damage restoration in Templeton, CA. IICRC-certified, insurance billing accepted. Call (805) 345-7440.",water damage restoration templeton,water removal|water extraction|water cleanup|structural drying|water mitigation,local_emergency,,,900,hero|og|inline-1|inline-2,service|local-business|faq|breadcrumb-list,/services/water-damage-restoration/|/service-areas/templeton-ca/|/service-areas/templeton-ca/fire-damage-restoration/|/service-areas/templeton-ca/mold-remediation/|/service-areas/arroyo-grande-ca/water-damage-restoration/|/service-areas/atascadero-ca/water-damage-restoration/|/contact/,7.00,planned
/service-areas/vandenberg-afb-ca/fire-damage-restoration/,service-area-service,"Fire Damage Restoration in Vandenberg AFB, CA | Coastal Restoration Services Inc",Fire Damage Restoration in Vandenberg AFB,"Fire damage restoration in Vandenberg AFB, CA. IICRC-certified, insurance billing accepted. Call (805) 345-7440.",fire damage restoration vandenberg afb,fire cleanup|fire and smoke restoration|structural fire damage|post-fire restoration|fire damage repair,local_emergency,,,900,hero|og|inline-1|inline-2,service|local-business|faq|breadcrumb-list,/services/fire-damage-restoration/|/service-areas/vandenberg-afb-ca/|/service-areas/vandenberg-afb-ca/mold-remediation/|/service-areas/vandenberg-afb-ca/water-damage-restoration/|/service-areas/arroyo-grande-ca/fire-damage-restoration/|/service-areas/atascadero-ca/fire-damage-restoration/|/contact/,7.00,planned
/service-areas/vandenberg-afb-ca/mold-remediation/,service-area-service,"Mold Remediation in Vandenberg AFB, CA | Coastal Restoration Services Inc",Mold Remediation in Vandenberg AFB,"Mold remediation in Vandenberg AFB, CA. IICRC-certified, insurance billing accepted. Call (805) 345-7440.",mold remediation vandenberg afb,mold removal|black mold remediation|mold abatement|mold containment|mold cleanup,local_health,,,900,hero|og|inline-1|inline-2,service|local-business|faq|breadcrumb-list,/services/mold-remediation/|/service-areas/vandenberg-afb-ca/|/service-areas/vandenberg-afb-ca/fire-damage-restoration/|/service-areas/vandenberg-afb-ca/water-damage-restoration/|/service-areas/arroyo-grande-ca/mold-remediation/|/service-areas/atascadero-ca/mold-remediation/|/contact/,7.00,planned
/service-areas/vandenberg-afb-ca/water-damage-restoration/,service-area-service,"Water Damage Restoration in Vandenberg AFB, CA | Coastal Restoration Services Inc",Water Damage Restoration in Vandenberg AFB,"Water damage restoration in Vandenberg AFB, CA. IICRC-certified, insurance billing accepted. Call (805) 345-7440.",water damage restoration vandenberg afb,water removal|water extraction|water cleanup|structural drying|water mitigation,local_emergency,,,900,hero|og|inline-1|inline-2,service|local-business|faq|breadcrumb-list,/services/water-damage-restoration/|/service-areas/vandenberg-afb-ca/|/service-areas/vandenberg-afb-ca/fire-damage-restoration/|/service-areas/vandenberg-afb-ca/mold-remediation/|/service-areas/arroyo-grande-ca/water-damage-restoration/|/service-areas/atascadero-ca/water-damage-restoration/|/contact/,7.00,planned
/service-areas/vandenberg-village-ca/fire-damage-restoration/,service-area-service,"Fire Damage Restoration in Vandenberg Village, CA | Coastal Restoration Services Inc",Fire Damage Restoration in Vandenberg Village,"Fire damage restoration in Vandenberg Village, CA. IICRC-certified, insurance billing accepted. Call (805) 345-7440.",fire damage restoration vandenberg village,fire cleanup|fire and smoke restoration|structural fire damage|post-fire restoration|fire damage repair,local_emergency,,,900,hero|og|inline-1|inline-2,service|local-business|faq|breadcrumb-list,/services/fire-damage-restoration/|/service-areas/vandenberg-village-ca/|/service-areas/vandenberg-village-ca/mold-remediation/|/service-areas/vandenberg-village-ca/water-damage-restoration/|/service-areas/arroyo-grande-ca/fire-damage-restoration/|/service-areas/atascadero-ca/fire-damage-restoration/|/contact/,7.00,planned
/service-areas/vandenberg-village-ca/mold-remediation/,service-area-service,"Mold Remediation in Vandenberg Village, CA | Coastal Restoration Services Inc",Mold Remediation in Vandenberg Village,"Mold remediation in Vandenberg Village, CA. IICRC-certified, insurance billing accepted. Call (805) 345-7440.",mold remediation vandenberg village,mold removal|black mold remediation|mold abatement|mold containment|mold cleanup,local_health,,,900,hero|og|inline-1|inline-2,service|local-business|faq|breadcrumb-list,/services/mold-remediation/|/service-areas/vandenberg-village-ca/|/service-areas/vandenberg-village-ca/fire-damage-restoration/|/service-areas/vandenberg-village-ca/water-damage-restoration/|/service-areas/arroyo-grande-ca/mold-remediation/|/service-areas/atascadero-ca/mold-remediation/|/contact/,7.00,planned
/service-areas/vandenberg-village-ca/water-damage-restoration/,service-area-service,"Water Damage Restoration in Vandenberg Village, CA | Coastal Restoration Services Inc",Water Damage Restoration in Vandenberg Village,"Water damage restoration in Vandenberg Village, CA. IICRC-certified, insurance billing accepted. Call (805) 345-7440.",water damage restoration vandenberg village,water removal|water extraction|water cleanup|structural drying|water mitigation,local_emergency,,,900,hero|og|inline-1|inline-2,service|local-business|faq|breadcrumb-list,/services/water-damage-restoration/|/service-areas/vandenberg-village-ca/|/service-areas/vandenberg-village-ca/fire-damage-restoration/|/service-areas/vandenberg-village-ca/mold-remediation/|/service-areas/arroyo-grande-ca/water-damage-restoration/|/service-areas/atascadero-ca/water-damage-restoration/|/contact/,7.00,planned
/service-areas/arroyo-grande-ca/commercial-restoration/,service-area-service,"Commercial Restoration in Arroyo Grande, CA | Coastal Restoration Services Inc",Commercial Restoration in Arroyo Grande,"Commercial restoration in Arroyo Grande, CA. IICRC-certified, insurance billing accepted. Call (805) 345-7440.",commercial restoration arroyo grande,commercial water damage|commercial fire damage|business restoration|office restoration|retail restoration,local_b2b,,,900,hero|og|inline-1|inline-2,service|local-business|faq|breadcrumb-list,/services/commercial-restoration/|/service-areas/arroyo-grande-ca/|/service-areas/arroyo-grande-ca/fire-damage-restoration/|/service-areas/arroyo-grande-ca/mold-remediation/|/service-areas/atascadero-ca/commercial-restoration/|/service-areas/avila-beach-ca/commercial-restoration/|/contact/,6.30,planned
/service-areas/arroyo-grande-ca/emergency-plumbing/,service-area-service,"Plumbing in Arroyo Grande, CA | Coastal Restoration Services Inc",Plumbing in Arroyo Grande,"Plumbing in Arroyo Grande, CA. IICRC-certified, insurance billing accepted. Call (805) 345-7440.",emergency plumbing arroyo grande,24 hour plumber|burst pipe plumber,local_emergency,,,900,hero|og|inline-1|inline-2,service|local-business|faq|breadcrumb-list,/services/emergency-plumbing/|/service-areas/arroyo-grande-ca/|/service-areas/arroyo-grande-ca/fire-damage-restoration/|/service-areas/arroyo-grande-ca/mold-remediation/|/service-areas/atascadero-ca/emergency-plumbing/|/service-areas/avila-beach-ca/emergency-plumbing/|/contact/,6.30,planned
/service-areas/arroyo-grande-ca/emergency-water-removal/,service-area-service,"Water Removal & Cleanup in Arroyo Grande, CA | Coastal Restoration Services Inc",Water Removal & Cleanup in Arroyo Grande,"Water removal & cleanup in Arroyo Grande, CA. IICRC-certified, insurance billing accepted. Call (805) 345-7440.",emergency water removal & cleanup arroyo grande,water extraction|water removal|water cleanup|standing water removal,local_emergency,,,900,hero|og|inline-1|inline-2,service|local-business|faq|breadcrumb-list,/services/emergency-water-removal/|/service-areas/arroyo-grande-ca/|/service-areas/arroyo-grande-ca/fire-damage-restoration/|/service-areas/arroyo-grande-ca/mold-remediation/|/service-areas/atascadero-ca/emergency-water-removal/|/service-areas/avila-beach-ca/emergency-water-removal/|/contact/,6.30,planned
/service-areas/arroyo-grande-ca/flood-damage-restoration/,service-area-service,"Flood Damage Restoration in Arroyo Grande, CA | Coastal Restoration Services Inc",Flood Damage Restoration in Arroyo Grande,"Flood damage restoration in Arroyo Grande, CA. IICRC-certified, insurance billing accepted. Call (805) 345-7440.",flood damage restoration arroyo grande,flood cleanup|flood restoration|post-flood restoration|residential flood damage|flood damage repair,local_emergency,,,900,hero|og|inline-1|inline-2,service|local-business|faq|breadcrumb-list,/services/flood-damage-restoration/|/service-areas/arroyo-grande-ca/|/service-areas/arroyo-grande-ca/fire-damage-restoration/|/service-areas/arroyo-grande-ca/mold-remediation/|/service-areas/atascadero-ca/flood-damage-restoration/|/service-areas/avila-beach-ca/flood-damage-restoration/|/contact/,6.30,planned
/service-areas/arroyo-grande-ca/reconstruction/,service-area-service,"Reconstruction Services in Arroyo Grande, CA | Coastal Restoration Services Inc",Reconstruction Services in Arroyo Grande,"Reconstruction services in Arroyo Grande, CA. IICRC-certified, insurance billing accepted. Call (805) 345-7440.",reconstruction services arroyo grande,post-damage reconstruction|rebuild services|structural reconstruction|post-disaster rebuilding|fire damage reconstruction,local_commercial,,,900,hero|og|inline-1|inline-2,service|local-business|faq|breadcrumb-list,/services/reconstruction/|/service-areas/arroyo-grande-ca/|/service-areas/arroyo-grande-ca/fire-damage-restoration/|/service-areas/arroyo-grande-ca/mold-remediation/|/service-areas/atascadero-ca/reconstruction/|/service-areas/avila-beach-ca/reconstruction/|/contact/,6.30,planned
/service-areas/arroyo-grande-ca/sewage-cleanup/,service-area-service,"Sewage Cleanup and Sanitization in Arroyo Grande, CA | Coastal Restoration Services Inc",Sewage Cleanup and Sanitization in Arroyo Grande,"Sewage cleanup and sanitization in Arroyo Grande, CA. IICRC-certified, insurance billing accepted. Call (805) 345-7440.",sewage cleanup and sanitization arroyo grande,sewage backup cleanup|raw sewage removal|septic overflow cleanup|sewer line backup|sanitization services,local_emergency,,,900,hero|og|inline-1|inline-2,service|local-business|faq|breadcrumb-list,/services/sewage-cleanup/|/service-areas/arroyo-grande-ca/|/service-areas/arroyo-grande-ca/fire-damage-restoration/|/service-areas/arroyo-grande-ca/mold-remediation/|/service-areas/atascadero-ca/sewage-cleanup/|/service-areas/avila-beach-ca/sewage-cleanup/|/contact/,6.30,planned
/service-areas/arroyo-grande-ca/smoke-damage-restoration/,service-area-service,"Smoke Damage Restoration in Arroyo Grande, CA | Coastal Restoration Services Inc",Smoke Damage Restoration in Arroyo Grande,"Smoke damage restoration in Arroyo Grande, CA. IICRC-certified, insurance billing accepted. Call (805) 345-7440.",smoke damage restoration arroyo grande,smoke residue cleanup|smoke damage repair|post-fire smoke cleanup|smoke damage restoration services|wildfire smoke cleanup,local_emergency,,,900,hero|og|inline-1|inline-2,service|local-business|faq|breadcrumb-list,/services/smoke-damage-restoration/|/service-areas/arroyo-grande-ca/|/service-areas/arroyo-grande-ca/fire-damage-restoration/|/service-areas/arroyo-grande-ca/mold-remediation/|/service-areas/atascadero-ca/smoke-damage-restoration/|/service-areas/avila-beach-ca/smoke-damage-restoration/|/contact/,6.30,planned
/service-areas/arroyo-grande-ca/storm-damage-restoration/,service-area-service,"Storm Damage Restoration in Arroyo Grande, CA | Coastal Restoration Services Inc",Storm Damage Restoration in Arroyo Grande,"Storm damage restoration in Arroyo Grande, CA. IICRC-certified, insurance billing accepted. Call (805) 345-7440.",storm damage restoration arroyo grande,hurricane damage cleanup|tornado damage cleanup|tree damage cleanup|storm cleanup services|severe weather damage repair,local_emergency,,,900,hero|og|inline-1|inline-2,service|local-business|faq|breadcrumb-list,/services/storm-damage-restoration/|/service-areas/arroyo-grande-ca/|/service-areas/arroyo-grande-ca/fire-damage-restoration/|/service-areas/arroyo-grande-ca/mold-remediation/|/service-areas/atascadero-ca/storm-damage-restoration/|/service-areas/avila-beach-ca/storm-damage-restoration/|/contact/,6.30,planned
/service-areas/atascadero-ca/commercial-restoration/,service-area-service,"Commercial Restoration in Atascadero, CA | Coastal Restoration Services Inc",Commercial Restoration in Atascadero,"Commercial restoration in Atascadero, CA. IICRC-certified, insurance billing accepted. Call (805) 345-7440.",commercial restoration atascadero,commercial water damage|commercial fire damage|business restoration|office restoration|retail restoration,local_b2b,,,900,hero|og|inline-1|inline-2,service|local-business|faq|breadcrumb-list,/services/commercial-restoration/|/service-areas/atascadero-ca/|/service-areas/atascadero-ca/fire-damage-restoration/|/service-areas/atascadero-ca/mold-remediation/|/service-areas/arroyo-grande-ca/commercial-restoration/|/service-areas/avila-beach-ca/commercial-restoration/|/contact/,6.30,planned
/service-areas/atascadero-ca/emergency-plumbing/,service-area-service,"Plumbing in Atascadero, CA | Coastal Restoration Services Inc",Plumbing in Atascadero,"Plumbing in Atascadero, CA. IICRC-certified, insurance billing accepted. Call (805) 345-7440.",emergency plumbing atascadero,24 hour plumber|burst pipe plumber,local_emergency,,,900,hero|og|inline-1|inline-2,service|local-business|faq|breadcrumb-list,/services/emergency-plumbing/|/service-areas/atascadero-ca/|/service-areas/atascadero-ca/fire-damage-restoration/|/service-areas/atascadero-ca/mold-remediation/|/service-areas/arroyo-grande-ca/emergency-plumbing/|/service-areas/avila-beach-ca/emergency-plumbing/|/contact/,6.30,planned
/service-areas/atascadero-ca/emergency-water-removal/,service-area-service,"Water Removal & Cleanup in Atascadero, CA | Coastal Restoration Services Inc",Water Removal & Cleanup in Atascadero,"Water removal & cleanup in Atascadero, CA. IICRC-certified, insurance billing accepted. Call (805) 345-7440.",emergency water removal & cleanup atascadero,water extraction|water removal|water cleanup|standing water removal,local_emergency,,,900,hero|og|inline-1|inline-2,service|local-business|faq|breadcrumb-list,/services/emergency-water-removal/|/service-areas/atascadero-ca/|/service-areas/atascadero-ca/fire-damage-restoration/|/service-areas/atascadero-ca/mold-remediation/|/service-areas/arroyo-grande-ca/emergency-water-removal/|/service-areas/avila-beach-ca/emergency-water-removal/|/contact/,6.30,planned
/service-areas/atascadero-ca/flood-damage-restoration/,service-area-service,"Flood Damage Restoration in Atascadero, CA | Coastal Restoration Services Inc",Flood Damage Restoration in Atascadero,"Flood damage restoration in Atascadero, CA. IICRC-certified, insurance billing accepted. Call (805) 345-7440.",flood damage restoration atascadero,flood cleanup|flood restoration|post-flood restoration|residential flood damage|flood damage repair,local_emergency,,,900,hero|og|inline-1|inline-2,service|local-business|faq|breadcrumb-list,/services/flood-damage-restoration/|/service-areas/atascadero-ca/|/service-areas/atascadero-ca/fire-damage-restoration/|/service-areas/atascadero-ca/mold-remediation/|/service-areas/arroyo-grande-ca/flood-damage-restoration/|/service-areas/avila-beach-ca/flood-damage-restoration/|/contact/,6.30,planned
/service-areas/atascadero-ca/reconstruction/,service-area-service,"Reconstruction Services in Atascadero, CA | Coastal Restoration Services Inc",Reconstruction Services in Atascadero,"Reconstruction services in Atascadero, CA. IICRC-certified, insurance billing accepted. Call (805) 345-7440.",reconstruction services atascadero,post-damage reconstruction|rebuild services|structural reconstruction|post-disaster rebuilding|fire damage reconstruction,local_commercial,,,900,hero|og|inline-1|inline-2,service|local-business|faq|breadcrumb-list,/services/reconstruction/|/service-areas/atascadero-ca/|/service-areas/atascadero-ca/fire-damage-restoration/|/service-areas/atascadero-ca/mold-remediation/|/service-areas/arroyo-grande-ca/reconstruction/|/service-areas/avila-beach-ca/reconstruction/|/contact/,6.30,planned
/service-areas/atascadero-ca/sewage-cleanup/,service-area-service,"Sewage Cleanup and Sanitization in Atascadero, CA | Coastal Restoration Services Inc",Sewage Cleanup and Sanitization in Atascadero,"Sewage cleanup and sanitization in Atascadero, CA. IICRC-certified, insurance billing accepted. Call (805) 345-7440.",sewage cleanup and sanitization atascadero,sewage backup cleanup|raw sewage removal|septic overflow cleanup|sewer line backup|sanitization services,local_emergency,,,900,hero|og|inline-1|inline-2,service|local-business|faq|breadcrumb-list,/services/sewage-cleanup/|/service-areas/atascadero-ca/|/service-areas/atascadero-ca/fire-damage-restoration/|/service-areas/atascadero-ca/mold-remediation/|/service-areas/arroyo-grande-ca/sewage-cleanup/|/service-areas/avila-beach-ca/sewage-cleanup/|/contact/,6.30,planned
/service-areas/atascadero-ca/smoke-damage-restoration/,service-area-service,"Smoke Damage Restoration in Atascadero, CA | Coastal Restoration Services Inc",Smoke Damage Restoration in Atascadero,"Smoke damage restoration in Atascadero, CA. IICRC-certified, insurance billing accepted. Call (805) 345-7440.",smoke damage restoration atascadero,smoke residue cleanup|smoke damage repair|post-fire smoke cleanup|smoke damage restoration services|wildfire smoke cleanup,local_emergency,,,900,hero|og|inline-1|inline-2,service|local-business|faq|breadcrumb-list,/services/smoke-damage-restoration/|/service-areas/atascadero-ca/|/service-areas/atascadero-ca/fire-damage-restoration/|/service-areas/atascadero-ca/mold-remediation/|/service-areas/arroyo-grande-ca/smoke-damage-restoration/|/service-areas/avila-beach-ca/smoke-damage-restoration/|/contact/,6.30,planned
/service-areas/atascadero-ca/storm-damage-restoration/,service-area-service,"Storm Damage Restoration in Atascadero, CA | Coastal Restoration Services Inc",Storm Damage Restoration in Atascadero,"Storm damage restoration in Atascadero, CA. IICRC-certified, insurance billing accepted. Call (805) 345-7440.",storm damage restoration atascadero,hurricane damage cleanup|tornado damage cleanup|tree damage cleanup|storm cleanup services|severe weather damage repair,local_emergency,,,900,hero|og|inline-1|inline-2,service|local-business|faq|breadcrumb-list,/services/storm-damage-restoration/|/service-areas/atascadero-ca/|/service-areas/atascadero-ca/fire-damage-restoration/|/service-areas/atascadero-ca/mold-remediation/|/service-areas/arroyo-grande-ca/storm-damage-restoration/|/service-areas/avila-beach-ca/storm-damage-restoration/|/contact/,6.30,planned
/service-areas/avila-beach-ca/commercial-restoration/,service-area-service,"Commercial Restoration in Avila Beach, CA | Coastal Restoration Services Inc",Commercial Restoration in Avila Beach,"Commercial restoration in Avila Beach, CA. IICRC-certified, insurance billing accepted. Call (805) 345-7440.",commercial restoration avila beach,commercial water damage|commercial fire damage|business restoration|office restoration|retail restoration,local_b2b,,,900,hero|og|inline-1|inline-2,service|local-business|faq|breadcrumb-list,/services/commercial-restoration/|/service-areas/avila-beach-ca/|/service-areas/avila-beach-ca/fire-damage-restoration/|/service-areas/avila-beach-ca/mold-remediation/|/service-areas/arroyo-grande-ca/commercial-restoration/|/service-areas/atascadero-ca/commercial-restoration/|/contact/,6.30,planned
/service-areas/avila-beach-ca/emergency-plumbing/,service-area-service,"Plumbing in Avila Beach, CA | Coastal Restoration Services Inc",Plumbing in Avila Beach,"Plumbing in Avila Beach, CA. IICRC-certified, insurance billing accepted. Call (805) 345-7440.",emergency plumbing avila beach,24 hour plumber|burst pipe plumber,local_emergency,,,900,hero|og|inline-1|inline-2,service|local-business|faq|breadcrumb-list,/services/emergency-plumbing/|/service-areas/avila-beach-ca/|/service-areas/avila-beach-ca/fire-damage-restoration/|/service-areas/avila-beach-ca/mold-remediation/|/service-areas/arroyo-grande-ca/emergency-plumbing/|/service-areas/atascadero-ca/emergency-plumbing/|/contact/,6.30,planned
/service-areas/avila-beach-ca/emergency-water-removal/,service-area-service,"Water Removal & Cleanup in Avila Beach, CA | Coastal Restoration Services Inc",Water Removal & Cleanup in Avila Beach,"Water removal & cleanup in Avila Beach, CA. IICRC-certified, insurance billing accepted. Call (805) 345-7440.",emergency water removal & cleanup avila beach,water extraction|water removal|water cleanup|standing water removal,local_emergency,,,900,hero|og|inline-1|inline-2,service|local-business|faq|breadcrumb-list,/services/emergency-water-removal/|/service-areas/avila-beach-ca/|/service-areas/avila-beach-ca/fire-damage-restoration/|/service-areas/avila-beach-ca/mold-remediation/|/service-areas/arroyo-grande-ca/emergency-water-removal/|/service-areas/atascadero-ca/emergency-water-removal/|/contact/,6.30,planned
/service-areas/avila-beach-ca/flood-damage-restoration/,service-area-service,"Flood Damage Restoration in Avila Beach, CA | Coastal Restoration Services Inc",Flood Damage Restoration in Avila Beach,"Flood damage restoration in Avila Beach, CA. IICRC-certified, insurance billing accepted. Call (805) 345-7440.",flood damage restoration avila beach,flood cleanup|flood restoration|post-flood restoration|residential flood damage|flood damage repair,local_emergency,,,900,hero|og|inline-1|inline-2,service|local-business|faq|breadcrumb-list,/services/flood-damage-restoration/|/service-areas/avila-beach-ca/|/service-areas/avila-beach-ca/fire-damage-restoration/|/service-areas/avila-beach-ca/mold-remediation/|/service-areas/arroyo-grande-ca/flood-damage-restoration/|/service-areas/atascadero-ca/flood-damage-restoration/|/contact/,6.30,planned
/service-areas/avila-beach-ca/reconstruction/,service-area-service,"Reconstruction Services in Avila Beach, CA | Coastal Restoration Services Inc",Reconstruction Services in Avila Beach,"Reconstruction services in Avila Beach, CA. IICRC-certified, insurance billing accepted. Call (805) 345-7440.",reconstruction services avila beach,post-damage reconstruction|rebuild services|structural reconstruction|post-disaster rebuilding|fire damage reconstruction,local_commercial,,,900,hero|og|inline-1|inline-2,service|local-business|faq|breadcrumb-list,/services/reconstruction/|/service-areas/avila-beach-ca/|/service-areas/avila-beach-ca/fire-damage-restoration/|/service-areas/avila-beach-ca/mold-remediation/|/service-areas/arroyo-grande-ca/reconstruction/|/service-areas/atascadero-ca/reconstruction/|/contact/,6.30,planned
/service-areas/avila-beach-ca/sewage-cleanup/,service-area-service,"Sewage Cleanup and Sanitization in Avila Beach, CA | Coastal Restoration Services Inc",Sewage Cleanup and Sanitization in Avila Beach,"Sewage cleanup and sanitization in Avila Beach, CA. IICRC-certified, insurance billing accepted. Call (805) 345-7440.",sewage cleanup and sanitization avila beach,sewage backup cleanup|raw sewage removal|septic overflow cleanup|sewer line backup|sanitization services,local_emergency,,,900,hero|og|inline-1|inline-2,service|local-business|faq|breadcrumb-list,/services/sewage-cleanup/|/service-areas/avila-beach-ca/|/service-areas/avila-beach-ca/fire-damage-restoration/|/service-areas/avila-beach-ca/mold-remediation/|/service-areas/arroyo-grande-ca/sewage-cleanup/|/service-areas/atascadero-ca/sewage-cleanup/|/contact/,6.30,planned
/service-areas/avila-beach-ca/smoke-damage-restoration/,service-area-service,"Smoke Damage Restoration in Avila Beach, CA | Coastal Restoration Services Inc",Smoke Damage Restoration in Avila Beach,"Smoke damage restoration in Avila Beach, CA. IICRC-certified, insurance billing accepted. Call (805) 345-7440.",smoke damage restoration avila beach,smoke residue cleanup|smoke damage repair|post-fire smoke cleanup|smoke damage restoration services|wildfire smoke cleanup,local_emergency,,,900,hero|og|inline-1|inline-2,service|local-business|faq|breadcrumb-list,/services/smoke-damage-restoration/|/service-areas/avila-beach-ca/|/service-areas/avila-beach-ca/fire-damage-restoration/|/service-areas/avila-beach-ca/mold-remediation/|/service-areas/arroyo-grande-ca/smoke-damage-restoration/|/service-areas/atascadero-ca/smoke-damage-restoration/|/contact/,6.30,planned
/service-areas/avila-beach-ca/storm-damage-restoration/,service-area-service,"Storm Damage Restoration in Avila Beach, CA | Coastal Restoration Services Inc",Storm Damage Restoration in Avila Beach,"Storm damage restoration in Avila Beach, CA. IICRC-certified, insurance billing accepted. Call (805) 345-7440.",storm damage restoration avila beach,hurricane damage cleanup|tornado damage cleanup|tree damage cleanup|storm cleanup services|severe weather damage repair,local_emergency,,,900,hero|og|inline-1|inline-2,service|local-business|faq|breadcrumb-list,/services/storm-damage-restoration/|/service-areas/avila-beach-ca/|/service-areas/avila-beach-ca/fire-damage-restoration/|/service-areas/avila-beach-ca/mold-remediation/|/service-areas/arroyo-grande-ca/storm-damage-restoration/|/service-areas/atascadero-ca/storm-damage-restoration/|/contact/,6.30,planned
/service-areas/ballard-ca/commercial-restoration/,service-area-service,"Commercial Restoration in Ballard, CA | Coastal Restoration Services Inc",Commercial Restoration in Ballard,"Commercial restoration in Ballard, CA. IICRC-certified, insurance billing accepted. Call (805) 345-7440.",commercial restoration ballard,commercial water damage|commercial fire damage|business restoration|office restoration|retail restoration,local_b2b,,,900,hero|og|inline-1|inline-2,service|local-business|faq|breadcrumb-list,/services/commercial-restoration/|/service-areas/ballard-ca/|/service-areas/ballard-ca/fire-damage-restoration/|/service-areas/ballard-ca/mold-remediation/|/service-areas/arroyo-grande-ca/commercial-restoration/|/service-areas/atascadero-ca/commercial-restoration/|/contact/,6.30,planned
/service-areas/ballard-ca/emergency-plumbing/,service-area-service,"Plumbing in Ballard, CA | Coastal Restoration Services Inc",Plumbing in Ballard,"Plumbing in Ballard, CA. IICRC-certified, insurance billing accepted. Call (805) 345-7440.",emergency plumbing ballard,24 hour plumber|burst pipe plumber,local_emergency,,,900,hero|og|inline-1|inline-2,service|local-business|faq|breadcrumb-list,/services/emergency-plumbing/|/service-areas/ballard-ca/|/service-areas/ballard-ca/fire-damage-restoration/|/service-areas/ballard-ca/mold-remediation/|/service-areas/arroyo-grande-ca/emergency-plumbing/|/service-areas/atascadero-ca/emergency-plumbing/|/contact/,6.30,planned
/service-areas/ballard-ca/emergency-water-removal/,service-area-service,"Water Removal & Cleanup in Ballard, CA | Coastal Restoration Services Inc",Water Removal & Cleanup in Ballard,"Water removal & cleanup in Ballard, CA. IICRC-certified, insurance billing accepted. Call (805) 345-7440.",emergency water removal & cleanup ballard,water extraction|water removal|water cleanup|standing water removal,local_emergency,,,900,hero|og|inline-1|inline-2,service|local-business|faq|breadcrumb-list,/services/emergency-water-removal/|/service-areas/ballard-ca/|/service-areas/ballard-ca/fire-damage-restoration/|/service-areas/ballard-ca/mold-remediation/|/service-areas/arroyo-grande-ca/emergency-water-removal/|/service-areas/atascadero-ca/emergency-water-removal/|/contact/,6.30,planned
/service-areas/ballard-ca/flood-damage-restoration/,service-area-service,"Flood Damage Restoration in Ballard, CA | Coastal Restoration Services Inc",Flood Damage Restoration in Ballard,"Flood damage restoration in Ballard, CA. IICRC-certified, insurance billing accepted. Call (805) 345-7440.",flood damage restoration ballard,flood cleanup|flood restoration|post-flood restoration|residential flood damage|flood damage repair,local_emergency,,,900,hero|og|inline-1|inline-2,service|local-business|faq|breadcrumb-list,/services/flood-damage-restoration/|/service-areas/ballard-ca/|/service-areas/ballard-ca/fire-damage-restoration/|/service-areas/ballard-ca/mold-remediation/|/service-areas/arroyo-grande-ca/flood-damage-restoration/|/service-areas/atascadero-ca/flood-damage-restoration/|/contact/,6.30,planned
/service-areas/ballard-ca/reconstruction/,service-area-service,"Reconstruction Services in Ballard, CA | Coastal Restoration Services Inc",Reconstruction Services in Ballard,"Reconstruction services in Ballard, CA. IICRC-certified, insurance billing accepted. Call (805) 345-7440.",reconstruction services ballard,post-damage reconstruction|rebuild services|structural reconstruction|post-disaster rebuilding|fire damage reconstruction,local_commercial,,,900,hero|og|inline-1|inline-2,service|local-business|faq|breadcrumb-list,/services/reconstruction/|/service-areas/ballard-ca/|/service-areas/ballard-ca/fire-damage-restoration/|/service-areas/ballard-ca/mold-remediation/|/service-areas/arroyo-grande-ca/reconstruction/|/service-areas/atascadero-ca/reconstruction/|/contact/,6.30,planned
/service-areas/ballard-ca/sewage-cleanup/,service-area-service,"Sewage Cleanup and Sanitization in Ballard, CA | Coastal Restoration Services Inc",Sewage Cleanup and Sanitization in Ballard,"Sewage cleanup and sanitization in Ballard, CA. IICRC-certified, insurance billing accepted. Call (805) 345-7440.",sewage cleanup and sanitization ballard,sewage backup cleanup|raw sewage removal|septic overflow cleanup|sewer line backup|sanitization services,local_emergency,,,900,hero|og|inline-1|inline-2,service|local-business|faq|breadcrumb-list,/services/sewage-cleanup/|/service-areas/ballard-ca/|/service-areas/ballard-ca/fire-damage-restoration/|/service-areas/ballard-ca/mold-remediation/|/service-areas/arroyo-grande-ca/sewage-cleanup/|/service-areas/atascadero-ca/sewage-cleanup/|/contact/,6.30,planned
/service-areas/ballard-ca/smoke-damage-restoration/,service-area-service,"Smoke Damage Restoration in Ballard, CA | Coastal Restoration Services Inc",Smoke Damage Restoration in Ballard,"Smoke damage restoration in Ballard, CA. IICRC-certified, insurance billing accepted. Call (805) 345-7440.",smoke damage restoration ballard,smoke residue cleanup|smoke damage repair|post-fire smoke cleanup|smoke damage restoration services|wildfire smoke cleanup,local_emergency,,,900,hero|og|inline-1|inline-2,service|local-business|faq|breadcrumb-list,/services/smoke-damage-restoration/|/service-areas/ballard-ca/|/service-areas/ballard-ca/fire-damage-restoration/|/service-areas/ballard-ca/mold-remediation/|/service-areas/arroyo-grande-ca/smoke-damage-restoration/|/service-areas/atascadero-ca/smoke-damage-restoration/|/contact/,6.30,planned
/service-areas/ballard-ca/storm-damage-restoration/,service-area-service,"Storm Damage Restoration in Ballard, CA | Coastal Restoration Services Inc",Storm Damage Restoration in Ballard,"Storm damage restoration in Ballard, CA. IICRC-certified, insurance billing accepted. Call (805) 345-7440.",storm damage restoration ballard,hurricane damage cleanup|tornado damage cleanup|tree damage cleanup|storm cleanup services|severe weather damage repair,local_emergency,,,900,hero|og|inline-1|inline-2,service|local-business|faq|breadcrumb-list,/services/storm-damage-restoration/|/service-areas/ballard-ca/|/service-areas/ballard-ca/fire-damage-restoration/|/service-areas/ballard-ca/mold-remediation/|/service-areas/arroyo-grande-ca/storm-damage-restoration/|/service-areas/atascadero-ca/storm-damage-restoration/|/contact/,6.30,planned
/service-areas/blacklake-ca/commercial-restoration/,service-area-service,"Commercial Restoration in Blacklake, CA | Coastal Restoration Services Inc",Commercial Restoration in Blacklake,"Commercial restoration in Blacklake, CA. IICRC-certified, insurance billing accepted. Call (805) 345-7440.",commercial restoration blacklake,commercial water damage|commercial fire damage|business restoration|office restoration|retail restoration,local_b2b,,,900,hero|og|inline-1|inline-2,service|local-business|faq|breadcrumb-list,/services/commercial-restoration/|/service-areas/blacklake-ca/|/service-areas/blacklake-ca/fire-damage-restoration/|/service-areas/blacklake-ca/mold-remediation/|/service-areas/arroyo-grande-ca/commercial-restoration/|/service-areas/atascadero-ca/commercial-restoration/|/contact/,6.30,planned
/service-areas/blacklake-ca/emergency-plumbing/,service-area-service,"Plumbing in Blacklake, CA | Coastal Restoration Services Inc",Plumbing in Blacklake,"Plumbing in Blacklake, CA. IICRC-certified, insurance billing accepted. Call (805) 345-7440.",emergency plumbing blacklake,24 hour plumber|burst pipe plumber,local_emergency,,,900,hero|og|inline-1|inline-2,service|local-business|faq|breadcrumb-list,/services/emergency-plumbing/|/service-areas/blacklake-ca/|/service-areas/blacklake-ca/fire-damage-restoration/|/service-areas/blacklake-ca/mold-remediation/|/service-areas/arroyo-grande-ca/emergency-plumbing/|/service-areas/atascadero-ca/emergency-plumbing/|/contact/,6.30,planned
/service-areas/blacklake-ca/emergency-water-removal/,service-area-service,"Water Removal & Cleanup in Blacklake, CA | Coastal Restoration Services Inc",Water Removal & Cleanup in Blacklake,"Water removal & cleanup in Blacklake, CA. IICRC-certified, insurance billing accepted. Call (805) 345-7440.",emergency water removal & cleanup blacklake,water extraction|water removal|water cleanup|standing water removal,local_emergency,,,900,hero|og|inline-1|inline-2,service|local-business|faq|breadcrumb-list,/services/emergency-water-removal/|/service-areas/blacklake-ca/|/service-areas/blacklake-ca/fire-damage-restoration/|/service-areas/blacklake-ca/mold-remediation/|/service-areas/arroyo-grande-ca/emergency-water-removal/|/service-areas/atascadero-ca/emergency-water-removal/|/contact/,6.30,planned
/service-areas/blacklake-ca/flood-damage-restoration/,service-area-service,"Flood Damage Restoration in Blacklake, CA | Coastal Restoration Services Inc",Flood Damage Restoration in Blacklake,"Flood damage restoration in Blacklake, CA. IICRC-certified, insurance billing accepted. Call (805) 345-7440.",flood damage restoration blacklake,flood cleanup|flood restoration|post-flood restoration|residential flood damage|flood damage repair,local_emergency,,,900,hero|og|inline-1|inline-2,service|local-business|faq|breadcrumb-list,/services/flood-damage-restoration/|/service-areas/blacklake-ca/|/service-areas/blacklake-ca/fire-damage-restoration/|/service-areas/blacklake-ca/mold-remediation/|/service-areas/arroyo-grande-ca/flood-damage-restoration/|/service-areas/atascadero-ca/flood-damage-restoration/|/contact/,6.30,planned
/service-areas/blacklake-ca/reconstruction/,service-area-service,"Reconstruction Services in Blacklake, CA | Coastal Restoration Services Inc",Reconstruction Services in Blacklake,"Reconstruction services in Blacklake, CA. IICRC-certified, insurance billing accepted. Call (805) 345-7440.",reconstruction services blacklake,post-damage reconstruction|rebuild services|structural reconstruction|post-disaster rebuilding|fire damage reconstruction,local_commercial,,,900,hero|og|inline-1|inline-2,service|local-business|faq|breadcrumb-list,/services/reconstruction/|/service-areas/blacklake-ca/|/service-areas/blacklake-ca/fire-damage-restoration/|/service-areas/blacklake-ca/mold-remediation/|/service-areas/arroyo-grande-ca/reconstruction/|/service-areas/atascadero-ca/reconstruction/|/contact/,6.30,planned
/service-areas/blacklake-ca/sewage-cleanup/,service-area-service,"Sewage Cleanup and Sanitization in Blacklake, CA | Coastal Restoration Services Inc",Sewage Cleanup and Sanitization in Blacklake,"Sewage cleanup and sanitization in Blacklake, CA. IICRC-certified, insurance billing accepted. Call (805) 345-7440.",sewage cleanup and sanitization blacklake,sewage backup cleanup|raw sewage removal|septic overflow cleanup|sewer line backup|sanitization services,local_emergency,,,900,hero|og|inline-1|inline-2,service|local-business|faq|breadcrumb-list,/services/sewage-cleanup/|/service-areas/blacklake-ca/|/service-areas/blacklake-ca/fire-damage-restoration/|/service-areas/blacklake-ca/mold-remediation/|/service-areas/arroyo-grande-ca/sewage-cleanup/|/service-areas/atascadero-ca/sewage-cleanup/|/contact/,6.30,planned
/service-areas/blacklake-ca/smoke-damage-restoration/,service-area-service,"Smoke Damage Restoration in Blacklake, CA | Coastal Restoration Services Inc",Smoke Damage Restoration in Blacklake,"Smoke damage restoration in Blacklake, CA. IICRC-certified, insurance billing accepted. Call (805) 345-7440.",smoke damage restoration blacklake,smoke residue cleanup|smoke damage repair|post-fire smoke cleanup|smoke damage restoration services|wildfire smoke cleanup,local_emergency,,,900,hero|og|inline-1|inline-2,service|local-business|faq|breadcrumb-list,/services/smoke-damage-restoration/|/service-areas/blacklake-ca/|/service-areas/blacklake-ca/fire-damage-restoration/|/service-areas/blacklake-ca/mold-remediation/|/service-areas/arroyo-grande-ca/smoke-damage-restoration/|/service-areas/atascadero-ca/smoke-damage-restoration/|/contact/,6.30,planned
/service-areas/blacklake-ca/storm-damage-restoration/,service-area-service,"Storm Damage Restoration in Blacklake, CA | Coastal Restoration Services Inc",Storm Damage Restoration in Blacklake,"Storm damage restoration in Blacklake, CA. IICRC-certified, insurance billing accepted. Call (805) 345-7440.",storm damage restoration blacklake,hurricane damage cleanup|tornado damage cleanup|tree damage cleanup|storm cleanup services|severe weather damage repair,local_emergency,,,900,hero|og|inline-1|inline-2,service|local-business|faq|breadcrumb-list,/services/storm-damage-restoration/|/service-areas/blacklake-ca/|/service-areas/blacklake-ca/fire-damage-restoration/|/service-areas/blacklake-ca/mold-remediation/|/service-areas/arroyo-grande-ca/storm-damage-restoration/|/service-areas/atascadero-ca/storm-damage-restoration/|/contact/,6.30,planned
/service-areas/buellton-ca/commercial-restoration/,service-area-service,"Commercial Restoration in Buellton, CA | Coastal Restoration Services Inc",Commercial Restoration in Buellton,"Commercial restoration in Buellton, CA. IICRC-certified, insurance billing accepted. Call (805) 345-7440.",commercial restoration buellton,commercial water damage|commercial fire damage|business restoration|office restoration|retail restoration,local_b2b,,,900,hero|og|inline-1|inline-2,service|local-business|faq|breadcrumb-list,/services/commercial-restoration/|/service-areas/buellton-ca/|/service-areas/buellton-ca/fire-damage-restoration/|/service-areas/buellton-ca/mold-remediation/|/service-areas/arroyo-grande-ca/commercial-restoration/|/service-areas/atascadero-ca/commercial-restoration/|/contact/,6.30,planned
/service-areas/buellton-ca/emergency-plumbing/,service-area-service,"Plumbing in Buellton, CA | Coastal Restoration Services Inc",Plumbing in Buellton,"Plumbing in Buellton, CA. IICRC-certified, insurance billing accepted. Call (805) 345-7440.",emergency plumbing buellton,24 hour plumber|burst pipe plumber,local_emergency,,,900,hero|og|inline-1|inline-2,service|local-business|faq|breadcrumb-list,/services/emergency-plumbing/|/service-areas/buellton-ca/|/service-areas/buellton-ca/fire-damage-restoration/|/service-areas/buellton-ca/mold-remediation/|/service-areas/arroyo-grande-ca/emergency-plumbing/|/service-areas/atascadero-ca/emergency-plumbing/|/contact/,6.30,planned
/service-areas/buellton-ca/emergency-water-removal/,service-area-service,"Water Removal & Cleanup in Buellton, CA | Coastal Restoration Services Inc",Water Removal & Cleanup in Buellton,"Water removal & cleanup in Buellton, CA. IICRC-certified, insurance billing accepted. Call (805) 345-7440.",emergency water removal & cleanup buellton,water extraction|water removal|water cleanup|standing water removal,local_emergency,,,900,hero|og|inline-1|inline-2,service|local-business|faq|breadcrumb-list,/services/emergency-water-removal/|/service-areas/buellton-ca/|/service-areas/buellton-ca/fire-damage-restoration/|/service-areas/buellton-ca/mold-remediation/|/service-areas/arroyo-grande-ca/emergency-water-removal/|/service-areas/atascadero-ca/emergency-water-removal/|/contact/,6.30,planned
/service-areas/buellton-ca/flood-damage-restoration/,service-area-service,"Flood Damage Restoration in Buellton, CA | Coastal Restoration Services Inc",Flood Damage Restoration in Buellton,"Flood damage restoration in Buellton, CA. IICRC-certified, insurance billing accepted. Call (805) 345-7440.",flood damage restoration buellton,flood cleanup|flood restoration|post-flood restoration|residential flood damage|flood damage repair,local_emergency,,,900,hero|og|inline-1|inline-2,service|local-business|faq|breadcrumb-list,/services/flood-damage-restoration/|/service-areas/buellton-ca/|/service-areas/buellton-ca/fire-damage-restoration/|/service-areas/buellton-ca/mold-remediation/|/service-areas/arroyo-grande-ca/flood-damage-restoration/|/service-areas/atascadero-ca/flood-damage-restoration/|/contact/,6.30,planned
/service-areas/buellton-ca/reconstruction/,service-area-service,"Reconstruction Services in Buellton, CA | Coastal Restoration Services Inc",Reconstruction Services in Buellton,"Reconstruction services in Buellton, CA. IICRC-certified, insurance billing accepted. Call (805) 345-7440.",reconstruction services buellton,post-damage reconstruction|rebuild services|structural reconstruction|post-disaster rebuilding|fire damage reconstruction,local_commercial,,,900,hero|og|inline-1|inline-2,service|local-business|faq|breadcrumb-list,/services/reconstruction/|/service-areas/buellton-ca/|/service-areas/buellton-ca/fire-damage-restoration/|/service-areas/buellton-ca/mold-remediation/|/service-areas/arroyo-grande-ca/reconstruction/|/service-areas/atascadero-ca/reconstruction/|/contact/,6.30,planned
/service-areas/buellton-ca/sewage-cleanup/,service-area-service,"Sewage Cleanup and Sanitization in Buellton, CA | Coastal Restoration Services Inc",Sewage Cleanup and Sanitization in Buellton,"Sewage cleanup and sanitization in Buellton, CA. IICRC-certified, insurance billing accepted. Call (805) 345-7440.",sewage cleanup and sanitization buellton,sewage backup cleanup|raw sewage removal|septic overflow cleanup|sewer line backup|sanitization services,local_emergency,,,900,hero|og|inline-1|inline-2,service|local-business|faq|breadcrumb-list,/services/sewage-cleanup/|/service-areas/buellton-ca/|/service-areas/buellton-ca/fire-damage-restoration/|/service-areas/buellton-ca/mold-remediation/|/service-areas/arroyo-grande-ca/sewage-cleanup/|/service-areas/atascadero-ca/sewage-cleanup/|/contact/,6.30,planned
/service-areas/buellton-ca/smoke-damage-restoration/,service-area-service,"Smoke Damage Restoration in Buellton, CA | Coastal Restoration Services Inc",Smoke Damage Restoration in Buellton,"Smoke damage restoration in Buellton, CA. IICRC-certified, insurance billing accepted. Call (805) 345-7440.",smoke damage restoration buellton,smoke residue cleanup|smoke damage repair|post-fire smoke cleanup|smoke damage restoration services|wildfire smoke cleanup,local_emergency,,,900,hero|og|inline-1|inline-2,service|local-business|faq|breadcrumb-list,/services/smoke-damage-restoration/|/service-areas/buellton-ca/|/service-areas/buellton-ca/fire-damage-restoration/|/service-areas/buellton-ca/mold-remediation/|/service-areas/arroyo-grande-ca/smoke-damage-restoration/|/service-areas/atascadero-ca/smoke-damage-restoration/|/contact/,6.30,planned
/service-areas/buellton-ca/storm-damage-restoration/,service-area-service,"Storm Damage Restoration in Buellton, CA | Coastal Restoration Services Inc",Storm Damage Restoration in Buellton,"Storm damage restoration in Buellton, CA. IICRC-certified, insurance billing accepted. Call (805) 345-7440.",storm damage restoration buellton,hurricane damage cleanup|tornado damage cleanup|tree damage cleanup|storm cleanup services|severe weather damage repair,local_emergency,,,900,hero|og|inline-1|inline-2,service|local-business|faq|breadcrumb-list,/services/storm-damage-restoration/|/service-areas/buellton-ca/|/service-areas/buellton-ca/fire-damage-restoration/|/service-areas/buellton-ca/mold-remediation/|/service-areas/arroyo-grande-ca/storm-damage-restoration/|/service-areas/atascadero-ca/storm-damage-restoration/|/contact/,6.30,planned
/service-areas/callender-ca/commercial-restoration/,service-area-service,"Commercial Restoration in Callender, CA | Coastal Restoration Services Inc",Commercial Restoration in Callender,"Commercial restoration in Callender, CA. IICRC-certified, insurance billing accepted. Call (805) 345-7440.",commercial restoration callender,commercial water damage|commercial fire damage|business restoration|office restoration|retail restoration,local_b2b,,,900,hero|og|inline-1|inline-2,service|local-business|faq|breadcrumb-list,/services/commercial-restoration/|/service-areas/callender-ca/|/service-areas/callender-ca/fire-damage-restoration/|/service-areas/callender-ca/mold-remediation/|/service-areas/arroyo-grande-ca/commercial-restoration/|/service-areas/atascadero-ca/commercial-restoration/|/contact/,6.30,planned
/service-areas/callender-ca/emergency-plumbing/,service-area-service,"Plumbing in Callender, CA | Coastal Restoration Services Inc",Plumbing in Callender,"Plumbing in Callender, CA. IICRC-certified, insurance billing accepted. Call (805) 345-7440.",emergency plumbing callender,24 hour plumber|burst pipe plumber,local_emergency,,,900,hero|og|inline-1|inline-2,service|local-business|faq|breadcrumb-list,/services/emergency-plumbing/|/service-areas/callender-ca/|/service-areas/callender-ca/fire-damage-restoration/|/service-areas/callender-ca/mold-remediation/|/service-areas/arroyo-grande-ca/emergency-plumbing/|/service-areas/atascadero-ca/emergency-plumbing/|/contact/,6.30,planned
/service-areas/callender-ca/emergency-water-removal/,service-area-service,"Water Removal & Cleanup in Callender, CA | Coastal Restoration Services Inc",Water Removal & Cleanup in Callender,"Water removal & cleanup in Callender, CA. IICRC-certified, insurance billing accepted. Call (805) 345-7440.",emergency water removal & cleanup callender,water extraction|water removal|water cleanup|standing water removal,local_emergency,,,900,hero|og|inline-1|inline-2,service|local-business|faq|breadcrumb-list,/services/emergency-water-removal/|/service-areas/callender-ca/|/service-areas/callender-ca/fire-damage-restoration/|/service-areas/callender-ca/mold-remediation/|/service-areas/arroyo-grande-ca/emergency-water-removal/|/service-areas/atascadero-ca/emergency-water-removal/|/contact/,6.30,planned
/service-areas/callender-ca/flood-damage-restoration/,service-area-service,"Flood Damage Restoration in Callender, CA | Coastal Restoration Services Inc",Flood Damage Restoration in Callender,"Flood damage restoration in Callender, CA. IICRC-certified, insurance billing accepted. Call (805) 345-7440.",flood damage restoration callender,flood cleanup|flood restoration|post-flood restoration|residential flood damage|flood damage repair,local_emergency,,,900,hero|og|inline-1|inline-2,service|local-business|faq|breadcrumb-list,/services/flood-damage-restoration/|/service-areas/callender-ca/|/service-areas/callender-ca/fire-damage-restoration/|/service-areas/callender-ca/mold-remediation/|/service-areas/arroyo-grande-ca/flood-damage-restoration/|/service-areas/atascadero-ca/flood-damage-restoration/|/contact/,6.30,planned
/service-areas/callender-ca/reconstruction/,service-area-service,"Reconstruction Services in Callender, CA | Coastal Restoration Services Inc",Reconstruction Services in Callender,"Reconstruction services in Callender, CA. IICRC-certified, insurance billing accepted. Call (805) 345-7440.",reconstruction services callender,post-damage reconstruction|rebuild services|structural reconstruction|post-disaster rebuilding|fire damage reconstruction,local_commercial,,,900,hero|og|inline-1|inline-2,service|local-business|faq|breadcrumb-list,/services/reconstruction/|/service-areas/callender-ca/|/service-areas/callender-ca/fire-damage-restoration/|/service-areas/callender-ca/mold-remediation/|/service-areas/arroyo-grande-ca/reconstruction/|/service-areas/atascadero-ca/reconstruction/|/contact/,6.30,planned
/service-areas/callender-ca/sewage-cleanup/,service-area-service,"Sewage Cleanup and Sanitization in Callender, CA | Coastal Restoration Services Inc",Sewage Cleanup and Sanitization in Callender,"Sewage cleanup and sanitization in Callender, CA. IICRC-certified, insurance billing accepted. Call (805) 345-7440.",sewage cleanup and sanitization callender,sewage backup cleanup|raw sewage removal|septic overflow cleanup|sewer line backup|sanitization services,local_emergency,,,900,hero|og|inline-1|inline-2,service|local-business|faq|breadcrumb-list,/services/sewage-cleanup/|/service-areas/callender-ca/|/service-areas/callender-ca/fire-damage-restoration/|/service-areas/callender-ca/mold-remediation/|/service-areas/arroyo-grande-ca/sewage-cleanup/|/service-areas/atascadero-ca/sewage-cleanup/|/contact/,6.30,planned
/service-areas/callender-ca/smoke-damage-restoration/,service-area-service,"Smoke Damage Restoration in Callender, CA | Coastal Restoration Services Inc",Smoke Damage Restoration in Callender,"Smoke damage restoration in Callender, CA. IICRC-certified, insurance billing accepted. Call (805) 345-7440.",smoke damage restoration callender,smoke residue cleanup|smoke damage repair|post-fire smoke cleanup|smoke damage restoration services|wildfire smoke cleanup,local_emergency,,,900,hero|og|inline-1|inline-2,service|local-business|faq|breadcrumb-list,/services/smoke-damage-restoration/|/service-areas/callender-ca/|/service-areas/callender-ca/fire-damage-restoration/|/service-areas/callender-ca/mold-remediation/|/service-areas/arroyo-grande-ca/smoke-damage-restoration/|/service-areas/atascadero-ca/smoke-damage-restoration/|/contact/,6.30,planned
/service-areas/callender-ca/storm-damage-restoration/,service-area-service,"Storm Damage Restoration in Callender, CA | Coastal Restoration Services Inc",Storm Damage Restoration in Callender,"Storm damage restoration in Callender, CA. IICRC-certified, insurance billing accepted. Call (805) 345-7440.",storm damage restoration callender,hurricane damage cleanup|tornado damage cleanup|tree damage cleanup|storm cleanup services|severe weather damage repair,local_emergency,,,900,hero|og|inline-1|inline-2,service|local-business|faq|breadcrumb-list,/services/storm-damage-restoration/|/service-areas/callender-ca/|/service-areas/callender-ca/fire-damage-restoration/|/service-areas/callender-ca/mold-remediation/|/service-areas/arroyo-grande-ca/storm-damage-restoration/|/service-areas/atascadero-ca/storm-damage-restoration/|/contact/,6.30,planned
/service-areas/cambria-ca/commercial-restoration/,service-area-service,"Commercial Restoration in Cambria, CA | Coastal Restoration Services Inc",Commercial Restoration in Cambria,"Commercial restoration in Cambria, CA. IICRC-certified, insurance billing accepted. Call (805) 345-7440.",commercial restoration cambria,commercial water damage|commercial fire damage|business restoration|office restoration|retail restoration,local_b2b,,,900,hero|og|inline-1|inline-2,service|local-business|faq|breadcrumb-list,/services/commercial-restoration/|/service-areas/cambria-ca/|/service-areas/cambria-ca/fire-damage-restoration/|/service-areas/cambria-ca/mold-remediation/|/service-areas/arroyo-grande-ca/commercial-restoration/|/service-areas/atascadero-ca/commercial-restoration/|/contact/,6.30,planned
/service-areas/cambria-ca/emergency-plumbing/,service-area-service,"Plumbing in Cambria, CA | Coastal Restoration Services Inc",Plumbing in Cambria,"Plumbing in Cambria, CA. IICRC-certified, insurance billing accepted. Call (805) 345-7440.",emergency plumbing cambria,24 hour plumber|burst pipe plumber,local_emergency,,,900,hero|og|inline-1|inline-2,service|local-business|faq|breadcrumb-list,/services/emergency-plumbing/|/service-areas/cambria-ca/|/service-areas/cambria-ca/fire-damage-restoration/|/service-areas/cambria-ca/mold-remediation/|/service-areas/arroyo-grande-ca/emergency-plumbing/|/service-areas/atascadero-ca/emergency-plumbing/|/contact/,6.30,planned
/service-areas/cambria-ca/emergency-water-removal/,service-area-service,"Water Removal & Cleanup in Cambria, CA | Coastal Restoration Services Inc",Water Removal & Cleanup in Cambria,"Water removal & cleanup in Cambria, CA. IICRC-certified, insurance billing accepted. Call (805) 345-7440.",emergency water removal & cleanup cambria,water extraction|water removal|water cleanup|standing water removal,local_emergency,,,900,hero|og|inline-1|inline-2,service|local-business|faq|breadcrumb-list,/services/emergency-water-removal/|/service-areas/cambria-ca/|/service-areas/cambria-ca/fire-damage-restoration/|/service-areas/cambria-ca/mold-remediation/|/service-areas/arroyo-grande-ca/emergency-water-removal/|/service-areas/atascadero-ca/emergency-water-removal/|/contact/,6.30,planned
/service-areas/cambria-ca/flood-damage-restoration/,service-area-service,"Flood Damage Restoration in Cambria, CA | Coastal Restoration Services Inc",Flood Damage Restoration in Cambria,"Flood damage restoration in Cambria, CA. IICRC-certified, insurance billing accepted. Call (805) 345-7440.",flood damage restoration cambria,flood cleanup|flood restoration|post-flood restoration|residential flood damage|flood damage repair,local_emergency,,,900,hero|og|inline-1|inline-2,service|local-business|faq|breadcrumb-list,/services/flood-damage-restoration/|/service-areas/cambria-ca/|/service-areas/cambria-ca/fire-damage-restoration/|/service-areas/cambria-ca/mold-remediation/|/service-areas/arroyo-grande-ca/flood-damage-restoration/|/service-areas/atascadero-ca/flood-damage-restoration/|/contact/,6.30,planned
/service-areas/cambria-ca/reconstruction/,service-area-service,"Reconstruction Services in Cambria, CA | Coastal Restoration Services Inc",Reconstruction Services in Cambria,"Reconstruction services in Cambria, CA. IICRC-certified, insurance billing accepted. Call (805) 345-7440.",reconstruction services cambria,post-damage reconstruction|rebuild services|structural reconstruction|post-disaster rebuilding|fire damage reconstruction,local_commercial,,,900,hero|og|inline-1|inline-2,service|local-business|faq|breadcrumb-list,/services/reconstruction/|/service-areas/cambria-ca/|/service-areas/cambria-ca/fire-damage-restoration/|/service-areas/cambria-ca/mold-remediation/|/service-areas/arroyo-grande-ca/reconstruction/|/service-areas/atascadero-ca/reconstruction/|/contact/,6.30,planned
/service-areas/cambria-ca/sewage-cleanup/,service-area-service,"Sewage Cleanup and Sanitization in Cambria, CA | Coastal Restoration Services Inc",Sewage Cleanup and Sanitization in Cambria,"Sewage cleanup and sanitization in Cambria, CA. IICRC-certified, insurance billing accepted. Call (805) 345-7440.",sewage cleanup and sanitization cambria,sewage backup cleanup|raw sewage removal|septic overflow cleanup|sewer line backup|sanitization services,local_emergency,,,900,hero|og|inline-1|inline-2,service|local-business|faq|breadcrumb-list,/services/sewage-cleanup/|/service-areas/cambria-ca/|/service-areas/cambria-ca/fire-damage-restoration/|/service-areas/cambria-ca/mold-remediation/|/service-areas/arroyo-grande-ca/sewage-cleanup/|/service-areas/atascadero-ca/sewage-cleanup/|/contact/,6.30,planned
/service-areas/cambria-ca/smoke-damage-restoration/,service-area-service,"Smoke Damage Restoration in Cambria, CA | Coastal Restoration Services Inc",Smoke Damage Restoration in Cambria,"Smoke damage restoration in Cambria, CA. IICRC-certified, insurance billing accepted. Call (805) 345-7440.",smoke damage restoration cambria,smoke residue cleanup|smoke damage repair|post-fire smoke cleanup|smoke damage restoration services|wildfire smoke cleanup,local_emergency,,,900,hero|og|inline-1|inline-2,service|local-business|faq|breadcrumb-list,/services/smoke-damage-restoration/|/service-areas/cambria-ca/|/service-areas/cambria-ca/fire-damage-restoration/|/service-areas/cambria-ca/mold-remediation/|/service-areas/arroyo-grande-ca/smoke-damage-restoration/|/service-areas/atascadero-ca/smoke-damage-restoration/|/contact/,6.30,planned
/service-areas/cambria-ca/storm-damage-restoration/,service-area-service,"Storm Damage Restoration in Cambria, CA | Coastal Restoration Services Inc",Storm Damage Restoration in Cambria,"Storm damage restoration in Cambria, CA. IICRC-certified, insurance billing accepted. Call (805) 345-7440.",storm damage restoration cambria,hurricane damage cleanup|tornado damage cleanup|tree damage cleanup|storm cleanup services|severe weather damage repair,local_emergency,,,900,hero|og|inline-1|inline-2,service|local-business|faq|breadcrumb-list,/services/storm-damage-restoration/|/service-areas/cambria-ca/|/service-areas/cambria-ca/fire-damage-restoration/|/service-areas/cambria-ca/mold-remediation/|/service-areas/arroyo-grande-ca/storm-damage-restoration/|/service-areas/atascadero-ca/storm-damage-restoration/|/contact/,6.30,planned
/service-areas/edna-ca/commercial-restoration/,service-area-service,"Commercial Restoration in Edna, CA | Coastal Restoration Services Inc",Commercial Restoration in Edna,"Commercial restoration in Edna, CA. IICRC-certified, insurance billing accepted. Call (805) 345-7440.",commercial restoration edna,commercial water damage|commercial fire damage|business restoration|office restoration|retail restoration,local_b2b,,,900,hero|og|inline-1|inline-2,service|local-business|faq|breadcrumb-list,/services/commercial-restoration/|/service-areas/edna-ca/|/service-areas/edna-ca/fire-damage-restoration/|/service-areas/edna-ca/mold-remediation/|/service-areas/arroyo-grande-ca/commercial-restoration/|/service-areas/atascadero-ca/commercial-restoration/|/contact/,6.30,planned
/service-areas/edna-ca/emergency-plumbing/,service-area-service,"Plumbing in Edna, CA | Coastal Restoration Services Inc",Plumbing in Edna,"Plumbing in Edna, CA. IICRC-certified, insurance billing accepted. Call (805) 345-7440.",emergency plumbing edna,24 hour plumber|burst pipe plumber,local_emergency,,,900,hero|og|inline-1|inline-2,service|local-business|faq|breadcrumb-list,/services/emergency-plumbing/|/service-areas/edna-ca/|/service-areas/edna-ca/fire-damage-restoration/|/service-areas/edna-ca/mold-remediation/|/service-areas/arroyo-grande-ca/emergency-plumbing/|/service-areas/atascadero-ca/emergency-plumbing/|/contact/,6.30,planned
/service-areas/edna-ca/emergency-water-removal/,service-area-service,"Water Removal & Cleanup in Edna, CA | Coastal Restoration Services Inc",Water Removal & Cleanup in Edna,"Water removal & cleanup in Edna, CA. IICRC-certified, insurance billing accepted. Call (805) 345-7440.",emergency water removal & cleanup edna,water extraction|water removal|water cleanup|standing water removal,local_emergency,,,900,hero|og|inline-1|inline-2,service|local-business|faq|breadcrumb-list,/services/emergency-water-removal/|/service-areas/edna-ca/|/service-areas/edna-ca/fire-damage-restoration/|/service-areas/edna-ca/mold-remediation/|/service-areas/arroyo-grande-ca/emergency-water-removal/|/service-areas/atascadero-ca/emergency-water-removal/|/contact/,6.30,planned
/service-areas/edna-ca/flood-damage-restoration/,service-area-service,"Flood Damage Restoration in Edna, CA | Coastal Restoration Services Inc",Flood Damage Restoration in Edna,"Flood damage restoration in Edna, CA. IICRC-certified, insurance billing accepted. Call (805) 345-7440.",flood damage restoration edna,flood cleanup|flood restoration|post-flood restoration|residential flood damage|flood damage repair,local_emergency,,,900,hero|og|inline-1|inline-2,service|local-business|faq|breadcrumb-list,/services/flood-damage-restoration/|/service-areas/edna-ca/|/service-areas/edna-ca/fire-damage-restoration/|/service-areas/edna-ca/mold-remediation/|/service-areas/arroyo-grande-ca/flood-damage-restoration/|/service-areas/atascadero-ca/flood-damage-restoration/|/contact/,6.30,planned
/service-areas/edna-ca/reconstruction/,service-area-service,"Reconstruction Services in Edna, CA | Coastal Restoration Services Inc",Reconstruction Services in Edna,"Reconstruction services in Edna, CA. IICRC-certified, insurance billing accepted. Call (805) 345-7440.",reconstruction services edna,post-damage reconstruction|rebuild services|structural reconstruction|post-disaster rebuilding|fire damage reconstruction,local_commercial,,,900,hero|og|inline-1|inline-2,service|local-business|faq|breadcrumb-list,/services/reconstruction/|/service-areas/edna-ca/|/service-areas/edna-ca/fire-damage-restoration/|/service-areas/edna-ca/mold-remediation/|/service-areas/arroyo-grande-ca/reconstruction/|/service-areas/atascadero-ca/reconstruction/|/contact/,6.30,planned
/service-areas/edna-ca/sewage-cleanup/,service-area-service,"Sewage Cleanup and Sanitization in Edna, CA | Coastal Restoration Services Inc",Sewage Cleanup and Sanitization in Edna,"Sewage cleanup and sanitization in Edna, CA. IICRC-certified, insurance billing accepted. Call (805) 345-7440.",sewage cleanup and sanitization edna,sewage backup cleanup|raw sewage removal|septic overflow cleanup|sewer line backup|sanitization services,local_emergency,,,900,hero|og|inline-1|inline-2,service|local-business|faq|breadcrumb-list,/services/sewage-cleanup/|/service-areas/edna-ca/|/service-areas/edna-ca/fire-damage-restoration/|/service-areas/edna-ca/mold-remediation/|/service-areas/arroyo-grande-ca/sewage-cleanup/|/service-areas/atascadero-ca/sewage-cleanup/|/contact/,6.30,planned
/service-areas/edna-ca/smoke-damage-restoration/,service-area-service,"Smoke Damage Restoration in Edna, CA | Coastal Restoration Services Inc",Smoke Damage Restoration in Edna,"Smoke damage restoration in Edna, CA. IICRC-certified, insurance billing accepted. Call (805) 345-7440.",smoke damage restoration edna,smoke residue cleanup|smoke damage repair|post-fire smoke cleanup|smoke damage restoration services|wildfire smoke cleanup,local_emergency,,,900,hero|og|inline-1|inline-2,service|local-business|faq|breadcrumb-list,/services/smoke-damage-restoration/|/service-areas/edna-ca/|/service-areas/edna-ca/fire-damage-restoration/|/service-areas/edna-ca/mold-remediation/|/service-areas/arroyo-grande-ca/smoke-damage-restoration/|/service-areas/atascadero-ca/smoke-damage-restoration/|/contact/,6.30,planned
/service-areas/edna-ca/storm-damage-restoration/,service-area-service,"Storm Damage Restoration in Edna, CA | Coastal Restoration Services Inc",Storm Damage Restoration in Edna,"Storm damage restoration in Edna, CA. IICRC-certified, insurance billing accepted. Call (805) 345-7440.",storm damage restoration edna,hurricane damage cleanup|tornado damage cleanup|tree damage cleanup|storm cleanup services|severe weather damage repair,local_emergency,,,900,hero|og|inline-1|inline-2,service|local-business|faq|breadcrumb-list,/services/storm-damage-restoration/|/service-areas/edna-ca/|/service-areas/edna-ca/fire-damage-restoration/|/service-areas/edna-ca/mold-remediation/|/service-areas/arroyo-grande-ca/storm-damage-restoration/|/service-areas/atascadero-ca/storm-damage-restoration/|/contact/,6.30,planned
/service-areas/el-paso-de-robles-ca/commercial-restoration/,service-area-service,"Commercial Restoration in El Paso de Robles, CA | Coastal Restoration Services Inc",Commercial Restoration in El Paso de Robles,"Commercial restoration in El Paso de Robles, CA. IICRC-certified, insurance billing accepted. Call (805) 345-7440.",commercial restoration el paso de robles,commercial water damage|commercial fire damage|business restoration|office restoration|retail restoration,local_b2b,,,900,hero|og|inline-1|inline-2,service|local-business|faq|breadcrumb-list,/services/commercial-restoration/|/service-areas/el-paso-de-robles-ca/|/service-areas/el-paso-de-robles-ca/fire-damage-restoration/|/service-areas/el-paso-de-robles-ca/mold-remediation/|/service-areas/arroyo-grande-ca/commercial-restoration/|/service-areas/atascadero-ca/commercial-restoration/|/contact/,6.30,planned
/service-areas/el-paso-de-robles-ca/emergency-plumbing/,service-area-service,"Plumbing in El Paso de Robles, CA | Coastal Restoration Services Inc",Plumbing in El Paso de Robles,"Plumbing in El Paso de Robles, CA. IICRC-certified, insurance billing accepted. Call (805) 345-7440.",emergency plumbing el paso de robles,24 hour plumber|burst pipe plumber,local_emergency,,,900,hero|og|inline-1|inline-2,service|local-business|faq|breadcrumb-list,/services/emergency-plumbing/|/service-areas/el-paso-de-robles-ca/|/service-areas/el-paso-de-robles-ca/fire-damage-restoration/|/service-areas/el-paso-de-robles-ca/mold-remediation/|/service-areas/arroyo-grande-ca/emergency-plumbing/|/service-areas/atascadero-ca/emergency-plumbing/|/contact/,6.30,planned
/service-areas/el-paso-de-robles-ca/emergency-water-removal/,service-area-service,"Water Removal & Cleanup in El Paso de Robles, CA | Coastal Restoration Services Inc",Water Removal & Cleanup in El Paso de Robles,"Water removal & cleanup in El Paso de Robles, CA. IICRC-certified, insurance billing accepted. Call (805) 345-7440.",emergency water removal & cleanup el paso de robles,water extraction|water removal|water cleanup|standing water removal,local_emergency,,,900,hero|og|inline-1|inline-2,service|local-business|faq|breadcrumb-list,/services/emergency-water-removal/|/service-areas/el-paso-de-robles-ca/|/service-areas/el-paso-de-robles-ca/fire-damage-restoration/|/service-areas/el-paso-de-robles-ca/mold-remediation/|/service-areas/arroyo-grande-ca/emergency-water-removal/|/service-areas/atascadero-ca/emergency-water-removal/|/contact/,6.30,planned
/service-areas/el-paso-de-robles-ca/flood-damage-restoration/,service-area-service,"Flood Damage Restoration in El Paso de Robles, CA | Coastal Restoration Services Inc",Flood Damage Restoration in El Paso de Robles,"Flood damage restoration in El Paso de Robles, CA. IICRC-certified, insurance billing accepted. Call (805) 345-7440.",flood damage restoration el paso de robles,flood cleanup|flood restoration|post-flood restoration|residential flood damage|flood damage repair,local_emergency,,,900,hero|og|inline-1|inline-2,service|local-business|faq|breadcrumb-list,/services/flood-damage-restoration/|/service-areas/el-paso-de-robles-ca/|/service-areas/el-paso-de-robles-ca/fire-damage-restoration/|/service-areas/el-paso-de-robles-ca/mold-remediation/|/service-areas/arroyo-grande-ca/flood-damage-restoration/|/service-areas/atascadero-ca/flood-damage-restoration/|/contact/,6.30,planned
/service-areas/el-paso-de-robles-ca/reconstruction/,service-area-service,"Reconstruction Services in El Paso de Robles, CA | Coastal Restoration Services Inc",Reconstruction Services in El Paso de Robles,"Reconstruction services in El Paso de Robles, CA. IICRC-certified, insurance billing accepted. Call (805) 345-7440.",reconstruction services el paso de robles,post-damage reconstruction|rebuild services|structural reconstruction|post-disaster rebuilding|fire damage reconstruction,local_commercial,,,900,hero|og|inline-1|inline-2,service|local-business|faq|breadcrumb-list,/services/reconstruction/|/service-areas/el-paso-de-robles-ca/|/service-areas/el-paso-de-robles-ca/fire-damage-restoration/|/service-areas/el-paso-de-robles-ca/mold-remediation/|/service-areas/arroyo-grande-ca/reconstruction/|/service-areas/atascadero-ca/reconstruction/|/contact/,6.30,planned
/service-areas/el-paso-de-robles-ca/sewage-cleanup/,service-area-service,"Sewage Cleanup and Sanitization in El Paso de Robles, CA | Coastal Restoration Services Inc",Sewage Cleanup and Sanitization in El Paso de Robles,"Sewage cleanup and sanitization in El Paso de Robles, CA. IICRC-certified, insurance billing accepted. Call (805) 345-7440.",sewage cleanup and sanitization el paso de robles,sewage backup cleanup|raw sewage removal|septic overflow cleanup|sewer line backup|sanitization services,local_emergency,,,900,hero|og|inline-1|inline-2,service|local-business|faq|breadcrumb-list,/services/sewage-cleanup/|/service-areas/el-paso-de-robles-ca/|/service-areas/el-paso-de-robles-ca/fire-damage-restoration/|/service-areas/el-paso-de-robles-ca/mold-remediation/|/service-areas/arroyo-grande-ca/sewage-cleanup/|/service-areas/atascadero-ca/sewage-cleanup/|/contact/,6.30,planned
/service-areas/el-paso-de-robles-ca/smoke-damage-restoration/,service-area-service,"Smoke Damage Restoration in El Paso de Robles, CA | Coastal Restoration Services Inc",Smoke Damage Restoration in El Paso de Robles,"Smoke damage restoration in El Paso de Robles, CA. IICRC-certified, insurance billing accepted. Call (805) 345-7440.",smoke damage restoration el paso de robles,smoke residue cleanup|smoke damage repair|post-fire smoke cleanup|smoke damage restoration services|wildfire smoke cleanup,local_emergency,,,900,hero|og|inline-1|inline-2,service|local-business|faq|breadcrumb-list,/services/smoke-damage-restoration/|/service-areas/el-paso-de-robles-ca/|/service-areas/el-paso-de-robles-ca/fire-damage-restoration/|/service-areas/el-paso-de-robles-ca/mold-remediation/|/service-areas/arroyo-grande-ca/smoke-damage-restoration/|/service-areas/atascadero-ca/smoke-damage-restoration/|/contact/,6.30,planned
/service-areas/el-paso-de-robles-ca/storm-damage-restoration/,service-area-service,"Storm Damage Restoration in El Paso de Robles, CA | Coastal Restoration Services Inc",Storm Damage Restoration in El Paso de Robles,"Storm damage restoration in El Paso de Robles, CA. IICRC-certified, insurance billing accepted. Call (805) 345-7440.",storm damage restoration el paso de robles,hurricane damage cleanup|tornado damage cleanup|tree damage cleanup|storm cleanup services|severe weather damage repair,local_emergency,,,900,hero|og|inline-1|inline-2,service|local-business|faq|breadcrumb-list,/services/storm-damage-restoration/|/service-areas/el-paso-de-robles-ca/|/service-areas/el-paso-de-robles-ca/fire-damage-restoration/|/service-areas/el-paso-de-robles-ca/mold-remediation/|/service-areas/arroyo-grande-ca/storm-damage-restoration/|/service-areas/atascadero-ca/storm-damage-restoration/|/contact/,6.30,planned
/service-areas/grover-beach-ca/commercial-restoration/,service-area-service,"Commercial Restoration in Grover Beach, CA | Coastal Restoration Services Inc",Commercial Restoration in Grover Beach,"Commercial restoration in Grover Beach, CA. IICRC-certified, insurance billing accepted. Call (805) 345-7440.",commercial restoration grover beach,commercial water damage|commercial fire damage|business restoration|office restoration|retail restoration,local_b2b,,,900,hero|og|inline-1|inline-2,service|local-business|faq|breadcrumb-list,/services/commercial-restoration/|/service-areas/grover-beach-ca/|/service-areas/grover-beach-ca/fire-damage-restoration/|/service-areas/grover-beach-ca/mold-remediation/|/service-areas/arroyo-grande-ca/commercial-restoration/|/service-areas/atascadero-ca/commercial-restoration/|/contact/,6.30,planned
/service-areas/grover-beach-ca/emergency-plumbing/,service-area-service,"Plumbing in Grover Beach, CA | Coastal Restoration Services Inc",Plumbing in Grover Beach,"Plumbing in Grover Beach, CA. IICRC-certified, insurance billing accepted. Call (805) 345-7440.",emergency plumbing grover beach,24 hour plumber|burst pipe plumber,local_emergency,,,900,hero|og|inline-1|inline-2,service|local-business|faq|breadcrumb-list,/services/emergency-plumbing/|/service-areas/grover-beach-ca/|/service-areas/grover-beach-ca/fire-damage-restoration/|/service-areas/grover-beach-ca/mold-remediation/|/service-areas/arroyo-grande-ca/emergency-plumbing/|/service-areas/atascadero-ca/emergency-plumbing/|/contact/,6.30,planned
/service-areas/grover-beach-ca/emergency-water-removal/,service-area-service,"Water Removal & Cleanup in Grover Beach, CA | Coastal Restoration Services Inc",Water Removal & Cleanup in Grover Beach,"Water removal & cleanup in Grover Beach, CA. IICRC-certified, insurance billing accepted. Call (805) 345-7440.",emergency water removal & cleanup grover beach,water extraction|water removal|water cleanup|standing water removal,local_emergency,,,900,hero|og|inline-1|inline-2,service|local-business|faq|breadcrumb-list,/services/emergency-water-removal/|/service-areas/grover-beach-ca/|/service-areas/grover-beach-ca/fire-damage-restoration/|/service-areas/grover-beach-ca/mold-remediation/|/service-areas/arroyo-grande-ca/emergency-water-removal/|/service-areas/atascadero-ca/emergency-water-removal/|/contact/,6.30,planned
/service-areas/grover-beach-ca/flood-damage-restoration/,service-area-service,"Flood Damage Restoration in Grover Beach, CA | Coastal Restoration Services Inc",Flood Damage Restoration in Grover Beach,"Flood damage restoration in Grover Beach, CA. IICRC-certified, insurance billing accepted. Call (805) 345-7440.",flood damage restoration grover beach,flood cleanup|flood restoration|post-flood restoration|residential flood damage|flood damage repair,local_emergency,,,900,hero|og|inline-1|inline-2,service|local-business|faq|breadcrumb-list,/services/flood-damage-restoration/|/service-areas/grover-beach-ca/|/service-areas/grover-beach-ca/fire-damage-restoration/|/service-areas/grover-beach-ca/mold-remediation/|/service-areas/arroyo-grande-ca/flood-damage-restoration/|/service-areas/atascadero-ca/flood-damage-restoration/|/contact/,6.30,planned
/service-areas/grover-beach-ca/reconstruction/,service-area-service,"Reconstruction Services in Grover Beach, CA | Coastal Restoration Services Inc",Reconstruction Services in Grover Beach,"Reconstruction services in Grover Beach, CA. IICRC-certified, insurance billing accepted. Call (805) 345-7440.",reconstruction services grover beach,post-damage reconstruction|rebuild services|structural reconstruction|post-disaster rebuilding|fire damage reconstruction,local_commercial,,,900,hero|og|inline-1|inline-2,service|local-business|faq|breadcrumb-list,/services/reconstruction/|/service-areas/grover-beach-ca/|/service-areas/grover-beach-ca/fire-damage-restoration/|/service-areas/grover-beach-ca/mold-remediation/|/service-areas/arroyo-grande-ca/reconstruction/|/service-areas/atascadero-ca/reconstruction/|/contact/,6.30,planned
/service-areas/grover-beach-ca/sewage-cleanup/,service-area-service,"Sewage Cleanup and Sanitization in Grover Beach, CA | Coastal Restoration Services Inc",Sewage Cleanup and Sanitization in Grover Beach,"Sewage cleanup and sanitization in Grover Beach, CA. IICRC-certified, insurance billing accepted. Call (805) 345-7440.",sewage cleanup and sanitization grover beach,sewage backup cleanup|raw sewage removal|septic overflow cleanup|sewer line backup|sanitization services,local_emergency,,,900,hero|og|inline-1|inline-2,service|local-business|faq|breadcrumb-list,/services/sewage-cleanup/|/service-areas/grover-beach-ca/|/service-areas/grover-beach-ca/fire-damage-restoration/|/service-areas/grover-beach-ca/mold-remediation/|/service-areas/arroyo-grande-ca/sewage-cleanup/|/service-areas/atascadero-ca/sewage-cleanup/|/contact/,6.30,planned
/service-areas/grover-beach-ca/smoke-damage-restoration/,service-area-service,"Smoke Damage Restoration in Grover Beach, CA | Coastal Restoration Services Inc",Smoke Damage Restoration in Grover Beach,"Smoke damage restoration in Grover Beach, CA. IICRC-certified, insurance billing accepted. Call (805) 345-7440.",smoke damage restoration grover beach,smoke residue cleanup|smoke damage repair|post-fire smoke cleanup|smoke damage restoration services|wildfire smoke cleanup,local_emergency,,,900,hero|og|inline-1|inline-2,service|local-business|faq|breadcrumb-list,/services/smoke-damage-restoration/|/service-areas/grover-beach-ca/|/service-areas/grover-beach-ca/fire-damage-restoration/|/service-areas/grover-beach-ca/mold-remediation/|/service-areas/arroyo-grande-ca/smoke-damage-restoration/|/service-areas/atascadero-ca/smoke-damage-restoration/|/contact/,6.30,planned
/service-areas/grover-beach-ca/storm-damage-restoration/,service-area-service,"Storm Damage Restoration in Grover Beach, CA | Coastal Restoration Services Inc",Storm Damage Restoration in Grover Beach,"Storm damage restoration in Grover Beach, CA. IICRC-certified, insurance billing accepted. Call (805) 345-7440.",storm damage restoration grover beach,hurricane damage cleanup|tornado damage cleanup|tree damage cleanup|storm cleanup services|severe weather damage repair,local_emergency,,,900,hero|og|inline-1|inline-2,service|local-business|faq|breadcrumb-list,/services/storm-damage-restoration/|/service-areas/grover-beach-ca/|/service-areas/grover-beach-ca/fire-damage-restoration/|/service-areas/grover-beach-ca/mold-remediation/|/service-areas/arroyo-grande-ca/storm-damage-restoration/|/service-areas/atascadero-ca/storm-damage-restoration/|/contact/,6.30,planned
/service-areas/guadalupe-ca/commercial-restoration/,service-area-service,"Commercial Restoration in Guadalupe, CA | Coastal Restoration Services Inc",Commercial Restoration in Guadalupe,"Commercial restoration in Guadalupe, CA. IICRC-certified, insurance billing accepted. Call (805) 345-7440.",commercial restoration guadalupe,commercial water damage|commercial fire damage|business restoration|office restoration|retail restoration,local_b2b,,,900,hero|og|inline-1|inline-2,service|local-business|faq|breadcrumb-list,/services/commercial-restoration/|/service-areas/guadalupe-ca/|/service-areas/guadalupe-ca/fire-damage-restoration/|/service-areas/guadalupe-ca/mold-remediation/|/service-areas/arroyo-grande-ca/commercial-restoration/|/service-areas/atascadero-ca/commercial-restoration/|/contact/,6.30,planned
/service-areas/guadalupe-ca/emergency-plumbing/,service-area-service,"Plumbing in Guadalupe, CA | Coastal Restoration Services Inc",Plumbing in Guadalupe,"Plumbing in Guadalupe, CA. IICRC-certified, insurance billing accepted. Call (805) 345-7440.",emergency plumbing guadalupe,24 hour plumber|burst pipe plumber,local_emergency,,,900,hero|og|inline-1|inline-2,service|local-business|faq|breadcrumb-list,/services/emergency-plumbing/|/service-areas/guadalupe-ca/|/service-areas/guadalupe-ca/fire-damage-restoration/|/service-areas/guadalupe-ca/mold-remediation/|/service-areas/arroyo-grande-ca/emergency-plumbing/|/service-areas/atascadero-ca/emergency-plumbing/|/contact/,6.30,planned
/service-areas/guadalupe-ca/emergency-water-removal/,service-area-service,"Water Removal & Cleanup in Guadalupe, CA | Coastal Restoration Services Inc",Water Removal & Cleanup in Guadalupe,"Water removal & cleanup in Guadalupe, CA. IICRC-certified, insurance billing accepted. Call (805) 345-7440.",emergency water removal & cleanup guadalupe,water extraction|water removal|water cleanup|standing water removal,local_emergency,,,900,hero|og|inline-1|inline-2,service|local-business|faq|breadcrumb-list,/services/emergency-water-removal/|/service-areas/guadalupe-ca/|/service-areas/guadalupe-ca/fire-damage-restoration/|/service-areas/guadalupe-ca/mold-remediation/|/service-areas/arroyo-grande-ca/emergency-water-removal/|/service-areas/atascadero-ca/emergency-water-removal/|/contact/,6.30,planned
/service-areas/guadalupe-ca/flood-damage-restoration/,service-area-service,"Flood Damage Restoration in Guadalupe, CA | Coastal Restoration Services Inc",Flood Damage Restoration in Guadalupe,"Flood damage restoration in Guadalupe, CA. IICRC-certified, insurance billing accepted. Call (805) 345-7440.",flood damage restoration guadalupe,flood cleanup|flood restoration|post-flood restoration|residential flood damage|flood damage repair,local_emergency,,,900,hero|og|inline-1|inline-2,service|local-business|faq|breadcrumb-list,/services/flood-damage-restoration/|/service-areas/guadalupe-ca/|/service-areas/guadalupe-ca/fire-damage-restoration/|/service-areas/guadalupe-ca/mold-remediation/|/service-areas/arroyo-grande-ca/flood-damage-restoration/|/service-areas/atascadero-ca/flood-damage-restoration/|/contact/,6.30,planned
/service-areas/guadalupe-ca/reconstruction/,service-area-service,"Reconstruction Services in Guadalupe, CA | Coastal Restoration Services Inc",Reconstruction Services in Guadalupe,"Reconstruction services in Guadalupe, CA. IICRC-certified, insurance billing accepted. Call (805) 345-7440.",reconstruction services guadalupe,post-damage reconstruction|rebuild services|structural reconstruction|post-disaster rebuilding|fire damage reconstruction,local_commercial,,,900,hero|og|inline-1|inline-2,service|local-business|faq|breadcrumb-list,/services/reconstruction/|/service-areas/guadalupe-ca/|/service-areas/guadalupe-ca/fire-damage-restoration/|/service-areas/guadalupe-ca/mold-remediation/|/service-areas/arroyo-grande-ca/reconstruction/|/service-areas/atascadero-ca/reconstruction/|/contact/,6.30,planned
/service-areas/guadalupe-ca/sewage-cleanup/,service-area-service,"Sewage Cleanup and Sanitization in Guadalupe, CA | Coastal Restoration Services Inc",Sewage Cleanup and Sanitization in Guadalupe,"Sewage cleanup and sanitization in Guadalupe, CA. IICRC-certified, insurance billing accepted. Call (805) 345-7440.",sewage cleanup and sanitization guadalupe,sewage backup cleanup|raw sewage removal|septic overflow cleanup|sewer line backup|sanitization services,local_emergency,,,900,hero|og|inline-1|inline-2,service|local-business|faq|breadcrumb-list,/services/sewage-cleanup/|/service-areas/guadalupe-ca/|/service-areas/guadalupe-ca/fire-damage-restoration/|/service-areas/guadalupe-ca/mold-remediation/|/service-areas/arroyo-grande-ca/sewage-cleanup/|/service-areas/atascadero-ca/sewage-cleanup/|/contact/,6.30,planned
/service-areas/guadalupe-ca/smoke-damage-restoration/,service-area-service,"Smoke Damage Restoration in Guadalupe, CA | Coastal Restoration Services Inc",Smoke Damage Restoration in Guadalupe,"Smoke damage restoration in Guadalupe, CA. IICRC-certified, insurance billing accepted. Call (805) 345-7440.",smoke damage restoration guadalupe,smoke residue cleanup|smoke damage repair|post-fire smoke cleanup|smoke damage restoration services|wildfire smoke cleanup,local_emergency,,,900,hero|og|inline-1|inline-2,service|local-business|faq|breadcrumb-list,/services/smoke-damage-restoration/|/service-areas/guadalupe-ca/|/service-areas/guadalupe-ca/fire-damage-restoration/|/service-areas/guadalupe-ca/mold-remediation/|/service-areas/arroyo-grande-ca/smoke-damage-restoration/|/service-areas/atascadero-ca/smoke-damage-restoration/|/contact/,6.30,planned
/service-areas/guadalupe-ca/storm-damage-restoration/,service-area-service,"Storm Damage Restoration in Guadalupe, CA | Coastal Restoration Services Inc",Storm Damage Restoration in Guadalupe,"Storm damage restoration in Guadalupe, CA. IICRC-certified, insurance billing accepted. Call (805) 345-7440.",storm damage restoration guadalupe,hurricane damage cleanup|tornado damage cleanup|tree damage cleanup|storm cleanup services|severe weather damage repair,local_emergency,,,900,hero|og|inline-1|inline-2,service|local-business|faq|breadcrumb-list,/services/storm-damage-restoration/|/service-areas/guadalupe-ca/|/service-areas/guadalupe-ca/fire-damage-restoration/|/service-areas/guadalupe-ca/mold-remediation/|/service-areas/arroyo-grande-ca/storm-damage-restoration/|/service-areas/atascadero-ca/storm-damage-restoration/|/contact/,6.30,planned
/service-areas/lompoc-ca/commercial-restoration/,service-area-service,"Commercial Restoration in Lompoc, CA | Coastal Restoration Services Inc",Commercial Restoration in Lompoc,"Commercial restoration in Lompoc, CA. IICRC-certified, insurance billing accepted. Call (805) 345-7440.",commercial restoration lompoc,commercial water damage|commercial fire damage|business restoration|office restoration|retail restoration,local_b2b,,,900,hero|og|inline-1|inline-2,service|local-business|faq|breadcrumb-list,/services/commercial-restoration/|/service-areas/lompoc-ca/|/service-areas/lompoc-ca/fire-damage-restoration/|/service-areas/lompoc-ca/mold-remediation/|/service-areas/arroyo-grande-ca/commercial-restoration/|/service-areas/atascadero-ca/commercial-restoration/|/contact/,6.30,planned
/service-areas/lompoc-ca/emergency-plumbing/,service-area-service,"Plumbing in Lompoc, CA | Coastal Restoration Services Inc",Plumbing in Lompoc,"Plumbing in Lompoc, CA. IICRC-certified, insurance billing accepted. Call (805) 345-7440.",emergency plumbing lompoc,24 hour plumber|burst pipe plumber,local_emergency,,,900,hero|og|inline-1|inline-2,service|local-business|faq|breadcrumb-list,/services/emergency-plumbing/|/service-areas/lompoc-ca/|/service-areas/lompoc-ca/fire-damage-restoration/|/service-areas/lompoc-ca/mold-remediation/|/service-areas/arroyo-grande-ca/emergency-plumbing/|/service-areas/atascadero-ca/emergency-plumbing/|/contact/,6.30,planned
/service-areas/lompoc-ca/emergency-water-removal/,service-area-service,"Water Removal & Cleanup in Lompoc, CA | Coastal Restoration Services Inc",Water Removal & Cleanup in Lompoc,"Water removal & cleanup in Lompoc, CA. IICRC-certified, insurance billing accepted. Call (805) 345-7440.",emergency water removal & cleanup lompoc,water extraction|water removal|water cleanup|standing water removal,local_emergency,,,900,hero|og|inline-1|inline-2,service|local-business|faq|breadcrumb-list,/services/emergency-water-removal/|/service-areas/lompoc-ca/|/service-areas/lompoc-ca/fire-damage-restoration/|/service-areas/lompoc-ca/mold-remediation/|/service-areas/arroyo-grande-ca/emergency-water-removal/|/service-areas/atascadero-ca/emergency-water-removal/|/contact/,6.30,planned
/service-areas/lompoc-ca/flood-damage-restoration/,service-area-service,"Flood Damage Restoration in Lompoc, CA | Coastal Restoration Services Inc",Flood Damage Restoration in Lompoc,"Flood damage restoration in Lompoc, CA. IICRC-certified, insurance billing accepted. Call (805) 345-7440.",flood damage restoration lompoc,flood cleanup|flood restoration|post-flood restoration|residential flood damage|flood damage repair,local_emergency,,,900,hero|og|inline-1|inline-2,service|local-business|faq|breadcrumb-list,/services/flood-damage-restoration/|/service-areas/lompoc-ca/|/service-areas/lompoc-ca/fire-damage-restoration/|/service-areas/lompoc-ca/mold-remediation/|/service-areas/arroyo-grande-ca/flood-damage-restoration/|/service-areas/atascadero-ca/flood-damage-restoration/|/contact/,6.30,planned
/service-areas/lompoc-ca/reconstruction/,service-area-service,"Reconstruction Services in Lompoc, CA | Coastal Restoration Services Inc",Reconstruction Services in Lompoc,"Reconstruction services in Lompoc, CA. IICRC-certified, insurance billing accepted. Call (805) 345-7440.",reconstruction services lompoc,post-damage reconstruction|rebuild services|structural reconstruction|post-disaster rebuilding|fire damage reconstruction,local_commercial,,,900,hero|og|inline-1|inline-2,service|local-business|faq|breadcrumb-list,/services/reconstruction/|/service-areas/lompoc-ca/|/service-areas/lompoc-ca/fire-damage-restoration/|/service-areas/lompoc-ca/mold-remediation/|/service-areas/arroyo-grande-ca/reconstruction/|/service-areas/atascadero-ca/reconstruction/|/contact/,6.30,planned
/service-areas/lompoc-ca/sewage-cleanup/,service-area-service,"Sewage Cleanup and Sanitization in Lompoc, CA | Coastal Restoration Services Inc",Sewage Cleanup and Sanitization in Lompoc,"Sewage cleanup and sanitization in Lompoc, CA. IICRC-certified, insurance billing accepted. Call (805) 345-7440.",sewage cleanup and sanitization lompoc,sewage backup cleanup|raw sewage removal|septic overflow cleanup|sewer line backup|sanitization services,local_emergency,,,900,hero|og|inline-1|inline-2,service|local-business|faq|breadcrumb-list,/services/sewage-cleanup/|/service-areas/lompoc-ca/|/service-areas/lompoc-ca/fire-damage-restoration/|/service-areas/lompoc-ca/mold-remediation/|/service-areas/arroyo-grande-ca/sewage-cleanup/|/service-areas/atascadero-ca/sewage-cleanup/|/contact/,6.30,planned
/service-areas/lompoc-ca/smoke-damage-restoration/,service-area-service,"Smoke Damage Restoration in Lompoc, CA | Coastal Restoration Services Inc",Smoke Damage Restoration in Lompoc,"Smoke damage restoration in Lompoc, CA. IICRC-certified, insurance billing accepted. Call (805) 345-7440.",smoke damage restoration lompoc,smoke residue cleanup|smoke damage repair|post-fire smoke cleanup|smoke damage restoration services|wildfire smoke cleanup,local_emergency,,,900,hero|og|inline-1|inline-2,service|local-business|faq|breadcrumb-list,/services/smoke-damage-restoration/|/service-areas/lompoc-ca/|/service-areas/lompoc-ca/fire-damage-restoration/|/service-areas/lompoc-ca/mold-remediation/|/service-areas/arroyo-grande-ca/smoke-damage-restoration/|/service-areas/atascadero-ca/smoke-damage-restoration/|/contact/,6.30,planned
/service-areas/lompoc-ca/storm-damage-restoration/,service-area-service,"Storm Damage Restoration in Lompoc, CA | Coastal Restoration Services Inc",Storm Damage Restoration in Lompoc,"Storm damage restoration in Lompoc, CA. IICRC-certified, insurance billing accepted. Call (805) 345-7440.",storm damage restoration lompoc,hurricane damage cleanup|tornado damage cleanup|tree damage cleanup|storm cleanup services|severe weather damage repair,local_emergency,,,900,hero|og|inline-1|inline-2,service|local-business|faq|breadcrumb-list,/services/storm-damage-restoration/|/service-areas/lompoc-ca/|/service-areas/lompoc-ca/fire-damage-restoration/|/service-areas/lompoc-ca/mold-remediation/|/service-areas/arroyo-grande-ca/storm-damage-restoration/|/service-areas/atascadero-ca/storm-damage-restoration/|/contact/,6.30,planned
/service-areas/los-alamos-ca/commercial-restoration/,service-area-service,"Commercial Restoration in Los Alamos, CA | Coastal Restoration Services Inc",Commercial Restoration in Los Alamos,"Commercial restoration in Los Alamos, CA. IICRC-certified, insurance billing accepted. Call (805) 345-7440.",commercial restoration los alamos,commercial water damage|commercial fire damage|business restoration|office restoration|retail restoration,local_b2b,,,900,hero|og|inline-1|inline-2,service|local-business|faq|breadcrumb-list,/services/commercial-restoration/|/service-areas/los-alamos-ca/|/service-areas/los-alamos-ca/fire-damage-restoration/|/service-areas/los-alamos-ca/mold-remediation/|/service-areas/arroyo-grande-ca/commercial-restoration/|/service-areas/atascadero-ca/commercial-restoration/|/contact/,6.30,planned
/service-areas/los-alamos-ca/emergency-plumbing/,service-area-service,"Plumbing in Los Alamos, CA | Coastal Restoration Services Inc",Plumbing in Los Alamos,"Plumbing in Los Alamos, CA. IICRC-certified, insurance billing accepted. Call (805) 345-7440.",emergency plumbing los alamos,24 hour plumber|burst pipe plumber,local_emergency,,,900,hero|og|inline-1|inline-2,service|local-business|faq|breadcrumb-list,/services/emergency-plumbing/|/service-areas/los-alamos-ca/|/service-areas/los-alamos-ca/fire-damage-restoration/|/service-areas/los-alamos-ca/mold-remediation/|/service-areas/arroyo-grande-ca/emergency-plumbing/|/service-areas/atascadero-ca/emergency-plumbing/|/contact/,6.30,planned
/service-areas/los-alamos-ca/emergency-water-removal/,service-area-service,"Water Removal & Cleanup in Los Alamos, CA | Coastal Restoration Services Inc",Water Removal & Cleanup in Los Alamos,"Water removal & cleanup in Los Alamos, CA. IICRC-certified, insurance billing accepted. Call (805) 345-7440.",emergency water removal & cleanup los alamos,water extraction|water removal|water cleanup|standing water removal,local_emergency,,,900,hero|og|inline-1|inline-2,service|local-business|faq|breadcrumb-list,/services/emergency-water-removal/|/service-areas/los-alamos-ca/|/service-areas/los-alamos-ca/fire-damage-restoration/|/service-areas/los-alamos-ca/mold-remediation/|/service-areas/arroyo-grande-ca/emergency-water-removal/|/service-areas/atascadero-ca/emergency-water-removal/|/contact/,6.30,planned
/service-areas/los-alamos-ca/flood-damage-restoration/,service-area-service,"Flood Damage Restoration in Los Alamos, CA | Coastal Restoration Services Inc",Flood Damage Restoration in Los Alamos,"Flood damage restoration in Los Alamos, CA. IICRC-certified, insurance billing accepted. Call (805) 345-7440.",flood damage restoration los alamos,flood cleanup|flood restoration|post-flood restoration|residential flood damage|flood damage repair,local_emergency,,,900,hero|og|inline-1|inline-2,service|local-business|faq|breadcrumb-list,/services/flood-damage-restoration/|/service-areas/los-alamos-ca/|/service-areas/los-alamos-ca/fire-damage-restoration/|/service-areas/los-alamos-ca/mold-remediation/|/service-areas/arroyo-grande-ca/flood-damage-restoration/|/service-areas/atascadero-ca/flood-damage-restoration/|/contact/,6.30,planned
/service-areas/los-alamos-ca/reconstruction/,service-area-service,"Reconstruction Services in Los Alamos, CA | Coastal Restoration Services Inc",Reconstruction Services in Los Alamos,"Reconstruction services in Los Alamos, CA. IICRC-certified, insurance billing accepted. Call (805) 345-7440.",reconstruction services los alamos,post-damage reconstruction|rebuild services|structural reconstruction|post-disaster rebuilding|fire damage reconstruction,local_commercial,,,900,hero|og|inline-1|inline-2,service|local-business|faq|breadcrumb-list,/services/reconstruction/|/service-areas/los-alamos-ca/|/service-areas/los-alamos-ca/fire-damage-restoration/|/service-areas/los-alamos-ca/mold-remediation/|/service-areas/arroyo-grande-ca/reconstruction/|/service-areas/atascadero-ca/reconstruction/|/contact/,6.30,planned
/service-areas/los-alamos-ca/sewage-cleanup/,service-area-service,"Sewage Cleanup and Sanitization in Los Alamos, CA | Coastal Restoration Services Inc",Sewage Cleanup and Sanitization in Los Alamos,"Sewage cleanup and sanitization in Los Alamos, CA. IICRC-certified, insurance billing accepted. Call (805) 345-7440.",sewage cleanup and sanitization los alamos,sewage backup cleanup|raw sewage removal|septic overflow cleanup|sewer line backup|sanitization services,local_emergency,,,900,hero|og|inline-1|inline-2,service|local-business|faq|breadcrumb-list,/services/sewage-cleanup/|/service-areas/los-alamos-ca/|/service-areas/los-alamos-ca/fire-damage-restoration/|/service-areas/los-alamos-ca/mold-remediation/|/service-areas/arroyo-grande-ca/sewage-cleanup/|/service-areas/atascadero-ca/sewage-cleanup/|/contact/,6.30,planned
/service-areas/los-alamos-ca/smoke-damage-restoration/,service-area-service,"Smoke Damage Restoration in Los Alamos, CA | Coastal Restoration Services Inc",Smoke Damage Restoration in Los Alamos,"Smoke damage restoration in Los Alamos, CA. IICRC-certified, insurance billing accepted. Call (805) 345-7440.",smoke damage restoration los alamos,smoke residue cleanup|smoke damage repair|post-fire smoke cleanup|smoke damage restoration services|wildfire smoke cleanup,local_emergency,,,900,hero|og|inline-1|inline-2,service|local-business|faq|breadcrumb-list,/services/smoke-damage-restoration/|/service-areas/los-alamos-ca/|/service-areas/los-alamos-ca/fire-damage-restoration/|/service-areas/los-alamos-ca/mold-remediation/|/service-areas/arroyo-grande-ca/smoke-damage-restoration/|/service-areas/atascadero-ca/smoke-damage-restoration/|/contact/,6.30,planned
/service-areas/los-alamos-ca/storm-damage-restoration/,service-area-service,"Storm Damage Restoration in Los Alamos, CA | Coastal Restoration Services Inc",Storm Damage Restoration in Los Alamos,"Storm damage restoration in Los Alamos, CA. IICRC-certified, insurance billing accepted. Call (805) 345-7440.",storm damage restoration los alamos,hurricane damage cleanup|tornado damage cleanup|tree damage cleanup|storm cleanup services|severe weather damage repair,local_emergency,,,900,hero|og|inline-1|inline-2,service|local-business|faq|breadcrumb-list,/services/storm-damage-restoration/|/service-areas/los-alamos-ca/|/service-areas/los-alamos-ca/fire-damage-restoration/|/service-areas/los-alamos-ca/mold-remediation/|/service-areas/arroyo-grande-ca/storm-damage-restoration/|/service-areas/atascadero-ca/storm-damage-restoration/|/contact/,6.30,planned
/service-areas/los-berros-ca/commercial-restoration/,service-area-service,"Commercial Restoration in Los Berros, CA | Coastal Restoration Services Inc",Commercial Restoration in Los Berros,"Commercial restoration in Los Berros, CA. IICRC-certified, insurance billing accepted. Call (805) 345-7440.",commercial restoration los berros,commercial water damage|commercial fire damage|business restoration|office restoration|retail restoration,local_b2b,,,900,hero|og|inline-1|inline-2,service|local-business|faq|breadcrumb-list,/services/commercial-restoration/|/service-areas/los-berros-ca/|/service-areas/los-berros-ca/fire-damage-restoration/|/service-areas/los-berros-ca/mold-remediation/|/service-areas/arroyo-grande-ca/commercial-restoration/|/service-areas/atascadero-ca/commercial-restoration/|/contact/,6.30,planned
/service-areas/los-berros-ca/emergency-plumbing/,service-area-service,"Plumbing in Los Berros, CA | Coastal Restoration Services Inc",Plumbing in Los Berros,"Plumbing in Los Berros, CA. IICRC-certified, insurance billing accepted. Call (805) 345-7440.",emergency plumbing los berros,24 hour plumber|burst pipe plumber,local_emergency,,,900,hero|og|inline-1|inline-2,service|local-business|faq|breadcrumb-list,/services/emergency-plumbing/|/service-areas/los-berros-ca/|/service-areas/los-berros-ca/fire-damage-restoration/|/service-areas/los-berros-ca/mold-remediation/|/service-areas/arroyo-grande-ca/emergency-plumbing/|/service-areas/atascadero-ca/emergency-plumbing/|/contact/,6.30,planned
/service-areas/los-berros-ca/emergency-water-removal/,service-area-service,"Water Removal & Cleanup in Los Berros, CA | Coastal Restoration Services Inc",Water Removal & Cleanup in Los Berros,"Water removal & cleanup in Los Berros, CA. IICRC-certified, insurance billing accepted. Call (805) 345-7440.",emergency water removal & cleanup los berros,water extraction|water removal|water cleanup|standing water removal,local_emergency,,,900,hero|og|inline-1|inline-2,service|local-business|faq|breadcrumb-list,/services/emergency-water-removal/|/service-areas/los-berros-ca/|/service-areas/los-berros-ca/fire-damage-restoration/|/service-areas/los-berros-ca/mold-remediation/|/service-areas/arroyo-grande-ca/emergency-water-removal/|/service-areas/atascadero-ca/emergency-water-removal/|/contact/,6.30,planned
/service-areas/los-berros-ca/flood-damage-restoration/,service-area-service,"Flood Damage Restoration in Los Berros, CA | Coastal Restoration Services Inc",Flood Damage Restoration in Los Berros,"Flood damage restoration in Los Berros, CA. IICRC-certified, insurance billing accepted. Call (805) 345-7440.",flood damage restoration los berros,flood cleanup|flood restoration|post-flood restoration|residential flood damage|flood damage repair,local_emergency,,,900,hero|og|inline-1|inline-2,service|local-business|faq|breadcrumb-list,/services/flood-damage-restoration/|/service-areas/los-berros-ca/|/service-areas/los-berros-ca/fire-damage-restoration/|/service-areas/los-berros-ca/mold-remediation/|/service-areas/arroyo-grande-ca/flood-damage-restoration/|/service-areas/atascadero-ca/flood-damage-restoration/|/contact/,6.30,planned
/service-areas/los-berros-ca/reconstruction/,service-area-service,"Reconstruction Services in Los Berros, CA | Coastal Restoration Services Inc",Reconstruction Services in Los Berros,"Reconstruction services in Los Berros, CA. IICRC-certified, insurance billing accepted. Call (805) 345-7440.",reconstruction services los berros,post-damage reconstruction|rebuild services|structural reconstruction|post-disaster rebuilding|fire damage reconstruction,local_commercial,,,900,hero|og|inline-1|inline-2,service|local-business|faq|breadcrumb-list,/services/reconstruction/|/service-areas/los-berros-ca/|/service-areas/los-berros-ca/fire-damage-restoration/|/service-areas/los-berros-ca/mold-remediation/|/service-areas/arroyo-grande-ca/reconstruction/|/service-areas/atascadero-ca/reconstruction/|/contact/,6.30,planned
/service-areas/los-berros-ca/sewage-cleanup/,service-area-service,"Sewage Cleanup and Sanitization in Los Berros, CA | Coastal Restoration Services Inc",Sewage Cleanup and Sanitization in Los Berros,"Sewage cleanup and sanitization in Los Berros, CA. IICRC-certified, insurance billing accepted. Call (805) 345-7440.",sewage cleanup and sanitization los berros,sewage backup cleanup|raw sewage removal|septic overflow cleanup|sewer line backup|sanitization services,local_emergency,,,900,hero|og|inline-1|inline-2,service|local-business|faq|breadcrumb-list,/services/sewage-cleanup/|/service-areas/los-berros-ca/|/service-areas/los-berros-ca/fire-damage-restoration/|/service-areas/los-berros-ca/mold-remediation/|/service-areas/arroyo-grande-ca/sewage-cleanup/|/service-areas/atascadero-ca/sewage-cleanup/|/contact/,6.30,planned
/service-areas/los-berros-ca/smoke-damage-restoration/,service-area-service,"Smoke Damage Restoration in Los Berros, CA | Coastal Restoration Services Inc",Smoke Damage Restoration in Los Berros,"Smoke damage restoration in Los Berros, CA. IICRC-certified, insurance billing accepted. Call (805) 345-7440.",smoke damage restoration los berros,smoke residue cleanup|smoke damage repair|post-fire smoke cleanup|smoke damage restoration services|wildfire smoke cleanup,local_emergency,,,900,hero|og|inline-1|inline-2,service|local-business|faq|breadcrumb-list,/services/smoke-damage-restoration/|/service-areas/los-berros-ca/|/service-areas/los-berros-ca/fire-damage-restoration/|/service-areas/los-berros-ca/mold-remediation/|/service-areas/arroyo-grande-ca/smoke-damage-restoration/|/service-areas/atascadero-ca/smoke-damage-restoration/|/contact/,6.30,planned
/service-areas/los-berros-ca/storm-damage-restoration/,service-area-service,"Storm Damage Restoration in Los Berros, CA | Coastal Restoration Services Inc",Storm Damage Restoration in Los Berros,"Storm damage restoration in Los Berros, CA. IICRC-certified, insurance billing accepted. Call (805) 345-7440.",storm damage restoration los berros,hurricane damage cleanup|tornado damage cleanup|tree damage cleanup|storm cleanup services|severe weather damage repair,local_emergency,,,900,hero|og|inline-1|inline-2,service|local-business|faq|breadcrumb-list,/services/storm-damage-restoration/|/service-areas/los-berros-ca/|/service-areas/los-berros-ca/fire-damage-restoration/|/service-areas/los-berros-ca/mold-remediation/|/service-areas/arroyo-grande-ca/storm-damage-restoration/|/service-areas/atascadero-ca/storm-damage-restoration/|/contact/,6.30,planned
/service-areas/los-olivos-ca/commercial-restoration/,service-area-service,"Commercial Restoration in Los Olivos, CA | Coastal Restoration Services Inc",Commercial Restoration in Los Olivos,"Commercial restoration in Los Olivos, CA. IICRC-certified, insurance billing accepted. Call (805) 345-7440.",commercial restoration los olivos,commercial water damage|commercial fire damage|business restoration|office restoration|retail restoration,local_b2b,,,900,hero|og|inline-1|inline-2,service|local-business|faq|breadcrumb-list,/services/commercial-restoration/|/service-areas/los-olivos-ca/|/service-areas/los-olivos-ca/fire-damage-restoration/|/service-areas/los-olivos-ca/mold-remediation/|/service-areas/arroyo-grande-ca/commercial-restoration/|/service-areas/atascadero-ca/commercial-restoration/|/contact/,6.30,planned
/service-areas/los-olivos-ca/emergency-plumbing/,service-area-service,"Plumbing in Los Olivos, CA | Coastal Restoration Services Inc",Plumbing in Los Olivos,"Plumbing in Los Olivos, CA. IICRC-certified, insurance billing accepted. Call (805) 345-7440.",emergency plumbing los olivos,24 hour plumber|burst pipe plumber,local_emergency,,,900,hero|og|inline-1|inline-2,service|local-business|faq|breadcrumb-list,/services/emergency-plumbing/|/service-areas/los-olivos-ca/|/service-areas/los-olivos-ca/fire-damage-restoration/|/service-areas/los-olivos-ca/mold-remediation/|/service-areas/arroyo-grande-ca/emergency-plumbing/|/service-areas/atascadero-ca/emergency-plumbing/|/contact/,6.30,planned
/service-areas/los-olivos-ca/emergency-water-removal/,service-area-service,"Water Removal & Cleanup in Los Olivos, CA | Coastal Restoration Services Inc",Water Removal & Cleanup in Los Olivos,"Water removal & cleanup in Los Olivos, CA. IICRC-certified, insurance billing accepted. Call (805) 345-7440.",emergency water removal & cleanup los olivos,water extraction|water removal|water cleanup|standing water removal,local_emergency,,,900,hero|og|inline-1|inline-2,service|local-business|faq|breadcrumb-list,/services/emergency-water-removal/|/service-areas/los-olivos-ca/|/service-areas/los-olivos-ca/fire-damage-restoration/|/service-areas/los-olivos-ca/mold-remediation/|/service-areas/arroyo-grande-ca/emergency-water-removal/|/service-areas/atascadero-ca/emergency-water-removal/|/contact/,6.30,planned
/service-areas/los-olivos-ca/flood-damage-restoration/,service-area-service,"Flood Damage Restoration in Los Olivos, CA | Coastal Restoration Services Inc",Flood Damage Restoration in Los Olivos,"Flood damage restoration in Los Olivos, CA. IICRC-certified, insurance billing accepted. Call (805) 345-7440.",flood damage restoration los olivos,flood cleanup|flood restoration|post-flood restoration|residential flood damage|flood damage repair,local_emergency,,,900,hero|og|inline-1|inline-2,service|local-business|faq|breadcrumb-list,/services/flood-damage-restoration/|/service-areas/los-olivos-ca/|/service-areas/los-olivos-ca/fire-damage-restoration/|/service-areas/los-olivos-ca/mold-remediation/|/service-areas/arroyo-grande-ca/flood-damage-restoration/|/service-areas/atascadero-ca/flood-damage-restoration/|/contact/,6.30,planned
/service-areas/los-olivos-ca/reconstruction/,service-area-service,"Reconstruction Services in Los Olivos, CA | Coastal Restoration Services Inc",Reconstruction Services in Los Olivos,"Reconstruction services in Los Olivos, CA. IICRC-certified, insurance billing accepted. Call (805) 345-7440.",reconstruction services los olivos,post-damage reconstruction|rebuild services|structural reconstruction|post-disaster rebuilding|fire damage reconstruction,local_commercial,,,900,hero|og|inline-1|inline-2,service|local-business|faq|breadcrumb-list,/services/reconstruction/|/service-areas/los-olivos-ca/|/service-areas/los-olivos-ca/fire-damage-restoration/|/service-areas/los-olivos-ca/mold-remediation/|/service-areas/arroyo-grande-ca/reconstruction/|/service-areas/atascadero-ca/reconstruction/|/contact/,6.30,planned
/service-areas/los-olivos-ca/sewage-cleanup/,service-area-service,"Sewage Cleanup and Sanitization in Los Olivos, CA | Coastal Restoration Services Inc",Sewage Cleanup and Sanitization in Los Olivos,"Sewage cleanup and sanitization in Los Olivos, CA. IICRC-certified, insurance billing accepted. Call (805) 345-7440.",sewage cleanup and sanitization los olivos,sewage backup cleanup|raw sewage removal|septic overflow cleanup|sewer line backup|sanitization services,local_emergency,,,900,hero|og|inline-1|inline-2,service|local-business|faq|breadcrumb-list,/services/sewage-cleanup/|/service-areas/los-olivos-ca/|/service-areas/los-olivos-ca/fire-damage-restoration/|/service-areas/los-olivos-ca/mold-remediation/|/service-areas/arroyo-grande-ca/sewage-cleanup/|/service-areas/atascadero-ca/sewage-cleanup/|/contact/,6.30,planned
/service-areas/los-olivos-ca/smoke-damage-restoration/,service-area-service,"Smoke Damage Restoration in Los Olivos, CA | Coastal Restoration Services Inc",Smoke Damage Restoration in Los Olivos,"Smoke damage restoration in Los Olivos, CA. IICRC-certified, insurance billing accepted. Call (805) 345-7440.",smoke damage restoration los olivos,smoke residue cleanup|smoke damage repair|post-fire smoke cleanup|smoke damage restoration services|wildfire smoke cleanup,local_emergency,,,900,hero|og|inline-1|inline-2,service|local-business|faq|breadcrumb-list,/services/smoke-damage-restoration/|/service-areas/los-olivos-ca/|/service-areas/los-olivos-ca/fire-damage-restoration/|/service-areas/los-olivos-ca/mold-remediation/|/service-areas/arroyo-grande-ca/smoke-damage-restoration/|/service-areas/atascadero-ca/smoke-damage-restoration/|/contact/,6.30,planned
/service-areas/los-olivos-ca/storm-damage-restoration/,service-area-service,"Storm Damage Restoration in Los Olivos, CA | Coastal Restoration Services Inc",Storm Damage Restoration in Los Olivos,"Storm damage restoration in Los Olivos, CA. IICRC-certified, insurance billing accepted. Call (805) 345-7440.",storm damage restoration los olivos,hurricane damage cleanup|tornado damage cleanup|tree damage cleanup|storm cleanup services|severe weather damage repair,local_emergency,,,900,hero|og|inline-1|inline-2,service|local-business|faq|breadcrumb-list,/services/storm-damage-restoration/|/service-areas/los-olivos-ca/|/service-areas/los-olivos-ca/fire-damage-restoration/|/service-areas/los-olivos-ca/mold-remediation/|/service-areas/arroyo-grande-ca/storm-damage-restoration/|/service-areas/atascadero-ca/storm-damage-restoration/|/contact/,6.30,planned
/service-areas/los-osos-ca/commercial-restoration/,service-area-service,"Commercial Restoration in Los Osos, CA | Coastal Restoration Services Inc",Commercial Restoration in Los Osos,"Commercial restoration in Los Osos, CA. IICRC-certified, insurance billing accepted. Call (805) 345-7440.",commercial restoration los osos,commercial water damage|commercial fire damage|business restoration|office restoration|retail restoration,local_b2b,,,900,hero|og|inline-1|inline-2,service|local-business|faq|breadcrumb-list,/services/commercial-restoration/|/service-areas/los-osos-ca/|/service-areas/los-osos-ca/fire-damage-restoration/|/service-areas/los-osos-ca/mold-remediation/|/service-areas/arroyo-grande-ca/commercial-restoration/|/service-areas/atascadero-ca/commercial-restoration/|/contact/,6.30,planned
/service-areas/los-osos-ca/emergency-plumbing/,service-area-service,"Plumbing in Los Osos, CA | Coastal Restoration Services Inc",Plumbing in Los Osos,"Plumbing in Los Osos, CA. IICRC-certified, insurance billing accepted. Call (805) 345-7440.",emergency plumbing los osos,24 hour plumber|burst pipe plumber,local_emergency,,,900,hero|og|inline-1|inline-2,service|local-business|faq|breadcrumb-list,/services/emergency-plumbing/|/service-areas/los-osos-ca/|/service-areas/los-osos-ca/fire-damage-restoration/|/service-areas/los-osos-ca/mold-remediation/|/service-areas/arroyo-grande-ca/emergency-plumbing/|/service-areas/atascadero-ca/emergency-plumbing/|/contact/,6.30,planned
/service-areas/los-osos-ca/emergency-water-removal/,service-area-service,"Water Removal & Cleanup in Los Osos, CA | Coastal Restoration Services Inc",Water Removal & Cleanup in Los Osos,"Water removal & cleanup in Los Osos, CA. IICRC-certified, insurance billing accepted. Call (805) 345-7440.",emergency water removal & cleanup los osos,water extraction|water removal|water cleanup|standing water removal,local_emergency,,,900,hero|og|inline-1|inline-2,service|local-business|faq|breadcrumb-list,/services/emergency-water-removal/|/service-areas/los-osos-ca/|/service-areas/los-osos-ca/fire-damage-restoration/|/service-areas/los-osos-ca/mold-remediation/|/service-areas/arroyo-grande-ca/emergency-water-removal/|/service-areas/atascadero-ca/emergency-water-removal/|/contact/,6.30,planned
/service-areas/los-osos-ca/flood-damage-restoration/,service-area-service,"Flood Damage Restoration in Los Osos, CA | Coastal Restoration Services Inc",Flood Damage Restoration in Los Osos,"Flood damage restoration in Los Osos, CA. IICRC-certified, insurance billing accepted. Call (805) 345-7440.",flood damage restoration los osos,flood cleanup|flood restoration|post-flood restoration|residential flood damage|flood damage repair,local_emergency,,,900,hero|og|inline-1|inline-2,service|local-business|faq|breadcrumb-list,/services/flood-damage-restoration/|/service-areas/los-osos-ca/|/service-areas/los-osos-ca/fire-damage-restoration/|/service-areas/los-osos-ca/mold-remediation/|/service-areas/arroyo-grande-ca/flood-damage-restoration/|/service-areas/atascadero-ca/flood-damage-restoration/|/contact/,6.30,planned
/service-areas/los-osos-ca/reconstruction/,service-area-service,"Reconstruction Services in Los Osos, CA | Coastal Restoration Services Inc",Reconstruction Services in Los Osos,"Reconstruction services in Los Osos, CA. IICRC-certified, insurance billing accepted. Call (805) 345-7440.",reconstruction services los osos,post-damage reconstruction|rebuild services|structural reconstruction|post-disaster rebuilding|fire damage reconstruction,local_commercial,,,900,hero|og|inline-1|inline-2,service|local-business|faq|breadcrumb-list,/services/reconstruction/|/service-areas/los-osos-ca/|/service-areas/los-osos-ca/fire-damage-restoration/|/service-areas/los-osos-ca/mold-remediation/|/service-areas/arroyo-grande-ca/reconstruction/|/service-areas/atascadero-ca/reconstruction/|/contact/,6.30,planned
/service-areas/los-osos-ca/sewage-cleanup/,service-area-service,"Sewage Cleanup and Sanitization in Los Osos, CA | Coastal Restoration Services Inc",Sewage Cleanup and Sanitization in Los Osos,"Sewage cleanup and sanitization in Los Osos, CA. IICRC-certified, insurance billing accepted. Call (805) 345-7440.",sewage cleanup and sanitization los osos,sewage backup cleanup|raw sewage removal|septic overflow cleanup|sewer line backup|sanitization services,local_emergency,,,900,hero|og|inline-1|inline-2,service|local-business|faq|breadcrumb-list,/services/sewage-cleanup/|/service-areas/los-osos-ca/|/service-areas/los-osos-ca/fire-damage-restoration/|/service-areas/los-osos-ca/mold-remediation/|/service-areas/arroyo-grande-ca/sewage-cleanup/|/service-areas/atascadero-ca/sewage-cleanup/|/contact/,6.30,planned
/service-areas/los-osos-ca/smoke-damage-restoration/,service-area-service,"Smoke Damage Restoration in Los Osos, CA | Coastal Restoration Services Inc",Smoke Damage Restoration in Los Osos,"Smoke damage restoration in Los Osos, CA. IICRC-certified, insurance billing accepted. Call (805) 345-7440.",smoke damage restoration los osos,smoke residue cleanup|smoke damage repair|post-fire smoke cleanup|smoke damage restoration services|wildfire smoke cleanup,local_emergency,,,900,hero|og|inline-1|inline-2,service|local-business|faq|breadcrumb-list,/services/smoke-damage-restoration/|/service-areas/los-osos-ca/|/service-areas/los-osos-ca/fire-damage-restoration/|/service-areas/los-osos-ca/mold-remediation/|/service-areas/arroyo-grande-ca/smoke-damage-restoration/|/service-areas/atascadero-ca/smoke-damage-restoration/|/contact/,6.30,planned
/service-areas/los-osos-ca/storm-damage-restoration/,service-area-service,"Storm Damage Restoration in Los Osos, CA | Coastal Restoration Services Inc",Storm Damage Restoration in Los Osos,"Storm damage restoration in Los Osos, CA. IICRC-certified, insurance billing accepted. Call (805) 345-7440.",storm damage restoration los osos,hurricane damage cleanup|tornado damage cleanup|tree damage cleanup|storm cleanup services|severe weather damage repair,local_emergency,,,900,hero|og|inline-1|inline-2,service|local-business|faq|breadcrumb-list,/services/storm-damage-restoration/|/service-areas/los-osos-ca/|/service-areas/los-osos-ca/fire-damage-restoration/|/service-areas/los-osos-ca/mold-remediation/|/service-areas/arroyo-grande-ca/storm-damage-restoration/|/service-areas/atascadero-ca/storm-damage-restoration/|/contact/,6.30,planned
/service-areas/mission-hills-ca/commercial-restoration/,service-area-service,"Commercial Restoration in Mission Hills, CA | Coastal Restoration Services Inc",Commercial Restoration in Mission Hills,"Commercial restoration in Mission Hills, CA. IICRC-certified, insurance billing accepted. Call (805) 345-7440.",commercial restoration mission hills,commercial water damage|commercial fire damage|business restoration|office restoration|retail restoration,local_b2b,,,900,hero|og|inline-1|inline-2,service|local-business|faq|breadcrumb-list,/services/commercial-restoration/|/service-areas/mission-hills-ca/|/service-areas/mission-hills-ca/fire-damage-restoration/|/service-areas/mission-hills-ca/mold-remediation/|/service-areas/arroyo-grande-ca/commercial-restoration/|/service-areas/atascadero-ca/commercial-restoration/|/contact/,6.30,planned
/service-areas/mission-hills-ca/emergency-plumbing/,service-area-service,"Plumbing in Mission Hills, CA | Coastal Restoration Services Inc",Plumbing in Mission Hills,"Plumbing in Mission Hills, CA. IICRC-certified, insurance billing accepted. Call (805) 345-7440.",emergency plumbing mission hills,24 hour plumber|burst pipe plumber,local_emergency,,,900,hero|og|inline-1|inline-2,service|local-business|faq|breadcrumb-list,/services/emergency-plumbing/|/service-areas/mission-hills-ca/|/service-areas/mission-hills-ca/fire-damage-restoration/|/service-areas/mission-hills-ca/mold-remediation/|/service-areas/arroyo-grande-ca/emergency-plumbing/|/service-areas/atascadero-ca/emergency-plumbing/|/contact/,6.30,planned
/service-areas/mission-hills-ca/emergency-water-removal/,service-area-service,"Water Removal & Cleanup in Mission Hills, CA | Coastal Restoration Services Inc",Water Removal & Cleanup in Mission Hills,"Water removal & cleanup in Mission Hills, CA. IICRC-certified, insurance billing accepted. Call (805) 345-7440.",emergency water removal & cleanup mission hills,water extraction|water removal|water cleanup|standing water removal,local_emergency,,,900,hero|og|inline-1|inline-2,service|local-business|faq|breadcrumb-list,/services/emergency-water-removal/|/service-areas/mission-hills-ca/|/service-areas/mission-hills-ca/fire-damage-restoration/|/service-areas/mission-hills-ca/mold-remediation/|/service-areas/arroyo-grande-ca/emergency-water-removal/|/service-areas/atascadero-ca/emergency-water-removal/|/contact/,6.30,planned
/service-areas/mission-hills-ca/flood-damage-restoration/,service-area-service,"Flood Damage Restoration in Mission Hills, CA | Coastal Restoration Services Inc",Flood Damage Restoration in Mission Hills,"Flood damage restoration in Mission Hills, CA. IICRC-certified, insurance billing accepted. Call (805) 345-7440.",flood damage restoration mission hills,flood cleanup|flood restoration|post-flood restoration|residential flood damage|flood damage repair,local_emergency,,,900,hero|og|inline-1|inline-2,service|local-business|faq|breadcrumb-list,/services/flood-damage-restoration/|/service-areas/mission-hills-ca/|/service-areas/mission-hills-ca/fire-damage-restoration/|/service-areas/mission-hills-ca/mold-remediation/|/service-areas/arroyo-grande-ca/flood-damage-restoration/|/service-areas/atascadero-ca/flood-damage-restoration/|/contact/,6.30,planned
/service-areas/mission-hills-ca/reconstruction/,service-area-service,"Reconstruction Services in Mission Hills, CA | Coastal Restoration Services Inc",Reconstruction Services in Mission Hills,"Reconstruction services in Mission Hills, CA. IICRC-certified, insurance billing accepted. Call (805) 345-7440.",reconstruction services mission hills,post-damage reconstruction|rebuild services|structural reconstruction|post-disaster rebuilding|fire damage reconstruction,local_commercial,,,900,hero|og|inline-1|inline-2,service|local-business|faq|breadcrumb-list,/services/reconstruction/|/service-areas/mission-hills-ca/|/service-areas/mission-hills-ca/fire-damage-restoration/|/service-areas/mission-hills-ca/mold-remediation/|/service-areas/arroyo-grande-ca/reconstruction/|/service-areas/atascadero-ca/reconstruction/|/contact/,6.30,planned
/service-areas/mission-hills-ca/sewage-cleanup/,service-area-service,"Sewage Cleanup and Sanitization in Mission Hills, CA | Coastal Restoration Services Inc",Sewage Cleanup and Sanitization in Mission Hills,"Sewage cleanup and sanitization in Mission Hills, CA. IICRC-certified, insurance billing accepted. Call (805) 345-7440.",sewage cleanup and sanitization mission hills,sewage backup cleanup|raw sewage removal|septic overflow cleanup|sewer line backup|sanitization services,local_emergency,,,900,hero|og|inline-1|inline-2,service|local-business|faq|breadcrumb-list,/services/sewage-cleanup/|/service-areas/mission-hills-ca/|/service-areas/mission-hills-ca/fire-damage-restoration/|/service-areas/mission-hills-ca/mold-remediation/|/service-areas/arroyo-grande-ca/sewage-cleanup/|/service-areas/atascadero-ca/sewage-cleanup/|/contact/,6.30,planned
/service-areas/mission-hills-ca/smoke-damage-restoration/,service-area-service,"Smoke Damage Restoration in Mission Hills, CA | Coastal Restoration Services Inc",Smoke Damage Restoration in Mission Hills,"Smoke damage restoration in Mission Hills, CA. IICRC-certified, insurance billing accepted. Call (805) 345-7440.",smoke damage restoration mission hills,smoke residue cleanup|smoke damage repair|post-fire smoke cleanup|smoke damage restoration services|wildfire smoke cleanup,local_emergency,,,900,hero|og|inline-1|inline-2,service|local-business|faq|breadcrumb-list,/services/smoke-damage-restoration/|/service-areas/mission-hills-ca/|/service-areas/mission-hills-ca/fire-damage-restoration/|/service-areas/mission-hills-ca/mold-remediation/|/service-areas/arroyo-grande-ca/smoke-damage-restoration/|/service-areas/atascadero-ca/smoke-damage-restoration/|/contact/,6.30,planned
/service-areas/mission-hills-ca/storm-damage-restoration/,service-area-service,"Storm Damage Restoration in Mission Hills, CA | Coastal Restoration Services Inc",Storm Damage Restoration in Mission Hills,"Storm damage restoration in Mission Hills, CA. IICRC-certified, insurance billing accepted. Call (805) 345-7440.",storm damage restoration mission hills,hurricane damage cleanup|tornado damage cleanup|tree damage cleanup|storm cleanup services|severe weather damage repair,local_emergency,,,900,hero|og|inline-1|inline-2,service|local-business|faq|breadcrumb-list,/services/storm-damage-restoration/|/service-areas/mission-hills-ca/|/service-areas/mission-hills-ca/fire-damage-restoration/|/service-areas/mission-hills-ca/mold-remediation/|/service-areas/arroyo-grande-ca/storm-damage-restoration/|/service-areas/atascadero-ca/storm-damage-restoration/|/contact/,6.30,planned
/service-areas/morro-bay-ca/commercial-restoration/,service-area-service,"Commercial Restoration in Morro Bay, CA | Coastal Restoration Services Inc",Commercial Restoration in Morro Bay,"Commercial restoration in Morro Bay, CA. IICRC-certified, insurance billing accepted. Call (805) 345-7440.",commercial restoration morro bay,commercial water damage|commercial fire damage|business restoration|office restoration|retail restoration,local_b2b,,,900,hero|og|inline-1|inline-2,service|local-business|faq|breadcrumb-list,/services/commercial-restoration/|/service-areas/morro-bay-ca/|/service-areas/morro-bay-ca/fire-damage-restoration/|/service-areas/morro-bay-ca/mold-remediation/|/service-areas/arroyo-grande-ca/commercial-restoration/|/service-areas/atascadero-ca/commercial-restoration/|/contact/,6.30,planned
/service-areas/morro-bay-ca/emergency-plumbing/,service-area-service,"Plumbing in Morro Bay, CA | Coastal Restoration Services Inc",Plumbing in Morro Bay,"Plumbing in Morro Bay, CA. IICRC-certified, insurance billing accepted. Call (805) 345-7440.",emergency plumbing morro bay,24 hour plumber|burst pipe plumber,local_emergency,,,900,hero|og|inline-1|inline-2,service|local-business|faq|breadcrumb-list,/services/emergency-plumbing/|/service-areas/morro-bay-ca/|/service-areas/morro-bay-ca/fire-damage-restoration/|/service-areas/morro-bay-ca/mold-remediation/|/service-areas/arroyo-grande-ca/emergency-plumbing/|/service-areas/atascadero-ca/emergency-plumbing/|/contact/,6.30,planned
/service-areas/morro-bay-ca/emergency-water-removal/,service-area-service,"Water Removal & Cleanup in Morro Bay, CA | Coastal Restoration Services Inc",Water Removal & Cleanup in Morro Bay,"Water removal & cleanup in Morro Bay, CA. IICRC-certified, insurance billing accepted. Call (805) 345-7440.",emergency water removal & cleanup morro bay,water extraction|water removal|water cleanup|standing water removal,local_emergency,,,900,hero|og|inline-1|inline-2,service|local-business|faq|breadcrumb-list,/services/emergency-water-removal/|/service-areas/morro-bay-ca/|/service-areas/morro-bay-ca/fire-damage-restoration/|/service-areas/morro-bay-ca/mold-remediation/|/service-areas/arroyo-grande-ca/emergency-water-removal/|/service-areas/atascadero-ca/emergency-water-removal/|/contact/,6.30,planned
/service-areas/morro-bay-ca/flood-damage-restoration/,service-area-service,"Flood Damage Restoration in Morro Bay, CA | Coastal Restoration Services Inc",Flood Damage Restoration in Morro Bay,"Flood damage restoration in Morro Bay, CA. IICRC-certified, insurance billing accepted. Call (805) 345-7440.",flood damage restoration morro bay,flood cleanup|flood restoration|post-flood restoration|residential flood damage|flood damage repair,local_emergency,,,900,hero|og|inline-1|inline-2,service|local-business|faq|breadcrumb-list,/services/flood-damage-restoration/|/service-areas/morro-bay-ca/|/service-areas/morro-bay-ca/fire-damage-restoration/|/service-areas/morro-bay-ca/mold-remediation/|/service-areas/arroyo-grande-ca/flood-damage-restoration/|/service-areas/atascadero-ca/flood-damage-restoration/|/contact/,6.30,planned
/service-areas/morro-bay-ca/reconstruction/,service-area-service,"Reconstruction Services in Morro Bay, CA | Coastal Restoration Services Inc",Reconstruction Services in Morro Bay,"Reconstruction services in Morro Bay, CA. IICRC-certified, insurance billing accepted. Call (805) 345-7440.",reconstruction services morro bay,post-damage reconstruction|rebuild services|structural reconstruction|post-disaster rebuilding|fire damage reconstruction,local_commercial,,,900,hero|og|inline-1|inline-2,service|local-business|faq|breadcrumb-list,/services/reconstruction/|/service-areas/morro-bay-ca/|/service-areas/morro-bay-ca/fire-damage-restoration/|/service-areas/morro-bay-ca/mold-remediation/|/service-areas/arroyo-grande-ca/reconstruction/|/service-areas/atascadero-ca/reconstruction/|/contact/,6.30,planned
/service-areas/morro-bay-ca/sewage-cleanup/,service-area-service,"Sewage Cleanup and Sanitization in Morro Bay, CA | Coastal Restoration Services Inc",Sewage Cleanup and Sanitization in Morro Bay,"Sewage cleanup and sanitization in Morro Bay, CA. IICRC-certified, insurance billing accepted. Call (805) 345-7440.",sewage cleanup and sanitization morro bay,sewage backup cleanup|raw sewage removal|septic overflow cleanup|sewer line backup|sanitization services,local_emergency,,,900,hero|og|inline-1|inline-2,service|local-business|faq|breadcrumb-list,/services/sewage-cleanup/|/service-areas/morro-bay-ca/|/service-areas/morro-bay-ca/fire-damage-restoration/|/service-areas/morro-bay-ca/mold-remediation/|/service-areas/arroyo-grande-ca/sewage-cleanup/|/service-areas/atascadero-ca/sewage-cleanup/|/contact/,6.30,planned
/service-areas/morro-bay-ca/smoke-damage-restoration/,service-area-service,"Smoke Damage Restoration in Morro Bay, CA | Coastal Restoration Services Inc",Smoke Damage Restoration in Morro Bay,"Smoke damage restoration in Morro Bay, CA. IICRC-certified, insurance billing accepted. Call (805) 345-7440.",smoke damage restoration morro bay,smoke residue cleanup|smoke damage repair|post-fire smoke cleanup|smoke damage restoration services|wildfire smoke cleanup,local_emergency,,,900,hero|og|inline-1|inline-2,service|local-business|faq|breadcrumb-list,/services/smoke-damage-restoration/|/service-areas/morro-bay-ca/|/service-areas/morro-bay-ca/fire-damage-restoration/|/service-areas/morro-bay-ca/mold-remediation/|/service-areas/arroyo-grande-ca/smoke-damage-restoration/|/service-areas/atascadero-ca/smoke-damage-restoration/|/contact/,6.30,planned
/service-areas/morro-bay-ca/storm-damage-restoration/,service-area-service,"Storm Damage Restoration in Morro Bay, CA | Coastal Restoration Services Inc",Storm Damage Restoration in Morro Bay,"Storm damage restoration in Morro Bay, CA. IICRC-certified, insurance billing accepted. Call (805) 345-7440.",storm damage restoration morro bay,hurricane damage cleanup|tornado damage cleanup|tree damage cleanup|storm cleanup services|severe weather damage repair,local_emergency,,,900,hero|og|inline-1|inline-2,service|local-business|faq|breadcrumb-list,/services/storm-damage-restoration/|/service-areas/morro-bay-ca/|/service-areas/morro-bay-ca/fire-damage-restoration/|/service-areas/morro-bay-ca/mold-remediation/|/service-areas/arroyo-grande-ca/storm-damage-restoration/|/service-areas/atascadero-ca/storm-damage-restoration/|/contact/,6.30,planned
/service-areas/nipomo-ca/commercial-restoration/,service-area-service,"Commercial Restoration in Nipomo, CA | Coastal Restoration Services Inc",Commercial Restoration in Nipomo,"Commercial restoration in Nipomo, CA. IICRC-certified, insurance billing accepted. Call (805) 345-7440.",commercial restoration nipomo,commercial water damage|commercial fire damage|business restoration|office restoration|retail restoration,local_b2b,,,900,hero|og|inline-1|inline-2,service|local-business|faq|breadcrumb-list,/services/commercial-restoration/|/service-areas/nipomo-ca/|/service-areas/nipomo-ca/fire-damage-restoration/|/service-areas/nipomo-ca/mold-remediation/|/service-areas/arroyo-grande-ca/commercial-restoration/|/service-areas/atascadero-ca/commercial-restoration/|/contact/,6.30,planned
/service-areas/nipomo-ca/emergency-plumbing/,service-area-service,"Plumbing in Nipomo, CA | Coastal Restoration Services Inc",Plumbing in Nipomo,"Plumbing in Nipomo, CA. IICRC-certified, insurance billing accepted. Call (805) 345-7440.",emergency plumbing nipomo,24 hour plumber|burst pipe plumber,local_emergency,,,900,hero|og|inline-1|inline-2,service|local-business|faq|breadcrumb-list,/services/emergency-plumbing/|/service-areas/nipomo-ca/|/service-areas/nipomo-ca/fire-damage-restoration/|/service-areas/nipomo-ca/mold-remediation/|/service-areas/arroyo-grande-ca/emergency-plumbing/|/service-areas/atascadero-ca/emergency-plumbing/|/contact/,6.30,planned
/service-areas/nipomo-ca/emergency-water-removal/,service-area-service,"Water Removal & Cleanup in Nipomo, CA | Coastal Restoration Services Inc",Water Removal & Cleanup in Nipomo,"Water removal & cleanup in Nipomo, CA. IICRC-certified, insurance billing accepted. Call (805) 345-7440.",emergency water removal & cleanup nipomo,water extraction|water removal|water cleanup|standing water removal,local_emergency,,,900,hero|og|inline-1|inline-2,service|local-business|faq|breadcrumb-list,/services/emergency-water-removal/|/service-areas/nipomo-ca/|/service-areas/nipomo-ca/fire-damage-restoration/|/service-areas/nipomo-ca/mold-remediation/|/service-areas/arroyo-grande-ca/emergency-water-removal/|/service-areas/atascadero-ca/emergency-water-removal/|/contact/,6.30,planned
/service-areas/nipomo-ca/flood-damage-restoration/,service-area-service,"Flood Damage Restoration in Nipomo, CA | Coastal Restoration Services Inc",Flood Damage Restoration in Nipomo,"Flood damage restoration in Nipomo, CA. IICRC-certified, insurance billing accepted. Call (805) 345-7440.",flood damage restoration nipomo,flood cleanup|flood restoration|post-flood restoration|residential flood damage|flood damage repair,local_emergency,,,900,hero|og|inline-1|inline-2,service|local-business|faq|breadcrumb-list,/services/flood-damage-restoration/|/service-areas/nipomo-ca/|/service-areas/nipomo-ca/fire-damage-restoration/|/service-areas/nipomo-ca/mold-remediation/|/service-areas/arroyo-grande-ca/flood-damage-restoration/|/service-areas/atascadero-ca/flood-damage-restoration/|/contact/,6.30,planned
/service-areas/nipomo-ca/reconstruction/,service-area-service,"Reconstruction Services in Nipomo, CA | Coastal Restoration Services Inc",Reconstruction Services in Nipomo,"Reconstruction services in Nipomo, CA. IICRC-certified, insurance billing accepted. Call (805) 345-7440.",reconstruction services nipomo,post-damage reconstruction|rebuild services|structural reconstruction|post-disaster rebuilding|fire damage reconstruction,local_commercial,,,900,hero|og|inline-1|inline-2,service|local-business|faq|breadcrumb-list,/services/reconstruction/|/service-areas/nipomo-ca/|/service-areas/nipomo-ca/fire-damage-restoration/|/service-areas/nipomo-ca/mold-remediation/|/service-areas/arroyo-grande-ca/reconstruction/|/service-areas/atascadero-ca/reconstruction/|/contact/,6.30,planned
/service-areas/nipomo-ca/sewage-cleanup/,service-area-service,"Sewage Cleanup and Sanitization in Nipomo, CA | Coastal Restoration Services Inc",Sewage Cleanup and Sanitization in Nipomo,"Sewage cleanup and sanitization in Nipomo, CA. IICRC-certified, insurance billing accepted. Call (805) 345-7440.",sewage cleanup and sanitization nipomo,sewage backup cleanup|raw sewage removal|septic overflow cleanup|sewer line backup|sanitization services,local_emergency,,,900,hero|og|inline-1|inline-2,service|local-business|faq|breadcrumb-list,/services/sewage-cleanup/|/service-areas/nipomo-ca/|/service-areas/nipomo-ca/fire-damage-restoration/|/service-areas/nipomo-ca/mold-remediation/|/service-areas/arroyo-grande-ca/sewage-cleanup/|/service-areas/atascadero-ca/sewage-cleanup/|/contact/,6.30,planned
/service-areas/nipomo-ca/smoke-damage-restoration/,service-area-service,"Smoke Damage Restoration in Nipomo, CA | Coastal Restoration Services Inc",Smoke Damage Restoration in Nipomo,"Smoke damage restoration in Nipomo, CA. IICRC-certified, insurance billing accepted. Call (805) 345-7440.",smoke damage restoration nipomo,smoke residue cleanup|smoke damage repair|post-fire smoke cleanup|smoke damage restoration services|wildfire smoke cleanup,local_emergency,,,900,hero|og|inline-1|inline-2,service|local-business|faq|breadcrumb-list,/services/smoke-damage-restoration/|/service-areas/nipomo-ca/|/service-areas/nipomo-ca/fire-damage-restoration/|/service-areas/nipomo-ca/mold-remediation/|/service-areas/arroyo-grande-ca/smoke-damage-restoration/|/service-areas/atascadero-ca/smoke-damage-restoration/|/contact/,6.30,planned
/service-areas/nipomo-ca/storm-damage-restoration/,service-area-service,"Storm Damage Restoration in Nipomo, CA | Coastal Restoration Services Inc",Storm Damage Restoration in Nipomo,"Storm damage restoration in Nipomo, CA. IICRC-certified, insurance billing accepted. Call (805) 345-7440.",storm damage restoration nipomo,hurricane damage cleanup|tornado damage cleanup|tree damage cleanup|storm cleanup services|severe weather damage repair,local_emergency,,,900,hero|og|inline-1|inline-2,service|local-business|faq|breadcrumb-list,/services/storm-damage-restoration/|/service-areas/nipomo-ca/|/service-areas/nipomo-ca/fire-damage-restoration/|/service-areas/nipomo-ca/mold-remediation/|/service-areas/arroyo-grande-ca/storm-damage-restoration/|/service-areas/atascadero-ca/storm-damage-restoration/|/contact/,6.30,planned
/service-areas/oceano-ca/commercial-restoration/,service-area-service,"Commercial Restoration in Oceano, CA | Coastal Restoration Services Inc",Commercial Restoration in Oceano,"Commercial restoration in Oceano, CA. IICRC-certified, insurance billing accepted. Call (805) 345-7440.",commercial restoration oceano,commercial water damage|commercial fire damage|business restoration|office restoration|retail restoration,local_b2b,,,900,hero|og|inline-1|inline-2,service|local-business|faq|breadcrumb-list,/services/commercial-restoration/|/service-areas/oceano-ca/|/service-areas/oceano-ca/fire-damage-restoration/|/service-areas/oceano-ca/mold-remediation/|/service-areas/arroyo-grande-ca/commercial-restoration/|/service-areas/atascadero-ca/commercial-restoration/|/contact/,6.30,planned
/service-areas/oceano-ca/emergency-plumbing/,service-area-service,"Plumbing in Oceano, CA | Coastal Restoration Services Inc",Plumbing in Oceano,"Plumbing in Oceano, CA. IICRC-certified, insurance billing accepted. Call (805) 345-7440.",emergency plumbing oceano,24 hour plumber|burst pipe plumber,local_emergency,,,900,hero|og|inline-1|inline-2,service|local-business|faq|breadcrumb-list,/services/emergency-plumbing/|/service-areas/oceano-ca/|/service-areas/oceano-ca/fire-damage-restoration/|/service-areas/oceano-ca/mold-remediation/|/service-areas/arroyo-grande-ca/emergency-plumbing/|/service-areas/atascadero-ca/emergency-plumbing/|/contact/,6.30,planned
/service-areas/oceano-ca/emergency-water-removal/,service-area-service,"Water Removal & Cleanup in Oceano, CA | Coastal Restoration Services Inc",Water Removal & Cleanup in Oceano,"Water removal & cleanup in Oceano, CA. IICRC-certified, insurance billing accepted. Call (805) 345-7440.",emergency water removal & cleanup oceano,water extraction|water removal|water cleanup|standing water removal,local_emergency,,,900,hero|og|inline-1|inline-2,service|local-business|faq|breadcrumb-list,/services/emergency-water-removal/|/service-areas/oceano-ca/|/service-areas/oceano-ca/fire-damage-restoration/|/service-areas/oceano-ca/mold-remediation/|/service-areas/arroyo-grande-ca/emergency-water-removal/|/service-areas/atascadero-ca/emergency-water-removal/|/contact/,6.30,planned
/service-areas/oceano-ca/flood-damage-restoration/,service-area-service,"Flood Damage Restoration in Oceano, CA | Coastal Restoration Services Inc",Flood Damage Restoration in Oceano,"Flood damage restoration in Oceano, CA. IICRC-certified, insurance billing accepted. Call (805) 345-7440.",flood damage restoration oceano,flood cleanup|flood restoration|post-flood restoration|residential flood damage|flood damage repair,local_emergency,,,900,hero|og|inline-1|inline-2,service|local-business|faq|breadcrumb-list,/services/flood-damage-restoration/|/service-areas/oceano-ca/|/service-areas/oceano-ca/fire-damage-restoration/|/service-areas/oceano-ca/mold-remediation/|/service-areas/arroyo-grande-ca/flood-damage-restoration/|/service-areas/atascadero-ca/flood-damage-restoration/|/contact/,6.30,planned
/service-areas/oceano-ca/reconstruction/,service-area-service,"Reconstruction Services in Oceano, CA | Coastal Restoration Services Inc",Reconstruction Services in Oceano,"Reconstruction services in Oceano, CA. IICRC-certified, insurance billing accepted. Call (805) 345-7440.",reconstruction services oceano,post-damage reconstruction|rebuild services|structural reconstruction|post-disaster rebuilding|fire damage reconstruction,local_commercial,,,900,hero|og|inline-1|inline-2,service|local-business|faq|breadcrumb-list,/services/reconstruction/|/service-areas/oceano-ca/|/service-areas/oceano-ca/fire-damage-restoration/|/service-areas/oceano-ca/mold-remediation/|/service-areas/arroyo-grande-ca/reconstruction/|/service-areas/atascadero-ca/reconstruction/|/contact/,6.30,planned
/service-areas/oceano-ca/sewage-cleanup/,service-area-service,"Sewage Cleanup and Sanitization in Oceano, CA | Coastal Restoration Services Inc",Sewage Cleanup and Sanitization in Oceano,"Sewage cleanup and sanitization in Oceano, CA. IICRC-certified, insurance billing accepted. Call (805) 345-7440.",sewage cleanup and sanitization oceano,sewage backup cleanup|raw sewage removal|septic overflow cleanup|sewer line backup|sanitization services,local_emergency,,,900,hero|og|inline-1|inline-2,service|local-business|faq|breadcrumb-list,/services/sewage-cleanup/|/service-areas/oceano-ca/|/service-areas/oceano-ca/fire-damage-restoration/|/service-areas/oceano-ca/mold-remediation/|/service-areas/arroyo-grande-ca/sewage-cleanup/|/service-areas/atascadero-ca/sewage-cleanup/|/contact/,6.30,planned
/service-areas/oceano-ca/smoke-damage-restoration/,service-area-service,"Smoke Damage Restoration in Oceano, CA | Coastal Restoration Services Inc",Smoke Damage Restoration in Oceano,"Smoke damage restoration in Oceano, CA. IICRC-certified, insurance billing accepted. Call (805) 345-7440.",smoke damage restoration oceano,smoke residue cleanup|smoke damage repair|post-fire smoke cleanup|smoke damage restoration services|wildfire smoke cleanup,local_emergency,,,900,hero|og|inline-1|inline-2,service|local-business|faq|breadcrumb-list,/services/smoke-damage-restoration/|/service-areas/oceano-ca/|/service-areas/oceano-ca/fire-damage-restoration/|/service-areas/oceano-ca/mold-remediation/|/service-areas/arroyo-grande-ca/smoke-damage-restoration/|/service-areas/atascadero-ca/smoke-damage-restoration/|/contact/,6.30,planned
/service-areas/oceano-ca/storm-damage-restoration/,service-area-service,"Storm Damage Restoration in Oceano, CA | Coastal Restoration Services Inc",Storm Damage Restoration in Oceano,"Storm damage restoration in Oceano, CA. IICRC-certified, insurance billing accepted. Call (805) 345-7440.",storm damage restoration oceano,hurricane damage cleanup|tornado damage cleanup|tree damage cleanup|storm cleanup services|severe weather damage repair,local_emergency,,,900,hero|og|inline-1|inline-2,service|local-business|faq|breadcrumb-list,/services/storm-damage-restoration/|/service-areas/oceano-ca/|/service-areas/oceano-ca/fire-damage-restoration/|/service-areas/oceano-ca/mold-remediation/|/service-areas/arroyo-grande-ca/storm-damage-restoration/|/service-areas/atascadero-ca/storm-damage-restoration/|/contact/,6.30,planned
/service-areas/orcutt-ca/commercial-restoration/,service-area-service,"Commercial Restoration in Orcutt, CA | Coastal Restoration Services Inc",Commercial Restoration in Orcutt,"Commercial restoration in Orcutt, CA. IICRC-certified, insurance billing accepted. Call (805) 345-7440.",commercial restoration orcutt,commercial water damage|commercial fire damage|business restoration|office restoration|retail restoration,local_b2b,,,900,hero|og|inline-1|inline-2,service|local-business|faq|breadcrumb-list,/services/commercial-restoration/|/service-areas/orcutt-ca/|/service-areas/orcutt-ca/fire-damage-restoration/|/service-areas/orcutt-ca/mold-remediation/|/service-areas/arroyo-grande-ca/commercial-restoration/|/service-areas/atascadero-ca/commercial-restoration/|/contact/,6.30,planned
/service-areas/orcutt-ca/emergency-plumbing/,service-area-service,"Plumbing in Orcutt, CA | Coastal Restoration Services Inc",Plumbing in Orcutt,"Plumbing in Orcutt, CA. IICRC-certified, insurance billing accepted. Call (805) 345-7440.",emergency plumbing orcutt,24 hour plumber|burst pipe plumber,local_emergency,,,900,hero|og|inline-1|inline-2,service|local-business|faq|breadcrumb-list,/services/emergency-plumbing/|/service-areas/orcutt-ca/|/service-areas/orcutt-ca/fire-damage-restoration/|/service-areas/orcutt-ca/mold-remediation/|/service-areas/arroyo-grande-ca/emergency-plumbing/|/service-areas/atascadero-ca/emergency-plumbing/|/contact/,6.30,planned
/service-areas/orcutt-ca/emergency-water-removal/,service-area-service,"Water Removal & Cleanup in Orcutt, CA | Coastal Restoration Services Inc",Water Removal & Cleanup in Orcutt,"Water removal & cleanup in Orcutt, CA. IICRC-certified, insurance billing accepted. Call (805) 345-7440.",emergency water removal & cleanup orcutt,water extraction|water removal|water cleanup|standing water removal,local_emergency,,,900,hero|og|inline-1|inline-2,service|local-business|faq|breadcrumb-list,/services/emergency-water-removal/|/service-areas/orcutt-ca/|/service-areas/orcutt-ca/fire-damage-restoration/|/service-areas/orcutt-ca/mold-remediation/|/service-areas/arroyo-grande-ca/emergency-water-removal/|/service-areas/atascadero-ca/emergency-water-removal/|/contact/,6.30,planned
/service-areas/orcutt-ca/flood-damage-restoration/,service-area-service,"Flood Damage Restoration in Orcutt, CA | Coastal Restoration Services Inc",Flood Damage Restoration in Orcutt,"Flood damage restoration in Orcutt, CA. IICRC-certified, insurance billing accepted. Call (805) 345-7440.",flood damage restoration orcutt,flood cleanup|flood restoration|post-flood restoration|residential flood damage|flood damage repair,local_emergency,,,900,hero|og|inline-1|inline-2,service|local-business|faq|breadcrumb-list,/services/flood-damage-restoration/|/service-areas/orcutt-ca/|/service-areas/orcutt-ca/fire-damage-restoration/|/service-areas/orcutt-ca/mold-remediation/|/service-areas/arroyo-grande-ca/flood-damage-restoration/|/service-areas/atascadero-ca/flood-damage-restoration/|/contact/,6.30,planned
/service-areas/orcutt-ca/reconstruction/,service-area-service,"Reconstruction Services in Orcutt, CA | Coastal Restoration Services Inc",Reconstruction Services in Orcutt,"Reconstruction services in Orcutt, CA. IICRC-certified, insurance billing accepted. Call (805) 345-7440.",reconstruction services orcutt,post-damage reconstruction|rebuild services|structural reconstruction|post-disaster rebuilding|fire damage reconstruction,local_commercial,,,900,hero|og|inline-1|inline-2,service|local-business|faq|breadcrumb-list,/services/reconstruction/|/service-areas/orcutt-ca/|/service-areas/orcutt-ca/fire-damage-restoration/|/service-areas/orcutt-ca/mold-remediation/|/service-areas/arroyo-grande-ca/reconstruction/|/service-areas/atascadero-ca/reconstruction/|/contact/,6.30,planned
/service-areas/orcutt-ca/sewage-cleanup/,service-area-service,"Sewage Cleanup and Sanitization in Orcutt, CA | Coastal Restoration Services Inc",Sewage Cleanup and Sanitization in Orcutt,"Sewage cleanup and sanitization in Orcutt, CA. IICRC-certified, insurance billing accepted. Call (805) 345-7440.",sewage cleanup and sanitization orcutt,sewage backup cleanup|raw sewage removal|septic overflow cleanup|sewer line backup|sanitization services,local_emergency,,,900,hero|og|inline-1|inline-2,service|local-business|faq|breadcrumb-list,/services/sewage-cleanup/|/service-areas/orcutt-ca/|/service-areas/orcutt-ca/fire-damage-restoration/|/service-areas/orcutt-ca/mold-remediation/|/service-areas/arroyo-grande-ca/sewage-cleanup/|/service-areas/atascadero-ca/sewage-cleanup/|/contact/,6.30,planned
/service-areas/orcutt-ca/smoke-damage-restoration/,service-area-service,"Smoke Damage Restoration in Orcutt, CA | Coastal Restoration Services Inc",Smoke Damage Restoration in Orcutt,"Smoke damage restoration in Orcutt, CA. IICRC-certified, insurance billing accepted. Call (805) 345-7440.",smoke damage restoration orcutt,smoke residue cleanup|smoke damage repair|post-fire smoke cleanup|smoke damage restoration services|wildfire smoke cleanup,local_emergency,,,900,hero|og|inline-1|inline-2,service|local-business|faq|breadcrumb-list,/services/smoke-damage-restoration/|/service-areas/orcutt-ca/|/service-areas/orcutt-ca/fire-damage-restoration/|/service-areas/orcutt-ca/mold-remediation/|/service-areas/arroyo-grande-ca/smoke-damage-restoration/|/service-areas/atascadero-ca/smoke-damage-restoration/|/contact/,6.30,planned
/service-areas/orcutt-ca/storm-damage-restoration/,service-area-service,"Storm Damage Restoration in Orcutt, CA | Coastal Restoration Services Inc",Storm Damage Restoration in Orcutt,"Storm damage restoration in Orcutt, CA. IICRC-certified, insurance billing accepted. Call (805) 345-7440.",storm damage restoration orcutt,hurricane damage cleanup|tornado damage cleanup|tree damage cleanup|storm cleanup services|severe weather damage repair,local_emergency,,,900,hero|og|inline-1|inline-2,service|local-business|faq|breadcrumb-list,/services/storm-damage-restoration/|/service-areas/orcutt-ca/|/service-areas/orcutt-ca/fire-damage-restoration/|/service-areas/orcutt-ca/mold-remediation/|/service-areas/arroyo-grande-ca/storm-damage-restoration/|/service-areas/atascadero-ca/storm-damage-restoration/|/contact/,6.30,planned
/service-areas/pismo-beach-ca/commercial-restoration/,service-area-service,"Commercial Restoration in Pismo Beach, CA | Coastal Restoration Services Inc",Commercial Restoration in Pismo Beach,"Commercial restoration in Pismo Beach, CA. IICRC-certified, insurance billing accepted. Call (805) 345-7440.",commercial restoration pismo beach,commercial water damage|commercial fire damage|business restoration|office restoration|retail restoration,local_b2b,,,900,hero|og|inline-1|inline-2,service|local-business|faq|breadcrumb-list,/services/commercial-restoration/|/service-areas/pismo-beach-ca/|/service-areas/pismo-beach-ca/fire-damage-restoration/|/service-areas/pismo-beach-ca/mold-remediation/|/service-areas/arroyo-grande-ca/commercial-restoration/|/service-areas/atascadero-ca/commercial-restoration/|/contact/,6.30,planned
/service-areas/pismo-beach-ca/emergency-plumbing/,service-area-service,"Plumbing in Pismo Beach, CA | Coastal Restoration Services Inc",Plumbing in Pismo Beach,"Plumbing in Pismo Beach, CA. IICRC-certified, insurance billing accepted. Call (805) 345-7440.",emergency plumbing pismo beach,24 hour plumber|burst pipe plumber,local_emergency,,,900,hero|og|inline-1|inline-2,service|local-business|faq|breadcrumb-list,/services/emergency-plumbing/|/service-areas/pismo-beach-ca/|/service-areas/pismo-beach-ca/fire-damage-restoration/|/service-areas/pismo-beach-ca/mold-remediation/|/service-areas/arroyo-grande-ca/emergency-plumbing/|/service-areas/atascadero-ca/emergency-plumbing/|/contact/,6.30,planned
/service-areas/pismo-beach-ca/emergency-water-removal/,service-area-service,"Water Removal & Cleanup in Pismo Beach, CA | Coastal Restoration Services Inc",Water Removal & Cleanup in Pismo Beach,"Water removal & cleanup in Pismo Beach, CA. IICRC-certified, insurance billing accepted. Call (805) 345-7440.",emergency water removal & cleanup pismo beach,water extraction|water removal|water cleanup|standing water removal,local_emergency,,,900,hero|og|inline-1|inline-2,service|local-business|faq|breadcrumb-list,/services/emergency-water-removal/|/service-areas/pismo-beach-ca/|/service-areas/pismo-beach-ca/fire-damage-restoration/|/service-areas/pismo-beach-ca/mold-remediation/|/service-areas/arroyo-grande-ca/emergency-water-removal/|/service-areas/atascadero-ca/emergency-water-removal/|/contact/,6.30,planned
/service-areas/pismo-beach-ca/flood-damage-restoration/,service-area-service,"Flood Damage Restoration in Pismo Beach, CA | Coastal Restoration Services Inc",Flood Damage Restoration in Pismo Beach,"Flood damage restoration in Pismo Beach, CA. IICRC-certified, insurance billing accepted. Call (805) 345-7440.",flood damage restoration pismo beach,flood cleanup|flood restoration|post-flood restoration|residential flood damage|flood damage repair,local_emergency,,,900,hero|og|inline-1|inline-2,service|local-business|faq|breadcrumb-list,/services/flood-damage-restoration/|/service-areas/pismo-beach-ca/|/service-areas/pismo-beach-ca/fire-damage-restoration/|/service-areas/pismo-beach-ca/mold-remediation/|/service-areas/arroyo-grande-ca/flood-damage-restoration/|/service-areas/atascadero-ca/flood-damage-restoration/|/contact/,6.30,planned
/service-areas/pismo-beach-ca/reconstruction/,service-area-service,"Reconstruction Services in Pismo Beach, CA | Coastal Restoration Services Inc",Reconstruction Services in Pismo Beach,"Reconstruction services in Pismo Beach, CA. IICRC-certified, insurance billing accepted. Call (805) 345-7440.",reconstruction services pismo beach,post-damage reconstruction|rebuild services|structural reconstruction|post-disaster rebuilding|fire damage reconstruction,local_commercial,,,900,hero|og|inline-1|inline-2,service|local-business|faq|breadcrumb-list,/services/reconstruction/|/service-areas/pismo-beach-ca/|/service-areas/pismo-beach-ca/fire-damage-restoration/|/service-areas/pismo-beach-ca/mold-remediation/|/service-areas/arroyo-grande-ca/reconstruction/|/service-areas/atascadero-ca/reconstruction/|/contact/,6.30,planned
/service-areas/pismo-beach-ca/sewage-cleanup/,service-area-service,"Sewage Cleanup and Sanitization in Pismo Beach, CA | Coastal Restoration Services Inc",Sewage Cleanup and Sanitization in Pismo Beach,"Sewage cleanup and sanitization in Pismo Beach, CA. IICRC-certified, insurance billing accepted. Call (805) 345-7440.",sewage cleanup and sanitization pismo beach,sewage backup cleanup|raw sewage removal|septic overflow cleanup|sewer line backup|sanitization services,local_emergency,,,900,hero|og|inline-1|inline-2,service|local-business|faq|breadcrumb-list,/services/sewage-cleanup/|/service-areas/pismo-beach-ca/|/service-areas/pismo-beach-ca/fire-damage-restoration/|/service-areas/pismo-beach-ca/mold-remediation/|/service-areas/arroyo-grande-ca/sewage-cleanup/|/service-areas/atascadero-ca/sewage-cleanup/|/contact/,6.30,planned
/service-areas/pismo-beach-ca/smoke-damage-restoration/,service-area-service,"Smoke Damage Restoration in Pismo Beach, CA | Coastal Restoration Services Inc",Smoke Damage Restoration in Pismo Beach,"Smoke damage restoration in Pismo Beach, CA. IICRC-certified, insurance billing accepted. Call (805) 345-7440.",smoke damage restoration pismo beach,smoke residue cleanup|smoke damage repair|post-fire smoke cleanup|smoke damage restoration services|wildfire smoke cleanup,local_emergency,,,900,hero|og|inline-1|inline-2,service|local-business|faq|breadcrumb-list,/services/smoke-damage-restoration/|/service-areas/pismo-beach-ca/|/service-areas/pismo-beach-ca/fire-damage-restoration/|/service-areas/pismo-beach-ca/mold-remediation/|/service-areas/arroyo-grande-ca/smoke-damage-restoration/|/service-areas/atascadero-ca/smoke-damage-restoration/|/contact/,6.30,planned
/service-areas/pismo-beach-ca/storm-damage-restoration/,service-area-service,"Storm Damage Restoration in Pismo Beach, CA | Coastal Restoration Services Inc",Storm Damage Restoration in Pismo Beach,"Storm damage restoration in Pismo Beach, CA. IICRC-certified, insurance billing accepted. Call (805) 345-7440.",storm damage restoration pismo beach,hurricane damage cleanup|tornado damage cleanup|tree damage cleanup|storm cleanup services|severe weather damage repair,local_emergency,,,900,hero|og|inline-1|inline-2,service|local-business|faq|breadcrumb-list,/services/storm-damage-restoration/|/service-areas/pismo-beach-ca/|/service-areas/pismo-beach-ca/fire-damage-restoration/|/service-areas/pismo-beach-ca/mold-remediation/|/service-areas/arroyo-grande-ca/storm-damage-restoration/|/service-areas/atascadero-ca/storm-damage-restoration/|/contact/,6.30,planned
/service-areas/san-luis-obispo-ca/commercial-restoration/,service-area-service,"Commercial Restoration in San Luis Obispo, CA | Coastal Restoration Services Inc",Commercial Restoration in San Luis Obispo,"Commercial restoration in San Luis Obispo, CA. IICRC-certified, insurance billing accepted. Call (805) 345-7440.",commercial restoration san luis obispo,commercial water damage|commercial fire damage|business restoration|office restoration|retail restoration,local_b2b,,,900,hero|og|inline-1|inline-2,service|local-business|faq|breadcrumb-list,/services/commercial-restoration/|/service-areas/san-luis-obispo-ca/|/service-areas/san-luis-obispo-ca/fire-damage-restoration/|/service-areas/san-luis-obispo-ca/mold-remediation/|/service-areas/arroyo-grande-ca/commercial-restoration/|/service-areas/atascadero-ca/commercial-restoration/|/contact/,6.30,planned
/service-areas/san-luis-obispo-ca/emergency-plumbing/,service-area-service,"Plumbing in San Luis Obispo, CA | Coastal Restoration Services Inc",Plumbing in San Luis Obispo,"Plumbing in San Luis Obispo, CA. IICRC-certified, insurance billing accepted. Call (805) 345-7440.",emergency plumbing san luis obispo,24 hour plumber|burst pipe plumber,local_emergency,,,900,hero|og|inline-1|inline-2,service|local-business|faq|breadcrumb-list,/services/emergency-plumbing/|/service-areas/san-luis-obispo-ca/|/service-areas/san-luis-obispo-ca/fire-damage-restoration/|/service-areas/san-luis-obispo-ca/mold-remediation/|/service-areas/arroyo-grande-ca/emergency-plumbing/|/service-areas/atascadero-ca/emergency-plumbing/|/contact/,6.30,planned
/service-areas/san-luis-obispo-ca/emergency-water-removal/,service-area-service,"Water Removal & Cleanup in San Luis Obispo, CA | Coastal Restoration Services Inc",Water Removal & Cleanup in San Luis Obispo,"Water removal & cleanup in San Luis Obispo, CA. IICRC-certified, insurance billing accepted. Call (805) 345-7440.",emergency water removal & cleanup san luis obispo,water extraction|water removal|water cleanup|standing water removal,local_emergency,,,900,hero|og|inline-1|inline-2,service|local-business|faq|breadcrumb-list,/services/emergency-water-removal/|/service-areas/san-luis-obispo-ca/|/service-areas/san-luis-obispo-ca/fire-damage-restoration/|/service-areas/san-luis-obispo-ca/mold-remediation/|/service-areas/arroyo-grande-ca/emergency-water-removal/|/service-areas/atascadero-ca/emergency-water-removal/|/contact/,6.30,planned
/service-areas/san-luis-obispo-ca/flood-damage-restoration/,service-area-service,"Flood Damage Restoration in San Luis Obispo, CA | Coastal Restoration Services Inc",Flood Damage Restoration in San Luis Obispo,"Flood damage restoration in San Luis Obispo, CA. IICRC-certified, insurance billing accepted. Call (805) 345-7440.",flood damage restoration san luis obispo,flood cleanup|flood restoration|post-flood restoration|residential flood damage|flood damage repair,local_emergency,,,900,hero|og|inline-1|inline-2,service|local-business|faq|breadcrumb-list,/services/flood-damage-restoration/|/service-areas/san-luis-obispo-ca/|/service-areas/san-luis-obispo-ca/fire-damage-restoration/|/service-areas/san-luis-obispo-ca/mold-remediation/|/service-areas/arroyo-grande-ca/flood-damage-restoration/|/service-areas/atascadero-ca/flood-damage-restoration/|/contact/,6.30,planned
/service-areas/san-luis-obispo-ca/reconstruction/,service-area-service,"Reconstruction Services in San Luis Obispo, CA | Coastal Restoration Services Inc",Reconstruction Services in San Luis Obispo,"Reconstruction services in San Luis Obispo, CA. IICRC-certified, insurance billing accepted. Call (805) 345-7440.",reconstruction services san luis obispo,post-damage reconstruction|rebuild services|structural reconstruction|post-disaster rebuilding|fire damage reconstruction,local_commercial,,,900,hero|og|inline-1|inline-2,service|local-business|faq|breadcrumb-list,/services/reconstruction/|/service-areas/san-luis-obispo-ca/|/service-areas/san-luis-obispo-ca/fire-damage-restoration/|/service-areas/san-luis-obispo-ca/mold-remediation/|/service-areas/arroyo-grande-ca/reconstruction/|/service-areas/atascadero-ca/reconstruction/|/contact/,6.30,planned
/service-areas/san-luis-obispo-ca/sewage-cleanup/,service-area-service,"Sewage Cleanup and Sanitization in San Luis Obispo, CA | Coastal Restoration Services Inc",Sewage Cleanup and Sanitization in San Luis Obispo,"Sewage cleanup and sanitization in San Luis Obispo, CA. IICRC-certified, insurance billing accepted. Call (805) 345-7440.",sewage cleanup and sanitization san luis obispo,sewage backup cleanup|raw sewage removal|septic overflow cleanup|sewer line backup|sanitization services,local_emergency,,,900,hero|og|inline-1|inline-2,service|local-business|faq|breadcrumb-list,/services/sewage-cleanup/|/service-areas/san-luis-obispo-ca/|/service-areas/san-luis-obispo-ca/fire-damage-restoration/|/service-areas/san-luis-obispo-ca/mold-remediation/|/service-areas/arroyo-grande-ca/sewage-cleanup/|/service-areas/atascadero-ca/sewage-cleanup/|/contact/,6.30,planned
/service-areas/san-luis-obispo-ca/smoke-damage-restoration/,service-area-service,"Smoke Damage Restoration in San Luis Obispo, CA | Coastal Restoration Services Inc",Smoke Damage Restoration in San Luis Obispo,"Smoke damage restoration in San Luis Obispo, CA. IICRC-certified, insurance billing accepted. Call (805) 345-7440.",smoke damage restoration san luis obispo,smoke residue cleanup|smoke damage repair|post-fire smoke cleanup|smoke damage restoration services|wildfire smoke cleanup,local_emergency,,,900,hero|og|inline-1|inline-2,service|local-business|faq|breadcrumb-list,/services/smoke-damage-restoration/|/service-areas/san-luis-obispo-ca/|/service-areas/san-luis-obispo-ca/fire-damage-restoration/|/service-areas/san-luis-obispo-ca/mold-remediation/|/service-areas/arroyo-grande-ca/smoke-damage-restoration/|/service-areas/atascadero-ca/smoke-damage-restoration/|/contact/,6.30,planned
/service-areas/san-luis-obispo-ca/storm-damage-restoration/,service-area-service,"Storm Damage Restoration in San Luis Obispo, CA | Coastal Restoration Services Inc",Storm Damage Restoration in San Luis Obispo,"Storm damage restoration in San Luis Obispo, CA. IICRC-certified, insurance billing accepted. Call (805) 345-7440.",storm damage restoration san luis obispo,hurricane damage cleanup|tornado damage cleanup|tree damage cleanup|storm cleanup services|severe weather damage repair,local_emergency,,,900,hero|og|inline-1|inline-2,service|local-business|faq|breadcrumb-list,/services/storm-damage-restoration/|/service-areas/san-luis-obispo-ca/|/service-areas/san-luis-obispo-ca/fire-damage-restoration/|/service-areas/san-luis-obispo-ca/mold-remediation/|/service-areas/arroyo-grande-ca/storm-damage-restoration/|/service-areas/atascadero-ca/storm-damage-restoration/|/contact/,6.30,planned
/service-areas/santa-margarita-ca/commercial-restoration/,service-area-service,"Commercial Restoration in Santa Margarita, CA | Coastal Restoration Services Inc",Commercial Restoration in Santa Margarita,"Commercial restoration in Santa Margarita, CA. IICRC-certified, insurance billing accepted. Call (805) 345-7440.",commercial restoration santa margarita,commercial water damage|commercial fire damage|business restoration|office restoration|retail restoration,local_b2b,,,900,hero|og|inline-1|inline-2,service|local-business|faq|breadcrumb-list,/services/commercial-restoration/|/service-areas/santa-margarita-ca/|/service-areas/santa-margarita-ca/fire-damage-restoration/|/service-areas/santa-margarita-ca/mold-remediation/|/service-areas/arroyo-grande-ca/commercial-restoration/|/service-areas/atascadero-ca/commercial-restoration/|/contact/,6.30,planned
/service-areas/santa-margarita-ca/emergency-plumbing/,service-area-service,"Plumbing in Santa Margarita, CA | Coastal Restoration Services Inc",Plumbing in Santa Margarita,"Plumbing in Santa Margarita, CA. IICRC-certified, insurance billing accepted. Call (805) 345-7440.",emergency plumbing santa margarita,24 hour plumber|burst pipe plumber,local_emergency,,,900,hero|og|inline-1|inline-2,service|local-business|faq|breadcrumb-list,/services/emergency-plumbing/|/service-areas/santa-margarita-ca/|/service-areas/santa-margarita-ca/fire-damage-restoration/|/service-areas/santa-margarita-ca/mold-remediation/|/service-areas/arroyo-grande-ca/emergency-plumbing/|/service-areas/atascadero-ca/emergency-plumbing/|/contact/,6.30,planned
/service-areas/santa-margarita-ca/emergency-water-removal/,service-area-service,"Water Removal & Cleanup in Santa Margarita, CA | Coastal Restoration Services Inc",Water Removal & Cleanup in Santa Margarita,"Water removal & cleanup in Santa Margarita, CA. IICRC-certified, insurance billing accepted. Call (805) 345-7440.",emergency water removal & cleanup santa margarita,water extraction|water removal|water cleanup|standing water removal,local_emergency,,,900,hero|og|inline-1|inline-2,service|local-business|faq|breadcrumb-list,/services/emergency-water-removal/|/service-areas/santa-margarita-ca/|/service-areas/santa-margarita-ca/fire-damage-restoration/|/service-areas/santa-margarita-ca/mold-remediation/|/service-areas/arroyo-grande-ca/emergency-water-removal/|/service-areas/atascadero-ca/emergency-water-removal/|/contact/,6.30,planned
/service-areas/santa-margarita-ca/flood-damage-restoration/,service-area-service,"Flood Damage Restoration in Santa Margarita, CA | Coastal Restoration Services Inc",Flood Damage Restoration in Santa Margarita,"Flood damage restoration in Santa Margarita, CA. IICRC-certified, insurance billing accepted. Call (805) 345-7440.",flood damage restoration santa margarita,flood cleanup|flood restoration|post-flood restoration|residential flood damage|flood damage repair,local_emergency,,,900,hero|og|inline-1|inline-2,service|local-business|faq|breadcrumb-list,/services/flood-damage-restoration/|/service-areas/santa-margarita-ca/|/service-areas/santa-margarita-ca/fire-damage-restoration/|/service-areas/santa-margarita-ca/mold-remediation/|/service-areas/arroyo-grande-ca/flood-damage-restoration/|/service-areas/atascadero-ca/flood-damage-restoration/|/contact/,6.30,planned
/service-areas/santa-margarita-ca/reconstruction/,service-area-service,"Reconstruction Services in Santa Margarita, CA | Coastal Restoration Services Inc",Reconstruction Services in Santa Margarita,"Reconstruction services in Santa Margarita, CA. IICRC-certified, insurance billing accepted. Call (805) 345-7440.",reconstruction services santa margarita,post-damage reconstruction|rebuild services|structural reconstruction|post-disaster rebuilding|fire damage reconstruction,local_commercial,,,900,hero|og|inline-1|inline-2,service|local-business|faq|breadcrumb-list,/services/reconstruction/|/service-areas/santa-margarita-ca/|/service-areas/santa-margarita-ca/fire-damage-restoration/|/service-areas/santa-margarita-ca/mold-remediation/|/service-areas/arroyo-grande-ca/reconstruction/|/service-areas/atascadero-ca/reconstruction/|/contact/,6.30,planned
/service-areas/santa-margarita-ca/sewage-cleanup/,service-area-service,"Sewage Cleanup and Sanitization in Santa Margarita, CA | Coastal Restoration Services Inc",Sewage Cleanup and Sanitization in Santa Margarita,"Sewage cleanup and sanitization in Santa Margarita, CA. IICRC-certified, insurance billing accepted. Call (805) 345-7440.",sewage cleanup and sanitization santa margarita,sewage backup cleanup|raw sewage removal|septic overflow cleanup|sewer line backup|sanitization services,local_emergency,,,900,hero|og|inline-1|inline-2,service|local-business|faq|breadcrumb-list,/services/sewage-cleanup/|/service-areas/santa-margarita-ca/|/service-areas/santa-margarita-ca/fire-damage-restoration/|/service-areas/santa-margarita-ca/mold-remediation/|/service-areas/arroyo-grande-ca/sewage-cleanup/|/service-areas/atascadero-ca/sewage-cleanup/|/contact/,6.30,planned
/service-areas/santa-margarita-ca/smoke-damage-restoration/,service-area-service,"Smoke Damage Restoration in Santa Margarita, CA | Coastal Restoration Services Inc",Smoke Damage Restoration in Santa Margarita,"Smoke damage restoration in Santa Margarita, CA. IICRC-certified, insurance billing accepted. Call (805) 345-7440.",smoke damage restoration santa margarita,smoke residue cleanup|smoke damage repair|post-fire smoke cleanup|smoke damage restoration services|wildfire smoke cleanup,local_emergency,,,900,hero|og|inline-1|inline-2,service|local-business|faq|breadcrumb-list,/services/smoke-damage-restoration/|/service-areas/santa-margarita-ca/|/service-areas/santa-margarita-ca/fire-damage-restoration/|/service-areas/santa-margarita-ca/mold-remediation/|/service-areas/arroyo-grande-ca/smoke-damage-restoration/|/service-areas/atascadero-ca/smoke-damage-restoration/|/contact/,6.30,planned
/service-areas/santa-margarita-ca/storm-damage-restoration/,service-area-service,"Storm Damage Restoration in Santa Margarita, CA | Coastal Restoration Services Inc",Storm Damage Restoration in Santa Margarita,"Storm damage restoration in Santa Margarita, CA. IICRC-certified, insurance billing accepted. Call (805) 345-7440.",storm damage restoration santa margarita,hurricane damage cleanup|tornado damage cleanup|tree damage cleanup|storm cleanup services|severe weather damage repair,local_emergency,,,900,hero|og|inline-1|inline-2,service|local-business|faq|breadcrumb-list,/services/storm-damage-restoration/|/service-areas/santa-margarita-ca/|/service-areas/santa-margarita-ca/fire-damage-restoration/|/service-areas/santa-margarita-ca/mold-remediation/|/service-areas/arroyo-grande-ca/storm-damage-restoration/|/service-areas/atascadero-ca/storm-damage-restoration/|/contact/,6.30,planned
/service-areas/santa-ynez-ca/commercial-restoration/,service-area-service,"Commercial Restoration in Santa Ynez, CA | Coastal Restoration Services Inc",Commercial Restoration in Santa Ynez,"Commercial restoration in Santa Ynez, CA. IICRC-certified, insurance billing accepted. Call (805) 345-7440.",commercial restoration santa ynez,commercial water damage|commercial fire damage|business restoration|office restoration|retail restoration,local_b2b,,,900,hero|og|inline-1|inline-2,service|local-business|faq|breadcrumb-list,/services/commercial-restoration/|/service-areas/santa-ynez-ca/|/service-areas/santa-ynez-ca/fire-damage-restoration/|/service-areas/santa-ynez-ca/mold-remediation/|/service-areas/arroyo-grande-ca/commercial-restoration/|/service-areas/atascadero-ca/commercial-restoration/|/contact/,6.30,planned
/service-areas/santa-ynez-ca/emergency-plumbing/,service-area-service,"Plumbing in Santa Ynez, CA | Coastal Restoration Services Inc",Plumbing in Santa Ynez,"Plumbing in Santa Ynez, CA. IICRC-certified, insurance billing accepted. Call (805) 345-7440.",emergency plumbing santa ynez,24 hour plumber|burst pipe plumber,local_emergency,,,900,hero|og|inline-1|inline-2,service|local-business|faq|breadcrumb-list,/services/emergency-plumbing/|/service-areas/santa-ynez-ca/|/service-areas/santa-ynez-ca/fire-damage-restoration/|/service-areas/santa-ynez-ca/mold-remediation/|/service-areas/arroyo-grande-ca/emergency-plumbing/|/service-areas/atascadero-ca/emergency-plumbing/|/contact/,6.30,planned
/service-areas/santa-ynez-ca/emergency-water-removal/,service-area-service,"Water Removal & Cleanup in Santa Ynez, CA | Coastal Restoration Services Inc",Water Removal & Cleanup in Santa Ynez,"Water removal & cleanup in Santa Ynez, CA. IICRC-certified, insurance billing accepted. Call (805) 345-7440.",emergency water removal & cleanup santa ynez,water extraction|water removal|water cleanup|standing water removal,local_emergency,,,900,hero|og|inline-1|inline-2,service|local-business|faq|breadcrumb-list,/services/emergency-water-removal/|/service-areas/santa-ynez-ca/|/service-areas/santa-ynez-ca/fire-damage-restoration/|/service-areas/santa-ynez-ca/mold-remediation/|/service-areas/arroyo-grande-ca/emergency-water-removal/|/service-areas/atascadero-ca/emergency-water-removal/|/contact/,6.30,planned
/service-areas/santa-ynez-ca/flood-damage-restoration/,service-area-service,"Flood Damage Restoration in Santa Ynez, CA | Coastal Restoration Services Inc",Flood Damage Restoration in Santa Ynez,"Flood damage restoration in Santa Ynez, CA. IICRC-certified, insurance billing accepted. Call (805) 345-7440.",flood damage restoration santa ynez,flood cleanup|flood restoration|post-flood restoration|residential flood damage|flood damage repair,local_emergency,,,900,hero|og|inline-1|inline-2,service|local-business|faq|breadcrumb-list,/services/flood-damage-restoration/|/service-areas/santa-ynez-ca/|/service-areas/santa-ynez-ca/fire-damage-restoration/|/service-areas/santa-ynez-ca/mold-remediation/|/service-areas/arroyo-grande-ca/flood-damage-restoration/|/service-areas/atascadero-ca/flood-damage-restoration/|/contact/,6.30,planned
/service-areas/santa-ynez-ca/reconstruction/,service-area-service,"Reconstruction Services in Santa Ynez, CA | Coastal Restoration Services Inc",Reconstruction Services in Santa Ynez,"Reconstruction services in Santa Ynez, CA. IICRC-certified, insurance billing accepted. Call (805) 345-7440.",reconstruction services santa ynez,post-damage reconstruction|rebuild services|structural reconstruction|post-disaster rebuilding|fire damage reconstruction,local_commercial,,,900,hero|og|inline-1|inline-2,service|local-business|faq|breadcrumb-list,/services/reconstruction/|/service-areas/santa-ynez-ca/|/service-areas/santa-ynez-ca/fire-damage-restoration/|/service-areas/santa-ynez-ca/mold-remediation/|/service-areas/arroyo-grande-ca/reconstruction/|/service-areas/atascadero-ca/reconstruction/|/contact/,6.30,planned
/service-areas/santa-ynez-ca/sewage-cleanup/,service-area-service,"Sewage Cleanup and Sanitization in Santa Ynez, CA | Coastal Restoration Services Inc",Sewage Cleanup and Sanitization in Santa Ynez,"Sewage cleanup and sanitization in Santa Ynez, CA. IICRC-certified, insurance billing accepted. Call (805) 345-7440.",sewage cleanup and sanitization santa ynez,sewage backup cleanup|raw sewage removal|septic overflow cleanup|sewer line backup|sanitization services,local_emergency,,,900,hero|og|inline-1|inline-2,service|local-business|faq|breadcrumb-list,/services/sewage-cleanup/|/service-areas/santa-ynez-ca/|/service-areas/santa-ynez-ca/fire-damage-restoration/|/service-areas/santa-ynez-ca/mold-remediation/|/service-areas/arroyo-grande-ca/sewage-cleanup/|/service-areas/atascadero-ca/sewage-cleanup/|/contact/,6.30,planned
/service-areas/santa-ynez-ca/smoke-damage-restoration/,service-area-service,"Smoke Damage Restoration in Santa Ynez, CA | Coastal Restoration Services Inc",Smoke Damage Restoration in Santa Ynez,"Smoke damage restoration in Santa Ynez, CA. IICRC-certified, insurance billing accepted. Call (805) 345-7440.",smoke damage restoration santa ynez,smoke residue cleanup|smoke damage repair|post-fire smoke cleanup|smoke damage restoration services|wildfire smoke cleanup,local_emergency,,,900,hero|og|inline-1|inline-2,service|local-business|faq|breadcrumb-list,/services/smoke-damage-restoration/|/service-areas/santa-ynez-ca/|/service-areas/santa-ynez-ca/fire-damage-restoration/|/service-areas/santa-ynez-ca/mold-remediation/|/service-areas/arroyo-grande-ca/smoke-damage-restoration/|/service-areas/atascadero-ca/smoke-damage-restoration/|/contact/,6.30,planned
/service-areas/santa-ynez-ca/storm-damage-restoration/,service-area-service,"Storm Damage Restoration in Santa Ynez, CA | Coastal Restoration Services Inc",Storm Damage Restoration in Santa Ynez,"Storm damage restoration in Santa Ynez, CA. IICRC-certified, insurance billing accepted. Call (805) 345-7440.",storm damage restoration santa ynez,hurricane damage cleanup|tornado damage cleanup|tree damage cleanup|storm cleanup services|severe weather damage repair,local_emergency,,,900,hero|og|inline-1|inline-2,service|local-business|faq|breadcrumb-list,/services/storm-damage-restoration/|/service-areas/santa-ynez-ca/|/service-areas/santa-ynez-ca/fire-damage-restoration/|/service-areas/santa-ynez-ca/mold-remediation/|/service-areas/arroyo-grande-ca/storm-damage-restoration/|/service-areas/atascadero-ca/storm-damage-restoration/|/contact/,6.30,planned
/service-areas/solvang-ca/commercial-restoration/,service-area-service,"Commercial Restoration in Solvang, CA | Coastal Restoration Services Inc",Commercial Restoration in Solvang,"Commercial restoration in Solvang, CA. IICRC-certified, insurance billing accepted. Call (805) 345-7440.",commercial restoration solvang,commercial water damage|commercial fire damage|business restoration|office restoration|retail restoration,local_b2b,,,900,hero|og|inline-1|inline-2,service|local-business|faq|breadcrumb-list,/services/commercial-restoration/|/service-areas/solvang-ca/|/service-areas/solvang-ca/fire-damage-restoration/|/service-areas/solvang-ca/mold-remediation/|/service-areas/arroyo-grande-ca/commercial-restoration/|/service-areas/atascadero-ca/commercial-restoration/|/contact/,6.30,planned
/service-areas/solvang-ca/emergency-plumbing/,service-area-service,"Plumbing in Solvang, CA | Coastal Restoration Services Inc",Plumbing in Solvang,"Plumbing in Solvang, CA. IICRC-certified, insurance billing accepted. Call (805) 345-7440.",emergency plumbing solvang,24 hour plumber|burst pipe plumber,local_emergency,,,900,hero|og|inline-1|inline-2,service|local-business|faq|breadcrumb-list,/services/emergency-plumbing/|/service-areas/solvang-ca/|/service-areas/solvang-ca/fire-damage-restoration/|/service-areas/solvang-ca/mold-remediation/|/service-areas/arroyo-grande-ca/emergency-plumbing/|/service-areas/atascadero-ca/emergency-plumbing/|/contact/,6.30,planned
/service-areas/solvang-ca/emergency-water-removal/,service-area-service,"Water Removal & Cleanup in Solvang, CA | Coastal Restoration Services Inc",Water Removal & Cleanup in Solvang,"Water removal & cleanup in Solvang, CA. IICRC-certified, insurance billing accepted. Call (805) 345-7440.",emergency water removal & cleanup solvang,water extraction|water removal|water cleanup|standing water removal,local_emergency,,,900,hero|og|inline-1|inline-2,service|local-business|faq|breadcrumb-list,/services/emergency-water-removal/|/service-areas/solvang-ca/|/service-areas/solvang-ca/fire-damage-restoration/|/service-areas/solvang-ca/mold-remediation/|/service-areas/arroyo-grande-ca/emergency-water-removal/|/service-areas/atascadero-ca/emergency-water-removal/|/contact/,6.30,planned
/service-areas/solvang-ca/flood-damage-restoration/,service-area-service,"Flood Damage Restoration in Solvang, CA | Coastal Restoration Services Inc",Flood Damage Restoration in Solvang,"Flood damage restoration in Solvang, CA. IICRC-certified, insurance billing accepted. Call (805) 345-7440.",flood damage restoration solvang,flood cleanup|flood restoration|post-flood restoration|residential flood damage|flood damage repair,local_emergency,,,900,hero|og|inline-1|inline-2,service|local-business|faq|breadcrumb-list,/services/flood-damage-restoration/|/service-areas/solvang-ca/|/service-areas/solvang-ca/fire-damage-restoration/|/service-areas/solvang-ca/mold-remediation/|/service-areas/arroyo-grande-ca/flood-damage-restoration/|/service-areas/atascadero-ca/flood-damage-restoration/|/contact/,6.30,planned
/service-areas/solvang-ca/reconstruction/,service-area-service,"Reconstruction Services in Solvang, CA | Coastal Restoration Services Inc",Reconstruction Services in Solvang,"Reconstruction services in Solvang, CA. IICRC-certified, insurance billing accepted. Call (805) 345-7440.",reconstruction services solvang,post-damage reconstruction|rebuild services|structural reconstruction|post-disaster rebuilding|fire damage reconstruction,local_commercial,,,900,hero|og|inline-1|inline-2,service|local-business|faq|breadcrumb-list,/services/reconstruction/|/service-areas/solvang-ca/|/service-areas/solvang-ca/fire-damage-restoration/|/service-areas/solvang-ca/mold-remediation/|/service-areas/arroyo-grande-ca/reconstruction/|/service-areas/atascadero-ca/reconstruction/|/contact/,6.30,planned
/service-areas/solvang-ca/sewage-cleanup/,service-area-service,"Sewage Cleanup and Sanitization in Solvang, CA | Coastal Restoration Services Inc",Sewage Cleanup and Sanitization in Solvang,"Sewage cleanup and sanitization in Solvang, CA. IICRC-certified, insurance billing accepted. Call (805) 345-7440.",sewage cleanup and sanitization solvang,sewage backup cleanup|raw sewage removal|septic overflow cleanup|sewer line backup|sanitization services,local_emergency,,,900,hero|og|inline-1|inline-2,service|local-business|faq|breadcrumb-list,/services/sewage-cleanup/|/service-areas/solvang-ca/|/service-areas/solvang-ca/fire-damage-restoration/|/service-areas/solvang-ca/mold-remediation/|/service-areas/arroyo-grande-ca/sewage-cleanup/|/service-areas/atascadero-ca/sewage-cleanup/|/contact/,6.30,planned
/service-areas/solvang-ca/smoke-damage-restoration/,service-area-service,"Smoke Damage Restoration in Solvang, CA | Coastal Restoration Services Inc",Smoke Damage Restoration in Solvang,"Smoke damage restoration in Solvang, CA. IICRC-certified, insurance billing accepted. Call (805) 345-7440.",smoke damage restoration solvang,smoke residue cleanup|smoke damage repair|post-fire smoke cleanup|smoke damage restoration services|wildfire smoke cleanup,local_emergency,,,900,hero|og|inline-1|inline-2,service|local-business|faq|breadcrumb-list,/services/smoke-damage-restoration/|/service-areas/solvang-ca/|/service-areas/solvang-ca/fire-damage-restoration/|/service-areas/solvang-ca/mold-remediation/|/service-areas/arroyo-grande-ca/smoke-damage-restoration/|/service-areas/atascadero-ca/smoke-damage-restoration/|/contact/,6.30,planned
/service-areas/solvang-ca/storm-damage-restoration/,service-area-service,"Storm Damage Restoration in Solvang, CA | Coastal Restoration Services Inc",Storm Damage Restoration in Solvang,"Storm damage restoration in Solvang, CA. IICRC-certified, insurance billing accepted. Call (805) 345-7440.",storm damage restoration solvang,hurricane damage cleanup|tornado damage cleanup|tree damage cleanup|storm cleanup services|severe weather damage repair,local_emergency,,,900,hero|og|inline-1|inline-2,service|local-business|faq|breadcrumb-list,/services/storm-damage-restoration/|/service-areas/solvang-ca/|/service-areas/solvang-ca/fire-damage-restoration/|/service-areas/solvang-ca/mold-remediation/|/service-areas/arroyo-grande-ca/storm-damage-restoration/|/service-areas/atascadero-ca/storm-damage-restoration/|/contact/,6.30,planned
/service-areas/templeton-ca/commercial-restoration/,service-area-service,"Commercial Restoration in Templeton, CA | Coastal Restoration Services Inc",Commercial Restoration in Templeton,"Commercial restoration in Templeton, CA. IICRC-certified, insurance billing accepted. Call (805) 345-7440.",commercial restoration templeton,commercial water damage|commercial fire damage|business restoration|office restoration|retail restoration,local_b2b,,,900,hero|og|inline-1|inline-2,service|local-business|faq|breadcrumb-list,/services/commercial-restoration/|/service-areas/templeton-ca/|/service-areas/templeton-ca/fire-damage-restoration/|/service-areas/templeton-ca/mold-remediation/|/service-areas/arroyo-grande-ca/commercial-restoration/|/service-areas/atascadero-ca/commercial-restoration/|/contact/,6.30,planned
/service-areas/templeton-ca/emergency-plumbing/,service-area-service,"Plumbing in Templeton, CA | Coastal Restoration Services Inc",Plumbing in Templeton,"Plumbing in Templeton, CA. IICRC-certified, insurance billing accepted. Call (805) 345-7440.",emergency plumbing templeton,24 hour plumber|burst pipe plumber,local_emergency,,,900,hero|og|inline-1|inline-2,service|local-business|faq|breadcrumb-list,/services/emergency-plumbing/|/service-areas/templeton-ca/|/service-areas/templeton-ca/fire-damage-restoration/|/service-areas/templeton-ca/mold-remediation/|/service-areas/arroyo-grande-ca/emergency-plumbing/|/service-areas/atascadero-ca/emergency-plumbing/|/contact/,6.30,planned
/service-areas/templeton-ca/emergency-water-removal/,service-area-service,"Water Removal & Cleanup in Templeton, CA | Coastal Restoration Services Inc",Water Removal & Cleanup in Templeton,"Water removal & cleanup in Templeton, CA. IICRC-certified, insurance billing accepted. Call (805) 345-7440.",emergency water removal & cleanup templeton,water extraction|water removal|water cleanup|standing water removal,local_emergency,,,900,hero|og|inline-1|inline-2,service|local-business|faq|breadcrumb-list,/services/emergency-water-removal/|/service-areas/templeton-ca/|/service-areas/templeton-ca/fire-damage-restoration/|/service-areas/templeton-ca/mold-remediation/|/service-areas/arroyo-grande-ca/emergency-water-removal/|/service-areas/atascadero-ca/emergency-water-removal/|/contact/,6.30,planned
/service-areas/templeton-ca/flood-damage-restoration/,service-area-service,"Flood Damage Restoration in Templeton, CA | Coastal Restoration Services Inc",Flood Damage Restoration in Templeton,"Flood damage restoration in Templeton, CA. IICRC-certified, insurance billing accepted. Call (805) 345-7440.",flood damage restoration templeton,flood cleanup|flood restoration|post-flood restoration|residential flood damage|flood damage repair,local_emergency,,,900,hero|og|inline-1|inline-2,service|local-business|faq|breadcrumb-list,/services/flood-damage-restoration/|/service-areas/templeton-ca/|/service-areas/templeton-ca/fire-damage-restoration/|/service-areas/templeton-ca/mold-remediation/|/service-areas/arroyo-grande-ca/flood-damage-restoration/|/service-areas/atascadero-ca/flood-damage-restoration/|/contact/,6.30,planned
/service-areas/templeton-ca/reconstruction/,service-area-service,"Reconstruction Services in Templeton, CA | Coastal Restoration Services Inc",Reconstruction Services in Templeton,"Reconstruction services in Templeton, CA. IICRC-certified, insurance billing accepted. Call (805) 345-7440.",reconstruction services templeton,post-damage reconstruction|rebuild services|structural reconstruction|post-disaster rebuilding|fire damage reconstruction,local_commercial,,,900,hero|og|inline-1|inline-2,service|local-business|faq|breadcrumb-list,/services/reconstruction/|/service-areas/templeton-ca/|/service-areas/templeton-ca/fire-damage-restoration/|/service-areas/templeton-ca/mold-remediation/|/service-areas/arroyo-grande-ca/reconstruction/|/service-areas/atascadero-ca/reconstruction/|/contact/,6.30,planned
/service-areas/templeton-ca/sewage-cleanup/,service-area-service,"Sewage Cleanup and Sanitization in Templeton, CA | Coastal Restoration Services Inc",Sewage Cleanup and Sanitization in Templeton,"Sewage cleanup and sanitization in Templeton, CA. IICRC-certified, insurance billing accepted. Call (805) 345-7440.",sewage cleanup and sanitization templeton,sewage backup cleanup|raw sewage removal|septic overflow cleanup|sewer line backup|sanitization services,local_emergency,,,900,hero|og|inline-1|inline-2,service|local-business|faq|breadcrumb-list,/services/sewage-cleanup/|/service-areas/templeton-ca/|/service-areas/templeton-ca/fire-damage-restoration/|/service-areas/templeton-ca/mold-remediation/|/service-areas/arroyo-grande-ca/sewage-cleanup/|/service-areas/atascadero-ca/sewage-cleanup/|/contact/,6.30,planned
/service-areas/templeton-ca/smoke-damage-restoration/,service-area-service,"Smoke Damage Restoration in Templeton, CA | Coastal Restoration Services Inc",Smoke Damage Restoration in Templeton,"Smoke damage restoration in Templeton, CA. IICRC-certified, insurance billing accepted. Call (805) 345-7440.",smoke damage restoration templeton,smoke residue cleanup|smoke damage repair|post-fire smoke cleanup|smoke damage restoration services|wildfire smoke cleanup,local_emergency,,,900,hero|og|inline-1|inline-2,service|local-business|faq|breadcrumb-list,/services/smoke-damage-restoration/|/service-areas/templeton-ca/|/service-areas/templeton-ca/fire-damage-restoration/|/service-areas/templeton-ca/mold-remediation/|/service-areas/arroyo-grande-ca/smoke-damage-restoration/|/service-areas/atascadero-ca/smoke-damage-restoration/|/contact/,6.30,planned
/service-areas/templeton-ca/storm-damage-restoration/,service-area-service,"Storm Damage Restoration in Templeton, CA | Coastal Restoration Services Inc",Storm Damage Restoration in Templeton,"Storm damage restoration in Templeton, CA. IICRC-certified, insurance billing accepted. Call (805) 345-7440.",storm damage restoration templeton,hurricane damage cleanup|tornado damage cleanup|tree damage cleanup|storm cleanup services|severe weather damage repair,local_emergency,,,900,hero|og|inline-1|inline-2,service|local-business|faq|breadcrumb-list,/services/storm-damage-restoration/|/service-areas/templeton-ca/|/service-areas/templeton-ca/fire-damage-restoration/|/service-areas/templeton-ca/mold-remediation/|/service-areas/arroyo-grande-ca/storm-damage-restoration/|/service-areas/atascadero-ca/storm-damage-restoration/|/contact/,6.30,planned
/service-areas/vandenberg-afb-ca/commercial-restoration/,service-area-service,"Commercial Restoration in Vandenberg AFB, CA | Coastal Restoration Services Inc",Commercial Restoration in Vandenberg AFB,"Commercial restoration in Vandenberg AFB, CA. IICRC-certified, insurance billing accepted. Call (805) 345-7440.",commercial restoration vandenberg afb,commercial water damage|commercial fire damage|business restoration|office restoration|retail restoration,local_b2b,,,900,hero|og|inline-1|inline-2,service|local-business|faq|breadcrumb-list,/services/commercial-restoration/|/service-areas/vandenberg-afb-ca/|/service-areas/vandenberg-afb-ca/fire-damage-restoration/|/service-areas/vandenberg-afb-ca/mold-remediation/|/service-areas/arroyo-grande-ca/commercial-restoration/|/service-areas/atascadero-ca/commercial-restoration/|/contact/,6.30,planned
/service-areas/vandenberg-afb-ca/emergency-plumbing/,service-area-service,"Plumbing in Vandenberg AFB, CA | Coastal Restoration Services Inc",Plumbing in Vandenberg AFB,"Plumbing in Vandenberg AFB, CA. IICRC-certified, insurance billing accepted. Call (805) 345-7440.",emergency plumbing vandenberg afb,24 hour plumber|burst pipe plumber,local_emergency,,,900,hero|og|inline-1|inline-2,service|local-business|faq|breadcrumb-list,/services/emergency-plumbing/|/service-areas/vandenberg-afb-ca/|/service-areas/vandenberg-afb-ca/fire-damage-restoration/|/service-areas/vandenberg-afb-ca/mold-remediation/|/service-areas/arroyo-grande-ca/emergency-plumbing/|/service-areas/atascadero-ca/emergency-plumbing/|/contact/,6.30,planned
/service-areas/vandenberg-afb-ca/emergency-water-removal/,service-area-service,"Water Removal & Cleanup in Vandenberg AFB, CA | Coastal Restoration Services Inc",Water Removal & Cleanup in Vandenberg AFB,"Water removal & cleanup in Vandenberg AFB, CA. IICRC-certified, insurance billing accepted. Call (805) 345-7440.",emergency water removal & cleanup vandenberg afb,water extraction|water removal|water cleanup|standing water removal,local_emergency,,,900,hero|og|inline-1|inline-2,service|local-business|faq|breadcrumb-list,/services/emergency-water-removal/|/service-areas/vandenberg-afb-ca/|/service-areas/vandenberg-afb-ca/fire-damage-restoration/|/service-areas/vandenberg-afb-ca/mold-remediation/|/service-areas/arroyo-grande-ca/emergency-water-removal/|/service-areas/atascadero-ca/emergency-water-removal/|/contact/,6.30,planned
/service-areas/vandenberg-afb-ca/flood-damage-restoration/,service-area-service,"Flood Damage Restoration in Vandenberg AFB, CA | Coastal Restoration Services Inc",Flood Damage Restoration in Vandenberg AFB,"Flood damage restoration in Vandenberg AFB, CA. IICRC-certified, insurance billing accepted. Call (805) 345-7440.",flood damage restoration vandenberg afb,flood cleanup|flood restoration|post-flood restoration|residential flood damage|flood damage repair,local_emergency,,,900,hero|og|inline-1|inline-2,service|local-business|faq|breadcrumb-list,/services/flood-damage-restoration/|/service-areas/vandenberg-afb-ca/|/service-areas/vandenberg-afb-ca/fire-damage-restoration/|/service-areas/vandenberg-afb-ca/mold-remediation/|/service-areas/arroyo-grande-ca/flood-damage-restoration/|/service-areas/atascadero-ca/flood-damage-restoration/|/contact/,6.30,planned
/service-areas/vandenberg-afb-ca/reconstruction/,service-area-service,"Reconstruction Services in Vandenberg AFB, CA | Coastal Restoration Services Inc",Reconstruction Services in Vandenberg AFB,"Reconstruction services in Vandenberg AFB, CA. IICRC-certified, insurance billing accepted. Call (805) 345-7440.",reconstruction services vandenberg afb,post-damage reconstruction|rebuild services|structural reconstruction|post-disaster rebuilding|fire damage reconstruction,local_commercial,,,900,hero|og|inline-1|inline-2,service|local-business|faq|breadcrumb-list,/services/reconstruction/|/service-areas/vandenberg-afb-ca/|/service-areas/vandenberg-afb-ca/fire-damage-restoration/|/service-areas/vandenberg-afb-ca/mold-remediation/|/service-areas/arroyo-grande-ca/reconstruction/|/service-areas/atascadero-ca/reconstruction/|/contact/,6.30,planned
/service-areas/vandenberg-afb-ca/sewage-cleanup/,service-area-service,"Sewage Cleanup and Sanitization in Vandenberg AFB, CA | Coastal Restoration Services Inc",Sewage Cleanup and Sanitization in Vandenberg AFB,"Sewage cleanup and sanitization in Vandenberg AFB, CA. IICRC-certified, insurance billing accepted. Call (805) 345-7440.",sewage cleanup and sanitization vandenberg afb,sewage backup cleanup|raw sewage removal|septic overflow cleanup|sewer line backup|sanitization services,local_emergency,,,900,hero|og|inline-1|inline-2,service|local-business|faq|breadcrumb-list,/services/sewage-cleanup/|/service-areas/vandenberg-afb-ca/|/service-areas/vandenberg-afb-ca/fire-damage-restoration/|/service-areas/vandenberg-afb-ca/mold-remediation/|/service-areas/arroyo-grande-ca/sewage-cleanup/|/service-areas/atascadero-ca/sewage-cleanup/|/contact/,6.30,planned
/service-areas/vandenberg-afb-ca/smoke-damage-restoration/,service-area-service,"Smoke Damage Restoration in Vandenberg AFB, CA | Coastal Restoration Services Inc",Smoke Damage Restoration in Vandenberg AFB,"Smoke damage restoration in Vandenberg AFB, CA. IICRC-certified, insurance billing accepted. Call (805) 345-7440.",smoke damage restoration vandenberg afb,smoke residue cleanup|smoke damage repair|post-fire smoke cleanup|smoke damage restoration services|wildfire smoke cleanup,local_emergency,,,900,hero|og|inline-1|inline-2,service|local-business|faq|breadcrumb-list,/services/smoke-damage-restoration/|/service-areas/vandenberg-afb-ca/|/service-areas/vandenberg-afb-ca/fire-damage-restoration/|/service-areas/vandenberg-afb-ca/mold-remediation/|/service-areas/arroyo-grande-ca/smoke-damage-restoration/|/service-areas/atascadero-ca/smoke-damage-restoration/|/contact/,6.30,planned
/service-areas/vandenberg-afb-ca/storm-damage-restoration/,service-area-service,"Storm Damage Restoration in Vandenberg AFB, CA | Coastal Restoration Services Inc",Storm Damage Restoration in Vandenberg AFB,"Storm damage restoration in Vandenberg AFB, CA. IICRC-certified, insurance billing accepted. Call (805) 345-7440.",storm damage restoration vandenberg afb,hurricane damage cleanup|tornado damage cleanup|tree damage cleanup|storm cleanup services|severe weather damage repair,local_emergency,,,900,hero|og|inline-1|inline-2,service|local-business|faq|breadcrumb-list,/services/storm-damage-restoration/|/service-areas/vandenberg-afb-ca/|/service-areas/vandenberg-afb-ca/fire-damage-restoration/|/service-areas/vandenberg-afb-ca/mold-remediation/|/service-areas/arroyo-grande-ca/storm-damage-restoration/|/service-areas/atascadero-ca/storm-damage-restoration/|/contact/,6.30,planned
/service-areas/vandenberg-village-ca/commercial-restoration/,service-area-service,"Commercial Restoration in Vandenberg Village, CA | Coastal Restoration Services Inc",Commercial Restoration in Vandenberg Village,"Commercial restoration in Vandenberg Village, CA. IICRC-certified, insurance billing accepted. Call (805) 345-7440.",commercial restoration vandenberg village,commercial water damage|commercial fire damage|business restoration|office restoration|retail restoration,local_b2b,,,900,hero|og|inline-1|inline-2,service|local-business|faq|breadcrumb-list,/services/commercial-restoration/|/service-areas/vandenberg-village-ca/|/service-areas/vandenberg-village-ca/fire-damage-restoration/|/service-areas/vandenberg-village-ca/mold-remediation/|/service-areas/arroyo-grande-ca/commercial-restoration/|/service-areas/atascadero-ca/commercial-restoration/|/contact/,6.30,planned
/service-areas/vandenberg-village-ca/emergency-plumbing/,service-area-service,"Plumbing in Vandenberg Village, CA | Coastal Restoration Services Inc",Plumbing in Vandenberg Village,"Plumbing in Vandenberg Village, CA. IICRC-certified, insurance billing accepted. Call (805) 345-7440.",emergency plumbing vandenberg village,24 hour plumber|burst pipe plumber,local_emergency,,,900,hero|og|inline-1|inline-2,service|local-business|faq|breadcrumb-list,/services/emergency-plumbing/|/service-areas/vandenberg-village-ca/|/service-areas/vandenberg-village-ca/fire-damage-restoration/|/service-areas/vandenberg-village-ca/mold-remediation/|/service-areas/arroyo-grande-ca/emergency-plumbing/|/service-areas/atascadero-ca/emergency-plumbing/|/contact/,6.30,planned
/service-areas/vandenberg-village-ca/emergency-water-removal/,service-area-service,"Water Removal & Cleanup in Vandenberg Village, CA | Coastal Restoration Services Inc",Water Removal & Cleanup in Vandenberg Village,"Water removal & cleanup in Vandenberg Village, CA. IICRC-certified, insurance billing accepted. Call (805) 345-7440.",emergency water removal & cleanup vandenberg village,water extraction|water removal|water cleanup|standing water removal,local_emergency,,,900,hero|og|inline-1|inline-2,service|local-business|faq|breadcrumb-list,/services/emergency-water-removal/|/service-areas/vandenberg-village-ca/|/service-areas/vandenberg-village-ca/fire-damage-restoration/|/service-areas/vandenberg-village-ca/mold-remediation/|/service-areas/arroyo-grande-ca/emergency-water-removal/|/service-areas/atascadero-ca/emergency-water-removal/|/contact/,6.30,planned
/service-areas/vandenberg-village-ca/flood-damage-restoration/,service-area-service,"Flood Damage Restoration in Vandenberg Village, CA | Coastal Restoration Services Inc",Flood Damage Restoration in Vandenberg Village,"Flood damage restoration in Vandenberg Village, CA. IICRC-certified, insurance billing accepted. Call (805) 345-7440.",flood damage restoration vandenberg village,flood cleanup|flood restoration|post-flood restoration|residential flood damage|flood damage repair,local_emergency,,,900,hero|og|inline-1|inline-2,service|local-business|faq|breadcrumb-list,/services/flood-damage-restoration/|/service-areas/vandenberg-village-ca/|/service-areas/vandenberg-village-ca/fire-damage-restoration/|/service-areas/vandenberg-village-ca/mold-remediation/|/service-areas/arroyo-grande-ca/flood-damage-restoration/|/service-areas/atascadero-ca/flood-damage-restoration/|/contact/,6.30,planned
/service-areas/vandenberg-village-ca/reconstruction/,service-area-service,"Reconstruction Services in Vandenberg Village, CA | Coastal Restoration Services Inc",Reconstruction Services in Vandenberg Village,"Reconstruction services in Vandenberg Village, CA. IICRC-certified, insurance billing accepted. Call (805) 345-7440.",reconstruction services vandenberg village,post-damage reconstruction|rebuild services|structural reconstruction|post-disaster rebuilding|fire damage reconstruction,local_commercial,,,900,hero|og|inline-1|inline-2,service|local-business|faq|breadcrumb-list,/services/reconstruction/|/service-areas/vandenberg-village-ca/|/service-areas/vandenberg-village-ca/fire-damage-restoration/|/service-areas/vandenberg-village-ca/mold-remediation/|/service-areas/arroyo-grande-ca/reconstruction/|/service-areas/atascadero-ca/reconstruction/|/contact/,6.30,planned
/service-areas/vandenberg-village-ca/sewage-cleanup/,service-area-service,"Sewage Cleanup and Sanitization in Vandenberg Village, CA | Coastal Restoration Services Inc",Sewage Cleanup and Sanitization in Vandenberg Village,"Sewage cleanup and sanitization in Vandenberg Village, CA. IICRC-certified, insurance billing accepted. Call (805) 345-7440.",sewage cleanup and sanitization vandenberg village,sewage backup cleanup|raw sewage removal|septic overflow cleanup|sewer line backup|sanitization services,local_emergency,,,900,hero|og|inline-1|inline-2,service|local-business|faq|breadcrumb-list,/services/sewage-cleanup/|/service-areas/vandenberg-village-ca/|/service-areas/vandenberg-village-ca/fire-damage-restoration/|/service-areas/vandenberg-village-ca/mold-remediation/|/service-areas/arroyo-grande-ca/sewage-cleanup/|/service-areas/atascadero-ca/sewage-cleanup/|/contact/,6.30,planned
/service-areas/vandenberg-village-ca/smoke-damage-restoration/,service-area-service,"Smoke Damage Restoration in Vandenberg Village, CA | Coastal Restoration Services Inc",Smoke Damage Restoration in Vandenberg Village,"Smoke damage restoration in Vandenberg Village, CA. IICRC-certified, insurance billing accepted. Call (805) 345-7440.",smoke damage restoration vandenberg village,smoke residue cleanup|smoke damage repair|post-fire smoke cleanup|smoke damage restoration services|wildfire smoke cleanup,local_emergency,,,900,hero|og|inline-1|inline-2,service|local-business|faq|breadcrumb-list,/services/smoke-damage-restoration/|/service-areas/vandenberg-village-ca/|/service-areas/vandenberg-village-ca/fire-damage-restoration/|/service-areas/vandenberg-village-ca/mold-remediation/|/service-areas/arroyo-grande-ca/smoke-damage-restoration/|/service-areas/atascadero-ca/smoke-damage-restoration/|/contact/,6.30,planned
/service-areas/vandenberg-village-ca/storm-damage-restoration/,service-area-service,"Storm Damage Restoration in Vandenberg Village, CA | Coastal Restoration Services Inc",Storm Damage Restoration in Vandenberg Village,"Storm damage restoration in Vandenberg Village, CA. IICRC-certified, insurance billing accepted. Call (805) 345-7440.",storm damage restoration vandenberg village,hurricane damage cleanup|tornado damage cleanup|tree damage cleanup|storm cleanup services|severe weather damage repair,local_emergency,,,900,hero|og|inline-1|inline-2,service|local-business|faq|breadcrumb-list,/services/storm-damage-restoration/|/service-areas/vandenberg-village-ca/|/service-areas/vandenberg-village-ca/fire-damage-restoration/|/service-areas/vandenberg-village-ca/mold-remediation/|/service-areas/arroyo-grande-ca/storm-damage-restoration/|/service-areas/atascadero-ca/storm-damage-restoration/|/contact/,6.30,planned
/services/emergency-board-up-tarping/,service-landing,Board-Up and Tarping in Santa Maria | Coastal Restoration Services Inc,Board-Up and Tarping in Santa Maria,"Board-up and tarping in Santa Maria and surrounding areas. IICRC-certified, insurance billing accepted. Call (805) 345-7440.",emergency board-up and tarping santa maria,roof tarping|fire damage board up|broken window board up,local_emergency,,,1100,hero|og|inline-1|inline-2,service|local-business|faq|breadcrumb-list,/services/|/contact/|/service-areas/arroyo-grande-ca/emergency-board-up-tarping/|/service-areas/atascadero-ca/emergency-board-up-tarping/|/service-areas/avila-beach-ca/emergency-board-up-tarping/|/service-areas/ballard-ca/emergency-board-up-tarping/|/service-areas/blacklake-ca/emergency-board-up-tarping/|/service-areas/buellton-ca/emergency-board-up-tarping/|/service-areas/callender-ca/emergency-board-up-tarping/|/service-areas/cambria-ca/emergency-board-up-tarping/|/service-areas/edna-ca/emergency-board-up-tarping/|/service-areas/el-paso-de-robles-ca/emergency-board-up-tarping/|/service-areas/grover-beach-ca/emergency-board-up-tarping/|/service-areas/guadalupe-ca/emergency-board-up-tarping/,6.30,planned
/services/industrial-restoration/,service-landing,Industrial Restoration in Santa Maria | Coastal Restoration Services Inc,Industrial Restoration in Santa Maria,"Industrial restoration in Santa Maria and surrounding areas. IICRC-certified, insurance billing accepted. Call (805) 345-7440.",industrial restoration santa maria,industrial water damage|warehouse restoration|manufacturing facility restoration|industrial fire damage|plant restoration services,local_b2b,,,1100,hero|og|inline-1|inline-2,service|local-business|faq|breadcrumb-list,/services/|/contact/|/service-areas/arroyo-grande-ca/industrial-restoration/|/service-areas/atascadero-ca/industrial-restoration/|/service-areas/avila-beach-ca/industrial-restoration/|/service-areas/ballard-ca/industrial-restoration/|/service-areas/blacklake-ca/industrial-restoration/|/service-areas/buellton-ca/industrial-restoration/|/service-areas/callender-ca/industrial-restoration/|/service-areas/cambria-ca/industrial-restoration/|/service-areas/edna-ca/industrial-restoration/|/service-areas/el-paso-de-robles-ca/industrial-restoration/|/service-areas/grover-beach-ca/industrial-restoration/|/service-areas/guadalupe-ca/industrial-restoration/,6.30,planned
/services/odor-removal/,service-landing,Odor Removal and Deodorization in Santa Maria | Coastal Restoration Services Inc,Odor Removal and Deodorization in Santa Maria,"Odor removal and deodorization in Santa Maria and surrounding areas. IICRC-certified, insurance billing accepted. Call (805) 345-7440.",odor removal and deodorization santa maria,smoke odor removal|ozone treatment|hydroxyl deodorization|thermal fogging|professional odor elimination,local_specialty,,,1100,hero|og|inline-1|inline-2,service|local-business|faq|breadcrumb-list,/services/|/contact/|/service-areas/arroyo-grande-ca/odor-removal/|/service-areas/atascadero-ca/odor-removal/|/service-areas/avila-beach-ca/odor-removal/|/service-areas/ballard-ca/odor-removal/|/service-areas/blacklake-ca/odor-removal/|/service-areas/buellton-ca/odor-removal/|/service-areas/callender-ca/odor-removal/|/service-areas/cambria-ca/odor-removal/|/service-areas/edna-ca/odor-removal/|/service-areas/el-paso-de-robles-ca/odor-removal/|/service-areas/grover-beach-ca/odor-removal/|/service-areas/guadalupe-ca/odor-removal/,6.30,planned
/services/water-heater-flood-cleanup/,service-landing,Water Heater Flood Cleanup in Santa Maria | Coastal Restoration Services Inc,Water Heater Flood Cleanup in Santa Maria,"Water heater flood cleanup in Santa Maria and surrounding areas. IICRC-certified, insurance billing accepted. Call (805) 345-7440.",water heater flood cleanup santa maria,water heater leaking|water heater burst|flooded water heater|water heater leak damage,local_emergency,,,1100,hero|og|inline-1|inline-2,service|local-business|faq|breadcrumb-list,/services/|/contact/|/service-areas/arroyo-grande-ca/water-heater-flood-cleanup/|/service-areas/atascadero-ca/water-heater-flood-cleanup/|/service-areas/avila-beach-ca/water-heater-flood-cleanup/|/service-areas/ballard-ca/water-heater-flood-cleanup/|/service-areas/blacklake-ca/water-heater-flood-cleanup/|/service-areas/buellton-ca/water-heater-flood-cleanup/|/service-areas/callender-ca/water-heater-flood-cleanup/|/service-areas/cambria-ca/water-heater-flood-cleanup/|/service-areas/edna-ca/water-heater-flood-cleanup/|/service-areas/el-paso-de-robles-ca/water-heater-flood-cleanup/|/service-areas/grover-beach-ca/water-heater-flood-cleanup/|/service-areas/guadalupe-ca/water-heater-flood-cleanup/,6.30,planned
/services/water-leak-detection/,service-landing,Water Leak Detection in Santa Maria | Coastal Restoration Services Inc,Water Leak Detection in Santa Maria,"Water leak detection in Santa Maria and surrounding areas. IICRC-certified, insurance billing accepted. Call (805) 345-7440.",water leak detection santa maria,leak detection|hidden water leak|slab leak detection|water leak in wall|leak detection service,local_emergency,,,1100,hero|og|inline-1|inline-2,service|local-business|faq|breadcrumb-list,/services/|/contact/|/service-areas/arroyo-grande-ca/water-leak-detection/|/service-areas/atascadero-ca/water-leak-detection/|/service-areas/avila-beach-ca/water-leak-detection/|/service-areas/ballard-ca/water-leak-detection/|/service-areas/blacklake-ca/water-leak-detection/|/service-areas/buellton-ca/water-leak-detection/|/service-areas/callender-ca/water-leak-detection/|/service-areas/cambria-ca/water-leak-detection/|/service-areas/edna-ca/water-leak-detection/|/service-areas/el-paso-de-robles-ca/water-leak-detection/|/service-areas/grover-beach-ca/water-leak-detection/|/service-areas/guadalupe-ca/water-leak-detection/,6.30,planned
/blog/burst-pipe-emergency-checklist/,blog-post,Burst Pipe Checklist: Step-by-Step Response,Burst Pipe Checklist: Step-by-Step Response,,burst pipe checklist stepbystep response,water damage restoration|appliance leak cleanup,informational_emergency,,,1400,hero|og|inline-1|inline-2,blog-posting|faq|breadcrumb-list,/blog/|/services/water-damage-restoration/|/blog/what-to-do-first-24-hours-water-damage/|/blog/choosing-a-restoration-company/|/blog/does-homeowners-insurance-cover-water-damage/,6.00,planned
/blog/what-to-do-first-24-hours-water-damage/,blog-post,What To Do in the First 24 Hours After Water Damage,What To Do in the First 24 Hours After Water Damage,,what to do in the first 24 hours after water damage,water damage restoration,informational_emergency,,,1400,hero|og|inline-1|inline-2,blog-posting|faq|breadcrumb-list,/blog/|/services/water-damage-restoration/|/blog/burst-pipe-emergency-checklist/|/blog/choosing-a-restoration-company/|/blog/does-homeowners-insurance-cover-water-damage/,6.00,planned
/service-areas/arroyo-grande-ca/basement-flooding-cleanup/,service-area-service,"Basement Flooding Cleanup in Arroyo Grande, CA | Coastal Restoration Services Inc",Basement Flooding Cleanup in Arroyo Grande,"Basement flooding cleanup in Arroyo Grande, CA. IICRC-certified, insurance billing accepted. Call (805) 345-7440.",basement flooding cleanup arroyo grande,flooded basement cleanup|basement water removal|wet basement restoration|basement water damage|basement drying,local_emergency,,,900,hero|og|inline-1|inline-2,service|local-business|faq|breadcrumb-list,/services/basement-flooding-cleanup/|/service-areas/arroyo-grande-ca/|/service-areas/arroyo-grande-ca/fire-damage-restoration/|/service-areas/arroyo-grande-ca/mold-remediation/|/service-areas/atascadero-ca/basement-flooding-cleanup/|/service-areas/avila-beach-ca/basement-flooding-cleanup/|/contact/,5.60,planned
/service-areas/arroyo-grande-ca/biohazard-cleanup/,service-area-service,"Biohazard Cleanup in Arroyo Grande, CA | Coastal Restoration Services Inc",Biohazard Cleanup in Arroyo Grande,"Biohazard cleanup in Arroyo Grande, CA. IICRC-certified, insurance billing accepted. Call (805) 345-7440.",biohazard cleanup arroyo grande,biohazard remediation|blood cleanup|bodily fluid cleanup|sharps and needle cleanup|infectious material cleanup,local_sensitive,,,900,hero|og|inline-1|inline-2,service|local-business|faq|breadcrumb-list,/services/biohazard-cleanup/|/service-areas/arroyo-grande-ca/|/service-areas/arroyo-grande-ca/fire-damage-restoration/|/service-areas/arroyo-grande-ca/mold-remediation/|/service-areas/atascadero-ca/biohazard-cleanup/|/service-areas/avila-beach-ca/biohazard-cleanup/|/contact/,5.60,planned
/service-areas/arroyo-grande-ca/burst-pipe-repair/,service-area-service,"Burst Pipe Cleanup and Repair in Arroyo Grande, CA | Coastal Restoration Services Inc",Burst Pipe Cleanup and Repair in Arroyo Grande,"Burst pipe cleanup and repair in Arroyo Grande, CA. IICRC-certified, insurance billing accepted. Call (805) 345-7440.",burst pipe cleanup and repair arroyo grande,burst pipe cleanup|pipe break water damage|water line break,local_emergency,,,900,hero|og|inline-1|inline-2,service|local-business|faq|breadcrumb-list,/services/burst-pipe-repair/|/service-areas/arroyo-grande-ca/|/service-areas/arroyo-grande-ca/fire-damage-restoration/|/service-areas/arroyo-grande-ca/mold-remediation/|/service-areas/atascadero-ca/burst-pipe-repair/|/service-areas/avila-beach-ca/burst-pipe-repair/|/contact/,5.60,planned
/service-areas/arroyo-grande-ca/ceiling-water-damage-repair/,service-area-service,"Ceiling Water Damage Repair in Arroyo Grande, CA | Coastal Restoration Services Inc",Ceiling Water Damage Repair in Arroyo Grande,"Ceiling water damage repair in Arroyo Grande, CA. IICRC-certified, insurance billing accepted. Call (805) 345-7440.",ceiling water damage repair arroyo grande,ceiling leaking|water coming through ceiling|ceiling leak repair|sagging ceiling water damage|water stain ceiling,local_emergency,,,900,hero|og|inline-1|inline-2,service|local-business|faq|breadcrumb-list,/services/ceiling-water-damage-repair/|/service-areas/arroyo-grande-ca/|/service-areas/arroyo-grande-ca/fire-damage-restoration/|/service-areas/arroyo-grande-ca/mold-remediation/|/service-areas/atascadero-ca/ceiling-water-damage-repair/|/service-areas/avila-beach-ca/ceiling-water-damage-repair/|/contact/,5.60,planned
/service-areas/arroyo-grande-ca/general-contracting/,service-area-service,"Renovations, Remodels and General Contracting in Arroyo Grande, CA | Coastal Restoration Services Inc","Renovations, Remodels and General Contracting in Arroyo Grande","Renovations, remodels and general contracting in Arroyo Grande, CA. IICRC-certified, insurance billing accepted. Call (805) 345-7440.","renovations, remodels and general contracting arroyo grande",general contractor|home renovation services|home remodeling|kitchen remodel|bathroom remodel|post-damage rebuild,local_commercial,,,900,hero|og|inline-1|inline-2,service|local-business|faq|breadcrumb-list,/services/general-contracting/|/service-areas/arroyo-grande-ca/|/service-areas/arroyo-grande-ca/fire-damage-restoration/|/service-areas/arroyo-grande-ca/mold-remediation/|/service-areas/atascadero-ca/general-contracting/|/service-areas/avila-beach-ca/general-contracting/|/contact/,5.60,planned
/service-areas/arroyo-grande-ca/large-loss-response/,service-area-service,"Large Loss and Catastrophic Response in Arroyo Grande, CA | Coastal Restoration Services Inc",Large Loss and Catastrophic Response in Arroyo Grande,"Large loss and catastrophic response in Arroyo Grande, CA. IICRC-certified, insurance billing accepted. Call (805) 345-7440.",large loss and catastrophic response arroyo grande,large loss restoration|catastrophic loss response|commercial catastrophic restoration|multi-million dollar restoration|large loss adjusters,local_b2b,,,900,hero|og|inline-1|inline-2,service|local-business|faq|breadcrumb-list,/services/large-loss-response/|/service-areas/arroyo-grande-ca/|/service-areas/arroyo-grande-ca/fire-damage-restoration/|/service-areas/arroyo-grande-ca/mold-remediation/|/service-areas/atascadero-ca/large-loss-response/|/service-areas/avila-beach-ca/large-loss-response/|/contact/,5.60,planned
/service-areas/arroyo-grande-ca/mold-inspection-testing/,service-area-service,"Mold Inspection and Testing in Arroyo Grande, CA | Coastal Restoration Services Inc",Mold Inspection and Testing in Arroyo Grande,"Mold inspection and testing in Arroyo Grande, CA. IICRC-certified, insurance billing accepted. Call (805) 345-7440.",mold inspection and testing arroyo grande,mold inspection|mold testing|indoor air quality testing|mold spore testing|mold assessment,local_health,,,900,hero|og|inline-1|inline-2,service|local-business|faq|breadcrumb-list,/services/mold-inspection-testing/|/service-areas/arroyo-grande-ca/|/service-areas/arroyo-grande-ca/fire-damage-restoration/|/service-areas/arroyo-grande-ca/mold-remediation/|/service-areas/atascadero-ca/mold-inspection-testing/|/service-areas/avila-beach-ca/mold-inspection-testing/|/contact/,5.60,planned
/service-areas/atascadero-ca/basement-flooding-cleanup/,service-area-service,"Basement Flooding Cleanup in Atascadero, CA | Coastal Restoration Services Inc",Basement Flooding Cleanup in Atascadero,"Basement flooding cleanup in Atascadero, CA. IICRC-certified, insurance billing accepted. Call (805) 345-7440.",basement flooding cleanup atascadero,flooded basement cleanup|basement water removal|wet basement restoration|basement water damage|basement drying,local_emergency,,,900,hero|og|inline-1|inline-2,service|local-business|faq|breadcrumb-list,/services/basement-flooding-cleanup/|/service-areas/atascadero-ca/|/service-areas/atascadero-ca/fire-damage-restoration/|/service-areas/atascadero-ca/mold-remediation/|/service-areas/arroyo-grande-ca/basement-flooding-cleanup/|/service-areas/avila-beach-ca/basement-flooding-cleanup/|/contact/,5.60,planned
/service-areas/atascadero-ca/biohazard-cleanup/,service-area-service,"Biohazard Cleanup in Atascadero, CA | Coastal Restoration Services Inc",Biohazard Cleanup in Atascadero,"Biohazard cleanup in Atascadero, CA. IICRC-certified, insurance billing accepted. Call (805) 345-7440.",biohazard cleanup atascadero,biohazard remediation|blood cleanup|bodily fluid cleanup|sharps and needle cleanup|infectious material cleanup,local_sensitive,,,900,hero|og|inline-1|inline-2,service|local-business|faq|breadcrumb-list,/services/biohazard-cleanup/|/service-areas/atascadero-ca/|/service-areas/atascadero-ca/fire-damage-restoration/|/service-areas/atascadero-ca/mold-remediation/|/service-areas/arroyo-grande-ca/biohazard-cleanup/|/service-areas/avila-beach-ca/biohazard-cleanup/|/contact/,5.60,planned
/service-areas/atascadero-ca/burst-pipe-repair/,service-area-service,"Burst Pipe Cleanup and Repair in Atascadero, CA | Coastal Restoration Services Inc",Burst Pipe Cleanup and Repair in Atascadero,"Burst pipe cleanup and repair in Atascadero, CA. IICRC-certified, insurance billing accepted. Call (805) 345-7440.",burst pipe cleanup and repair atascadero,burst pipe cleanup|pipe break water damage|water line break,local_emergency,,,900,hero|og|inline-1|inline-2,service|local-business|faq|breadcrumb-list,/services/burst-pipe-repair/|/service-areas/atascadero-ca/|/service-areas/atascadero-ca/fire-damage-restoration/|/service-areas/atascadero-ca/mold-remediation/|/service-areas/arroyo-grande-ca/burst-pipe-repair/|/service-areas/avila-beach-ca/burst-pipe-repair/|/contact/,5.60,planned
/service-areas/atascadero-ca/ceiling-water-damage-repair/,service-area-service,"Ceiling Water Damage Repair in Atascadero, CA | Coastal Restoration Services Inc",Ceiling Water Damage Repair in Atascadero,"Ceiling water damage repair in Atascadero, CA. IICRC-certified, insurance billing accepted. Call (805) 345-7440.",ceiling water damage repair atascadero,ceiling leaking|water coming through ceiling|ceiling leak repair|sagging ceiling water damage|water stain ceiling,local_emergency,,,900,hero|og|inline-1|inline-2,service|local-business|faq|breadcrumb-list,/services/ceiling-water-damage-repair/|/service-areas/atascadero-ca/|/service-areas/atascadero-ca/fire-damage-restoration/|/service-areas/atascadero-ca/mold-remediation/|/service-areas/arroyo-grande-ca/ceiling-water-damage-repair/|/service-areas/avila-beach-ca/ceiling-water-damage-repair/|/contact/,5.60,planned
/service-areas/atascadero-ca/general-contracting/,service-area-service,"Renovations, Remodels and General Contracting in Atascadero, CA | Coastal Restoration Services Inc","Renovations, Remodels and General Contracting in Atascadero","Renovations, remodels and general contracting in Atascadero, CA. IICRC-certified, insurance billing accepted. Call (805) 345-7440.","renovations, remodels and general contracting atascadero",general contractor|home renovation services|home remodeling|kitchen remodel|bathroom remodel|post-damage rebuild,local_commercial,,,900,hero|og|inline-1|inline-2,service|local-business|faq|breadcrumb-list,/services/general-contracting/|/service-areas/atascadero-ca/|/service-areas/atascadero-ca/fire-damage-restoration/|/service-areas/atascadero-ca/mold-remediation/|/service-areas/arroyo-grande-ca/general-contracting/|/service-areas/avila-beach-ca/general-contracting/|/contact/,5.60,planned
/service-areas/atascadero-ca/large-loss-response/,service-area-service,"Large Loss and Catastrophic Response in Atascadero, CA | Coastal Restoration Services Inc",Large Loss and Catastrophic Response in Atascadero,"Large loss and catastrophic response in Atascadero, CA. IICRC-certified, insurance billing accepted. Call (805) 345-7440.",large loss and catastrophic response atascadero,large loss restoration|catastrophic loss response|commercial catastrophic restoration|multi-million dollar restoration|large loss adjusters,local_b2b,,,900,hero|og|inline-1|inline-2,service|local-business|faq|breadcrumb-list,/services/large-loss-response/|/service-areas/atascadero-ca/|/service-areas/atascadero-ca/fire-damage-restoration/|/service-areas/atascadero-ca/mold-remediation/|/service-areas/arroyo-grande-ca/large-loss-response/|/service-areas/avila-beach-ca/large-loss-response/|/contact/,5.60,planned
/service-areas/atascadero-ca/mold-inspection-testing/,service-area-service,"Mold Inspection and Testing in Atascadero, CA | Coastal Restoration Services Inc",Mold Inspection and Testing in Atascadero,"Mold inspection and testing in Atascadero, CA. IICRC-certified, insurance billing accepted. Call (805) 345-7440.",mold inspection and testing atascadero,mold inspection|mold testing|indoor air quality testing|mold spore testing|mold assessment,local_health,,,900,hero|og|inline-1|inline-2,service|local-business|faq|breadcrumb-list,/services/mold-inspection-testing/|/service-areas/atascadero-ca/|/service-areas/atascadero-ca/fire-damage-restoration/|/service-areas/atascadero-ca/mold-remediation/|/service-areas/arroyo-grande-ca/mold-inspection-testing/|/service-areas/avila-beach-ca/mold-inspection-testing/|/contact/,5.60,planned
/service-areas/avila-beach-ca/basement-flooding-cleanup/,service-area-service,"Basement Flooding Cleanup in Avila Beach, CA | Coastal Restoration Services Inc",Basement Flooding Cleanup in Avila Beach,"Basement flooding cleanup in Avila Beach, CA. IICRC-certified, insurance billing accepted. Call (805) 345-7440.",basement flooding cleanup avila beach,flooded basement cleanup|basement water removal|wet basement restoration|basement water damage|basement drying,local_emergency,,,900,hero|og|inline-1|inline-2,service|local-business|faq|breadcrumb-list,/services/basement-flooding-cleanup/|/service-areas/avila-beach-ca/|/service-areas/avila-beach-ca/fire-damage-restoration/|/service-areas/avila-beach-ca/mold-remediation/|/service-areas/arroyo-grande-ca/basement-flooding-cleanup/|/service-areas/atascadero-ca/basement-flooding-cleanup/|/contact/,5.60,planned
/service-areas/avila-beach-ca/biohazard-cleanup/,service-area-service,"Biohazard Cleanup in Avila Beach, CA | Coastal Restoration Services Inc",Biohazard Cleanup in Avila Beach,"Biohazard cleanup in Avila Beach, CA. IICRC-certified, insurance billing accepted. Call (805) 345-7440.",biohazard cleanup avila beach,biohazard remediation|blood cleanup|bodily fluid cleanup|sharps and needle cleanup|infectious material cleanup,local_sensitive,,,900,hero|og|inline-1|inline-2,service|local-business|faq|breadcrumb-list,/services/biohazard-cleanup/|/service-areas/avila-beach-ca/|/service-areas/avila-beach-ca/fire-damage-restoration/|/service-areas/avila-beach-ca/mold-remediation/|/service-areas/arroyo-grande-ca/biohazard-cleanup/|/service-areas/atascadero-ca/biohazard-cleanup/|/contact/,5.60,planned
/service-areas/avila-beach-ca/burst-pipe-repair/,service-area-service,"Burst Pipe Cleanup and Repair in Avila Beach, CA | Coastal Restoration Services Inc",Burst Pipe Cleanup and Repair in Avila Beach,"Burst pipe cleanup and repair in Avila Beach, CA. IICRC-certified, insurance billing accepted. Call (805) 345-7440.",burst pipe cleanup and repair avila beach,burst pipe cleanup|pipe break water damage|water line break,local_emergency,,,900,hero|og|inline-1|inline-2,service|local-business|faq|breadcrumb-list,/services/burst-pipe-repair/|/service-areas/avila-beach-ca/|/service-areas/avila-beach-ca/fire-damage-restoration/|/service-areas/avila-beach-ca/mold-remediation/|/service-areas/arroyo-grande-ca/burst-pipe-repair/|/service-areas/atascadero-ca/burst-pipe-repair/|/contact/,5.60,planned
/service-areas/avila-beach-ca/ceiling-water-damage-repair/,service-area-service,"Ceiling Water Damage Repair in Avila Beach, CA | Coastal Restoration Services Inc",Ceiling Water Damage Repair in Avila Beach,"Ceiling water damage repair in Avila Beach, CA. IICRC-certified, insurance billing accepted. Call (805) 345-7440.",ceiling water damage repair avila beach,ceiling leaking|water coming through ceiling|ceiling leak repair|sagging ceiling water damage|water stain ceiling,local_emergency,,,900,hero|og|inline-1|inline-2,service|local-business|faq|breadcrumb-list,/services/ceiling-water-damage-repair/|/service-areas/avila-beach-ca/|/service-areas/avila-beach-ca/fire-damage-restoration/|/service-areas/avila-beach-ca/mold-remediation/|/service-areas/arroyo-grande-ca/ceiling-water-damage-repair/|/service-areas/atascadero-ca/ceiling-water-damage-repair/|/contact/,5.60,planned
/service-areas/avila-beach-ca/general-contracting/,service-area-service,"Renovations, Remodels and General Contracting in Avila Beach, CA | Coastal Restoration Services Inc","Renovations, Remodels and General Contracting in Avila Beach","Renovations, remodels and general contracting in Avila Beach, CA. IICRC-certified, insurance billing accepted. Call (805) 345-7440.","renovations, remodels and general contracting avila beach",general contractor|home renovation services|home remodeling|kitchen remodel|bathroom remodel|post-damage rebuild,local_commercial,,,900,hero|og|inline-1|inline-2,service|local-business|faq|breadcrumb-list,/services/general-contracting/|/service-areas/avila-beach-ca/|/service-areas/avila-beach-ca/fire-damage-restoration/|/service-areas/avila-beach-ca/mold-remediation/|/service-areas/arroyo-grande-ca/general-contracting/|/service-areas/atascadero-ca/general-contracting/|/contact/,5.60,planned
/service-areas/avila-beach-ca/large-loss-response/,service-area-service,"Large Loss and Catastrophic Response in Avila Beach, CA | Coastal Restoration Services Inc",Large Loss and Catastrophic Response in Avila Beach,"Large loss and catastrophic response in Avila Beach, CA. IICRC-certified, insurance billing accepted. Call (805) 345-7440.",large loss and catastrophic response avila beach,large loss restoration|catastrophic loss response|commercial catastrophic restoration|multi-million dollar restoration|large loss adjusters,local_b2b,,,900,hero|og|inline-1|inline-2,service|local-business|faq|breadcrumb-list,/services/large-loss-response/|/service-areas/avila-beach-ca/|/service-areas/avila-beach-ca/fire-damage-restoration/|/service-areas/avila-beach-ca/mold-remediation/|/service-areas/arroyo-grande-ca/large-loss-response/|/service-areas/atascadero-ca/large-loss-response/|/contact/,5.60,planned
/service-areas/avila-beach-ca/mold-inspection-testing/,service-area-service,"Mold Inspection and Testing in Avila Beach, CA | Coastal Restoration Services Inc",Mold Inspection and Testing in Avila Beach,"Mold inspection and testing in Avila Beach, CA. IICRC-certified, insurance billing accepted. Call (805) 345-7440.",mold inspection and testing avila beach,mold inspection|mold testing|indoor air quality testing|mold spore testing|mold assessment,local_health,,,900,hero|og|inline-1|inline-2,service|local-business|faq|breadcrumb-list,/services/mold-inspection-testing/|/service-areas/avila-beach-ca/|/service-areas/avila-beach-ca/fire-damage-restoration/|/service-areas/avila-beach-ca/mold-remediation/|/service-areas/arroyo-grande-ca/mold-inspection-testing/|/service-areas/atascadero-ca/mold-inspection-testing/|/contact/,5.60,planned
/service-areas/ballard-ca/basement-flooding-cleanup/,service-area-service,"Basement Flooding Cleanup in Ballard, CA | Coastal Restoration Services Inc",Basement Flooding Cleanup in Ballard,"Basement flooding cleanup in Ballard, CA. IICRC-certified, insurance billing accepted. Call (805) 345-7440.",basement flooding cleanup ballard,flooded basement cleanup|basement water removal|wet basement restoration|basement water damage|basement drying,local_emergency,,,900,hero|og|inline-1|inline-2,service|local-business|faq|breadcrumb-list,/services/basement-flooding-cleanup/|/service-areas/ballard-ca/|/service-areas/ballard-ca/fire-damage-restoration/|/service-areas/ballard-ca/mold-remediation/|/service-areas/arroyo-grande-ca/basement-flooding-cleanup/|/service-areas/atascadero-ca/basement-flooding-cleanup/|/contact/,5.60,planned
/service-areas/ballard-ca/biohazard-cleanup/,service-area-service,"Biohazard Cleanup in Ballard, CA | Coastal Restoration Services Inc",Biohazard Cleanup in Ballard,"Biohazard cleanup in Ballard, CA. IICRC-certified, insurance billing accepted. Call (805) 345-7440.",biohazard cleanup ballard,biohazard remediation|blood cleanup|bodily fluid cleanup|sharps and needle cleanup|infectious material cleanup,local_sensitive,,,900,hero|og|inline-1|inline-2,service|local-business|faq|breadcrumb-list,/services/biohazard-cleanup/|/service-areas/ballard-ca/|/service-areas/ballard-ca/fire-damage-restoration/|/service-areas/ballard-ca/mold-remediation/|/service-areas/arroyo-grande-ca/biohazard-cleanup/|/service-areas/atascadero-ca/biohazard-cleanup/|/contact/,5.60,planned
/service-areas/ballard-ca/burst-pipe-repair/,service-area-service,"Burst Pipe Cleanup and Repair in Ballard, CA | Coastal Restoration Services Inc",Burst Pipe Cleanup and Repair in Ballard,"Burst pipe cleanup and repair in Ballard, CA. IICRC-certified, insurance billing accepted. Call (805) 345-7440.",burst pipe cleanup and repair ballard,burst pipe cleanup|pipe break water damage|water line break,local_emergency,,,900,hero|og|inline-1|inline-2,service|local-business|faq|breadcrumb-list,/services/burst-pipe-repair/|/service-areas/ballard-ca/|/service-areas/ballard-ca/fire-damage-restoration/|/service-areas/ballard-ca/mold-remediation/|/service-areas/arroyo-grande-ca/burst-pipe-repair/|/service-areas/atascadero-ca/burst-pipe-repair/|/contact/,5.60,planned
/service-areas/ballard-ca/ceiling-water-damage-repair/,service-area-service,"Ceiling Water Damage Repair in Ballard, CA | Coastal Restoration Services Inc",Ceiling Water Damage Repair in Ballard,"Ceiling water damage repair in Ballard, CA. IICRC-certified, insurance billing accepted. Call (805) 345-7440.",ceiling water damage repair ballard,ceiling leaking|water coming through ceiling|ceiling leak repair|sagging ceiling water damage|water stain ceiling,local_emergency,,,900,hero|og|inline-1|inline-2,service|local-business|faq|breadcrumb-list,/services/ceiling-water-damage-repair/|/service-areas/ballard-ca/|/service-areas/ballard-ca/fire-damage-restoration/|/service-areas/ballard-ca/mold-remediation/|/service-areas/arroyo-grande-ca/ceiling-water-damage-repair/|/service-areas/atascadero-ca/ceiling-water-damage-repair/|/contact/,5.60,planned
/service-areas/ballard-ca/general-contracting/,service-area-service,"Renovations, Remodels and General Contracting in Ballard, CA | Coastal Restoration Services Inc","Renovations, Remodels and General Contracting in Ballard","Renovations, remodels and general contracting in Ballard, CA. IICRC-certified, insurance billing accepted. Call (805) 345-7440.","renovations, remodels and general contracting ballard",general contractor|home renovation services|home remodeling|kitchen remodel|bathroom remodel|post-damage rebuild,local_commercial,,,900,hero|og|inline-1|inline-2,service|local-business|faq|breadcrumb-list,/services/general-contracting/|/service-areas/ballard-ca/|/service-areas/ballard-ca/fire-damage-restoration/|/service-areas/ballard-ca/mold-remediation/|/service-areas/arroyo-grande-ca/general-contracting/|/service-areas/atascadero-ca/general-contracting/|/contact/,5.60,planned
/service-areas/ballard-ca/large-loss-response/,service-area-service,"Large Loss and Catastrophic Response in Ballard, CA | Coastal Restoration Services Inc",Large Loss and Catastrophic Response in Ballard,"Large loss and catastrophic response in Ballard, CA. IICRC-certified, insurance billing accepted. Call (805) 345-7440.",large loss and catastrophic response ballard,large loss restoration|catastrophic loss response|commercial catastrophic restoration|multi-million dollar restoration|large loss adjusters,local_b2b,,,900,hero|og|inline-1|inline-2,service|local-business|faq|breadcrumb-list,/services/large-loss-response/|/service-areas/ballard-ca/|/service-areas/ballard-ca/fire-damage-restoration/|/service-areas/ballard-ca/mold-remediation/|/service-areas/arroyo-grande-ca/large-loss-response/|/service-areas/atascadero-ca/large-loss-response/|/contact/,5.60,planned
/service-areas/ballard-ca/mold-inspection-testing/,service-area-service,"Mold Inspection and Testing in Ballard, CA | Coastal Restoration Services Inc",Mold Inspection and Testing in Ballard,"Mold inspection and testing in Ballard, CA. IICRC-certified, insurance billing accepted. Call (805) 345-7440.",mold inspection and testing ballard,mold inspection|mold testing|indoor air quality testing|mold spore testing|mold assessment,local_health,,,900,hero|og|inline-1|inline-2,service|local-business|faq|breadcrumb-list,/services/mold-inspection-testing/|/service-areas/ballard-ca/|/service-areas/ballard-ca/fire-damage-restoration/|/service-areas/ballard-ca/mold-remediation/|/service-areas/arroyo-grande-ca/mold-inspection-testing/|/service-areas/atascadero-ca/mold-inspection-testing/|/contact/,5.60,planned
/service-areas/blacklake-ca/basement-flooding-cleanup/,service-area-service,"Basement Flooding Cleanup in Blacklake, CA | Coastal Restoration Services Inc",Basement Flooding Cleanup in Blacklake,"Basement flooding cleanup in Blacklake, CA. IICRC-certified, insurance billing accepted. Call (805) 345-7440.",basement flooding cleanup blacklake,flooded basement cleanup|basement water removal|wet basement restoration|basement water damage|basement drying,local_emergency,,,900,hero|og|inline-1|inline-2,service|local-business|faq|breadcrumb-list,/services/basement-flooding-cleanup/|/service-areas/blacklake-ca/|/service-areas/blacklake-ca/fire-damage-restoration/|/service-areas/blacklake-ca/mold-remediation/|/service-areas/arroyo-grande-ca/basement-flooding-cleanup/|/service-areas/atascadero-ca/basement-flooding-cleanup/|/contact/,5.60,planned
/service-areas/blacklake-ca/biohazard-cleanup/,service-area-service,"Biohazard Cleanup in Blacklake, CA | Coastal Restoration Services Inc",Biohazard Cleanup in Blacklake,"Biohazard cleanup in Blacklake, CA. IICRC-certified, insurance billing accepted. Call (805) 345-7440.",biohazard cleanup blacklake,biohazard remediation|blood cleanup|bodily fluid cleanup|sharps and needle cleanup|infectious material cleanup,local_sensitive,,,900,hero|og|inline-1|inline-2,service|local-business|faq|breadcrumb-list,/services/biohazard-cleanup/|/service-areas/blacklake-ca/|/service-areas/blacklake-ca/fire-damage-restoration/|/service-areas/blacklake-ca/mold-remediation/|/service-areas/arroyo-grande-ca/biohazard-cleanup/|/service-areas/atascadero-ca/biohazard-cleanup/|/contact/,5.60,planned
/service-areas/blacklake-ca/burst-pipe-repair/,service-area-service,"Burst Pipe Cleanup and Repair in Blacklake, CA | Coastal Restoration Services Inc",Burst Pipe Cleanup and Repair in Blacklake,"Burst pipe cleanup and repair in Blacklake, CA. IICRC-certified, insurance billing accepted. Call (805) 345-7440.",burst pipe cleanup and repair blacklake,burst pipe cleanup|pipe break water damage|water line break,local_emergency,,,900,hero|og|inline-1|inline-2,service|local-business|faq|breadcrumb-list,/services/burst-pipe-repair/|/service-areas/blacklake-ca/|/service-areas/blacklake-ca/fire-damage-restoration/|/service-areas/blacklake-ca/mold-remediation/|/service-areas/arroyo-grande-ca/burst-pipe-repair/|/service-areas/atascadero-ca/burst-pipe-repair/|/contact/,5.60,planned
/service-areas/blacklake-ca/ceiling-water-damage-repair/,service-area-service,"Ceiling Water Damage Repair in Blacklake, CA | Coastal Restoration Services Inc",Ceiling Water Damage Repair in Blacklake,"Ceiling water damage repair in Blacklake, CA. IICRC-certified, insurance billing accepted. Call (805) 345-7440.",ceiling water damage repair blacklake,ceiling leaking|water coming through ceiling|ceiling leak repair|sagging ceiling water damage|water stain ceiling,local_emergency,,,900,hero|og|inline-1|inline-2,service|local-business|faq|breadcrumb-list,/services/ceiling-water-damage-repair/|/service-areas/blacklake-ca/|/service-areas/blacklake-ca/fire-damage-restoration/|/service-areas/blacklake-ca/mold-remediation/|/service-areas/arroyo-grande-ca/ceiling-water-damage-repair/|/service-areas/atascadero-ca/ceiling-water-damage-repair/|/contact/,5.60,planned
/service-areas/blacklake-ca/general-contracting/,service-area-service,"Renovations, Remodels and General Contracting in Blacklake, CA | Coastal Restoration Services Inc","Renovations, Remodels and General Contracting in Blacklake","Renovations, remodels and general contracting in Blacklake, CA. IICRC-certified, insurance billing accepted. Call (805) 345-7440.","renovations, remodels and general contracting blacklake",general contractor|home renovation services|home remodeling|kitchen remodel|bathroom remodel|post-damage rebuild,local_commercial,,,900,hero|og|inline-1|inline-2,service|local-business|faq|breadcrumb-list,/services/general-contracting/|/service-areas/blacklake-ca/|/service-areas/blacklake-ca/fire-damage-restoration/|/service-areas/blacklake-ca/mold-remediation/|/service-areas/arroyo-grande-ca/general-contracting/|/service-areas/atascadero-ca/general-contracting/|/contact/,5.60,planned
/service-areas/blacklake-ca/large-loss-response/,service-area-service,"Large Loss and Catastrophic Response in Blacklake, CA | Coastal Restoration Services Inc",Large Loss and Catastrophic Response in Blacklake,"Large loss and catastrophic response in Blacklake, CA. IICRC-certified, insurance billing accepted. Call (805) 345-7440.",large loss and catastrophic response blacklake,large loss restoration|catastrophic loss response|commercial catastrophic restoration|multi-million dollar restoration|large loss adjusters,local_b2b,,,900,hero|og|inline-1|inline-2,service|local-business|faq|breadcrumb-list,/services/large-loss-response/|/service-areas/blacklake-ca/|/service-areas/blacklake-ca/fire-damage-restoration/|/service-areas/blacklake-ca/mold-remediation/|/service-areas/arroyo-grande-ca/large-loss-response/|/service-areas/atascadero-ca/large-loss-response/|/contact/,5.60,planned
/service-areas/blacklake-ca/mold-inspection-testing/,service-area-service,"Mold Inspection and Testing in Blacklake, CA | Coastal Restoration Services Inc",Mold Inspection and Testing in Blacklake,"Mold inspection and testing in Blacklake, CA. IICRC-certified, insurance billing accepted. Call (805) 345-7440.",mold inspection and testing blacklake,mold inspection|mold testing|indoor air quality testing|mold spore testing|mold assessment,local_health,,,900,hero|og|inline-1|inline-2,service|local-business|faq|breadcrumb-list,/services/mold-inspection-testing/|/service-areas/blacklake-ca/|/service-areas/blacklake-ca/fire-damage-restoration/|/service-areas/blacklake-ca/mold-remediation/|/service-areas/arroyo-grande-ca/mold-inspection-testing/|/service-areas/atascadero-ca/mold-inspection-testing/|/contact/,5.60,planned
/service-areas/buellton-ca/basement-flooding-cleanup/,service-area-service,"Basement Flooding Cleanup in Buellton, CA | Coastal Restoration Services Inc",Basement Flooding Cleanup in Buellton,"Basement flooding cleanup in Buellton, CA. IICRC-certified, insurance billing accepted. Call (805) 345-7440.",basement flooding cleanup buellton,flooded basement cleanup|basement water removal|wet basement restoration|basement water damage|basement drying,local_emergency,,,900,hero|og|inline-1|inline-2,service|local-business|faq|breadcrumb-list,/services/basement-flooding-cleanup/|/service-areas/buellton-ca/|/service-areas/buellton-ca/fire-damage-restoration/|/service-areas/buellton-ca/mold-remediation/|/service-areas/arroyo-grande-ca/basement-flooding-cleanup/|/service-areas/atascadero-ca/basement-flooding-cleanup/|/contact/,5.60,planned
/service-areas/buellton-ca/biohazard-cleanup/,service-area-service,"Biohazard Cleanup in Buellton, CA | Coastal Restoration Services Inc",Biohazard Cleanup in Buellton,"Biohazard cleanup in Buellton, CA. IICRC-certified, insurance billing accepted. Call (805) 345-7440.",biohazard cleanup buellton,biohazard remediation|blood cleanup|bodily fluid cleanup|sharps and needle cleanup|infectious material cleanup,local_sensitive,,,900,hero|og|inline-1|inline-2,service|local-business|faq|breadcrumb-list,/services/biohazard-cleanup/|/service-areas/buellton-ca/|/service-areas/buellton-ca/fire-damage-restoration/|/service-areas/buellton-ca/mold-remediation/|/service-areas/arroyo-grande-ca/biohazard-cleanup/|/service-areas/atascadero-ca/biohazard-cleanup/|/contact/,5.60,planned
/service-areas/buellton-ca/burst-pipe-repair/,service-area-service,"Burst Pipe Cleanup and Repair in Buellton, CA | Coastal Restoration Services Inc",Burst Pipe Cleanup and Repair in Buellton,"Burst pipe cleanup and repair in Buellton, CA. IICRC-certified, insurance billing accepted. Call (805) 345-7440.",burst pipe cleanup and repair buellton,burst pipe cleanup|pipe break water damage|water line break,local_emergency,,,900,hero|og|inline-1|inline-2,service|local-business|faq|breadcrumb-list,/services/burst-pipe-repair/|/service-areas/buellton-ca/|/service-areas/buellton-ca/fire-damage-restoration/|/service-areas/buellton-ca/mold-remediation/|/service-areas/arroyo-grande-ca/burst-pipe-repair/|/service-areas/atascadero-ca/burst-pipe-repair/|/contact/,5.60,planned
/service-areas/buellton-ca/ceiling-water-damage-repair/,service-area-service,"Ceiling Water Damage Repair in Buellton, CA | Coastal Restoration Services Inc",Ceiling Water Damage Repair in Buellton,"Ceiling water damage repair in Buellton, CA. IICRC-certified, insurance billing accepted. Call (805) 345-7440.",ceiling water damage repair buellton,ceiling leaking|water coming through ceiling|ceiling leak repair|sagging ceiling water damage|water stain ceiling,local_emergency,,,900,hero|og|inline-1|inline-2,service|local-business|faq|breadcrumb-list,/services/ceiling-water-damage-repair/|/service-areas/buellton-ca/|/service-areas/buellton-ca/fire-damage-restoration/|/service-areas/buellton-ca/mold-remediation/|/service-areas/arroyo-grande-ca/ceiling-water-damage-repair/|/service-areas/atascadero-ca/ceiling-water-damage-repair/|/contact/,5.60,planned
/service-areas/buellton-ca/general-contracting/,service-area-service,"Renovations, Remodels and General Contracting in Buellton, CA | Coastal Restoration Services Inc","Renovations, Remodels and General Contracting in Buellton","Renovations, remodels and general contracting in Buellton, CA. IICRC-certified, insurance billing accepted. Call (805) 345-7440.","renovations, remodels and general contracting buellton",general contractor|home renovation services|home remodeling|kitchen remodel|bathroom remodel|post-damage rebuild,local_commercial,,,900,hero|og|inline-1|inline-2,service|local-business|faq|breadcrumb-list,/services/general-contracting/|/service-areas/buellton-ca/|/service-areas/buellton-ca/fire-damage-restoration/|/service-areas/buellton-ca/mold-remediation/|/service-areas/arroyo-grande-ca/general-contracting/|/service-areas/atascadero-ca/general-contracting/|/contact/,5.60,planned
/service-areas/buellton-ca/large-loss-response/,service-area-service,"Large Loss and Catastrophic Response in Buellton, CA | Coastal Restoration Services Inc",Large Loss and Catastrophic Response in Buellton,"Large loss and catastrophic response in Buellton, CA. IICRC-certified, insurance billing accepted. Call (805) 345-7440.",large loss and catastrophic response buellton,large loss restoration|catastrophic loss response|commercial catastrophic restoration|multi-million dollar restoration|large loss adjusters,local_b2b,,,900,hero|og|inline-1|inline-2,service|local-business|faq|breadcrumb-list,/services/large-loss-response/|/service-areas/buellton-ca/|/service-areas/buellton-ca/fire-damage-restoration/|/service-areas/buellton-ca/mold-remediation/|/service-areas/arroyo-grande-ca/large-loss-response/|/service-areas/atascadero-ca/large-loss-response/|/contact/,5.60,planned
/service-areas/buellton-ca/mold-inspection-testing/,service-area-service,"Mold Inspection and Testing in Buellton, CA | Coastal Restoration Services Inc",Mold Inspection and Testing in Buellton,"Mold inspection and testing in Buellton, CA. IICRC-certified, insurance billing accepted. Call (805) 345-7440.",mold inspection and testing buellton,mold inspection|mold testing|indoor air quality testing|mold spore testing|mold assessment,local_health,,,900,hero|og|inline-1|inline-2,service|local-business|faq|breadcrumb-list,/services/mold-inspection-testing/|/service-areas/buellton-ca/|/service-areas/buellton-ca/fire-damage-restoration/|/service-areas/buellton-ca/mold-remediation/|/service-areas/arroyo-grande-ca/mold-inspection-testing/|/service-areas/atascadero-ca/mold-inspection-testing/|/contact/,5.60,planned
/service-areas/callender-ca/basement-flooding-cleanup/,service-area-service,"Basement Flooding Cleanup in Callender, CA | Coastal Restoration Services Inc",Basement Flooding Cleanup in Callender,"Basement flooding cleanup in Callender, CA. IICRC-certified, insurance billing accepted. Call (805) 345-7440.",basement flooding cleanup callender,flooded basement cleanup|basement water removal|wet basement restoration|basement water damage|basement drying,local_emergency,,,900,hero|og|inline-1|inline-2,service|local-business|faq|breadcrumb-list,/services/basement-flooding-cleanup/|/service-areas/callender-ca/|/service-areas/callender-ca/fire-damage-restoration/|/service-areas/callender-ca/mold-remediation/|/service-areas/arroyo-grande-ca/basement-flooding-cleanup/|/service-areas/atascadero-ca/basement-flooding-cleanup/|/contact/,5.60,planned
/service-areas/callender-ca/biohazard-cleanup/,service-area-service,"Biohazard Cleanup in Callender, CA | Coastal Restoration Services Inc",Biohazard Cleanup in Callender,"Biohazard cleanup in Callender, CA. IICRC-certified, insurance billing accepted. Call (805) 345-7440.",biohazard cleanup callender,biohazard remediation|blood cleanup|bodily fluid cleanup|sharps and needle cleanup|infectious material cleanup,local_sensitive,,,900,hero|og|inline-1|inline-2,service|local-business|faq|breadcrumb-list,/services/biohazard-cleanup/|/service-areas/callender-ca/|/service-areas/callender-ca/fire-damage-restoration/|/service-areas/callender-ca/mold-remediation/|/service-areas/arroyo-grande-ca/biohazard-cleanup/|/service-areas/atascadero-ca/biohazard-cleanup/|/contact/,5.60,planned
/service-areas/callender-ca/burst-pipe-repair/,service-area-service,"Burst Pipe Cleanup and Repair in Callender, CA | Coastal Restoration Services Inc",Burst Pipe Cleanup and Repair in Callender,"Burst pipe cleanup and repair in Callender, CA. IICRC-certified, insurance billing accepted. Call (805) 345-7440.",burst pipe cleanup and repair callender,burst pipe cleanup|pipe break water damage|water line break,local_emergency,,,900,hero|og|inline-1|inline-2,service|local-business|faq|breadcrumb-list,/services/burst-pipe-repair/|/service-areas/callender-ca/|/service-areas/callender-ca/fire-damage-restoration/|/service-areas/callender-ca/mold-remediation/|/service-areas/arroyo-grande-ca/burst-pipe-repair/|/service-areas/atascadero-ca/burst-pipe-repair/|/contact/,5.60,planned
/service-areas/callender-ca/ceiling-water-damage-repair/,service-area-service,"Ceiling Water Damage Repair in Callender, CA | Coastal Restoration Services Inc",Ceiling Water Damage Repair in Callender,"Ceiling water damage repair in Callender, CA. IICRC-certified, insurance billing accepted. Call (805) 345-7440.",ceiling water damage repair callender,ceiling leaking|water coming through ceiling|ceiling leak repair|sagging ceiling water damage|water stain ceiling,local_emergency,,,900,hero|og|inline-1|inline-2,service|local-business|faq|breadcrumb-list,/services/ceiling-water-damage-repair/|/service-areas/callender-ca/|/service-areas/callender-ca/fire-damage-restoration/|/service-areas/callender-ca/mold-remediation/|/service-areas/arroyo-grande-ca/ceiling-water-damage-repair/|/service-areas/atascadero-ca/ceiling-water-damage-repair/|/contact/,5.60,planned
/service-areas/callender-ca/general-contracting/,service-area-service,"Renovations, Remodels and General Contracting in Callender, CA | Coastal Restoration Services Inc","Renovations, Remodels and General Contracting in Callender","Renovations, remodels and general contracting in Callender, CA. IICRC-certified, insurance billing accepted. Call (805) 345-7440.","renovations, remodels and general contracting callender",general contractor|home renovation services|home remodeling|kitchen remodel|bathroom remodel|post-damage rebuild,local_commercial,,,900,hero|og|inline-1|inline-2,service|local-business|faq|breadcrumb-list,/services/general-contracting/|/service-areas/callender-ca/|/service-areas/callender-ca/fire-damage-restoration/|/service-areas/callender-ca/mold-remediation/|/service-areas/arroyo-grande-ca/general-contracting/|/service-areas/atascadero-ca/general-contracting/|/contact/,5.60,planned
/service-areas/callender-ca/large-loss-response/,service-area-service,"Large Loss and Catastrophic Response in Callender, CA | Coastal Restoration Services Inc",Large Loss and Catastrophic Response in Callender,"Large loss and catastrophic response in Callender, CA. IICRC-certified, insurance billing accepted. Call (805) 345-7440.",large loss and catastrophic response callender,large loss restoration|catastrophic loss response|commercial catastrophic restoration|multi-million dollar restoration|large loss adjusters,local_b2b,,,900,hero|og|inline-1|inline-2,service|local-business|faq|breadcrumb-list,/services/large-loss-response/|/service-areas/callender-ca/|/service-areas/callender-ca/fire-damage-restoration/|/service-areas/callender-ca/mold-remediation/|/service-areas/arroyo-grande-ca/large-loss-response/|/service-areas/atascadero-ca/large-loss-response/|/contact/,5.60,planned
/service-areas/callender-ca/mold-inspection-testing/,service-area-service,"Mold Inspection and Testing in Callender, CA | Coastal Restoration Services Inc",Mold Inspection and Testing in Callender,"Mold inspection and testing in Callender, CA. IICRC-certified, insurance billing accepted. Call (805) 345-7440.",mold inspection and testing callender,mold inspection|mold testing|indoor air quality testing|mold spore testing|mold assessment,local_health,,,900,hero|og|inline-1|inline-2,service|local-business|faq|breadcrumb-list,/services/mold-inspection-testing/|/service-areas/callender-ca/|/service-areas/callender-ca/fire-damage-restoration/|/service-areas/callender-ca/mold-remediation/|/service-areas/arroyo-grande-ca/mold-inspection-testing/|/service-areas/atascadero-ca/mold-inspection-testing/|/contact/,5.60,planned
/service-areas/cambria-ca/basement-flooding-cleanup/,service-area-service,"Basement Flooding Cleanup in Cambria, CA | Coastal Restoration Services Inc",Basement Flooding Cleanup in Cambria,"Basement flooding cleanup in Cambria, CA. IICRC-certified, insurance billing accepted. Call (805) 345-7440.",basement flooding cleanup cambria,flooded basement cleanup|basement water removal|wet basement restoration|basement water damage|basement drying,local_emergency,,,900,hero|og|inline-1|inline-2,service|local-business|faq|breadcrumb-list,/services/basement-flooding-cleanup/|/service-areas/cambria-ca/|/service-areas/cambria-ca/fire-damage-restoration/|/service-areas/cambria-ca/mold-remediation/|/service-areas/arroyo-grande-ca/basement-flooding-cleanup/|/service-areas/atascadero-ca/basement-flooding-cleanup/|/contact/,5.60,planned
/service-areas/cambria-ca/biohazard-cleanup/,service-area-service,"Biohazard Cleanup in Cambria, CA | Coastal Restoration Services Inc",Biohazard Cleanup in Cambria,"Biohazard cleanup in Cambria, CA. IICRC-certified, insurance billing accepted. Call (805) 345-7440.",biohazard cleanup cambria,biohazard remediation|blood cleanup|bodily fluid cleanup|sharps and needle cleanup|infectious material cleanup,local_sensitive,,,900,hero|og|inline-1|inline-2,service|local-business|faq|breadcrumb-list,/services/biohazard-cleanup/|/service-areas/cambria-ca/|/service-areas/cambria-ca/fire-damage-restoration/|/service-areas/cambria-ca/mold-remediation/|/service-areas/arroyo-grande-ca/biohazard-cleanup/|/service-areas/atascadero-ca/biohazard-cleanup/|/contact/,5.60,planned
/service-areas/cambria-ca/burst-pipe-repair/,service-area-service,"Burst Pipe Cleanup and Repair in Cambria, CA | Coastal Restoration Services Inc",Burst Pipe Cleanup and Repair in Cambria,"Burst pipe cleanup and repair in Cambria, CA. IICRC-certified, insurance billing accepted. Call (805) 345-7440.",burst pipe cleanup and repair cambria,burst pipe cleanup|pipe break water damage|water line break,local_emergency,,,900,hero|og|inline-1|inline-2,service|local-business|faq|breadcrumb-list,/services/burst-pipe-repair/|/service-areas/cambria-ca/|/service-areas/cambria-ca/fire-damage-restoration/|/service-areas/cambria-ca/mold-remediation/|/service-areas/arroyo-grande-ca/burst-pipe-repair/|/service-areas/atascadero-ca/burst-pipe-repair/|/contact/,5.60,planned
/service-areas/cambria-ca/ceiling-water-damage-repair/,service-area-service,"Ceiling Water Damage Repair in Cambria, CA | Coastal Restoration Services Inc",Ceiling Water Damage Repair in Cambria,"Ceiling water damage repair in Cambria, CA. IICRC-certified, insurance billing accepted. Call (805) 345-7440.",ceiling water damage repair cambria,ceiling leaking|water coming through ceiling|ceiling leak repair|sagging ceiling water damage|water stain ceiling,local_emergency,,,900,hero|og|inline-1|inline-2,service|local-business|faq|breadcrumb-list,/services/ceiling-water-damage-repair/|/service-areas/cambria-ca/|/service-areas/cambria-ca/fire-damage-restoration/|/service-areas/cambria-ca/mold-remediation/|/service-areas/arroyo-grande-ca/ceiling-water-damage-repair/|/service-areas/atascadero-ca/ceiling-water-damage-repair/|/contact/,5.60,planned
/service-areas/cambria-ca/general-contracting/,service-area-service,"Renovations, Remodels and General Contracting in Cambria, CA | Coastal Restoration Services Inc","Renovations, Remodels and General Contracting in Cambria","Renovations, remodels and general contracting in Cambria, CA. IICRC-certified, insurance billing accepted. Call (805) 345-7440.","renovations, remodels and general contracting cambria",general contractor|home renovation services|home remodeling|kitchen remodel|bathroom remodel|post-damage rebuild,local_commercial,,,900,hero|og|inline-1|inline-2,service|local-business|faq|breadcrumb-list,/services/general-contracting/|/service-areas/cambria-ca/|/service-areas/cambria-ca/fire-damage-restoration/|/service-areas/cambria-ca/mold-remediation/|/service-areas/arroyo-grande-ca/general-contracting/|/service-areas/atascadero-ca/general-contracting/|/contact/,5.60,planned
/service-areas/cambria-ca/large-loss-response/,service-area-service,"Large Loss and Catastrophic Response in Cambria, CA | Coastal Restoration Services Inc",Large Loss and Catastrophic Response in Cambria,"Large loss and catastrophic response in Cambria, CA. IICRC-certified, insurance billing accepted. Call (805) 345-7440.",large loss and catastrophic response cambria,large loss restoration|catastrophic loss response|commercial catastrophic restoration|multi-million dollar restoration|large loss adjusters,local_b2b,,,900,hero|og|inline-1|inline-2,service|local-business|faq|breadcrumb-list,/services/large-loss-response/|/service-areas/cambria-ca/|/service-areas/cambria-ca/fire-damage-restoration/|/service-areas/cambria-ca/mold-remediation/|/service-areas/arroyo-grande-ca/large-loss-response/|/service-areas/atascadero-ca/large-loss-response/|/contact/,5.60,planned
/service-areas/cambria-ca/mold-inspection-testing/,service-area-service,"Mold Inspection and Testing in Cambria, CA | Coastal Restoration Services Inc",Mold Inspection and Testing in Cambria,"Mold inspection and testing in Cambria, CA. IICRC-certified, insurance billing accepted. Call (805) 345-7440.",mold inspection and testing cambria,mold inspection|mold testing|indoor air quality testing|mold spore testing|mold assessment,local_health,,,900,hero|og|inline-1|inline-2,service|local-business|faq|breadcrumb-list,/services/mold-inspection-testing/|/service-areas/cambria-ca/|/service-areas/cambria-ca/fire-damage-restoration/|/service-areas/cambria-ca/mold-remediation/|/service-areas/arroyo-grande-ca/mold-inspection-testing/|/service-areas/atascadero-ca/mold-inspection-testing/|/contact/,5.60,planned
/service-areas/edna-ca/basement-flooding-cleanup/,service-area-service,"Basement Flooding Cleanup in Edna, CA | Coastal Restoration Services Inc",Basement Flooding Cleanup in Edna,"Basement flooding cleanup in Edna, CA. IICRC-certified, insurance billing accepted. Call (805) 345-7440.",basement flooding cleanup edna,flooded basement cleanup|basement water removal|wet basement restoration|basement water damage|basement drying,local_emergency,,,900,hero|og|inline-1|inline-2,service|local-business|faq|breadcrumb-list,/services/basement-flooding-cleanup/|/service-areas/edna-ca/|/service-areas/edna-ca/fire-damage-restoration/|/service-areas/edna-ca/mold-remediation/|/service-areas/arroyo-grande-ca/basement-flooding-cleanup/|/service-areas/atascadero-ca/basement-flooding-cleanup/|/contact/,5.60,planned
/service-areas/edna-ca/biohazard-cleanup/,service-area-service,"Biohazard Cleanup in Edna, CA | Coastal Restoration Services Inc",Biohazard Cleanup in Edna,"Biohazard cleanup in Edna, CA. IICRC-certified, insurance billing accepted. Call (805) 345-7440.",biohazard cleanup edna,biohazard remediation|blood cleanup|bodily fluid cleanup|sharps and needle cleanup|infectious material cleanup,local_sensitive,,,900,hero|og|inline-1|inline-2,service|local-business|faq|breadcrumb-list,/services/biohazard-cleanup/|/service-areas/edna-ca/|/service-areas/edna-ca/fire-damage-restoration/|/service-areas/edna-ca/mold-remediation/|/service-areas/arroyo-grande-ca/biohazard-cleanup/|/service-areas/atascadero-ca/biohazard-cleanup/|/contact/,5.60,planned
/service-areas/edna-ca/burst-pipe-repair/,service-area-service,"Burst Pipe Cleanup and Repair in Edna, CA | Coastal Restoration Services Inc",Burst Pipe Cleanup and Repair in Edna,"Burst pipe cleanup and repair in Edna, CA. IICRC-certified, insurance billing accepted. Call (805) 345-7440.",burst pipe cleanup and repair edna,burst pipe cleanup|pipe break water damage|water line break,local_emergency,,,900,hero|og|inline-1|inline-2,service|local-business|faq|breadcrumb-list,/services/burst-pipe-repair/|/service-areas/edna-ca/|/service-areas/edna-ca/fire-damage-restoration/|/service-areas/edna-ca/mold-remediation/|/service-areas/arroyo-grande-ca/burst-pipe-repair/|/service-areas/atascadero-ca/burst-pipe-repair/|/contact/,5.60,planned
/service-areas/edna-ca/ceiling-water-damage-repair/,service-area-service,"Ceiling Water Damage Repair in Edna, CA | Coastal Restoration Services Inc",Ceiling Water Damage Repair in Edna,"Ceiling water damage repair in Edna, CA. IICRC-certified, insurance billing accepted. Call (805) 345-7440.",ceiling water damage repair edna,ceiling leaking|water coming through ceiling|ceiling leak repair|sagging ceiling water damage|water stain ceiling,local_emergency,,,900,hero|og|inline-1|inline-2,service|local-business|faq|breadcrumb-list,/services/ceiling-water-damage-repair/|/service-areas/edna-ca/|/service-areas/edna-ca/fire-damage-restoration/|/service-areas/edna-ca/mold-remediation/|/service-areas/arroyo-grande-ca/ceiling-water-damage-repair/|/service-areas/atascadero-ca/ceiling-water-damage-repair/|/contact/,5.60,planned
/service-areas/edna-ca/general-contracting/,service-area-service,"Renovations, Remodels and General Contracting in Edna, CA | Coastal Restoration Services Inc","Renovations, Remodels and General Contracting in Edna","Renovations, remodels and general contracting in Edna, CA. IICRC-certified, insurance billing accepted. Call (805) 345-7440.","renovations, remodels and general contracting edna",general contractor|home renovation services|home remodeling|kitchen remodel|bathroom remodel|post-damage rebuild,local_commercial,,,900,hero|og|inline-1|inline-2,service|local-business|faq|breadcrumb-list,/services/general-contracting/|/service-areas/edna-ca/|/service-areas/edna-ca/fire-damage-restoration/|/service-areas/edna-ca/mold-remediation/|/service-areas/arroyo-grande-ca/general-contracting/|/service-areas/atascadero-ca/general-contracting/|/contact/,5.60,planned
/service-areas/edna-ca/large-loss-response/,service-area-service,"Large Loss and Catastrophic Response in Edna, CA | Coastal Restoration Services Inc",Large Loss and Catastrophic Response in Edna,"Large loss and catastrophic response in Edna, CA. IICRC-certified, insurance billing accepted. Call (805) 345-7440.",large loss and catastrophic response edna,large loss restoration|catastrophic loss response|commercial catastrophic restoration|multi-million dollar restoration|large loss adjusters,local_b2b,,,900,hero|og|inline-1|inline-2,service|local-business|faq|breadcrumb-list,/services/large-loss-response/|/service-areas/edna-ca/|/service-areas/edna-ca/fire-damage-restoration/|/service-areas/edna-ca/mold-remediation/|/service-areas/arroyo-grande-ca/large-loss-response/|/service-areas/atascadero-ca/large-loss-response/|/contact/,5.60,planned
/service-areas/edna-ca/mold-inspection-testing/,service-area-service,"Mold Inspection and Testing in Edna, CA | Coastal Restoration Services Inc",Mold Inspection and Testing in Edna,"Mold inspection and testing in Edna, CA. IICRC-certified, insurance billing accepted. Call (805) 345-7440.",mold inspection and testing edna,mold inspection|mold testing|indoor air quality testing|mold spore testing|mold assessment,local_health,,,900,hero|og|inline-1|inline-2,service|local-business|faq|breadcrumb-list,/services/mold-inspection-testing/|/service-areas/edna-ca/|/service-areas/edna-ca/fire-damage-restoration/|/service-areas/edna-ca/mold-remediation/|/service-areas/arroyo-grande-ca/mold-inspection-testing/|/service-areas/atascadero-ca/mold-inspection-testing/|/contact/,5.60,planned
/service-areas/el-paso-de-robles-ca/basement-flooding-cleanup/,service-area-service,"Basement Flooding Cleanup in El Paso de Robles, CA | Coastal Restoration Services Inc",Basement Flooding Cleanup in El Paso de Robles,"Basement flooding cleanup in El Paso de Robles, CA. IICRC-certified, insurance billing accepted. Call (805) 345-7440.",basement flooding cleanup el paso de robles,flooded basement cleanup|basement water removal|wet basement restoration|basement water damage|basement drying,local_emergency,,,900,hero|og|inline-1|inline-2,service|local-business|faq|breadcrumb-list,/services/basement-flooding-cleanup/|/service-areas/el-paso-de-robles-ca/|/service-areas/el-paso-de-robles-ca/fire-damage-restoration/|/service-areas/el-paso-de-robles-ca/mold-remediation/|/service-areas/arroyo-grande-ca/basement-flooding-cleanup/|/service-areas/atascadero-ca/basement-flooding-cleanup/|/contact/,5.60,planned
/service-areas/el-paso-de-robles-ca/biohazard-cleanup/,service-area-service,"Biohazard Cleanup in El Paso de Robles, CA | Coastal Restoration Services Inc",Biohazard Cleanup in El Paso de Robles,"Biohazard cleanup in El Paso de Robles, CA. IICRC-certified, insurance billing accepted. Call (805) 345-7440.",biohazard cleanup el paso de robles,biohazard remediation|blood cleanup|bodily fluid cleanup|sharps and needle cleanup|infectious material cleanup,local_sensitive,,,900,hero|og|inline-1|inline-2,service|local-business|faq|breadcrumb-list,/services/biohazard-cleanup/|/service-areas/el-paso-de-robles-ca/|/service-areas/el-paso-de-robles-ca/fire-damage-restoration/|/service-areas/el-paso-de-robles-ca/mold-remediation/|/service-areas/arroyo-grande-ca/biohazard-cleanup/|/service-areas/atascadero-ca/biohazard-cleanup/|/contact/,5.60,planned
/service-areas/el-paso-de-robles-ca/burst-pipe-repair/,service-area-service,"Burst Pipe Cleanup and Repair in El Paso de Robles, CA | Coastal Restoration Services Inc",Burst Pipe Cleanup and Repair in El Paso de Robles,"Burst pipe cleanup and repair in El Paso de Robles, CA. IICRC-certified, insurance billing accepted. Call (805) 345-7440.",burst pipe cleanup and repair el paso de robles,burst pipe cleanup|pipe break water damage|water line break,local_emergency,,,900,hero|og|inline-1|inline-2,service|local-business|faq|breadcrumb-list,/services/burst-pipe-repair/|/service-areas/el-paso-de-robles-ca/|/service-areas/el-paso-de-robles-ca/fire-damage-restoration/|/service-areas/el-paso-de-robles-ca/mold-remediation/|/service-areas/arroyo-grande-ca/burst-pipe-repair/|/service-areas/atascadero-ca/burst-pipe-repair/|/contact/,5.60,planned
/service-areas/el-paso-de-robles-ca/ceiling-water-damage-repair/,service-area-service,"Ceiling Water Damage Repair in El Paso de Robles, CA | Coastal Restoration Services Inc",Ceiling Water Damage Repair in El Paso de Robles,"Ceiling water damage repair in El Paso de Robles, CA. IICRC-certified, insurance billing accepted. Call (805) 345-7440.",ceiling water damage repair el paso de robles,ceiling leaking|water coming through ceiling|ceiling leak repair|sagging ceiling water damage|water stain ceiling,local_emergency,,,900,hero|og|inline-1|inline-2,service|local-business|faq|breadcrumb-list,/services/ceiling-water-damage-repair/|/service-areas/el-paso-de-robles-ca/|/service-areas/el-paso-de-robles-ca/fire-damage-restoration/|/service-areas/el-paso-de-robles-ca/mold-remediation/|/service-areas/arroyo-grande-ca/ceiling-water-damage-repair/|/service-areas/atascadero-ca/ceiling-water-damage-repair/|/contact/,5.60,planned
/service-areas/el-paso-de-robles-ca/general-contracting/,service-area-service,"Renovations, Remodels and General Contracting in El Paso de Robles, CA | Coastal Restoration Services Inc","Renovations, Remodels and General Contracting in El Paso de Robles","Renovations, remodels and general contracting in El Paso de Robles, CA. IICRC-certified, insurance billing accepted. Call (805) 345-7440.","renovations, remodels and general contracting el paso de robles",general contractor|home renovation services|home remodeling|kitchen remodel|bathroom remodel|post-damage rebuild,local_commercial,,,900,hero|og|inline-1|inline-2,service|local-business|faq|breadcrumb-list,/services/general-contracting/|/service-areas/el-paso-de-robles-ca/|/service-areas/el-paso-de-robles-ca/fire-damage-restoration/|/service-areas/el-paso-de-robles-ca/mold-remediation/|/service-areas/arroyo-grande-ca/general-contracting/|/service-areas/atascadero-ca/general-contracting/|/contact/,5.60,planned
/service-areas/el-paso-de-robles-ca/large-loss-response/,service-area-service,"Large Loss and Catastrophic Response in El Paso de Robles, CA | Coastal Restoration Services Inc",Large Loss and Catastrophic Response in El Paso de Robles,"Large loss and catastrophic response in El Paso de Robles, CA. IICRC-certified, insurance billing accepted. Call (805) 345-7440.",large loss and catastrophic response el paso de robles,large loss restoration|catastrophic loss response|commercial catastrophic restoration|multi-million dollar restoration|large loss adjusters,local_b2b,,,900,hero|og|inline-1|inline-2,service|local-business|faq|breadcrumb-list,/services/large-loss-response/|/service-areas/el-paso-de-robles-ca/|/service-areas/el-paso-de-robles-ca/fire-damage-restoration/|/service-areas/el-paso-de-robles-ca/mold-remediation/|/service-areas/arroyo-grande-ca/large-loss-response/|/service-areas/atascadero-ca/large-loss-response/|/contact/,5.60,planned
/service-areas/el-paso-de-robles-ca/mold-inspection-testing/,service-area-service,"Mold Inspection and Testing in El Paso de Robles, CA | Coastal Restoration Services Inc",Mold Inspection and Testing in El Paso de Robles,"Mold inspection and testing in El Paso de Robles, CA. IICRC-certified, insurance billing accepted. Call (805) 345-7440.",mold inspection and testing el paso de robles,mold inspection|mold testing|indoor air quality testing|mold spore testing|mold assessment,local_health,,,900,hero|og|inline-1|inline-2,service|local-business|faq|breadcrumb-list,/services/mold-inspection-testing/|/service-areas/el-paso-de-robles-ca/|/service-areas/el-paso-de-robles-ca/fire-damage-restoration/|/service-areas/el-paso-de-robles-ca/mold-remediation/|/service-areas/arroyo-grande-ca/mold-inspection-testing/|/service-areas/atascadero-ca/mold-inspection-testing/|/contact/,5.60,planned
/service-areas/grover-beach-ca/basement-flooding-cleanup/,service-area-service,"Basement Flooding Cleanup in Grover Beach, CA | Coastal Restoration Services Inc",Basement Flooding Cleanup in Grover Beach,"Basement flooding cleanup in Grover Beach, CA. IICRC-certified, insurance billing accepted. Call (805) 345-7440.",basement flooding cleanup grover beach,flooded basement cleanup|basement water removal|wet basement restoration|basement water damage|basement drying,local_emergency,,,900,hero|og|inline-1|inline-2,service|local-business|faq|breadcrumb-list,/services/basement-flooding-cleanup/|/service-areas/grover-beach-ca/|/service-areas/grover-beach-ca/fire-damage-restoration/|/service-areas/grover-beach-ca/mold-remediation/|/service-areas/arroyo-grande-ca/basement-flooding-cleanup/|/service-areas/atascadero-ca/basement-flooding-cleanup/|/contact/,5.60,planned
/service-areas/grover-beach-ca/biohazard-cleanup/,service-area-service,"Biohazard Cleanup in Grover Beach, CA | Coastal Restoration Services Inc",Biohazard Cleanup in Grover Beach,"Biohazard cleanup in Grover Beach, CA. IICRC-certified, insurance billing accepted. Call (805) 345-7440.",biohazard cleanup grover beach,biohazard remediation|blood cleanup|bodily fluid cleanup|sharps and needle cleanup|infectious material cleanup,local_sensitive,,,900,hero|og|inline-1|inline-2,service|local-business|faq|breadcrumb-list,/services/biohazard-cleanup/|/service-areas/grover-beach-ca/|/service-areas/grover-beach-ca/fire-damage-restoration/|/service-areas/grover-beach-ca/mold-remediation/|/service-areas/arroyo-grande-ca/biohazard-cleanup/|/service-areas/atascadero-ca/biohazard-cleanup/|/contact/,5.60,planned
/service-areas/grover-beach-ca/burst-pipe-repair/,service-area-service,"Burst Pipe Cleanup and Repair in Grover Beach, CA | Coastal Restoration Services Inc",Burst Pipe Cleanup and Repair in Grover Beach,"Burst pipe cleanup and repair in Grover Beach, CA. IICRC-certified, insurance billing accepted. Call (805) 345-7440.",burst pipe cleanup and repair grover beach,burst pipe cleanup|pipe break water damage|water line break,local_emergency,,,900,hero|og|inline-1|inline-2,service|local-business|faq|breadcrumb-list,/services/burst-pipe-repair/|/service-areas/grover-beach-ca/|/service-areas/grover-beach-ca/fire-damage-restoration/|/service-areas/grover-beach-ca/mold-remediation/|/service-areas/arroyo-grande-ca/burst-pipe-repair/|/service-areas/atascadero-ca/burst-pipe-repair/|/contact/,5.60,planned
/service-areas/grover-beach-ca/ceiling-water-damage-repair/,service-area-service,"Ceiling Water Damage Repair in Grover Beach, CA | Coastal Restoration Services Inc",Ceiling Water Damage Repair in Grover Beach,"Ceiling water damage repair in Grover Beach, CA. IICRC-certified, insurance billing accepted. Call (805) 345-7440.",ceiling water damage repair grover beach,ceiling leaking|water coming through ceiling|ceiling leak repair|sagging ceiling water damage|water stain ceiling,local_emergency,,,900,hero|og|inline-1|inline-2,service|local-business|faq|breadcrumb-list,/services/ceiling-water-damage-repair/|/service-areas/grover-beach-ca/|/service-areas/grover-beach-ca/fire-damage-restoration/|/service-areas/grover-beach-ca/mold-remediation/|/service-areas/arroyo-grande-ca/ceiling-water-damage-repair/|/service-areas/atascadero-ca/ceiling-water-damage-repair/|/contact/,5.60,planned
/service-areas/grover-beach-ca/general-contracting/,service-area-service,"Renovations, Remodels and General Contracting in Grover Beach, CA | Coastal Restoration Services Inc","Renovations, Remodels and General Contracting in Grover Beach","Renovations, remodels and general contracting in Grover Beach, CA. IICRC-certified, insurance billing accepted. Call (805) 345-7440.","renovations, remodels and general contracting grover beach",general contractor|home renovation services|home remodeling|kitchen remodel|bathroom remodel|post-damage rebuild,local_commercial,,,900,hero|og|inline-1|inline-2,service|local-business|faq|breadcrumb-list,/services/general-contracting/|/service-areas/grover-beach-ca/|/service-areas/grover-beach-ca/fire-damage-restoration/|/service-areas/grover-beach-ca/mold-remediation/|/service-areas/arroyo-grande-ca/general-contracting/|/service-areas/atascadero-ca/general-contracting/|/contact/,5.60,planned
/service-areas/grover-beach-ca/large-loss-response/,service-area-service,"Large Loss and Catastrophic Response in Grover Beach, CA | Coastal Restoration Services Inc",Large Loss and Catastrophic Response in Grover Beach,"Large loss and catastrophic response in Grover Beach, CA. IICRC-certified, insurance billing accepted. Call (805) 345-7440.",large loss and catastrophic response grover beach,large loss restoration|catastrophic loss response|commercial catastrophic restoration|multi-million dollar restoration|large loss adjusters,local_b2b,,,900,hero|og|inline-1|inline-2,service|local-business|faq|breadcrumb-list,/services/large-loss-response/|/service-areas/grover-beach-ca/|/service-areas/grover-beach-ca/fire-damage-restoration/|/service-areas/grover-beach-ca/mold-remediation/|/service-areas/arroyo-grande-ca/large-loss-response/|/service-areas/atascadero-ca/large-loss-response/|/contact/,5.60,planned
/service-areas/grover-beach-ca/mold-inspection-testing/,service-area-service,"Mold Inspection and Testing in Grover Beach, CA | Coastal Restoration Services Inc",Mold Inspection and Testing in Grover Beach,"Mold inspection and testing in Grover Beach, CA. IICRC-certified, insurance billing accepted. Call (805) 345-7440.",mold inspection and testing grover beach,mold inspection|mold testing|indoor air quality testing|mold spore testing|mold assessment,local_health,,,900,hero|og|inline-1|inline-2,service|local-business|faq|breadcrumb-list,/services/mold-inspection-testing/|/service-areas/grover-beach-ca/|/service-areas/grover-beach-ca/fire-damage-restoration/|/service-areas/grover-beach-ca/mold-remediation/|/service-areas/arroyo-grande-ca/mold-inspection-testing/|/service-areas/atascadero-ca/mold-inspection-testing/|/contact/,5.60,planned
/service-areas/guadalupe-ca/basement-flooding-cleanup/,service-area-service,"Basement Flooding Cleanup in Guadalupe, CA | Coastal Restoration Services Inc",Basement Flooding Cleanup in Guadalupe,"Basement flooding cleanup in Guadalupe, CA. IICRC-certified, insurance billing accepted. Call (805) 345-7440.",basement flooding cleanup guadalupe,flooded basement cleanup|basement water removal|wet basement restoration|basement water damage|basement drying,local_emergency,,,900,hero|og|inline-1|inline-2,service|local-business|faq|breadcrumb-list,/services/basement-flooding-cleanup/|/service-areas/guadalupe-ca/|/service-areas/guadalupe-ca/fire-damage-restoration/|/service-areas/guadalupe-ca/mold-remediation/|/service-areas/arroyo-grande-ca/basement-flooding-cleanup/|/service-areas/atascadero-ca/basement-flooding-cleanup/|/contact/,5.60,planned
/service-areas/guadalupe-ca/biohazard-cleanup/,service-area-service,"Biohazard Cleanup in Guadalupe, CA | Coastal Restoration Services Inc",Biohazard Cleanup in Guadalupe,"Biohazard cleanup in Guadalupe, CA. IICRC-certified, insurance billing accepted. Call (805) 345-7440.",biohazard cleanup guadalupe,biohazard remediation|blood cleanup|bodily fluid cleanup|sharps and needle cleanup|infectious material cleanup,local_sensitive,,,900,hero|og|inline-1|inline-2,service|local-business|faq|breadcrumb-list,/services/biohazard-cleanup/|/service-areas/guadalupe-ca/|/service-areas/guadalupe-ca/fire-damage-restoration/|/service-areas/guadalupe-ca/mold-remediation/|/service-areas/arroyo-grande-ca/biohazard-cleanup/|/service-areas/atascadero-ca/biohazard-cleanup/|/contact/,5.60,planned
/service-areas/guadalupe-ca/burst-pipe-repair/,service-area-service,"Burst Pipe Cleanup and Repair in Guadalupe, CA | Coastal Restoration Services Inc",Burst Pipe Cleanup and Repair in Guadalupe,"Burst pipe cleanup and repair in Guadalupe, CA. IICRC-certified, insurance billing accepted. Call (805) 345-7440.",burst pipe cleanup and repair guadalupe,burst pipe cleanup|pipe break water damage|water line break,local_emergency,,,900,hero|og|inline-1|inline-2,service|local-business|faq|breadcrumb-list,/services/burst-pipe-repair/|/service-areas/guadalupe-ca/|/service-areas/guadalupe-ca/fire-damage-restoration/|/service-areas/guadalupe-ca/mold-remediation/|/service-areas/arroyo-grande-ca/burst-pipe-repair/|/service-areas/atascadero-ca/burst-pipe-repair/|/contact/,5.60,planned
/service-areas/guadalupe-ca/ceiling-water-damage-repair/,service-area-service,"Ceiling Water Damage Repair in Guadalupe, CA | Coastal Restoration Services Inc",Ceiling Water Damage Repair in Guadalupe,"Ceiling water damage repair in Guadalupe, CA. IICRC-certified, insurance billing accepted. Call (805) 345-7440.",ceiling water damage repair guadalupe,ceiling leaking|water coming through ceiling|ceiling leak repair|sagging ceiling water damage|water stain ceiling,local_emergency,,,900,hero|og|inline-1|inline-2,service|local-business|faq|breadcrumb-list,/services/ceiling-water-damage-repair/|/service-areas/guadalupe-ca/|/service-areas/guadalupe-ca/fire-damage-restoration/|/service-areas/guadalupe-ca/mold-remediation/|/service-areas/arroyo-grande-ca/ceiling-water-damage-repair/|/service-areas/atascadero-ca/ceiling-water-damage-repair/|/contact/,5.60,planned
/service-areas/guadalupe-ca/general-contracting/,service-area-service,"Renovations, Remodels and General Contracting in Guadalupe, CA | Coastal Restoration Services Inc","Renovations, Remodels and General Contracting in Guadalupe","Renovations, remodels and general contracting in Guadalupe, CA. IICRC-certified, insurance billing accepted. Call (805) 345-7440.","renovations, remodels and general contracting guadalupe",general contractor|home renovation services|home remodeling|kitchen remodel|bathroom remodel|post-damage rebuild,local_commercial,,,900,hero|og|inline-1|inline-2,service|local-business|faq|breadcrumb-list,/services/general-contracting/|/service-areas/guadalupe-ca/|/service-areas/guadalupe-ca/fire-damage-restoration/|/service-areas/guadalupe-ca/mold-remediation/|/service-areas/arroyo-grande-ca/general-contracting/|/service-areas/atascadero-ca/general-contracting/|/contact/,5.60,planned
/service-areas/guadalupe-ca/large-loss-response/,service-area-service,"Large Loss and Catastrophic Response in Guadalupe, CA | Coastal Restoration Services Inc",Large Loss and Catastrophic Response in Guadalupe,"Large loss and catastrophic response in Guadalupe, CA. IICRC-certified, insurance billing accepted. Call (805) 345-7440.",large loss and catastrophic response guadalupe,large loss restoration|catastrophic loss response|commercial catastrophic restoration|multi-million dollar restoration|large loss adjusters,local_b2b,,,900,hero|og|inline-1|inline-2,service|local-business|faq|breadcrumb-list,/services/large-loss-response/|/service-areas/guadalupe-ca/|/service-areas/guadalupe-ca/fire-damage-restoration/|/service-areas/guadalupe-ca/mold-remediation/|/service-areas/arroyo-grande-ca/large-loss-response/|/service-areas/atascadero-ca/large-loss-response/|/contact/,5.60,planned
/service-areas/guadalupe-ca/mold-inspection-testing/,service-area-service,"Mold Inspection and Testing in Guadalupe, CA | Coastal Restoration Services Inc",Mold Inspection and Testing in Guadalupe,"Mold inspection and testing in Guadalupe, CA. IICRC-certified, insurance billing accepted. Call (805) 345-7440.",mold inspection and testing guadalupe,mold inspection|mold testing|indoor air quality testing|mold spore testing|mold assessment,local_health,,,900,hero|og|inline-1|inline-2,service|local-business|faq|breadcrumb-list,/services/mold-inspection-testing/|/service-areas/guadalupe-ca/|/service-areas/guadalupe-ca/fire-damage-restoration/|/service-areas/guadalupe-ca/mold-remediation/|/service-areas/arroyo-grande-ca/mold-inspection-testing/|/service-areas/atascadero-ca/mold-inspection-testing/|/contact/,5.60,planned
/service-areas/lompoc-ca/basement-flooding-cleanup/,service-area-service,"Basement Flooding Cleanup in Lompoc, CA | Coastal Restoration Services Inc",Basement Flooding Cleanup in Lompoc,"Basement flooding cleanup in Lompoc, CA. IICRC-certified, insurance billing accepted. Call (805) 345-7440.",basement flooding cleanup lompoc,flooded basement cleanup|basement water removal|wet basement restoration|basement water damage|basement drying,local_emergency,,,900,hero|og|inline-1|inline-2,service|local-business|faq|breadcrumb-list,/services/basement-flooding-cleanup/|/service-areas/lompoc-ca/|/service-areas/lompoc-ca/fire-damage-restoration/|/service-areas/lompoc-ca/mold-remediation/|/service-areas/arroyo-grande-ca/basement-flooding-cleanup/|/service-areas/atascadero-ca/basement-flooding-cleanup/|/contact/,5.60,planned
/service-areas/lompoc-ca/biohazard-cleanup/,service-area-service,"Biohazard Cleanup in Lompoc, CA | Coastal Restoration Services Inc",Biohazard Cleanup in Lompoc,"Biohazard cleanup in Lompoc, CA. IICRC-certified, insurance billing accepted. Call (805) 345-7440.",biohazard cleanup lompoc,biohazard remediation|blood cleanup|bodily fluid cleanup|sharps and needle cleanup|infectious material cleanup,local_sensitive,,,900,hero|og|inline-1|inline-2,service|local-business|faq|breadcrumb-list,/services/biohazard-cleanup/|/service-areas/lompoc-ca/|/service-areas/lompoc-ca/fire-damage-restoration/|/service-areas/lompoc-ca/mold-remediation/|/service-areas/arroyo-grande-ca/biohazard-cleanup/|/service-areas/atascadero-ca/biohazard-cleanup/|/contact/,5.60,planned
/service-areas/lompoc-ca/burst-pipe-repair/,service-area-service,"Burst Pipe Cleanup and Repair in Lompoc, CA | Coastal Restoration Services Inc",Burst Pipe Cleanup and Repair in Lompoc,"Burst pipe cleanup and repair in Lompoc, CA. IICRC-certified, insurance billing accepted. Call (805) 345-7440.",burst pipe cleanup and repair lompoc,burst pipe cleanup|pipe break water damage|water line break,local_emergency,,,900,hero|og|inline-1|inline-2,service|local-business|faq|breadcrumb-list,/services/burst-pipe-repair/|/service-areas/lompoc-ca/|/service-areas/lompoc-ca/fire-damage-restoration/|/service-areas/lompoc-ca/mold-remediation/|/service-areas/arroyo-grande-ca/burst-pipe-repair/|/service-areas/atascadero-ca/burst-pipe-repair/|/contact/,5.60,planned
/service-areas/lompoc-ca/ceiling-water-damage-repair/,service-area-service,"Ceiling Water Damage Repair in Lompoc, CA | Coastal Restoration Services Inc",Ceiling Water Damage Repair in Lompoc,"Ceiling water damage repair in Lompoc, CA. IICRC-certified, insurance billing accepted. Call (805) 345-7440.",ceiling water damage repair lompoc,ceiling leaking|water coming through ceiling|ceiling leak repair|sagging ceiling water damage|water stain ceiling,local_emergency,,,900,hero|og|inline-1|inline-2,service|local-business|faq|breadcrumb-list,/services/ceiling-water-damage-repair/|/service-areas/lompoc-ca/|/service-areas/lompoc-ca/fire-damage-restoration/|/service-areas/lompoc-ca/mold-remediation/|/service-areas/arroyo-grande-ca/ceiling-water-damage-repair/|/service-areas/atascadero-ca/ceiling-water-damage-repair/|/contact/,5.60,planned
/service-areas/lompoc-ca/general-contracting/,service-area-service,"Renovations, Remodels and General Contracting in Lompoc, CA | Coastal Restoration Services Inc","Renovations, Remodels and General Contracting in Lompoc","Renovations, remodels and general contracting in Lompoc, CA. IICRC-certified, insurance billing accepted. Call (805) 345-7440.","renovations, remodels and general contracting lompoc",general contractor|home renovation services|home remodeling|kitchen remodel|bathroom remodel|post-damage rebuild,local_commercial,,,900,hero|og|inline-1|inline-2,service|local-business|faq|breadcrumb-list,/services/general-contracting/|/service-areas/lompoc-ca/|/service-areas/lompoc-ca/fire-damage-restoration/|/service-areas/lompoc-ca/mold-remediation/|/service-areas/arroyo-grande-ca/general-contracting/|/service-areas/atascadero-ca/general-contracting/|/contact/,5.60,planned
/service-areas/lompoc-ca/large-loss-response/,service-area-service,"Large Loss and Catastrophic Response in Lompoc, CA | Coastal Restoration Services Inc",Large Loss and Catastrophic Response in Lompoc,"Large loss and catastrophic response in Lompoc, CA. IICRC-certified, insurance billing accepted. Call (805) 345-7440.",large loss and catastrophic response lompoc,large loss restoration|catastrophic loss response|commercial catastrophic restoration|multi-million dollar restoration|large loss adjusters,local_b2b,,,900,hero|og|inline-1|inline-2,service|local-business|faq|breadcrumb-list,/services/large-loss-response/|/service-areas/lompoc-ca/|/service-areas/lompoc-ca/fire-damage-restoration/|/service-areas/lompoc-ca/mold-remediation/|/service-areas/arroyo-grande-ca/large-loss-response/|/service-areas/atascadero-ca/large-loss-response/|/contact/,5.60,planned
/service-areas/lompoc-ca/mold-inspection-testing/,service-area-service,"Mold Inspection and Testing in Lompoc, CA | Coastal Restoration Services Inc",Mold Inspection and Testing in Lompoc,"Mold inspection and testing in Lompoc, CA. IICRC-certified, insurance billing accepted. Call (805) 345-7440.",mold inspection and testing lompoc,mold inspection|mold testing|indoor air quality testing|mold spore testing|mold assessment,local_health,,,900,hero|og|inline-1|inline-2,service|local-business|faq|breadcrumb-list,/services/mold-inspection-testing/|/service-areas/lompoc-ca/|/service-areas/lompoc-ca/fire-damage-restoration/|/service-areas/lompoc-ca/mold-remediation/|/service-areas/arroyo-grande-ca/mold-inspection-testing/|/service-areas/atascadero-ca/mold-inspection-testing/|/contact/,5.60,planned
/service-areas/los-alamos-ca/basement-flooding-cleanup/,service-area-service,"Basement Flooding Cleanup in Los Alamos, CA | Coastal Restoration Services Inc",Basement Flooding Cleanup in Los Alamos,"Basement flooding cleanup in Los Alamos, CA. IICRC-certified, insurance billing accepted. Call (805) 345-7440.",basement flooding cleanup los alamos,flooded basement cleanup|basement water removal|wet basement restoration|basement water damage|basement drying,local_emergency,,,900,hero|og|inline-1|inline-2,service|local-business|faq|breadcrumb-list,/services/basement-flooding-cleanup/|/service-areas/los-alamos-ca/|/service-areas/los-alamos-ca/fire-damage-restoration/|/service-areas/los-alamos-ca/mold-remediation/|/service-areas/arroyo-grande-ca/basement-flooding-cleanup/|/service-areas/atascadero-ca/basement-flooding-cleanup/|/contact/,5.60,planned
/service-areas/los-alamos-ca/biohazard-cleanup/,service-area-service,"Biohazard Cleanup in Los Alamos, CA | Coastal Restoration Services Inc",Biohazard Cleanup in Los Alamos,"Biohazard cleanup in Los Alamos, CA. IICRC-certified, insurance billing accepted. Call (805) 345-7440.",biohazard cleanup los alamos,biohazard remediation|blood cleanup|bodily fluid cleanup|sharps and needle cleanup|infectious material cleanup,local_sensitive,,,900,hero|og|inline-1|inline-2,service|local-business|faq|breadcrumb-list,/services/biohazard-cleanup/|/service-areas/los-alamos-ca/|/service-areas/los-alamos-ca/fire-damage-restoration/|/service-areas/los-alamos-ca/mold-remediation/|/service-areas/arroyo-grande-ca/biohazard-cleanup/|/service-areas/atascadero-ca/biohazard-cleanup/|/contact/,5.60,planned
/service-areas/los-alamos-ca/burst-pipe-repair/,service-area-service,"Burst Pipe Cleanup and Repair in Los Alamos, CA | Coastal Restoration Services Inc",Burst Pipe Cleanup and Repair in Los Alamos,"Burst pipe cleanup and repair in Los Alamos, CA. IICRC-certified, insurance billing accepted. Call (805) 345-7440.",burst pipe cleanup and repair los alamos,burst pipe cleanup|pipe break water damage|water line break,local_emergency,,,900,hero|og|inline-1|inline-2,service|local-business|faq|breadcrumb-list,/services/burst-pipe-repair/|/service-areas/los-alamos-ca/|/service-areas/los-alamos-ca/fire-damage-restoration/|/service-areas/los-alamos-ca/mold-remediation/|/service-areas/arroyo-grande-ca/burst-pipe-repair/|/service-areas/atascadero-ca/burst-pipe-repair/|/contact/,5.60,planned
/service-areas/los-alamos-ca/ceiling-water-damage-repair/,service-area-service,"Ceiling Water Damage Repair in Los Alamos, CA | Coastal Restoration Services Inc",Ceiling Water Damage Repair in Los Alamos,"Ceiling water damage repair in Los Alamos, CA. IICRC-certified, insurance billing accepted. Call (805) 345-7440.",ceiling water damage repair los alamos,ceiling leaking|water coming through ceiling|ceiling leak repair|sagging ceiling water damage|water stain ceiling,local_emergency,,,900,hero|og|inline-1|inline-2,service|local-business|faq|breadcrumb-list,/services/ceiling-water-damage-repair/|/service-areas/los-alamos-ca/|/service-areas/los-alamos-ca/fire-damage-restoration/|/service-areas/los-alamos-ca/mold-remediation/|/service-areas/arroyo-grande-ca/ceiling-water-damage-repair/|/service-areas/atascadero-ca/ceiling-water-damage-repair/|/contact/,5.60,planned
/service-areas/los-alamos-ca/general-contracting/,service-area-service,"Renovations, Remodels and General Contracting in Los Alamos, CA | Coastal Restoration Services Inc","Renovations, Remodels and General Contracting in Los Alamos","Renovations, remodels and general contracting in Los Alamos, CA. IICRC-certified, insurance billing accepted. Call (805) 345-7440.","renovations, remodels and general contracting los alamos",general contractor|home renovation services|home remodeling|kitchen remodel|bathroom remodel|post-damage rebuild,local_commercial,,,900,hero|og|inline-1|inline-2,service|local-business|faq|breadcrumb-list,/services/general-contracting/|/service-areas/los-alamos-ca/|/service-areas/los-alamos-ca/fire-damage-restoration/|/service-areas/los-alamos-ca/mold-remediation/|/service-areas/arroyo-grande-ca/general-contracting/|/service-areas/atascadero-ca/general-contracting/|/contact/,5.60,planned
/service-areas/los-alamos-ca/large-loss-response/,service-area-service,"Large Loss and Catastrophic Response in Los Alamos, CA | Coastal Restoration Services Inc",Large Loss and Catastrophic Response in Los Alamos,"Large loss and catastrophic response in Los Alamos, CA. IICRC-certified, insurance billing accepted. Call (805) 345-7440.",large loss and catastrophic response los alamos,large loss restoration|catastrophic loss response|commercial catastrophic restoration|multi-million dollar restoration|large loss adjusters,local_b2b,,,900,hero|og|inline-1|inline-2,service|local-business|faq|breadcrumb-list,/services/large-loss-response/|/service-areas/los-alamos-ca/|/service-areas/los-alamos-ca/fire-damage-restoration/|/service-areas/los-alamos-ca/mold-remediation/|/service-areas/arroyo-grande-ca/large-loss-response/|/service-areas/atascadero-ca/large-loss-response/|/contact/,5.60,planned
/service-areas/los-alamos-ca/mold-inspection-testing/,service-area-service,"Mold Inspection and Testing in Los Alamos, CA | Coastal Restoration Services Inc",Mold Inspection and Testing in Los Alamos,"Mold inspection and testing in Los Alamos, CA. IICRC-certified, insurance billing accepted. Call (805) 345-7440.",mold inspection and testing los alamos,mold inspection|mold testing|indoor air quality testing|mold spore testing|mold assessment,local_health,,,900,hero|og|inline-1|inline-2,service|local-business|faq|breadcrumb-list,/services/mold-inspection-testing/|/service-areas/los-alamos-ca/|/service-areas/los-alamos-ca/fire-damage-restoration/|/service-areas/los-alamos-ca/mold-remediation/|/service-areas/arroyo-grande-ca/mold-inspection-testing/|/service-areas/atascadero-ca/mold-inspection-testing/|/contact/,5.60,planned
/service-areas/los-berros-ca/basement-flooding-cleanup/,service-area-service,"Basement Flooding Cleanup in Los Berros, CA | Coastal Restoration Services Inc",Basement Flooding Cleanup in Los Berros,"Basement flooding cleanup in Los Berros, CA. IICRC-certified, insurance billing accepted. Call (805) 345-7440.",basement flooding cleanup los berros,flooded basement cleanup|basement water removal|wet basement restoration|basement water damage|basement drying,local_emergency,,,900,hero|og|inline-1|inline-2,service|local-business|faq|breadcrumb-list,/services/basement-flooding-cleanup/|/service-areas/los-berros-ca/|/service-areas/los-berros-ca/fire-damage-restoration/|/service-areas/los-berros-ca/mold-remediation/|/service-areas/arroyo-grande-ca/basement-flooding-cleanup/|/service-areas/atascadero-ca/basement-flooding-cleanup/|/contact/,5.60,planned
/service-areas/los-berros-ca/biohazard-cleanup/,service-area-service,"Biohazard Cleanup in Los Berros, CA | Coastal Restoration Services Inc",Biohazard Cleanup in Los Berros,"Biohazard cleanup in Los Berros, CA. IICRC-certified, insurance billing accepted. Call (805) 345-7440.",biohazard cleanup los berros,biohazard remediation|blood cleanup|bodily fluid cleanup|sharps and needle cleanup|infectious material cleanup,local_sensitive,,,900,hero|og|inline-1|inline-2,service|local-business|faq|breadcrumb-list,/services/biohazard-cleanup/|/service-areas/los-berros-ca/|/service-areas/los-berros-ca/fire-damage-restoration/|/service-areas/los-berros-ca/mold-remediation/|/service-areas/arroyo-grande-ca/biohazard-cleanup/|/service-areas/atascadero-ca/biohazard-cleanup/|/contact/,5.60,planned
/service-areas/los-berros-ca/burst-pipe-repair/,service-area-service,"Burst Pipe Cleanup and Repair in Los Berros, CA | Coastal Restoration Services Inc",Burst Pipe Cleanup and Repair in Los Berros,"Burst pipe cleanup and repair in Los Berros, CA. IICRC-certified, insurance billing accepted. Call (805) 345-7440.",burst pipe cleanup and repair los berros,burst pipe cleanup|pipe break water damage|water line break,local_emergency,,,900,hero|og|inline-1|inline-2,service|local-business|faq|breadcrumb-list,/services/burst-pipe-repair/|/service-areas/los-berros-ca/|/service-areas/los-berros-ca/fire-damage-restoration/|/service-areas/los-berros-ca/mold-remediation/|/service-areas/arroyo-grande-ca/burst-pipe-repair/|/service-areas/atascadero-ca/burst-pipe-repair/|/contact/,5.60,planned
/service-areas/los-berros-ca/ceiling-water-damage-repair/,service-area-service,"Ceiling Water Damage Repair in Los Berros, CA | Coastal Restoration Services Inc",Ceiling Water Damage Repair in Los Berros,"Ceiling water damage repair in Los Berros, CA. IICRC-certified, insurance billing accepted. Call (805) 345-7440.",ceiling water damage repair los berros,ceiling leaking|water coming through ceiling|ceiling leak repair|sagging ceiling water damage|water stain ceiling,local_emergency,,,900,hero|og|inline-1|inline-2,service|local-business|faq|breadcrumb-list,/services/ceiling-water-damage-repair/|/service-areas/los-berros-ca/|/service-areas/los-berros-ca/fire-damage-restoration/|/service-areas/los-berros-ca/mold-remediation/|/service-areas/arroyo-grande-ca/ceiling-water-damage-repair/|/service-areas/atascadero-ca/ceiling-water-damage-repair/|/contact/,5.60,planned
/service-areas/los-berros-ca/general-contracting/,service-area-service,"Renovations, Remodels and General Contracting in Los Berros, CA | Coastal Restoration Services Inc","Renovations, Remodels and General Contracting in Los Berros","Renovations, remodels and general contracting in Los Berros, CA. IICRC-certified, insurance billing accepted. Call (805) 345-7440.","renovations, remodels and general contracting los berros",general contractor|home renovation services|home remodeling|kitchen remodel|bathroom remodel|post-damage rebuild,local_commercial,,,900,hero|og|inline-1|inline-2,service|local-business|faq|breadcrumb-list,/services/general-contracting/|/service-areas/los-berros-ca/|/service-areas/los-berros-ca/fire-damage-restoration/|/service-areas/los-berros-ca/mold-remediation/|/service-areas/arroyo-grande-ca/general-contracting/|/service-areas/atascadero-ca/general-contracting/|/contact/,5.60,planned
/service-areas/los-berros-ca/large-loss-response/,service-area-service,"Large Loss and Catastrophic Response in Los Berros, CA | Coastal Restoration Services Inc",Large Loss and Catastrophic Response in Los Berros,"Large loss and catastrophic response in Los Berros, CA. IICRC-certified, insurance billing accepted. Call (805) 345-7440.",large loss and catastrophic response los berros,large loss restoration|catastrophic loss response|commercial catastrophic restoration|multi-million dollar restoration|large loss adjusters,local_b2b,,,900,hero|og|inline-1|inline-2,service|local-business|faq|breadcrumb-list,/services/large-loss-response/|/service-areas/los-berros-ca/|/service-areas/los-berros-ca/fire-damage-restoration/|/service-areas/los-berros-ca/mold-remediation/|/service-areas/arroyo-grande-ca/large-loss-response/|/service-areas/atascadero-ca/large-loss-response/|/contact/,5.60,planned
/service-areas/los-berros-ca/mold-inspection-testing/,service-area-service,"Mold Inspection and Testing in Los Berros, CA | Coastal Restoration Services Inc",Mold Inspection and Testing in Los Berros,"Mold inspection and testing in Los Berros, CA. IICRC-certified, insurance billing accepted. Call (805) 345-7440.",mold inspection and testing los berros,mold inspection|mold testing|indoor air quality testing|mold spore testing|mold assessment,local_health,,,900,hero|og|inline-1|inline-2,service|local-business|faq|breadcrumb-list,/services/mold-inspection-testing/|/service-areas/los-berros-ca/|/service-areas/los-berros-ca/fire-damage-restoration/|/service-areas/los-berros-ca/mold-remediation/|/service-areas/arroyo-grande-ca/mold-inspection-testing/|/service-areas/atascadero-ca/mold-inspection-testing/|/contact/,5.60,planned
/service-areas/los-olivos-ca/basement-flooding-cleanup/,service-area-service,"Basement Flooding Cleanup in Los Olivos, CA | Coastal Restoration Services Inc",Basement Flooding Cleanup in Los Olivos,"Basement flooding cleanup in Los Olivos, CA. IICRC-certified, insurance billing accepted. Call (805) 345-7440.",basement flooding cleanup los olivos,flooded basement cleanup|basement water removal|wet basement restoration|basement water damage|basement drying,local_emergency,,,900,hero|og|inline-1|inline-2,service|local-business|faq|breadcrumb-list,/services/basement-flooding-cleanup/|/service-areas/los-olivos-ca/|/service-areas/los-olivos-ca/fire-damage-restoration/|/service-areas/los-olivos-ca/mold-remediation/|/service-areas/arroyo-grande-ca/basement-flooding-cleanup/|/service-areas/atascadero-ca/basement-flooding-cleanup/|/contact/,5.60,planned
/service-areas/los-olivos-ca/biohazard-cleanup/,service-area-service,"Biohazard Cleanup in Los Olivos, CA | Coastal Restoration Services Inc",Biohazard Cleanup in Los Olivos,"Biohazard cleanup in Los Olivos, CA. IICRC-certified, insurance billing accepted. Call (805) 345-7440.",biohazard cleanup los olivos,biohazard remediation|blood cleanup|bodily fluid cleanup|sharps and needle cleanup|infectious material cleanup,local_sensitive,,,900,hero|og|inline-1|inline-2,service|local-business|faq|breadcrumb-list,/services/biohazard-cleanup/|/service-areas/los-olivos-ca/|/service-areas/los-olivos-ca/fire-damage-restoration/|/service-areas/los-olivos-ca/mold-remediation/|/service-areas/arroyo-grande-ca/biohazard-cleanup/|/service-areas/atascadero-ca/biohazard-cleanup/|/contact/,5.60,planned
/service-areas/los-olivos-ca/burst-pipe-repair/,service-area-service,"Burst Pipe Cleanup and Repair in Los Olivos, CA | Coastal Restoration Services Inc",Burst Pipe Cleanup and Repair in Los Olivos,"Burst pipe cleanup and repair in Los Olivos, CA. IICRC-certified, insurance billing accepted. Call (805) 345-7440.",burst pipe cleanup and repair los olivos,burst pipe cleanup|pipe break water damage|water line break,local_emergency,,,900,hero|og|inline-1|inline-2,service|local-business|faq|breadcrumb-list,/services/burst-pipe-repair/|/service-areas/los-olivos-ca/|/service-areas/los-olivos-ca/fire-damage-restoration/|/service-areas/los-olivos-ca/mold-remediation/|/service-areas/arroyo-grande-ca/burst-pipe-repair/|/service-areas/atascadero-ca/burst-pipe-repair/|/contact/,5.60,planned
/service-areas/los-olivos-ca/ceiling-water-damage-repair/,service-area-service,"Ceiling Water Damage Repair in Los Olivos, CA | Coastal Restoration Services Inc",Ceiling Water Damage Repair in Los Olivos,"Ceiling water damage repair in Los Olivos, CA. IICRC-certified, insurance billing accepted. Call (805) 345-7440.",ceiling water damage repair los olivos,ceiling leaking|water coming through ceiling|ceiling leak repair|sagging ceiling water damage|water stain ceiling,local_emergency,,,900,hero|og|inline-1|inline-2,service|local-business|faq|breadcrumb-list,/services/ceiling-water-damage-repair/|/service-areas/los-olivos-ca/|/service-areas/los-olivos-ca/fire-damage-restoration/|/service-areas/los-olivos-ca/mold-remediation/|/service-areas/arroyo-grande-ca/ceiling-water-damage-repair/|/service-areas/atascadero-ca/ceiling-water-damage-repair/|/contact/,5.60,planned
/service-areas/los-olivos-ca/general-contracting/,service-area-service,"Renovations, Remodels and General Contracting in Los Olivos, CA | Coastal Restoration Services Inc","Renovations, Remodels and General Contracting in Los Olivos","Renovations, remodels and general contracting in Los Olivos, CA. IICRC-certified, insurance billing accepted. Call (805) 345-7440.","renovations, remodels and general contracting los olivos",general contractor|home renovation services|home remodeling|kitchen remodel|bathroom remodel|post-damage rebuild,local_commercial,,,900,hero|og|inline-1|inline-2,service|local-business|faq|breadcrumb-list,/services/general-contracting/|/service-areas/los-olivos-ca/|/service-areas/los-olivos-ca/fire-damage-restoration/|/service-areas/los-olivos-ca/mold-remediation/|/service-areas/arroyo-grande-ca/general-contracting/|/service-areas/atascadero-ca/general-contracting/|/contact/,5.60,planned
/service-areas/los-olivos-ca/large-loss-response/,service-area-service,"Large Loss and Catastrophic Response in Los Olivos, CA | Coastal Restoration Services Inc",Large Loss and Catastrophic Response in Los Olivos,"Large loss and catastrophic response in Los Olivos, CA. IICRC-certified, insurance billing accepted. Call (805) 345-7440.",large loss and catastrophic response los olivos,large loss restoration|catastrophic loss response|commercial catastrophic restoration|multi-million dollar restoration|large loss adjusters,local_b2b,,,900,hero|og|inline-1|inline-2,service|local-business|faq|breadcrumb-list,/services/large-loss-response/|/service-areas/los-olivos-ca/|/service-areas/los-olivos-ca/fire-damage-restoration/|/service-areas/los-olivos-ca/mold-remediation/|/service-areas/arroyo-grande-ca/large-loss-response/|/service-areas/atascadero-ca/large-loss-response/|/contact/,5.60,planned
/service-areas/los-olivos-ca/mold-inspection-testing/,service-area-service,"Mold Inspection and Testing in Los Olivos, CA | Coastal Restoration Services Inc",Mold Inspection and Testing in Los Olivos,"Mold inspection and testing in Los Olivos, CA. IICRC-certified, insurance billing accepted. Call (805) 345-7440.",mold inspection and testing los olivos,mold inspection|mold testing|indoor air quality testing|mold spore testing|mold assessment,local_health,,,900,hero|og|inline-1|inline-2,service|local-business|faq|breadcrumb-list,/services/mold-inspection-testing/|/service-areas/los-olivos-ca/|/service-areas/los-olivos-ca/fire-damage-restoration/|/service-areas/los-olivos-ca/mold-remediation/|/service-areas/arroyo-grande-ca/mold-inspection-testing/|/service-areas/atascadero-ca/mold-inspection-testing/|/contact/,5.60,planned
/service-areas/los-osos-ca/basement-flooding-cleanup/,service-area-service,"Basement Flooding Cleanup in Los Osos, CA | Coastal Restoration Services Inc",Basement Flooding Cleanup in Los Osos,"Basement flooding cleanup in Los Osos, CA. IICRC-certified, insurance billing accepted. Call (805) 345-7440.",basement flooding cleanup los osos,flooded basement cleanup|basement water removal|wet basement restoration|basement water damage|basement drying,local_emergency,,,900,hero|og|inline-1|inline-2,service|local-business|faq|breadcrumb-list,/services/basement-flooding-cleanup/|/service-areas/los-osos-ca/|/service-areas/los-osos-ca/fire-damage-restoration/|/service-areas/los-osos-ca/mold-remediation/|/service-areas/arroyo-grande-ca/basement-flooding-cleanup/|/service-areas/atascadero-ca/basement-flooding-cleanup/|/contact/,5.60,planned
/service-areas/los-osos-ca/biohazard-cleanup/,service-area-service,"Biohazard Cleanup in Los Osos, CA | Coastal Restoration Services Inc",Biohazard Cleanup in Los Osos,"Biohazard cleanup in Los Osos, CA. IICRC-certified, insurance billing accepted. Call (805) 345-7440.",biohazard cleanup los osos,biohazard remediation|blood cleanup|bodily fluid cleanup|sharps and needle cleanup|infectious material cleanup,local_sensitive,,,900,hero|og|inline-1|inline-2,service|local-business|faq|breadcrumb-list,/services/biohazard-cleanup/|/service-areas/los-osos-ca/|/service-areas/los-osos-ca/fire-damage-restoration/|/service-areas/los-osos-ca/mold-remediation/|/service-areas/arroyo-grande-ca/biohazard-cleanup/|/service-areas/atascadero-ca/biohazard-cleanup/|/contact/,5.60,planned
/service-areas/los-osos-ca/burst-pipe-repair/,service-area-service,"Burst Pipe Cleanup and Repair in Los Osos, CA | Coastal Restoration Services Inc",Burst Pipe Cleanup and Repair in Los Osos,"Burst pipe cleanup and repair in Los Osos, CA. IICRC-certified, insurance billing accepted. Call (805) 345-7440.",burst pipe cleanup and repair los osos,burst pipe cleanup|pipe break water damage|water line break,local_emergency,,,900,hero|og|inline-1|inline-2,service|local-business|faq|breadcrumb-list,/services/burst-pipe-repair/|/service-areas/los-osos-ca/|/service-areas/los-osos-ca/fire-damage-restoration/|/service-areas/los-osos-ca/mold-remediation/|/service-areas/arroyo-grande-ca/burst-pipe-repair/|/service-areas/atascadero-ca/burst-pipe-repair/|/contact/,5.60,planned
/service-areas/los-osos-ca/ceiling-water-damage-repair/,service-area-service,"Ceiling Water Damage Repair in Los Osos, CA | Coastal Restoration Services Inc",Ceiling Water Damage Repair in Los Osos,"Ceiling water damage repair in Los Osos, CA. IICRC-certified, insurance billing accepted. Call (805) 345-7440.",ceiling water damage repair los osos,ceiling leaking|water coming through ceiling|ceiling leak repair|sagging ceiling water damage|water stain ceiling,local_emergency,,,900,hero|og|inline-1|inline-2,service|local-business|faq|breadcrumb-list,/services/ceiling-water-damage-repair/|/service-areas/los-osos-ca/|/service-areas/los-osos-ca/fire-damage-restoration/|/service-areas/los-osos-ca/mold-remediation/|/service-areas/arroyo-grande-ca/ceiling-water-damage-repair/|/service-areas/atascadero-ca/ceiling-water-damage-repair/|/contact/,5.60,planned
/service-areas/los-osos-ca/general-contracting/,service-area-service,"Renovations, Remodels and General Contracting in Los Osos, CA | Coastal Restoration Services Inc","Renovations, Remodels and General Contracting in Los Osos","Renovations, remodels and general contracting in Los Osos, CA. IICRC-certified, insurance billing accepted. Call (805) 345-7440.","renovations, remodels and general contracting los osos",general contractor|home renovation services|home remodeling|kitchen remodel|bathroom remodel|post-damage rebuild,local_commercial,,,900,hero|og|inline-1|inline-2,service|local-business|faq|breadcrumb-list,/services/general-contracting/|/service-areas/los-osos-ca/|/service-areas/los-osos-ca/fire-damage-restoration/|/service-areas/los-osos-ca/mold-remediation/|/service-areas/arroyo-grande-ca/general-contracting/|/service-areas/atascadero-ca/general-contracting/|/contact/,5.60,planned
/service-areas/los-osos-ca/large-loss-response/,service-area-service,"Large Loss and Catastrophic Response in Los Osos, CA | Coastal Restoration Services Inc",Large Loss and Catastrophic Response in Los Osos,"Large loss and catastrophic response in Los Osos, CA. IICRC-certified, insurance billing accepted. Call (805) 345-7440.",large loss and catastrophic response los osos,large loss restoration|catastrophic loss response|commercial catastrophic restoration|multi-million dollar restoration|large loss adjusters,local_b2b,,,900,hero|og|inline-1|inline-2,service|local-business|faq|breadcrumb-list,/services/large-loss-response/|/service-areas/los-osos-ca/|/service-areas/los-osos-ca/fire-damage-restoration/|/service-areas/los-osos-ca/mold-remediation/|/service-areas/arroyo-grande-ca/large-loss-response/|/service-areas/atascadero-ca/large-loss-response/|/contact/,5.60,planned
/service-areas/los-osos-ca/mold-inspection-testing/,service-area-service,"Mold Inspection and Testing in Los Osos, CA | Coastal Restoration Services Inc",Mold Inspection and Testing in Los Osos,"Mold inspection and testing in Los Osos, CA. IICRC-certified, insurance billing accepted. Call (805) 345-7440.",mold inspection and testing los osos,mold inspection|mold testing|indoor air quality testing|mold spore testing|mold assessment,local_health,,,900,hero|og|inline-1|inline-2,service|local-business|faq|breadcrumb-list,/services/mold-inspection-testing/|/service-areas/los-osos-ca/|/service-areas/los-osos-ca/fire-damage-restoration/|/service-areas/los-osos-ca/mold-remediation/|/service-areas/arroyo-grande-ca/mold-inspection-testing/|/service-areas/atascadero-ca/mold-inspection-testing/|/contact/,5.60,planned
/service-areas/mission-hills-ca/basement-flooding-cleanup/,service-area-service,"Basement Flooding Cleanup in Mission Hills, CA | Coastal Restoration Services Inc",Basement Flooding Cleanup in Mission Hills,"Basement flooding cleanup in Mission Hills, CA. IICRC-certified, insurance billing accepted. Call (805) 345-7440.",basement flooding cleanup mission hills,flooded basement cleanup|basement water removal|wet basement restoration|basement water damage|basement drying,local_emergency,,,900,hero|og|inline-1|inline-2,service|local-business|faq|breadcrumb-list,/services/basement-flooding-cleanup/|/service-areas/mission-hills-ca/|/service-areas/mission-hills-ca/fire-damage-restoration/|/service-areas/mission-hills-ca/mold-remediation/|/service-areas/arroyo-grande-ca/basement-flooding-cleanup/|/service-areas/atascadero-ca/basement-flooding-cleanup/|/contact/,5.60,planned
/service-areas/mission-hills-ca/biohazard-cleanup/,service-area-service,"Biohazard Cleanup in Mission Hills, CA | Coastal Restoration Services Inc",Biohazard Cleanup in Mission Hills,"Biohazard cleanup in Mission Hills, CA. IICRC-certified, insurance billing accepted. Call (805) 345-7440.",biohazard cleanup mission hills,biohazard remediation|blood cleanup|bodily fluid cleanup|sharps and needle cleanup|infectious material cleanup,local_sensitive,,,900,hero|og|inline-1|inline-2,service|local-business|faq|breadcrumb-list,/services/biohazard-cleanup/|/service-areas/mission-hills-ca/|/service-areas/mission-hills-ca/fire-damage-restoration/|/service-areas/mission-hills-ca/mold-remediation/|/service-areas/arroyo-grande-ca/biohazard-cleanup/|/service-areas/atascadero-ca/biohazard-cleanup/|/contact/,5.60,planned
/service-areas/mission-hills-ca/burst-pipe-repair/,service-area-service,"Burst Pipe Cleanup and Repair in Mission Hills, CA | Coastal Restoration Services Inc",Burst Pipe Cleanup and Repair in Mission Hills,"Burst pipe cleanup and repair in Mission Hills, CA. IICRC-certified, insurance billing accepted. Call (805) 345-7440.",burst pipe cleanup and repair mission hills,burst pipe cleanup|pipe break water damage|water line break,local_emergency,,,900,hero|og|inline-1|inline-2,service|local-business|faq|breadcrumb-list,/services/burst-pipe-repair/|/service-areas/mission-hills-ca/|/service-areas/mission-hills-ca/fire-damage-restoration/|/service-areas/mission-hills-ca/mold-remediation/|/service-areas/arroyo-grande-ca/burst-pipe-repair/|/service-areas/atascadero-ca/burst-pipe-repair/|/contact/,5.60,planned
/service-areas/mission-hills-ca/ceiling-water-damage-repair/,service-area-service,"Ceiling Water Damage Repair in Mission Hills, CA | Coastal Restoration Services Inc",Ceiling Water Damage Repair in Mission Hills,"Ceiling water damage repair in Mission Hills, CA. IICRC-certified, insurance billing accepted. Call (805) 345-7440.",ceiling water damage repair mission hills,ceiling leaking|water coming through ceiling|ceiling leak repair|sagging ceiling water damage|water stain ceiling,local_emergency,,,900,hero|og|inline-1|inline-2,service|local-business|faq|breadcrumb-list,/services/ceiling-water-damage-repair/|/service-areas/mission-hills-ca/|/service-areas/mission-hills-ca/fire-damage-restoration/|/service-areas/mission-hills-ca/mold-remediation/|/service-areas/arroyo-grande-ca/ceiling-water-damage-repair/|/service-areas/atascadero-ca/ceiling-water-damage-repair/|/contact/,5.60,planned
/service-areas/mission-hills-ca/general-contracting/,service-area-service,"Renovations, Remodels and General Contracting in Mission Hills, CA | Coastal Restoration Services Inc","Renovations, Remodels and General Contracting in Mission Hills","Renovations, remodels and general contracting in Mission Hills, CA. IICRC-certified, insurance billing accepted. Call (805) 345-7440.","renovations, remodels and general contracting mission hills",general contractor|home renovation services|home remodeling|kitchen remodel|bathroom remodel|post-damage rebuild,local_commercial,,,900,hero|og|inline-1|inline-2,service|local-business|faq|breadcrumb-list,/services/general-contracting/|/service-areas/mission-hills-ca/|/service-areas/mission-hills-ca/fire-damage-restoration/|/service-areas/mission-hills-ca/mold-remediation/|/service-areas/arroyo-grande-ca/general-contracting/|/service-areas/atascadero-ca/general-contracting/|/contact/,5.60,planned
/service-areas/mission-hills-ca/large-loss-response/,service-area-service,"Large Loss and Catastrophic Response in Mission Hills, CA | Coastal Restoration Services Inc",Large Loss and Catastrophic Response in Mission Hills,"Large loss and catastrophic response in Mission Hills, CA. IICRC-certified, insurance billing accepted. Call (805) 345-7440.",large loss and catastrophic response mission hills,large loss restoration|catastrophic loss response|commercial catastrophic restoration|multi-million dollar restoration|large loss adjusters,local_b2b,,,900,hero|og|inline-1|inline-2,service|local-business|faq|breadcrumb-list,/services/large-loss-response/|/service-areas/mission-hills-ca/|/service-areas/mission-hills-ca/fire-damage-restoration/|/service-areas/mission-hills-ca/mold-remediation/|/service-areas/arroyo-grande-ca/large-loss-response/|/service-areas/atascadero-ca/large-loss-response/|/contact/,5.60,planned
/service-areas/mission-hills-ca/mold-inspection-testing/,service-area-service,"Mold Inspection and Testing in Mission Hills, CA | Coastal Restoration Services Inc",Mold Inspection and Testing in Mission Hills,"Mold inspection and testing in Mission Hills, CA. IICRC-certified, insurance billing accepted. Call (805) 345-7440.",mold inspection and testing mission hills,mold inspection|mold testing|indoor air quality testing|mold spore testing|mold assessment,local_health,,,900,hero|og|inline-1|inline-2,service|local-business|faq|breadcrumb-list,/services/mold-inspection-testing/|/service-areas/mission-hills-ca/|/service-areas/mission-hills-ca/fire-damage-restoration/|/service-areas/mission-hills-ca/mold-remediation/|/service-areas/arroyo-grande-ca/mold-inspection-testing/|/service-areas/atascadero-ca/mold-inspection-testing/|/contact/,5.60,planned
/service-areas/morro-bay-ca/basement-flooding-cleanup/,service-area-service,"Basement Flooding Cleanup in Morro Bay, CA | Coastal Restoration Services Inc",Basement Flooding Cleanup in Morro Bay,"Basement flooding cleanup in Morro Bay, CA. IICRC-certified, insurance billing accepted. Call (805) 345-7440.",basement flooding cleanup morro bay,flooded basement cleanup|basement water removal|wet basement restoration|basement water damage|basement drying,local_emergency,,,900,hero|og|inline-1|inline-2,service|local-business|faq|breadcrumb-list,/services/basement-flooding-cleanup/|/service-areas/morro-bay-ca/|/service-areas/morro-bay-ca/fire-damage-restoration/|/service-areas/morro-bay-ca/mold-remediation/|/service-areas/arroyo-grande-ca/basement-flooding-cleanup/|/service-areas/atascadero-ca/basement-flooding-cleanup/|/contact/,5.60,planned
/service-areas/morro-bay-ca/biohazard-cleanup/,service-area-service,"Biohazard Cleanup in Morro Bay, CA | Coastal Restoration Services Inc",Biohazard Cleanup in Morro Bay,"Biohazard cleanup in Morro Bay, CA. IICRC-certified, insurance billing accepted. Call (805) 345-7440.",biohazard cleanup morro bay,biohazard remediation|blood cleanup|bodily fluid cleanup|sharps and needle cleanup|infectious material cleanup,local_sensitive,,,900,hero|og|inline-1|inline-2,service|local-business|faq|breadcrumb-list,/services/biohazard-cleanup/|/service-areas/morro-bay-ca/|/service-areas/morro-bay-ca/fire-damage-restoration/|/service-areas/morro-bay-ca/mold-remediation/|/service-areas/arroyo-grande-ca/biohazard-cleanup/|/service-areas/atascadero-ca/biohazard-cleanup/|/contact/,5.60,planned
/service-areas/morro-bay-ca/burst-pipe-repair/,service-area-service,"Burst Pipe Cleanup and Repair in Morro Bay, CA | Coastal Restoration Services Inc",Burst Pipe Cleanup and Repair in Morro Bay,"Burst pipe cleanup and repair in Morro Bay, CA. IICRC-certified, insurance billing accepted. Call (805) 345-7440.",burst pipe cleanup and repair morro bay,burst pipe cleanup|pipe break water damage|water line break,local_emergency,,,900,hero|og|inline-1|inline-2,service|local-business|faq|breadcrumb-list,/services/burst-pipe-repair/|/service-areas/morro-bay-ca/|/service-areas/morro-bay-ca/fire-damage-restoration/|/service-areas/morro-bay-ca/mold-remediation/|/service-areas/arroyo-grande-ca/burst-pipe-repair/|/service-areas/atascadero-ca/burst-pipe-repair/|/contact/,5.60,planned
/service-areas/morro-bay-ca/ceiling-water-damage-repair/,service-area-service,"Ceiling Water Damage Repair in Morro Bay, CA | Coastal Restoration Services Inc",Ceiling Water Damage Repair in Morro Bay,"Ceiling water damage repair in Morro Bay, CA. IICRC-certified, insurance billing accepted. Call (805) 345-7440.",ceiling water damage repair morro bay,ceiling leaking|water coming through ceiling|ceiling leak repair|sagging ceiling water damage|water stain ceiling,local_emergency,,,900,hero|og|inline-1|inline-2,service|local-business|faq|breadcrumb-list,/services/ceiling-water-damage-repair/|/service-areas/morro-bay-ca/|/service-areas/morro-bay-ca/fire-damage-restoration/|/service-areas/morro-bay-ca/mold-remediation/|/service-areas/arroyo-grande-ca/ceiling-water-damage-repair/|/service-areas/atascadero-ca/ceiling-water-damage-repair/|/contact/,5.60,planned
/service-areas/morro-bay-ca/general-contracting/,service-area-service,"Renovations, Remodels and General Contracting in Morro Bay, CA | Coastal Restoration Services Inc","Renovations, Remodels and General Contracting in Morro Bay","Renovations, remodels and general contracting in Morro Bay, CA. IICRC-certified, insurance billing accepted. Call (805) 345-7440.","renovations, remodels and general contracting morro bay",general contractor|home renovation services|home remodeling|kitchen remodel|bathroom remodel|post-damage rebuild,local_commercial,,,900,hero|og|inline-1|inline-2,service|local-business|faq|breadcrumb-list,/services/general-contracting/|/service-areas/morro-bay-ca/|/service-areas/morro-bay-ca/fire-damage-restoration/|/service-areas/morro-bay-ca/mold-remediation/|/service-areas/arroyo-grande-ca/general-contracting/|/service-areas/atascadero-ca/general-contracting/|/contact/,5.60,planned
/service-areas/morro-bay-ca/large-loss-response/,service-area-service,"Large Loss and Catastrophic Response in Morro Bay, CA | Coastal Restoration Services Inc",Large Loss and Catastrophic Response in Morro Bay,"Large loss and catastrophic response in Morro Bay, CA. IICRC-certified, insurance billing accepted. Call (805) 345-7440.",large loss and catastrophic response morro bay,large loss restoration|catastrophic loss response|commercial catastrophic restoration|multi-million dollar restoration|large loss adjusters,local_b2b,,,900,hero|og|inline-1|inline-2,service|local-business|faq|breadcrumb-list,/services/large-loss-response/|/service-areas/morro-bay-ca/|/service-areas/morro-bay-ca/fire-damage-restoration/|/service-areas/morro-bay-ca/mold-remediation/|/service-areas/arroyo-grande-ca/large-loss-response/|/service-areas/atascadero-ca/large-loss-response/|/contact/,5.60,planned
/service-areas/morro-bay-ca/mold-inspection-testing/,service-area-service,"Mold Inspection and Testing in Morro Bay, CA | Coastal Restoration Services Inc",Mold Inspection and Testing in Morro Bay,"Mold inspection and testing in Morro Bay, CA. IICRC-certified, insurance billing accepted. Call (805) 345-7440.",mold inspection and testing morro bay,mold inspection|mold testing|indoor air quality testing|mold spore testing|mold assessment,local_health,,,900,hero|og|inline-1|inline-2,service|local-business|faq|breadcrumb-list,/services/mold-inspection-testing/|/service-areas/morro-bay-ca/|/service-areas/morro-bay-ca/fire-damage-restoration/|/service-areas/morro-bay-ca/mold-remediation/|/service-areas/arroyo-grande-ca/mold-inspection-testing/|/service-areas/atascadero-ca/mold-inspection-testing/|/contact/,5.60,planned
/service-areas/nipomo-ca/basement-flooding-cleanup/,service-area-service,"Basement Flooding Cleanup in Nipomo, CA | Coastal Restoration Services Inc",Basement Flooding Cleanup in Nipomo,"Basement flooding cleanup in Nipomo, CA. IICRC-certified, insurance billing accepted. Call (805) 345-7440.",basement flooding cleanup nipomo,flooded basement cleanup|basement water removal|wet basement restoration|basement water damage|basement drying,local_emergency,,,900,hero|og|inline-1|inline-2,service|local-business|faq|breadcrumb-list,/services/basement-flooding-cleanup/|/service-areas/nipomo-ca/|/service-areas/nipomo-ca/fire-damage-restoration/|/service-areas/nipomo-ca/mold-remediation/|/service-areas/arroyo-grande-ca/basement-flooding-cleanup/|/service-areas/atascadero-ca/basement-flooding-cleanup/|/contact/,5.60,planned
/service-areas/nipomo-ca/biohazard-cleanup/,service-area-service,"Biohazard Cleanup in Nipomo, CA | Coastal Restoration Services Inc",Biohazard Cleanup in Nipomo,"Biohazard cleanup in Nipomo, CA. IICRC-certified, insurance billing accepted. Call (805) 345-7440.",biohazard cleanup nipomo,biohazard remediation|blood cleanup|bodily fluid cleanup|sharps and needle cleanup|infectious material cleanup,local_sensitive,,,900,hero|og|inline-1|inline-2,service|local-business|faq|breadcrumb-list,/services/biohazard-cleanup/|/service-areas/nipomo-ca/|/service-areas/nipomo-ca/fire-damage-restoration/|/service-areas/nipomo-ca/mold-remediation/|/service-areas/arroyo-grande-ca/biohazard-cleanup/|/service-areas/atascadero-ca/biohazard-cleanup/|/contact/,5.60,planned
/service-areas/nipomo-ca/burst-pipe-repair/,service-area-service,"Burst Pipe Cleanup and Repair in Nipomo, CA | Coastal Restoration Services Inc",Burst Pipe Cleanup and Repair in Nipomo,"Burst pipe cleanup and repair in Nipomo, CA. IICRC-certified, insurance billing accepted. Call (805) 345-7440.",burst pipe cleanup and repair nipomo,burst pipe cleanup|pipe break water damage|water line break,local_emergency,,,900,hero|og|inline-1|inline-2,service|local-business|faq|breadcrumb-list,/services/burst-pipe-repair/|/service-areas/nipomo-ca/|/service-areas/nipomo-ca/fire-damage-restoration/|/service-areas/nipomo-ca/mold-remediation/|/service-areas/arroyo-grande-ca/burst-pipe-repair/|/service-areas/atascadero-ca/burst-pipe-repair/|/contact/,5.60,planned
/service-areas/nipomo-ca/ceiling-water-damage-repair/,service-area-service,"Ceiling Water Damage Repair in Nipomo, CA | Coastal Restoration Services Inc",Ceiling Water Damage Repair in Nipomo,"Ceiling water damage repair in Nipomo, CA. IICRC-certified, insurance billing accepted. Call (805) 345-7440.",ceiling water damage repair nipomo,ceiling leaking|water coming through ceiling|ceiling leak repair|sagging ceiling water damage|water stain ceiling,local_emergency,,,900,hero|og|inline-1|inline-2,service|local-business|faq|breadcrumb-list,/services/ceiling-water-damage-repair/|/service-areas/nipomo-ca/|/service-areas/nipomo-ca/fire-damage-restoration/|/service-areas/nipomo-ca/mold-remediation/|/service-areas/arroyo-grande-ca/ceiling-water-damage-repair/|/service-areas/atascadero-ca/ceiling-water-damage-repair/|/contact/,5.60,planned
/service-areas/nipomo-ca/general-contracting/,service-area-service,"Renovations, Remodels and General Contracting in Nipomo, CA | Coastal Restoration Services Inc","Renovations, Remodels and General Contracting in Nipomo","Renovations, remodels and general contracting in Nipomo, CA. IICRC-certified, insurance billing accepted. Call (805) 345-7440.","renovations, remodels and general contracting nipomo",general contractor|home renovation services|home remodeling|kitchen remodel|bathroom remodel|post-damage rebuild,local_commercial,,,900,hero|og|inline-1|inline-2,service|local-business|faq|breadcrumb-list,/services/general-contracting/|/service-areas/nipomo-ca/|/service-areas/nipomo-ca/fire-damage-restoration/|/service-areas/nipomo-ca/mold-remediation/|/service-areas/arroyo-grande-ca/general-contracting/|/service-areas/atascadero-ca/general-contracting/|/contact/,5.60,planned
/service-areas/nipomo-ca/large-loss-response/,service-area-service,"Large Loss and Catastrophic Response in Nipomo, CA | Coastal Restoration Services Inc",Large Loss and Catastrophic Response in Nipomo,"Large loss and catastrophic response in Nipomo, CA. IICRC-certified, insurance billing accepted. Call (805) 345-7440.",large loss and catastrophic response nipomo,large loss restoration|catastrophic loss response|commercial catastrophic restoration|multi-million dollar restoration|large loss adjusters,local_b2b,,,900,hero|og|inline-1|inline-2,service|local-business|faq|breadcrumb-list,/services/large-loss-response/|/service-areas/nipomo-ca/|/service-areas/nipomo-ca/fire-damage-restoration/|/service-areas/nipomo-ca/mold-remediation/|/service-areas/arroyo-grande-ca/large-loss-response/|/service-areas/atascadero-ca/large-loss-response/|/contact/,5.60,planned
/service-areas/nipomo-ca/mold-inspection-testing/,service-area-service,"Mold Inspection and Testing in Nipomo, CA | Coastal Restoration Services Inc",Mold Inspection and Testing in Nipomo,"Mold inspection and testing in Nipomo, CA. IICRC-certified, insurance billing accepted. Call (805) 345-7440.",mold inspection and testing nipomo,mold inspection|mold testing|indoor air quality testing|mold spore testing|mold assessment,local_health,,,900,hero|og|inline-1|inline-2,service|local-business|faq|breadcrumb-list,/services/mold-inspection-testing/|/service-areas/nipomo-ca/|/service-areas/nipomo-ca/fire-damage-restoration/|/service-areas/nipomo-ca/mold-remediation/|/service-areas/arroyo-grande-ca/mold-inspection-testing/|/service-areas/atascadero-ca/mold-inspection-testing/|/contact/,5.60,planned
/service-areas/oceano-ca/basement-flooding-cleanup/,service-area-service,"Basement Flooding Cleanup in Oceano, CA | Coastal Restoration Services Inc",Basement Flooding Cleanup in Oceano,"Basement flooding cleanup in Oceano, CA. IICRC-certified, insurance billing accepted. Call (805) 345-7440.",basement flooding cleanup oceano,flooded basement cleanup|basement water removal|wet basement restoration|basement water damage|basement drying,local_emergency,,,900,hero|og|inline-1|inline-2,service|local-business|faq|breadcrumb-list,/services/basement-flooding-cleanup/|/service-areas/oceano-ca/|/service-areas/oceano-ca/fire-damage-restoration/|/service-areas/oceano-ca/mold-remediation/|/service-areas/arroyo-grande-ca/basement-flooding-cleanup/|/service-areas/atascadero-ca/basement-flooding-cleanup/|/contact/,5.60,planned
/service-areas/oceano-ca/biohazard-cleanup/,service-area-service,"Biohazard Cleanup in Oceano, CA | Coastal Restoration Services Inc",Biohazard Cleanup in Oceano,"Biohazard cleanup in Oceano, CA. IICRC-certified, insurance billing accepted. Call (805) 345-7440.",biohazard cleanup oceano,biohazard remediation|blood cleanup|bodily fluid cleanup|sharps and needle cleanup|infectious material cleanup,local_sensitive,,,900,hero|og|inline-1|inline-2,service|local-business|faq|breadcrumb-list,/services/biohazard-cleanup/|/service-areas/oceano-ca/|/service-areas/oceano-ca/fire-damage-restoration/|/service-areas/oceano-ca/mold-remediation/|/service-areas/arroyo-grande-ca/biohazard-cleanup/|/service-areas/atascadero-ca/biohazard-cleanup/|/contact/,5.60,planned
/service-areas/oceano-ca/burst-pipe-repair/,service-area-service,"Burst Pipe Cleanup and Repair in Oceano, CA | Coastal Restoration Services Inc",Burst Pipe Cleanup and Repair in Oceano,"Burst pipe cleanup and repair in Oceano, CA. IICRC-certified, insurance billing accepted. Call (805) 345-7440.",burst pipe cleanup and repair oceano,burst pipe cleanup|pipe break water damage|water line break,local_emergency,,,900,hero|og|inline-1|inline-2,service|local-business|faq|breadcrumb-list,/services/burst-pipe-repair/|/service-areas/oceano-ca/|/service-areas/oceano-ca/fire-damage-restoration/|/service-areas/oceano-ca/mold-remediation/|/service-areas/arroyo-grande-ca/burst-pipe-repair/|/service-areas/atascadero-ca/burst-pipe-repair/|/contact/,5.60,planned
/service-areas/oceano-ca/ceiling-water-damage-repair/,service-area-service,"Ceiling Water Damage Repair in Oceano, CA | Coastal Restoration Services Inc",Ceiling Water Damage Repair in Oceano,"Ceiling water damage repair in Oceano, CA. IICRC-certified, insurance billing accepted. Call (805) 345-7440.",ceiling water damage repair oceano,ceiling leaking|water coming through ceiling|ceiling leak repair|sagging ceiling water damage|water stain ceiling,local_emergency,,,900,hero|og|inline-1|inline-2,service|local-business|faq|breadcrumb-list,/services/ceiling-water-damage-repair/|/service-areas/oceano-ca/|/service-areas/oceano-ca/fire-damage-restoration/|/service-areas/oceano-ca/mold-remediation/|/service-areas/arroyo-grande-ca/ceiling-water-damage-repair/|/service-areas/atascadero-ca/ceiling-water-damage-repair/|/contact/,5.60,planned
/service-areas/oceano-ca/general-contracting/,service-area-service,"Renovations, Remodels and General Contracting in Oceano, CA | Coastal Restoration Services Inc","Renovations, Remodels and General Contracting in Oceano","Renovations, remodels and general contracting in Oceano, CA. IICRC-certified, insurance billing accepted. Call (805) 345-7440.","renovations, remodels and general contracting oceano",general contractor|home renovation services|home remodeling|kitchen remodel|bathroom remodel|post-damage rebuild,local_commercial,,,900,hero|og|inline-1|inline-2,service|local-business|faq|breadcrumb-list,/services/general-contracting/|/service-areas/oceano-ca/|/service-areas/oceano-ca/fire-damage-restoration/|/service-areas/oceano-ca/mold-remediation/|/service-areas/arroyo-grande-ca/general-contracting/|/service-areas/atascadero-ca/general-contracting/|/contact/,5.60,planned
/service-areas/oceano-ca/large-loss-response/,service-area-service,"Large Loss and Catastrophic Response in Oceano, CA | Coastal Restoration Services Inc",Large Loss and Catastrophic Response in Oceano,"Large loss and catastrophic response in Oceano, CA. IICRC-certified, insurance billing accepted. Call (805) 345-7440.",large loss and catastrophic response oceano,large loss restoration|catastrophic loss response|commercial catastrophic restoration|multi-million dollar restoration|large loss adjusters,local_b2b,,,900,hero|og|inline-1|inline-2,service|local-business|faq|breadcrumb-list,/services/large-loss-response/|/service-areas/oceano-ca/|/service-areas/oceano-ca/fire-damage-restoration/|/service-areas/oceano-ca/mold-remediation/|/service-areas/arroyo-grande-ca/large-loss-response/|/service-areas/atascadero-ca/large-loss-response/|/contact/,5.60,planned
/service-areas/oceano-ca/mold-inspection-testing/,service-area-service,"Mold Inspection and Testing in Oceano, CA | Coastal Restoration Services Inc",Mold Inspection and Testing in Oceano,"Mold inspection and testing in Oceano, CA. IICRC-certified, insurance billing accepted. Call (805) 345-7440.",mold inspection and testing oceano,mold inspection|mold testing|indoor air quality testing|mold spore testing|mold assessment,local_health,,,900,hero|og|inline-1|inline-2,service|local-business|faq|breadcrumb-list,/services/mold-inspection-testing/|/service-areas/oceano-ca/|/service-areas/oceano-ca/fire-damage-restoration/|/service-areas/oceano-ca/mold-remediation/|/service-areas/arroyo-grande-ca/mold-inspection-testing/|/service-areas/atascadero-ca/mold-inspection-testing/|/contact/,5.60,planned
/service-areas/orcutt-ca/basement-flooding-cleanup/,service-area-service,"Basement Flooding Cleanup in Orcutt, CA | Coastal Restoration Services Inc",Basement Flooding Cleanup in Orcutt,"Basement flooding cleanup in Orcutt, CA. IICRC-certified, insurance billing accepted. Call (805) 345-7440.",basement flooding cleanup orcutt,flooded basement cleanup|basement water removal|wet basement restoration|basement water damage|basement drying,local_emergency,,,900,hero|og|inline-1|inline-2,service|local-business|faq|breadcrumb-list,/services/basement-flooding-cleanup/|/service-areas/orcutt-ca/|/service-areas/orcutt-ca/fire-damage-restoration/|/service-areas/orcutt-ca/mold-remediation/|/service-areas/arroyo-grande-ca/basement-flooding-cleanup/|/service-areas/atascadero-ca/basement-flooding-cleanup/|/contact/,5.60,planned
/service-areas/orcutt-ca/biohazard-cleanup/,service-area-service,"Biohazard Cleanup in Orcutt, CA | Coastal Restoration Services Inc",Biohazard Cleanup in Orcutt,"Biohazard cleanup in Orcutt, CA. IICRC-certified, insurance billing accepted. Call (805) 345-7440.",biohazard cleanup orcutt,biohazard remediation|blood cleanup|bodily fluid cleanup|sharps and needle cleanup|infectious material cleanup,local_sensitive,,,900,hero|og|inline-1|inline-2,service|local-business|faq|breadcrumb-list,/services/biohazard-cleanup/|/service-areas/orcutt-ca/|/service-areas/orcutt-ca/fire-damage-restoration/|/service-areas/orcutt-ca/mold-remediation/|/service-areas/arroyo-grande-ca/biohazard-cleanup/|/service-areas/atascadero-ca/biohazard-cleanup/|/contact/,5.60,planned
/service-areas/orcutt-ca/burst-pipe-repair/,service-area-service,"Burst Pipe Cleanup and Repair in Orcutt, CA | Coastal Restoration Services Inc",Burst Pipe Cleanup and Repair in Orcutt,"Burst pipe cleanup and repair in Orcutt, CA. IICRC-certified, insurance billing accepted. Call (805) 345-7440.",burst pipe cleanup and repair orcutt,burst pipe cleanup|pipe break water damage|water line break,local_emergency,,,900,hero|og|inline-1|inline-2,service|local-business|faq|breadcrumb-list,/services/burst-pipe-repair/|/service-areas/orcutt-ca/|/service-areas/orcutt-ca/fire-damage-restoration/|/service-areas/orcutt-ca/mold-remediation/|/service-areas/arroyo-grande-ca/burst-pipe-repair/|/service-areas/atascadero-ca/burst-pipe-repair/|/contact/,5.60,planned
/service-areas/orcutt-ca/ceiling-water-damage-repair/,service-area-service,"Ceiling Water Damage Repair in Orcutt, CA | Coastal Restoration Services Inc",Ceiling Water Damage Repair in Orcutt,"Ceiling water damage repair in Orcutt, CA. IICRC-certified, insurance billing accepted. Call (805) 345-7440.",ceiling water damage repair orcutt,ceiling leaking|water coming through ceiling|ceiling leak repair|sagging ceiling water damage|water stain ceiling,local_emergency,,,900,hero|og|inline-1|inline-2,service|local-business|faq|breadcrumb-list,/services/ceiling-water-damage-repair/|/service-areas/orcutt-ca/|/service-areas/orcutt-ca/fire-damage-restoration/|/service-areas/orcutt-ca/mold-remediation/|/service-areas/arroyo-grande-ca/ceiling-water-damage-repair/|/service-areas/atascadero-ca/ceiling-water-damage-repair/|/contact/,5.60,planned
/service-areas/orcutt-ca/general-contracting/,service-area-service,"Renovations, Remodels and General Contracting in Orcutt, CA | Coastal Restoration Services Inc","Renovations, Remodels and General Contracting in Orcutt","Renovations, remodels and general contracting in Orcutt, CA. IICRC-certified, insurance billing accepted. Call (805) 345-7440.","renovations, remodels and general contracting orcutt",general contractor|home renovation services|home remodeling|kitchen remodel|bathroom remodel|post-damage rebuild,local_commercial,,,900,hero|og|inline-1|inline-2,service|local-business|faq|breadcrumb-list,/services/general-contracting/|/service-areas/orcutt-ca/|/service-areas/orcutt-ca/fire-damage-restoration/|/service-areas/orcutt-ca/mold-remediation/|/service-areas/arroyo-grande-ca/general-contracting/|/service-areas/atascadero-ca/general-contracting/|/contact/,5.60,planned
/service-areas/orcutt-ca/large-loss-response/,service-area-service,"Large Loss and Catastrophic Response in Orcutt, CA | Coastal Restoration Services Inc",Large Loss and Catastrophic Response in Orcutt,"Large loss and catastrophic response in Orcutt, CA. IICRC-certified, insurance billing accepted. Call (805) 345-7440.",large loss and catastrophic response orcutt,large loss restoration|catastrophic loss response|commercial catastrophic restoration|multi-million dollar restoration|large loss adjusters,local_b2b,,,900,hero|og|inline-1|inline-2,service|local-business|faq|breadcrumb-list,/services/large-loss-response/|/service-areas/orcutt-ca/|/service-areas/orcutt-ca/fire-damage-restoration/|/service-areas/orcutt-ca/mold-remediation/|/service-areas/arroyo-grande-ca/large-loss-response/|/service-areas/atascadero-ca/large-loss-response/|/contact/,5.60,planned
/service-areas/orcutt-ca/mold-inspection-testing/,service-area-service,"Mold Inspection and Testing in Orcutt, CA | Coastal Restoration Services Inc",Mold Inspection and Testing in Orcutt,"Mold inspection and testing in Orcutt, CA. IICRC-certified, insurance billing accepted. Call (805) 345-7440.",mold inspection and testing orcutt,mold inspection|mold testing|indoor air quality testing|mold spore testing|mold assessment,local_health,,,900,hero|og|inline-1|inline-2,service|local-business|faq|breadcrumb-list,/services/mold-inspection-testing/|/service-areas/orcutt-ca/|/service-areas/orcutt-ca/fire-damage-restoration/|/service-areas/orcutt-ca/mold-remediation/|/service-areas/arroyo-grande-ca/mold-inspection-testing/|/service-areas/atascadero-ca/mold-inspection-testing/|/contact/,5.60,planned
/service-areas/pismo-beach-ca/basement-flooding-cleanup/,service-area-service,"Basement Flooding Cleanup in Pismo Beach, CA | Coastal Restoration Services Inc",Basement Flooding Cleanup in Pismo Beach,"Basement flooding cleanup in Pismo Beach, CA. IICRC-certified, insurance billing accepted. Call (805) 345-7440.",basement flooding cleanup pismo beach,flooded basement cleanup|basement water removal|wet basement restoration|basement water damage|basement drying,local_emergency,,,900,hero|og|inline-1|inline-2,service|local-business|faq|breadcrumb-list,/services/basement-flooding-cleanup/|/service-areas/pismo-beach-ca/|/service-areas/pismo-beach-ca/fire-damage-restoration/|/service-areas/pismo-beach-ca/mold-remediation/|/service-areas/arroyo-grande-ca/basement-flooding-cleanup/|/service-areas/atascadero-ca/basement-flooding-cleanup/|/contact/,5.60,planned
/service-areas/pismo-beach-ca/biohazard-cleanup/,service-area-service,"Biohazard Cleanup in Pismo Beach, CA | Coastal Restoration Services Inc",Biohazard Cleanup in Pismo Beach,"Biohazard cleanup in Pismo Beach, CA. IICRC-certified, insurance billing accepted. Call (805) 345-7440.",biohazard cleanup pismo beach,biohazard remediation|blood cleanup|bodily fluid cleanup|sharps and needle cleanup|infectious material cleanup,local_sensitive,,,900,hero|og|inline-1|inline-2,service|local-business|faq|breadcrumb-list,/services/biohazard-cleanup/|/service-areas/pismo-beach-ca/|/service-areas/pismo-beach-ca/fire-damage-restoration/|/service-areas/pismo-beach-ca/mold-remediation/|/service-areas/arroyo-grande-ca/biohazard-cleanup/|/service-areas/atascadero-ca/biohazard-cleanup/|/contact/,5.60,planned
/service-areas/pismo-beach-ca/burst-pipe-repair/,service-area-service,"Burst Pipe Cleanup and Repair in Pismo Beach, CA | Coastal Restoration Services Inc",Burst Pipe Cleanup and Repair in Pismo Beach,"Burst pipe cleanup and repair in Pismo Beach, CA. IICRC-certified, insurance billing accepted. Call (805) 345-7440.",burst pipe cleanup and repair pismo beach,burst pipe cleanup|pipe break water damage|water line break,local_emergency,,,900,hero|og|inline-1|inline-2,service|local-business|faq|breadcrumb-list,/services/burst-pipe-repair/|/service-areas/pismo-beach-ca/|/service-areas/pismo-beach-ca/fire-damage-restoration/|/service-areas/pismo-beach-ca/mold-remediation/|/service-areas/arroyo-grande-ca/burst-pipe-repair/|/service-areas/atascadero-ca/burst-pipe-repair/|/contact/,5.60,planned
/service-areas/pismo-beach-ca/ceiling-water-damage-repair/,service-area-service,"Ceiling Water Damage Repair in Pismo Beach, CA | Coastal Restoration Services Inc",Ceiling Water Damage Repair in Pismo Beach,"Ceiling water damage repair in Pismo Beach, CA. IICRC-certified, insurance billing accepted. Call (805) 345-7440.",ceiling water damage repair pismo beach,ceiling leaking|water coming through ceiling|ceiling leak repair|sagging ceiling water damage|water stain ceiling,local_emergency,,,900,hero|og|inline-1|inline-2,service|local-business|faq|breadcrumb-list,/services/ceiling-water-damage-repair/|/service-areas/pismo-beach-ca/|/service-areas/pismo-beach-ca/fire-damage-restoration/|/service-areas/pismo-beach-ca/mold-remediation/|/service-areas/arroyo-grande-ca/ceiling-water-damage-repair/|/service-areas/atascadero-ca/ceiling-water-damage-repair/|/contact/,5.60,planned
/service-areas/pismo-beach-ca/general-contracting/,service-area-service,"Renovations, Remodels and General Contracting in Pismo Beach, CA | Coastal Restoration Services Inc","Renovations, Remodels and General Contracting in Pismo Beach","Renovations, remodels and general contracting in Pismo Beach, CA. IICRC-certified, insurance billing accepted. Call (805) 345-7440.","renovations, remodels and general contracting pismo beach",general contractor|home renovation services|home remodeling|kitchen remodel|bathroom remodel|post-damage rebuild,local_commercial,,,900,hero|og|inline-1|inline-2,service|local-business|faq|breadcrumb-list,/services/general-contracting/|/service-areas/pismo-beach-ca/|/service-areas/pismo-beach-ca/fire-damage-restoration/|/service-areas/pismo-beach-ca/mold-remediation/|/service-areas/arroyo-grande-ca/general-contracting/|/service-areas/atascadero-ca/general-contracting/|/contact/,5.60,planned
/service-areas/pismo-beach-ca/large-loss-response/,service-area-service,"Large Loss and Catastrophic Response in Pismo Beach, CA | Coastal Restoration Services Inc",Large Loss and Catastrophic Response in Pismo Beach,"Large loss and catastrophic response in Pismo Beach, CA. IICRC-certified, insurance billing accepted. Call (805) 345-7440.",large loss and catastrophic response pismo beach,large loss restoration|catastrophic loss response|commercial catastrophic restoration|multi-million dollar restoration|large loss adjusters,local_b2b,,,900,hero|og|inline-1|inline-2,service|local-business|faq|breadcrumb-list,/services/large-loss-response/|/service-areas/pismo-beach-ca/|/service-areas/pismo-beach-ca/fire-damage-restoration/|/service-areas/pismo-beach-ca/mold-remediation/|/service-areas/arroyo-grande-ca/large-loss-response/|/service-areas/atascadero-ca/large-loss-response/|/contact/,5.60,planned
/service-areas/pismo-beach-ca/mold-inspection-testing/,service-area-service,"Mold Inspection and Testing in Pismo Beach, CA | Coastal Restoration Services Inc",Mold Inspection and Testing in Pismo Beach,"Mold inspection and testing in Pismo Beach, CA. IICRC-certified, insurance billing accepted. Call (805) 345-7440.",mold inspection and testing pismo beach,mold inspection|mold testing|indoor air quality testing|mold spore testing|mold assessment,local_health,,,900,hero|og|inline-1|inline-2,service|local-business|faq|breadcrumb-list,/services/mold-inspection-testing/|/service-areas/pismo-beach-ca/|/service-areas/pismo-beach-ca/fire-damage-restoration/|/service-areas/pismo-beach-ca/mold-remediation/|/service-areas/arroyo-grande-ca/mold-inspection-testing/|/service-areas/atascadero-ca/mold-inspection-testing/|/contact/,5.60,planned
/service-areas/san-luis-obispo-ca/basement-flooding-cleanup/,service-area-service,"Basement Flooding Cleanup in San Luis Obispo, CA | Coastal Restoration Services Inc",Basement Flooding Cleanup in San Luis Obispo,"Basement flooding cleanup in San Luis Obispo, CA. IICRC-certified, insurance billing accepted. Call (805) 345-7440.",basement flooding cleanup san luis obispo,flooded basement cleanup|basement water removal|wet basement restoration|basement water damage|basement drying,local_emergency,,,900,hero|og|inline-1|inline-2,service|local-business|faq|breadcrumb-list,/services/basement-flooding-cleanup/|/service-areas/san-luis-obispo-ca/|/service-areas/san-luis-obispo-ca/fire-damage-restoration/|/service-areas/san-luis-obispo-ca/mold-remediation/|/service-areas/arroyo-grande-ca/basement-flooding-cleanup/|/service-areas/atascadero-ca/basement-flooding-cleanup/|/contact/,5.60,planned
/service-areas/san-luis-obispo-ca/biohazard-cleanup/,service-area-service,"Biohazard Cleanup in San Luis Obispo, CA | Coastal Restoration Services Inc",Biohazard Cleanup in San Luis Obispo,"Biohazard cleanup in San Luis Obispo, CA. IICRC-certified, insurance billing accepted. Call (805) 345-7440.",biohazard cleanup san luis obispo,biohazard remediation|blood cleanup|bodily fluid cleanup|sharps and needle cleanup|infectious material cleanup,local_sensitive,,,900,hero|og|inline-1|inline-2,service|local-business|faq|breadcrumb-list,/services/biohazard-cleanup/|/service-areas/san-luis-obispo-ca/|/service-areas/san-luis-obispo-ca/fire-damage-restoration/|/service-areas/san-luis-obispo-ca/mold-remediation/|/service-areas/arroyo-grande-ca/biohazard-cleanup/|/service-areas/atascadero-ca/biohazard-cleanup/|/contact/,5.60,planned
/service-areas/san-luis-obispo-ca/burst-pipe-repair/,service-area-service,"Burst Pipe Cleanup and Repair in San Luis Obispo, CA | Coastal Restoration Services Inc",Burst Pipe Cleanup and Repair in San Luis Obispo,"Burst pipe cleanup and repair in San Luis Obispo, CA. IICRC-certified, insurance billing accepted. Call (805) 345-7440.",burst pipe cleanup and repair san luis obispo,burst pipe cleanup|pipe break water damage|water line break,local_emergency,,,900,hero|og|inline-1|inline-2,service|local-business|faq|breadcrumb-list,/services/burst-pipe-repair/|/service-areas/san-luis-obispo-ca/|/service-areas/san-luis-obispo-ca/fire-damage-restoration/|/service-areas/san-luis-obispo-ca/mold-remediation/|/service-areas/arroyo-grande-ca/burst-pipe-repair/|/service-areas/atascadero-ca/burst-pipe-repair/|/contact/,5.60,planned
/service-areas/san-luis-obispo-ca/ceiling-water-damage-repair/,service-area-service,"Ceiling Water Damage Repair in San Luis Obispo, CA | Coastal Restoration Services Inc",Ceiling Water Damage Repair in San Luis Obispo,"Ceiling water damage repair in San Luis Obispo, CA. IICRC-certified, insurance billing accepted. Call (805) 345-7440.",ceiling water damage repair san luis obispo,ceiling leaking|water coming through ceiling|ceiling leak repair|sagging ceiling water damage|water stain ceiling,local_emergency,,,900,hero|og|inline-1|inline-2,service|local-business|faq|breadcrumb-list,/services/ceiling-water-damage-repair/|/service-areas/san-luis-obispo-ca/|/service-areas/san-luis-obispo-ca/fire-damage-restoration/|/service-areas/san-luis-obispo-ca/mold-remediation/|/service-areas/arroyo-grande-ca/ceiling-water-damage-repair/|/service-areas/atascadero-ca/ceiling-water-damage-repair/|/contact/,5.60,planned
/service-areas/san-luis-obispo-ca/general-contracting/,service-area-service,"Renovations, Remodels and General Contracting in San Luis Obispo, CA | Coastal Restoration Services Inc","Renovations, Remodels and General Contracting in San Luis Obispo","Renovations, remodels and general contracting in San Luis Obispo, CA. IICRC-certified, insurance billing accepted. Call (805) 345-7440.","renovations, remodels and general contracting san luis obispo",general contractor|home renovation services|home remodeling|kitchen remodel|bathroom remodel|post-damage rebuild,local_commercial,,,900,hero|og|inline-1|inline-2,service|local-business|faq|breadcrumb-list,/services/general-contracting/|/service-areas/san-luis-obispo-ca/|/service-areas/san-luis-obispo-ca/fire-damage-restoration/|/service-areas/san-luis-obispo-ca/mold-remediation/|/service-areas/arroyo-grande-ca/general-contracting/|/service-areas/atascadero-ca/general-contracting/|/contact/,5.60,planned
/service-areas/san-luis-obispo-ca/large-loss-response/,service-area-service,"Large Loss and Catastrophic Response in San Luis Obispo, CA | Coastal Restoration Services Inc",Large Loss and Catastrophic Response in San Luis Obispo,"Large loss and catastrophic response in San Luis Obispo, CA. IICRC-certified, insurance billing accepted. Call (805) 345-7440.",large loss and catastrophic response san luis obispo,large loss restoration|catastrophic loss response|commercial catastrophic restoration|multi-million dollar restoration|large loss adjusters,local_b2b,,,900,hero|og|inline-1|inline-2,service|local-business|faq|breadcrumb-list,/services/large-loss-response/|/service-areas/san-luis-obispo-ca/|/service-areas/san-luis-obispo-ca/fire-damage-restoration/|/service-areas/san-luis-obispo-ca/mold-remediation/|/service-areas/arroyo-grande-ca/large-loss-response/|/service-areas/atascadero-ca/large-loss-response/|/contact/,5.60,planned
/service-areas/san-luis-obispo-ca/mold-inspection-testing/,service-area-service,"Mold Inspection and Testing in San Luis Obispo, CA | Coastal Restoration Services Inc",Mold Inspection and Testing in San Luis Obispo,"Mold inspection and testing in San Luis Obispo, CA. IICRC-certified, insurance billing accepted. Call (805) 345-7440.",mold inspection and testing san luis obispo,mold inspection|mold testing|indoor air quality testing|mold spore testing|mold assessment,local_health,,,900,hero|og|inline-1|inline-2,service|local-business|faq|breadcrumb-list,/services/mold-inspection-testing/|/service-areas/san-luis-obispo-ca/|/service-areas/san-luis-obispo-ca/fire-damage-restoration/|/service-areas/san-luis-obispo-ca/mold-remediation/|/service-areas/arroyo-grande-ca/mold-inspection-testing/|/service-areas/atascadero-ca/mold-inspection-testing/|/contact/,5.60,planned
/service-areas/santa-margarita-ca/basement-flooding-cleanup/,service-area-service,"Basement Flooding Cleanup in Santa Margarita, CA | Coastal Restoration Services Inc",Basement Flooding Cleanup in Santa Margarita,"Basement flooding cleanup in Santa Margarita, CA. IICRC-certified, insurance billing accepted. Call (805) 345-7440.",basement flooding cleanup santa margarita,flooded basement cleanup|basement water removal|wet basement restoration|basement water damage|basement drying,local_emergency,,,900,hero|og|inline-1|inline-2,service|local-business|faq|breadcrumb-list,/services/basement-flooding-cleanup/|/service-areas/santa-margarita-ca/|/service-areas/santa-margarita-ca/fire-damage-restoration/|/service-areas/santa-margarita-ca/mold-remediation/|/service-areas/arroyo-grande-ca/basement-flooding-cleanup/|/service-areas/atascadero-ca/basement-flooding-cleanup/|/contact/,5.60,planned
/service-areas/santa-margarita-ca/biohazard-cleanup/,service-area-service,"Biohazard Cleanup in Santa Margarita, CA | Coastal Restoration Services Inc",Biohazard Cleanup in Santa Margarita,"Biohazard cleanup in Santa Margarita, CA. IICRC-certified, insurance billing accepted. Call (805) 345-7440.",biohazard cleanup santa margarita,biohazard remediation|blood cleanup|bodily fluid cleanup|sharps and needle cleanup|infectious material cleanup,local_sensitive,,,900,hero|og|inline-1|inline-2,service|local-business|faq|breadcrumb-list,/services/biohazard-cleanup/|/service-areas/santa-margarita-ca/|/service-areas/santa-margarita-ca/fire-damage-restoration/|/service-areas/santa-margarita-ca/mold-remediation/|/service-areas/arroyo-grande-ca/biohazard-cleanup/|/service-areas/atascadero-ca/biohazard-cleanup/|/contact/,5.60,planned
/service-areas/santa-margarita-ca/burst-pipe-repair/,service-area-service,"Burst Pipe Cleanup and Repair in Santa Margarita, CA | Coastal Restoration Services Inc",Burst Pipe Cleanup and Repair in Santa Margarita,"Burst pipe cleanup and repair in Santa Margarita, CA. IICRC-certified, insurance billing accepted. Call (805) 345-7440.",burst pipe cleanup and repair santa margarita,burst pipe cleanup|pipe break water damage|water line break,local_emergency,,,900,hero|og|inline-1|inline-2,service|local-business|faq|breadcrumb-list,/services/burst-pipe-repair/|/service-areas/santa-margarita-ca/|/service-areas/santa-margarita-ca/fire-damage-restoration/|/service-areas/santa-margarita-ca/mold-remediation/|/service-areas/arroyo-grande-ca/burst-pipe-repair/|/service-areas/atascadero-ca/burst-pipe-repair/|/contact/,5.60,planned
/service-areas/santa-margarita-ca/ceiling-water-damage-repair/,service-area-service,"Ceiling Water Damage Repair in Santa Margarita, CA | Coastal Restoration Services Inc",Ceiling Water Damage Repair in Santa Margarita,"Ceiling water damage repair in Santa Margarita, CA. IICRC-certified, insurance billing accepted. Call (805) 345-7440.",ceiling water damage repair santa margarita,ceiling leaking|water coming through ceiling|ceiling leak repair|sagging ceiling water damage|water stain ceiling,local_emergency,,,900,hero|og|inline-1|inline-2,service|local-business|faq|breadcrumb-list,/services/ceiling-water-damage-repair/|/service-areas/santa-margarita-ca/|/service-areas/santa-margarita-ca/fire-damage-restoration/|/service-areas/santa-margarita-ca/mold-remediation/|/service-areas/arroyo-grande-ca/ceiling-water-damage-repair/|/service-areas/atascadero-ca/ceiling-water-damage-repair/|/contact/,5.60,planned
/service-areas/santa-margarita-ca/general-contracting/,service-area-service,"Renovations, Remodels and General Contracting in Santa Margarita, CA | Coastal Restoration Services Inc","Renovations, Remodels and General Contracting in Santa Margarita","Renovations, remodels and general contracting in Santa Margarita, CA. IICRC-certified, insurance billing accepted. Call (805) 345-7440.","renovations, remodels and general contracting santa margarita",general contractor|home renovation services|home remodeling|kitchen remodel|bathroom remodel|post-damage rebuild,local_commercial,,,900,hero|og|inline-1|inline-2,service|local-business|faq|breadcrumb-list,/services/general-contracting/|/service-areas/santa-margarita-ca/|/service-areas/santa-margarita-ca/fire-damage-restoration/|/service-areas/santa-margarita-ca/mold-remediation/|/service-areas/arroyo-grande-ca/general-contracting/|/service-areas/atascadero-ca/general-contracting/|/contact/,5.60,planned
/service-areas/santa-margarita-ca/large-loss-response/,service-area-service,"Large Loss and Catastrophic Response in Santa Margarita, CA | Coastal Restoration Services Inc",Large Loss and Catastrophic Response in Santa Margarita,"Large loss and catastrophic response in Santa Margarita, CA. IICRC-certified, insurance billing accepted. Call (805) 345-7440.",large loss and catastrophic response santa margarita,large loss restoration|catastrophic loss response|commercial catastrophic restoration|multi-million dollar restoration|large loss adjusters,local_b2b,,,900,hero|og|inline-1|inline-2,service|local-business|faq|breadcrumb-list,/services/large-loss-response/|/service-areas/santa-margarita-ca/|/service-areas/santa-margarita-ca/fire-damage-restoration/|/service-areas/santa-margarita-ca/mold-remediation/|/service-areas/arroyo-grande-ca/large-loss-response/|/service-areas/atascadero-ca/large-loss-response/|/contact/,5.60,planned
/service-areas/santa-margarita-ca/mold-inspection-testing/,service-area-service,"Mold Inspection and Testing in Santa Margarita, CA | Coastal Restoration Services Inc",Mold Inspection and Testing in Santa Margarita,"Mold inspection and testing in Santa Margarita, CA. IICRC-certified, insurance billing accepted. Call (805) 345-7440.",mold inspection and testing santa margarita,mold inspection|mold testing|indoor air quality testing|mold spore testing|mold assessment,local_health,,,900,hero|og|inline-1|inline-2,service|local-business|faq|breadcrumb-list,/services/mold-inspection-testing/|/service-areas/santa-margarita-ca/|/service-areas/santa-margarita-ca/fire-damage-restoration/|/service-areas/santa-margarita-ca/mold-remediation/|/service-areas/arroyo-grande-ca/mold-inspection-testing/|/service-areas/atascadero-ca/mold-inspection-testing/|/contact/,5.60,planned
/service-areas/santa-ynez-ca/basement-flooding-cleanup/,service-area-service,"Basement Flooding Cleanup in Santa Ynez, CA | Coastal Restoration Services Inc",Basement Flooding Cleanup in Santa Ynez,"Basement flooding cleanup in Santa Ynez, CA. IICRC-certified, insurance billing accepted. Call (805) 345-7440.",basement flooding cleanup santa ynez,flooded basement cleanup|basement water removal|wet basement restoration|basement water damage|basement drying,local_emergency,,,900,hero|og|inline-1|inline-2,service|local-business|faq|breadcrumb-list,/services/basement-flooding-cleanup/|/service-areas/santa-ynez-ca/|/service-areas/santa-ynez-ca/fire-damage-restoration/|/service-areas/santa-ynez-ca/mold-remediation/|/service-areas/arroyo-grande-ca/basement-flooding-cleanup/|/service-areas/atascadero-ca/basement-flooding-cleanup/|/contact/,5.60,planned
/service-areas/santa-ynez-ca/biohazard-cleanup/,service-area-service,"Biohazard Cleanup in Santa Ynez, CA | Coastal Restoration Services Inc",Biohazard Cleanup in Santa Ynez,"Biohazard cleanup in Santa Ynez, CA. IICRC-certified, insurance billing accepted. Call (805) 345-7440.",biohazard cleanup santa ynez,biohazard remediation|blood cleanup|bodily fluid cleanup|sharps and needle cleanup|infectious material cleanup,local_sensitive,,,900,hero|og|inline-1|inline-2,service|local-business|faq|breadcrumb-list,/services/biohazard-cleanup/|/service-areas/santa-ynez-ca/|/service-areas/santa-ynez-ca/fire-damage-restoration/|/service-areas/santa-ynez-ca/mold-remediation/|/service-areas/arroyo-grande-ca/biohazard-cleanup/|/service-areas/atascadero-ca/biohazard-cleanup/|/contact/,5.60,planned
/service-areas/santa-ynez-ca/burst-pipe-repair/,service-area-service,"Burst Pipe Cleanup and Repair in Santa Ynez, CA | Coastal Restoration Services Inc",Burst Pipe Cleanup and Repair in Santa Ynez,"Burst pipe cleanup and repair in Santa Ynez, CA. IICRC-certified, insurance billing accepted. Call (805) 345-7440.",burst pipe cleanup and repair santa ynez,burst pipe cleanup|pipe break water damage|water line break,local_emergency,,,900,hero|og|inline-1|inline-2,service|local-business|faq|breadcrumb-list,/services/burst-pipe-repair/|/service-areas/santa-ynez-ca/|/service-areas/santa-ynez-ca/fire-damage-restoration/|/service-areas/santa-ynez-ca/mold-remediation/|/service-areas/arroyo-grande-ca/burst-pipe-repair/|/service-areas/atascadero-ca/burst-pipe-repair/|/contact/,5.60,planned
/service-areas/santa-ynez-ca/ceiling-water-damage-repair/,service-area-service,"Ceiling Water Damage Repair in Santa Ynez, CA | Coastal Restoration Services Inc",Ceiling Water Damage Repair in Santa Ynez,"Ceiling water damage repair in Santa Ynez, CA. IICRC-certified, insurance billing accepted. Call (805) 345-7440.",ceiling water damage repair santa ynez,ceiling leaking|water coming through ceiling|ceiling leak repair|sagging ceiling water damage|water stain ceiling,local_emergency,,,900,hero|og|inline-1|inline-2,service|local-business|faq|breadcrumb-list,/services/ceiling-water-damage-repair/|/service-areas/santa-ynez-ca/|/service-areas/santa-ynez-ca/fire-damage-restoration/|/service-areas/santa-ynez-ca/mold-remediation/|/service-areas/arroyo-grande-ca/ceiling-water-damage-repair/|/service-areas/atascadero-ca/ceiling-water-damage-repair/|/contact/,5.60,planned
/service-areas/santa-ynez-ca/general-contracting/,service-area-service,"Renovations, Remodels and General Contracting in Santa Ynez, CA | Coastal Restoration Services Inc","Renovations, Remodels and General Contracting in Santa Ynez","Renovations, remodels and general contracting in Santa Ynez, CA. IICRC-certified, insurance billing accepted. Call (805) 345-7440.","renovations, remodels and general contracting santa ynez",general contractor|home renovation services|home remodeling|kitchen remodel|bathroom remodel|post-damage rebuild,local_commercial,,,900,hero|og|inline-1|inline-2,service|local-business|faq|breadcrumb-list,/services/general-contracting/|/service-areas/santa-ynez-ca/|/service-areas/santa-ynez-ca/fire-damage-restoration/|/service-areas/santa-ynez-ca/mold-remediation/|/service-areas/arroyo-grande-ca/general-contracting/|/service-areas/atascadero-ca/general-contracting/|/contact/,5.60,planned
/service-areas/santa-ynez-ca/large-loss-response/,service-area-service,"Large Loss and Catastrophic Response in Santa Ynez, CA | Coastal Restoration Services Inc",Large Loss and Catastrophic Response in Santa Ynez,"Large loss and catastrophic response in Santa Ynez, CA. IICRC-certified, insurance billing accepted. Call (805) 345-7440.",large loss and catastrophic response santa ynez,large loss restoration|catastrophic loss response|commercial catastrophic restoration|multi-million dollar restoration|large loss adjusters,local_b2b,,,900,hero|og|inline-1|inline-2,service|local-business|faq|breadcrumb-list,/services/large-loss-response/|/service-areas/santa-ynez-ca/|/service-areas/santa-ynez-ca/fire-damage-restoration/|/service-areas/santa-ynez-ca/mold-remediation/|/service-areas/arroyo-grande-ca/large-loss-response/|/service-areas/atascadero-ca/large-loss-response/|/contact/,5.60,planned
/service-areas/santa-ynez-ca/mold-inspection-testing/,service-area-service,"Mold Inspection and Testing in Santa Ynez, CA | Coastal Restoration Services Inc",Mold Inspection and Testing in Santa Ynez,"Mold inspection and testing in Santa Ynez, CA. IICRC-certified, insurance billing accepted. Call (805) 345-7440.",mold inspection and testing santa ynez,mold inspection|mold testing|indoor air quality testing|mold spore testing|mold assessment,local_health,,,900,hero|og|inline-1|inline-2,service|local-business|faq|breadcrumb-list,/services/mold-inspection-testing/|/service-areas/santa-ynez-ca/|/service-areas/santa-ynez-ca/fire-damage-restoration/|/service-areas/santa-ynez-ca/mold-remediation/|/service-areas/arroyo-grande-ca/mold-inspection-testing/|/service-areas/atascadero-ca/mold-inspection-testing/|/contact/,5.60,planned
/service-areas/solvang-ca/basement-flooding-cleanup/,service-area-service,"Basement Flooding Cleanup in Solvang, CA | Coastal Restoration Services Inc",Basement Flooding Cleanup in Solvang,"Basement flooding cleanup in Solvang, CA. IICRC-certified, insurance billing accepted. Call (805) 345-7440.",basement flooding cleanup solvang,flooded basement cleanup|basement water removal|wet basement restoration|basement water damage|basement drying,local_emergency,,,900,hero|og|inline-1|inline-2,service|local-business|faq|breadcrumb-list,/services/basement-flooding-cleanup/|/service-areas/solvang-ca/|/service-areas/solvang-ca/fire-damage-restoration/|/service-areas/solvang-ca/mold-remediation/|/service-areas/arroyo-grande-ca/basement-flooding-cleanup/|/service-areas/atascadero-ca/basement-flooding-cleanup/|/contact/,5.60,planned
/service-areas/solvang-ca/biohazard-cleanup/,service-area-service,"Biohazard Cleanup in Solvang, CA | Coastal Restoration Services Inc",Biohazard Cleanup in Solvang,"Biohazard cleanup in Solvang, CA. IICRC-certified, insurance billing accepted. Call (805) 345-7440.",biohazard cleanup solvang,biohazard remediation|blood cleanup|bodily fluid cleanup|sharps and needle cleanup|infectious material cleanup,local_sensitive,,,900,hero|og|inline-1|inline-2,service|local-business|faq|breadcrumb-list,/services/biohazard-cleanup/|/service-areas/solvang-ca/|/service-areas/solvang-ca/fire-damage-restoration/|/service-areas/solvang-ca/mold-remediation/|/service-areas/arroyo-grande-ca/biohazard-cleanup/|/service-areas/atascadero-ca/biohazard-cleanup/|/contact/,5.60,planned
/service-areas/solvang-ca/burst-pipe-repair/,service-area-service,"Burst Pipe Cleanup and Repair in Solvang, CA | Coastal Restoration Services Inc",Burst Pipe Cleanup and Repair in Solvang,"Burst pipe cleanup and repair in Solvang, CA. IICRC-certified, insurance billing accepted. Call (805) 345-7440.",burst pipe cleanup and repair solvang,burst pipe cleanup|pipe break water damage|water line break,local_emergency,,,900,hero|og|inline-1|inline-2,service|local-business|faq|breadcrumb-list,/services/burst-pipe-repair/|/service-areas/solvang-ca/|/service-areas/solvang-ca/fire-damage-restoration/|/service-areas/solvang-ca/mold-remediation/|/service-areas/arroyo-grande-ca/burst-pipe-repair/|/service-areas/atascadero-ca/burst-pipe-repair/|/contact/,5.60,planned
/service-areas/solvang-ca/ceiling-water-damage-repair/,service-area-service,"Ceiling Water Damage Repair in Solvang, CA | Coastal Restoration Services Inc",Ceiling Water Damage Repair in Solvang,"Ceiling water damage repair in Solvang, CA. IICRC-certified, insurance billing accepted. Call (805) 345-7440.",ceiling water damage repair solvang,ceiling leaking|water coming through ceiling|ceiling leak repair|sagging ceiling water damage|water stain ceiling,local_emergency,,,900,hero|og|inline-1|inline-2,service|local-business|faq|breadcrumb-list,/services/ceiling-water-damage-repair/|/service-areas/solvang-ca/|/service-areas/solvang-ca/fire-damage-restoration/|/service-areas/solvang-ca/mold-remediation/|/service-areas/arroyo-grande-ca/ceiling-water-damage-repair/|/service-areas/atascadero-ca/ceiling-water-damage-repair/|/contact/,5.60,planned
/service-areas/solvang-ca/general-contracting/,service-area-service,"Renovations, Remodels and General Contracting in Solvang, CA | Coastal Restoration Services Inc","Renovations, Remodels and General Contracting in Solvang","Renovations, remodels and general contracting in Solvang, CA. IICRC-certified, insurance billing accepted. Call (805) 345-7440.","renovations, remodels and general contracting solvang",general contractor|home renovation services|home remodeling|kitchen remodel|bathroom remodel|post-damage rebuild,local_commercial,,,900,hero|og|inline-1|inline-2,service|local-business|faq|breadcrumb-list,/services/general-contracting/|/service-areas/solvang-ca/|/service-areas/solvang-ca/fire-damage-restoration/|/service-areas/solvang-ca/mold-remediation/|/service-areas/arroyo-grande-ca/general-contracting/|/service-areas/atascadero-ca/general-contracting/|/contact/,5.60,planned
/service-areas/solvang-ca/large-loss-response/,service-area-service,"Large Loss and Catastrophic Response in Solvang, CA | Coastal Restoration Services Inc",Large Loss and Catastrophic Response in Solvang,"Large loss and catastrophic response in Solvang, CA. IICRC-certified, insurance billing accepted. Call (805) 345-7440.",large loss and catastrophic response solvang,large loss restoration|catastrophic loss response|commercial catastrophic restoration|multi-million dollar restoration|large loss adjusters,local_b2b,,,900,hero|og|inline-1|inline-2,service|local-business|faq|breadcrumb-list,/services/large-loss-response/|/service-areas/solvang-ca/|/service-areas/solvang-ca/fire-damage-restoration/|/service-areas/solvang-ca/mold-remediation/|/service-areas/arroyo-grande-ca/large-loss-response/|/service-areas/atascadero-ca/large-loss-response/|/contact/,5.60,planned
/service-areas/solvang-ca/mold-inspection-testing/,service-area-service,"Mold Inspection and Testing in Solvang, CA | Coastal Restoration Services Inc",Mold Inspection and Testing in Solvang,"Mold inspection and testing in Solvang, CA. IICRC-certified, insurance billing accepted. Call (805) 345-7440.",mold inspection and testing solvang,mold inspection|mold testing|indoor air quality testing|mold spore testing|mold assessment,local_health,,,900,hero|og|inline-1|inline-2,service|local-business|faq|breadcrumb-list,/services/mold-inspection-testing/|/service-areas/solvang-ca/|/service-areas/solvang-ca/fire-damage-restoration/|/service-areas/solvang-ca/mold-remediation/|/service-areas/arroyo-grande-ca/mold-inspection-testing/|/service-areas/atascadero-ca/mold-inspection-testing/|/contact/,5.60,planned
/service-areas/templeton-ca/basement-flooding-cleanup/,service-area-service,"Basement Flooding Cleanup in Templeton, CA | Coastal Restoration Services Inc",Basement Flooding Cleanup in Templeton,"Basement flooding cleanup in Templeton, CA. IICRC-certified, insurance billing accepted. Call (805) 345-7440.",basement flooding cleanup templeton,flooded basement cleanup|basement water removal|wet basement restoration|basement water damage|basement drying,local_emergency,,,900,hero|og|inline-1|inline-2,service|local-business|faq|breadcrumb-list,/services/basement-flooding-cleanup/|/service-areas/templeton-ca/|/service-areas/templeton-ca/fire-damage-restoration/|/service-areas/templeton-ca/mold-remediation/|/service-areas/arroyo-grande-ca/basement-flooding-cleanup/|/service-areas/atascadero-ca/basement-flooding-cleanup/|/contact/,5.60,planned
/service-areas/templeton-ca/biohazard-cleanup/,service-area-service,"Biohazard Cleanup in Templeton, CA | Coastal Restoration Services Inc",Biohazard Cleanup in Templeton,"Biohazard cleanup in Templeton, CA. IICRC-certified, insurance billing accepted. Call (805) 345-7440.",biohazard cleanup templeton,biohazard remediation|blood cleanup|bodily fluid cleanup|sharps and needle cleanup|infectious material cleanup,local_sensitive,,,900,hero|og|inline-1|inline-2,service|local-business|faq|breadcrumb-list,/services/biohazard-cleanup/|/service-areas/templeton-ca/|/service-areas/templeton-ca/fire-damage-restoration/|/service-areas/templeton-ca/mold-remediation/|/service-areas/arroyo-grande-ca/biohazard-cleanup/|/service-areas/atascadero-ca/biohazard-cleanup/|/contact/,5.60,planned
/service-areas/templeton-ca/burst-pipe-repair/,service-area-service,"Burst Pipe Cleanup and Repair in Templeton, CA | Coastal Restoration Services Inc",Burst Pipe Cleanup and Repair in Templeton,"Burst pipe cleanup and repair in Templeton, CA. IICRC-certified, insurance billing accepted. Call (805) 345-7440.",burst pipe cleanup and repair templeton,burst pipe cleanup|pipe break water damage|water line break,local_emergency,,,900,hero|og|inline-1|inline-2,service|local-business|faq|breadcrumb-list,/services/burst-pipe-repair/|/service-areas/templeton-ca/|/service-areas/templeton-ca/fire-damage-restoration/|/service-areas/templeton-ca/mold-remediation/|/service-areas/arroyo-grande-ca/burst-pipe-repair/|/service-areas/atascadero-ca/burst-pipe-repair/|/contact/,5.60,planned
/service-areas/templeton-ca/ceiling-water-damage-repair/,service-area-service,"Ceiling Water Damage Repair in Templeton, CA | Coastal Restoration Services Inc",Ceiling Water Damage Repair in Templeton,"Ceiling water damage repair in Templeton, CA. IICRC-certified, insurance billing accepted. Call (805) 345-7440.",ceiling water damage repair templeton,ceiling leaking|water coming through ceiling|ceiling leak repair|sagging ceiling water damage|water stain ceiling,local_emergency,,,900,hero|og|inline-1|inline-2,service|local-business|faq|breadcrumb-list,/services/ceiling-water-damage-repair/|/service-areas/templeton-ca/|/service-areas/templeton-ca/fire-damage-restoration/|/service-areas/templeton-ca/mold-remediation/|/service-areas/arroyo-grande-ca/ceiling-water-damage-repair/|/service-areas/atascadero-ca/ceiling-water-damage-repair/|/contact/,5.60,planned
/service-areas/templeton-ca/general-contracting/,service-area-service,"Renovations, Remodels and General Contracting in Templeton, CA | Coastal Restoration Services Inc","Renovations, Remodels and General Contracting in Templeton","Renovations, remodels and general contracting in Templeton, CA. IICRC-certified, insurance billing accepted. Call (805) 345-7440.","renovations, remodels and general contracting templeton",general contractor|home renovation services|home remodeling|kitchen remodel|bathroom remodel|post-damage rebuild,local_commercial,,,900,hero|og|inline-1|inline-2,service|local-business|faq|breadcrumb-list,/services/general-contracting/|/service-areas/templeton-ca/|/service-areas/templeton-ca/fire-damage-restoration/|/service-areas/templeton-ca/mold-remediation/|/service-areas/arroyo-grande-ca/general-contracting/|/service-areas/atascadero-ca/general-contracting/|/contact/,5.60,planned
/service-areas/templeton-ca/large-loss-response/,service-area-service,"Large Loss and Catastrophic Response in Templeton, CA | Coastal Restoration Services Inc",Large Loss and Catastrophic Response in Templeton,"Large loss and catastrophic response in Templeton, CA. IICRC-certified, insurance billing accepted. Call (805) 345-7440.",large loss and catastrophic response templeton,large loss restoration|catastrophic loss response|commercial catastrophic restoration|multi-million dollar restoration|large loss adjusters,local_b2b,,,900,hero|og|inline-1|inline-2,service|local-business|faq|breadcrumb-list,/services/large-loss-response/|/service-areas/templeton-ca/|/service-areas/templeton-ca/fire-damage-restoration/|/service-areas/templeton-ca/mold-remediation/|/service-areas/arroyo-grande-ca/large-loss-response/|/service-areas/atascadero-ca/large-loss-response/|/contact/,5.60,planned
/service-areas/templeton-ca/mold-inspection-testing/,service-area-service,"Mold Inspection and Testing in Templeton, CA | Coastal Restoration Services Inc",Mold Inspection and Testing in Templeton,"Mold inspection and testing in Templeton, CA. IICRC-certified, insurance billing accepted. Call (805) 345-7440.",mold inspection and testing templeton,mold inspection|mold testing|indoor air quality testing|mold spore testing|mold assessment,local_health,,,900,hero|og|inline-1|inline-2,service|local-business|faq|breadcrumb-list,/services/mold-inspection-testing/|/service-areas/templeton-ca/|/service-areas/templeton-ca/fire-damage-restoration/|/service-areas/templeton-ca/mold-remediation/|/service-areas/arroyo-grande-ca/mold-inspection-testing/|/service-areas/atascadero-ca/mold-inspection-testing/|/contact/,5.60,planned
/service-areas/vandenberg-afb-ca/basement-flooding-cleanup/,service-area-service,"Basement Flooding Cleanup in Vandenberg AFB, CA | Coastal Restoration Services Inc",Basement Flooding Cleanup in Vandenberg AFB,"Basement flooding cleanup in Vandenberg AFB, CA. IICRC-certified, insurance billing accepted. Call (805) 345-7440.",basement flooding cleanup vandenberg afb,flooded basement cleanup|basement water removal|wet basement restoration|basement water damage|basement drying,local_emergency,,,900,hero|og|inline-1|inline-2,service|local-business|faq|breadcrumb-list,/services/basement-flooding-cleanup/|/service-areas/vandenberg-afb-ca/|/service-areas/vandenberg-afb-ca/fire-damage-restoration/|/service-areas/vandenberg-afb-ca/mold-remediation/|/service-areas/arroyo-grande-ca/basement-flooding-cleanup/|/service-areas/atascadero-ca/basement-flooding-cleanup/|/contact/,5.60,planned
/service-areas/vandenberg-afb-ca/biohazard-cleanup/,service-area-service,"Biohazard Cleanup in Vandenberg AFB, CA | Coastal Restoration Services Inc",Biohazard Cleanup in Vandenberg AFB,"Biohazard cleanup in Vandenberg AFB, CA. IICRC-certified, insurance billing accepted. Call (805) 345-7440.",biohazard cleanup vandenberg afb,biohazard remediation|blood cleanup|bodily fluid cleanup|sharps and needle cleanup|infectious material cleanup,local_sensitive,,,900,hero|og|inline-1|inline-2,service|local-business|faq|breadcrumb-list,/services/biohazard-cleanup/|/service-areas/vandenberg-afb-ca/|/service-areas/vandenberg-afb-ca/fire-damage-restoration/|/service-areas/vandenberg-afb-ca/mold-remediation/|/service-areas/arroyo-grande-ca/biohazard-cleanup/|/service-areas/atascadero-ca/biohazard-cleanup/|/contact/,5.60,planned
/service-areas/vandenberg-afb-ca/burst-pipe-repair/,service-area-service,"Burst Pipe Cleanup and Repair in Vandenberg AFB, CA | Coastal Restoration Services Inc",Burst Pipe Cleanup and Repair in Vandenberg AFB,"Burst pipe cleanup and repair in Vandenberg AFB, CA. IICRC-certified, insurance billing accepted. Call (805) 345-7440.",burst pipe cleanup and repair vandenberg afb,burst pipe cleanup|pipe break water damage|water line break,local_emergency,,,900,hero|og|inline-1|inline-2,service|local-business|faq|breadcrumb-list,/services/burst-pipe-repair/|/service-areas/vandenberg-afb-ca/|/service-areas/vandenberg-afb-ca/fire-damage-restoration/|/service-areas/vandenberg-afb-ca/mold-remediation/|/service-areas/arroyo-grande-ca/burst-pipe-repair/|/service-areas/atascadero-ca/burst-pipe-repair/|/contact/,5.60,planned
/service-areas/vandenberg-afb-ca/ceiling-water-damage-repair/,service-area-service,"Ceiling Water Damage Repair in Vandenberg AFB, CA | Coastal Restoration Services Inc",Ceiling Water Damage Repair in Vandenberg AFB,"Ceiling water damage repair in Vandenberg AFB, CA. IICRC-certified, insurance billing accepted. Call (805) 345-7440.",ceiling water damage repair vandenberg afb,ceiling leaking|water coming through ceiling|ceiling leak repair|sagging ceiling water damage|water stain ceiling,local_emergency,,,900,hero|og|inline-1|inline-2,service|local-business|faq|breadcrumb-list,/services/ceiling-water-damage-repair/|/service-areas/vandenberg-afb-ca/|/service-areas/vandenberg-afb-ca/fire-damage-restoration/|/service-areas/vandenberg-afb-ca/mold-remediation/|/service-areas/arroyo-grande-ca/ceiling-water-damage-repair/|/service-areas/atascadero-ca/ceiling-water-damage-repair/|/contact/,5.60,planned
/service-areas/vandenberg-afb-ca/general-contracting/,service-area-service,"Renovations, Remodels and General Contracting in Vandenberg AFB, CA | Coastal Restoration Services Inc","Renovations, Remodels and General Contracting in Vandenberg AFB","Renovations, remodels and general contracting in Vandenberg AFB, CA. IICRC-certified, insurance billing accepted. Call (805) 345-7440.","renovations, remodels and general contracting vandenberg afb",general contractor|home renovation services|home remodeling|kitchen remodel|bathroom remodel|post-damage rebuild,local_commercial,,,900,hero|og|inline-1|inline-2,service|local-business|faq|breadcrumb-list,/services/general-contracting/|/service-areas/vandenberg-afb-ca/|/service-areas/vandenberg-afb-ca/fire-damage-restoration/|/service-areas/vandenberg-afb-ca/mold-remediation/|/service-areas/arroyo-grande-ca/general-contracting/|/service-areas/atascadero-ca/general-contracting/|/contact/,5.60,planned
/service-areas/vandenberg-afb-ca/large-loss-response/,service-area-service,"Large Loss and Catastrophic Response in Vandenberg AFB, CA | Coastal Restoration Services Inc",Large Loss and Catastrophic Response in Vandenberg AFB,"Large loss and catastrophic response in Vandenberg AFB, CA. IICRC-certified, insurance billing accepted. Call (805) 345-7440.",large loss and catastrophic response vandenberg afb,large loss restoration|catastrophic loss response|commercial catastrophic restoration|multi-million dollar restoration|large loss adjusters,local_b2b,,,900,hero|og|inline-1|inline-2,service|local-business|faq|breadcrumb-list,/services/large-loss-response/|/service-areas/vandenberg-afb-ca/|/service-areas/vandenberg-afb-ca/fire-damage-restoration/|/service-areas/vandenberg-afb-ca/mold-remediation/|/service-areas/arroyo-grande-ca/large-loss-response/|/service-areas/atascadero-ca/large-loss-response/|/contact/,5.60,planned
/service-areas/vandenberg-afb-ca/mold-inspection-testing/,service-area-service,"Mold Inspection and Testing in Vandenberg AFB, CA | Coastal Restoration Services Inc",Mold Inspection and Testing in Vandenberg AFB,"Mold inspection and testing in Vandenberg AFB, CA. IICRC-certified, insurance billing accepted. Call (805) 345-7440.",mold inspection and testing vandenberg afb,mold inspection|mold testing|indoor air quality testing|mold spore testing|mold assessment,local_health,,,900,hero|og|inline-1|inline-2,service|local-business|faq|breadcrumb-list,/services/mold-inspection-testing/|/service-areas/vandenberg-afb-ca/|/service-areas/vandenberg-afb-ca/fire-damage-restoration/|/service-areas/vandenberg-afb-ca/mold-remediation/|/service-areas/arroyo-grande-ca/mold-inspection-testing/|/service-areas/atascadero-ca/mold-inspection-testing/|/contact/,5.60,planned
/service-areas/vandenberg-village-ca/basement-flooding-cleanup/,service-area-service,"Basement Flooding Cleanup in Vandenberg Village, CA | Coastal Restoration Services Inc",Basement Flooding Cleanup in Vandenberg Village,"Basement flooding cleanup in Vandenberg Village, CA. IICRC-certified, insurance billing accepted. Call (805) 345-7440.",basement flooding cleanup vandenberg village,flooded basement cleanup|basement water removal|wet basement restoration|basement water damage|basement drying,local_emergency,,,900,hero|og|inline-1|inline-2,service|local-business|faq|breadcrumb-list,/services/basement-flooding-cleanup/|/service-areas/vandenberg-village-ca/|/service-areas/vandenberg-village-ca/fire-damage-restoration/|/service-areas/vandenberg-village-ca/mold-remediation/|/service-areas/arroyo-grande-ca/basement-flooding-cleanup/|/service-areas/atascadero-ca/basement-flooding-cleanup/|/contact/,5.60,planned
/service-areas/vandenberg-village-ca/biohazard-cleanup/,service-area-service,"Biohazard Cleanup in Vandenberg Village, CA | Coastal Restoration Services Inc",Biohazard Cleanup in Vandenberg Village,"Biohazard cleanup in Vandenberg Village, CA. IICRC-certified, insurance billing accepted. Call (805) 345-7440.",biohazard cleanup vandenberg village,biohazard remediation|blood cleanup|bodily fluid cleanup|sharps and needle cleanup|infectious material cleanup,local_sensitive,,,900,hero|og|inline-1|inline-2,service|local-business|faq|breadcrumb-list,/services/biohazard-cleanup/|/service-areas/vandenberg-village-ca/|/service-areas/vandenberg-village-ca/fire-damage-restoration/|/service-areas/vandenberg-village-ca/mold-remediation/|/service-areas/arroyo-grande-ca/biohazard-cleanup/|/service-areas/atascadero-ca/biohazard-cleanup/|/contact/,5.60,planned
/service-areas/vandenberg-village-ca/burst-pipe-repair/,service-area-service,"Burst Pipe Cleanup and Repair in Vandenberg Village, CA | Coastal Restoration Services Inc",Burst Pipe Cleanup and Repair in Vandenberg Village,"Burst pipe cleanup and repair in Vandenberg Village, CA. IICRC-certified, insurance billing accepted. Call (805) 345-7440.",burst pipe cleanup and repair vandenberg village,burst pipe cleanup|pipe break water damage|water line break,local_emergency,,,900,hero|og|inline-1|inline-2,service|local-business|faq|breadcrumb-list,/services/burst-pipe-repair/|/service-areas/vandenberg-village-ca/|/service-areas/vandenberg-village-ca/fire-damage-restoration/|/service-areas/vandenberg-village-ca/mold-remediation/|/service-areas/arroyo-grande-ca/burst-pipe-repair/|/service-areas/atascadero-ca/burst-pipe-repair/|/contact/,5.60,planned
/service-areas/vandenberg-village-ca/ceiling-water-damage-repair/,service-area-service,"Ceiling Water Damage Repair in Vandenberg Village, CA | Coastal Restoration Services Inc",Ceiling Water Damage Repair in Vandenberg Village,"Ceiling water damage repair in Vandenberg Village, CA. IICRC-certified, insurance billing accepted. Call (805) 345-7440.",ceiling water damage repair vandenberg village,ceiling leaking|water coming through ceiling|ceiling leak repair|sagging ceiling water damage|water stain ceiling,local_emergency,,,900,hero|og|inline-1|inline-2,service|local-business|faq|breadcrumb-list,/services/ceiling-water-damage-repair/|/service-areas/vandenberg-village-ca/|/service-areas/vandenberg-village-ca/fire-damage-restoration/|/service-areas/vandenberg-village-ca/mold-remediation/|/service-areas/arroyo-grande-ca/ceiling-water-damage-repair/|/service-areas/atascadero-ca/ceiling-water-damage-repair/|/contact/,5.60,planned
/service-areas/vandenberg-village-ca/general-contracting/,service-area-service,"Renovations, Remodels and General Contracting in Vandenberg Village, CA | Coastal Restoration Services Inc","Renovations, Remodels and General Contracting in Vandenberg Village","Renovations, remodels and general contracting in Vandenberg Village, CA. IICRC-certified, insurance billing accepted. Call (805) 345-7440.","renovations, remodels and general contracting vandenberg village",general contractor|home renovation services|home remodeling|kitchen remodel|bathroom remodel|post-damage rebuild,local_commercial,,,900,hero|og|inline-1|inline-2,service|local-business|faq|breadcrumb-list,/services/general-contracting/|/service-areas/vandenberg-village-ca/|/service-areas/vandenberg-village-ca/fire-damage-restoration/|/service-areas/vandenberg-village-ca/mold-remediation/|/service-areas/arroyo-grande-ca/general-contracting/|/service-areas/atascadero-ca/general-contracting/|/contact/,5.60,planned
/service-areas/vandenberg-village-ca/large-loss-response/,service-area-service,"Large Loss and Catastrophic Response in Vandenberg Village, CA | Coastal Restoration Services Inc",Large Loss and Catastrophic Response in Vandenberg Village,"Large loss and catastrophic response in Vandenberg Village, CA. IICRC-certified, insurance billing accepted. Call (805) 345-7440.",large loss and catastrophic response vandenberg village,large loss restoration|catastrophic loss response|commercial catastrophic restoration|multi-million dollar restoration|large loss adjusters,local_b2b,,,900,hero|og|inline-1|inline-2,service|local-business|faq|breadcrumb-list,/services/large-loss-response/|/service-areas/vandenberg-village-ca/|/service-areas/vandenberg-village-ca/fire-damage-restoration/|/service-areas/vandenberg-village-ca/mold-remediation/|/service-areas/arroyo-grande-ca/large-loss-response/|/service-areas/atascadero-ca/large-loss-response/|/contact/,5.60,planned
/service-areas/vandenberg-village-ca/mold-inspection-testing/,service-area-service,"Mold Inspection and Testing in Vandenberg Village, CA | Coastal Restoration Services Inc",Mold Inspection and Testing in Vandenberg Village,"Mold inspection and testing in Vandenberg Village, CA. IICRC-certified, insurance billing accepted. Call (805) 345-7440.",mold inspection and testing vandenberg village,mold inspection|mold testing|indoor air quality testing|mold spore testing|mold assessment,local_health,,,900,hero|og|inline-1|inline-2,service|local-business|faq|breadcrumb-list,/services/mold-inspection-testing/|/service-areas/vandenberg-village-ca/|/service-areas/vandenberg-village-ca/fire-damage-restoration/|/service-areas/vandenberg-village-ca/mold-remediation/|/service-areas/arroyo-grande-ca/mold-inspection-testing/|/service-areas/atascadero-ca/mold-inspection-testing/|/contact/,5.60,planned
/blog/choosing-a-restoration-company/,blog-post,How To Choose a Restoration Company in  (Without Getting Burned),How To Choose a Restoration Company in  (Without Getting Burned),,how to choose a restoration company in  without getting burned,water damage restoration|fire damage restoration|mold remediation,commercial_decision,,,1400,hero|og|inline-1|inline-2,blog-posting|faq|breadcrumb-list,/blog/|/services/fire-damage-restoration/|/services/mold-remediation/|/services/water-damage-restoration/|/blog/burst-pipe-emergency-checklist/|/blog/what-to-do-first-24-hours-water-damage/|/blog/does-homeowners-insurance-cover-water-damage/,5.40,planned
/blog/does-homeowners-insurance-cover-water-damage/,blog-post,Does Homeowners Insurance Cover Water Damage? A Plain-English Guide,Does Homeowners Insurance Cover Water Damage? A Plain-English Guide,,does homeowners insurance cover water damage a plainenglish guide,water damage restoration,informational_insurance,,,1400,hero|og|inline-1|inline-2,blog-posting|faq|breadcrumb-list,/blog/|/services/water-damage-restoration/|/blog/burst-pipe-emergency-checklist/|/blog/what-to-do-first-24-hours-water-damage/|/blog/choosing-a-restoration-company/,5.40,planned
/blog/fire-damage-restoration-process/,blog-post,"The Fire Damage Restoration Process, Explained","The Fire Damage Restoration Process, Explained",,the fire damage restoration process explained,fire damage restoration|smoke damage restoration,informational_emergency,,,1400,hero|og|inline-1|inline-2,blog-posting|faq|breadcrumb-list,/blog/|/services/fire-damage-restoration/|/services/smoke-damage-restoration/|/blog/choosing-a-restoration-company/,5.40,planned
/blog/how-to-test-for-mold/,blog-post,How To Test for Mold in Your Home (DIY Kits vs a Pro Inspection),How To Test for Mold in Your Home (DIY Kits vs a Pro Inspection),,how to test for mold in your home diy kits vs a pro inspection,mold remediation|mold inspection and testing,informational_health,,,1400,hero|og|inline-1|inline-2,blog-posting|faq|breadcrumb-list,/blog/|/services/mold-remediation/|/services/mold-inspection-testing/|/blog/choosing-a-restoration-company/|/blog/signs-of-hidden-mold/|/blog/black-mold-vs-regular-mold/,5.40,planned
/blog/signs-of-hidden-mold/,blog-post,7 Signs You Have Hidden Mold (and What To Do Next),7 Signs You Have Hidden Mold (and What To Do Next),,7 signs you have hidden mold and what to do next,mold remediation,informational_health,,,1400,hero|og|inline-1|inline-2,blog-posting|faq|breadcrumb-list,/blog/|/services/mold-remediation/|/blog/choosing-a-restoration-company/|/blog/how-to-test-for-mold/|/blog/black-mold-vs-regular-mold/,5.40,planned
/service-areas/arroyo-grande-ca/emergency-board-up-tarping/,service-area-service,"Board-Up and Tarping in Arroyo Grande, CA | Coastal Restoration Services Inc",Board-Up and Tarping in Arroyo Grande,"Board-up and tarping in Arroyo Grande, CA. IICRC-certified, insurance billing accepted. Call (805) 345-7440.",emergency board-up and tarping arroyo grande,roof tarping|fire damage board up|broken window board up,local_emergency,,,900,hero|og|inline-1|inline-2,service|local-business|faq|breadcrumb-list,/services/emergency-board-up-tarping/|/service-areas/arroyo-grande-ca/|/service-areas/arroyo-grande-ca/fire-damage-restoration/|/service-areas/arroyo-grande-ca/mold-remediation/|/service-areas/atascadero-ca/emergency-board-up-tarping/|/service-areas/avila-beach-ca/emergency-board-up-tarping/|/contact/,4.90,planned
/service-areas/arroyo-grande-ca/industrial-restoration/,service-area-service,"Industrial Restoration in Arroyo Grande, CA | Coastal Restoration Services Inc",Industrial Restoration in Arroyo Grande,"Industrial restoration in Arroyo Grande, CA. IICRC-certified, insurance billing accepted. Call (805) 345-7440.",industrial restoration arroyo grande,industrial water damage|warehouse restoration|manufacturing facility restoration|industrial fire damage|plant restoration services,local_b2b,,,900,hero|og|inline-1|inline-2,service|local-business|faq|breadcrumb-list,/services/industrial-restoration/|/service-areas/arroyo-grande-ca/|/service-areas/arroyo-grande-ca/fire-damage-restoration/|/service-areas/arroyo-grande-ca/mold-remediation/|/service-areas/atascadero-ca/industrial-restoration/|/service-areas/avila-beach-ca/industrial-restoration/|/contact/,4.90,planned
/service-areas/arroyo-grande-ca/odor-removal/,service-area-service,"Odor Removal and Deodorization in Arroyo Grande, CA | Coastal Restoration Services Inc",Odor Removal and Deodorization in Arroyo Grande,"Odor removal and deodorization in Arroyo Grande, CA. IICRC-certified, insurance billing accepted. Call (805) 345-7440.",odor removal and deodorization arroyo grande,smoke odor removal|ozone treatment|hydroxyl deodorization|thermal fogging|professional odor elimination,local_specialty,,,900,hero|og|inline-1|inline-2,service|local-business|faq|breadcrumb-list,/services/odor-removal/|/service-areas/arroyo-grande-ca/|/service-areas/arroyo-grande-ca/fire-damage-restoration/|/service-areas/arroyo-grande-ca/mold-remediation/|/service-areas/atascadero-ca/odor-removal/|/service-areas/avila-beach-ca/odor-removal/|/contact/,4.90,planned
/service-areas/arroyo-grande-ca/water-heater-flood-cleanup/,service-area-service,"Water Heater Flood Cleanup in Arroyo Grande, CA | Coastal Restoration Services Inc",Water Heater Flood Cleanup in Arroyo Grande,"Water heater flood cleanup in Arroyo Grande, CA. IICRC-certified, insurance billing accepted. Call (805) 345-7440.",water heater flood cleanup arroyo grande,water heater leaking|water heater burst|flooded water heater|water heater leak damage,local_emergency,,,900,hero|og|inline-1|inline-2,service|local-business|faq|breadcrumb-list,/services/water-heater-flood-cleanup/|/service-areas/arroyo-grande-ca/|/service-areas/arroyo-grande-ca/fire-damage-restoration/|/service-areas/arroyo-grande-ca/mold-remediation/|/service-areas/atascadero-ca/water-heater-flood-cleanup/|/service-areas/avila-beach-ca/water-heater-flood-cleanup/|/contact/,4.90,planned
/service-areas/arroyo-grande-ca/water-leak-detection/,service-area-service,"Water Leak Detection in Arroyo Grande, CA | Coastal Restoration Services Inc",Water Leak Detection in Arroyo Grande,"Water leak detection in Arroyo Grande, CA. IICRC-certified, insurance billing accepted. Call (805) 345-7440.",water leak detection arroyo grande,leak detection|hidden water leak|slab leak detection|water leak in wall|leak detection service,local_emergency,,,900,hero|og|inline-1|inline-2,service|local-business|faq|breadcrumb-list,/services/water-leak-detection/|/service-areas/arroyo-grande-ca/|/service-areas/arroyo-grande-ca/fire-damage-restoration/|/service-areas/arroyo-grande-ca/mold-remediation/|/service-areas/atascadero-ca/water-leak-detection/|/service-areas/avila-beach-ca/water-leak-detection/|/contact/,4.90,planned
/service-areas/atascadero-ca/emergency-board-up-tarping/,service-area-service,"Board-Up and Tarping in Atascadero, CA | Coastal Restoration Services Inc",Board-Up and Tarping in Atascadero,"Board-up and tarping in Atascadero, CA. IICRC-certified, insurance billing accepted. Call (805) 345-7440.",emergency board-up and tarping atascadero,roof tarping|fire damage board up|broken window board up,local_emergency,,,900,hero|og|inline-1|inline-2,service|local-business|faq|breadcrumb-list,/services/emergency-board-up-tarping/|/service-areas/atascadero-ca/|/service-areas/atascadero-ca/fire-damage-restoration/|/service-areas/atascadero-ca/mold-remediation/|/service-areas/arroyo-grande-ca/emergency-board-up-tarping/|/service-areas/avila-beach-ca/emergency-board-up-tarping/|/contact/,4.90,planned
/service-areas/atascadero-ca/industrial-restoration/,service-area-service,"Industrial Restoration in Atascadero, CA | Coastal Restoration Services Inc",Industrial Restoration in Atascadero,"Industrial restoration in Atascadero, CA. IICRC-certified, insurance billing accepted. Call (805) 345-7440.",industrial restoration atascadero,industrial water damage|warehouse restoration|manufacturing facility restoration|industrial fire damage|plant restoration services,local_b2b,,,900,hero|og|inline-1|inline-2,service|local-business|faq|breadcrumb-list,/services/industrial-restoration/|/service-areas/atascadero-ca/|/service-areas/atascadero-ca/fire-damage-restoration/|/service-areas/atascadero-ca/mold-remediation/|/service-areas/arroyo-grande-ca/industrial-restoration/|/service-areas/avila-beach-ca/industrial-restoration/|/contact/,4.90,planned
/service-areas/atascadero-ca/odor-removal/,service-area-service,"Odor Removal and Deodorization in Atascadero, CA | Coastal Restoration Services Inc",Odor Removal and Deodorization in Atascadero,"Odor removal and deodorization in Atascadero, CA. IICRC-certified, insurance billing accepted. Call (805) 345-7440.",odor removal and deodorization atascadero,smoke odor removal|ozone treatment|hydroxyl deodorization|thermal fogging|professional odor elimination,local_specialty,,,900,hero|og|inline-1|inline-2,service|local-business|faq|breadcrumb-list,/services/odor-removal/|/service-areas/atascadero-ca/|/service-areas/atascadero-ca/fire-damage-restoration/|/service-areas/atascadero-ca/mold-remediation/|/service-areas/arroyo-grande-ca/odor-removal/|/service-areas/avila-beach-ca/odor-removal/|/contact/,4.90,planned
/service-areas/atascadero-ca/water-heater-flood-cleanup/,service-area-service,"Water Heater Flood Cleanup in Atascadero, CA | Coastal Restoration Services Inc",Water Heater Flood Cleanup in Atascadero,"Water heater flood cleanup in Atascadero, CA. IICRC-certified, insurance billing accepted. Call (805) 345-7440.",water heater flood cleanup atascadero,water heater leaking|water heater burst|flooded water heater|water heater leak damage,local_emergency,,,900,hero|og|inline-1|inline-2,service|local-business|faq|breadcrumb-list,/services/water-heater-flood-cleanup/|/service-areas/atascadero-ca/|/service-areas/atascadero-ca/fire-damage-restoration/|/service-areas/atascadero-ca/mold-remediation/|/service-areas/arroyo-grande-ca/water-heater-flood-cleanup/|/service-areas/avila-beach-ca/water-heater-flood-cleanup/|/contact/,4.90,planned
/service-areas/atascadero-ca/water-leak-detection/,service-area-service,"Water Leak Detection in Atascadero, CA | Coastal Restoration Services Inc",Water Leak Detection in Atascadero,"Water leak detection in Atascadero, CA. IICRC-certified, insurance billing accepted. Call (805) 345-7440.",water leak detection atascadero,leak detection|hidden water leak|slab leak detection|water leak in wall|leak detection service,local_emergency,,,900,hero|og|inline-1|inline-2,service|local-business|faq|breadcrumb-list,/services/water-leak-detection/|/service-areas/atascadero-ca/|/service-areas/atascadero-ca/fire-damage-restoration/|/service-areas/atascadero-ca/mold-remediation/|/service-areas/arroyo-grande-ca/water-leak-detection/|/service-areas/avila-beach-ca/water-leak-detection/|/contact/,4.90,planned
/service-areas/avila-beach-ca/emergency-board-up-tarping/,service-area-service,"Board-Up and Tarping in Avila Beach, CA | Coastal Restoration Services Inc",Board-Up and Tarping in Avila Beach,"Board-up and tarping in Avila Beach, CA. IICRC-certified, insurance billing accepted. Call (805) 345-7440.",emergency board-up and tarping avila beach,roof tarping|fire damage board up|broken window board up,local_emergency,,,900,hero|og|inline-1|inline-2,service|local-business|faq|breadcrumb-list,/services/emergency-board-up-tarping/|/service-areas/avila-beach-ca/|/service-areas/avila-beach-ca/fire-damage-restoration/|/service-areas/avila-beach-ca/mold-remediation/|/service-areas/arroyo-grande-ca/emergency-board-up-tarping/|/service-areas/atascadero-ca/emergency-board-up-tarping/|/contact/,4.90,planned
/service-areas/avila-beach-ca/industrial-restoration/,service-area-service,"Industrial Restoration in Avila Beach, CA | Coastal Restoration Services Inc",Industrial Restoration in Avila Beach,"Industrial restoration in Avila Beach, CA. IICRC-certified, insurance billing accepted. Call (805) 345-7440.",industrial restoration avila beach,industrial water damage|warehouse restoration|manufacturing facility restoration|industrial fire damage|plant restoration services,local_b2b,,,900,hero|og|inline-1|inline-2,service|local-business|faq|breadcrumb-list,/services/industrial-restoration/|/service-areas/avila-beach-ca/|/service-areas/avila-beach-ca/fire-damage-restoration/|/service-areas/avila-beach-ca/mold-remediation/|/service-areas/arroyo-grande-ca/industrial-restoration/|/service-areas/atascadero-ca/industrial-restoration/|/contact/,4.90,planned
/service-areas/avila-beach-ca/odor-removal/,service-area-service,"Odor Removal and Deodorization in Avila Beach, CA | Coastal Restoration Services Inc",Odor Removal and Deodorization in Avila Beach,"Odor removal and deodorization in Avila Beach, CA. IICRC-certified, insurance billing accepted. Call (805) 345-7440.",odor removal and deodorization avila beach,smoke odor removal|ozone treatment|hydroxyl deodorization|thermal fogging|professional odor elimination,local_specialty,,,900,hero|og|inline-1|inline-2,service|local-business|faq|breadcrumb-list,/services/odor-removal/|/service-areas/avila-beach-ca/|/service-areas/avila-beach-ca/fire-damage-restoration/|/service-areas/avila-beach-ca/mold-remediation/|/service-areas/arroyo-grande-ca/odor-removal/|/service-areas/atascadero-ca/odor-removal/|/contact/,4.90,planned
/service-areas/avila-beach-ca/water-heater-flood-cleanup/,service-area-service,"Water Heater Flood Cleanup in Avila Beach, CA | Coastal Restoration Services Inc",Water Heater Flood Cleanup in Avila Beach,"Water heater flood cleanup in Avila Beach, CA. IICRC-certified, insurance billing accepted. Call (805) 345-7440.",water heater flood cleanup avila beach,water heater leaking|water heater burst|flooded water heater|water heater leak damage,local_emergency,,,900,hero|og|inline-1|inline-2,service|local-business|faq|breadcrumb-list,/services/water-heater-flood-cleanup/|/service-areas/avila-beach-ca/|/service-areas/avila-beach-ca/fire-damage-restoration/|/service-areas/avila-beach-ca/mold-remediation/|/service-areas/arroyo-grande-ca/water-heater-flood-cleanup/|/service-areas/atascadero-ca/water-heater-flood-cleanup/|/contact/,4.90,planned
/service-areas/avila-beach-ca/water-leak-detection/,service-area-service,"Water Leak Detection in Avila Beach, CA | Coastal Restoration Services Inc",Water Leak Detection in Avila Beach,"Water leak detection in Avila Beach, CA. IICRC-certified, insurance billing accepted. Call (805) 345-7440.",water leak detection avila beach,leak detection|hidden water leak|slab leak detection|water leak in wall|leak detection service,local_emergency,,,900,hero|og|inline-1|inline-2,service|local-business|faq|breadcrumb-list,/services/water-leak-detection/|/service-areas/avila-beach-ca/|/service-areas/avila-beach-ca/fire-damage-restoration/|/service-areas/avila-beach-ca/mold-remediation/|/service-areas/arroyo-grande-ca/water-leak-detection/|/service-areas/atascadero-ca/water-leak-detection/|/contact/,4.90,planned
/service-areas/ballard-ca/emergency-board-up-tarping/,service-area-service,"Board-Up and Tarping in Ballard, CA | Coastal Restoration Services Inc",Board-Up and Tarping in Ballard,"Board-up and tarping in Ballard, CA. IICRC-certified, insurance billing accepted. Call (805) 345-7440.",emergency board-up and tarping ballard,roof tarping|fire damage board up|broken window board up,local_emergency,,,900,hero|og|inline-1|inline-2,service|local-business|faq|breadcrumb-list,/services/emergency-board-up-tarping/|/service-areas/ballard-ca/|/service-areas/ballard-ca/fire-damage-restoration/|/service-areas/ballard-ca/mold-remediation/|/service-areas/arroyo-grande-ca/emergency-board-up-tarping/|/service-areas/atascadero-ca/emergency-board-up-tarping/|/contact/,4.90,planned
/service-areas/ballard-ca/industrial-restoration/,service-area-service,"Industrial Restoration in Ballard, CA | Coastal Restoration Services Inc",Industrial Restoration in Ballard,"Industrial restoration in Ballard, CA. IICRC-certified, insurance billing accepted. Call (805) 345-7440.",industrial restoration ballard,industrial water damage|warehouse restoration|manufacturing facility restoration|industrial fire damage|plant restoration services,local_b2b,,,900,hero|og|inline-1|inline-2,service|local-business|faq|breadcrumb-list,/services/industrial-restoration/|/service-areas/ballard-ca/|/service-areas/ballard-ca/fire-damage-restoration/|/service-areas/ballard-ca/mold-remediation/|/service-areas/arroyo-grande-ca/industrial-restoration/|/service-areas/atascadero-ca/industrial-restoration/|/contact/,4.90,planned
/service-areas/ballard-ca/odor-removal/,service-area-service,"Odor Removal and Deodorization in Ballard, CA | Coastal Restoration Services Inc",Odor Removal and Deodorization in Ballard,"Odor removal and deodorization in Ballard, CA. IICRC-certified, insurance billing accepted. Call (805) 345-7440.",odor removal and deodorization ballard,smoke odor removal|ozone treatment|hydroxyl deodorization|thermal fogging|professional odor elimination,local_specialty,,,900,hero|og|inline-1|inline-2,service|local-business|faq|breadcrumb-list,/services/odor-removal/|/service-areas/ballard-ca/|/service-areas/ballard-ca/fire-damage-restoration/|/service-areas/ballard-ca/mold-remediation/|/service-areas/arroyo-grande-ca/odor-removal/|/service-areas/atascadero-ca/odor-removal/|/contact/,4.90,planned
/service-areas/ballard-ca/water-heater-flood-cleanup/,service-area-service,"Water Heater Flood Cleanup in Ballard, CA | Coastal Restoration Services Inc",Water Heater Flood Cleanup in Ballard,"Water heater flood cleanup in Ballard, CA. IICRC-certified, insurance billing accepted. Call (805) 345-7440.",water heater flood cleanup ballard,water heater leaking|water heater burst|flooded water heater|water heater leak damage,local_emergency,,,900,hero|og|inline-1|inline-2,service|local-business|faq|breadcrumb-list,/services/water-heater-flood-cleanup/|/service-areas/ballard-ca/|/service-areas/ballard-ca/fire-damage-restoration/|/service-areas/ballard-ca/mold-remediation/|/service-areas/arroyo-grande-ca/water-heater-flood-cleanup/|/service-areas/atascadero-ca/water-heater-flood-cleanup/|/contact/,4.90,planned
/service-areas/ballard-ca/water-leak-detection/,service-area-service,"Water Leak Detection in Ballard, CA | Coastal Restoration Services Inc",Water Leak Detection in Ballard,"Water leak detection in Ballard, CA. IICRC-certified, insurance billing accepted. Call (805) 345-7440.",water leak detection ballard,leak detection|hidden water leak|slab leak detection|water leak in wall|leak detection service,local_emergency,,,900,hero|og|inline-1|inline-2,service|local-business|faq|breadcrumb-list,/services/water-leak-detection/|/service-areas/ballard-ca/|/service-areas/ballard-ca/fire-damage-restoration/|/service-areas/ballard-ca/mold-remediation/|/service-areas/arroyo-grande-ca/water-leak-detection/|/service-areas/atascadero-ca/water-leak-detection/|/contact/,4.90,planned
/service-areas/blacklake-ca/emergency-board-up-tarping/,service-area-service,"Board-Up and Tarping in Blacklake, CA | Coastal Restoration Services Inc",Board-Up and Tarping in Blacklake,"Board-up and tarping in Blacklake, CA. IICRC-certified, insurance billing accepted. Call (805) 345-7440.",emergency board-up and tarping blacklake,roof tarping|fire damage board up|broken window board up,local_emergency,,,900,hero|og|inline-1|inline-2,service|local-business|faq|breadcrumb-list,/services/emergency-board-up-tarping/|/service-areas/blacklake-ca/|/service-areas/blacklake-ca/fire-damage-restoration/|/service-areas/blacklake-ca/mold-remediation/|/service-areas/arroyo-grande-ca/emergency-board-up-tarping/|/service-areas/atascadero-ca/emergency-board-up-tarping/|/contact/,4.90,planned
/service-areas/blacklake-ca/industrial-restoration/,service-area-service,"Industrial Restoration in Blacklake, CA | Coastal Restoration Services Inc",Industrial Restoration in Blacklake,"Industrial restoration in Blacklake, CA. IICRC-certified, insurance billing accepted. Call (805) 345-7440.",industrial restoration blacklake,industrial water damage|warehouse restoration|manufacturing facility restoration|industrial fire damage|plant restoration services,local_b2b,,,900,hero|og|inline-1|inline-2,service|local-business|faq|breadcrumb-list,/services/industrial-restoration/|/service-areas/blacklake-ca/|/service-areas/blacklake-ca/fire-damage-restoration/|/service-areas/blacklake-ca/mold-remediation/|/service-areas/arroyo-grande-ca/industrial-restoration/|/service-areas/atascadero-ca/industrial-restoration/|/contact/,4.90,planned
/service-areas/blacklake-ca/odor-removal/,service-area-service,"Odor Removal and Deodorization in Blacklake, CA | Coastal Restoration Services Inc",Odor Removal and Deodorization in Blacklake,"Odor removal and deodorization in Blacklake, CA. IICRC-certified, insurance billing accepted. Call (805) 345-7440.",odor removal and deodorization blacklake,smoke odor removal|ozone treatment|hydroxyl deodorization|thermal fogging|professional odor elimination,local_specialty,,,900,hero|og|inline-1|inline-2,service|local-business|faq|breadcrumb-list,/services/odor-removal/|/service-areas/blacklake-ca/|/service-areas/blacklake-ca/fire-damage-restoration/|/service-areas/blacklake-ca/mold-remediation/|/service-areas/arroyo-grande-ca/odor-removal/|/service-areas/atascadero-ca/odor-removal/|/contact/,4.90,planned
/service-areas/blacklake-ca/water-heater-flood-cleanup/,service-area-service,"Water Heater Flood Cleanup in Blacklake, CA | Coastal Restoration Services Inc",Water Heater Flood Cleanup in Blacklake,"Water heater flood cleanup in Blacklake, CA. IICRC-certified, insurance billing accepted. Call (805) 345-7440.",water heater flood cleanup blacklake,water heater leaking|water heater burst|flooded water heater|water heater leak damage,local_emergency,,,900,hero|og|inline-1|inline-2,service|local-business|faq|breadcrumb-list,/services/water-heater-flood-cleanup/|/service-areas/blacklake-ca/|/service-areas/blacklake-ca/fire-damage-restoration/|/service-areas/blacklake-ca/mold-remediation/|/service-areas/arroyo-grande-ca/water-heater-flood-cleanup/|/service-areas/atascadero-ca/water-heater-flood-cleanup/|/contact/,4.90,planned
/service-areas/blacklake-ca/water-leak-detection/,service-area-service,"Water Leak Detection in Blacklake, CA | Coastal Restoration Services Inc",Water Leak Detection in Blacklake,"Water leak detection in Blacklake, CA. IICRC-certified, insurance billing accepted. Call (805) 345-7440.",water leak detection blacklake,leak detection|hidden water leak|slab leak detection|water leak in wall|leak detection service,local_emergency,,,900,hero|og|inline-1|inline-2,service|local-business|faq|breadcrumb-list,/services/water-leak-detection/|/service-areas/blacklake-ca/|/service-areas/blacklake-ca/fire-damage-restoration/|/service-areas/blacklake-ca/mold-remediation/|/service-areas/arroyo-grande-ca/water-leak-detection/|/service-areas/atascadero-ca/water-leak-detection/|/contact/,4.90,planned
/service-areas/buellton-ca/emergency-board-up-tarping/,service-area-service,"Board-Up and Tarping in Buellton, CA | Coastal Restoration Services Inc",Board-Up and Tarping in Buellton,"Board-up and tarping in Buellton, CA. IICRC-certified, insurance billing accepted. Call (805) 345-7440.",emergency board-up and tarping buellton,roof tarping|fire damage board up|broken window board up,local_emergency,,,900,hero|og|inline-1|inline-2,service|local-business|faq|breadcrumb-list,/services/emergency-board-up-tarping/|/service-areas/buellton-ca/|/service-areas/buellton-ca/fire-damage-restoration/|/service-areas/buellton-ca/mold-remediation/|/service-areas/arroyo-grande-ca/emergency-board-up-tarping/|/service-areas/atascadero-ca/emergency-board-up-tarping/|/contact/,4.90,planned
/service-areas/buellton-ca/industrial-restoration/,service-area-service,"Industrial Restoration in Buellton, CA | Coastal Restoration Services Inc",Industrial Restoration in Buellton,"Industrial restoration in Buellton, CA. IICRC-certified, insurance billing accepted. Call (805) 345-7440.",industrial restoration buellton,industrial water damage|warehouse restoration|manufacturing facility restoration|industrial fire damage|plant restoration services,local_b2b,,,900,hero|og|inline-1|inline-2,service|local-business|faq|breadcrumb-list,/services/industrial-restoration/|/service-areas/buellton-ca/|/service-areas/buellton-ca/fire-damage-restoration/|/service-areas/buellton-ca/mold-remediation/|/service-areas/arroyo-grande-ca/industrial-restoration/|/service-areas/atascadero-ca/industrial-restoration/|/contact/,4.90,planned
/service-areas/buellton-ca/odor-removal/,service-area-service,"Odor Removal and Deodorization in Buellton, CA | Coastal Restoration Services Inc",Odor Removal and Deodorization in Buellton,"Odor removal and deodorization in Buellton, CA. IICRC-certified, insurance billing accepted. Call (805) 345-7440.",odor removal and deodorization buellton,smoke odor removal|ozone treatment|hydroxyl deodorization|thermal fogging|professional odor elimination,local_specialty,,,900,hero|og|inline-1|inline-2,service|local-business|faq|breadcrumb-list,/services/odor-removal/|/service-areas/buellton-ca/|/service-areas/buellton-ca/fire-damage-restoration/|/service-areas/buellton-ca/mold-remediation/|/service-areas/arroyo-grande-ca/odor-removal/|/service-areas/atascadero-ca/odor-removal/|/contact/,4.90,planned
/service-areas/buellton-ca/water-heater-flood-cleanup/,service-area-service,"Water Heater Flood Cleanup in Buellton, CA | Coastal Restoration Services Inc",Water Heater Flood Cleanup in Buellton,"Water heater flood cleanup in Buellton, CA. IICRC-certified, insurance billing accepted. Call (805) 345-7440.",water heater flood cleanup buellton,water heater leaking|water heater burst|flooded water heater|water heater leak damage,local_emergency,,,900,hero|og|inline-1|inline-2,service|local-business|faq|breadcrumb-list,/services/water-heater-flood-cleanup/|/service-areas/buellton-ca/|/service-areas/buellton-ca/fire-damage-restoration/|/service-areas/buellton-ca/mold-remediation/|/service-areas/arroyo-grande-ca/water-heater-flood-cleanup/|/service-areas/atascadero-ca/water-heater-flood-cleanup/|/contact/,4.90,planned
/service-areas/buellton-ca/water-leak-detection/,service-area-service,"Water Leak Detection in Buellton, CA | Coastal Restoration Services Inc",Water Leak Detection in Buellton,"Water leak detection in Buellton, CA. IICRC-certified, insurance billing accepted. Call (805) 345-7440.",water leak detection buellton,leak detection|hidden water leak|slab leak detection|water leak in wall|leak detection service,local_emergency,,,900,hero|og|inline-1|inline-2,service|local-business|faq|breadcrumb-list,/services/water-leak-detection/|/service-areas/buellton-ca/|/service-areas/buellton-ca/fire-damage-restoration/|/service-areas/buellton-ca/mold-remediation/|/service-areas/arroyo-grande-ca/water-leak-detection/|/service-areas/atascadero-ca/water-leak-detection/|/contact/,4.90,planned
/service-areas/callender-ca/emergency-board-up-tarping/,service-area-service,"Board-Up and Tarping in Callender, CA | Coastal Restoration Services Inc",Board-Up and Tarping in Callender,"Board-up and tarping in Callender, CA. IICRC-certified, insurance billing accepted. Call (805) 345-7440.",emergency board-up and tarping callender,roof tarping|fire damage board up|broken window board up,local_emergency,,,900,hero|og|inline-1|inline-2,service|local-business|faq|breadcrumb-list,/services/emergency-board-up-tarping/|/service-areas/callender-ca/|/service-areas/callender-ca/fire-damage-restoration/|/service-areas/callender-ca/mold-remediation/|/service-areas/arroyo-grande-ca/emergency-board-up-tarping/|/service-areas/atascadero-ca/emergency-board-up-tarping/|/contact/,4.90,planned
/service-areas/callender-ca/industrial-restoration/,service-area-service,"Industrial Restoration in Callender, CA | Coastal Restoration Services Inc",Industrial Restoration in Callender,"Industrial restoration in Callender, CA. IICRC-certified, insurance billing accepted. Call (805) 345-7440.",industrial restoration callender,industrial water damage|warehouse restoration|manufacturing facility restoration|industrial fire damage|plant restoration services,local_b2b,,,900,hero|og|inline-1|inline-2,service|local-business|faq|breadcrumb-list,/services/industrial-restoration/|/service-areas/callender-ca/|/service-areas/callender-ca/fire-damage-restoration/|/service-areas/callender-ca/mold-remediation/|/service-areas/arroyo-grande-ca/industrial-restoration/|/service-areas/atascadero-ca/industrial-restoration/|/contact/,4.90,planned
/service-areas/callender-ca/odor-removal/,service-area-service,"Odor Removal and Deodorization in Callender, CA | Coastal Restoration Services Inc",Odor Removal and Deodorization in Callender,"Odor removal and deodorization in Callender, CA. IICRC-certified, insurance billing accepted. Call (805) 345-7440.",odor removal and deodorization callender,smoke odor removal|ozone treatment|hydroxyl deodorization|thermal fogging|professional odor elimination,local_specialty,,,900,hero|og|inline-1|inline-2,service|local-business|faq|breadcrumb-list,/services/odor-removal/|/service-areas/callender-ca/|/service-areas/callender-ca/fire-damage-restoration/|/service-areas/callender-ca/mold-remediation/|/service-areas/arroyo-grande-ca/odor-removal/|/service-areas/atascadero-ca/odor-removal/|/contact/,4.90,planned
/service-areas/callender-ca/water-heater-flood-cleanup/,service-area-service,"Water Heater Flood Cleanup in Callender, CA | Coastal Restoration Services Inc",Water Heater Flood Cleanup in Callender,"Water heater flood cleanup in Callender, CA. IICRC-certified, insurance billing accepted. Call (805) 345-7440.",water heater flood cleanup callender,water heater leaking|water heater burst|flooded water heater|water heater leak damage,local_emergency,,,900,hero|og|inline-1|inline-2,service|local-business|faq|breadcrumb-list,/services/water-heater-flood-cleanup/|/service-areas/callender-ca/|/service-areas/callender-ca/fire-damage-restoration/|/service-areas/callender-ca/mold-remediation/|/service-areas/arroyo-grande-ca/water-heater-flood-cleanup/|/service-areas/atascadero-ca/water-heater-flood-cleanup/|/contact/,4.90,planned
/service-areas/callender-ca/water-leak-detection/,service-area-service,"Water Leak Detection in Callender, CA | Coastal Restoration Services Inc",Water Leak Detection in Callender,"Water leak detection in Callender, CA. IICRC-certified, insurance billing accepted. Call (805) 345-7440.",water leak detection callender,leak detection|hidden water leak|slab leak detection|water leak in wall|leak detection service,local_emergency,,,900,hero|og|inline-1|inline-2,service|local-business|faq|breadcrumb-list,/services/water-leak-detection/|/service-areas/callender-ca/|/service-areas/callender-ca/fire-damage-restoration/|/service-areas/callender-ca/mold-remediation/|/service-areas/arroyo-grande-ca/water-leak-detection/|/service-areas/atascadero-ca/water-leak-detection/|/contact/,4.90,planned
/service-areas/cambria-ca/emergency-board-up-tarping/,service-area-service,"Board-Up and Tarping in Cambria, CA | Coastal Restoration Services Inc",Board-Up and Tarping in Cambria,"Board-up and tarping in Cambria, CA. IICRC-certified, insurance billing accepted. Call (805) 345-7440.",emergency board-up and tarping cambria,roof tarping|fire damage board up|broken window board up,local_emergency,,,900,hero|og|inline-1|inline-2,service|local-business|faq|breadcrumb-list,/services/emergency-board-up-tarping/|/service-areas/cambria-ca/|/service-areas/cambria-ca/fire-damage-restoration/|/service-areas/cambria-ca/mold-remediation/|/service-areas/arroyo-grande-ca/emergency-board-up-tarping/|/service-areas/atascadero-ca/emergency-board-up-tarping/|/contact/,4.90,planned
/service-areas/cambria-ca/industrial-restoration/,service-area-service,"Industrial Restoration in Cambria, CA | Coastal Restoration Services Inc",Industrial Restoration in Cambria,"Industrial restoration in Cambria, CA. IICRC-certified, insurance billing accepted. Call (805) 345-7440.",industrial restoration cambria,industrial water damage|warehouse restoration|manufacturing facility restoration|industrial fire damage|plant restoration services,local_b2b,,,900,hero|og|inline-1|inline-2,service|local-business|faq|breadcrumb-list,/services/industrial-restoration/|/service-areas/cambria-ca/|/service-areas/cambria-ca/fire-damage-restoration/|/service-areas/cambria-ca/mold-remediation/|/service-areas/arroyo-grande-ca/industrial-restoration/|/service-areas/atascadero-ca/industrial-restoration/|/contact/,4.90,planned
/service-areas/cambria-ca/odor-removal/,service-area-service,"Odor Removal and Deodorization in Cambria, CA | Coastal Restoration Services Inc",Odor Removal and Deodorization in Cambria,"Odor removal and deodorization in Cambria, CA. IICRC-certified, insurance billing accepted. Call (805) 345-7440.",odor removal and deodorization cambria,smoke odor removal|ozone treatment|hydroxyl deodorization|thermal fogging|professional odor elimination,local_specialty,,,900,hero|og|inline-1|inline-2,service|local-business|faq|breadcrumb-list,/services/odor-removal/|/service-areas/cambria-ca/|/service-areas/cambria-ca/fire-damage-restoration/|/service-areas/cambria-ca/mold-remediation/|/service-areas/arroyo-grande-ca/odor-removal/|/service-areas/atascadero-ca/odor-removal/|/contact/,4.90,planned
/service-areas/cambria-ca/water-heater-flood-cleanup/,service-area-service,"Water Heater Flood Cleanup in Cambria, CA | Coastal Restoration Services Inc",Water Heater Flood Cleanup in Cambria,"Water heater flood cleanup in Cambria, CA. IICRC-certified, insurance billing accepted. Call (805) 345-7440.",water heater flood cleanup cambria,water heater leaking|water heater burst|flooded water heater|water heater leak damage,local_emergency,,,900,hero|og|inline-1|inline-2,service|local-business|faq|breadcrumb-list,/services/water-heater-flood-cleanup/|/service-areas/cambria-ca/|/service-areas/cambria-ca/fire-damage-restoration/|/service-areas/cambria-ca/mold-remediation/|/service-areas/arroyo-grande-ca/water-heater-flood-cleanup/|/service-areas/atascadero-ca/water-heater-flood-cleanup/|/contact/,4.90,planned
/service-areas/cambria-ca/water-leak-detection/,service-area-service,"Water Leak Detection in Cambria, CA | Coastal Restoration Services Inc",Water Leak Detection in Cambria,"Water leak detection in Cambria, CA. IICRC-certified, insurance billing accepted. Call (805) 345-7440.",water leak detection cambria,leak detection|hidden water leak|slab leak detection|water leak in wall|leak detection service,local_emergency,,,900,hero|og|inline-1|inline-2,service|local-business|faq|breadcrumb-list,/services/water-leak-detection/|/service-areas/cambria-ca/|/service-areas/cambria-ca/fire-damage-restoration/|/service-areas/cambria-ca/mold-remediation/|/service-areas/arroyo-grande-ca/water-leak-detection/|/service-areas/atascadero-ca/water-leak-detection/|/contact/,4.90,planned
/service-areas/edna-ca/emergency-board-up-tarping/,service-area-service,"Board-Up and Tarping in Edna, CA | Coastal Restoration Services Inc",Board-Up and Tarping in Edna,"Board-up and tarping in Edna, CA. IICRC-certified, insurance billing accepted. Call (805) 345-7440.",emergency board-up and tarping edna,roof tarping|fire damage board up|broken window board up,local_emergency,,,900,hero|og|inline-1|inline-2,service|local-business|faq|breadcrumb-list,/services/emergency-board-up-tarping/|/service-areas/edna-ca/|/service-areas/edna-ca/fire-damage-restoration/|/service-areas/edna-ca/mold-remediation/|/service-areas/arroyo-grande-ca/emergency-board-up-tarping/|/service-areas/atascadero-ca/emergency-board-up-tarping/|/contact/,4.90,planned
/service-areas/edna-ca/industrial-restoration/,service-area-service,"Industrial Restoration in Edna, CA | Coastal Restoration Services Inc",Industrial Restoration in Edna,"Industrial restoration in Edna, CA. IICRC-certified, insurance billing accepted. Call (805) 345-7440.",industrial restoration edna,industrial water damage|warehouse restoration|manufacturing facility restoration|industrial fire damage|plant restoration services,local_b2b,,,900,hero|og|inline-1|inline-2,service|local-business|faq|breadcrumb-list,/services/industrial-restoration/|/service-areas/edna-ca/|/service-areas/edna-ca/fire-damage-restoration/|/service-areas/edna-ca/mold-remediation/|/service-areas/arroyo-grande-ca/industrial-restoration/|/service-areas/atascadero-ca/industrial-restoration/|/contact/,4.90,planned
/service-areas/edna-ca/odor-removal/,service-area-service,"Odor Removal and Deodorization in Edna, CA | Coastal Restoration Services Inc",Odor Removal and Deodorization in Edna,"Odor removal and deodorization in Edna, CA. IICRC-certified, insurance billing accepted. Call (805) 345-7440.",odor removal and deodorization edna,smoke odor removal|ozone treatment|hydroxyl deodorization|thermal fogging|professional odor elimination,local_specialty,,,900,hero|og|inline-1|inline-2,service|local-business|faq|breadcrumb-list,/services/odor-removal/|/service-areas/edna-ca/|/service-areas/edna-ca/fire-damage-restoration/|/service-areas/edna-ca/mold-remediation/|/service-areas/arroyo-grande-ca/odor-removal/|/service-areas/atascadero-ca/odor-removal/|/contact/,4.90,planned
/service-areas/edna-ca/water-heater-flood-cleanup/,service-area-service,"Water Heater Flood Cleanup in Edna, CA | Coastal Restoration Services Inc",Water Heater Flood Cleanup in Edna,"Water heater flood cleanup in Edna, CA. IICRC-certified, insurance billing accepted. Call (805) 345-7440.",water heater flood cleanup edna,water heater leaking|water heater burst|flooded water heater|water heater leak damage,local_emergency,,,900,hero|og|inline-1|inline-2,service|local-business|faq|breadcrumb-list,/services/water-heater-flood-cleanup/|/service-areas/edna-ca/|/service-areas/edna-ca/fire-damage-restoration/|/service-areas/edna-ca/mold-remediation/|/service-areas/arroyo-grande-ca/water-heater-flood-cleanup/|/service-areas/atascadero-ca/water-heater-flood-cleanup/|/contact/,4.90,planned
/service-areas/edna-ca/water-leak-detection/,service-area-service,"Water Leak Detection in Edna, CA | Coastal Restoration Services Inc",Water Leak Detection in Edna,"Water leak detection in Edna, CA. IICRC-certified, insurance billing accepted. Call (805) 345-7440.",water leak detection edna,leak detection|hidden water leak|slab leak detection|water leak in wall|leak detection service,local_emergency,,,900,hero|og|inline-1|inline-2,service|local-business|faq|breadcrumb-list,/services/water-leak-detection/|/service-areas/edna-ca/|/service-areas/edna-ca/fire-damage-restoration/|/service-areas/edna-ca/mold-remediation/|/service-areas/arroyo-grande-ca/water-leak-detection/|/service-areas/atascadero-ca/water-leak-detection/|/contact/,4.90,planned
/service-areas/el-paso-de-robles-ca/emergency-board-up-tarping/,service-area-service,"Board-Up and Tarping in El Paso de Robles, CA | Coastal Restoration Services Inc",Board-Up and Tarping in El Paso de Robles,"Board-up and tarping in El Paso de Robles, CA. IICRC-certified, insurance billing accepted. Call (805) 345-7440.",emergency board-up and tarping el paso de robles,roof tarping|fire damage board up|broken window board up,local_emergency,,,900,hero|og|inline-1|inline-2,service|local-business|faq|breadcrumb-list,/services/emergency-board-up-tarping/|/service-areas/el-paso-de-robles-ca/|/service-areas/el-paso-de-robles-ca/fire-damage-restoration/|/service-areas/el-paso-de-robles-ca/mold-remediation/|/service-areas/arroyo-grande-ca/emergency-board-up-tarping/|/service-areas/atascadero-ca/emergency-board-up-tarping/|/contact/,4.90,planned
/service-areas/el-paso-de-robles-ca/industrial-restoration/,service-area-service,"Industrial Restoration in El Paso de Robles, CA | Coastal Restoration Services Inc",Industrial Restoration in El Paso de Robles,"Industrial restoration in El Paso de Robles, CA. IICRC-certified, insurance billing accepted. Call (805) 345-7440.",industrial restoration el paso de robles,industrial water damage|warehouse restoration|manufacturing facility restoration|industrial fire damage|plant restoration services,local_b2b,,,900,hero|og|inline-1|inline-2,service|local-business|faq|breadcrumb-list,/services/industrial-restoration/|/service-areas/el-paso-de-robles-ca/|/service-areas/el-paso-de-robles-ca/fire-damage-restoration/|/service-areas/el-paso-de-robles-ca/mold-remediation/|/service-areas/arroyo-grande-ca/industrial-restoration/|/service-areas/atascadero-ca/industrial-restoration/|/contact/,4.90,planned
/service-areas/el-paso-de-robles-ca/odor-removal/,service-area-service,"Odor Removal and Deodorization in El Paso de Robles, CA | Coastal Restoration Services Inc",Odor Removal and Deodorization in El Paso de Robles,"Odor removal and deodorization in El Paso de Robles, CA. IICRC-certified, insurance billing accepted. Call (805) 345-7440.",odor removal and deodorization el paso de robles,smoke odor removal|ozone treatment|hydroxyl deodorization|thermal fogging|professional odor elimination,local_specialty,,,900,hero|og|inline-1|inline-2,service|local-business|faq|breadcrumb-list,/services/odor-removal/|/service-areas/el-paso-de-robles-ca/|/service-areas/el-paso-de-robles-ca/fire-damage-restoration/|/service-areas/el-paso-de-robles-ca/mold-remediation/|/service-areas/arroyo-grande-ca/odor-removal/|/service-areas/atascadero-ca/odor-removal/|/contact/,4.90,planned
/service-areas/el-paso-de-robles-ca/water-heater-flood-cleanup/,service-area-service,"Water Heater Flood Cleanup in El Paso de Robles, CA | Coastal Restoration Services Inc",Water Heater Flood Cleanup in El Paso de Robles,"Water heater flood cleanup in El Paso de Robles, CA. IICRC-certified, insurance billing accepted. Call (805) 345-7440.",water heater flood cleanup el paso de robles,water heater leaking|water heater burst|flooded water heater|water heater leak damage,local_emergency,,,900,hero|og|inline-1|inline-2,service|local-business|faq|breadcrumb-list,/services/water-heater-flood-cleanup/|/service-areas/el-paso-de-robles-ca/|/service-areas/el-paso-de-robles-ca/fire-damage-restoration/|/service-areas/el-paso-de-robles-ca/mold-remediation/|/service-areas/arroyo-grande-ca/water-heater-flood-cleanup/|/service-areas/atascadero-ca/water-heater-flood-cleanup/|/contact/,4.90,planned
/service-areas/el-paso-de-robles-ca/water-leak-detection/,service-area-service,"Water Leak Detection in El Paso de Robles, CA | Coastal Restoration Services Inc",Water Leak Detection in El Paso de Robles,"Water leak detection in El Paso de Robles, CA. IICRC-certified, insurance billing accepted. Call (805) 345-7440.",water leak detection el paso de robles,leak detection|hidden water leak|slab leak detection|water leak in wall|leak detection service,local_emergency,,,900,hero|og|inline-1|inline-2,service|local-business|faq|breadcrumb-list,/services/water-leak-detection/|/service-areas/el-paso-de-robles-ca/|/service-areas/el-paso-de-robles-ca/fire-damage-restoration/|/service-areas/el-paso-de-robles-ca/mold-remediation/|/service-areas/arroyo-grande-ca/water-leak-detection/|/service-areas/atascadero-ca/water-leak-detection/|/contact/,4.90,planned
/service-areas/grover-beach-ca/emergency-board-up-tarping/,service-area-service,"Board-Up and Tarping in Grover Beach, CA | Coastal Restoration Services Inc",Board-Up and Tarping in Grover Beach,"Board-up and tarping in Grover Beach, CA. IICRC-certified, insurance billing accepted. Call (805) 345-7440.",emergency board-up and tarping grover beach,roof tarping|fire damage board up|broken window board up,local_emergency,,,900,hero|og|inline-1|inline-2,service|local-business|faq|breadcrumb-list,/services/emergency-board-up-tarping/|/service-areas/grover-beach-ca/|/service-areas/grover-beach-ca/fire-damage-restoration/|/service-areas/grover-beach-ca/mold-remediation/|/service-areas/arroyo-grande-ca/emergency-board-up-tarping/|/service-areas/atascadero-ca/emergency-board-up-tarping/|/contact/,4.90,planned
/service-areas/grover-beach-ca/industrial-restoration/,service-area-service,"Industrial Restoration in Grover Beach, CA | Coastal Restoration Services Inc",Industrial Restoration in Grover Beach,"Industrial restoration in Grover Beach, CA. IICRC-certified, insurance billing accepted. Call (805) 345-7440.",industrial restoration grover beach,industrial water damage|warehouse restoration|manufacturing facility restoration|industrial fire damage|plant restoration services,local_b2b,,,900,hero|og|inline-1|inline-2,service|local-business|faq|breadcrumb-list,/services/industrial-restoration/|/service-areas/grover-beach-ca/|/service-areas/grover-beach-ca/fire-damage-restoration/|/service-areas/grover-beach-ca/mold-remediation/|/service-areas/arroyo-grande-ca/industrial-restoration/|/service-areas/atascadero-ca/industrial-restoration/|/contact/,4.90,planned
/service-areas/grover-beach-ca/odor-removal/,service-area-service,"Odor Removal and Deodorization in Grover Beach, CA | Coastal Restoration Services Inc",Odor Removal and Deodorization in Grover Beach,"Odor removal and deodorization in Grover Beach, CA. IICRC-certified, insurance billing accepted. Call (805) 345-7440.",odor removal and deodorization grover beach,smoke odor removal|ozone treatment|hydroxyl deodorization|thermal fogging|professional odor elimination,local_specialty,,,900,hero|og|inline-1|inline-2,service|local-business|faq|breadcrumb-list,/services/odor-removal/|/service-areas/grover-beach-ca/|/service-areas/grover-beach-ca/fire-damage-restoration/|/service-areas/grover-beach-ca/mold-remediation/|/service-areas/arroyo-grande-ca/odor-removal/|/service-areas/atascadero-ca/odor-removal/|/contact/,4.90,planned
/service-areas/grover-beach-ca/water-heater-flood-cleanup/,service-area-service,"Water Heater Flood Cleanup in Grover Beach, CA | Coastal Restoration Services Inc",Water Heater Flood Cleanup in Grover Beach,"Water heater flood cleanup in Grover Beach, CA. IICRC-certified, insurance billing accepted. Call (805) 345-7440.",water heater flood cleanup grover beach,water heater leaking|water heater burst|flooded water heater|water heater leak damage,local_emergency,,,900,hero|og|inline-1|inline-2,service|local-business|faq|breadcrumb-list,/services/water-heater-flood-cleanup/|/service-areas/grover-beach-ca/|/service-areas/grover-beach-ca/fire-damage-restoration/|/service-areas/grover-beach-ca/mold-remediation/|/service-areas/arroyo-grande-ca/water-heater-flood-cleanup/|/service-areas/atascadero-ca/water-heater-flood-cleanup/|/contact/,4.90,planned
/service-areas/grover-beach-ca/water-leak-detection/,service-area-service,"Water Leak Detection in Grover Beach, CA | Coastal Restoration Services Inc",Water Leak Detection in Grover Beach,"Water leak detection in Grover Beach, CA. IICRC-certified, insurance billing accepted. Call (805) 345-7440.",water leak detection grover beach,leak detection|hidden water leak|slab leak detection|water leak in wall|leak detection service,local_emergency,,,900,hero|og|inline-1|inline-2,service|local-business|faq|breadcrumb-list,/services/water-leak-detection/|/service-areas/grover-beach-ca/|/service-areas/grover-beach-ca/fire-damage-restoration/|/service-areas/grover-beach-ca/mold-remediation/|/service-areas/arroyo-grande-ca/water-leak-detection/|/service-areas/atascadero-ca/water-leak-detection/|/contact/,4.90,planned
/service-areas/guadalupe-ca/emergency-board-up-tarping/,service-area-service,"Board-Up and Tarping in Guadalupe, CA | Coastal Restoration Services Inc",Board-Up and Tarping in Guadalupe,"Board-up and tarping in Guadalupe, CA. IICRC-certified, insurance billing accepted. Call (805) 345-7440.",emergency board-up and tarping guadalupe,roof tarping|fire damage board up|broken window board up,local_emergency,,,900,hero|og|inline-1|inline-2,service|local-business|faq|breadcrumb-list,/services/emergency-board-up-tarping/|/service-areas/guadalupe-ca/|/service-areas/guadalupe-ca/fire-damage-restoration/|/service-areas/guadalupe-ca/mold-remediation/|/service-areas/arroyo-grande-ca/emergency-board-up-tarping/|/service-areas/atascadero-ca/emergency-board-up-tarping/|/contact/,4.90,planned
/service-areas/guadalupe-ca/industrial-restoration/,service-area-service,"Industrial Restoration in Guadalupe, CA | Coastal Restoration Services Inc",Industrial Restoration in Guadalupe,"Industrial restoration in Guadalupe, CA. IICRC-certified, insurance billing accepted. Call (805) 345-7440.",industrial restoration guadalupe,industrial water damage|warehouse restoration|manufacturing facility restoration|industrial fire damage|plant restoration services,local_b2b,,,900,hero|og|inline-1|inline-2,service|local-business|faq|breadcrumb-list,/services/industrial-restoration/|/service-areas/guadalupe-ca/|/service-areas/guadalupe-ca/fire-damage-restoration/|/service-areas/guadalupe-ca/mold-remediation/|/service-areas/arroyo-grande-ca/industrial-restoration/|/service-areas/atascadero-ca/industrial-restoration/|/contact/,4.90,planned
/service-areas/guadalupe-ca/odor-removal/,service-area-service,"Odor Removal and Deodorization in Guadalupe, CA | Coastal Restoration Services Inc",Odor Removal and Deodorization in Guadalupe,"Odor removal and deodorization in Guadalupe, CA. IICRC-certified, insurance billing accepted. Call (805) 345-7440.",odor removal and deodorization guadalupe,smoke odor removal|ozone treatment|hydroxyl deodorization|thermal fogging|professional odor elimination,local_specialty,,,900,hero|og|inline-1|inline-2,service|local-business|faq|breadcrumb-list,/services/odor-removal/|/service-areas/guadalupe-ca/|/service-areas/guadalupe-ca/fire-damage-restoration/|/service-areas/guadalupe-ca/mold-remediation/|/service-areas/arroyo-grande-ca/odor-removal/|/service-areas/atascadero-ca/odor-removal/|/contact/,4.90,planned
/service-areas/guadalupe-ca/water-heater-flood-cleanup/,service-area-service,"Water Heater Flood Cleanup in Guadalupe, CA | Coastal Restoration Services Inc",Water Heater Flood Cleanup in Guadalupe,"Water heater flood cleanup in Guadalupe, CA. IICRC-certified, insurance billing accepted. Call (805) 345-7440.",water heater flood cleanup guadalupe,water heater leaking|water heater burst|flooded water heater|water heater leak damage,local_emergency,,,900,hero|og|inline-1|inline-2,service|local-business|faq|breadcrumb-list,/services/water-heater-flood-cleanup/|/service-areas/guadalupe-ca/|/service-areas/guadalupe-ca/fire-damage-restoration/|/service-areas/guadalupe-ca/mold-remediation/|/service-areas/arroyo-grande-ca/water-heater-flood-cleanup/|/service-areas/atascadero-ca/water-heater-flood-cleanup/|/contact/,4.90,planned
/service-areas/guadalupe-ca/water-leak-detection/,service-area-service,"Water Leak Detection in Guadalupe, CA | Coastal Restoration Services Inc",Water Leak Detection in Guadalupe,"Water leak detection in Guadalupe, CA. IICRC-certified, insurance billing accepted. Call (805) 345-7440.",water leak detection guadalupe,leak detection|hidden water leak|slab leak detection|water leak in wall|leak detection service,local_emergency,,,900,hero|og|inline-1|inline-2,service|local-business|faq|breadcrumb-list,/services/water-leak-detection/|/service-areas/guadalupe-ca/|/service-areas/guadalupe-ca/fire-damage-restoration/|/service-areas/guadalupe-ca/mold-remediation/|/service-areas/arroyo-grande-ca/water-leak-detection/|/service-areas/atascadero-ca/water-leak-detection/|/contact/,4.90,planned
/service-areas/lompoc-ca/emergency-board-up-tarping/,service-area-service,"Board-Up and Tarping in Lompoc, CA | Coastal Restoration Services Inc",Board-Up and Tarping in Lompoc,"Board-up and tarping in Lompoc, CA. IICRC-certified, insurance billing accepted. Call (805) 345-7440.",emergency board-up and tarping lompoc,roof tarping|fire damage board up|broken window board up,local_emergency,,,900,hero|og|inline-1|inline-2,service|local-business|faq|breadcrumb-list,/services/emergency-board-up-tarping/|/service-areas/lompoc-ca/|/service-areas/lompoc-ca/fire-damage-restoration/|/service-areas/lompoc-ca/mold-remediation/|/service-areas/arroyo-grande-ca/emergency-board-up-tarping/|/service-areas/atascadero-ca/emergency-board-up-tarping/|/contact/,4.90,planned
/service-areas/lompoc-ca/industrial-restoration/,service-area-service,"Industrial Restoration in Lompoc, CA | Coastal Restoration Services Inc",Industrial Restoration in Lompoc,"Industrial restoration in Lompoc, CA. IICRC-certified, insurance billing accepted. Call (805) 345-7440.",industrial restoration lompoc,industrial water damage|warehouse restoration|manufacturing facility restoration|industrial fire damage|plant restoration services,local_b2b,,,900,hero|og|inline-1|inline-2,service|local-business|faq|breadcrumb-list,/services/industrial-restoration/|/service-areas/lompoc-ca/|/service-areas/lompoc-ca/fire-damage-restoration/|/service-areas/lompoc-ca/mold-remediation/|/service-areas/arroyo-grande-ca/industrial-restoration/|/service-areas/atascadero-ca/industrial-restoration/|/contact/,4.90,planned
/service-areas/lompoc-ca/odor-removal/,service-area-service,"Odor Removal and Deodorization in Lompoc, CA | Coastal Restoration Services Inc",Odor Removal and Deodorization in Lompoc,"Odor removal and deodorization in Lompoc, CA. IICRC-certified, insurance billing accepted. Call (805) 345-7440.",odor removal and deodorization lompoc,smoke odor removal|ozone treatment|hydroxyl deodorization|thermal fogging|professional odor elimination,local_specialty,,,900,hero|og|inline-1|inline-2,service|local-business|faq|breadcrumb-list,/services/odor-removal/|/service-areas/lompoc-ca/|/service-areas/lompoc-ca/fire-damage-restoration/|/service-areas/lompoc-ca/mold-remediation/|/service-areas/arroyo-grande-ca/odor-removal/|/service-areas/atascadero-ca/odor-removal/|/contact/,4.90,planned
/service-areas/lompoc-ca/water-heater-flood-cleanup/,service-area-service,"Water Heater Flood Cleanup in Lompoc, CA | Coastal Restoration Services Inc",Water Heater Flood Cleanup in Lompoc,"Water heater flood cleanup in Lompoc, CA. IICRC-certified, insurance billing accepted. Call (805) 345-7440.",water heater flood cleanup lompoc,water heater leaking|water heater burst|flooded water heater|water heater leak damage,local_emergency,,,900,hero|og|inline-1|inline-2,service|local-business|faq|breadcrumb-list,/services/water-heater-flood-cleanup/|/service-areas/lompoc-ca/|/service-areas/lompoc-ca/fire-damage-restoration/|/service-areas/lompoc-ca/mold-remediation/|/service-areas/arroyo-grande-ca/water-heater-flood-cleanup/|/service-areas/atascadero-ca/water-heater-flood-cleanup/|/contact/,4.90,planned
/service-areas/lompoc-ca/water-leak-detection/,service-area-service,"Water Leak Detection in Lompoc, CA | Coastal Restoration Services Inc",Water Leak Detection in Lompoc,"Water leak detection in Lompoc, CA. IICRC-certified, insurance billing accepted. Call (805) 345-7440.",water leak detection lompoc,leak detection|hidden water leak|slab leak detection|water leak in wall|leak detection service,local_emergency,,,900,hero|og|inline-1|inline-2,service|local-business|faq|breadcrumb-list,/services/water-leak-detection/|/service-areas/lompoc-ca/|/service-areas/lompoc-ca/fire-damage-restoration/|/service-areas/lompoc-ca/mold-remediation/|/service-areas/arroyo-grande-ca/water-leak-detection/|/service-areas/atascadero-ca/water-leak-detection/|/contact/,4.90,planned
/service-areas/los-alamos-ca/emergency-board-up-tarping/,service-area-service,"Board-Up and Tarping in Los Alamos, CA | Coastal Restoration Services Inc",Board-Up and Tarping in Los Alamos,"Board-up and tarping in Los Alamos, CA. IICRC-certified, insurance billing accepted. Call (805) 345-7440.",emergency board-up and tarping los alamos,roof tarping|fire damage board up|broken window board up,local_emergency,,,900,hero|og|inline-1|inline-2,service|local-business|faq|breadcrumb-list,/services/emergency-board-up-tarping/|/service-areas/los-alamos-ca/|/service-areas/los-alamos-ca/fire-damage-restoration/|/service-areas/los-alamos-ca/mold-remediation/|/service-areas/arroyo-grande-ca/emergency-board-up-tarping/|/service-areas/atascadero-ca/emergency-board-up-tarping/|/contact/,4.90,planned
/service-areas/los-alamos-ca/industrial-restoration/,service-area-service,"Industrial Restoration in Los Alamos, CA | Coastal Restoration Services Inc",Industrial Restoration in Los Alamos,"Industrial restoration in Los Alamos, CA. IICRC-certified, insurance billing accepted. Call (805) 345-7440.",industrial restoration los alamos,industrial water damage|warehouse restoration|manufacturing facility restoration|industrial fire damage|plant restoration services,local_b2b,,,900,hero|og|inline-1|inline-2,service|local-business|faq|breadcrumb-list,/services/industrial-restoration/|/service-areas/los-alamos-ca/|/service-areas/los-alamos-ca/fire-damage-restoration/|/service-areas/los-alamos-ca/mold-remediation/|/service-areas/arroyo-grande-ca/industrial-restoration/|/service-areas/atascadero-ca/industrial-restoration/|/contact/,4.90,planned
/service-areas/los-alamos-ca/odor-removal/,service-area-service,"Odor Removal and Deodorization in Los Alamos, CA | Coastal Restoration Services Inc",Odor Removal and Deodorization in Los Alamos,"Odor removal and deodorization in Los Alamos, CA. IICRC-certified, insurance billing accepted. Call (805) 345-7440.",odor removal and deodorization los alamos,smoke odor removal|ozone treatment|hydroxyl deodorization|thermal fogging|professional odor elimination,local_specialty,,,900,hero|og|inline-1|inline-2,service|local-business|faq|breadcrumb-list,/services/odor-removal/|/service-areas/los-alamos-ca/|/service-areas/los-alamos-ca/fire-damage-restoration/|/service-areas/los-alamos-ca/mold-remediation/|/service-areas/arroyo-grande-ca/odor-removal/|/service-areas/atascadero-ca/odor-removal/|/contact/,4.90,planned
/service-areas/los-alamos-ca/water-heater-flood-cleanup/,service-area-service,"Water Heater Flood Cleanup in Los Alamos, CA | Coastal Restoration Services Inc",Water Heater Flood Cleanup in Los Alamos,"Water heater flood cleanup in Los Alamos, CA. IICRC-certified, insurance billing accepted. Call (805) 345-7440.",water heater flood cleanup los alamos,water heater leaking|water heater burst|flooded water heater|water heater leak damage,local_emergency,,,900,hero|og|inline-1|inline-2,service|local-business|faq|breadcrumb-list,/services/water-heater-flood-cleanup/|/service-areas/los-alamos-ca/|/service-areas/los-alamos-ca/fire-damage-restoration/|/service-areas/los-alamos-ca/mold-remediation/|/service-areas/arroyo-grande-ca/water-heater-flood-cleanup/|/service-areas/atascadero-ca/water-heater-flood-cleanup/|/contact/,4.90,planned
/service-areas/los-alamos-ca/water-leak-detection/,service-area-service,"Water Leak Detection in Los Alamos, CA | Coastal Restoration Services Inc",Water Leak Detection in Los Alamos,"Water leak detection in Los Alamos, CA. IICRC-certified, insurance billing accepted. Call (805) 345-7440.",water leak detection los alamos,leak detection|hidden water leak|slab leak detection|water leak in wall|leak detection service,local_emergency,,,900,hero|og|inline-1|inline-2,service|local-business|faq|breadcrumb-list,/services/water-leak-detection/|/service-areas/los-alamos-ca/|/service-areas/los-alamos-ca/fire-damage-restoration/|/service-areas/los-alamos-ca/mold-remediation/|/service-areas/arroyo-grande-ca/water-leak-detection/|/service-areas/atascadero-ca/water-leak-detection/|/contact/,4.90,planned
/service-areas/los-berros-ca/emergency-board-up-tarping/,service-area-service,"Board-Up and Tarping in Los Berros, CA | Coastal Restoration Services Inc",Board-Up and Tarping in Los Berros,"Board-up and tarping in Los Berros, CA. IICRC-certified, insurance billing accepted. Call (805) 345-7440.",emergency board-up and tarping los berros,roof tarping|fire damage board up|broken window board up,local_emergency,,,900,hero|og|inline-1|inline-2,service|local-business|faq|breadcrumb-list,/services/emergency-board-up-tarping/|/service-areas/los-berros-ca/|/service-areas/los-berros-ca/fire-damage-restoration/|/service-areas/los-berros-ca/mold-remediation/|/service-areas/arroyo-grande-ca/emergency-board-up-tarping/|/service-areas/atascadero-ca/emergency-board-up-tarping/|/contact/,4.90,planned
/service-areas/los-berros-ca/industrial-restoration/,service-area-service,"Industrial Restoration in Los Berros, CA | Coastal Restoration Services Inc",Industrial Restoration in Los Berros,"Industrial restoration in Los Berros, CA. IICRC-certified, insurance billing accepted. Call (805) 345-7440.",industrial restoration los berros,industrial water damage|warehouse restoration|manufacturing facility restoration|industrial fire damage|plant restoration services,local_b2b,,,900,hero|og|inline-1|inline-2,service|local-business|faq|breadcrumb-list,/services/industrial-restoration/|/service-areas/los-berros-ca/|/service-areas/los-berros-ca/fire-damage-restoration/|/service-areas/los-berros-ca/mold-remediation/|/service-areas/arroyo-grande-ca/industrial-restoration/|/service-areas/atascadero-ca/industrial-restoration/|/contact/,4.90,planned
/service-areas/los-berros-ca/odor-removal/,service-area-service,"Odor Removal and Deodorization in Los Berros, CA | Coastal Restoration Services Inc",Odor Removal and Deodorization in Los Berros,"Odor removal and deodorization in Los Berros, CA. IICRC-certified, insurance billing accepted. Call (805) 345-7440.",odor removal and deodorization los berros,smoke odor removal|ozone treatment|hydroxyl deodorization|thermal fogging|professional odor elimination,local_specialty,,,900,hero|og|inline-1|inline-2,service|local-business|faq|breadcrumb-list,/services/odor-removal/|/service-areas/los-berros-ca/|/service-areas/los-berros-ca/fire-damage-restoration/|/service-areas/los-berros-ca/mold-remediation/|/service-areas/arroyo-grande-ca/odor-removal/|/service-areas/atascadero-ca/odor-removal/|/contact/,4.90,planned
/service-areas/los-berros-ca/water-heater-flood-cleanup/,service-area-service,"Water Heater Flood Cleanup in Los Berros, CA | Coastal Restoration Services Inc",Water Heater Flood Cleanup in Los Berros,"Water heater flood cleanup in Los Berros, CA. IICRC-certified, insurance billing accepted. Call (805) 345-7440.",water heater flood cleanup los berros,water heater leaking|water heater burst|flooded water heater|water heater leak damage,local_emergency,,,900,hero|og|inline-1|inline-2,service|local-business|faq|breadcrumb-list,/services/water-heater-flood-cleanup/|/service-areas/los-berros-ca/|/service-areas/los-berros-ca/fire-damage-restoration/|/service-areas/los-berros-ca/mold-remediation/|/service-areas/arroyo-grande-ca/water-heater-flood-cleanup/|/service-areas/atascadero-ca/water-heater-flood-cleanup/|/contact/,4.90,planned
/service-areas/los-berros-ca/water-leak-detection/,service-area-service,"Water Leak Detection in Los Berros, CA | Coastal Restoration Services Inc",Water Leak Detection in Los Berros,"Water leak detection in Los Berros, CA. IICRC-certified, insurance billing accepted. Call (805) 345-7440.",water leak detection los berros,leak detection|hidden water leak|slab leak detection|water leak in wall|leak detection service,local_emergency,,,900,hero|og|inline-1|inline-2,service|local-business|faq|breadcrumb-list,/services/water-leak-detection/|/service-areas/los-berros-ca/|/service-areas/los-berros-ca/fire-damage-restoration/|/service-areas/los-berros-ca/mold-remediation/|/service-areas/arroyo-grande-ca/water-leak-detection/|/service-areas/atascadero-ca/water-leak-detection/|/contact/,4.90,planned
/service-areas/los-olivos-ca/emergency-board-up-tarping/,service-area-service,"Board-Up and Tarping in Los Olivos, CA | Coastal Restoration Services Inc",Board-Up and Tarping in Los Olivos,"Board-up and tarping in Los Olivos, CA. IICRC-certified, insurance billing accepted. Call (805) 345-7440.",emergency board-up and tarping los olivos,roof tarping|fire damage board up|broken window board up,local_emergency,,,900,hero|og|inline-1|inline-2,service|local-business|faq|breadcrumb-list,/services/emergency-board-up-tarping/|/service-areas/los-olivos-ca/|/service-areas/los-olivos-ca/fire-damage-restoration/|/service-areas/los-olivos-ca/mold-remediation/|/service-areas/arroyo-grande-ca/emergency-board-up-tarping/|/service-areas/atascadero-ca/emergency-board-up-tarping/|/contact/,4.90,planned
/service-areas/los-olivos-ca/industrial-restoration/,service-area-service,"Industrial Restoration in Los Olivos, CA | Coastal Restoration Services Inc",Industrial Restoration in Los Olivos,"Industrial restoration in Los Olivos, CA. IICRC-certified, insurance billing accepted. Call (805) 345-7440.",industrial restoration los olivos,industrial water damage|warehouse restoration|manufacturing facility restoration|industrial fire damage|plant restoration services,local_b2b,,,900,hero|og|inline-1|inline-2,service|local-business|faq|breadcrumb-list,/services/industrial-restoration/|/service-areas/los-olivos-ca/|/service-areas/los-olivos-ca/fire-damage-restoration/|/service-areas/los-olivos-ca/mold-remediation/|/service-areas/arroyo-grande-ca/industrial-restoration/|/service-areas/atascadero-ca/industrial-restoration/|/contact/,4.90,planned
/service-areas/los-olivos-ca/odor-removal/,service-area-service,"Odor Removal and Deodorization in Los Olivos, CA | Coastal Restoration Services Inc",Odor Removal and Deodorization in Los Olivos,"Odor removal and deodorization in Los Olivos, CA. IICRC-certified, insurance billing accepted. Call (805) 345-7440.",odor removal and deodorization los olivos,smoke odor removal|ozone treatment|hydroxyl deodorization|thermal fogging|professional odor elimination,local_specialty,,,900,hero|og|inline-1|inline-2,service|local-business|faq|breadcrumb-list,/services/odor-removal/|/service-areas/los-olivos-ca/|/service-areas/los-olivos-ca/fire-damage-restoration/|/service-areas/los-olivos-ca/mold-remediation/|/service-areas/arroyo-grande-ca/odor-removal/|/service-areas/atascadero-ca/odor-removal/|/contact/,4.90,planned
/service-areas/los-olivos-ca/water-heater-flood-cleanup/,service-area-service,"Water Heater Flood Cleanup in Los Olivos, CA | Coastal Restoration Services Inc",Water Heater Flood Cleanup in Los Olivos,"Water heater flood cleanup in Los Olivos, CA. IICRC-certified, insurance billing accepted. Call (805) 345-7440.",water heater flood cleanup los olivos,water heater leaking|water heater burst|flooded water heater|water heater leak damage,local_emergency,,,900,hero|og|inline-1|inline-2,service|local-business|faq|breadcrumb-list,/services/water-heater-flood-cleanup/|/service-areas/los-olivos-ca/|/service-areas/los-olivos-ca/fire-damage-restoration/|/service-areas/los-olivos-ca/mold-remediation/|/service-areas/arroyo-grande-ca/water-heater-flood-cleanup/|/service-areas/atascadero-ca/water-heater-flood-cleanup/|/contact/,4.90,planned
/service-areas/los-olivos-ca/water-leak-detection/,service-area-service,"Water Leak Detection in Los Olivos, CA | Coastal Restoration Services Inc",Water Leak Detection in Los Olivos,"Water leak detection in Los Olivos, CA. IICRC-certified, insurance billing accepted. Call (805) 345-7440.",water leak detection los olivos,leak detection|hidden water leak|slab leak detection|water leak in wall|leak detection service,local_emergency,,,900,hero|og|inline-1|inline-2,service|local-business|faq|breadcrumb-list,/services/water-leak-detection/|/service-areas/los-olivos-ca/|/service-areas/los-olivos-ca/fire-damage-restoration/|/service-areas/los-olivos-ca/mold-remediation/|/service-areas/arroyo-grande-ca/water-leak-detection/|/service-areas/atascadero-ca/water-leak-detection/|/contact/,4.90,planned
/service-areas/los-osos-ca/emergency-board-up-tarping/,service-area-service,"Board-Up and Tarping in Los Osos, CA | Coastal Restoration Services Inc",Board-Up and Tarping in Los Osos,"Board-up and tarping in Los Osos, CA. IICRC-certified, insurance billing accepted. Call (805) 345-7440.",emergency board-up and tarping los osos,roof tarping|fire damage board up|broken window board up,local_emergency,,,900,hero|og|inline-1|inline-2,service|local-business|faq|breadcrumb-list,/services/emergency-board-up-tarping/|/service-areas/los-osos-ca/|/service-areas/los-osos-ca/fire-damage-restoration/|/service-areas/los-osos-ca/mold-remediation/|/service-areas/arroyo-grande-ca/emergency-board-up-tarping/|/service-areas/atascadero-ca/emergency-board-up-tarping/|/contact/,4.90,planned
/service-areas/los-osos-ca/industrial-restoration/,service-area-service,"Industrial Restoration in Los Osos, CA | Coastal Restoration Services Inc",Industrial Restoration in Los Osos,"Industrial restoration in Los Osos, CA. IICRC-certified, insurance billing accepted. Call (805) 345-7440.",industrial restoration los osos,industrial water damage|warehouse restoration|manufacturing facility restoration|industrial fire damage|plant restoration services,local_b2b,,,900,hero|og|inline-1|inline-2,service|local-business|faq|breadcrumb-list,/services/industrial-restoration/|/service-areas/los-osos-ca/|/service-areas/los-osos-ca/fire-damage-restoration/|/service-areas/los-osos-ca/mold-remediation/|/service-areas/arroyo-grande-ca/industrial-restoration/|/service-areas/atascadero-ca/industrial-restoration/|/contact/,4.90,planned
/service-areas/los-osos-ca/odor-removal/,service-area-service,"Odor Removal and Deodorization in Los Osos, CA | Coastal Restoration Services Inc",Odor Removal and Deodorization in Los Osos,"Odor removal and deodorization in Los Osos, CA. IICRC-certified, insurance billing accepted. Call (805) 345-7440.",odor removal and deodorization los osos,smoke odor removal|ozone treatment|hydroxyl deodorization|thermal fogging|professional odor elimination,local_specialty,,,900,hero|og|inline-1|inline-2,service|local-business|faq|breadcrumb-list,/services/odor-removal/|/service-areas/los-osos-ca/|/service-areas/los-osos-ca/fire-damage-restoration/|/service-areas/los-osos-ca/mold-remediation/|/service-areas/arroyo-grande-ca/odor-removal/|/service-areas/atascadero-ca/odor-removal/|/contact/,4.90,planned
/service-areas/los-osos-ca/water-heater-flood-cleanup/,service-area-service,"Water Heater Flood Cleanup in Los Osos, CA | Coastal Restoration Services Inc",Water Heater Flood Cleanup in Los Osos,"Water heater flood cleanup in Los Osos, CA. IICRC-certified, insurance billing accepted. Call (805) 345-7440.",water heater flood cleanup los osos,water heater leaking|water heater burst|flooded water heater|water heater leak damage,local_emergency,,,900,hero|og|inline-1|inline-2,service|local-business|faq|breadcrumb-list,/services/water-heater-flood-cleanup/|/service-areas/los-osos-ca/|/service-areas/los-osos-ca/fire-damage-restoration/|/service-areas/los-osos-ca/mold-remediation/|/service-areas/arroyo-grande-ca/water-heater-flood-cleanup/|/service-areas/atascadero-ca/water-heater-flood-cleanup/|/contact/,4.90,planned
/service-areas/los-osos-ca/water-leak-detection/,service-area-service,"Water Leak Detection in Los Osos, CA | Coastal Restoration Services Inc",Water Leak Detection in Los Osos,"Water leak detection in Los Osos, CA. IICRC-certified, insurance billing accepted. Call (805) 345-7440.",water leak detection los osos,leak detection|hidden water leak|slab leak detection|water leak in wall|leak detection service,local_emergency,,,900,hero|og|inline-1|inline-2,service|local-business|faq|breadcrumb-list,/services/water-leak-detection/|/service-areas/los-osos-ca/|/service-areas/los-osos-ca/fire-damage-restoration/|/service-areas/los-osos-ca/mold-remediation/|/service-areas/arroyo-grande-ca/water-leak-detection/|/service-areas/atascadero-ca/water-leak-detection/|/contact/,4.90,planned
/service-areas/mission-hills-ca/emergency-board-up-tarping/,service-area-service,"Board-Up and Tarping in Mission Hills, CA | Coastal Restoration Services Inc",Board-Up and Tarping in Mission Hills,"Board-up and tarping in Mission Hills, CA. IICRC-certified, insurance billing accepted. Call (805) 345-7440.",emergency board-up and tarping mission hills,roof tarping|fire damage board up|broken window board up,local_emergency,,,900,hero|og|inline-1|inline-2,service|local-business|faq|breadcrumb-list,/services/emergency-board-up-tarping/|/service-areas/mission-hills-ca/|/service-areas/mission-hills-ca/fire-damage-restoration/|/service-areas/mission-hills-ca/mold-remediation/|/service-areas/arroyo-grande-ca/emergency-board-up-tarping/|/service-areas/atascadero-ca/emergency-board-up-tarping/|/contact/,4.90,planned
/service-areas/mission-hills-ca/industrial-restoration/,service-area-service,"Industrial Restoration in Mission Hills, CA | Coastal Restoration Services Inc",Industrial Restoration in Mission Hills,"Industrial restoration in Mission Hills, CA. IICRC-certified, insurance billing accepted. Call (805) 345-7440.",industrial restoration mission hills,industrial water damage|warehouse restoration|manufacturing facility restoration|industrial fire damage|plant restoration services,local_b2b,,,900,hero|og|inline-1|inline-2,service|local-business|faq|breadcrumb-list,/services/industrial-restoration/|/service-areas/mission-hills-ca/|/service-areas/mission-hills-ca/fire-damage-restoration/|/service-areas/mission-hills-ca/mold-remediation/|/service-areas/arroyo-grande-ca/industrial-restoration/|/service-areas/atascadero-ca/industrial-restoration/|/contact/,4.90,planned
/service-areas/mission-hills-ca/odor-removal/,service-area-service,"Odor Removal and Deodorization in Mission Hills, CA | Coastal Restoration Services Inc",Odor Removal and Deodorization in Mission Hills,"Odor removal and deodorization in Mission Hills, CA. IICRC-certified, insurance billing accepted. Call (805) 345-7440.",odor removal and deodorization mission hills,smoke odor removal|ozone treatment|hydroxyl deodorization|thermal fogging|professional odor elimination,local_specialty,,,900,hero|og|inline-1|inline-2,service|local-business|faq|breadcrumb-list,/services/odor-removal/|/service-areas/mission-hills-ca/|/service-areas/mission-hills-ca/fire-damage-restoration/|/service-areas/mission-hills-ca/mold-remediation/|/service-areas/arroyo-grande-ca/odor-removal/|/service-areas/atascadero-ca/odor-removal/|/contact/,4.90,planned
/service-areas/mission-hills-ca/water-heater-flood-cleanup/,service-area-service,"Water Heater Flood Cleanup in Mission Hills, CA | Coastal Restoration Services Inc",Water Heater Flood Cleanup in Mission Hills,"Water heater flood cleanup in Mission Hills, CA. IICRC-certified, insurance billing accepted. Call (805) 345-7440.",water heater flood cleanup mission hills,water heater leaking|water heater burst|flooded water heater|water heater leak damage,local_emergency,,,900,hero|og|inline-1|inline-2,service|local-business|faq|breadcrumb-list,/services/water-heater-flood-cleanup/|/service-areas/mission-hills-ca/|/service-areas/mission-hills-ca/fire-damage-restoration/|/service-areas/mission-hills-ca/mold-remediation/|/service-areas/arroyo-grande-ca/water-heater-flood-cleanup/|/service-areas/atascadero-ca/water-heater-flood-cleanup/|/contact/,4.90,planned
/service-areas/mission-hills-ca/water-leak-detection/,service-area-service,"Water Leak Detection in Mission Hills, CA | Coastal Restoration Services Inc",Water Leak Detection in Mission Hills,"Water leak detection in Mission Hills, CA. IICRC-certified, insurance billing accepted. Call (805) 345-7440.",water leak detection mission hills,leak detection|hidden water leak|slab leak detection|water leak in wall|leak detection service,local_emergency,,,900,hero|og|inline-1|inline-2,service|local-business|faq|breadcrumb-list,/services/water-leak-detection/|/service-areas/mission-hills-ca/|/service-areas/mission-hills-ca/fire-damage-restoration/|/service-areas/mission-hills-ca/mold-remediation/|/service-areas/arroyo-grande-ca/water-leak-detection/|/service-areas/atascadero-ca/water-leak-detection/|/contact/,4.90,planned
/service-areas/morro-bay-ca/emergency-board-up-tarping/,service-area-service,"Board-Up and Tarping in Morro Bay, CA | Coastal Restoration Services Inc",Board-Up and Tarping in Morro Bay,"Board-up and tarping in Morro Bay, CA. IICRC-certified, insurance billing accepted. Call (805) 345-7440.",emergency board-up and tarping morro bay,roof tarping|fire damage board up|broken window board up,local_emergency,,,900,hero|og|inline-1|inline-2,service|local-business|faq|breadcrumb-list,/services/emergency-board-up-tarping/|/service-areas/morro-bay-ca/|/service-areas/morro-bay-ca/fire-damage-restoration/|/service-areas/morro-bay-ca/mold-remediation/|/service-areas/arroyo-grande-ca/emergency-board-up-tarping/|/service-areas/atascadero-ca/emergency-board-up-tarping/|/contact/,4.90,planned
/service-areas/morro-bay-ca/industrial-restoration/,service-area-service,"Industrial Restoration in Morro Bay, CA | Coastal Restoration Services Inc",Industrial Restoration in Morro Bay,"Industrial restoration in Morro Bay, CA. IICRC-certified, insurance billing accepted. Call (805) 345-7440.",industrial restoration morro bay,industrial water damage|warehouse restoration|manufacturing facility restoration|industrial fire damage|plant restoration services,local_b2b,,,900,hero|og|inline-1|inline-2,service|local-business|faq|breadcrumb-list,/services/industrial-restoration/|/service-areas/morro-bay-ca/|/service-areas/morro-bay-ca/fire-damage-restoration/|/service-areas/morro-bay-ca/mold-remediation/|/service-areas/arroyo-grande-ca/industrial-restoration/|/service-areas/atascadero-ca/industrial-restoration/|/contact/,4.90,planned
/service-areas/morro-bay-ca/odor-removal/,service-area-service,"Odor Removal and Deodorization in Morro Bay, CA | Coastal Restoration Services Inc",Odor Removal and Deodorization in Morro Bay,"Odor removal and deodorization in Morro Bay, CA. IICRC-certified, insurance billing accepted. Call (805) 345-7440.",odor removal and deodorization morro bay,smoke odor removal|ozone treatment|hydroxyl deodorization|thermal fogging|professional odor elimination,local_specialty,,,900,hero|og|inline-1|inline-2,service|local-business|faq|breadcrumb-list,/services/odor-removal/|/service-areas/morro-bay-ca/|/service-areas/morro-bay-ca/fire-damage-restoration/|/service-areas/morro-bay-ca/mold-remediation/|/service-areas/arroyo-grande-ca/odor-removal/|/service-areas/atascadero-ca/odor-removal/|/contact/,4.90,planned
/service-areas/morro-bay-ca/water-heater-flood-cleanup/,service-area-service,"Water Heater Flood Cleanup in Morro Bay, CA | Coastal Restoration Services Inc",Water Heater Flood Cleanup in Morro Bay,"Water heater flood cleanup in Morro Bay, CA. IICRC-certified, insurance billing accepted. Call (805) 345-7440.",water heater flood cleanup morro bay,water heater leaking|water heater burst|flooded water heater|water heater leak damage,local_emergency,,,900,hero|og|inline-1|inline-2,service|local-business|faq|breadcrumb-list,/services/water-heater-flood-cleanup/|/service-areas/morro-bay-ca/|/service-areas/morro-bay-ca/fire-damage-restoration/|/service-areas/morro-bay-ca/mold-remediation/|/service-areas/arroyo-grande-ca/water-heater-flood-cleanup/|/service-areas/atascadero-ca/water-heater-flood-cleanup/|/contact/,4.90,planned
/service-areas/morro-bay-ca/water-leak-detection/,service-area-service,"Water Leak Detection in Morro Bay, CA | Coastal Restoration Services Inc",Water Leak Detection in Morro Bay,"Water leak detection in Morro Bay, CA. IICRC-certified, insurance billing accepted. Call (805) 345-7440.",water leak detection morro bay,leak detection|hidden water leak|slab leak detection|water leak in wall|leak detection service,local_emergency,,,900,hero|og|inline-1|inline-2,service|local-business|faq|breadcrumb-list,/services/water-leak-detection/|/service-areas/morro-bay-ca/|/service-areas/morro-bay-ca/fire-damage-restoration/|/service-areas/morro-bay-ca/mold-remediation/|/service-areas/arroyo-grande-ca/water-leak-detection/|/service-areas/atascadero-ca/water-leak-detection/|/contact/,4.90,planned
/service-areas/nipomo-ca/emergency-board-up-tarping/,service-area-service,"Board-Up and Tarping in Nipomo, CA | Coastal Restoration Services Inc",Board-Up and Tarping in Nipomo,"Board-up and tarping in Nipomo, CA. IICRC-certified, insurance billing accepted. Call (805) 345-7440.",emergency board-up and tarping nipomo,roof tarping|fire damage board up|broken window board up,local_emergency,,,900,hero|og|inline-1|inline-2,service|local-business|faq|breadcrumb-list,/services/emergency-board-up-tarping/|/service-areas/nipomo-ca/|/service-areas/nipomo-ca/fire-damage-restoration/|/service-areas/nipomo-ca/mold-remediation/|/service-areas/arroyo-grande-ca/emergency-board-up-tarping/|/service-areas/atascadero-ca/emergency-board-up-tarping/|/contact/,4.90,planned
/service-areas/nipomo-ca/industrial-restoration/,service-area-service,"Industrial Restoration in Nipomo, CA | Coastal Restoration Services Inc",Industrial Restoration in Nipomo,"Industrial restoration in Nipomo, CA. IICRC-certified, insurance billing accepted. Call (805) 345-7440.",industrial restoration nipomo,industrial water damage|warehouse restoration|manufacturing facility restoration|industrial fire damage|plant restoration services,local_b2b,,,900,hero|og|inline-1|inline-2,service|local-business|faq|breadcrumb-list,/services/industrial-restoration/|/service-areas/nipomo-ca/|/service-areas/nipomo-ca/fire-damage-restoration/|/service-areas/nipomo-ca/mold-remediation/|/service-areas/arroyo-grande-ca/industrial-restoration/|/service-areas/atascadero-ca/industrial-restoration/|/contact/,4.90,planned
/service-areas/nipomo-ca/odor-removal/,service-area-service,"Odor Removal and Deodorization in Nipomo, CA | Coastal Restoration Services Inc",Odor Removal and Deodorization in Nipomo,"Odor removal and deodorization in Nipomo, CA. IICRC-certified, insurance billing accepted. Call (805) 345-7440.",odor removal and deodorization nipomo,smoke odor removal|ozone treatment|hydroxyl deodorization|thermal fogging|professional odor elimination,local_specialty,,,900,hero|og|inline-1|inline-2,service|local-business|faq|breadcrumb-list,/services/odor-removal/|/service-areas/nipomo-ca/|/service-areas/nipomo-ca/fire-damage-restoration/|/service-areas/nipomo-ca/mold-remediation/|/service-areas/arroyo-grande-ca/odor-removal/|/service-areas/atascadero-ca/odor-removal/|/contact/,4.90,planned
/service-areas/nipomo-ca/water-heater-flood-cleanup/,service-area-service,"Water Heater Flood Cleanup in Nipomo, CA | Coastal Restoration Services Inc",Water Heater Flood Cleanup in Nipomo,"Water heater flood cleanup in Nipomo, CA. IICRC-certified, insurance billing accepted. Call (805) 345-7440.",water heater flood cleanup nipomo,water heater leaking|water heater burst|flooded water heater|water heater leak damage,local_emergency,,,900,hero|og|inline-1|inline-2,service|local-business|faq|breadcrumb-list,/services/water-heater-flood-cleanup/|/service-areas/nipomo-ca/|/service-areas/nipomo-ca/fire-damage-restoration/|/service-areas/nipomo-ca/mold-remediation/|/service-areas/arroyo-grande-ca/water-heater-flood-cleanup/|/service-areas/atascadero-ca/water-heater-flood-cleanup/|/contact/,4.90,planned
/service-areas/nipomo-ca/water-leak-detection/,service-area-service,"Water Leak Detection in Nipomo, CA | Coastal Restoration Services Inc",Water Leak Detection in Nipomo,"Water leak detection in Nipomo, CA. IICRC-certified, insurance billing accepted. Call (805) 345-7440.",water leak detection nipomo,leak detection|hidden water leak|slab leak detection|water leak in wall|leak detection service,local_emergency,,,900,hero|og|inline-1|inline-2,service|local-business|faq|breadcrumb-list,/services/water-leak-detection/|/service-areas/nipomo-ca/|/service-areas/nipomo-ca/fire-damage-restoration/|/service-areas/nipomo-ca/mold-remediation/|/service-areas/arroyo-grande-ca/water-leak-detection/|/service-areas/atascadero-ca/water-leak-detection/|/contact/,4.90,planned
/service-areas/oceano-ca/emergency-board-up-tarping/,service-area-service,"Board-Up and Tarping in Oceano, CA | Coastal Restoration Services Inc",Board-Up and Tarping in Oceano,"Board-up and tarping in Oceano, CA. IICRC-certified, insurance billing accepted. Call (805) 345-7440.",emergency board-up and tarping oceano,roof tarping|fire damage board up|broken window board up,local_emergency,,,900,hero|og|inline-1|inline-2,service|local-business|faq|breadcrumb-list,/services/emergency-board-up-tarping/|/service-areas/oceano-ca/|/service-areas/oceano-ca/fire-damage-restoration/|/service-areas/oceano-ca/mold-remediation/|/service-areas/arroyo-grande-ca/emergency-board-up-tarping/|/service-areas/atascadero-ca/emergency-board-up-tarping/|/contact/,4.90,planned
/service-areas/oceano-ca/industrial-restoration/,service-area-service,"Industrial Restoration in Oceano, CA | Coastal Restoration Services Inc",Industrial Restoration in Oceano,"Industrial restoration in Oceano, CA. IICRC-certified, insurance billing accepted. Call (805) 345-7440.",industrial restoration oceano,industrial water damage|warehouse restoration|manufacturing facility restoration|industrial fire damage|plant restoration services,local_b2b,,,900,hero|og|inline-1|inline-2,service|local-business|faq|breadcrumb-list,/services/industrial-restoration/|/service-areas/oceano-ca/|/service-areas/oceano-ca/fire-damage-restoration/|/service-areas/oceano-ca/mold-remediation/|/service-areas/arroyo-grande-ca/industrial-restoration/|/service-areas/atascadero-ca/industrial-restoration/|/contact/,4.90,planned
/service-areas/oceano-ca/odor-removal/,service-area-service,"Odor Removal and Deodorization in Oceano, CA | Coastal Restoration Services Inc",Odor Removal and Deodorization in Oceano,"Odor removal and deodorization in Oceano, CA. IICRC-certified, insurance billing accepted. Call (805) 345-7440.",odor removal and deodorization oceano,smoke odor removal|ozone treatment|hydroxyl deodorization|thermal fogging|professional odor elimination,local_specialty,,,900,hero|og|inline-1|inline-2,service|local-business|faq|breadcrumb-list,/services/odor-removal/|/service-areas/oceano-ca/|/service-areas/oceano-ca/fire-damage-restoration/|/service-areas/oceano-ca/mold-remediation/|/service-areas/arroyo-grande-ca/odor-removal/|/service-areas/atascadero-ca/odor-removal/|/contact/,4.90,planned
/service-areas/oceano-ca/water-heater-flood-cleanup/,service-area-service,"Water Heater Flood Cleanup in Oceano, CA | Coastal Restoration Services Inc",Water Heater Flood Cleanup in Oceano,"Water heater flood cleanup in Oceano, CA. IICRC-certified, insurance billing accepted. Call (805) 345-7440.",water heater flood cleanup oceano,water heater leaking|water heater burst|flooded water heater|water heater leak damage,local_emergency,,,900,hero|og|inline-1|inline-2,service|local-business|faq|breadcrumb-list,/services/water-heater-flood-cleanup/|/service-areas/oceano-ca/|/service-areas/oceano-ca/fire-damage-restoration/|/service-areas/oceano-ca/mold-remediation/|/service-areas/arroyo-grande-ca/water-heater-flood-cleanup/|/service-areas/atascadero-ca/water-heater-flood-cleanup/|/contact/,4.90,planned
/service-areas/oceano-ca/water-leak-detection/,service-area-service,"Water Leak Detection in Oceano, CA | Coastal Restoration Services Inc",Water Leak Detection in Oceano,"Water leak detection in Oceano, CA. IICRC-certified, insurance billing accepted. Call (805) 345-7440.",water leak detection oceano,leak detection|hidden water leak|slab leak detection|water leak in wall|leak detection service,local_emergency,,,900,hero|og|inline-1|inline-2,service|local-business|faq|breadcrumb-list,/services/water-leak-detection/|/service-areas/oceano-ca/|/service-areas/oceano-ca/fire-damage-restoration/|/service-areas/oceano-ca/mold-remediation/|/service-areas/arroyo-grande-ca/water-leak-detection/|/service-areas/atascadero-ca/water-leak-detection/|/contact/,4.90,planned
/service-areas/orcutt-ca/emergency-board-up-tarping/,service-area-service,"Board-Up and Tarping in Orcutt, CA | Coastal Restoration Services Inc",Board-Up and Tarping in Orcutt,"Board-up and tarping in Orcutt, CA. IICRC-certified, insurance billing accepted. Call (805) 345-7440.",emergency board-up and tarping orcutt,roof tarping|fire damage board up|broken window board up,local_emergency,,,900,hero|og|inline-1|inline-2,service|local-business|faq|breadcrumb-list,/services/emergency-board-up-tarping/|/service-areas/orcutt-ca/|/service-areas/orcutt-ca/fire-damage-restoration/|/service-areas/orcutt-ca/mold-remediation/|/service-areas/arroyo-grande-ca/emergency-board-up-tarping/|/service-areas/atascadero-ca/emergency-board-up-tarping/|/contact/,4.90,planned
/service-areas/orcutt-ca/industrial-restoration/,service-area-service,"Industrial Restoration in Orcutt, CA | Coastal Restoration Services Inc",Industrial Restoration in Orcutt,"Industrial restoration in Orcutt, CA. IICRC-certified, insurance billing accepted. Call (805) 345-7440.",industrial restoration orcutt,industrial water damage|warehouse restoration|manufacturing facility restoration|industrial fire damage|plant restoration services,local_b2b,,,900,hero|og|inline-1|inline-2,service|local-business|faq|breadcrumb-list,/services/industrial-restoration/|/service-areas/orcutt-ca/|/service-areas/orcutt-ca/fire-damage-restoration/|/service-areas/orcutt-ca/mold-remediation/|/service-areas/arroyo-grande-ca/industrial-restoration/|/service-areas/atascadero-ca/industrial-restoration/|/contact/,4.90,planned
/service-areas/orcutt-ca/odor-removal/,service-area-service,"Odor Removal and Deodorization in Orcutt, CA | Coastal Restoration Services Inc",Odor Removal and Deodorization in Orcutt,"Odor removal and deodorization in Orcutt, CA. IICRC-certified, insurance billing accepted. Call (805) 345-7440.",odor removal and deodorization orcutt,smoke odor removal|ozone treatment|hydroxyl deodorization|thermal fogging|professional odor elimination,local_specialty,,,900,hero|og|inline-1|inline-2,service|local-business|faq|breadcrumb-list,/services/odor-removal/|/service-areas/orcutt-ca/|/service-areas/orcutt-ca/fire-damage-restoration/|/service-areas/orcutt-ca/mold-remediation/|/service-areas/arroyo-grande-ca/odor-removal/|/service-areas/atascadero-ca/odor-removal/|/contact/,4.90,planned
/service-areas/orcutt-ca/water-heater-flood-cleanup/,service-area-service,"Water Heater Flood Cleanup in Orcutt, CA | Coastal Restoration Services Inc",Water Heater Flood Cleanup in Orcutt,"Water heater flood cleanup in Orcutt, CA. IICRC-certified, insurance billing accepted. Call (805) 345-7440.",water heater flood cleanup orcutt,water heater leaking|water heater burst|flooded water heater|water heater leak damage,local_emergency,,,900,hero|og|inline-1|inline-2,service|local-business|faq|breadcrumb-list,/services/water-heater-flood-cleanup/|/service-areas/orcutt-ca/|/service-areas/orcutt-ca/fire-damage-restoration/|/service-areas/orcutt-ca/mold-remediation/|/service-areas/arroyo-grande-ca/water-heater-flood-cleanup/|/service-areas/atascadero-ca/water-heater-flood-cleanup/|/contact/,4.90,planned
/service-areas/orcutt-ca/water-leak-detection/,service-area-service,"Water Leak Detection in Orcutt, CA | Coastal Restoration Services Inc",Water Leak Detection in Orcutt,"Water leak detection in Orcutt, CA. IICRC-certified, insurance billing accepted. Call (805) 345-7440.",water leak detection orcutt,leak detection|hidden water leak|slab leak detection|water leak in wall|leak detection service,local_emergency,,,900,hero|og|inline-1|inline-2,service|local-business|faq|breadcrumb-list,/services/water-leak-detection/|/service-areas/orcutt-ca/|/service-areas/orcutt-ca/fire-damage-restoration/|/service-areas/orcutt-ca/mold-remediation/|/service-areas/arroyo-grande-ca/water-leak-detection/|/service-areas/atascadero-ca/water-leak-detection/|/contact/,4.90,planned
/service-areas/pismo-beach-ca/emergency-board-up-tarping/,service-area-service,"Board-Up and Tarping in Pismo Beach, CA | Coastal Restoration Services Inc",Board-Up and Tarping in Pismo Beach,"Board-up and tarping in Pismo Beach, CA. IICRC-certified, insurance billing accepted. Call (805) 345-7440.",emergency board-up and tarping pismo beach,roof tarping|fire damage board up|broken window board up,local_emergency,,,900,hero|og|inline-1|inline-2,service|local-business|faq|breadcrumb-list,/services/emergency-board-up-tarping/|/service-areas/pismo-beach-ca/|/service-areas/pismo-beach-ca/fire-damage-restoration/|/service-areas/pismo-beach-ca/mold-remediation/|/service-areas/arroyo-grande-ca/emergency-board-up-tarping/|/service-areas/atascadero-ca/emergency-board-up-tarping/|/contact/,4.90,planned
/service-areas/pismo-beach-ca/industrial-restoration/,service-area-service,"Industrial Restoration in Pismo Beach, CA | Coastal Restoration Services Inc",Industrial Restoration in Pismo Beach,"Industrial restoration in Pismo Beach, CA. IICRC-certified, insurance billing accepted. Call (805) 345-7440.",industrial restoration pismo beach,industrial water damage|warehouse restoration|manufacturing facility restoration|industrial fire damage|plant restoration services,local_b2b,,,900,hero|og|inline-1|inline-2,service|local-business|faq|breadcrumb-list,/services/industrial-restoration/|/service-areas/pismo-beach-ca/|/service-areas/pismo-beach-ca/fire-damage-restoration/|/service-areas/pismo-beach-ca/mold-remediation/|/service-areas/arroyo-grande-ca/industrial-restoration/|/service-areas/atascadero-ca/industrial-restoration/|/contact/,4.90,planned
/service-areas/pismo-beach-ca/odor-removal/,service-area-service,"Odor Removal and Deodorization in Pismo Beach, CA | Coastal Restoration Services Inc",Odor Removal and Deodorization in Pismo Beach,"Odor removal and deodorization in Pismo Beach, CA. IICRC-certified, insurance billing accepted. Call (805) 345-7440.",odor removal and deodorization pismo beach,smoke odor removal|ozone treatment|hydroxyl deodorization|thermal fogging|professional odor elimination,local_specialty,,,900,hero|og|inline-1|inline-2,service|local-business|faq|breadcrumb-list,/services/odor-removal/|/service-areas/pismo-beach-ca/|/service-areas/pismo-beach-ca/fire-damage-restoration/|/service-areas/pismo-beach-ca/mold-remediation/|/service-areas/arroyo-grande-ca/odor-removal/|/service-areas/atascadero-ca/odor-removal/|/contact/,4.90,planned
/service-areas/pismo-beach-ca/water-heater-flood-cleanup/,service-area-service,"Water Heater Flood Cleanup in Pismo Beach, CA | Coastal Restoration Services Inc",Water Heater Flood Cleanup in Pismo Beach,"Water heater flood cleanup in Pismo Beach, CA. IICRC-certified, insurance billing accepted. Call (805) 345-7440.",water heater flood cleanup pismo beach,water heater leaking|water heater burst|flooded water heater|water heater leak damage,local_emergency,,,900,hero|og|inline-1|inline-2,service|local-business|faq|breadcrumb-list,/services/water-heater-flood-cleanup/|/service-areas/pismo-beach-ca/|/service-areas/pismo-beach-ca/fire-damage-restoration/|/service-areas/pismo-beach-ca/mold-remediation/|/service-areas/arroyo-grande-ca/water-heater-flood-cleanup/|/service-areas/atascadero-ca/water-heater-flood-cleanup/|/contact/,4.90,planned
/service-areas/pismo-beach-ca/water-leak-detection/,service-area-service,"Water Leak Detection in Pismo Beach, CA | Coastal Restoration Services Inc",Water Leak Detection in Pismo Beach,"Water leak detection in Pismo Beach, CA. IICRC-certified, insurance billing accepted. Call (805) 345-7440.",water leak detection pismo beach,leak detection|hidden water leak|slab leak detection|water leak in wall|leak detection service,local_emergency,,,900,hero|og|inline-1|inline-2,service|local-business|faq|breadcrumb-list,/services/water-leak-detection/|/service-areas/pismo-beach-ca/|/service-areas/pismo-beach-ca/fire-damage-restoration/|/service-areas/pismo-beach-ca/mold-remediation/|/service-areas/arroyo-grande-ca/water-leak-detection/|/service-areas/atascadero-ca/water-leak-detection/|/contact/,4.90,planned
/service-areas/san-luis-obispo-ca/emergency-board-up-tarping/,service-area-service,"Board-Up and Tarping in San Luis Obispo, CA | Coastal Restoration Services Inc",Board-Up and Tarping in San Luis Obispo,"Board-up and tarping in San Luis Obispo, CA. IICRC-certified, insurance billing accepted. Call (805) 345-7440.",emergency board-up and tarping san luis obispo,roof tarping|fire damage board up|broken window board up,local_emergency,,,900,hero|og|inline-1|inline-2,service|local-business|faq|breadcrumb-list,/services/emergency-board-up-tarping/|/service-areas/san-luis-obispo-ca/|/service-areas/san-luis-obispo-ca/fire-damage-restoration/|/service-areas/san-luis-obispo-ca/mold-remediation/|/service-areas/arroyo-grande-ca/emergency-board-up-tarping/|/service-areas/atascadero-ca/emergency-board-up-tarping/|/contact/,4.90,planned
/service-areas/san-luis-obispo-ca/industrial-restoration/,service-area-service,"Industrial Restoration in San Luis Obispo, CA | Coastal Restoration Services Inc",Industrial Restoration in San Luis Obispo,"Industrial restoration in San Luis Obispo, CA. IICRC-certified, insurance billing accepted. Call (805) 345-7440.",industrial restoration san luis obispo,industrial water damage|warehouse restoration|manufacturing facility restoration|industrial fire damage|plant restoration services,local_b2b,,,900,hero|og|inline-1|inline-2,service|local-business|faq|breadcrumb-list,/services/industrial-restoration/|/service-areas/san-luis-obispo-ca/|/service-areas/san-luis-obispo-ca/fire-damage-restoration/|/service-areas/san-luis-obispo-ca/mold-remediation/|/service-areas/arroyo-grande-ca/industrial-restoration/|/service-areas/atascadero-ca/industrial-restoration/|/contact/,4.90,planned
/service-areas/san-luis-obispo-ca/odor-removal/,service-area-service,"Odor Removal and Deodorization in San Luis Obispo, CA | Coastal Restoration Services Inc",Odor Removal and Deodorization in San Luis Obispo,"Odor removal and deodorization in San Luis Obispo, CA. IICRC-certified, insurance billing accepted. Call (805) 345-7440.",odor removal and deodorization san luis obispo,smoke odor removal|ozone treatment|hydroxyl deodorization|thermal fogging|professional odor elimination,local_specialty,,,900,hero|og|inline-1|inline-2,service|local-business|faq|breadcrumb-list,/services/odor-removal/|/service-areas/san-luis-obispo-ca/|/service-areas/san-luis-obispo-ca/fire-damage-restoration/|/service-areas/san-luis-obispo-ca/mold-remediation/|/service-areas/arroyo-grande-ca/odor-removal/|/service-areas/atascadero-ca/odor-removal/|/contact/,4.90,planned
/service-areas/san-luis-obispo-ca/water-heater-flood-cleanup/,service-area-service,"Water Heater Flood Cleanup in San Luis Obispo, CA | Coastal Restoration Services Inc",Water Heater Flood Cleanup in San Luis Obispo,"Water heater flood cleanup in San Luis Obispo, CA. IICRC-certified, insurance billing accepted. Call (805) 345-7440.",water heater flood cleanup san luis obispo,water heater leaking|water heater burst|flooded water heater|water heater leak damage,local_emergency,,,900,hero|og|inline-1|inline-2,service|local-business|faq|breadcrumb-list,/services/water-heater-flood-cleanup/|/service-areas/san-luis-obispo-ca/|/service-areas/san-luis-obispo-ca/fire-damage-restoration/|/service-areas/san-luis-obispo-ca/mold-remediation/|/service-areas/arroyo-grande-ca/water-heater-flood-cleanup/|/service-areas/atascadero-ca/water-heater-flood-cleanup/|/contact/,4.90,planned
/service-areas/san-luis-obispo-ca/water-leak-detection/,service-area-service,"Water Leak Detection in San Luis Obispo, CA | Coastal Restoration Services Inc",Water Leak Detection in San Luis Obispo,"Water leak detection in San Luis Obispo, CA. IICRC-certified, insurance billing accepted. Call (805) 345-7440.",water leak detection san luis obispo,leak detection|hidden water leak|slab leak detection|water leak in wall|leak detection service,local_emergency,,,900,hero|og|inline-1|inline-2,service|local-business|faq|breadcrumb-list,/services/water-leak-detection/|/service-areas/san-luis-obispo-ca/|/service-areas/san-luis-obispo-ca/fire-damage-restoration/|/service-areas/san-luis-obispo-ca/mold-remediation/|/service-areas/arroyo-grande-ca/water-leak-detection/|/service-areas/atascadero-ca/water-leak-detection/|/contact/,4.90,planned
/service-areas/santa-margarita-ca/emergency-board-up-tarping/,service-area-service,"Board-Up and Tarping in Santa Margarita, CA | Coastal Restoration Services Inc",Board-Up and Tarping in Santa Margarita,"Board-up and tarping in Santa Margarita, CA. IICRC-certified, insurance billing accepted. Call (805) 345-7440.",emergency board-up and tarping santa margarita,roof tarping|fire damage board up|broken window board up,local_emergency,,,900,hero|og|inline-1|inline-2,service|local-business|faq|breadcrumb-list,/services/emergency-board-up-tarping/|/service-areas/santa-margarita-ca/|/service-areas/santa-margarita-ca/fire-damage-restoration/|/service-areas/santa-margarita-ca/mold-remediation/|/service-areas/arroyo-grande-ca/emergency-board-up-tarping/|/service-areas/atascadero-ca/emergency-board-up-tarping/|/contact/,4.90,planned
/service-areas/santa-margarita-ca/industrial-restoration/,service-area-service,"Industrial Restoration in Santa Margarita, CA | Coastal Restoration Services Inc",Industrial Restoration in Santa Margarita,"Industrial restoration in Santa Margarita, CA. IICRC-certified, insurance billing accepted. Call (805) 345-7440.",industrial restoration santa margarita,industrial water damage|warehouse restoration|manufacturing facility restoration|industrial fire damage|plant restoration services,local_b2b,,,900,hero|og|inline-1|inline-2,service|local-business|faq|breadcrumb-list,/services/industrial-restoration/|/service-areas/santa-margarita-ca/|/service-areas/santa-margarita-ca/fire-damage-restoration/|/service-areas/santa-margarita-ca/mold-remediation/|/service-areas/arroyo-grande-ca/industrial-restoration/|/service-areas/atascadero-ca/industrial-restoration/|/contact/,4.90,planned
/service-areas/santa-margarita-ca/odor-removal/,service-area-service,"Odor Removal and Deodorization in Santa Margarita, CA | Coastal Restoration Services Inc",Odor Removal and Deodorization in Santa Margarita,"Odor removal and deodorization in Santa Margarita, CA. IICRC-certified, insurance billing accepted. Call (805) 345-7440.",odor removal and deodorization santa margarita,smoke odor removal|ozone treatment|hydroxyl deodorization|thermal fogging|professional odor elimination,local_specialty,,,900,hero|og|inline-1|inline-2,service|local-business|faq|breadcrumb-list,/services/odor-removal/|/service-areas/santa-margarita-ca/|/service-areas/santa-margarita-ca/fire-damage-restoration/|/service-areas/santa-margarita-ca/mold-remediation/|/service-areas/arroyo-grande-ca/odor-removal/|/service-areas/atascadero-ca/odor-removal/|/contact/,4.90,planned
/service-areas/santa-margarita-ca/water-heater-flood-cleanup/,service-area-service,"Water Heater Flood Cleanup in Santa Margarita, CA | Coastal Restoration Services Inc",Water Heater Flood Cleanup in Santa Margarita,"Water heater flood cleanup in Santa Margarita, CA. IICRC-certified, insurance billing accepted. Call (805) 345-7440.",water heater flood cleanup santa margarita,water heater leaking|water heater burst|flooded water heater|water heater leak damage,local_emergency,,,900,hero|og|inline-1|inline-2,service|local-business|faq|breadcrumb-list,/services/water-heater-flood-cleanup/|/service-areas/santa-margarita-ca/|/service-areas/santa-margarita-ca/fire-damage-restoration/|/service-areas/santa-margarita-ca/mold-remediation/|/service-areas/arroyo-grande-ca/water-heater-flood-cleanup/|/service-areas/atascadero-ca/water-heater-flood-cleanup/|/contact/,4.90,planned
/service-areas/santa-margarita-ca/water-leak-detection/,service-area-service,"Water Leak Detection in Santa Margarita, CA | Coastal Restoration Services Inc",Water Leak Detection in Santa Margarita,"Water leak detection in Santa Margarita, CA. IICRC-certified, insurance billing accepted. Call (805) 345-7440.",water leak detection santa margarita,leak detection|hidden water leak|slab leak detection|water leak in wall|leak detection service,local_emergency,,,900,hero|og|inline-1|inline-2,service|local-business|faq|breadcrumb-list,/services/water-leak-detection/|/service-areas/santa-margarita-ca/|/service-areas/santa-margarita-ca/fire-damage-restoration/|/service-areas/santa-margarita-ca/mold-remediation/|/service-areas/arroyo-grande-ca/water-leak-detection/|/service-areas/atascadero-ca/water-leak-detection/|/contact/,4.90,planned
/service-areas/santa-ynez-ca/emergency-board-up-tarping/,service-area-service,"Board-Up and Tarping in Santa Ynez, CA | Coastal Restoration Services Inc",Board-Up and Tarping in Santa Ynez,"Board-up and tarping in Santa Ynez, CA. IICRC-certified, insurance billing accepted. Call (805) 345-7440.",emergency board-up and tarping santa ynez,roof tarping|fire damage board up|broken window board up,local_emergency,,,900,hero|og|inline-1|inline-2,service|local-business|faq|breadcrumb-list,/services/emergency-board-up-tarping/|/service-areas/santa-ynez-ca/|/service-areas/santa-ynez-ca/fire-damage-restoration/|/service-areas/santa-ynez-ca/mold-remediation/|/service-areas/arroyo-grande-ca/emergency-board-up-tarping/|/service-areas/atascadero-ca/emergency-board-up-tarping/|/contact/,4.90,planned
/service-areas/santa-ynez-ca/industrial-restoration/,service-area-service,"Industrial Restoration in Santa Ynez, CA | Coastal Restoration Services Inc",Industrial Restoration in Santa Ynez,"Industrial restoration in Santa Ynez, CA. IICRC-certified, insurance billing accepted. Call (805) 345-7440.",industrial restoration santa ynez,industrial water damage|warehouse restoration|manufacturing facility restoration|industrial fire damage|plant restoration services,local_b2b,,,900,hero|og|inline-1|inline-2,service|local-business|faq|breadcrumb-list,/services/industrial-restoration/|/service-areas/santa-ynez-ca/|/service-areas/santa-ynez-ca/fire-damage-restoration/|/service-areas/santa-ynez-ca/mold-remediation/|/service-areas/arroyo-grande-ca/industrial-restoration/|/service-areas/atascadero-ca/industrial-restoration/|/contact/,4.90,planned
/service-areas/santa-ynez-ca/odor-removal/,service-area-service,"Odor Removal and Deodorization in Santa Ynez, CA | Coastal Restoration Services Inc",Odor Removal and Deodorization in Santa Ynez,"Odor removal and deodorization in Santa Ynez, CA. IICRC-certified, insurance billing accepted. Call (805) 345-7440.",odor removal and deodorization santa ynez,smoke odor removal|ozone treatment|hydroxyl deodorization|thermal fogging|professional odor elimination,local_specialty,,,900,hero|og|inline-1|inline-2,service|local-business|faq|breadcrumb-list,/services/odor-removal/|/service-areas/santa-ynez-ca/|/service-areas/santa-ynez-ca/fire-damage-restoration/|/service-areas/santa-ynez-ca/mold-remediation/|/service-areas/arroyo-grande-ca/odor-removal/|/service-areas/atascadero-ca/odor-removal/|/contact/,4.90,planned
/service-areas/santa-ynez-ca/water-heater-flood-cleanup/,service-area-service,"Water Heater Flood Cleanup in Santa Ynez, CA | Coastal Restoration Services Inc",Water Heater Flood Cleanup in Santa Ynez,"Water heater flood cleanup in Santa Ynez, CA. IICRC-certified, insurance billing accepted. Call (805) 345-7440.",water heater flood cleanup santa ynez,water heater leaking|water heater burst|flooded water heater|water heater leak damage,local_emergency,,,900,hero|og|inline-1|inline-2,service|local-business|faq|breadcrumb-list,/services/water-heater-flood-cleanup/|/service-areas/santa-ynez-ca/|/service-areas/santa-ynez-ca/fire-damage-restoration/|/service-areas/santa-ynez-ca/mold-remediation/|/service-areas/arroyo-grande-ca/water-heater-flood-cleanup/|/service-areas/atascadero-ca/water-heater-flood-cleanup/|/contact/,4.90,planned
/service-areas/santa-ynez-ca/water-leak-detection/,service-area-service,"Water Leak Detection in Santa Ynez, CA | Coastal Restoration Services Inc",Water Leak Detection in Santa Ynez,"Water leak detection in Santa Ynez, CA. IICRC-certified, insurance billing accepted. Call (805) 345-7440.",water leak detection santa ynez,leak detection|hidden water leak|slab leak detection|water leak in wall|leak detection service,local_emergency,,,900,hero|og|inline-1|inline-2,service|local-business|faq|breadcrumb-list,/services/water-leak-detection/|/service-areas/santa-ynez-ca/|/service-areas/santa-ynez-ca/fire-damage-restoration/|/service-areas/santa-ynez-ca/mold-remediation/|/service-areas/arroyo-grande-ca/water-leak-detection/|/service-areas/atascadero-ca/water-leak-detection/|/contact/,4.90,planned
/service-areas/solvang-ca/emergency-board-up-tarping/,service-area-service,"Board-Up and Tarping in Solvang, CA | Coastal Restoration Services Inc",Board-Up and Tarping in Solvang,"Board-up and tarping in Solvang, CA. IICRC-certified, insurance billing accepted. Call (805) 345-7440.",emergency board-up and tarping solvang,roof tarping|fire damage board up|broken window board up,local_emergency,,,900,hero|og|inline-1|inline-2,service|local-business|faq|breadcrumb-list,/services/emergency-board-up-tarping/|/service-areas/solvang-ca/|/service-areas/solvang-ca/fire-damage-restoration/|/service-areas/solvang-ca/mold-remediation/|/service-areas/arroyo-grande-ca/emergency-board-up-tarping/|/service-areas/atascadero-ca/emergency-board-up-tarping/|/contact/,4.90,planned
/service-areas/solvang-ca/industrial-restoration/,service-area-service,"Industrial Restoration in Solvang, CA | Coastal Restoration Services Inc",Industrial Restoration in Solvang,"Industrial restoration in Solvang, CA. IICRC-certified, insurance billing accepted. Call (805) 345-7440.",industrial restoration solvang,industrial water damage|warehouse restoration|manufacturing facility restoration|industrial fire damage|plant restoration services,local_b2b,,,900,hero|og|inline-1|inline-2,service|local-business|faq|breadcrumb-list,/services/industrial-restoration/|/service-areas/solvang-ca/|/service-areas/solvang-ca/fire-damage-restoration/|/service-areas/solvang-ca/mold-remediation/|/service-areas/arroyo-grande-ca/industrial-restoration/|/service-areas/atascadero-ca/industrial-restoration/|/contact/,4.90,planned
/service-areas/solvang-ca/odor-removal/,service-area-service,"Odor Removal and Deodorization in Solvang, CA | Coastal Restoration Services Inc",Odor Removal and Deodorization in Solvang,"Odor removal and deodorization in Solvang, CA. IICRC-certified, insurance billing accepted. Call (805) 345-7440.",odor removal and deodorization solvang,smoke odor removal|ozone treatment|hydroxyl deodorization|thermal fogging|professional odor elimination,local_specialty,,,900,hero|og|inline-1|inline-2,service|local-business|faq|breadcrumb-list,/services/odor-removal/|/service-areas/solvang-ca/|/service-areas/solvang-ca/fire-damage-restoration/|/service-areas/solvang-ca/mold-remediation/|/service-areas/arroyo-grande-ca/odor-removal/|/service-areas/atascadero-ca/odor-removal/|/contact/,4.90,planned
/service-areas/solvang-ca/water-heater-flood-cleanup/,service-area-service,"Water Heater Flood Cleanup in Solvang, CA | Coastal Restoration Services Inc",Water Heater Flood Cleanup in Solvang,"Water heater flood cleanup in Solvang, CA. IICRC-certified, insurance billing accepted. Call (805) 345-7440.",water heater flood cleanup solvang,water heater leaking|water heater burst|flooded water heater|water heater leak damage,local_emergency,,,900,hero|og|inline-1|inline-2,service|local-business|faq|breadcrumb-list,/services/water-heater-flood-cleanup/|/service-areas/solvang-ca/|/service-areas/solvang-ca/fire-damage-restoration/|/service-areas/solvang-ca/mold-remediation/|/service-areas/arroyo-grande-ca/water-heater-flood-cleanup/|/service-areas/atascadero-ca/water-heater-flood-cleanup/|/contact/,4.90,planned
/service-areas/solvang-ca/water-leak-detection/,service-area-service,"Water Leak Detection in Solvang, CA | Coastal Restoration Services Inc",Water Leak Detection in Solvang,"Water leak detection in Solvang, CA. IICRC-certified, insurance billing accepted. Call (805) 345-7440.",water leak detection solvang,leak detection|hidden water leak|slab leak detection|water leak in wall|leak detection service,local_emergency,,,900,hero|og|inline-1|inline-2,service|local-business|faq|breadcrumb-list,/services/water-leak-detection/|/service-areas/solvang-ca/|/service-areas/solvang-ca/fire-damage-restoration/|/service-areas/solvang-ca/mold-remediation/|/service-areas/arroyo-grande-ca/water-leak-detection/|/service-areas/atascadero-ca/water-leak-detection/|/contact/,4.90,planned
/service-areas/templeton-ca/emergency-board-up-tarping/,service-area-service,"Board-Up and Tarping in Templeton, CA | Coastal Restoration Services Inc",Board-Up and Tarping in Templeton,"Board-up and tarping in Templeton, CA. IICRC-certified, insurance billing accepted. Call (805) 345-7440.",emergency board-up and tarping templeton,roof tarping|fire damage board up|broken window board up,local_emergency,,,900,hero|og|inline-1|inline-2,service|local-business|faq|breadcrumb-list,/services/emergency-board-up-tarping/|/service-areas/templeton-ca/|/service-areas/templeton-ca/fire-damage-restoration/|/service-areas/templeton-ca/mold-remediation/|/service-areas/arroyo-grande-ca/emergency-board-up-tarping/|/service-areas/atascadero-ca/emergency-board-up-tarping/|/contact/,4.90,planned
/service-areas/templeton-ca/industrial-restoration/,service-area-service,"Industrial Restoration in Templeton, CA | Coastal Restoration Services Inc",Industrial Restoration in Templeton,"Industrial restoration in Templeton, CA. IICRC-certified, insurance billing accepted. Call (805) 345-7440.",industrial restoration templeton,industrial water damage|warehouse restoration|manufacturing facility restoration|industrial fire damage|plant restoration services,local_b2b,,,900,hero|og|inline-1|inline-2,service|local-business|faq|breadcrumb-list,/services/industrial-restoration/|/service-areas/templeton-ca/|/service-areas/templeton-ca/fire-damage-restoration/|/service-areas/templeton-ca/mold-remediation/|/service-areas/arroyo-grande-ca/industrial-restoration/|/service-areas/atascadero-ca/industrial-restoration/|/contact/,4.90,planned
/service-areas/templeton-ca/odor-removal/,service-area-service,"Odor Removal and Deodorization in Templeton, CA | Coastal Restoration Services Inc",Odor Removal and Deodorization in Templeton,"Odor removal and deodorization in Templeton, CA. IICRC-certified, insurance billing accepted. Call (805) 345-7440.",odor removal and deodorization templeton,smoke odor removal|ozone treatment|hydroxyl deodorization|thermal fogging|professional odor elimination,local_specialty,,,900,hero|og|inline-1|inline-2,service|local-business|faq|breadcrumb-list,/services/odor-removal/|/service-areas/templeton-ca/|/service-areas/templeton-ca/fire-damage-restoration/|/service-areas/templeton-ca/mold-remediation/|/service-areas/arroyo-grande-ca/odor-removal/|/service-areas/atascadero-ca/odor-removal/|/contact/,4.90,planned
/service-areas/templeton-ca/water-heater-flood-cleanup/,service-area-service,"Water Heater Flood Cleanup in Templeton, CA | Coastal Restoration Services Inc",Water Heater Flood Cleanup in Templeton,"Water heater flood cleanup in Templeton, CA. IICRC-certified, insurance billing accepted. Call (805) 345-7440.",water heater flood cleanup templeton,water heater leaking|water heater burst|flooded water heater|water heater leak damage,local_emergency,,,900,hero|og|inline-1|inline-2,service|local-business|faq|breadcrumb-list,/services/water-heater-flood-cleanup/|/service-areas/templeton-ca/|/service-areas/templeton-ca/fire-damage-restoration/|/service-areas/templeton-ca/mold-remediation/|/service-areas/arroyo-grande-ca/water-heater-flood-cleanup/|/service-areas/atascadero-ca/water-heater-flood-cleanup/|/contact/,4.90,planned
/service-areas/templeton-ca/water-leak-detection/,service-area-service,"Water Leak Detection in Templeton, CA | Coastal Restoration Services Inc",Water Leak Detection in Templeton,"Water leak detection in Templeton, CA. IICRC-certified, insurance billing accepted. Call (805) 345-7440.",water leak detection templeton,leak detection|hidden water leak|slab leak detection|water leak in wall|leak detection service,local_emergency,,,900,hero|og|inline-1|inline-2,service|local-business|faq|breadcrumb-list,/services/water-leak-detection/|/service-areas/templeton-ca/|/service-areas/templeton-ca/fire-damage-restoration/|/service-areas/templeton-ca/mold-remediation/|/service-areas/arroyo-grande-ca/water-leak-detection/|/service-areas/atascadero-ca/water-leak-detection/|/contact/,4.90,planned
/service-areas/vandenberg-afb-ca/emergency-board-up-tarping/,service-area-service,"Board-Up and Tarping in Vandenberg AFB, CA | Coastal Restoration Services Inc",Board-Up and Tarping in Vandenberg AFB,"Board-up and tarping in Vandenberg AFB, CA. IICRC-certified, insurance billing accepted. Call (805) 345-7440.",emergency board-up and tarping vandenberg afb,roof tarping|fire damage board up|broken window board up,local_emergency,,,900,hero|og|inline-1|inline-2,service|local-business|faq|breadcrumb-list,/services/emergency-board-up-tarping/|/service-areas/vandenberg-afb-ca/|/service-areas/vandenberg-afb-ca/fire-damage-restoration/|/service-areas/vandenberg-afb-ca/mold-remediation/|/service-areas/arroyo-grande-ca/emergency-board-up-tarping/|/service-areas/atascadero-ca/emergency-board-up-tarping/|/contact/,4.90,planned
/service-areas/vandenberg-afb-ca/industrial-restoration/,service-area-service,"Industrial Restoration in Vandenberg AFB, CA | Coastal Restoration Services Inc",Industrial Restoration in Vandenberg AFB,"Industrial restoration in Vandenberg AFB, CA. IICRC-certified, insurance billing accepted. Call (805) 345-7440.",industrial restoration vandenberg afb,industrial water damage|warehouse restoration|manufacturing facility restoration|industrial fire damage|plant restoration services,local_b2b,,,900,hero|og|inline-1|inline-2,service|local-business|faq|breadcrumb-list,/services/industrial-restoration/|/service-areas/vandenberg-afb-ca/|/service-areas/vandenberg-afb-ca/fire-damage-restoration/|/service-areas/vandenberg-afb-ca/mold-remediation/|/service-areas/arroyo-grande-ca/industrial-restoration/|/service-areas/atascadero-ca/industrial-restoration/|/contact/,4.90,planned
/service-areas/vandenberg-afb-ca/odor-removal/,service-area-service,"Odor Removal and Deodorization in Vandenberg AFB, CA | Coastal Restoration Services Inc",Odor Removal and Deodorization in Vandenberg AFB,"Odor removal and deodorization in Vandenberg AFB, CA. IICRC-certified, insurance billing accepted. Call (805) 345-7440.",odor removal and deodorization vandenberg afb,smoke odor removal|ozone treatment|hydroxyl deodorization|thermal fogging|professional odor elimination,local_specialty,,,900,hero|og|inline-1|inline-2,service|local-business|faq|breadcrumb-list,/services/odor-removal/|/service-areas/vandenberg-afb-ca/|/service-areas/vandenberg-afb-ca/fire-damage-restoration/|/service-areas/vandenberg-afb-ca/mold-remediation/|/service-areas/arroyo-grande-ca/odor-removal/|/service-areas/atascadero-ca/odor-removal/|/contact/,4.90,planned
/service-areas/vandenberg-afb-ca/water-heater-flood-cleanup/,service-area-service,"Water Heater Flood Cleanup in Vandenberg AFB, CA | Coastal Restoration Services Inc",Water Heater Flood Cleanup in Vandenberg AFB,"Water heater flood cleanup in Vandenberg AFB, CA. IICRC-certified, insurance billing accepted. Call (805) 345-7440.",water heater flood cleanup vandenberg afb,water heater leaking|water heater burst|flooded water heater|water heater leak damage,local_emergency,,,900,hero|og|inline-1|inline-2,service|local-business|faq|breadcrumb-list,/services/water-heater-flood-cleanup/|/service-areas/vandenberg-afb-ca/|/service-areas/vandenberg-afb-ca/fire-damage-restoration/|/service-areas/vandenberg-afb-ca/mold-remediation/|/service-areas/arroyo-grande-ca/water-heater-flood-cleanup/|/service-areas/atascadero-ca/water-heater-flood-cleanup/|/contact/,4.90,planned
/service-areas/vandenberg-afb-ca/water-leak-detection/,service-area-service,"Water Leak Detection in Vandenberg AFB, CA | Coastal Restoration Services Inc",Water Leak Detection in Vandenberg AFB,"Water leak detection in Vandenberg AFB, CA. IICRC-certified, insurance billing accepted. Call (805) 345-7440.",water leak detection vandenberg afb,leak detection|hidden water leak|slab leak detection|water leak in wall|leak detection service,local_emergency,,,900,hero|og|inline-1|inline-2,service|local-business|faq|breadcrumb-list,/services/water-leak-detection/|/service-areas/vandenberg-afb-ca/|/service-areas/vandenberg-afb-ca/fire-damage-restoration/|/service-areas/vandenberg-afb-ca/mold-remediation/|/service-areas/arroyo-grande-ca/water-leak-detection/|/service-areas/atascadero-ca/water-leak-detection/|/contact/,4.90,planned
/service-areas/vandenberg-village-ca/emergency-board-up-tarping/,service-area-service,"Board-Up and Tarping in Vandenberg Village, CA | Coastal Restoration Services Inc",Board-Up and Tarping in Vandenberg Village,"Board-up and tarping in Vandenberg Village, CA. IICRC-certified, insurance billing accepted. Call (805) 345-7440.",emergency board-up and tarping vandenberg village,roof tarping|fire damage board up|broken window board up,local_emergency,,,900,hero|og|inline-1|inline-2,service|local-business|faq|breadcrumb-list,/services/emergency-board-up-tarping/|/service-areas/vandenberg-village-ca/|/service-areas/vandenberg-village-ca/fire-damage-restoration/|/service-areas/vandenberg-village-ca/mold-remediation/|/service-areas/arroyo-grande-ca/emergency-board-up-tarping/|/service-areas/atascadero-ca/emergency-board-up-tarping/|/contact/,4.90,planned
/service-areas/vandenberg-village-ca/industrial-restoration/,service-area-service,"Industrial Restoration in Vandenberg Village, CA | Coastal Restoration Services Inc",Industrial Restoration in Vandenberg Village,"Industrial restoration in Vandenberg Village, CA. IICRC-certified, insurance billing accepted. Call (805) 345-7440.",industrial restoration vandenberg village,industrial water damage|warehouse restoration|manufacturing facility restoration|industrial fire damage|plant restoration services,local_b2b,,,900,hero|og|inline-1|inline-2,service|local-business|faq|breadcrumb-list,/services/industrial-restoration/|/service-areas/vandenberg-village-ca/|/service-areas/vandenberg-village-ca/fire-damage-restoration/|/service-areas/vandenberg-village-ca/mold-remediation/|/service-areas/arroyo-grande-ca/industrial-restoration/|/service-areas/atascadero-ca/industrial-restoration/|/contact/,4.90,planned
/service-areas/vandenberg-village-ca/odor-removal/,service-area-service,"Odor Removal and Deodorization in Vandenberg Village, CA | Coastal Restoration Services Inc",Odor Removal and Deodorization in Vandenberg Village,"Odor removal and deodorization in Vandenberg Village, CA. IICRC-certified, insurance billing accepted. Call (805) 345-7440.",odor removal and deodorization vandenberg village,smoke odor removal|ozone treatment|hydroxyl deodorization|thermal fogging|professional odor elimination,local_specialty,,,900,hero|og|inline-1|inline-2,service|local-business|faq|breadcrumb-list,/services/odor-removal/|/service-areas/vandenberg-village-ca/|/service-areas/vandenberg-village-ca/fire-damage-restoration/|/service-areas/vandenberg-village-ca/mold-remediation/|/service-areas/arroyo-grande-ca/odor-removal/|/service-areas/atascadero-ca/odor-removal/|/contact/,4.90,planned
/service-areas/vandenberg-village-ca/water-heater-flood-cleanup/,service-area-service,"Water Heater Flood Cleanup in Vandenberg Village, CA | Coastal Restoration Services Inc",Water Heater Flood Cleanup in Vandenberg Village,"Water heater flood cleanup in Vandenberg Village, CA. IICRC-certified, insurance billing accepted. Call (805) 345-7440.",water heater flood cleanup vandenberg village,water heater leaking|water heater burst|flooded water heater|water heater leak damage,local_emergency,,,900,hero|og|inline-1|inline-2,service|local-business|faq|breadcrumb-list,/services/water-heater-flood-cleanup/|/service-areas/vandenberg-village-ca/|/service-areas/vandenberg-village-ca/fire-damage-restoration/|/service-areas/vandenberg-village-ca/mold-remediation/|/service-areas/arroyo-grande-ca/water-heater-flood-cleanup/|/service-areas/atascadero-ca/water-heater-flood-cleanup/|/contact/,4.90,planned
/service-areas/vandenberg-village-ca/water-leak-detection/,service-area-service,"Water Leak Detection in Vandenberg Village, CA | Coastal Restoration Services Inc",Water Leak Detection in Vandenberg Village,"Water leak detection in Vandenberg Village, CA. IICRC-certified, insurance billing accepted. Call (805) 345-7440.",water leak detection vandenberg village,leak detection|hidden water leak|slab leak detection|water leak in wall|leak detection service,local_emergency,,,900,hero|og|inline-1|inline-2,service|local-business|faq|breadcrumb-list,/services/water-leak-detection/|/service-areas/vandenberg-village-ca/|/service-areas/vandenberg-village-ca/fire-damage-restoration/|/service-areas/vandenberg-village-ca/mold-remediation/|/service-areas/arroyo-grande-ca/water-leak-detection/|/service-areas/atascadero-ca/water-leak-detection/|/contact/,4.90,planned
/blog/black-mold-vs-regular-mold/,blog-post,Black Mold vs Regular Mold: How To Tell the Difference,Black Mold vs Regular Mold: How To Tell the Difference,,black mold vs regular mold how to tell the difference,mold remediation,informational_health,,,1400,hero|og|inline-1|inline-2,blog-posting|faq|breadcrumb-list,/blog/|/services/mold-remediation/|/blog/choosing-a-restoration-company/|/blog/how-to-test-for-mold/|/blog/signs-of-hidden-mold/,4.80,planned
/services/contents-restoration/,service-landing,Contents Restoration and Storage in Santa Maria | Coastal Restoration Services Inc,Contents Restoration and Storage in Santa Maria,"Contents restoration and storage in Santa Maria and surrounding areas. IICRC-certified, insurance billing accepted. Call (805) 345-7440.",contents restoration and storage santa maria,contents pack-out|contents cleaning|belongings restoration|furniture restoration after fire|contents storage,local_service,,,1100,hero|og|inline-1|inline-2,service|local-business|faq|breadcrumb-list,/services/|/contact/|/service-areas/arroyo-grande-ca/contents-restoration/|/service-areas/atascadero-ca/contents-restoration/|/service-areas/avila-beach-ca/contents-restoration/|/service-areas/ballard-ca/contents-restoration/|/service-areas/blacklake-ca/contents-restoration/|/service-areas/buellton-ca/contents-restoration/|/service-areas/callender-ca/contents-restoration/|/service-areas/cambria-ca/contents-restoration/|/service-areas/edna-ca/contents-restoration/|/service-areas/el-paso-de-robles-ca/contents-restoration/|/service-areas/grover-beach-ca/contents-restoration/|/service-areas/guadalupe-ca/contents-restoration/,4.50,planned
/services/crawl-space-encapsulation/,service-landing,Crawl Space Encapsulation in Santa Maria | Coastal Restoration Services Inc,Crawl Space Encapsulation in Santa Maria,"Crawl space encapsulation in Santa Maria and surrounding areas. IICRC-certified, insurance billing accepted. Call (805) 345-7440.",crawl space encapsulation santa maria,,local_specialty,,,1100,hero|og|inline-1|inline-2,service|local-business|faq|breadcrumb-list,/services/|/contact/|/service-areas/arroyo-grande-ca/crawl-space-encapsulation/|/service-areas/atascadero-ca/crawl-space-encapsulation/|/service-areas/avila-beach-ca/crawl-space-encapsulation/|/service-areas/ballard-ca/crawl-space-encapsulation/|/service-areas/blacklake-ca/crawl-space-encapsulation/|/service-areas/buellton-ca/crawl-space-encapsulation/|/service-areas/callender-ca/crawl-space-encapsulation/|/service-areas/cambria-ca/crawl-space-encapsulation/|/service-areas/edna-ca/crawl-space-encapsulation/|/service-areas/el-paso-de-robles-ca/crawl-space-encapsulation/|/service-areas/grover-beach-ca/crawl-space-encapsulation/|/service-areas/guadalupe-ca/crawl-space-encapsulation/,4.50,planned
/services/post-construction-cleaning/,service-landing,Post-Construction and Specialty Cleaning in Santa Maria | Coastal Restoration Services Inc,Post-Construction and Specialty Cleaning in Santa Maria,"Post-construction and specialty cleaning in Santa Maria and surrounding areas. IICRC-certified, insurance billing accepted. Call (805) 345-7440.",post-construction and specialty cleaning santa maria,post construction cleanup|construction debris cleaning|final clean|deep cleaning after renovation,local_service,,,1100,hero|og|inline-1|inline-2,service|local-business|faq|breadcrumb-list,/services/|/contact/|/service-areas/arroyo-grande-ca/post-construction-cleaning/|/service-areas/atascadero-ca/post-construction-cleaning/|/service-areas/avila-beach-ca/post-construction-cleaning/|/service-areas/ballard-ca/post-construction-cleaning/|/service-areas/blacklake-ca/post-construction-cleaning/|/service-areas/buellton-ca/post-construction-cleaning/|/service-areas/callender-ca/post-construction-cleaning/|/service-areas/cambria-ca/post-construction-cleaning/|/service-areas/edna-ca/post-construction-cleaning/|/service-areas/el-paso-de-robles-ca/post-construction-cleaning/|/service-areas/grover-beach-ca/post-construction-cleaning/|/service-areas/guadalupe-ca/post-construction-cleaning/,3.60,planned
/service-areas/,service-areas-hub,Service Areas | Coastal Restoration Services Inc Restoration,Areas We Serve,Coastal Restoration Services Inc provides restoration services across Santa Maria and the surrounding region. Find your city.,coastal restoration services inc service areas,restoration service area|cities we serve|local restoration coverage,navigational_local,,,500,hero|og,organization|website|local-business|breadcrumb-list,/|/service-areas/arroyo-grande-ca/|/service-areas/atascadero-ca/|/service-areas/avila-beach-ca/|/service-areas/ballard-ca/|/service-areas/blacklake-ca/|/service-areas/buellton-ca/|/service-areas/callender-ca/|/service-areas/cambria-ca/|/service-areas/edna-ca/|/service-areas/el-paso-de-robles-ca/|/service-areas/grover-beach-ca/|/service-areas/guadalupe-ca/|/service-areas/lompoc-ca/|/service-areas/los-alamos-ca/|/service-areas/los-berros-ca/|/service-areas/los-olivos-ca/|/service-areas/los-osos-ca/|/service-areas/mission-hills-ca/|/service-areas/morro-bay-ca/|/service-areas/nipomo-ca/|/service-areas/oceano-ca/|/service-areas/orcutt-ca/|/service-areas/pismo-beach-ca/|/service-areas/san-luis-obispo-ca/|/service-areas/santa-margarita-ca/|/service-areas/santa-ynez-ca/|/service-areas/solvang-ca/|/service-areas/templeton-ca/|/service-areas/vandenberg-afb-ca/|/service-areas/vandenberg-village-ca/,3.50,planned
/service-areas/arroyo-grande-ca/contents-restoration/,service-area-service,"Contents Restoration and Storage in Arroyo Grande, CA | Coastal Restoration Services Inc",Contents Restoration and Storage in Arroyo Grande,"Contents restoration and storage in Arroyo Grande, CA. IICRC-certified, insurance billing accepted. Call (805) 345-7440.",contents restoration and storage arroyo grande,contents pack-out|contents cleaning|belongings restoration|furniture restoration after fire|contents storage,local_service,,,900,hero|og|inline-1|inline-2,service|local-business|faq|breadcrumb-list,/services/contents-restoration/|/service-areas/arroyo-grande-ca/|/service-areas/arroyo-grande-ca/fire-damage-restoration/|/service-areas/arroyo-grande-ca/mold-remediation/|/service-areas/atascadero-ca/contents-restoration/|/service-areas/avila-beach-ca/contents-restoration/|/contact/,3.50,planned
/service-areas/arroyo-grande-ca/crawl-space-encapsulation/,service-area-service,"Crawl Space Encapsulation in Arroyo Grande, CA | Coastal Restoration Services Inc",Crawl Space Encapsulation in Arroyo Grande,"Crawl space encapsulation in Arroyo Grande, CA. IICRC-certified, insurance billing accepted. Call (805) 345-7440.",crawl space encapsulation arroyo grande,,local_specialty,,,900,hero|og|inline-1|inline-2,service|local-business|faq|breadcrumb-list,/services/crawl-space-encapsulation/|/service-areas/arroyo-grande-ca/|/service-areas/arroyo-grande-ca/fire-damage-restoration/|/service-areas/arroyo-grande-ca/mold-remediation/|/service-areas/atascadero-ca/crawl-space-encapsulation/|/service-areas/avila-beach-ca/crawl-space-encapsulation/|/contact/,3.50,planned
/service-areas/atascadero-ca/contents-restoration/,service-area-service,"Contents Restoration and Storage in Atascadero, CA | Coastal Restoration Services Inc",Contents Restoration and Storage in Atascadero,"Contents restoration and storage in Atascadero, CA. IICRC-certified, insurance billing accepted. Call (805) 345-7440.",contents restoration and storage atascadero,contents pack-out|contents cleaning|belongings restoration|furniture restoration after fire|contents storage,local_service,,,900,hero|og|inline-1|inline-2,service|local-business|faq|breadcrumb-list,/services/contents-restoration/|/service-areas/atascadero-ca/|/service-areas/atascadero-ca/fire-damage-restoration/|/service-areas/atascadero-ca/mold-remediation/|/service-areas/arroyo-grande-ca/contents-restoration/|/service-areas/avila-beach-ca/contents-restoration/|/contact/,3.50,planned
/service-areas/atascadero-ca/crawl-space-encapsulation/,service-area-service,"Crawl Space Encapsulation in Atascadero, CA | Coastal Restoration Services Inc",Crawl Space Encapsulation in Atascadero,"Crawl space encapsulation in Atascadero, CA. IICRC-certified, insurance billing accepted. Call (805) 345-7440.",crawl space encapsulation atascadero,,local_specialty,,,900,hero|og|inline-1|inline-2,service|local-business|faq|breadcrumb-list,/services/crawl-space-encapsulation/|/service-areas/atascadero-ca/|/service-areas/atascadero-ca/fire-damage-restoration/|/service-areas/atascadero-ca/mold-remediation/|/service-areas/arroyo-grande-ca/crawl-space-encapsulation/|/service-areas/avila-beach-ca/crawl-space-encapsulation/|/contact/,3.50,planned
/service-areas/avila-beach-ca/contents-restoration/,service-area-service,"Contents Restoration and Storage in Avila Beach, CA | Coastal Restoration Services Inc",Contents Restoration and Storage in Avila Beach,"Contents restoration and storage in Avila Beach, CA. IICRC-certified, insurance billing accepted. Call (805) 345-7440.",contents restoration and storage avila beach,contents pack-out|contents cleaning|belongings restoration|furniture restoration after fire|contents storage,local_service,,,900,hero|og|inline-1|inline-2,service|local-business|faq|breadcrumb-list,/services/contents-restoration/|/service-areas/avila-beach-ca/|/service-areas/avila-beach-ca/fire-damage-restoration/|/service-areas/avila-beach-ca/mold-remediation/|/service-areas/arroyo-grande-ca/contents-restoration/|/service-areas/atascadero-ca/contents-restoration/|/contact/,3.50,planned
/service-areas/avila-beach-ca/crawl-space-encapsulation/,service-area-service,"Crawl Space Encapsulation in Avila Beach, CA | Coastal Restoration Services Inc",Crawl Space Encapsulation in Avila Beach,"Crawl space encapsulation in Avila Beach, CA. IICRC-certified, insurance billing accepted. Call (805) 345-7440.",crawl space encapsulation avila beach,,local_specialty,,,900,hero|og|inline-1|inline-2,service|local-business|faq|breadcrumb-list,/services/crawl-space-encapsulation/|/service-areas/avila-beach-ca/|/service-areas/avila-beach-ca/fire-damage-restoration/|/service-areas/avila-beach-ca/mold-remediation/|/service-areas/arroyo-grande-ca/crawl-space-encapsulation/|/service-areas/atascadero-ca/crawl-space-encapsulation/|/contact/,3.50,planned
/service-areas/ballard-ca/contents-restoration/,service-area-service,"Contents Restoration and Storage in Ballard, CA | Coastal Restoration Services Inc",Contents Restoration and Storage in Ballard,"Contents restoration and storage in Ballard, CA. IICRC-certified, insurance billing accepted. Call (805) 345-7440.",contents restoration and storage ballard,contents pack-out|contents cleaning|belongings restoration|furniture restoration after fire|contents storage,local_service,,,900,hero|og|inline-1|inline-2,service|local-business|faq|breadcrumb-list,/services/contents-restoration/|/service-areas/ballard-ca/|/service-areas/ballard-ca/fire-damage-restoration/|/service-areas/ballard-ca/mold-remediation/|/service-areas/arroyo-grande-ca/contents-restoration/|/service-areas/atascadero-ca/contents-restoration/|/contact/,3.50,planned
/service-areas/ballard-ca/crawl-space-encapsulation/,service-area-service,"Crawl Space Encapsulation in Ballard, CA | Coastal Restoration Services Inc",Crawl Space Encapsulation in Ballard,"Crawl space encapsulation in Ballard, CA. IICRC-certified, insurance billing accepted. Call (805) 345-7440.",crawl space encapsulation ballard,,local_specialty,,,900,hero|og|inline-1|inline-2,service|local-business|faq|breadcrumb-list,/services/crawl-space-encapsulation/|/service-areas/ballard-ca/|/service-areas/ballard-ca/fire-damage-restoration/|/service-areas/ballard-ca/mold-remediation/|/service-areas/arroyo-grande-ca/crawl-space-encapsulation/|/service-areas/atascadero-ca/crawl-space-encapsulation/|/contact/,3.50,planned
/service-areas/blacklake-ca/contents-restoration/,service-area-service,"Contents Restoration and Storage in Blacklake, CA | Coastal Restoration Services Inc",Contents Restoration and Storage in Blacklake,"Contents restoration and storage in Blacklake, CA. IICRC-certified, insurance billing accepted. Call (805) 345-7440.",contents restoration and storage blacklake,contents pack-out|contents cleaning|belongings restoration|furniture restoration after fire|contents storage,local_service,,,900,hero|og|inline-1|inline-2,service|local-business|faq|breadcrumb-list,/services/contents-restoration/|/service-areas/blacklake-ca/|/service-areas/blacklake-ca/fire-damage-restoration/|/service-areas/blacklake-ca/mold-remediation/|/service-areas/arroyo-grande-ca/contents-restoration/|/service-areas/atascadero-ca/contents-restoration/|/contact/,3.50,planned
/service-areas/blacklake-ca/crawl-space-encapsulation/,service-area-service,"Crawl Space Encapsulation in Blacklake, CA | Coastal Restoration Services Inc",Crawl Space Encapsulation in Blacklake,"Crawl space encapsulation in Blacklake, CA. IICRC-certified, insurance billing accepted. Call (805) 345-7440.",crawl space encapsulation blacklake,,local_specialty,,,900,hero|og|inline-1|inline-2,service|local-business|faq|breadcrumb-list,/services/crawl-space-encapsulation/|/service-areas/blacklake-ca/|/service-areas/blacklake-ca/fire-damage-restoration/|/service-areas/blacklake-ca/mold-remediation/|/service-areas/arroyo-grande-ca/crawl-space-encapsulation/|/service-areas/atascadero-ca/crawl-space-encapsulation/|/contact/,3.50,planned
/service-areas/buellton-ca/contents-restoration/,service-area-service,"Contents Restoration and Storage in Buellton, CA | Coastal Restoration Services Inc",Contents Restoration and Storage in Buellton,"Contents restoration and storage in Buellton, CA. IICRC-certified, insurance billing accepted. Call (805) 345-7440.",contents restoration and storage buellton,contents pack-out|contents cleaning|belongings restoration|furniture restoration after fire|contents storage,local_service,,,900,hero|og|inline-1|inline-2,service|local-business|faq|breadcrumb-list,/services/contents-restoration/|/service-areas/buellton-ca/|/service-areas/buellton-ca/fire-damage-restoration/|/service-areas/buellton-ca/mold-remediation/|/service-areas/arroyo-grande-ca/contents-restoration/|/service-areas/atascadero-ca/contents-restoration/|/contact/,3.50,planned
/service-areas/buellton-ca/crawl-space-encapsulation/,service-area-service,"Crawl Space Encapsulation in Buellton, CA | Coastal Restoration Services Inc",Crawl Space Encapsulation in Buellton,"Crawl space encapsulation in Buellton, CA. IICRC-certified, insurance billing accepted. Call (805) 345-7440.",crawl space encapsulation buellton,,local_specialty,,,900,hero|og|inline-1|inline-2,service|local-business|faq|breadcrumb-list,/services/crawl-space-encapsulation/|/service-areas/buellton-ca/|/service-areas/buellton-ca/fire-damage-restoration/|/service-areas/buellton-ca/mold-remediation/|/service-areas/arroyo-grande-ca/crawl-space-encapsulation/|/service-areas/atascadero-ca/crawl-space-encapsulation/|/contact/,3.50,planned
/service-areas/callender-ca/contents-restoration/,service-area-service,"Contents Restoration and Storage in Callender, CA | Coastal Restoration Services Inc",Contents Restoration and Storage in Callender,"Contents restoration and storage in Callender, CA. IICRC-certified, insurance billing accepted. Call (805) 345-7440.",contents restoration and storage callender,contents pack-out|contents cleaning|belongings restoration|furniture restoration after fire|contents storage,local_service,,,900,hero|og|inline-1|inline-2,service|local-business|faq|breadcrumb-list,/services/contents-restoration/|/service-areas/callender-ca/|/service-areas/callender-ca/fire-damage-restoration/|/service-areas/callender-ca/mold-remediation/|/service-areas/arroyo-grande-ca/contents-restoration/|/service-areas/atascadero-ca/contents-restoration/|/contact/,3.50,planned
/service-areas/callender-ca/crawl-space-encapsulation/,service-area-service,"Crawl Space Encapsulation in Callender, CA | Coastal Restoration Services Inc",Crawl Space Encapsulation in Callender,"Crawl space encapsulation in Callender, CA. IICRC-certified, insurance billing accepted. Call (805) 345-7440.",crawl space encapsulation callender,,local_specialty,,,900,hero|og|inline-1|inline-2,service|local-business|faq|breadcrumb-list,/services/crawl-space-encapsulation/|/service-areas/callender-ca/|/service-areas/callender-ca/fire-damage-restoration/|/service-areas/callender-ca/mold-remediation/|/service-areas/arroyo-grande-ca/crawl-space-encapsulation/|/service-areas/atascadero-ca/crawl-space-encapsulation/|/contact/,3.50,planned
/service-areas/cambria-ca/contents-restoration/,service-area-service,"Contents Restoration and Storage in Cambria, CA | Coastal Restoration Services Inc",Contents Restoration and Storage in Cambria,"Contents restoration and storage in Cambria, CA. IICRC-certified, insurance billing accepted. Call (805) 345-7440.",contents restoration and storage cambria,contents pack-out|contents cleaning|belongings restoration|furniture restoration after fire|contents storage,local_service,,,900,hero|og|inline-1|inline-2,service|local-business|faq|breadcrumb-list,/services/contents-restoration/|/service-areas/cambria-ca/|/service-areas/cambria-ca/fire-damage-restoration/|/service-areas/cambria-ca/mold-remediation/|/service-areas/arroyo-grande-ca/contents-restoration/|/service-areas/atascadero-ca/contents-restoration/|/contact/,3.50,planned
/service-areas/cambria-ca/crawl-space-encapsulation/,service-area-service,"Crawl Space Encapsulation in Cambria, CA | Coastal Restoration Services Inc",Crawl Space Encapsulation in Cambria,"Crawl space encapsulation in Cambria, CA. IICRC-certified, insurance billing accepted. Call (805) 345-7440.",crawl space encapsulation cambria,,local_specialty,,,900,hero|og|inline-1|inline-2,service|local-business|faq|breadcrumb-list,/services/crawl-space-encapsulation/|/service-areas/cambria-ca/|/service-areas/cambria-ca/fire-damage-restoration/|/service-areas/cambria-ca/mold-remediation/|/service-areas/arroyo-grande-ca/crawl-space-encapsulation/|/service-areas/atascadero-ca/crawl-space-encapsulation/|/contact/,3.50,planned
/service-areas/edna-ca/contents-restoration/,service-area-service,"Contents Restoration and Storage in Edna, CA | Coastal Restoration Services Inc",Contents Restoration and Storage in Edna,"Contents restoration and storage in Edna, CA. IICRC-certified, insurance billing accepted. Call (805) 345-7440.",contents restoration and storage edna,contents pack-out|contents cleaning|belongings restoration|furniture restoration after fire|contents storage,local_service,,,900,hero|og|inline-1|inline-2,service|local-business|faq|breadcrumb-list,/services/contents-restoration/|/service-areas/edna-ca/|/service-areas/edna-ca/fire-damage-restoration/|/service-areas/edna-ca/mold-remediation/|/service-areas/arroyo-grande-ca/contents-restoration/|/service-areas/atascadero-ca/contents-restoration/|/contact/,3.50,planned
/service-areas/edna-ca/crawl-space-encapsulation/,service-area-service,"Crawl Space Encapsulation in Edna, CA | Coastal Restoration Services Inc",Crawl Space Encapsulation in Edna,"Crawl space encapsulation in Edna, CA. IICRC-certified, insurance billing accepted. Call (805) 345-7440.",crawl space encapsulation edna,,local_specialty,,,900,hero|og|inline-1|inline-2,service|local-business|faq|breadcrumb-list,/services/crawl-space-encapsulation/|/service-areas/edna-ca/|/service-areas/edna-ca/fire-damage-restoration/|/service-areas/edna-ca/mold-remediation/|/service-areas/arroyo-grande-ca/crawl-space-encapsulation/|/service-areas/atascadero-ca/crawl-space-encapsulation/|/contact/,3.50,planned
/service-areas/el-paso-de-robles-ca/contents-restoration/,service-area-service,"Contents Restoration and Storage in El Paso de Robles, CA | Coastal Restoration Services Inc",Contents Restoration and Storage in El Paso de Robles,"Contents restoration and storage in El Paso de Robles, CA. IICRC-certified, insurance billing accepted. Call (805) 345-7440.",contents restoration and storage el paso de robles,contents pack-out|contents cleaning|belongings restoration|furniture restoration after fire|contents storage,local_service,,,900,hero|og|inline-1|inline-2,service|local-business|faq|breadcrumb-list,/services/contents-restoration/|/service-areas/el-paso-de-robles-ca/|/service-areas/el-paso-de-robles-ca/fire-damage-restoration/|/service-areas/el-paso-de-robles-ca/mold-remediation/|/service-areas/arroyo-grande-ca/contents-restoration/|/service-areas/atascadero-ca/contents-restoration/|/contact/,3.50,planned
/service-areas/el-paso-de-robles-ca/crawl-space-encapsulation/,service-area-service,"Crawl Space Encapsulation in El Paso de Robles, CA | Coastal Restoration Services Inc",Crawl Space Encapsulation in El Paso de Robles,"Crawl space encapsulation in El Paso de Robles, CA. IICRC-certified, insurance billing accepted. Call (805) 345-7440.",crawl space encapsulation el paso de robles,,local_specialty,,,900,hero|og|inline-1|inline-2,service|local-business|faq|breadcrumb-list,/services/crawl-space-encapsulation/|/service-areas/el-paso-de-robles-ca/|/service-areas/el-paso-de-robles-ca/fire-damage-restoration/|/service-areas/el-paso-de-robles-ca/mold-remediation/|/service-areas/arroyo-grande-ca/crawl-space-encapsulation/|/service-areas/atascadero-ca/crawl-space-encapsulation/|/contact/,3.50,planned
/service-areas/grover-beach-ca/contents-restoration/,service-area-service,"Contents Restoration and Storage in Grover Beach, CA | Coastal Restoration Services Inc",Contents Restoration and Storage in Grover Beach,"Contents restoration and storage in Grover Beach, CA. IICRC-certified, insurance billing accepted. Call (805) 345-7440.",contents restoration and storage grover beach,contents pack-out|contents cleaning|belongings restoration|furniture restoration after fire|contents storage,local_service,,,900,hero|og|inline-1|inline-2,service|local-business|faq|breadcrumb-list,/services/contents-restoration/|/service-areas/grover-beach-ca/|/service-areas/grover-beach-ca/fire-damage-restoration/|/service-areas/grover-beach-ca/mold-remediation/|/service-areas/arroyo-grande-ca/contents-restoration/|/service-areas/atascadero-ca/contents-restoration/|/contact/,3.50,planned
/service-areas/grover-beach-ca/crawl-space-encapsulation/,service-area-service,"Crawl Space Encapsulation in Grover Beach, CA | Coastal Restoration Services Inc",Crawl Space Encapsulation in Grover Beach,"Crawl space encapsulation in Grover Beach, CA. IICRC-certified, insurance billing accepted. Call (805) 345-7440.",crawl space encapsulation grover beach,,local_specialty,,,900,hero|og|inline-1|inline-2,service|local-business|faq|breadcrumb-list,/services/crawl-space-encapsulation/|/service-areas/grover-beach-ca/|/service-areas/grover-beach-ca/fire-damage-restoration/|/service-areas/grover-beach-ca/mold-remediation/|/service-areas/arroyo-grande-ca/crawl-space-encapsulation/|/service-areas/atascadero-ca/crawl-space-encapsulation/|/contact/,3.50,planned
/service-areas/guadalupe-ca/contents-restoration/,service-area-service,"Contents Restoration and Storage in Guadalupe, CA | Coastal Restoration Services Inc",Contents Restoration and Storage in Guadalupe,"Contents restoration and storage in Guadalupe, CA. IICRC-certified, insurance billing accepted. Call (805) 345-7440.",contents restoration and storage guadalupe,contents pack-out|contents cleaning|belongings restoration|furniture restoration after fire|contents storage,local_service,,,900,hero|og|inline-1|inline-2,service|local-business|faq|breadcrumb-list,/services/contents-restoration/|/service-areas/guadalupe-ca/|/service-areas/guadalupe-ca/fire-damage-restoration/|/service-areas/guadalupe-ca/mold-remediation/|/service-areas/arroyo-grande-ca/contents-restoration/|/service-areas/atascadero-ca/contents-restoration/|/contact/,3.50,planned
/service-areas/guadalupe-ca/crawl-space-encapsulation/,service-area-service,"Crawl Space Encapsulation in Guadalupe, CA | Coastal Restoration Services Inc",Crawl Space Encapsulation in Guadalupe,"Crawl space encapsulation in Guadalupe, CA. IICRC-certified, insurance billing accepted. Call (805) 345-7440.",crawl space encapsulation guadalupe,,local_specialty,,,900,hero|og|inline-1|inline-2,service|local-business|faq|breadcrumb-list,/services/crawl-space-encapsulation/|/service-areas/guadalupe-ca/|/service-areas/guadalupe-ca/fire-damage-restoration/|/service-areas/guadalupe-ca/mold-remediation/|/service-areas/arroyo-grande-ca/crawl-space-encapsulation/|/service-areas/atascadero-ca/crawl-space-encapsulation/|/contact/,3.50,planned
/service-areas/lompoc-ca/contents-restoration/,service-area-service,"Contents Restoration and Storage in Lompoc, CA | Coastal Restoration Services Inc",Contents Restoration and Storage in Lompoc,"Contents restoration and storage in Lompoc, CA. IICRC-certified, insurance billing accepted. Call (805) 345-7440.",contents restoration and storage lompoc,contents pack-out|contents cleaning|belongings restoration|furniture restoration after fire|contents storage,local_service,,,900,hero|og|inline-1|inline-2,service|local-business|faq|breadcrumb-list,/services/contents-restoration/|/service-areas/lompoc-ca/|/service-areas/lompoc-ca/fire-damage-restoration/|/service-areas/lompoc-ca/mold-remediation/|/service-areas/arroyo-grande-ca/contents-restoration/|/service-areas/atascadero-ca/contents-restoration/|/contact/,3.50,planned
/service-areas/lompoc-ca/crawl-space-encapsulation/,service-area-service,"Crawl Space Encapsulation in Lompoc, CA | Coastal Restoration Services Inc",Crawl Space Encapsulation in Lompoc,"Crawl space encapsulation in Lompoc, CA. IICRC-certified, insurance billing accepted. Call (805) 345-7440.",crawl space encapsulation lompoc,,local_specialty,,,900,hero|og|inline-1|inline-2,service|local-business|faq|breadcrumb-list,/services/crawl-space-encapsulation/|/service-areas/lompoc-ca/|/service-areas/lompoc-ca/fire-damage-restoration/|/service-areas/lompoc-ca/mold-remediation/|/service-areas/arroyo-grande-ca/crawl-space-encapsulation/|/service-areas/atascadero-ca/crawl-space-encapsulation/|/contact/,3.50,planned
/service-areas/los-alamos-ca/contents-restoration/,service-area-service,"Contents Restoration and Storage in Los Alamos, CA | Coastal Restoration Services Inc",Contents Restoration and Storage in Los Alamos,"Contents restoration and storage in Los Alamos, CA. IICRC-certified, insurance billing accepted. Call (805) 345-7440.",contents restoration and storage los alamos,contents pack-out|contents cleaning|belongings restoration|furniture restoration after fire|contents storage,local_service,,,900,hero|og|inline-1|inline-2,service|local-business|faq|breadcrumb-list,/services/contents-restoration/|/service-areas/los-alamos-ca/|/service-areas/los-alamos-ca/fire-damage-restoration/|/service-areas/los-alamos-ca/mold-remediation/|/service-areas/arroyo-grande-ca/contents-restoration/|/service-areas/atascadero-ca/contents-restoration/|/contact/,3.50,planned
/service-areas/los-alamos-ca/crawl-space-encapsulation/,service-area-service,"Crawl Space Encapsulation in Los Alamos, CA | Coastal Restoration Services Inc",Crawl Space Encapsulation in Los Alamos,"Crawl space encapsulation in Los Alamos, CA. IICRC-certified, insurance billing accepted. Call (805) 345-7440.",crawl space encapsulation los alamos,,local_specialty,,,900,hero|og|inline-1|inline-2,service|local-business|faq|breadcrumb-list,/services/crawl-space-encapsulation/|/service-areas/los-alamos-ca/|/service-areas/los-alamos-ca/fire-damage-restoration/|/service-areas/los-alamos-ca/mold-remediation/|/service-areas/arroyo-grande-ca/crawl-space-encapsulation/|/service-areas/atascadero-ca/crawl-space-encapsulation/|/contact/,3.50,planned
/service-areas/los-berros-ca/contents-restoration/,service-area-service,"Contents Restoration and Storage in Los Berros, CA | Coastal Restoration Services Inc",Contents Restoration and Storage in Los Berros,"Contents restoration and storage in Los Berros, CA. IICRC-certified, insurance billing accepted. Call (805) 345-7440.",contents restoration and storage los berros,contents pack-out|contents cleaning|belongings restoration|furniture restoration after fire|contents storage,local_service,,,900,hero|og|inline-1|inline-2,service|local-business|faq|breadcrumb-list,/services/contents-restoration/|/service-areas/los-berros-ca/|/service-areas/los-berros-ca/fire-damage-restoration/|/service-areas/los-berros-ca/mold-remediation/|/service-areas/arroyo-grande-ca/contents-restoration/|/service-areas/atascadero-ca/contents-restoration/|/contact/,3.50,planned
/service-areas/los-berros-ca/crawl-space-encapsulation/,service-area-service,"Crawl Space Encapsulation in Los Berros, CA | Coastal Restoration Services Inc",Crawl Space Encapsulation in Los Berros,"Crawl space encapsulation in Los Berros, CA. IICRC-certified, insurance billing accepted. Call (805) 345-7440.",crawl space encapsulation los berros,,local_specialty,,,900,hero|og|inline-1|inline-2,service|local-business|faq|breadcrumb-list,/services/crawl-space-encapsulation/|/service-areas/los-berros-ca/|/service-areas/los-berros-ca/fire-damage-restoration/|/service-areas/los-berros-ca/mold-remediation/|/service-areas/arroyo-grande-ca/crawl-space-encapsulation/|/service-areas/atascadero-ca/crawl-space-encapsulation/|/contact/,3.50,planned
/service-areas/los-olivos-ca/contents-restoration/,service-area-service,"Contents Restoration and Storage in Los Olivos, CA | Coastal Restoration Services Inc",Contents Restoration and Storage in Los Olivos,"Contents restoration and storage in Los Olivos, CA. IICRC-certified, insurance billing accepted. Call (805) 345-7440.",contents restoration and storage los olivos,contents pack-out|contents cleaning|belongings restoration|furniture restoration after fire|contents storage,local_service,,,900,hero|og|inline-1|inline-2,service|local-business|faq|breadcrumb-list,/services/contents-restoration/|/service-areas/los-olivos-ca/|/service-areas/los-olivos-ca/fire-damage-restoration/|/service-areas/los-olivos-ca/mold-remediation/|/service-areas/arroyo-grande-ca/contents-restoration/|/service-areas/atascadero-ca/contents-restoration/|/contact/,3.50,planned
/service-areas/los-olivos-ca/crawl-space-encapsulation/,service-area-service,"Crawl Space Encapsulation in Los Olivos, CA | Coastal Restoration Services Inc",Crawl Space Encapsulation in Los Olivos,"Crawl space encapsulation in Los Olivos, CA. IICRC-certified, insurance billing accepted. Call (805) 345-7440.",crawl space encapsulation los olivos,,local_specialty,,,900,hero|og|inline-1|inline-2,service|local-business|faq|breadcrumb-list,/services/crawl-space-encapsulation/|/service-areas/los-olivos-ca/|/service-areas/los-olivos-ca/fire-damage-restoration/|/service-areas/los-olivos-ca/mold-remediation/|/service-areas/arroyo-grande-ca/crawl-space-encapsulation/|/service-areas/atascadero-ca/crawl-space-encapsulation/|/contact/,3.50,planned
/service-areas/los-osos-ca/contents-restoration/,service-area-service,"Contents Restoration and Storage in Los Osos, CA | Coastal Restoration Services Inc",Contents Restoration and Storage in Los Osos,"Contents restoration and storage in Los Osos, CA. IICRC-certified, insurance billing accepted. Call (805) 345-7440.",contents restoration and storage los osos,contents pack-out|contents cleaning|belongings restoration|furniture restoration after fire|contents storage,local_service,,,900,hero|og|inline-1|inline-2,service|local-business|faq|breadcrumb-list,/services/contents-restoration/|/service-areas/los-osos-ca/|/service-areas/los-osos-ca/fire-damage-restoration/|/service-areas/los-osos-ca/mold-remediation/|/service-areas/arroyo-grande-ca/contents-restoration/|/service-areas/atascadero-ca/contents-restoration/|/contact/,3.50,planned
/service-areas/los-osos-ca/crawl-space-encapsulation/,service-area-service,"Crawl Space Encapsulation in Los Osos, CA | Coastal Restoration Services Inc",Crawl Space Encapsulation in Los Osos,"Crawl space encapsulation in Los Osos, CA. IICRC-certified, insurance billing accepted. Call (805) 345-7440.",crawl space encapsulation los osos,,local_specialty,,,900,hero|og|inline-1|inline-2,service|local-business|faq|breadcrumb-list,/services/crawl-space-encapsulation/|/service-areas/los-osos-ca/|/service-areas/los-osos-ca/fire-damage-restoration/|/service-areas/los-osos-ca/mold-remediation/|/service-areas/arroyo-grande-ca/crawl-space-encapsulation/|/service-areas/atascadero-ca/crawl-space-encapsulation/|/contact/,3.50,planned
/service-areas/mission-hills-ca/contents-restoration/,service-area-service,"Contents Restoration and Storage in Mission Hills, CA | Coastal Restoration Services Inc",Contents Restoration and Storage in Mission Hills,"Contents restoration and storage in Mission Hills, CA. IICRC-certified, insurance billing accepted. Call (805) 345-7440.",contents restoration and storage mission hills,contents pack-out|contents cleaning|belongings restoration|furniture restoration after fire|contents storage,local_service,,,900,hero|og|inline-1|inline-2,service|local-business|faq|breadcrumb-list,/services/contents-restoration/|/service-areas/mission-hills-ca/|/service-areas/mission-hills-ca/fire-damage-restoration/|/service-areas/mission-hills-ca/mold-remediation/|/service-areas/arroyo-grande-ca/contents-restoration/|/service-areas/atascadero-ca/contents-restoration/|/contact/,3.50,planned
/service-areas/mission-hills-ca/crawl-space-encapsulation/,service-area-service,"Crawl Space Encapsulation in Mission Hills, CA | Coastal Restoration Services Inc",Crawl Space Encapsulation in Mission Hills,"Crawl space encapsulation in Mission Hills, CA. IICRC-certified, insurance billing accepted. Call (805) 345-7440.",crawl space encapsulation mission hills,,local_specialty,,,900,hero|og|inline-1|inline-2,service|local-business|faq|breadcrumb-list,/services/crawl-space-encapsulation/|/service-areas/mission-hills-ca/|/service-areas/mission-hills-ca/fire-damage-restoration/|/service-areas/mission-hills-ca/mold-remediation/|/service-areas/arroyo-grande-ca/crawl-space-encapsulation/|/service-areas/atascadero-ca/crawl-space-encapsulation/|/contact/,3.50,planned
/service-areas/morro-bay-ca/contents-restoration/,service-area-service,"Contents Restoration and Storage in Morro Bay, CA | Coastal Restoration Services Inc",Contents Restoration and Storage in Morro Bay,"Contents restoration and storage in Morro Bay, CA. IICRC-certified, insurance billing accepted. Call (805) 345-7440.",contents restoration and storage morro bay,contents pack-out|contents cleaning|belongings restoration|furniture restoration after fire|contents storage,local_service,,,900,hero|og|inline-1|inline-2,service|local-business|faq|breadcrumb-list,/services/contents-restoration/|/service-areas/morro-bay-ca/|/service-areas/morro-bay-ca/fire-damage-restoration/|/service-areas/morro-bay-ca/mold-remediation/|/service-areas/arroyo-grande-ca/contents-restoration/|/service-areas/atascadero-ca/contents-restoration/|/contact/,3.50,planned
/service-areas/morro-bay-ca/crawl-space-encapsulation/,service-area-service,"Crawl Space Encapsulation in Morro Bay, CA | Coastal Restoration Services Inc",Crawl Space Encapsulation in Morro Bay,"Crawl space encapsulation in Morro Bay, CA. IICRC-certified, insurance billing accepted. Call (805) 345-7440.",crawl space encapsulation morro bay,,local_specialty,,,900,hero|og|inline-1|inline-2,service|local-business|faq|breadcrumb-list,/services/crawl-space-encapsulation/|/service-areas/morro-bay-ca/|/service-areas/morro-bay-ca/fire-damage-restoration/|/service-areas/morro-bay-ca/mold-remediation/|/service-areas/arroyo-grande-ca/crawl-space-encapsulation/|/service-areas/atascadero-ca/crawl-space-encapsulation/|/contact/,3.50,planned
/service-areas/nipomo-ca/contents-restoration/,service-area-service,"Contents Restoration and Storage in Nipomo, CA | Coastal Restoration Services Inc",Contents Restoration and Storage in Nipomo,"Contents restoration and storage in Nipomo, CA. IICRC-certified, insurance billing accepted. Call (805) 345-7440.",contents restoration and storage nipomo,contents pack-out|contents cleaning|belongings restoration|furniture restoration after fire|contents storage,local_service,,,900,hero|og|inline-1|inline-2,service|local-business|faq|breadcrumb-list,/services/contents-restoration/|/service-areas/nipomo-ca/|/service-areas/nipomo-ca/fire-damage-restoration/|/service-areas/nipomo-ca/mold-remediation/|/service-areas/arroyo-grande-ca/contents-restoration/|/service-areas/atascadero-ca/contents-restoration/|/contact/,3.50,planned
/service-areas/nipomo-ca/crawl-space-encapsulation/,service-area-service,"Crawl Space Encapsulation in Nipomo, CA | Coastal Restoration Services Inc",Crawl Space Encapsulation in Nipomo,"Crawl space encapsulation in Nipomo, CA. IICRC-certified, insurance billing accepted. Call (805) 345-7440.",crawl space encapsulation nipomo,,local_specialty,,,900,hero|og|inline-1|inline-2,service|local-business|faq|breadcrumb-list,/services/crawl-space-encapsulation/|/service-areas/nipomo-ca/|/service-areas/nipomo-ca/fire-damage-restoration/|/service-areas/nipomo-ca/mold-remediation/|/service-areas/arroyo-grande-ca/crawl-space-encapsulation/|/service-areas/atascadero-ca/crawl-space-encapsulation/|/contact/,3.50,planned
/service-areas/oceano-ca/contents-restoration/,service-area-service,"Contents Restoration and Storage in Oceano, CA | Coastal Restoration Services Inc",Contents Restoration and Storage in Oceano,"Contents restoration and storage in Oceano, CA. IICRC-certified, insurance billing accepted. Call (805) 345-7440.",contents restoration and storage oceano,contents pack-out|contents cleaning|belongings restoration|furniture restoration after fire|contents storage,local_service,,,900,hero|og|inline-1|inline-2,service|local-business|faq|breadcrumb-list,/services/contents-restoration/|/service-areas/oceano-ca/|/service-areas/oceano-ca/fire-damage-restoration/|/service-areas/oceano-ca/mold-remediation/|/service-areas/arroyo-grande-ca/contents-restoration/|/service-areas/atascadero-ca/contents-restoration/|/contact/,3.50,planned
/service-areas/oceano-ca/crawl-space-encapsulation/,service-area-service,"Crawl Space Encapsulation in Oceano, CA | Coastal Restoration Services Inc",Crawl Space Encapsulation in Oceano,"Crawl space encapsulation in Oceano, CA. IICRC-certified, insurance billing accepted. Call (805) 345-7440.",crawl space encapsulation oceano,,local_specialty,,,900,hero|og|inline-1|inline-2,service|local-business|faq|breadcrumb-list,/services/crawl-space-encapsulation/|/service-areas/oceano-ca/|/service-areas/oceano-ca/fire-damage-restoration/|/service-areas/oceano-ca/mold-remediation/|/service-areas/arroyo-grande-ca/crawl-space-encapsulation/|/service-areas/atascadero-ca/crawl-space-encapsulation/|/contact/,3.50,planned
/service-areas/orcutt-ca/contents-restoration/,service-area-service,"Contents Restoration and Storage in Orcutt, CA | Coastal Restoration Services Inc",Contents Restoration and Storage in Orcutt,"Contents restoration and storage in Orcutt, CA. IICRC-certified, insurance billing accepted. Call (805) 345-7440.",contents restoration and storage orcutt,contents pack-out|contents cleaning|belongings restoration|furniture restoration after fire|contents storage,local_service,,,900,hero|og|inline-1|inline-2,service|local-business|faq|breadcrumb-list,/services/contents-restoration/|/service-areas/orcutt-ca/|/service-areas/orcutt-ca/fire-damage-restoration/|/service-areas/orcutt-ca/mold-remediation/|/service-areas/arroyo-grande-ca/contents-restoration/|/service-areas/atascadero-ca/contents-restoration/|/contact/,3.50,planned
/service-areas/orcutt-ca/crawl-space-encapsulation/,service-area-service,"Crawl Space Encapsulation in Orcutt, CA | Coastal Restoration Services Inc",Crawl Space Encapsulation in Orcutt,"Crawl space encapsulation in Orcutt, CA. IICRC-certified, insurance billing accepted. Call (805) 345-7440.",crawl space encapsulation orcutt,,local_specialty,,,900,hero|og|inline-1|inline-2,service|local-business|faq|breadcrumb-list,/services/crawl-space-encapsulation/|/service-areas/orcutt-ca/|/service-areas/orcutt-ca/fire-damage-restoration/|/service-areas/orcutt-ca/mold-remediation/|/service-areas/arroyo-grande-ca/crawl-space-encapsulation/|/service-areas/atascadero-ca/crawl-space-encapsulation/|/contact/,3.50,planned
/service-areas/pismo-beach-ca/contents-restoration/,service-area-service,"Contents Restoration and Storage in Pismo Beach, CA | Coastal Restoration Services Inc",Contents Restoration and Storage in Pismo Beach,"Contents restoration and storage in Pismo Beach, CA. IICRC-certified, insurance billing accepted. Call (805) 345-7440.",contents restoration and storage pismo beach,contents pack-out|contents cleaning|belongings restoration|furniture restoration after fire|contents storage,local_service,,,900,hero|og|inline-1|inline-2,service|local-business|faq|breadcrumb-list,/services/contents-restoration/|/service-areas/pismo-beach-ca/|/service-areas/pismo-beach-ca/fire-damage-restoration/|/service-areas/pismo-beach-ca/mold-remediation/|/service-areas/arroyo-grande-ca/contents-restoration/|/service-areas/atascadero-ca/contents-restoration/|/contact/,3.50,planned
/service-areas/pismo-beach-ca/crawl-space-encapsulation/,service-area-service,"Crawl Space Encapsulation in Pismo Beach, CA | Coastal Restoration Services Inc",Crawl Space Encapsulation in Pismo Beach,"Crawl space encapsulation in Pismo Beach, CA. IICRC-certified, insurance billing accepted. Call (805) 345-7440.",crawl space encapsulation pismo beach,,local_specialty,,,900,hero|og|inline-1|inline-2,service|local-business|faq|breadcrumb-list,/services/crawl-space-encapsulation/|/service-areas/pismo-beach-ca/|/service-areas/pismo-beach-ca/fire-damage-restoration/|/service-areas/pismo-beach-ca/mold-remediation/|/service-areas/arroyo-grande-ca/crawl-space-encapsulation/|/service-areas/atascadero-ca/crawl-space-encapsulation/|/contact/,3.50,planned
/service-areas/san-luis-obispo-ca/contents-restoration/,service-area-service,"Contents Restoration and Storage in San Luis Obispo, CA | Coastal Restoration Services Inc",Contents Restoration and Storage in San Luis Obispo,"Contents restoration and storage in San Luis Obispo, CA. IICRC-certified, insurance billing accepted. Call (805) 345-7440.",contents restoration and storage san luis obispo,contents pack-out|contents cleaning|belongings restoration|furniture restoration after fire|contents storage,local_service,,,900,hero|og|inline-1|inline-2,service|local-business|faq|breadcrumb-list,/services/contents-restoration/|/service-areas/san-luis-obispo-ca/|/service-areas/san-luis-obispo-ca/fire-damage-restoration/|/service-areas/san-luis-obispo-ca/mold-remediation/|/service-areas/arroyo-grande-ca/contents-restoration/|/service-areas/atascadero-ca/contents-restoration/|/contact/,3.50,planned
/service-areas/san-luis-obispo-ca/crawl-space-encapsulation/,service-area-service,"Crawl Space Encapsulation in San Luis Obispo, CA | Coastal Restoration Services Inc",Crawl Space Encapsulation in San Luis Obispo,"Crawl space encapsulation in San Luis Obispo, CA. IICRC-certified, insurance billing accepted. Call (805) 345-7440.",crawl space encapsulation san luis obispo,,local_specialty,,,900,hero|og|inline-1|inline-2,service|local-business|faq|breadcrumb-list,/services/crawl-space-encapsulation/|/service-areas/san-luis-obispo-ca/|/service-areas/san-luis-obispo-ca/fire-damage-restoration/|/service-areas/san-luis-obispo-ca/mold-remediation/|/service-areas/arroyo-grande-ca/crawl-space-encapsulation/|/service-areas/atascadero-ca/crawl-space-encapsulation/|/contact/,3.50,planned
/service-areas/santa-margarita-ca/contents-restoration/,service-area-service,"Contents Restoration and Storage in Santa Margarita, CA | Coastal Restoration Services Inc",Contents Restoration and Storage in Santa Margarita,"Contents restoration and storage in Santa Margarita, CA. IICRC-certified, insurance billing accepted. Call (805) 345-7440.",contents restoration and storage santa margarita,contents pack-out|contents cleaning|belongings restoration|furniture restoration after fire|contents storage,local_service,,,900,hero|og|inline-1|inline-2,service|local-business|faq|breadcrumb-list,/services/contents-restoration/|/service-areas/santa-margarita-ca/|/service-areas/santa-margarita-ca/fire-damage-restoration/|/service-areas/santa-margarita-ca/mold-remediation/|/service-areas/arroyo-grande-ca/contents-restoration/|/service-areas/atascadero-ca/contents-restoration/|/contact/,3.50,planned
/service-areas/santa-margarita-ca/crawl-space-encapsulation/,service-area-service,"Crawl Space Encapsulation in Santa Margarita, CA | Coastal Restoration Services Inc",Crawl Space Encapsulation in Santa Margarita,"Crawl space encapsulation in Santa Margarita, CA. IICRC-certified, insurance billing accepted. Call (805) 345-7440.",crawl space encapsulation santa margarita,,local_specialty,,,900,hero|og|inline-1|inline-2,service|local-business|faq|breadcrumb-list,/services/crawl-space-encapsulation/|/service-areas/santa-margarita-ca/|/service-areas/santa-margarita-ca/fire-damage-restoration/|/service-areas/santa-margarita-ca/mold-remediation/|/service-areas/arroyo-grande-ca/crawl-space-encapsulation/|/service-areas/atascadero-ca/crawl-space-encapsulation/|/contact/,3.50,planned
/service-areas/santa-ynez-ca/contents-restoration/,service-area-service,"Contents Restoration and Storage in Santa Ynez, CA | Coastal Restoration Services Inc",Contents Restoration and Storage in Santa Ynez,"Contents restoration and storage in Santa Ynez, CA. IICRC-certified, insurance billing accepted. Call (805) 345-7440.",contents restoration and storage santa ynez,contents pack-out|contents cleaning|belongings restoration|furniture restoration after fire|contents storage,local_service,,,900,hero|og|inline-1|inline-2,service|local-business|faq|breadcrumb-list,/services/contents-restoration/|/service-areas/santa-ynez-ca/|/service-areas/santa-ynez-ca/fire-damage-restoration/|/service-areas/santa-ynez-ca/mold-remediation/|/service-areas/arroyo-grande-ca/contents-restoration/|/service-areas/atascadero-ca/contents-restoration/|/contact/,3.50,planned
/service-areas/santa-ynez-ca/crawl-space-encapsulation/,service-area-service,"Crawl Space Encapsulation in Santa Ynez, CA | Coastal Restoration Services Inc",Crawl Space Encapsulation in Santa Ynez,"Crawl space encapsulation in Santa Ynez, CA. IICRC-certified, insurance billing accepted. Call (805) 345-7440.",crawl space encapsulation santa ynez,,local_specialty,,,900,hero|og|inline-1|inline-2,service|local-business|faq|breadcrumb-list,/services/crawl-space-encapsulation/|/service-areas/santa-ynez-ca/|/service-areas/santa-ynez-ca/fire-damage-restoration/|/service-areas/santa-ynez-ca/mold-remediation/|/service-areas/arroyo-grande-ca/crawl-space-encapsulation/|/service-areas/atascadero-ca/crawl-space-encapsulation/|/contact/,3.50,planned
/service-areas/solvang-ca/contents-restoration/,service-area-service,"Contents Restoration and Storage in Solvang, CA | Coastal Restoration Services Inc",Contents Restoration and Storage in Solvang,"Contents restoration and storage in Solvang, CA. IICRC-certified, insurance billing accepted. Call (805) 345-7440.",contents restoration and storage solvang,contents pack-out|contents cleaning|belongings restoration|furniture restoration after fire|contents storage,local_service,,,900,hero|og|inline-1|inline-2,service|local-business|faq|breadcrumb-list,/services/contents-restoration/|/service-areas/solvang-ca/|/service-areas/solvang-ca/fire-damage-restoration/|/service-areas/solvang-ca/mold-remediation/|/service-areas/arroyo-grande-ca/contents-restoration/|/service-areas/atascadero-ca/contents-restoration/|/contact/,3.50,planned
/service-areas/solvang-ca/crawl-space-encapsulation/,service-area-service,"Crawl Space Encapsulation in Solvang, CA | Coastal Restoration Services Inc",Crawl Space Encapsulation in Solvang,"Crawl space encapsulation in Solvang, CA. IICRC-certified, insurance billing accepted. Call (805) 345-7440.",crawl space encapsulation solvang,,local_specialty,,,900,hero|og|inline-1|inline-2,service|local-business|faq|breadcrumb-list,/services/crawl-space-encapsulation/|/service-areas/solvang-ca/|/service-areas/solvang-ca/fire-damage-restoration/|/service-areas/solvang-ca/mold-remediation/|/service-areas/arroyo-grande-ca/crawl-space-encapsulation/|/service-areas/atascadero-ca/crawl-space-encapsulation/|/contact/,3.50,planned
/service-areas/templeton-ca/contents-restoration/,service-area-service,"Contents Restoration and Storage in Templeton, CA | Coastal Restoration Services Inc",Contents Restoration and Storage in Templeton,"Contents restoration and storage in Templeton, CA. IICRC-certified, insurance billing accepted. Call (805) 345-7440.",contents restoration and storage templeton,contents pack-out|contents cleaning|belongings restoration|furniture restoration after fire|contents storage,local_service,,,900,hero|og|inline-1|inline-2,service|local-business|faq|breadcrumb-list,/services/contents-restoration/|/service-areas/templeton-ca/|/service-areas/templeton-ca/fire-damage-restoration/|/service-areas/templeton-ca/mold-remediation/|/service-areas/arroyo-grande-ca/contents-restoration/|/service-areas/atascadero-ca/contents-restoration/|/contact/,3.50,planned
/service-areas/templeton-ca/crawl-space-encapsulation/,service-area-service,"Crawl Space Encapsulation in Templeton, CA | Coastal Restoration Services Inc",Crawl Space Encapsulation in Templeton,"Crawl space encapsulation in Templeton, CA. IICRC-certified, insurance billing accepted. Call (805) 345-7440.",crawl space encapsulation templeton,,local_specialty,,,900,hero|og|inline-1|inline-2,service|local-business|faq|breadcrumb-list,/services/crawl-space-encapsulation/|/service-areas/templeton-ca/|/service-areas/templeton-ca/fire-damage-restoration/|/service-areas/templeton-ca/mold-remediation/|/service-areas/arroyo-grande-ca/crawl-space-encapsulation/|/service-areas/atascadero-ca/crawl-space-encapsulation/|/contact/,3.50,planned
/service-areas/vandenberg-afb-ca/contents-restoration/,service-area-service,"Contents Restoration and Storage in Vandenberg AFB, CA | Coastal Restoration Services Inc",Contents Restoration and Storage in Vandenberg AFB,"Contents restoration and storage in Vandenberg AFB, CA. IICRC-certified, insurance billing accepted. Call (805) 345-7440.",contents restoration and storage vandenberg afb,contents pack-out|contents cleaning|belongings restoration|furniture restoration after fire|contents storage,local_service,,,900,hero|og|inline-1|inline-2,service|local-business|faq|breadcrumb-list,/services/contents-restoration/|/service-areas/vandenberg-afb-ca/|/service-areas/vandenberg-afb-ca/fire-damage-restoration/|/service-areas/vandenberg-afb-ca/mold-remediation/|/service-areas/arroyo-grande-ca/contents-restoration/|/service-areas/atascadero-ca/contents-restoration/|/contact/,3.50,planned
/service-areas/vandenberg-afb-ca/crawl-space-encapsulation/,service-area-service,"Crawl Space Encapsulation in Vandenberg AFB, CA | Coastal Restoration Services Inc",Crawl Space Encapsulation in Vandenberg AFB,"Crawl space encapsulation in Vandenberg AFB, CA. IICRC-certified, insurance billing accepted. Call (805) 345-7440.",crawl space encapsulation vandenberg afb,,local_specialty,,,900,hero|og|inline-1|inline-2,service|local-business|faq|breadcrumb-list,/services/crawl-space-encapsulation/|/service-areas/vandenberg-afb-ca/|/service-areas/vandenberg-afb-ca/fire-damage-restoration/|/service-areas/vandenberg-afb-ca/mold-remediation/|/service-areas/arroyo-grande-ca/crawl-space-encapsulation/|/service-areas/atascadero-ca/crawl-space-encapsulation/|/contact/,3.50,planned
/service-areas/vandenberg-village-ca/contents-restoration/,service-area-service,"Contents Restoration and Storage in Vandenberg Village, CA | Coastal Restoration Services Inc",Contents Restoration and Storage in Vandenberg Village,"Contents restoration and storage in Vandenberg Village, CA. IICRC-certified, insurance billing accepted. Call (805) 345-7440.",contents restoration and storage vandenberg village,contents pack-out|contents cleaning|belongings restoration|furniture restoration after fire|contents storage,local_service,,,900,hero|og|inline-1|inline-2,service|local-business|faq|breadcrumb-list,/services/contents-restoration/|/service-areas/vandenberg-village-ca/|/service-areas/vandenberg-village-ca/fire-damage-restoration/|/service-areas/vandenberg-village-ca/mold-remediation/|/service-areas/arroyo-grande-ca/contents-restoration/|/service-areas/atascadero-ca/contents-restoration/|/contact/,3.50,planned
/service-areas/vandenberg-village-ca/crawl-space-encapsulation/,service-area-service,"Crawl Space Encapsulation in Vandenberg Village, CA | Coastal Restoration Services Inc",Crawl Space Encapsulation in Vandenberg Village,"Crawl space encapsulation in Vandenberg Village, CA. IICRC-certified, insurance billing accepted. Call (805) 345-7440.",crawl space encapsulation vandenberg village,,local_specialty,,,900,hero|og|inline-1|inline-2,service|local-business|faq|breadcrumb-list,/services/crawl-space-encapsulation/|/service-areas/vandenberg-village-ca/|/service-areas/vandenberg-village-ca/fire-damage-restoration/|/service-areas/vandenberg-village-ca/mold-remediation/|/service-areas/arroyo-grande-ca/crawl-space-encapsulation/|/service-areas/atascadero-ca/crawl-space-encapsulation/|/contact/,3.50,planned
/blog/,blog-index,Restoration Blog | Coastal Restoration Services Inc,Restoration Resources and Insights,"Guides, checklists, and explainers from Coastal Restoration Services Inc on water, fire, mold, and storm damage restoration.",restoration blog santa maria,restoration guides|damage restoration tips|restoration insights,informational_browse,,,300,hero|og,website|breadcrumb-list,/|/blog/burst-pipe-emergency-checklist/|/blog/what-to-do-first-24-hours-water-damage/|/blog/choosing-a-restoration-company/|/blog/does-homeowners-insurance-cover-water-damage/|/blog/fire-damage-restoration-process/|/blog/how-to-test-for-mold/|/blog/signs-of-hidden-mold/|/blog/black-mold-vs-regular-mold/,3.00,planned
/service-areas/arroyo-grande-ca/post-construction-cleaning/,service-area-service,"Post-Construction and Specialty Cleaning in Arroyo Grande, CA | Coastal Restoration Services Inc",Post-Construction and Specialty Cleaning in Arroyo Grande,"Post-construction and specialty cleaning in Arroyo Grande, CA. IICRC-certified, insurance billing accepted. Call (805) 345-7440.",post-construction and specialty cleaning arroyo grande,post construction cleanup|construction debris cleaning|final clean|deep cleaning after renovation,local_service,,,900,hero|og|inline-1|inline-2,service|local-business|faq|breadcrumb-list,/services/post-construction-cleaning/|/service-areas/arroyo-grande-ca/|/service-areas/arroyo-grande-ca/fire-damage-restoration/|/service-areas/arroyo-grande-ca/mold-remediation/|/service-areas/atascadero-ca/post-construction-cleaning/|/service-areas/avila-beach-ca/post-construction-cleaning/|/contact/,2.80,planned
/service-areas/atascadero-ca/post-construction-cleaning/,service-area-service,"Post-Construction and Specialty Cleaning in Atascadero, CA | Coastal Restoration Services Inc",Post-Construction and Specialty Cleaning in Atascadero,"Post-construction and specialty cleaning in Atascadero, CA. IICRC-certified, insurance billing accepted. Call (805) 345-7440.",post-construction and specialty cleaning atascadero,post construction cleanup|construction debris cleaning|final clean|deep cleaning after renovation,local_service,,,900,hero|og|inline-1|inline-2,service|local-business|faq|breadcrumb-list,/services/post-construction-cleaning/|/service-areas/atascadero-ca/|/service-areas/atascadero-ca/fire-damage-restoration/|/service-areas/atascadero-ca/mold-remediation/|/service-areas/arroyo-grande-ca/post-construction-cleaning/|/service-areas/avila-beach-ca/post-construction-cleaning/|/contact/,2.80,planned
/service-areas/avila-beach-ca/post-construction-cleaning/,service-area-service,"Post-Construction and Specialty Cleaning in Avila Beach, CA | Coastal Restoration Services Inc",Post-Construction and Specialty Cleaning in Avila Beach,"Post-construction and specialty cleaning in Avila Beach, CA. IICRC-certified, insurance billing accepted. Call (805) 345-7440.",post-construction and specialty cleaning avila beach,post construction cleanup|construction debris cleaning|final clean|deep cleaning after renovation,local_service,,,900,hero|og|inline-1|inline-2,service|local-business|faq|breadcrumb-list,/services/post-construction-cleaning/|/service-areas/avila-beach-ca/|/service-areas/avila-beach-ca/fire-damage-restoration/|/service-areas/avila-beach-ca/mold-remediation/|/service-areas/arroyo-grande-ca/post-construction-cleaning/|/service-areas/atascadero-ca/post-construction-cleaning/|/contact/,2.80,planned
/service-areas/ballard-ca/post-construction-cleaning/,service-area-service,"Post-Construction and Specialty Cleaning in Ballard, CA | Coastal Restoration Services Inc",Post-Construction and Specialty Cleaning in Ballard,"Post-construction and specialty cleaning in Ballard, CA. IICRC-certified, insurance billing accepted. Call (805) 345-7440.",post-construction and specialty cleaning ballard,post construction cleanup|construction debris cleaning|final clean|deep cleaning after renovation,local_service,,,900,hero|og|inline-1|inline-2,service|local-business|faq|breadcrumb-list,/services/post-construction-cleaning/|/service-areas/ballard-ca/|/service-areas/ballard-ca/fire-damage-restoration/|/service-areas/ballard-ca/mold-remediation/|/service-areas/arroyo-grande-ca/post-construction-cleaning/|/service-areas/atascadero-ca/post-construction-cleaning/|/contact/,2.80,planned
/service-areas/blacklake-ca/post-construction-cleaning/,service-area-service,"Post-Construction and Specialty Cleaning in Blacklake, CA | Coastal Restoration Services Inc",Post-Construction and Specialty Cleaning in Blacklake,"Post-construction and specialty cleaning in Blacklake, CA. IICRC-certified, insurance billing accepted. Call (805) 345-7440.",post-construction and specialty cleaning blacklake,post construction cleanup|construction debris cleaning|final clean|deep cleaning after renovation,local_service,,,900,hero|og|inline-1|inline-2,service|local-business|faq|breadcrumb-list,/services/post-construction-cleaning/|/service-areas/blacklake-ca/|/service-areas/blacklake-ca/fire-damage-restoration/|/service-areas/blacklake-ca/mold-remediation/|/service-areas/arroyo-grande-ca/post-construction-cleaning/|/service-areas/atascadero-ca/post-construction-cleaning/|/contact/,2.80,planned
/service-areas/buellton-ca/post-construction-cleaning/,service-area-service,"Post-Construction and Specialty Cleaning in Buellton, CA | Coastal Restoration Services Inc",Post-Construction and Specialty Cleaning in Buellton,"Post-construction and specialty cleaning in Buellton, CA. IICRC-certified, insurance billing accepted. Call (805) 345-7440.",post-construction and specialty cleaning buellton,post construction cleanup|construction debris cleaning|final clean|deep cleaning after renovation,local_service,,,900,hero|og|inline-1|inline-2,service|local-business|faq|breadcrumb-list,/services/post-construction-cleaning/|/service-areas/buellton-ca/|/service-areas/buellton-ca/fire-damage-restoration/|/service-areas/buellton-ca/mold-remediation/|/service-areas/arroyo-grande-ca/post-construction-cleaning/|/service-areas/atascadero-ca/post-construction-cleaning/|/contact/,2.80,planned
/service-areas/callender-ca/post-construction-cleaning/,service-area-service,"Post-Construction and Specialty Cleaning in Callender, CA | Coastal Restoration Services Inc",Post-Construction and Specialty Cleaning in Callender,"Post-construction and specialty cleaning in Callender, CA. IICRC-certified, insurance billing accepted. Call (805) 345-7440.",post-construction and specialty cleaning callender,post construction cleanup|construction debris cleaning|final clean|deep cleaning after renovation,local_service,,,900,hero|og|inline-1|inline-2,service|local-business|faq|breadcrumb-list,/services/post-construction-cleaning/|/service-areas/callender-ca/|/service-areas/callender-ca/fire-damage-restoration/|/service-areas/callender-ca/mold-remediation/|/service-areas/arroyo-grande-ca/post-construction-cleaning/|/service-areas/atascadero-ca/post-construction-cleaning/|/contact/,2.80,planned
/service-areas/cambria-ca/post-construction-cleaning/,service-area-service,"Post-Construction and Specialty Cleaning in Cambria, CA | Coastal Restoration Services Inc",Post-Construction and Specialty Cleaning in Cambria,"Post-construction and specialty cleaning in Cambria, CA. IICRC-certified, insurance billing accepted. Call (805) 345-7440.",post-construction and specialty cleaning cambria,post construction cleanup|construction debris cleaning|final clean|deep cleaning after renovation,local_service,,,900,hero|og|inline-1|inline-2,service|local-business|faq|breadcrumb-list,/services/post-construction-cleaning/|/service-areas/cambria-ca/|/service-areas/cambria-ca/fire-damage-restoration/|/service-areas/cambria-ca/mold-remediation/|/service-areas/arroyo-grande-ca/post-construction-cleaning/|/service-areas/atascadero-ca/post-construction-cleaning/|/contact/,2.80,planned
/service-areas/edna-ca/post-construction-cleaning/,service-area-service,"Post-Construction and Specialty Cleaning in Edna, CA | Coastal Restoration Services Inc",Post-Construction and Specialty Cleaning in Edna,"Post-construction and specialty cleaning in Edna, CA. IICRC-certified, insurance billing accepted. Call (805) 345-7440.",post-construction and specialty cleaning edna,post construction cleanup|construction debris cleaning|final clean|deep cleaning after renovation,local_service,,,900,hero|og|inline-1|inline-2,service|local-business|faq|breadcrumb-list,/services/post-construction-cleaning/|/service-areas/edna-ca/|/service-areas/edna-ca/fire-damage-restoration/|/service-areas/edna-ca/mold-remediation/|/service-areas/arroyo-grande-ca/post-construction-cleaning/|/service-areas/atascadero-ca/post-construction-cleaning/|/contact/,2.80,planned
/service-areas/el-paso-de-robles-ca/post-construction-cleaning/,service-area-service,"Post-Construction and Specialty Cleaning in El Paso de Robles, CA | Coastal Restoration Services Inc",Post-Construction and Specialty Cleaning in El Paso de Robles,"Post-construction and specialty cleaning in El Paso de Robles, CA. IICRC-certified, insurance billing accepted. Call (805) 345-7440.",post-construction and specialty cleaning el paso de robles,post construction cleanup|construction debris cleaning|final clean|deep cleaning after renovation,local_service,,,900,hero|og|inline-1|inline-2,service|local-business|faq|breadcrumb-list,/services/post-construction-cleaning/|/service-areas/el-paso-de-robles-ca/|/service-areas/el-paso-de-robles-ca/fire-damage-restoration/|/service-areas/el-paso-de-robles-ca/mold-remediation/|/service-areas/arroyo-grande-ca/post-construction-cleaning/|/service-areas/atascadero-ca/post-construction-cleaning/|/contact/,2.80,planned
/service-areas/grover-beach-ca/post-construction-cleaning/,service-area-service,"Post-Construction and Specialty Cleaning in Grover Beach, CA | Coastal Restoration Services Inc",Post-Construction and Specialty Cleaning in Grover Beach,"Post-construction and specialty cleaning in Grover Beach, CA. IICRC-certified, insurance billing accepted. Call (805) 345-7440.",post-construction and specialty cleaning grover beach,post construction cleanup|construction debris cleaning|final clean|deep cleaning after renovation,local_service,,,900,hero|og|inline-1|inline-2,service|local-business|faq|breadcrumb-list,/services/post-construction-cleaning/|/service-areas/grover-beach-ca/|/service-areas/grover-beach-ca/fire-damage-restoration/|/service-areas/grover-beach-ca/mold-remediation/|/service-areas/arroyo-grande-ca/post-construction-cleaning/|/service-areas/atascadero-ca/post-construction-cleaning/|/contact/,2.80,planned
/service-areas/guadalupe-ca/post-construction-cleaning/,service-area-service,"Post-Construction and Specialty Cleaning in Guadalupe, CA | Coastal Restoration Services Inc",Post-Construction and Specialty Cleaning in Guadalupe,"Post-construction and specialty cleaning in Guadalupe, CA. IICRC-certified, insurance billing accepted. Call (805) 345-7440.",post-construction and specialty cleaning guadalupe,post construction cleanup|construction debris cleaning|final clean|deep cleaning after renovation,local_service,,,900,hero|og|inline-1|inline-2,service|local-business|faq|breadcrumb-list,/services/post-construction-cleaning/|/service-areas/guadalupe-ca/|/service-areas/guadalupe-ca/fire-damage-restoration/|/service-areas/guadalupe-ca/mold-remediation/|/service-areas/arroyo-grande-ca/post-construction-cleaning/|/service-areas/atascadero-ca/post-construction-cleaning/|/contact/,2.80,planned
/service-areas/lompoc-ca/post-construction-cleaning/,service-area-service,"Post-Construction and Specialty Cleaning in Lompoc, CA | Coastal Restoration Services Inc",Post-Construction and Specialty Cleaning in Lompoc,"Post-construction and specialty cleaning in Lompoc, CA. IICRC-certified, insurance billing accepted. Call (805) 345-7440.",post-construction and specialty cleaning lompoc,post construction cleanup|construction debris cleaning|final clean|deep cleaning after renovation,local_service,,,900,hero|og|inline-1|inline-2,service|local-business|faq|breadcrumb-list,/services/post-construction-cleaning/|/service-areas/lompoc-ca/|/service-areas/lompoc-ca/fire-damage-restoration/|/service-areas/lompoc-ca/mold-remediation/|/service-areas/arroyo-grande-ca/post-construction-cleaning/|/service-areas/atascadero-ca/post-construction-cleaning/|/contact/,2.80,planned
/service-areas/los-alamos-ca/post-construction-cleaning/,service-area-service,"Post-Construction and Specialty Cleaning in Los Alamos, CA | Coastal Restoration Services Inc",Post-Construction and Specialty Cleaning in Los Alamos,"Post-construction and specialty cleaning in Los Alamos, CA. IICRC-certified, insurance billing accepted. Call (805) 345-7440.",post-construction and specialty cleaning los alamos,post construction cleanup|construction debris cleaning|final clean|deep cleaning after renovation,local_service,,,900,hero|og|inline-1|inline-2,service|local-business|faq|breadcrumb-list,/services/post-construction-cleaning/|/service-areas/los-alamos-ca/|/service-areas/los-alamos-ca/fire-damage-restoration/|/service-areas/los-alamos-ca/mold-remediation/|/service-areas/arroyo-grande-ca/post-construction-cleaning/|/service-areas/atascadero-ca/post-construction-cleaning/|/contact/,2.80,planned
/service-areas/los-berros-ca/post-construction-cleaning/,service-area-service,"Post-Construction and Specialty Cleaning in Los Berros, CA | Coastal Restoration Services Inc",Post-Construction and Specialty Cleaning in Los Berros,"Post-construction and specialty cleaning in Los Berros, CA. IICRC-certified, insurance billing accepted. Call (805) 345-7440.",post-construction and specialty cleaning los berros,post construction cleanup|construction debris cleaning|final clean|deep cleaning after renovation,local_service,,,900,hero|og|inline-1|inline-2,service|local-business|faq|breadcrumb-list,/services/post-construction-cleaning/|/service-areas/los-berros-ca/|/service-areas/los-berros-ca/fire-damage-restoration/|/service-areas/los-berros-ca/mold-remediation/|/service-areas/arroyo-grande-ca/post-construction-cleaning/|/service-areas/atascadero-ca/post-construction-cleaning/|/contact/,2.80,planned
/service-areas/los-olivos-ca/post-construction-cleaning/,service-area-service,"Post-Construction and Specialty Cleaning in Los Olivos, CA | Coastal Restoration Services Inc",Post-Construction and Specialty Cleaning in Los Olivos,"Post-construction and specialty cleaning in Los Olivos, CA. IICRC-certified, insurance billing accepted. Call (805) 345-7440.",post-construction and specialty cleaning los olivos,post construction cleanup|construction debris cleaning|final clean|deep cleaning after renovation,local_service,,,900,hero|og|inline-1|inline-2,service|local-business|faq|breadcrumb-list,/services/post-construction-cleaning/|/service-areas/los-olivos-ca/|/service-areas/los-olivos-ca/fire-damage-restoration/|/service-areas/los-olivos-ca/mold-remediation/|/service-areas/arroyo-grande-ca/post-construction-cleaning/|/service-areas/atascadero-ca/post-construction-cleaning/|/contact/,2.80,planned
/service-areas/los-osos-ca/post-construction-cleaning/,service-area-service,"Post-Construction and Specialty Cleaning in Los Osos, CA | Coastal Restoration Services Inc",Post-Construction and Specialty Cleaning in Los Osos,"Post-construction and specialty cleaning in Los Osos, CA. IICRC-certified, insurance billing accepted. Call (805) 345-7440.",post-construction and specialty cleaning los osos,post construction cleanup|construction debris cleaning|final clean|deep cleaning after renovation,local_service,,,900,hero|og|inline-1|inline-2,service|local-business|faq|breadcrumb-list,/services/post-construction-cleaning/|/service-areas/los-osos-ca/|/service-areas/los-osos-ca/fire-damage-restoration/|/service-areas/los-osos-ca/mold-remediation/|/service-areas/arroyo-grande-ca/post-construction-cleaning/|/service-areas/atascadero-ca/post-construction-cleaning/|/contact/,2.80,planned
/service-areas/mission-hills-ca/post-construction-cleaning/,service-area-service,"Post-Construction and Specialty Cleaning in Mission Hills, CA | Coastal Restoration Services Inc",Post-Construction and Specialty Cleaning in Mission Hills,"Post-construction and specialty cleaning in Mission Hills, CA. IICRC-certified, insurance billing accepted. Call (805) 345-7440.",post-construction and specialty cleaning mission hills,post construction cleanup|construction debris cleaning|final clean|deep cleaning after renovation,local_service,,,900,hero|og|inline-1|inline-2,service|local-business|faq|breadcrumb-list,/services/post-construction-cleaning/|/service-areas/mission-hills-ca/|/service-areas/mission-hills-ca/fire-damage-restoration/|/service-areas/mission-hills-ca/mold-remediation/|/service-areas/arroyo-grande-ca/post-construction-cleaning/|/service-areas/atascadero-ca/post-construction-cleaning/|/contact/,2.80,planned
/service-areas/morro-bay-ca/post-construction-cleaning/,service-area-service,"Post-Construction and Specialty Cleaning in Morro Bay, CA | Coastal Restoration Services Inc",Post-Construction and Specialty Cleaning in Morro Bay,"Post-construction and specialty cleaning in Morro Bay, CA. IICRC-certified, insurance billing accepted. Call (805) 345-7440.",post-construction and specialty cleaning morro bay,post construction cleanup|construction debris cleaning|final clean|deep cleaning after renovation,local_service,,,900,hero|og|inline-1|inline-2,service|local-business|faq|breadcrumb-list,/services/post-construction-cleaning/|/service-areas/morro-bay-ca/|/service-areas/morro-bay-ca/fire-damage-restoration/|/service-areas/morro-bay-ca/mold-remediation/|/service-areas/arroyo-grande-ca/post-construction-cleaning/|/service-areas/atascadero-ca/post-construction-cleaning/|/contact/,2.80,planned
/service-areas/nipomo-ca/post-construction-cleaning/,service-area-service,"Post-Construction and Specialty Cleaning in Nipomo, CA | Coastal Restoration Services Inc",Post-Construction and Specialty Cleaning in Nipomo,"Post-construction and specialty cleaning in Nipomo, CA. IICRC-certified, insurance billing accepted. Call (805) 345-7440.",post-construction and specialty cleaning nipomo,post construction cleanup|construction debris cleaning|final clean|deep cleaning after renovation,local_service,,,900,hero|og|inline-1|inline-2,service|local-business|faq|breadcrumb-list,/services/post-construction-cleaning/|/service-areas/nipomo-ca/|/service-areas/nipomo-ca/fire-damage-restoration/|/service-areas/nipomo-ca/mold-remediation/|/service-areas/arroyo-grande-ca/post-construction-cleaning/|/service-areas/atascadero-ca/post-construction-cleaning/|/contact/,2.80,planned
/service-areas/oceano-ca/post-construction-cleaning/,service-area-service,"Post-Construction and Specialty Cleaning in Oceano, CA | Coastal Restoration Services Inc",Post-Construction and Specialty Cleaning in Oceano,"Post-construction and specialty cleaning in Oceano, CA. IICRC-certified, insurance billing accepted. Call (805) 345-7440.",post-construction and specialty cleaning oceano,post construction cleanup|construction debris cleaning|final clean|deep cleaning after renovation,local_service,,,900,hero|og|inline-1|inline-2,service|local-business|faq|breadcrumb-list,/services/post-construction-cleaning/|/service-areas/oceano-ca/|/service-areas/oceano-ca/fire-damage-restoration/|/service-areas/oceano-ca/mold-remediation/|/service-areas/arroyo-grande-ca/post-construction-cleaning/|/service-areas/atascadero-ca/post-construction-cleaning/|/contact/,2.80,planned
/service-areas/orcutt-ca/post-construction-cleaning/,service-area-service,"Post-Construction and Specialty Cleaning in Orcutt, CA | Coastal Restoration Services Inc",Post-Construction and Specialty Cleaning in Orcutt,"Post-construction and specialty cleaning in Orcutt, CA. IICRC-certified, insurance billing accepted. Call (805) 345-7440.",post-construction and specialty cleaning orcutt,post construction cleanup|construction debris cleaning|final clean|deep cleaning after renovation,local_service,,,900,hero|og|inline-1|inline-2,service|local-business|faq|breadcrumb-list,/services/post-construction-cleaning/|/service-areas/orcutt-ca/|/service-areas/orcutt-ca/fire-damage-restoration/|/service-areas/orcutt-ca/mold-remediation/|/service-areas/arroyo-grande-ca/post-construction-cleaning/|/service-areas/atascadero-ca/post-construction-cleaning/|/contact/,2.80,planned
/service-areas/pismo-beach-ca/post-construction-cleaning/,service-area-service,"Post-Construction and Specialty Cleaning in Pismo Beach, CA | Coastal Restoration Services Inc",Post-Construction and Specialty Cleaning in Pismo Beach,"Post-construction and specialty cleaning in Pismo Beach, CA. IICRC-certified, insurance billing accepted. Call (805) 345-7440.",post-construction and specialty cleaning pismo beach,post construction cleanup|construction debris cleaning|final clean|deep cleaning after renovation,local_service,,,900,hero|og|inline-1|inline-2,service|local-business|faq|breadcrumb-list,/services/post-construction-cleaning/|/service-areas/pismo-beach-ca/|/service-areas/pismo-beach-ca/fire-damage-restoration/|/service-areas/pismo-beach-ca/mold-remediation/|/service-areas/arroyo-grande-ca/post-construction-cleaning/|/service-areas/atascadero-ca/post-construction-cleaning/|/contact/,2.80,planned
/service-areas/san-luis-obispo-ca/post-construction-cleaning/,service-area-service,"Post-Construction and Specialty Cleaning in San Luis Obispo, CA | Coastal Restoration Services Inc",Post-Construction and Specialty Cleaning in San Luis Obispo,"Post-construction and specialty cleaning in San Luis Obispo, CA. IICRC-certified, insurance billing accepted. Call (805) 345-7440.",post-construction and specialty cleaning san luis obispo,post construction cleanup|construction debris cleaning|final clean|deep cleaning after renovation,local_service,,,900,hero|og|inline-1|inline-2,service|local-business|faq|breadcrumb-list,/services/post-construction-cleaning/|/service-areas/san-luis-obispo-ca/|/service-areas/san-luis-obispo-ca/fire-damage-restoration/|/service-areas/san-luis-obispo-ca/mold-remediation/|/service-areas/arroyo-grande-ca/post-construction-cleaning/|/service-areas/atascadero-ca/post-construction-cleaning/|/contact/,2.80,planned
/service-areas/santa-margarita-ca/post-construction-cleaning/,service-area-service,"Post-Construction and Specialty Cleaning in Santa Margarita, CA | Coastal Restoration Services Inc",Post-Construction and Specialty Cleaning in Santa Margarita,"Post-construction and specialty cleaning in Santa Margarita, CA. IICRC-certified, insurance billing accepted. Call (805) 345-7440.",post-construction and specialty cleaning santa margarita,post construction cleanup|construction debris cleaning|final clean|deep cleaning after renovation,local_service,,,900,hero|og|inline-1|inline-2,service|local-business|faq|breadcrumb-list,/services/post-construction-cleaning/|/service-areas/santa-margarita-ca/|/service-areas/santa-margarita-ca/fire-damage-restoration/|/service-areas/santa-margarita-ca/mold-remediation/|/service-areas/arroyo-grande-ca/post-construction-cleaning/|/service-areas/atascadero-ca/post-construction-cleaning/|/contact/,2.80,planned
/service-areas/santa-ynez-ca/post-construction-cleaning/,service-area-service,"Post-Construction and Specialty Cleaning in Santa Ynez, CA | Coastal Restoration Services Inc",Post-Construction and Specialty Cleaning in Santa Ynez,"Post-construction and specialty cleaning in Santa Ynez, CA. IICRC-certified, insurance billing accepted. Call (805) 345-7440.",post-construction and specialty cleaning santa ynez,post construction cleanup|construction debris cleaning|final clean|deep cleaning after renovation,local_service,,,900,hero|og|inline-1|inline-2,service|local-business|faq|breadcrumb-list,/services/post-construction-cleaning/|/service-areas/santa-ynez-ca/|/service-areas/santa-ynez-ca/fire-damage-restoration/|/service-areas/santa-ynez-ca/mold-remediation/|/service-areas/arroyo-grande-ca/post-construction-cleaning/|/service-areas/atascadero-ca/post-construction-cleaning/|/contact/,2.80,planned
/service-areas/solvang-ca/post-construction-cleaning/,service-area-service,"Post-Construction and Specialty Cleaning in Solvang, CA | Coastal Restoration Services Inc",Post-Construction and Specialty Cleaning in Solvang,"Post-construction and specialty cleaning in Solvang, CA. IICRC-certified, insurance billing accepted. Call (805) 345-7440.",post-construction and specialty cleaning solvang,post construction cleanup|construction debris cleaning|final clean|deep cleaning after renovation,local_service,,,900,hero|og|inline-1|inline-2,service|local-business|faq|breadcrumb-list,/services/post-construction-cleaning/|/service-areas/solvang-ca/|/service-areas/solvang-ca/fire-damage-restoration/|/service-areas/solvang-ca/mold-remediation/|/service-areas/arroyo-grande-ca/post-construction-cleaning/|/service-areas/atascadero-ca/post-construction-cleaning/|/contact/,2.80,planned
/service-areas/templeton-ca/post-construction-cleaning/,service-area-service,"Post-Construction and Specialty Cleaning in Templeton, CA | Coastal Restoration Services Inc",Post-Construction and Specialty Cleaning in Templeton,"Post-construction and specialty cleaning in Templeton, CA. IICRC-certified, insurance billing accepted. Call (805) 345-7440.",post-construction and specialty cleaning templeton,post construction cleanup|construction debris cleaning|final clean|deep cleaning after renovation,local_service,,,900,hero|og|inline-1|inline-2,service|local-business|faq|breadcrumb-list,/services/post-construction-cleaning/|/service-areas/templeton-ca/|/service-areas/templeton-ca/fire-damage-restoration/|/service-areas/templeton-ca/mold-remediation/|/service-areas/arroyo-grande-ca/post-construction-cleaning/|/service-areas/atascadero-ca/post-construction-cleaning/|/contact/,2.80,planned
/service-areas/vandenberg-afb-ca/post-construction-cleaning/,service-area-service,"Post-Construction and Specialty Cleaning in Vandenberg AFB, CA | Coastal Restoration Services Inc",Post-Construction and Specialty Cleaning in Vandenberg AFB,"Post-construction and specialty cleaning in Vandenberg AFB, CA. IICRC-certified, insurance billing accepted. Call (805) 345-7440.",post-construction and specialty cleaning vandenberg afb,post construction cleanup|construction debris cleaning|final clean|deep cleaning after renovation,local_service,,,900,hero|og|inline-1|inline-2,service|local-business|faq|breadcrumb-list,/services/post-construction-cleaning/|/service-areas/vandenberg-afb-ca/|/service-areas/vandenberg-afb-ca/fire-damage-restoration/|/service-areas/vandenberg-afb-ca/mold-remediation/|/service-areas/arroyo-grande-ca/post-construction-cleaning/|/service-areas/atascadero-ca/post-construction-cleaning/|/contact/,2.80,planned
/service-areas/vandenberg-village-ca/post-construction-cleaning/,service-area-service,"Post-Construction and Specialty Cleaning in Vandenberg Village, CA | Coastal Restoration Services Inc",Post-Construction and Specialty Cleaning in Vandenberg Village,"Post-construction and specialty cleaning in Vandenberg Village, CA. IICRC-certified, insurance billing accepted. Call (805) 345-7440.",post-construction and specialty cleaning vandenberg village,post construction cleanup|construction debris cleaning|final clean|deep cleaning after renovation,local_service,,,900,hero|og|inline-1|inline-2,service|local-business|faq|breadcrumb-list,/services/post-construction-cleaning/|/service-areas/vandenberg-village-ca/|/service-areas/vandenberg-village-ca/fire-damage-restoration/|/service-areas/vandenberg-village-ca/mold-remediation/|/service-areas/arroyo-grande-ca/post-construction-cleaning/|/service-areas/atascadero-ca/post-construction-cleaning/|/contact/,2.80,planned
/about/,about,About Coastal Restoration Services Inc | Santa Maria Restoration Company,About Coastal Restoration Services Inc,"Coastal Restoration Services Inc has served Santa Maria since . Meet our IICRC-certified restoration team. Licensed, insured, locally owned.",coastal restoration services inc santa maria,local restoration company|iicrc certified restoration|licensed restoration contractor,navigational_trust,,,700,hero|og|inline-1,organization|website|local-business|aggregate-rating|breadcrumb-list,/|/services/|/contact/,2.50,planned
/contact/,contact,Contact Coastal Restoration Services Inc | Restoration in Santa Maria,Contact Coastal Restoration Services Inc,Call (805) 345-7440 for restoration services in Santa Maria and surrounding areas. Free estimates. Direct insurance billing.,coastal restoration services inc contact,restoration company contact,navigational_action,,,400,hero|og,organization|website|local-business|breadcrumb-list,/|/services/|/service-areas/,2.50,planned
/accessibility/,legal,Accessibility Statement | Coastal Restoration Services Inc,Accessibility Statement,Accessibility Statement | {brand.display_name}.,coastal restoration services inc accessibility,,navigational_legal,,,400,og,,,1.00,planned
/privacy/,legal,Privacy Policy | Coastal Restoration Services Inc,Privacy Policy,Privacy Policy | {brand.display_name}.,coastal restoration services inc privacy,,navigational_legal,,,600,og,,,1.00,planned
/terms/,legal,Terms of Service | Coastal Restoration Services Inc,Terms of Service,Terms of Service | {brand.display_name}.,coastal restoration services inc terms,,navigational_legal,,,600,og,,,1.00,planned
