url_path,archetype,title,h1,meta_description,primary_keyword,secondary_keywords,search_intent,search_volume,difficulty,target_word_count,image_roles,schema_stubs,internal_links_out,priority,status
/services/fire-damage-restoration/,service-landing,Fire Damage Restoration in Sioux Falls | Crew Restoration & Construction,Fire Damage Restoration in Sioux Falls,"Fire damage restoration in Sioux Falls and surrounding areas. IICRC-certified, insurance billing accepted. Call (605) 965-2727.",fire damage restoration sioux falls,fire cleanup|fire and smoke restoration|structural fire damage|post-fire restoration|fire damage repair,local_emergency,,,1100,hero|og|inline-1|inline-2,service|local-business|faq|breadcrumb-list,/services/|/contact/|/service-areas/adrian-mn/fire-damage-restoration/|/service-areas/akron-ia/fire-damage-restoration/|/service-areas/alton-ia/fire-damage-restoration/|/service-areas/baltic-sd/fire-damage-restoration/|/service-areas/beresford-sd/fire-damage-restoration/|/service-areas/brandon-sd/fire-damage-restoration/|/service-areas/brookings-sd/fire-damage-restoration/|/service-areas/canton-sd/fire-damage-restoration/|/service-areas/crooks-sd/fire-damage-restoration/|/service-areas/dakota-dunes-sd/fire-damage-restoration/|/service-areas/dell-rapids-sd/fire-damage-restoration/|/service-areas/edgerton-mn/fire-damage-restoration/|/blog/choosing-a-restoration-company/|/blog/fire-damage-restoration-process/|/blog/smoke-odor-removal-techniques/,9.00,planned
/services/mold-remediation/,service-landing,Mold Remediation in Sioux Falls | Crew Restoration & Construction,Mold Remediation in Sioux Falls,"Mold remediation in Sioux Falls and surrounding areas. IICRC-certified, insurance billing accepted. Call (605) 965-2727.",mold remediation sioux falls,mold removal|black mold remediation|mold abatement|mold containment|mold cleanup,local_health,,,1100,hero|og|inline-1|inline-2,service|local-business|faq|breadcrumb-list,/services/|/contact/|/service-areas/adrian-mn/mold-remediation/|/service-areas/akron-ia/mold-remediation/|/service-areas/alton-ia/mold-remediation/|/service-areas/baltic-sd/mold-remediation/|/service-areas/beresford-sd/mold-remediation/|/service-areas/brandon-sd/mold-remediation/|/service-areas/brookings-sd/mold-remediation/|/service-areas/canton-sd/mold-remediation/|/service-areas/crooks-sd/mold-remediation/|/service-areas/dakota-dunes-sd/mold-remediation/|/service-areas/dell-rapids-sd/mold-remediation/|/service-areas/edgerton-mn/mold-remediation/|/blog/choosing-a-restoration-company/|/blog/how-to-test-for-mold/|/blog/signs-of-hidden-mold/,9.00,planned
/services/roofing/,service-landing,Roofing Installation and Replacement in Sioux Falls | Crew Restoration & Construction,Roofing Installation and Replacement in Sioux Falls,"Roofing installation and replacement in Sioux Falls and surrounding areas. IICRC-certified, insurance billing accepted. Call (605) 965-2727.",roofing installation and replacement sioux falls,roofing contractor|roof replacement|new roof installation|residential roofing|roof repair,local_commercial,,,1100,hero|og|inline-1|inline-2,service|local-business|faq|breadcrumb-list,/services/|/contact/|/service-areas/adrian-mn/roofing/|/service-areas/akron-ia/roofing/|/service-areas/alton-ia/roofing/|/service-areas/baltic-sd/roofing/|/service-areas/beresford-sd/roofing/|/service-areas/brandon-sd/roofing/|/service-areas/brookings-sd/roofing/|/service-areas/canton-sd/roofing/|/service-areas/crooks-sd/roofing/|/service-areas/dakota-dunes-sd/roofing/|/service-areas/dell-rapids-sd/roofing/|/service-areas/edgerton-mn/roofing/,9.00,planned
/services/water-damage-restoration/,service-landing,Water Damage Restoration in Sioux Falls | Crew Restoration & Construction,Water Damage Restoration in Sioux Falls,"Water damage restoration in Sioux Falls and surrounding areas. IICRC-certified, insurance billing accepted. Call (605) 965-2727.",water damage restoration sioux falls,water removal|water extraction|water cleanup|structural drying|water mitigation,local_emergency,,,1100,hero|og|inline-1|inline-2,service|local-business|faq|breadcrumb-list,/services/|/contact/|/service-areas/adrian-mn/water-damage-restoration/|/service-areas/akron-ia/water-damage-restoration/|/service-areas/alton-ia/water-damage-restoration/|/service-areas/baltic-sd/water-damage-restoration/|/service-areas/beresford-sd/water-damage-restoration/|/service-areas/brandon-sd/water-damage-restoration/|/service-areas/brookings-sd/water-damage-restoration/|/service-areas/canton-sd/water-damage-restoration/|/service-areas/crooks-sd/water-damage-restoration/|/service-areas/dakota-dunes-sd/water-damage-restoration/|/service-areas/dell-rapids-sd/water-damage-restoration/|/service-areas/edgerton-mn/water-damage-restoration/|/services/water-cleanup/|/blog/burst-pipe-emergency-checklist/|/blog/what-to-do-first-24-hours-water-damage/|/blog/choosing-a-restoration-company/,9.00,planned
/services/sewage-cleanup/,service-landing,Sewage Cleanup and Sanitization in Sioux Falls | Crew Restoration & Construction,Sewage Cleanup and Sanitization in Sioux Falls,"Sewage cleanup and sanitization in Sioux Falls and surrounding areas. IICRC-certified, insurance billing accepted. Call (605) 965-2727.",sewage cleanup and sanitization sioux falls,sewage backup cleanup|raw sewage removal|septic overflow cleanup|sewer line backup|sanitization services,local_emergency,,,1100,hero|og|inline-1|inline-2,service|local-business|faq|breadcrumb-list,/services/|/contact/|/service-areas/adrian-mn/sewage-cleanup/|/service-areas/akron-ia/sewage-cleanup/|/service-areas/alton-ia/sewage-cleanup/|/service-areas/baltic-sd/sewage-cleanup/|/service-areas/beresford-sd/sewage-cleanup/|/service-areas/brandon-sd/sewage-cleanup/|/service-areas/brookings-sd/sewage-cleanup/|/service-areas/canton-sd/sewage-cleanup/|/service-areas/crooks-sd/sewage-cleanup/|/service-areas/dakota-dunes-sd/sewage-cleanup/|/service-areas/dell-rapids-sd/sewage-cleanup/|/service-areas/edgerton-mn/sewage-cleanup/,8.10,planned
/services/storm-damage-restoration/,service-landing,Storm Damage Restoration in Sioux Falls | Crew Restoration & Construction,Storm Damage Restoration in Sioux Falls,"Storm damage restoration in Sioux Falls and surrounding areas. IICRC-certified, insurance billing accepted. Call (605) 965-2727.",storm damage restoration sioux falls,hurricane damage cleanup|tornado damage cleanup|tree damage cleanup|storm cleanup services|severe weather damage repair,local_emergency,,,1100,hero|og|inline-1|inline-2,service|local-business|faq|breadcrumb-list,/services/|/contact/|/service-areas/adrian-mn/storm-damage-restoration/|/service-areas/akron-ia/storm-damage-restoration/|/service-areas/alton-ia/storm-damage-restoration/|/service-areas/baltic-sd/storm-damage-restoration/|/service-areas/beresford-sd/storm-damage-restoration/|/service-areas/brandon-sd/storm-damage-restoration/|/service-areas/brookings-sd/storm-damage-restoration/|/service-areas/canton-sd/storm-damage-restoration/|/service-areas/crooks-sd/storm-damage-restoration/|/service-areas/dakota-dunes-sd/storm-damage-restoration/|/service-areas/dell-rapids-sd/storm-damage-restoration/|/service-areas/edgerton-mn/storm-damage-restoration/|/blog/storm-damage-insurance-claim-checklist/,8.10,planned
/services/water-cleanup/,service-landing,Water Cleanup in Sioux Falls | Crew Restoration & Construction,Water Cleanup in Sioux Falls,"Water cleanup in Sioux Falls and surrounding areas. IICRC-certified, insurance billing accepted. Call (605) 965-2727.",emergency water cleanup sioux falls,water cleanup|water damage cleanup|water clean up|flood water cleanup|standing water removal,local_emergency,,,1100,hero|og|inline-1|inline-2,service|local-business|faq|breadcrumb-list,/services/|/contact/|/service-areas/adrian-mn/water-cleanup/|/service-areas/akron-ia/water-cleanup/|/service-areas/alton-ia/water-cleanup/|/service-areas/baltic-sd/water-cleanup/|/service-areas/beresford-sd/water-cleanup/|/service-areas/brandon-sd/water-cleanup/|/service-areas/brookings-sd/water-cleanup/|/service-areas/canton-sd/water-cleanup/|/service-areas/crooks-sd/water-cleanup/|/service-areas/dakota-dunes-sd/water-cleanup/|/service-areas/dell-rapids-sd/water-cleanup/|/service-areas/edgerton-mn/water-cleanup/|/services/water-damage-restoration/,8.10,planned
/services/biohazard-cleanup/,service-landing,Biohazard Cleanup in Sioux Falls | Crew Restoration & Construction,Biohazard Cleanup in Sioux Falls,"Biohazard cleanup in Sioux Falls and surrounding areas. IICRC-certified, insurance billing accepted. Call (605) 965-2727.",biohazard cleanup sioux falls,biohazard remediation|blood cleanup|bodily fluid cleanup|sharps and needle cleanup|infectious material cleanup,local_sensitive,,,1100,hero|og|inline-1|inline-2,service|local-business|faq|breadcrumb-list,/services/|/contact/|/service-areas/adrian-mn/biohazard-cleanup/|/service-areas/akron-ia/biohazard-cleanup/|/service-areas/alton-ia/biohazard-cleanup/|/service-areas/baltic-sd/biohazard-cleanup/|/service-areas/beresford-sd/biohazard-cleanup/|/service-areas/brandon-sd/biohazard-cleanup/|/service-areas/brookings-sd/biohazard-cleanup/|/service-areas/canton-sd/biohazard-cleanup/|/service-areas/crooks-sd/biohazard-cleanup/|/service-areas/dakota-dunes-sd/biohazard-cleanup/|/service-areas/dell-rapids-sd/biohazard-cleanup/|/service-areas/edgerton-mn/biohazard-cleanup/,7.20,planned
/services/general-contracting/,service-landing,"Renovations, Remodels and General Contracting in Sioux Falls | Crew Restoration & Construction","Renovations, Remodels and General Contracting in Sioux Falls","Renovations, remodels and general contracting in Sioux Falls and surrounding areas. IICRC-certified, insurance billing accepted. Call (605) 965-2727.","renovations, remodels and general contracting sioux falls",general contractor|home renovation services|home remodeling|kitchen remodel|bathroom remodel|post-damage rebuild,local_commercial,,,1100,hero|og|inline-1|inline-2,service|local-business|faq|breadcrumb-list,/services/|/contact/|/service-areas/adrian-mn/general-contracting/|/service-areas/akron-ia/general-contracting/|/service-areas/alton-ia/general-contracting/|/service-areas/baltic-sd/general-contracting/|/service-areas/beresford-sd/general-contracting/|/service-areas/brandon-sd/general-contracting/|/service-areas/brookings-sd/general-contracting/|/service-areas/canton-sd/general-contracting/|/service-areas/crooks-sd/general-contracting/|/service-areas/dakota-dunes-sd/general-contracting/|/service-areas/dell-rapids-sd/general-contracting/|/service-areas/edgerton-mn/general-contracting/,7.20,planned
/services/siding-gutters/,service-landing,Siding and Gutters in Sioux Falls | Crew Restoration & Construction,Siding and Gutters in Sioux Falls,"Siding and gutters in Sioux Falls and surrounding areas. IICRC-certified, insurance billing accepted. Call (605) 965-2727.",siding and gutters sioux falls,siding contractor|siding installation|siding replacement|gutter installation|exterior contractor,local_commercial,,,1100,hero|og|inline-1|inline-2,service|local-business|faq|breadcrumb-list,/services/|/contact/|/service-areas/adrian-mn/siding-gutters/|/service-areas/akron-ia/siding-gutters/|/service-areas/alton-ia/siding-gutters/|/service-areas/baltic-sd/siding-gutters/|/service-areas/beresford-sd/siding-gutters/|/service-areas/brandon-sd/siding-gutters/|/service-areas/brookings-sd/siding-gutters/|/service-areas/canton-sd/siding-gutters/|/service-areas/crooks-sd/siding-gutters/|/service-areas/dakota-dunes-sd/siding-gutters/|/service-areas/dell-rapids-sd/siding-gutters/|/service-areas/edgerton-mn/siding-gutters/,7.20,planned
/service-areas/adrian-mn/fire-damage-restoration/,service-area-service,"Fire Damage Restoration in Adrian, MN | Crew Restoration & Construction",Fire Damage Restoration in Adrian,"Fire damage restoration in Adrian, MN. IICRC-certified, insurance billing accepted. Call (605) 965-2727.",fire damage restoration adrian,fire cleanup|fire and smoke restoration|structural fire damage|post-fire restoration|fire damage repair,local_emergency,,,900,hero|og|inline-1|inline-2,service|local-business|faq|breadcrumb-list,/services/fire-damage-restoration/|/service-areas/adrian-mn/|/service-areas/adrian-mn/mold-remediation/|/service-areas/adrian-mn/roofing/|/service-areas/akron-ia/fire-damage-restoration/|/service-areas/alton-ia/fire-damage-restoration/|/contact/,7.00,planned
/service-areas/adrian-mn/mold-remediation/,service-area-service,"Mold Remediation in Adrian, MN | Crew Restoration & Construction",Mold Remediation in Adrian,"Mold remediation in Adrian, MN. IICRC-certified, insurance billing accepted. Call (605) 965-2727.",mold remediation adrian,mold removal|black mold remediation|mold abatement|mold containment|mold cleanup,local_health,,,900,hero|og|inline-1|inline-2,service|local-business|faq|breadcrumb-list,/services/mold-remediation/|/service-areas/adrian-mn/|/service-areas/adrian-mn/fire-damage-restoration/|/service-areas/adrian-mn/roofing/|/service-areas/akron-ia/mold-remediation/|/service-areas/alton-ia/mold-remediation/|/contact/,7.00,planned
/service-areas/adrian-mn/roofing/,service-area-service,"Roofing Installation and Replacement in Adrian, MN | Crew Restoration & Construction",Roofing Installation and Replacement in Adrian,"Roofing installation and replacement in Adrian, MN. IICRC-certified, insurance billing accepted. Call (605) 965-2727.",roofing installation and replacement adrian,roofing contractor|roof replacement|new roof installation|residential roofing|roof repair,local_commercial,,,900,hero|og|inline-1|inline-2,service|local-business|faq|breadcrumb-list,/services/roofing/|/service-areas/adrian-mn/|/service-areas/adrian-mn/fire-damage-restoration/|/service-areas/adrian-mn/mold-remediation/|/service-areas/akron-ia/roofing/|/service-areas/alton-ia/roofing/|/contact/,7.00,planned
/service-areas/adrian-mn/water-damage-restoration/,service-area-service,"Water Damage Restoration in Adrian, MN | Crew Restoration & Construction",Water Damage Restoration in Adrian,"Water damage restoration in Adrian, MN. IICRC-certified, insurance billing accepted. Call (605) 965-2727.",water damage restoration adrian,water removal|water extraction|water cleanup|structural drying|water mitigation,local_emergency,,,900,hero|og|inline-1|inline-2,service|local-business|faq|breadcrumb-list,/services/water-damage-restoration/|/service-areas/adrian-mn/|/service-areas/adrian-mn/fire-damage-restoration/|/service-areas/adrian-mn/mold-remediation/|/service-areas/akron-ia/water-damage-restoration/|/service-areas/alton-ia/water-damage-restoration/|/contact/,7.00,planned
/service-areas/akron-ia/fire-damage-restoration/,service-area-service,"Fire Damage Restoration in Akron, IA | Crew Restoration & Construction",Fire Damage Restoration in Akron,"Fire damage restoration in Akron, IA. IICRC-certified, insurance billing accepted. Call (605) 965-2727.",fire damage restoration akron,fire cleanup|fire and smoke restoration|structural fire damage|post-fire restoration|fire damage repair,local_emergency,,,900,hero|og|inline-1|inline-2,service|local-business|faq|breadcrumb-list,/services/fire-damage-restoration/|/service-areas/akron-ia/|/service-areas/akron-ia/mold-remediation/|/service-areas/akron-ia/roofing/|/service-areas/adrian-mn/fire-damage-restoration/|/service-areas/alton-ia/fire-damage-restoration/|/contact/,7.00,planned
/service-areas/akron-ia/mold-remediation/,service-area-service,"Mold Remediation in Akron, IA | Crew Restoration & Construction",Mold Remediation in Akron,"Mold remediation in Akron, IA. IICRC-certified, insurance billing accepted. Call (605) 965-2727.",mold remediation akron,mold removal|black mold remediation|mold abatement|mold containment|mold cleanup,local_health,,,900,hero|og|inline-1|inline-2,service|local-business|faq|breadcrumb-list,/services/mold-remediation/|/service-areas/akron-ia/|/service-areas/akron-ia/fire-damage-restoration/|/service-areas/akron-ia/roofing/|/service-areas/adrian-mn/mold-remediation/|/service-areas/alton-ia/mold-remediation/|/contact/,7.00,planned
/service-areas/akron-ia/roofing/,service-area-service,"Roofing Installation and Replacement in Akron, IA | Crew Restoration & Construction",Roofing Installation and Replacement in Akron,"Roofing installation and replacement in Akron, IA. IICRC-certified, insurance billing accepted. Call (605) 965-2727.",roofing installation and replacement akron,roofing contractor|roof replacement|new roof installation|residential roofing|roof repair,local_commercial,,,900,hero|og|inline-1|inline-2,service|local-business|faq|breadcrumb-list,/services/roofing/|/service-areas/akron-ia/|/service-areas/akron-ia/fire-damage-restoration/|/service-areas/akron-ia/mold-remediation/|/service-areas/adrian-mn/roofing/|/service-areas/alton-ia/roofing/|/contact/,7.00,planned
/service-areas/akron-ia/water-damage-restoration/,service-area-service,"Water Damage Restoration in Akron, IA | Crew Restoration & Construction",Water Damage Restoration in Akron,"Water damage restoration in Akron, IA. IICRC-certified, insurance billing accepted. Call (605) 965-2727.",water damage restoration akron,water removal|water extraction|water cleanup|structural drying|water mitigation,local_emergency,,,900,hero|og|inline-1|inline-2,service|local-business|faq|breadcrumb-list,/services/water-damage-restoration/|/service-areas/akron-ia/|/service-areas/akron-ia/fire-damage-restoration/|/service-areas/akron-ia/mold-remediation/|/service-areas/adrian-mn/water-damage-restoration/|/service-areas/alton-ia/water-damage-restoration/|/contact/,7.00,planned
/service-areas/alton-ia/fire-damage-restoration/,service-area-service,"Fire Damage Restoration in Alton, IA | Crew Restoration & Construction",Fire Damage Restoration in Alton,"Fire damage restoration in Alton, IA. IICRC-certified, insurance billing accepted. Call (605) 965-2727.",fire damage restoration alton,fire cleanup|fire and smoke restoration|structural fire damage|post-fire restoration|fire damage repair,local_emergency,,,900,hero|og|inline-1|inline-2,service|local-business|faq|breadcrumb-list,/services/fire-damage-restoration/|/service-areas/alton-ia/|/service-areas/alton-ia/mold-remediation/|/service-areas/alton-ia/roofing/|/service-areas/adrian-mn/fire-damage-restoration/|/service-areas/akron-ia/fire-damage-restoration/|/contact/,7.00,planned
/service-areas/alton-ia/mold-remediation/,service-area-service,"Mold Remediation in Alton, IA | Crew Restoration & Construction",Mold Remediation in Alton,"Mold remediation in Alton, IA. IICRC-certified, insurance billing accepted. Call (605) 965-2727.",mold remediation alton,mold removal|black mold remediation|mold abatement|mold containment|mold cleanup,local_health,,,900,hero|og|inline-1|inline-2,service|local-business|faq|breadcrumb-list,/services/mold-remediation/|/service-areas/alton-ia/|/service-areas/alton-ia/fire-damage-restoration/|/service-areas/alton-ia/roofing/|/service-areas/adrian-mn/mold-remediation/|/service-areas/akron-ia/mold-remediation/|/contact/,7.00,planned
/service-areas/alton-ia/roofing/,service-area-service,"Roofing Installation and Replacement in Alton, IA | Crew Restoration & Construction",Roofing Installation and Replacement in Alton,"Roofing installation and replacement in Alton, IA. IICRC-certified, insurance billing accepted. Call (605) 965-2727.",roofing installation and replacement alton,roofing contractor|roof replacement|new roof installation|residential roofing|roof repair,local_commercial,,,900,hero|og|inline-1|inline-2,service|local-business|faq|breadcrumb-list,/services/roofing/|/service-areas/alton-ia/|/service-areas/alton-ia/fire-damage-restoration/|/service-areas/alton-ia/mold-remediation/|/service-areas/adrian-mn/roofing/|/service-areas/akron-ia/roofing/|/contact/,7.00,planned
/service-areas/alton-ia/water-damage-restoration/,service-area-service,"Water Damage Restoration in Alton, IA | Crew Restoration & Construction",Water Damage Restoration in Alton,"Water damage restoration in Alton, IA. IICRC-certified, insurance billing accepted. Call (605) 965-2727.",water damage restoration alton,water removal|water extraction|water cleanup|structural drying|water mitigation,local_emergency,,,900,hero|og|inline-1|inline-2,service|local-business|faq|breadcrumb-list,/services/water-damage-restoration/|/service-areas/alton-ia/|/service-areas/alton-ia/fire-damage-restoration/|/service-areas/alton-ia/mold-remediation/|/service-areas/adrian-mn/water-damage-restoration/|/service-areas/akron-ia/water-damage-restoration/|/contact/,7.00,planned
/service-areas/baltic-sd/fire-damage-restoration/,service-area-service,"Fire Damage Restoration in Baltic, SD | Crew Restoration & Construction",Fire Damage Restoration in Baltic,"Fire damage restoration in Baltic, SD. IICRC-certified, insurance billing accepted. Call (605) 965-2727.",fire damage restoration baltic,fire cleanup|fire and smoke restoration|structural fire damage|post-fire restoration|fire damage repair,local_emergency,,,900,hero|og|inline-1|inline-2,service|local-business|faq|breadcrumb-list,/services/fire-damage-restoration/|/service-areas/baltic-sd/|/service-areas/baltic-sd/mold-remediation/|/service-areas/baltic-sd/roofing/|/service-areas/adrian-mn/fire-damage-restoration/|/service-areas/akron-ia/fire-damage-restoration/|/contact/,7.00,planned
/service-areas/baltic-sd/mold-remediation/,service-area-service,"Mold Remediation in Baltic, SD | Crew Restoration & Construction",Mold Remediation in Baltic,"Mold remediation in Baltic, SD. IICRC-certified, insurance billing accepted. Call (605) 965-2727.",mold remediation baltic,mold removal|black mold remediation|mold abatement|mold containment|mold cleanup,local_health,,,900,hero|og|inline-1|inline-2,service|local-business|faq|breadcrumb-list,/services/mold-remediation/|/service-areas/baltic-sd/|/service-areas/baltic-sd/fire-damage-restoration/|/service-areas/baltic-sd/roofing/|/service-areas/adrian-mn/mold-remediation/|/service-areas/akron-ia/mold-remediation/|/contact/,7.00,planned
/service-areas/baltic-sd/roofing/,service-area-service,"Roofing Installation and Replacement in Baltic, SD | Crew Restoration & Construction",Roofing Installation and Replacement in Baltic,"Roofing installation and replacement in Baltic, SD. IICRC-certified, insurance billing accepted. Call (605) 965-2727.",roofing installation and replacement baltic,roofing contractor|roof replacement|new roof installation|residential roofing|roof repair,local_commercial,,,900,hero|og|inline-1|inline-2,service|local-business|faq|breadcrumb-list,/services/roofing/|/service-areas/baltic-sd/|/service-areas/baltic-sd/fire-damage-restoration/|/service-areas/baltic-sd/mold-remediation/|/service-areas/adrian-mn/roofing/|/service-areas/akron-ia/roofing/|/contact/,7.00,planned
/service-areas/baltic-sd/water-damage-restoration/,service-area-service,"Water Damage Restoration in Baltic, SD | Crew Restoration & Construction",Water Damage Restoration in Baltic,"Water damage restoration in Baltic, SD. IICRC-certified, insurance billing accepted. Call (605) 965-2727.",water damage restoration baltic,water removal|water extraction|water cleanup|structural drying|water mitigation,local_emergency,,,900,hero|og|inline-1|inline-2,service|local-business|faq|breadcrumb-list,/services/water-damage-restoration/|/service-areas/baltic-sd/|/service-areas/baltic-sd/fire-damage-restoration/|/service-areas/baltic-sd/mold-remediation/|/service-areas/adrian-mn/water-damage-restoration/|/service-areas/akron-ia/water-damage-restoration/|/contact/,7.00,planned
/service-areas/beresford-sd/fire-damage-restoration/,service-area-service,"Fire Damage Restoration in Beresford, SD | Crew Restoration & Construction",Fire Damage Restoration in Beresford,"Fire damage restoration in Beresford, SD. IICRC-certified, insurance billing accepted. Call (605) 965-2727.",fire damage restoration beresford,fire cleanup|fire and smoke restoration|structural fire damage|post-fire restoration|fire damage repair,local_emergency,,,900,hero|og|inline-1|inline-2,service|local-business|faq|breadcrumb-list,/services/fire-damage-restoration/|/service-areas/beresford-sd/|/service-areas/beresford-sd/mold-remediation/|/service-areas/beresford-sd/roofing/|/service-areas/adrian-mn/fire-damage-restoration/|/service-areas/akron-ia/fire-damage-restoration/|/contact/,7.00,planned
/service-areas/beresford-sd/mold-remediation/,service-area-service,"Mold Remediation in Beresford, SD | Crew Restoration & Construction",Mold Remediation in Beresford,"Mold remediation in Beresford, SD. IICRC-certified, insurance billing accepted. Call (605) 965-2727.",mold remediation beresford,mold removal|black mold remediation|mold abatement|mold containment|mold cleanup,local_health,,,900,hero|og|inline-1|inline-2,service|local-business|faq|breadcrumb-list,/services/mold-remediation/|/service-areas/beresford-sd/|/service-areas/beresford-sd/fire-damage-restoration/|/service-areas/beresford-sd/roofing/|/service-areas/adrian-mn/mold-remediation/|/service-areas/akron-ia/mold-remediation/|/contact/,7.00,planned
/service-areas/beresford-sd/roofing/,service-area-service,"Roofing Installation and Replacement in Beresford, SD | Crew Restoration & Construction",Roofing Installation and Replacement in Beresford,"Roofing installation and replacement in Beresford, SD. IICRC-certified, insurance billing accepted. Call (605) 965-2727.",roofing installation and replacement beresford,roofing contractor|roof replacement|new roof installation|residential roofing|roof repair,local_commercial,,,900,hero|og|inline-1|inline-2,service|local-business|faq|breadcrumb-list,/services/roofing/|/service-areas/beresford-sd/|/service-areas/beresford-sd/fire-damage-restoration/|/service-areas/beresford-sd/mold-remediation/|/service-areas/adrian-mn/roofing/|/service-areas/akron-ia/roofing/|/contact/,7.00,planned
/service-areas/beresford-sd/water-damage-restoration/,service-area-service,"Water Damage Restoration in Beresford, SD | Crew Restoration & Construction",Water Damage Restoration in Beresford,"Water damage restoration in Beresford, SD. IICRC-certified, insurance billing accepted. Call (605) 965-2727.",water damage restoration beresford,water removal|water extraction|water cleanup|structural drying|water mitigation,local_emergency,,,900,hero|og|inline-1|inline-2,service|local-business|faq|breadcrumb-list,/services/water-damage-restoration/|/service-areas/beresford-sd/|/service-areas/beresford-sd/fire-damage-restoration/|/service-areas/beresford-sd/mold-remediation/|/service-areas/adrian-mn/water-damage-restoration/|/service-areas/akron-ia/water-damage-restoration/|/contact/,7.00,planned
/service-areas/brandon-sd/fire-damage-restoration/,service-area-service,"Fire Damage Restoration in Brandon, SD | Crew Restoration & Construction",Fire Damage Restoration in Brandon,"Fire damage restoration in Brandon, SD. IICRC-certified, insurance billing accepted. Call (605) 965-2727.",fire damage restoration brandon,fire cleanup|fire and smoke restoration|structural fire damage|post-fire restoration|fire damage repair,local_emergency,,,900,hero|og|inline-1|inline-2,service|local-business|faq|breadcrumb-list,/services/fire-damage-restoration/|/service-areas/brandon-sd/|/service-areas/brandon-sd/mold-remediation/|/service-areas/brandon-sd/roofing/|/service-areas/adrian-mn/fire-damage-restoration/|/service-areas/akron-ia/fire-damage-restoration/|/contact/,7.00,planned
/service-areas/brandon-sd/mold-remediation/,service-area-service,"Mold Remediation in Brandon, SD | Crew Restoration & Construction",Mold Remediation in Brandon,"Mold remediation in Brandon, SD. IICRC-certified, insurance billing accepted. Call (605) 965-2727.",mold remediation brandon,mold removal|black mold remediation|mold abatement|mold containment|mold cleanup,local_health,,,900,hero|og|inline-1|inline-2,service|local-business|faq|breadcrumb-list,/services/mold-remediation/|/service-areas/brandon-sd/|/service-areas/brandon-sd/fire-damage-restoration/|/service-areas/brandon-sd/roofing/|/service-areas/adrian-mn/mold-remediation/|/service-areas/akron-ia/mold-remediation/|/contact/,7.00,planned
/service-areas/brandon-sd/roofing/,service-area-service,"Roofing Installation and Replacement in Brandon, SD | Crew Restoration & Construction",Roofing Installation and Replacement in Brandon,"Roofing installation and replacement in Brandon, SD. IICRC-certified, insurance billing accepted. Call (605) 965-2727.",roofing installation and replacement brandon,roofing contractor|roof replacement|new roof installation|residential roofing|roof repair,local_commercial,,,900,hero|og|inline-1|inline-2,service|local-business|faq|breadcrumb-list,/services/roofing/|/service-areas/brandon-sd/|/service-areas/brandon-sd/fire-damage-restoration/|/service-areas/brandon-sd/mold-remediation/|/service-areas/adrian-mn/roofing/|/service-areas/akron-ia/roofing/|/contact/,7.00,planned
/service-areas/brandon-sd/water-damage-restoration/,service-area-service,"Water Damage Restoration in Brandon, SD | Crew Restoration & Construction",Water Damage Restoration in Brandon,"Water damage restoration in Brandon, SD. IICRC-certified, insurance billing accepted. Call (605) 965-2727.",water damage restoration brandon,water removal|water extraction|water cleanup|structural drying|water mitigation,local_emergency,,,900,hero|og|inline-1|inline-2,service|local-business|faq|breadcrumb-list,/services/water-damage-restoration/|/service-areas/brandon-sd/|/service-areas/brandon-sd/fire-damage-restoration/|/service-areas/brandon-sd/mold-remediation/|/service-areas/adrian-mn/water-damage-restoration/|/service-areas/akron-ia/water-damage-restoration/|/contact/,7.00,planned
/service-areas/brookings-sd/fire-damage-restoration/,service-area-service,"Fire Damage Restoration in Brookings, SD | Crew Restoration & Construction",Fire Damage Restoration in Brookings,"Fire damage restoration in Brookings, SD. IICRC-certified, insurance billing accepted. Call (605) 965-2727.",fire damage restoration brookings,fire cleanup|fire and smoke restoration|structural fire damage|post-fire restoration|fire damage repair,local_emergency,,,900,hero|og|inline-1|inline-2,service|local-business|faq|breadcrumb-list,/services/fire-damage-restoration/|/service-areas/brookings-sd/|/service-areas/brookings-sd/mold-remediation/|/service-areas/brookings-sd/roofing/|/service-areas/adrian-mn/fire-damage-restoration/|/service-areas/akron-ia/fire-damage-restoration/|/contact/,7.00,planned
/service-areas/brookings-sd/mold-remediation/,service-area-service,"Mold Remediation in Brookings, SD | Crew Restoration & Construction",Mold Remediation in Brookings,"Mold remediation in Brookings, SD. IICRC-certified, insurance billing accepted. Call (605) 965-2727.",mold remediation brookings,mold removal|black mold remediation|mold abatement|mold containment|mold cleanup,local_health,,,900,hero|og|inline-1|inline-2,service|local-business|faq|breadcrumb-list,/services/mold-remediation/|/service-areas/brookings-sd/|/service-areas/brookings-sd/fire-damage-restoration/|/service-areas/brookings-sd/roofing/|/service-areas/adrian-mn/mold-remediation/|/service-areas/akron-ia/mold-remediation/|/contact/,7.00,planned
/service-areas/brookings-sd/roofing/,service-area-service,"Roofing Installation and Replacement in Brookings, SD | Crew Restoration & Construction",Roofing Installation and Replacement in Brookings,"Roofing installation and replacement in Brookings, SD. IICRC-certified, insurance billing accepted. Call (605) 965-2727.",roofing installation and replacement brookings,roofing contractor|roof replacement|new roof installation|residential roofing|roof repair,local_commercial,,,900,hero|og|inline-1|inline-2,service|local-business|faq|breadcrumb-list,/services/roofing/|/service-areas/brookings-sd/|/service-areas/brookings-sd/fire-damage-restoration/|/service-areas/brookings-sd/mold-remediation/|/service-areas/adrian-mn/roofing/|/service-areas/akron-ia/roofing/|/contact/,7.00,planned
/service-areas/brookings-sd/water-damage-restoration/,service-area-service,"Water Damage Restoration in Brookings, SD | Crew Restoration & Construction",Water Damage Restoration in Brookings,"Water damage restoration in Brookings, SD. IICRC-certified, insurance billing accepted. Call (605) 965-2727.",water damage restoration brookings,water removal|water extraction|water cleanup|structural drying|water mitigation,local_emergency,,,900,hero|og|inline-1|inline-2,service|local-business|faq|breadcrumb-list,/services/water-damage-restoration/|/service-areas/brookings-sd/|/service-areas/brookings-sd/fire-damage-restoration/|/service-areas/brookings-sd/mold-remediation/|/service-areas/adrian-mn/water-damage-restoration/|/service-areas/akron-ia/water-damage-restoration/|/contact/,7.00,planned
/service-areas/canton-sd/fire-damage-restoration/,service-area-service,"Fire Damage Restoration in Canton, SD | Crew Restoration & Construction",Fire Damage Restoration in Canton,"Fire damage restoration in Canton, SD. IICRC-certified, insurance billing accepted. Call (605) 965-2727.",fire damage restoration canton,fire cleanup|fire and smoke restoration|structural fire damage|post-fire restoration|fire damage repair,local_emergency,,,900,hero|og|inline-1|inline-2,service|local-business|faq|breadcrumb-list,/services/fire-damage-restoration/|/service-areas/canton-sd/|/service-areas/canton-sd/mold-remediation/|/service-areas/canton-sd/roofing/|/service-areas/adrian-mn/fire-damage-restoration/|/service-areas/akron-ia/fire-damage-restoration/|/contact/,7.00,planned
/service-areas/canton-sd/mold-remediation/,service-area-service,"Mold Remediation in Canton, SD | Crew Restoration & Construction",Mold Remediation in Canton,"Mold remediation in Canton, SD. IICRC-certified, insurance billing accepted. Call (605) 965-2727.",mold remediation canton,mold removal|black mold remediation|mold abatement|mold containment|mold cleanup,local_health,,,900,hero|og|inline-1|inline-2,service|local-business|faq|breadcrumb-list,/services/mold-remediation/|/service-areas/canton-sd/|/service-areas/canton-sd/fire-damage-restoration/|/service-areas/canton-sd/roofing/|/service-areas/adrian-mn/mold-remediation/|/service-areas/akron-ia/mold-remediation/|/contact/,7.00,planned
/service-areas/canton-sd/roofing/,service-area-service,"Roofing Installation and Replacement in Canton, SD | Crew Restoration & Construction",Roofing Installation and Replacement in Canton,"Roofing installation and replacement in Canton, SD. IICRC-certified, insurance billing accepted. Call (605) 965-2727.",roofing installation and replacement canton,roofing contractor|roof replacement|new roof installation|residential roofing|roof repair,local_commercial,,,900,hero|og|inline-1|inline-2,service|local-business|faq|breadcrumb-list,/services/roofing/|/service-areas/canton-sd/|/service-areas/canton-sd/fire-damage-restoration/|/service-areas/canton-sd/mold-remediation/|/service-areas/adrian-mn/roofing/|/service-areas/akron-ia/roofing/|/contact/,7.00,planned
/service-areas/canton-sd/water-damage-restoration/,service-area-service,"Water Damage Restoration in Canton, SD | Crew Restoration & Construction",Water Damage Restoration in Canton,"Water damage restoration in Canton, SD. IICRC-certified, insurance billing accepted. Call (605) 965-2727.",water damage restoration canton,water removal|water extraction|water cleanup|structural drying|water mitigation,local_emergency,,,900,hero|og|inline-1|inline-2,service|local-business|faq|breadcrumb-list,/services/water-damage-restoration/|/service-areas/canton-sd/|/service-areas/canton-sd/fire-damage-restoration/|/service-areas/canton-sd/mold-remediation/|/service-areas/adrian-mn/water-damage-restoration/|/service-areas/akron-ia/water-damage-restoration/|/contact/,7.00,planned
/service-areas/crooks-sd/fire-damage-restoration/,service-area-service,"Fire Damage Restoration in Crooks, SD | Crew Restoration & Construction",Fire Damage Restoration in Crooks,"Fire damage restoration in Crooks, SD. IICRC-certified, insurance billing accepted. Call (605) 965-2727.",fire damage restoration crooks,fire cleanup|fire and smoke restoration|structural fire damage|post-fire restoration|fire damage repair,local_emergency,,,900,hero|og|inline-1|inline-2,service|local-business|faq|breadcrumb-list,/services/fire-damage-restoration/|/service-areas/crooks-sd/|/service-areas/crooks-sd/mold-remediation/|/service-areas/crooks-sd/roofing/|/service-areas/adrian-mn/fire-damage-restoration/|/service-areas/akron-ia/fire-damage-restoration/|/contact/,7.00,planned
/service-areas/crooks-sd/mold-remediation/,service-area-service,"Mold Remediation in Crooks, SD | Crew Restoration & Construction",Mold Remediation in Crooks,"Mold remediation in Crooks, SD. IICRC-certified, insurance billing accepted. Call (605) 965-2727.",mold remediation crooks,mold removal|black mold remediation|mold abatement|mold containment|mold cleanup,local_health,,,900,hero|og|inline-1|inline-2,service|local-business|faq|breadcrumb-list,/services/mold-remediation/|/service-areas/crooks-sd/|/service-areas/crooks-sd/fire-damage-restoration/|/service-areas/crooks-sd/roofing/|/service-areas/adrian-mn/mold-remediation/|/service-areas/akron-ia/mold-remediation/|/contact/,7.00,planned
/service-areas/crooks-sd/roofing/,service-area-service,"Roofing Installation and Replacement in Crooks, SD | Crew Restoration & Construction",Roofing Installation and Replacement in Crooks,"Roofing installation and replacement in Crooks, SD. IICRC-certified, insurance billing accepted. Call (605) 965-2727.",roofing installation and replacement crooks,roofing contractor|roof replacement|new roof installation|residential roofing|roof repair,local_commercial,,,900,hero|og|inline-1|inline-2,service|local-business|faq|breadcrumb-list,/services/roofing/|/service-areas/crooks-sd/|/service-areas/crooks-sd/fire-damage-restoration/|/service-areas/crooks-sd/mold-remediation/|/service-areas/adrian-mn/roofing/|/service-areas/akron-ia/roofing/|/contact/,7.00,planned
/service-areas/crooks-sd/water-damage-restoration/,service-area-service,"Water Damage Restoration in Crooks, SD | Crew Restoration & Construction",Water Damage Restoration in Crooks,"Water damage restoration in Crooks, SD. IICRC-certified, insurance billing accepted. Call (605) 965-2727.",water damage restoration crooks,water removal|water extraction|water cleanup|structural drying|water mitigation,local_emergency,,,900,hero|og|inline-1|inline-2,service|local-business|faq|breadcrumb-list,/services/water-damage-restoration/|/service-areas/crooks-sd/|/service-areas/crooks-sd/fire-damage-restoration/|/service-areas/crooks-sd/mold-remediation/|/service-areas/adrian-mn/water-damage-restoration/|/service-areas/akron-ia/water-damage-restoration/|/contact/,7.00,planned
/service-areas/dakota-dunes-sd/fire-damage-restoration/,service-area-service,"Fire Damage Restoration in Dakota Dunes, SD | Crew Restoration & Construction",Fire Damage Restoration in Dakota Dunes,"Fire damage restoration in Dakota Dunes, SD. IICRC-certified, insurance billing accepted. Call (605) 965-2727.",fire damage restoration dakota dunes,fire cleanup|fire and smoke restoration|structural fire damage|post-fire restoration|fire damage repair,local_emergency,,,900,hero|og|inline-1|inline-2,service|local-business|faq|breadcrumb-list,/services/fire-damage-restoration/|/service-areas/dakota-dunes-sd/|/service-areas/dakota-dunes-sd/mold-remediation/|/service-areas/dakota-dunes-sd/roofing/|/service-areas/adrian-mn/fire-damage-restoration/|/service-areas/akron-ia/fire-damage-restoration/|/contact/,7.00,planned
/service-areas/dakota-dunes-sd/mold-remediation/,service-area-service,"Mold Remediation in Dakota Dunes, SD | Crew Restoration & Construction",Mold Remediation in Dakota Dunes,"Mold remediation in Dakota Dunes, SD. IICRC-certified, insurance billing accepted. Call (605) 965-2727.",mold remediation dakota dunes,mold removal|black mold remediation|mold abatement|mold containment|mold cleanup,local_health,,,900,hero|og|inline-1|inline-2,service|local-business|faq|breadcrumb-list,/services/mold-remediation/|/service-areas/dakota-dunes-sd/|/service-areas/dakota-dunes-sd/fire-damage-restoration/|/service-areas/dakota-dunes-sd/roofing/|/service-areas/adrian-mn/mold-remediation/|/service-areas/akron-ia/mold-remediation/|/contact/,7.00,planned
/service-areas/dakota-dunes-sd/roofing/,service-area-service,"Roofing Installation and Replacement in Dakota Dunes, SD | Crew Restoration & Construction",Roofing Installation and Replacement in Dakota Dunes,"Roofing installation and replacement in Dakota Dunes, SD. IICRC-certified, insurance billing accepted. Call (605) 965-2727.",roofing installation and replacement dakota dunes,roofing contractor|roof replacement|new roof installation|residential roofing|roof repair,local_commercial,,,900,hero|og|inline-1|inline-2,service|local-business|faq|breadcrumb-list,/services/roofing/|/service-areas/dakota-dunes-sd/|/service-areas/dakota-dunes-sd/fire-damage-restoration/|/service-areas/dakota-dunes-sd/mold-remediation/|/service-areas/adrian-mn/roofing/|/service-areas/akron-ia/roofing/|/contact/,7.00,planned
/service-areas/dakota-dunes-sd/water-damage-restoration/,service-area-service,"Water Damage Restoration in Dakota Dunes, SD | Crew Restoration & Construction",Water Damage Restoration in Dakota Dunes,"Water damage restoration in Dakota Dunes, SD. IICRC-certified, insurance billing accepted. Call (605) 965-2727.",water damage restoration dakota dunes,water removal|water extraction|water cleanup|structural drying|water mitigation,local_emergency,,,900,hero|og|inline-1|inline-2,service|local-business|faq|breadcrumb-list,/services/water-damage-restoration/|/service-areas/dakota-dunes-sd/|/service-areas/dakota-dunes-sd/fire-damage-restoration/|/service-areas/dakota-dunes-sd/mold-remediation/|/service-areas/adrian-mn/water-damage-restoration/|/service-areas/akron-ia/water-damage-restoration/|/contact/,7.00,planned
/service-areas/dell-rapids-sd/fire-damage-restoration/,service-area-service,"Fire Damage Restoration in Dell Rapids, SD | Crew Restoration & Construction",Fire Damage Restoration in Dell Rapids,"Fire damage restoration in Dell Rapids, SD. IICRC-certified, insurance billing accepted. Call (605) 965-2727.",fire damage restoration dell rapids,fire cleanup|fire and smoke restoration|structural fire damage|post-fire restoration|fire damage repair,local_emergency,,,900,hero|og|inline-1|inline-2,service|local-business|faq|breadcrumb-list,/services/fire-damage-restoration/|/service-areas/dell-rapids-sd/|/service-areas/dell-rapids-sd/mold-remediation/|/service-areas/dell-rapids-sd/roofing/|/service-areas/adrian-mn/fire-damage-restoration/|/service-areas/akron-ia/fire-damage-restoration/|/contact/,7.00,planned
/service-areas/dell-rapids-sd/mold-remediation/,service-area-service,"Mold Remediation in Dell Rapids, SD | Crew Restoration & Construction",Mold Remediation in Dell Rapids,"Mold remediation in Dell Rapids, SD. IICRC-certified, insurance billing accepted. Call (605) 965-2727.",mold remediation dell rapids,mold removal|black mold remediation|mold abatement|mold containment|mold cleanup,local_health,,,900,hero|og|inline-1|inline-2,service|local-business|faq|breadcrumb-list,/services/mold-remediation/|/service-areas/dell-rapids-sd/|/service-areas/dell-rapids-sd/fire-damage-restoration/|/service-areas/dell-rapids-sd/roofing/|/service-areas/adrian-mn/mold-remediation/|/service-areas/akron-ia/mold-remediation/|/contact/,7.00,planned
/service-areas/dell-rapids-sd/roofing/,service-area-service,"Roofing Installation and Replacement in Dell Rapids, SD | Crew Restoration & Construction",Roofing Installation and Replacement in Dell Rapids,"Roofing installation and replacement in Dell Rapids, SD. IICRC-certified, insurance billing accepted. Call (605) 965-2727.",roofing installation and replacement dell rapids,roofing contractor|roof replacement|new roof installation|residential roofing|roof repair,local_commercial,,,900,hero|og|inline-1|inline-2,service|local-business|faq|breadcrumb-list,/services/roofing/|/service-areas/dell-rapids-sd/|/service-areas/dell-rapids-sd/fire-damage-restoration/|/service-areas/dell-rapids-sd/mold-remediation/|/service-areas/adrian-mn/roofing/|/service-areas/akron-ia/roofing/|/contact/,7.00,planned
/service-areas/dell-rapids-sd/water-damage-restoration/,service-area-service,"Water Damage Restoration in Dell Rapids, SD | Crew Restoration & Construction",Water Damage Restoration in Dell Rapids,"Water damage restoration in Dell Rapids, SD. IICRC-certified, insurance billing accepted. Call (605) 965-2727.",water damage restoration dell rapids,water removal|water extraction|water cleanup|structural drying|water mitigation,local_emergency,,,900,hero|og|inline-1|inline-2,service|local-business|faq|breadcrumb-list,/services/water-damage-restoration/|/service-areas/dell-rapids-sd/|/service-areas/dell-rapids-sd/fire-damage-restoration/|/service-areas/dell-rapids-sd/mold-remediation/|/service-areas/adrian-mn/water-damage-restoration/|/service-areas/akron-ia/water-damage-restoration/|/contact/,7.00,planned
/service-areas/edgerton-mn/fire-damage-restoration/,service-area-service,"Fire Damage Restoration in Edgerton, MN | Crew Restoration & Construction",Fire Damage Restoration in Edgerton,"Fire damage restoration in Edgerton, MN. IICRC-certified, insurance billing accepted. Call (605) 965-2727.",fire damage restoration edgerton,fire cleanup|fire and smoke restoration|structural fire damage|post-fire restoration|fire damage repair,local_emergency,,,900,hero|og|inline-1|inline-2,service|local-business|faq|breadcrumb-list,/services/fire-damage-restoration/|/service-areas/edgerton-mn/|/service-areas/edgerton-mn/mold-remediation/|/service-areas/edgerton-mn/roofing/|/service-areas/adrian-mn/fire-damage-restoration/|/service-areas/akron-ia/fire-damage-restoration/|/contact/,7.00,planned
/service-areas/edgerton-mn/mold-remediation/,service-area-service,"Mold Remediation in Edgerton, MN | Crew Restoration & Construction",Mold Remediation in Edgerton,"Mold remediation in Edgerton, MN. IICRC-certified, insurance billing accepted. Call (605) 965-2727.",mold remediation edgerton,mold removal|black mold remediation|mold abatement|mold containment|mold cleanup,local_health,,,900,hero|og|inline-1|inline-2,service|local-business|faq|breadcrumb-list,/services/mold-remediation/|/service-areas/edgerton-mn/|/service-areas/edgerton-mn/fire-damage-restoration/|/service-areas/edgerton-mn/roofing/|/service-areas/adrian-mn/mold-remediation/|/service-areas/akron-ia/mold-remediation/|/contact/,7.00,planned
/service-areas/edgerton-mn/roofing/,service-area-service,"Roofing Installation and Replacement in Edgerton, MN | Crew Restoration & Construction",Roofing Installation and Replacement in Edgerton,"Roofing installation and replacement in Edgerton, MN. IICRC-certified, insurance billing accepted. Call (605) 965-2727.",roofing installation and replacement edgerton,roofing contractor|roof replacement|new roof installation|residential roofing|roof repair,local_commercial,,,900,hero|og|inline-1|inline-2,service|local-business|faq|breadcrumb-list,/services/roofing/|/service-areas/edgerton-mn/|/service-areas/edgerton-mn/fire-damage-restoration/|/service-areas/edgerton-mn/mold-remediation/|/service-areas/adrian-mn/roofing/|/service-areas/akron-ia/roofing/|/contact/,7.00,planned
/service-areas/edgerton-mn/water-damage-restoration/,service-area-service,"Water Damage Restoration in Edgerton, MN | Crew Restoration & Construction",Water Damage Restoration in Edgerton,"Water damage restoration in Edgerton, MN. IICRC-certified, insurance billing accepted. Call (605) 965-2727.",water damage restoration edgerton,water removal|water extraction|water cleanup|structural drying|water mitigation,local_emergency,,,900,hero|og|inline-1|inline-2,service|local-business|faq|breadcrumb-list,/services/water-damage-restoration/|/service-areas/edgerton-mn/|/service-areas/edgerton-mn/fire-damage-restoration/|/service-areas/edgerton-mn/mold-remediation/|/service-areas/adrian-mn/water-damage-restoration/|/service-areas/akron-ia/water-damage-restoration/|/contact/,7.00,planned
/service-areas/elk-point-sd/fire-damage-restoration/,service-area-service,"Fire Damage Restoration in Elk Point, SD | Crew Restoration & Construction",Fire Damage Restoration in Elk Point,"Fire damage restoration in Elk Point, SD. IICRC-certified, insurance billing accepted. Call (605) 965-2727.",fire damage restoration elk point,fire cleanup|fire and smoke restoration|structural fire damage|post-fire restoration|fire damage repair,local_emergency,,,900,hero|og|inline-1|inline-2,service|local-business|faq|breadcrumb-list,/services/fire-damage-restoration/|/service-areas/elk-point-sd/|/service-areas/elk-point-sd/mold-remediation/|/service-areas/elk-point-sd/roofing/|/service-areas/adrian-mn/fire-damage-restoration/|/service-areas/akron-ia/fire-damage-restoration/|/contact/,7.00,planned
/service-areas/elk-point-sd/mold-remediation/,service-area-service,"Mold Remediation in Elk Point, SD | Crew Restoration & Construction",Mold Remediation in Elk Point,"Mold remediation in Elk Point, SD. IICRC-certified, insurance billing accepted. Call (605) 965-2727.",mold remediation elk point,mold removal|black mold remediation|mold abatement|mold containment|mold cleanup,local_health,,,900,hero|og|inline-1|inline-2,service|local-business|faq|breadcrumb-list,/services/mold-remediation/|/service-areas/elk-point-sd/|/service-areas/elk-point-sd/fire-damage-restoration/|/service-areas/elk-point-sd/roofing/|/service-areas/adrian-mn/mold-remediation/|/service-areas/akron-ia/mold-remediation/|/contact/,7.00,planned
/service-areas/elk-point-sd/roofing/,service-area-service,"Roofing Installation and Replacement in Elk Point, SD | Crew Restoration & Construction",Roofing Installation and Replacement in Elk Point,"Roofing installation and replacement in Elk Point, SD. IICRC-certified, insurance billing accepted. Call (605) 965-2727.",roofing installation and replacement elk point,roofing contractor|roof replacement|new roof installation|residential roofing|roof repair,local_commercial,,,900,hero|og|inline-1|inline-2,service|local-business|faq|breadcrumb-list,/services/roofing/|/service-areas/elk-point-sd/|/service-areas/elk-point-sd/fire-damage-restoration/|/service-areas/elk-point-sd/mold-remediation/|/service-areas/adrian-mn/roofing/|/service-areas/akron-ia/roofing/|/contact/,7.00,planned
/service-areas/elk-point-sd/water-damage-restoration/,service-area-service,"Water Damage Restoration in Elk Point, SD | Crew Restoration & Construction",Water Damage Restoration in Elk Point,"Water damage restoration in Elk Point, SD. IICRC-certified, insurance billing accepted. Call (605) 965-2727.",water damage restoration elk point,water removal|water extraction|water cleanup|structural drying|water mitigation,local_emergency,,,900,hero|og|inline-1|inline-2,service|local-business|faq|breadcrumb-list,/services/water-damage-restoration/|/service-areas/elk-point-sd/|/service-areas/elk-point-sd/fire-damage-restoration/|/service-areas/elk-point-sd/mold-remediation/|/service-areas/adrian-mn/water-damage-restoration/|/service-areas/akron-ia/water-damage-restoration/|/contact/,7.00,planned
/service-areas/flandreau-sd/fire-damage-restoration/,service-area-service,"Fire Damage Restoration in Flandreau, SD | Crew Restoration & Construction",Fire Damage Restoration in Flandreau,"Fire damage restoration in Flandreau, SD. IICRC-certified, insurance billing accepted. Call (605) 965-2727.",fire damage restoration flandreau,fire cleanup|fire and smoke restoration|structural fire damage|post-fire restoration|fire damage repair,local_emergency,,,900,hero|og|inline-1|inline-2,service|local-business|faq|breadcrumb-list,/services/fire-damage-restoration/|/service-areas/flandreau-sd/|/service-areas/flandreau-sd/mold-remediation/|/service-areas/flandreau-sd/roofing/|/service-areas/adrian-mn/fire-damage-restoration/|/service-areas/akron-ia/fire-damage-restoration/|/contact/,7.00,planned
/service-areas/flandreau-sd/mold-remediation/,service-area-service,"Mold Remediation in Flandreau, SD | Crew Restoration & Construction",Mold Remediation in Flandreau,"Mold remediation in Flandreau, SD. IICRC-certified, insurance billing accepted. Call (605) 965-2727.",mold remediation flandreau,mold removal|black mold remediation|mold abatement|mold containment|mold cleanup,local_health,,,900,hero|og|inline-1|inline-2,service|local-business|faq|breadcrumb-list,/services/mold-remediation/|/service-areas/flandreau-sd/|/service-areas/flandreau-sd/fire-damage-restoration/|/service-areas/flandreau-sd/roofing/|/service-areas/adrian-mn/mold-remediation/|/service-areas/akron-ia/mold-remediation/|/contact/,7.00,planned
/service-areas/flandreau-sd/roofing/,service-area-service,"Roofing Installation and Replacement in Flandreau, SD | Crew Restoration & Construction",Roofing Installation and Replacement in Flandreau,"Roofing installation and replacement in Flandreau, SD. IICRC-certified, insurance billing accepted. Call (605) 965-2727.",roofing installation and replacement flandreau,roofing contractor|roof replacement|new roof installation|residential roofing|roof repair,local_commercial,,,900,hero|og|inline-1|inline-2,service|local-business|faq|breadcrumb-list,/services/roofing/|/service-areas/flandreau-sd/|/service-areas/flandreau-sd/fire-damage-restoration/|/service-areas/flandreau-sd/mold-remediation/|/service-areas/adrian-mn/roofing/|/service-areas/akron-ia/roofing/|/contact/,7.00,planned
/service-areas/flandreau-sd/water-damage-restoration/,service-area-service,"Water Damage Restoration in Flandreau, SD | Crew Restoration & Construction",Water Damage Restoration in Flandreau,"Water damage restoration in Flandreau, SD. IICRC-certified, insurance billing accepted. Call (605) 965-2727.",water damage restoration flandreau,water removal|water extraction|water cleanup|structural drying|water mitigation,local_emergency,,,900,hero|og|inline-1|inline-2,service|local-business|faq|breadcrumb-list,/services/water-damage-restoration/|/service-areas/flandreau-sd/|/service-areas/flandreau-sd/fire-damage-restoration/|/service-areas/flandreau-sd/mold-remediation/|/service-areas/adrian-mn/water-damage-restoration/|/service-areas/akron-ia/water-damage-restoration/|/contact/,7.00,planned
/service-areas/fulda-mn/fire-damage-restoration/,service-area-service,"Fire Damage Restoration in Fulda, MN | Crew Restoration & Construction",Fire Damage Restoration in Fulda,"Fire damage restoration in Fulda, MN. IICRC-certified, insurance billing accepted. Call (605) 965-2727.",fire damage restoration fulda,fire cleanup|fire and smoke restoration|structural fire damage|post-fire restoration|fire damage repair,local_emergency,,,900,hero|og|inline-1|inline-2,service|local-business|faq|breadcrumb-list,/services/fire-damage-restoration/|/service-areas/fulda-mn/|/service-areas/fulda-mn/mold-remediation/|/service-areas/fulda-mn/roofing/|/service-areas/adrian-mn/fire-damage-restoration/|/service-areas/akron-ia/fire-damage-restoration/|/contact/,7.00,planned
/service-areas/fulda-mn/mold-remediation/,service-area-service,"Mold Remediation in Fulda, MN | Crew Restoration & Construction",Mold Remediation in Fulda,"Mold remediation in Fulda, MN. IICRC-certified, insurance billing accepted. Call (605) 965-2727.",mold remediation fulda,mold removal|black mold remediation|mold abatement|mold containment|mold cleanup,local_health,,,900,hero|og|inline-1|inline-2,service|local-business|faq|breadcrumb-list,/services/mold-remediation/|/service-areas/fulda-mn/|/service-areas/fulda-mn/fire-damage-restoration/|/service-areas/fulda-mn/roofing/|/service-areas/adrian-mn/mold-remediation/|/service-areas/akron-ia/mold-remediation/|/contact/,7.00,planned
/service-areas/fulda-mn/roofing/,service-area-service,"Roofing Installation and Replacement in Fulda, MN | Crew Restoration & Construction",Roofing Installation and Replacement in Fulda,"Roofing installation and replacement in Fulda, MN. IICRC-certified, insurance billing accepted. Call (605) 965-2727.",roofing installation and replacement fulda,roofing contractor|roof replacement|new roof installation|residential roofing|roof repair,local_commercial,,,900,hero|og|inline-1|inline-2,service|local-business|faq|breadcrumb-list,/services/roofing/|/service-areas/fulda-mn/|/service-areas/fulda-mn/fire-damage-restoration/|/service-areas/fulda-mn/mold-remediation/|/service-areas/adrian-mn/roofing/|/service-areas/akron-ia/roofing/|/contact/,7.00,planned
/service-areas/fulda-mn/water-damage-restoration/,service-area-service,"Water Damage Restoration in Fulda, MN | Crew Restoration & Construction",Water Damage Restoration in Fulda,"Water damage restoration in Fulda, MN. IICRC-certified, insurance billing accepted. Call (605) 965-2727.",water damage restoration fulda,water removal|water extraction|water cleanup|structural drying|water mitigation,local_emergency,,,900,hero|og|inline-1|inline-2,service|local-business|faq|breadcrumb-list,/services/water-damage-restoration/|/service-areas/fulda-mn/|/service-areas/fulda-mn/fire-damage-restoration/|/service-areas/fulda-mn/mold-remediation/|/service-areas/adrian-mn/water-damage-restoration/|/service-areas/akron-ia/water-damage-restoration/|/contact/,7.00,planned
/service-areas/garretson-sd/fire-damage-restoration/,service-area-service,"Fire Damage Restoration in Garretson, SD | Crew Restoration & Construction",Fire Damage Restoration in Garretson,"Fire damage restoration in Garretson, SD. IICRC-certified, insurance billing accepted. Call (605) 965-2727.",fire damage restoration garretson,fire cleanup|fire and smoke restoration|structural fire damage|post-fire restoration|fire damage repair,local_emergency,,,900,hero|og|inline-1|inline-2,service|local-business|faq|breadcrumb-list,/services/fire-damage-restoration/|/service-areas/garretson-sd/|/service-areas/garretson-sd/mold-remediation/|/service-areas/garretson-sd/roofing/|/service-areas/adrian-mn/fire-damage-restoration/|/service-areas/akron-ia/fire-damage-restoration/|/contact/,7.00,planned
/service-areas/garretson-sd/mold-remediation/,service-area-service,"Mold Remediation in Garretson, SD | Crew Restoration & Construction",Mold Remediation in Garretson,"Mold remediation in Garretson, SD. IICRC-certified, insurance billing accepted. Call (605) 965-2727.",mold remediation garretson,mold removal|black mold remediation|mold abatement|mold containment|mold cleanup,local_health,,,900,hero|og|inline-1|inline-2,service|local-business|faq|breadcrumb-list,/services/mold-remediation/|/service-areas/garretson-sd/|/service-areas/garretson-sd/fire-damage-restoration/|/service-areas/garretson-sd/roofing/|/service-areas/adrian-mn/mold-remediation/|/service-areas/akron-ia/mold-remediation/|/contact/,7.00,planned
/service-areas/garretson-sd/roofing/,service-area-service,"Roofing Installation and Replacement in Garretson, SD | Crew Restoration & Construction",Roofing Installation and Replacement in Garretson,"Roofing installation and replacement in Garretson, SD. IICRC-certified, insurance billing accepted. Call (605) 965-2727.",roofing installation and replacement garretson,roofing contractor|roof replacement|new roof installation|residential roofing|roof repair,local_commercial,,,900,hero|og|inline-1|inline-2,service|local-business|faq|breadcrumb-list,/services/roofing/|/service-areas/garretson-sd/|/service-areas/garretson-sd/fire-damage-restoration/|/service-areas/garretson-sd/mold-remediation/|/service-areas/adrian-mn/roofing/|/service-areas/akron-ia/roofing/|/contact/,7.00,planned
/service-areas/garretson-sd/water-damage-restoration/,service-area-service,"Water Damage Restoration in Garretson, SD | Crew Restoration & Construction",Water Damage Restoration in Garretson,"Water damage restoration in Garretson, SD. IICRC-certified, insurance billing accepted. Call (605) 965-2727.",water damage restoration garretson,water removal|water extraction|water cleanup|structural drying|water mitigation,local_emergency,,,900,hero|og|inline-1|inline-2,service|local-business|faq|breadcrumb-list,/services/water-damage-restoration/|/service-areas/garretson-sd/|/service-areas/garretson-sd/fire-damage-restoration/|/service-areas/garretson-sd/mold-remediation/|/service-areas/adrian-mn/water-damage-restoration/|/service-areas/akron-ia/water-damage-restoration/|/contact/,7.00,planned
/service-areas/george-ia/fire-damage-restoration/,service-area-service,"Fire Damage Restoration in George, IA | Crew Restoration & Construction",Fire Damage Restoration in George,"Fire damage restoration in George, IA. IICRC-certified, insurance billing accepted. Call (605) 965-2727.",fire damage restoration george,fire cleanup|fire and smoke restoration|structural fire damage|post-fire restoration|fire damage repair,local_emergency,,,900,hero|og|inline-1|inline-2,service|local-business|faq|breadcrumb-list,/services/fire-damage-restoration/|/service-areas/george-ia/|/service-areas/george-ia/mold-remediation/|/service-areas/george-ia/roofing/|/service-areas/adrian-mn/fire-damage-restoration/|/service-areas/akron-ia/fire-damage-restoration/|/contact/,7.00,planned
/service-areas/george-ia/mold-remediation/,service-area-service,"Mold Remediation in George, IA | Crew Restoration & Construction",Mold Remediation in George,"Mold remediation in George, IA. IICRC-certified, insurance billing accepted. Call (605) 965-2727.",mold remediation george,mold removal|black mold remediation|mold abatement|mold containment|mold cleanup,local_health,,,900,hero|og|inline-1|inline-2,service|local-business|faq|breadcrumb-list,/services/mold-remediation/|/service-areas/george-ia/|/service-areas/george-ia/fire-damage-restoration/|/service-areas/george-ia/roofing/|/service-areas/adrian-mn/mold-remediation/|/service-areas/akron-ia/mold-remediation/|/contact/,7.00,planned
/service-areas/george-ia/roofing/,service-area-service,"Roofing Installation and Replacement in George, IA | Crew Restoration & Construction",Roofing Installation and Replacement in George,"Roofing installation and replacement in George, IA. IICRC-certified, insurance billing accepted. Call (605) 965-2727.",roofing installation and replacement george,roofing contractor|roof replacement|new roof installation|residential roofing|roof repair,local_commercial,,,900,hero|og|inline-1|inline-2,service|local-business|faq|breadcrumb-list,/services/roofing/|/service-areas/george-ia/|/service-areas/george-ia/fire-damage-restoration/|/service-areas/george-ia/mold-remediation/|/service-areas/adrian-mn/roofing/|/service-areas/akron-ia/roofing/|/contact/,7.00,planned
/service-areas/george-ia/water-damage-restoration/,service-area-service,"Water Damage Restoration in George, IA | Crew Restoration & Construction",Water Damage Restoration in George,"Water damage restoration in George, IA. IICRC-certified, insurance billing accepted. Call (605) 965-2727.",water damage restoration george,water removal|water extraction|water cleanup|structural drying|water mitigation,local_emergency,,,900,hero|og|inline-1|inline-2,service|local-business|faq|breadcrumb-list,/services/water-damage-restoration/|/service-areas/george-ia/|/service-areas/george-ia/fire-damage-restoration/|/service-areas/george-ia/mold-remediation/|/service-areas/adrian-mn/water-damage-restoration/|/service-areas/akron-ia/water-damage-restoration/|/contact/,7.00,planned
/service-areas/harrisburg-sd/fire-damage-restoration/,service-area-service,"Fire Damage Restoration in Harrisburg, SD | Crew Restoration & Construction",Fire Damage Restoration in Harrisburg,"Fire damage restoration in Harrisburg, SD. IICRC-certified, insurance billing accepted. Call (605) 965-2727.",fire damage restoration harrisburg,fire cleanup|fire and smoke restoration|structural fire damage|post-fire restoration|fire damage repair,local_emergency,,,900,hero|og|inline-1|inline-2,service|local-business|faq|breadcrumb-list,/services/fire-damage-restoration/|/service-areas/harrisburg-sd/|/service-areas/harrisburg-sd/mold-remediation/|/service-areas/harrisburg-sd/roofing/|/service-areas/adrian-mn/fire-damage-restoration/|/service-areas/akron-ia/fire-damage-restoration/|/contact/,7.00,planned
/service-areas/harrisburg-sd/mold-remediation/,service-area-service,"Mold Remediation in Harrisburg, SD | Crew Restoration & Construction",Mold Remediation in Harrisburg,"Mold remediation in Harrisburg, SD. IICRC-certified, insurance billing accepted. Call (605) 965-2727.",mold remediation harrisburg,mold removal|black mold remediation|mold abatement|mold containment|mold cleanup,local_health,,,900,hero|og|inline-1|inline-2,service|local-business|faq|breadcrumb-list,/services/mold-remediation/|/service-areas/harrisburg-sd/|/service-areas/harrisburg-sd/fire-damage-restoration/|/service-areas/harrisburg-sd/roofing/|/service-areas/adrian-mn/mold-remediation/|/service-areas/akron-ia/mold-remediation/|/contact/,7.00,planned
/service-areas/harrisburg-sd/roofing/,service-area-service,"Roofing Installation and Replacement in Harrisburg, SD | Crew Restoration & Construction",Roofing Installation and Replacement in Harrisburg,"Roofing installation and replacement in Harrisburg, SD. IICRC-certified, insurance billing accepted. Call (605) 965-2727.",roofing installation and replacement harrisburg,roofing contractor|roof replacement|new roof installation|residential roofing|roof repair,local_commercial,,,900,hero|og|inline-1|inline-2,service|local-business|faq|breadcrumb-list,/services/roofing/|/service-areas/harrisburg-sd/|/service-areas/harrisburg-sd/fire-damage-restoration/|/service-areas/harrisburg-sd/mold-remediation/|/service-areas/adrian-mn/roofing/|/service-areas/akron-ia/roofing/|/contact/,7.00,planned
/service-areas/harrisburg-sd/water-damage-restoration/,service-area-service,"Water Damage Restoration in Harrisburg, SD | Crew Restoration & Construction",Water Damage Restoration in Harrisburg,"Water damage restoration in Harrisburg, SD. IICRC-certified, insurance billing accepted. Call (605) 965-2727.",water damage restoration harrisburg,water removal|water extraction|water cleanup|structural drying|water mitigation,local_emergency,,,900,hero|og|inline-1|inline-2,service|local-business|faq|breadcrumb-list,/services/water-damage-restoration/|/service-areas/harrisburg-sd/|/service-areas/harrisburg-sd/fire-damage-restoration/|/service-areas/harrisburg-sd/mold-remediation/|/service-areas/adrian-mn/water-damage-restoration/|/service-areas/akron-ia/water-damage-restoration/|/contact/,7.00,planned
/service-areas/hartford-sd/fire-damage-restoration/,service-area-service,"Fire Damage Restoration in Hartford, SD | Crew Restoration & Construction",Fire Damage Restoration in Hartford,"Fire damage restoration in Hartford, SD. IICRC-certified, insurance billing accepted. Call (605) 965-2727.",fire damage restoration hartford,fire cleanup|fire and smoke restoration|structural fire damage|post-fire restoration|fire damage repair,local_emergency,,,900,hero|og|inline-1|inline-2,service|local-business|faq|breadcrumb-list,/services/fire-damage-restoration/|/service-areas/hartford-sd/|/service-areas/hartford-sd/mold-remediation/|/service-areas/hartford-sd/roofing/|/service-areas/adrian-mn/fire-damage-restoration/|/service-areas/akron-ia/fire-damage-restoration/|/contact/,7.00,planned
/service-areas/hartford-sd/mold-remediation/,service-area-service,"Mold Remediation in Hartford, SD | Crew Restoration & Construction",Mold Remediation in Hartford,"Mold remediation in Hartford, SD. IICRC-certified, insurance billing accepted. Call (605) 965-2727.",mold remediation hartford,mold removal|black mold remediation|mold abatement|mold containment|mold cleanup,local_health,,,900,hero|og|inline-1|inline-2,service|local-business|faq|breadcrumb-list,/services/mold-remediation/|/service-areas/hartford-sd/|/service-areas/hartford-sd/fire-damage-restoration/|/service-areas/hartford-sd/roofing/|/service-areas/adrian-mn/mold-remediation/|/service-areas/akron-ia/mold-remediation/|/contact/,7.00,planned
/service-areas/hartford-sd/roofing/,service-area-service,"Roofing Installation and Replacement in Hartford, SD | Crew Restoration & Construction",Roofing Installation and Replacement in Hartford,"Roofing installation and replacement in Hartford, SD. IICRC-certified, insurance billing accepted. Call (605) 965-2727.",roofing installation and replacement hartford,roofing contractor|roof replacement|new roof installation|residential roofing|roof repair,local_commercial,,,900,hero|og|inline-1|inline-2,service|local-business|faq|breadcrumb-list,/services/roofing/|/service-areas/hartford-sd/|/service-areas/hartford-sd/fire-damage-restoration/|/service-areas/hartford-sd/mold-remediation/|/service-areas/adrian-mn/roofing/|/service-areas/akron-ia/roofing/|/contact/,7.00,planned
/service-areas/hartford-sd/water-damage-restoration/,service-area-service,"Water Damage Restoration in Hartford, SD | Crew Restoration & Construction",Water Damage Restoration in Hartford,"Water damage restoration in Hartford, SD. IICRC-certified, insurance billing accepted. Call (605) 965-2727.",water damage restoration hartford,water removal|water extraction|water cleanup|structural drying|water mitigation,local_emergency,,,900,hero|og|inline-1|inline-2,service|local-business|faq|breadcrumb-list,/services/water-damage-restoration/|/service-areas/hartford-sd/|/service-areas/hartford-sd/fire-damage-restoration/|/service-areas/hartford-sd/mold-remediation/|/service-areas/adrian-mn/water-damage-restoration/|/service-areas/akron-ia/water-damage-restoration/|/contact/,7.00,planned
/service-areas/hawarden-ia/fire-damage-restoration/,service-area-service,"Fire Damage Restoration in Hawarden, IA | Crew Restoration & Construction",Fire Damage Restoration in Hawarden,"Fire damage restoration in Hawarden, IA. IICRC-certified, insurance billing accepted. Call (605) 965-2727.",fire damage restoration hawarden,fire cleanup|fire and smoke restoration|structural fire damage|post-fire restoration|fire damage repair,local_emergency,,,900,hero|og|inline-1|inline-2,service|local-business|faq|breadcrumb-list,/services/fire-damage-restoration/|/service-areas/hawarden-ia/|/service-areas/hawarden-ia/mold-remediation/|/service-areas/hawarden-ia/roofing/|/service-areas/adrian-mn/fire-damage-restoration/|/service-areas/akron-ia/fire-damage-restoration/|/contact/,7.00,planned
/service-areas/hawarden-ia/mold-remediation/,service-area-service,"Mold Remediation in Hawarden, IA | Crew Restoration & Construction",Mold Remediation in Hawarden,"Mold remediation in Hawarden, IA. IICRC-certified, insurance billing accepted. Call (605) 965-2727.",mold remediation hawarden,mold removal|black mold remediation|mold abatement|mold containment|mold cleanup,local_health,,,900,hero|og|inline-1|inline-2,service|local-business|faq|breadcrumb-list,/services/mold-remediation/|/service-areas/hawarden-ia/|/service-areas/hawarden-ia/fire-damage-restoration/|/service-areas/hawarden-ia/roofing/|/service-areas/adrian-mn/mold-remediation/|/service-areas/akron-ia/mold-remediation/|/contact/,7.00,planned
/service-areas/hawarden-ia/roofing/,service-area-service,"Roofing Installation and Replacement in Hawarden, IA | Crew Restoration & Construction",Roofing Installation and Replacement in Hawarden,"Roofing installation and replacement in Hawarden, IA. IICRC-certified, insurance billing accepted. Call (605) 965-2727.",roofing installation and replacement hawarden,roofing contractor|roof replacement|new roof installation|residential roofing|roof repair,local_commercial,,,900,hero|og|inline-1|inline-2,service|local-business|faq|breadcrumb-list,/services/roofing/|/service-areas/hawarden-ia/|/service-areas/hawarden-ia/fire-damage-restoration/|/service-areas/hawarden-ia/mold-remediation/|/service-areas/adrian-mn/roofing/|/service-areas/akron-ia/roofing/|/contact/,7.00,planned
/service-areas/hawarden-ia/water-damage-restoration/,service-area-service,"Water Damage Restoration in Hawarden, IA | Crew Restoration & Construction",Water Damage Restoration in Hawarden,"Water damage restoration in Hawarden, IA. IICRC-certified, insurance billing accepted. Call (605) 965-2727.",water damage restoration hawarden,water removal|water extraction|water cleanup|structural drying|water mitigation,local_emergency,,,900,hero|og|inline-1|inline-2,service|local-business|faq|breadcrumb-list,/services/water-damage-restoration/|/service-areas/hawarden-ia/|/service-areas/hawarden-ia/fire-damage-restoration/|/service-areas/hawarden-ia/mold-remediation/|/service-areas/adrian-mn/water-damage-restoration/|/service-areas/akron-ia/water-damage-restoration/|/contact/,7.00,planned
/service-areas/hinton-ia/fire-damage-restoration/,service-area-service,"Fire Damage Restoration in Hinton, IA | Crew Restoration & Construction",Fire Damage Restoration in Hinton,"Fire damage restoration in Hinton, IA. IICRC-certified, insurance billing accepted. Call (605) 965-2727.",fire damage restoration hinton,fire cleanup|fire and smoke restoration|structural fire damage|post-fire restoration|fire damage repair,local_emergency,,,900,hero|og|inline-1|inline-2,service|local-business|faq|breadcrumb-list,/services/fire-damage-restoration/|/service-areas/hinton-ia/|/service-areas/hinton-ia/mold-remediation/|/service-areas/hinton-ia/roofing/|/service-areas/adrian-mn/fire-damage-restoration/|/service-areas/akron-ia/fire-damage-restoration/|/contact/,7.00,planned
/service-areas/hinton-ia/mold-remediation/,service-area-service,"Mold Remediation in Hinton, IA | Crew Restoration & Construction",Mold Remediation in Hinton,"Mold remediation in Hinton, IA. IICRC-certified, insurance billing accepted. Call (605) 965-2727.",mold remediation hinton,mold removal|black mold remediation|mold abatement|mold containment|mold cleanup,local_health,,,900,hero|og|inline-1|inline-2,service|local-business|faq|breadcrumb-list,/services/mold-remediation/|/service-areas/hinton-ia/|/service-areas/hinton-ia/fire-damage-restoration/|/service-areas/hinton-ia/roofing/|/service-areas/adrian-mn/mold-remediation/|/service-areas/akron-ia/mold-remediation/|/contact/,7.00,planned
/service-areas/hinton-ia/roofing/,service-area-service,"Roofing Installation and Replacement in Hinton, IA | Crew Restoration & Construction",Roofing Installation and Replacement in Hinton,"Roofing installation and replacement in Hinton, IA. IICRC-certified, insurance billing accepted. Call (605) 965-2727.",roofing installation and replacement hinton,roofing contractor|roof replacement|new roof installation|residential roofing|roof repair,local_commercial,,,900,hero|og|inline-1|inline-2,service|local-business|faq|breadcrumb-list,/services/roofing/|/service-areas/hinton-ia/|/service-areas/hinton-ia/fire-damage-restoration/|/service-areas/hinton-ia/mold-remediation/|/service-areas/adrian-mn/roofing/|/service-areas/akron-ia/roofing/|/contact/,7.00,planned
/service-areas/hinton-ia/water-damage-restoration/,service-area-service,"Water Damage Restoration in Hinton, IA | Crew Restoration & Construction",Water Damage Restoration in Hinton,"Water damage restoration in Hinton, IA. IICRC-certified, insurance billing accepted. Call (605) 965-2727.",water damage restoration hinton,water removal|water extraction|water cleanup|structural drying|water mitigation,local_emergency,,,900,hero|og|inline-1|inline-2,service|local-business|faq|breadcrumb-list,/services/water-damage-restoration/|/service-areas/hinton-ia/|/service-areas/hinton-ia/fire-damage-restoration/|/service-areas/hinton-ia/mold-remediation/|/service-areas/adrian-mn/water-damage-restoration/|/service-areas/akron-ia/water-damage-restoration/|/contact/,7.00,planned
/service-areas/hull-ia/fire-damage-restoration/,service-area-service,"Fire Damage Restoration in Hull, IA | Crew Restoration & Construction",Fire Damage Restoration in Hull,"Fire damage restoration in Hull, IA. IICRC-certified, insurance billing accepted. Call (605) 965-2727.",fire damage restoration hull,fire cleanup|fire and smoke restoration|structural fire damage|post-fire restoration|fire damage repair,local_emergency,,,900,hero|og|inline-1|inline-2,service|local-business|faq|breadcrumb-list,/services/fire-damage-restoration/|/service-areas/hull-ia/|/service-areas/hull-ia/mold-remediation/|/service-areas/hull-ia/roofing/|/service-areas/adrian-mn/fire-damage-restoration/|/service-areas/akron-ia/fire-damage-restoration/|/contact/,7.00,planned
/service-areas/hull-ia/mold-remediation/,service-area-service,"Mold Remediation in Hull, IA | Crew Restoration & Construction",Mold Remediation in Hull,"Mold remediation in Hull, IA. IICRC-certified, insurance billing accepted. Call (605) 965-2727.",mold remediation hull,mold removal|black mold remediation|mold abatement|mold containment|mold cleanup,local_health,,,900,hero|og|inline-1|inline-2,service|local-business|faq|breadcrumb-list,/services/mold-remediation/|/service-areas/hull-ia/|/service-areas/hull-ia/fire-damage-restoration/|/service-areas/hull-ia/roofing/|/service-areas/adrian-mn/mold-remediation/|/service-areas/akron-ia/mold-remediation/|/contact/,7.00,planned
/service-areas/hull-ia/roofing/,service-area-service,"Roofing Installation and Replacement in Hull, IA | Crew Restoration & Construction",Roofing Installation and Replacement in Hull,"Roofing installation and replacement in Hull, IA. IICRC-certified, insurance billing accepted. Call (605) 965-2727.",roofing installation and replacement hull,roofing contractor|roof replacement|new roof installation|residential roofing|roof repair,local_commercial,,,900,hero|og|inline-1|inline-2,service|local-business|faq|breadcrumb-list,/services/roofing/|/service-areas/hull-ia/|/service-areas/hull-ia/fire-damage-restoration/|/service-areas/hull-ia/mold-remediation/|/service-areas/adrian-mn/roofing/|/service-areas/akron-ia/roofing/|/contact/,7.00,planned
/service-areas/hull-ia/water-damage-restoration/,service-area-service,"Water Damage Restoration in Hull, IA | Crew Restoration & Construction",Water Damage Restoration in Hull,"Water damage restoration in Hull, IA. IICRC-certified, insurance billing accepted. Call (605) 965-2727.",water damage restoration hull,water removal|water extraction|water cleanup|structural drying|water mitigation,local_emergency,,,900,hero|og|inline-1|inline-2,service|local-business|faq|breadcrumb-list,/services/water-damage-restoration/|/service-areas/hull-ia/|/service-areas/hull-ia/fire-damage-restoration/|/service-areas/hull-ia/mold-remediation/|/service-areas/adrian-mn/water-damage-restoration/|/service-areas/akron-ia/water-damage-restoration/|/contact/,7.00,planned
/service-areas/kingsley-ia/fire-damage-restoration/,service-area-service,"Fire Damage Restoration in Kingsley, IA | Crew Restoration & Construction",Fire Damage Restoration in Kingsley,"Fire damage restoration in Kingsley, IA. IICRC-certified, insurance billing accepted. Call (605) 965-2727.",fire damage restoration kingsley,fire cleanup|fire and smoke restoration|structural fire damage|post-fire restoration|fire damage repair,local_emergency,,,900,hero|og|inline-1|inline-2,service|local-business|faq|breadcrumb-list,/services/fire-damage-restoration/|/service-areas/kingsley-ia/|/service-areas/kingsley-ia/mold-remediation/|/service-areas/kingsley-ia/roofing/|/service-areas/adrian-mn/fire-damage-restoration/|/service-areas/akron-ia/fire-damage-restoration/|/contact/,7.00,planned
/service-areas/kingsley-ia/mold-remediation/,service-area-service,"Mold Remediation in Kingsley, IA | Crew Restoration & Construction",Mold Remediation in Kingsley,"Mold remediation in Kingsley, IA. IICRC-certified, insurance billing accepted. Call (605) 965-2727.",mold remediation kingsley,mold removal|black mold remediation|mold abatement|mold containment|mold cleanup,local_health,,,900,hero|og|inline-1|inline-2,service|local-business|faq|breadcrumb-list,/services/mold-remediation/|/service-areas/kingsley-ia/|/service-areas/kingsley-ia/fire-damage-restoration/|/service-areas/kingsley-ia/roofing/|/service-areas/adrian-mn/mold-remediation/|/service-areas/akron-ia/mold-remediation/|/contact/,7.00,planned
/service-areas/kingsley-ia/roofing/,service-area-service,"Roofing Installation and Replacement in Kingsley, IA | Crew Restoration & Construction",Roofing Installation and Replacement in Kingsley,"Roofing installation and replacement in Kingsley, IA. IICRC-certified, insurance billing accepted. Call (605) 965-2727.",roofing installation and replacement kingsley,roofing contractor|roof replacement|new roof installation|residential roofing|roof repair,local_commercial,,,900,hero|og|inline-1|inline-2,service|local-business|faq|breadcrumb-list,/services/roofing/|/service-areas/kingsley-ia/|/service-areas/kingsley-ia/fire-damage-restoration/|/service-areas/kingsley-ia/mold-remediation/|/service-areas/adrian-mn/roofing/|/service-areas/akron-ia/roofing/|/contact/,7.00,planned
/service-areas/kingsley-ia/water-damage-restoration/,service-area-service,"Water Damage Restoration in Kingsley, IA | Crew Restoration & Construction",Water Damage Restoration in Kingsley,"Water damage restoration in Kingsley, IA. IICRC-certified, insurance billing accepted. Call (605) 965-2727.",water damage restoration kingsley,water removal|water extraction|water cleanup|structural drying|water mitigation,local_emergency,,,900,hero|og|inline-1|inline-2,service|local-business|faq|breadcrumb-list,/services/water-damage-restoration/|/service-areas/kingsley-ia/|/service-areas/kingsley-ia/fire-damage-restoration/|/service-areas/kingsley-ia/mold-remediation/|/service-areas/adrian-mn/water-damage-restoration/|/service-areas/akron-ia/water-damage-restoration/|/contact/,7.00,planned
/service-areas/le-mars-ia/fire-damage-restoration/,service-area-service,"Fire Damage Restoration in Le Mars, IA | Crew Restoration & Construction",Fire Damage Restoration in Le Mars,"Fire damage restoration in Le Mars, IA. IICRC-certified, insurance billing accepted. Call (605) 965-2727.",fire damage restoration le mars,fire cleanup|fire and smoke restoration|structural fire damage|post-fire restoration|fire damage repair,local_emergency,,,900,hero|og|inline-1|inline-2,service|local-business|faq|breadcrumb-list,/services/fire-damage-restoration/|/service-areas/le-mars-ia/|/service-areas/le-mars-ia/mold-remediation/|/service-areas/le-mars-ia/roofing/|/service-areas/adrian-mn/fire-damage-restoration/|/service-areas/akron-ia/fire-damage-restoration/|/contact/,7.00,planned
/service-areas/le-mars-ia/mold-remediation/,service-area-service,"Mold Remediation in Le Mars, IA | Crew Restoration & Construction",Mold Remediation in Le Mars,"Mold remediation in Le Mars, IA. IICRC-certified, insurance billing accepted. Call (605) 965-2727.",mold remediation le mars,mold removal|black mold remediation|mold abatement|mold containment|mold cleanup,local_health,,,900,hero|og|inline-1|inline-2,service|local-business|faq|breadcrumb-list,/services/mold-remediation/|/service-areas/le-mars-ia/|/service-areas/le-mars-ia/fire-damage-restoration/|/service-areas/le-mars-ia/roofing/|/service-areas/adrian-mn/mold-remediation/|/service-areas/akron-ia/mold-remediation/|/contact/,7.00,planned
/service-areas/le-mars-ia/roofing/,service-area-service,"Roofing Installation and Replacement in Le Mars, IA | Crew Restoration & Construction",Roofing Installation and Replacement in Le Mars,"Roofing installation and replacement in Le Mars, IA. IICRC-certified, insurance billing accepted. Call (605) 965-2727.",roofing installation and replacement le mars,roofing contractor|roof replacement|new roof installation|residential roofing|roof repair,local_commercial,,,900,hero|og|inline-1|inline-2,service|local-business|faq|breadcrumb-list,/services/roofing/|/service-areas/le-mars-ia/|/service-areas/le-mars-ia/fire-damage-restoration/|/service-areas/le-mars-ia/mold-remediation/|/service-areas/adrian-mn/roofing/|/service-areas/akron-ia/roofing/|/contact/,7.00,planned
/service-areas/le-mars-ia/water-damage-restoration/,service-area-service,"Water Damage Restoration in Le Mars, IA | Crew Restoration & Construction",Water Damage Restoration in Le Mars,"Water damage restoration in Le Mars, IA. IICRC-certified, insurance billing accepted. Call (605) 965-2727.",water damage restoration le mars,water removal|water extraction|water cleanup|structural drying|water mitigation,local_emergency,,,900,hero|og|inline-1|inline-2,service|local-business|faq|breadcrumb-list,/services/water-damage-restoration/|/service-areas/le-mars-ia/|/service-areas/le-mars-ia/fire-damage-restoration/|/service-areas/le-mars-ia/mold-remediation/|/service-areas/adrian-mn/water-damage-restoration/|/service-areas/akron-ia/water-damage-restoration/|/contact/,7.00,planned
/service-areas/lennox-sd/fire-damage-restoration/,service-area-service,"Fire Damage Restoration in Lennox, SD | Crew Restoration & Construction",Fire Damage Restoration in Lennox,"Fire damage restoration in Lennox, SD. IICRC-certified, insurance billing accepted. Call (605) 965-2727.",fire damage restoration lennox,fire cleanup|fire and smoke restoration|structural fire damage|post-fire restoration|fire damage repair,local_emergency,,,900,hero|og|inline-1|inline-2,service|local-business|faq|breadcrumb-list,/services/fire-damage-restoration/|/service-areas/lennox-sd/|/service-areas/lennox-sd/mold-remediation/|/service-areas/lennox-sd/roofing/|/service-areas/adrian-mn/fire-damage-restoration/|/service-areas/akron-ia/fire-damage-restoration/|/contact/,7.00,planned
/service-areas/lennox-sd/mold-remediation/,service-area-service,"Mold Remediation in Lennox, SD | Crew Restoration & Construction",Mold Remediation in Lennox,"Mold remediation in Lennox, SD. IICRC-certified, insurance billing accepted. Call (605) 965-2727.",mold remediation lennox,mold removal|black mold remediation|mold abatement|mold containment|mold cleanup,local_health,,,900,hero|og|inline-1|inline-2,service|local-business|faq|breadcrumb-list,/services/mold-remediation/|/service-areas/lennox-sd/|/service-areas/lennox-sd/fire-damage-restoration/|/service-areas/lennox-sd/roofing/|/service-areas/adrian-mn/mold-remediation/|/service-areas/akron-ia/mold-remediation/|/contact/,7.00,planned
/service-areas/lennox-sd/roofing/,service-area-service,"Roofing Installation and Replacement in Lennox, SD | Crew Restoration & Construction",Roofing Installation and Replacement in Lennox,"Roofing installation and replacement in Lennox, SD. IICRC-certified, insurance billing accepted. Call (605) 965-2727.",roofing installation and replacement lennox,roofing contractor|roof replacement|new roof installation|residential roofing|roof repair,local_commercial,,,900,hero|og|inline-1|inline-2,service|local-business|faq|breadcrumb-list,/services/roofing/|/service-areas/lennox-sd/|/service-areas/lennox-sd/fire-damage-restoration/|/service-areas/lennox-sd/mold-remediation/|/service-areas/adrian-mn/roofing/|/service-areas/akron-ia/roofing/|/contact/,7.00,planned
/service-areas/lennox-sd/water-damage-restoration/,service-area-service,"Water Damage Restoration in Lennox, SD | Crew Restoration & Construction",Water Damage Restoration in Lennox,"Water damage restoration in Lennox, SD. IICRC-certified, insurance billing accepted. Call (605) 965-2727.",water damage restoration lennox,water removal|water extraction|water cleanup|structural drying|water mitigation,local_emergency,,,900,hero|og|inline-1|inline-2,service|local-business|faq|breadcrumb-list,/services/water-damage-restoration/|/service-areas/lennox-sd/|/service-areas/lennox-sd/fire-damage-restoration/|/service-areas/lennox-sd/mold-remediation/|/service-areas/adrian-mn/water-damage-restoration/|/service-areas/akron-ia/water-damage-restoration/|/contact/,7.00,planned
/service-areas/luverne-mn/fire-damage-restoration/,service-area-service,"Fire Damage Restoration in Luverne, MN | Crew Restoration & Construction",Fire Damage Restoration in Luverne,"Fire damage restoration in Luverne, MN. IICRC-certified, insurance billing accepted. Call (605) 965-2727.",fire damage restoration luverne,fire cleanup|fire and smoke restoration|structural fire damage|post-fire restoration|fire damage repair,local_emergency,,,900,hero|og|inline-1|inline-2,service|local-business|faq|breadcrumb-list,/services/fire-damage-restoration/|/service-areas/luverne-mn/|/service-areas/luverne-mn/mold-remediation/|/service-areas/luverne-mn/roofing/|/service-areas/adrian-mn/fire-damage-restoration/|/service-areas/akron-ia/fire-damage-restoration/|/contact/,7.00,planned
/service-areas/luverne-mn/mold-remediation/,service-area-service,"Mold Remediation in Luverne, MN | Crew Restoration & Construction",Mold Remediation in Luverne,"Mold remediation in Luverne, MN. IICRC-certified, insurance billing accepted. Call (605) 965-2727.",mold remediation luverne,mold removal|black mold remediation|mold abatement|mold containment|mold cleanup,local_health,,,900,hero|og|inline-1|inline-2,service|local-business|faq|breadcrumb-list,/services/mold-remediation/|/service-areas/luverne-mn/|/service-areas/luverne-mn/fire-damage-restoration/|/service-areas/luverne-mn/roofing/|/service-areas/adrian-mn/mold-remediation/|/service-areas/akron-ia/mold-remediation/|/contact/,7.00,planned
/service-areas/luverne-mn/roofing/,service-area-service,"Roofing Installation and Replacement in Luverne, MN | Crew Restoration & Construction",Roofing Installation and Replacement in Luverne,"Roofing installation and replacement in Luverne, MN. IICRC-certified, insurance billing accepted. Call (605) 965-2727.",roofing installation and replacement luverne,roofing contractor|roof replacement|new roof installation|residential roofing|roof repair,local_commercial,,,900,hero|og|inline-1|inline-2,service|local-business|faq|breadcrumb-list,/services/roofing/|/service-areas/luverne-mn/|/service-areas/luverne-mn/fire-damage-restoration/|/service-areas/luverne-mn/mold-remediation/|/service-areas/adrian-mn/roofing/|/service-areas/akron-ia/roofing/|/contact/,7.00,planned
/service-areas/luverne-mn/water-damage-restoration/,service-area-service,"Water Damage Restoration in Luverne, MN | Crew Restoration & Construction",Water Damage Restoration in Luverne,"Water damage restoration in Luverne, MN. IICRC-certified, insurance billing accepted. Call (605) 965-2727.",water damage restoration luverne,water removal|water extraction|water cleanup|structural drying|water mitigation,local_emergency,,,900,hero|og|inline-1|inline-2,service|local-business|faq|breadcrumb-list,/services/water-damage-restoration/|/service-areas/luverne-mn/|/service-areas/luverne-mn/fire-damage-restoration/|/service-areas/luverne-mn/mold-remediation/|/service-areas/adrian-mn/water-damage-restoration/|/service-areas/akron-ia/water-damage-restoration/|/contact/,7.00,planned
/service-areas/madison-sd/fire-damage-restoration/,service-area-service,"Fire Damage Restoration in Madison, SD | Crew Restoration & Construction",Fire Damage Restoration in Madison,"Fire damage restoration in Madison, SD. IICRC-certified, insurance billing accepted. Call (605) 965-2727.",fire damage restoration madison,fire cleanup|fire and smoke restoration|structural fire damage|post-fire restoration|fire damage repair,local_emergency,,,900,hero|og|inline-1|inline-2,service|local-business|faq|breadcrumb-list,/services/fire-damage-restoration/|/service-areas/madison-sd/|/service-areas/madison-sd/mold-remediation/|/service-areas/madison-sd/roofing/|/service-areas/adrian-mn/fire-damage-restoration/|/service-areas/akron-ia/fire-damage-restoration/|/contact/,7.00,planned
/service-areas/madison-sd/mold-remediation/,service-area-service,"Mold Remediation in Madison, SD | Crew Restoration & Construction",Mold Remediation in Madison,"Mold remediation in Madison, SD. IICRC-certified, insurance billing accepted. Call (605) 965-2727.",mold remediation madison,mold removal|black mold remediation|mold abatement|mold containment|mold cleanup,local_health,,,900,hero|og|inline-1|inline-2,service|local-business|faq|breadcrumb-list,/services/mold-remediation/|/service-areas/madison-sd/|/service-areas/madison-sd/fire-damage-restoration/|/service-areas/madison-sd/roofing/|/service-areas/adrian-mn/mold-remediation/|/service-areas/akron-ia/mold-remediation/|/contact/,7.00,planned
/service-areas/madison-sd/roofing/,service-area-service,"Roofing Installation and Replacement in Madison, SD | Crew Restoration & Construction",Roofing Installation and Replacement in Madison,"Roofing installation and replacement in Madison, SD. IICRC-certified, insurance billing accepted. Call (605) 965-2727.",roofing installation and replacement madison,roofing contractor|roof replacement|new roof installation|residential roofing|roof repair,local_commercial,,,900,hero|og|inline-1|inline-2,service|local-business|faq|breadcrumb-list,/services/roofing/|/service-areas/madison-sd/|/service-areas/madison-sd/fire-damage-restoration/|/service-areas/madison-sd/mold-remediation/|/service-areas/adrian-mn/roofing/|/service-areas/akron-ia/roofing/|/contact/,7.00,planned
/service-areas/madison-sd/water-damage-restoration/,service-area-service,"Water Damage Restoration in Madison, SD | Crew Restoration & Construction",Water Damage Restoration in Madison,"Water damage restoration in Madison, SD. IICRC-certified, insurance billing accepted. Call (605) 965-2727.",water damage restoration madison,water removal|water extraction|water cleanup|structural drying|water mitigation,local_emergency,,,900,hero|og|inline-1|inline-2,service|local-business|faq|breadcrumb-list,/services/water-damage-restoration/|/service-areas/madison-sd/|/service-areas/madison-sd/fire-damage-restoration/|/service-areas/madison-sd/mold-remediation/|/service-areas/adrian-mn/water-damage-restoration/|/service-areas/akron-ia/water-damage-restoration/|/contact/,7.00,planned
/service-areas/merrill-ia/fire-damage-restoration/,service-area-service,"Fire Damage Restoration in Merrill, IA | Crew Restoration & Construction",Fire Damage Restoration in Merrill,"Fire damage restoration in Merrill, IA. IICRC-certified, insurance billing accepted. Call (605) 965-2727.",fire damage restoration merrill,fire cleanup|fire and smoke restoration|structural fire damage|post-fire restoration|fire damage repair,local_emergency,,,900,hero|og|inline-1|inline-2,service|local-business|faq|breadcrumb-list,/services/fire-damage-restoration/|/service-areas/merrill-ia/|/service-areas/merrill-ia/mold-remediation/|/service-areas/merrill-ia/roofing/|/service-areas/adrian-mn/fire-damage-restoration/|/service-areas/akron-ia/fire-damage-restoration/|/contact/,7.00,planned
/service-areas/merrill-ia/mold-remediation/,service-area-service,"Mold Remediation in Merrill, IA | Crew Restoration & Construction",Mold Remediation in Merrill,"Mold remediation in Merrill, IA. IICRC-certified, insurance billing accepted. Call (605) 965-2727.",mold remediation merrill,mold removal|black mold remediation|mold abatement|mold containment|mold cleanup,local_health,,,900,hero|og|inline-1|inline-2,service|local-business|faq|breadcrumb-list,/services/mold-remediation/|/service-areas/merrill-ia/|/service-areas/merrill-ia/fire-damage-restoration/|/service-areas/merrill-ia/roofing/|/service-areas/adrian-mn/mold-remediation/|/service-areas/akron-ia/mold-remediation/|/contact/,7.00,planned
/service-areas/merrill-ia/roofing/,service-area-service,"Roofing Installation and Replacement in Merrill, IA | Crew Restoration & Construction",Roofing Installation and Replacement in Merrill,"Roofing installation and replacement in Merrill, IA. IICRC-certified, insurance billing accepted. Call (605) 965-2727.",roofing installation and replacement merrill,roofing contractor|roof replacement|new roof installation|residential roofing|roof repair,local_commercial,,,900,hero|og|inline-1|inline-2,service|local-business|faq|breadcrumb-list,/services/roofing/|/service-areas/merrill-ia/|/service-areas/merrill-ia/fire-damage-restoration/|/service-areas/merrill-ia/mold-remediation/|/service-areas/adrian-mn/roofing/|/service-areas/akron-ia/roofing/|/contact/,7.00,planned
/service-areas/merrill-ia/water-damage-restoration/,service-area-service,"Water Damage Restoration in Merrill, IA | Crew Restoration & Construction",Water Damage Restoration in Merrill,"Water damage restoration in Merrill, IA. IICRC-certified, insurance billing accepted. Call (605) 965-2727.",water damage restoration merrill,water removal|water extraction|water cleanup|structural drying|water mitigation,local_emergency,,,900,hero|og|inline-1|inline-2,service|local-business|faq|breadcrumb-list,/services/water-damage-restoration/|/service-areas/merrill-ia/|/service-areas/merrill-ia/fire-damage-restoration/|/service-areas/merrill-ia/mold-remediation/|/service-areas/adrian-mn/water-damage-restoration/|/service-areas/akron-ia/water-damage-restoration/|/contact/,7.00,planned
/service-areas/north-sioux-city-sd/fire-damage-restoration/,service-area-service,"Fire Damage Restoration in North Sioux City, SD | Crew Restoration & Construction",Fire Damage Restoration in North Sioux City,"Fire damage restoration in North Sioux City, SD. IICRC-certified, insurance billing accepted. Call (605) 965-2727.",fire damage restoration north sioux city,fire cleanup|fire and smoke restoration|structural fire damage|post-fire restoration|fire damage repair,local_emergency,,,900,hero|og|inline-1|inline-2,service|local-business|faq|breadcrumb-list,/services/fire-damage-restoration/|/service-areas/north-sioux-city-sd/|/service-areas/north-sioux-city-sd/mold-remediation/|/service-areas/north-sioux-city-sd/roofing/|/service-areas/adrian-mn/fire-damage-restoration/|/service-areas/akron-ia/fire-damage-restoration/|/contact/,7.00,planned
/service-areas/north-sioux-city-sd/mold-remediation/,service-area-service,"Mold Remediation in North Sioux City, SD | Crew Restoration & Construction",Mold Remediation in North Sioux City,"Mold remediation in North Sioux City, SD. IICRC-certified, insurance billing accepted. Call (605) 965-2727.",mold remediation north sioux city,mold removal|black mold remediation|mold abatement|mold containment|mold cleanup,local_health,,,900,hero|og|inline-1|inline-2,service|local-business|faq|breadcrumb-list,/services/mold-remediation/|/service-areas/north-sioux-city-sd/|/service-areas/north-sioux-city-sd/fire-damage-restoration/|/service-areas/north-sioux-city-sd/roofing/|/service-areas/adrian-mn/mold-remediation/|/service-areas/akron-ia/mold-remediation/|/contact/,7.00,planned
/service-areas/north-sioux-city-sd/roofing/,service-area-service,"Roofing Installation and Replacement in North Sioux City, SD | Crew Restoration & Construction",Roofing Installation and Replacement in North Sioux City,"Roofing installation and replacement in North Sioux City, SD. IICRC-certified, insurance billing accepted. Call (605) 965-2727.",roofing installation and replacement north sioux city,roofing contractor|roof replacement|new roof installation|residential roofing|roof repair,local_commercial,,,900,hero|og|inline-1|inline-2,service|local-business|faq|breadcrumb-list,/services/roofing/|/service-areas/north-sioux-city-sd/|/service-areas/north-sioux-city-sd/fire-damage-restoration/|/service-areas/north-sioux-city-sd/mold-remediation/|/service-areas/adrian-mn/roofing/|/service-areas/akron-ia/roofing/|/contact/,7.00,planned
/service-areas/north-sioux-city-sd/water-damage-restoration/,service-area-service,"Water Damage Restoration in North Sioux City, SD | Crew Restoration & Construction",Water Damage Restoration in North Sioux City,"Water damage restoration in North Sioux City, SD. IICRC-certified, insurance billing accepted. Call (605) 965-2727.",water damage restoration north sioux city,water removal|water extraction|water cleanup|structural drying|water mitigation,local_emergency,,,900,hero|og|inline-1|inline-2,service|local-business|faq|breadcrumb-list,/services/water-damage-restoration/|/service-areas/north-sioux-city-sd/|/service-areas/north-sioux-city-sd/fire-damage-restoration/|/service-areas/north-sioux-city-sd/mold-remediation/|/service-areas/adrian-mn/water-damage-restoration/|/service-areas/akron-ia/water-damage-restoration/|/contact/,7.00,planned
/service-areas/orange-city-ia/fire-damage-restoration/,service-area-service,"Fire Damage Restoration in Orange City, IA | Crew Restoration & Construction",Fire Damage Restoration in Orange City,"Fire damage restoration in Orange City, IA. IICRC-certified, insurance billing accepted. Call (605) 965-2727.",fire damage restoration orange city,fire cleanup|fire and smoke restoration|structural fire damage|post-fire restoration|fire damage repair,local_emergency,,,900,hero|og|inline-1|inline-2,service|local-business|faq|breadcrumb-list,/services/fire-damage-restoration/|/service-areas/orange-city-ia/|/service-areas/orange-city-ia/mold-remediation/|/service-areas/orange-city-ia/roofing/|/service-areas/adrian-mn/fire-damage-restoration/|/service-areas/akron-ia/fire-damage-restoration/|/contact/,7.00,planned
/service-areas/orange-city-ia/mold-remediation/,service-area-service,"Mold Remediation in Orange City, IA | Crew Restoration & Construction",Mold Remediation in Orange City,"Mold remediation in Orange City, IA. IICRC-certified, insurance billing accepted. Call (605) 965-2727.",mold remediation orange city,mold removal|black mold remediation|mold abatement|mold containment|mold cleanup,local_health,,,900,hero|og|inline-1|inline-2,service|local-business|faq|breadcrumb-list,/services/mold-remediation/|/service-areas/orange-city-ia/|/service-areas/orange-city-ia/fire-damage-restoration/|/service-areas/orange-city-ia/roofing/|/service-areas/adrian-mn/mold-remediation/|/service-areas/akron-ia/mold-remediation/|/contact/,7.00,planned
/service-areas/orange-city-ia/roofing/,service-area-service,"Roofing Installation and Replacement in Orange City, IA | Crew Restoration & Construction",Roofing Installation and Replacement in Orange City,"Roofing installation and replacement in Orange City, IA. IICRC-certified, insurance billing accepted. Call (605) 965-2727.",roofing installation and replacement orange city,roofing contractor|roof replacement|new roof installation|residential roofing|roof repair,local_commercial,,,900,hero|og|inline-1|inline-2,service|local-business|faq|breadcrumb-list,/services/roofing/|/service-areas/orange-city-ia/|/service-areas/orange-city-ia/fire-damage-restoration/|/service-areas/orange-city-ia/mold-remediation/|/service-areas/adrian-mn/roofing/|/service-areas/akron-ia/roofing/|/contact/,7.00,planned
/service-areas/orange-city-ia/water-damage-restoration/,service-area-service,"Water Damage Restoration in Orange City, IA | Crew Restoration & Construction",Water Damage Restoration in Orange City,"Water damage restoration in Orange City, IA. IICRC-certified, insurance billing accepted. Call (605) 965-2727.",water damage restoration orange city,water removal|water extraction|water cleanup|structural drying|water mitigation,local_emergency,,,900,hero|og|inline-1|inline-2,service|local-business|faq|breadcrumb-list,/services/water-damage-restoration/|/service-areas/orange-city-ia/|/service-areas/orange-city-ia/fire-damage-restoration/|/service-areas/orange-city-ia/mold-remediation/|/service-areas/adrian-mn/water-damage-restoration/|/service-areas/akron-ia/water-damage-restoration/|/contact/,7.00,planned
/service-areas/parker-sd/fire-damage-restoration/,service-area-service,"Fire Damage Restoration in Parker, SD | Crew Restoration & Construction",Fire Damage Restoration in Parker,"Fire damage restoration in Parker, SD. IICRC-certified, insurance billing accepted. Call (605) 965-2727.",fire damage restoration parker,fire cleanup|fire and smoke restoration|structural fire damage|post-fire restoration|fire damage repair,local_emergency,,,900,hero|og|inline-1|inline-2,service|local-business|faq|breadcrumb-list,/services/fire-damage-restoration/|/service-areas/parker-sd/|/service-areas/parker-sd/mold-remediation/|/service-areas/parker-sd/roofing/|/service-areas/adrian-mn/fire-damage-restoration/|/service-areas/akron-ia/fire-damage-restoration/|/contact/,7.00,planned
/service-areas/parker-sd/mold-remediation/,service-area-service,"Mold Remediation in Parker, SD | Crew Restoration & Construction",Mold Remediation in Parker,"Mold remediation in Parker, SD. IICRC-certified, insurance billing accepted. Call (605) 965-2727.",mold remediation parker,mold removal|black mold remediation|mold abatement|mold containment|mold cleanup,local_health,,,900,hero|og|inline-1|inline-2,service|local-business|faq|breadcrumb-list,/services/mold-remediation/|/service-areas/parker-sd/|/service-areas/parker-sd/fire-damage-restoration/|/service-areas/parker-sd/roofing/|/service-areas/adrian-mn/mold-remediation/|/service-areas/akron-ia/mold-remediation/|/contact/,7.00,planned
/service-areas/parker-sd/roofing/,service-area-service,"Roofing Installation and Replacement in Parker, SD | Crew Restoration & Construction",Roofing Installation and Replacement in Parker,"Roofing installation and replacement in Parker, SD. IICRC-certified, insurance billing accepted. Call (605) 965-2727.",roofing installation and replacement parker,roofing contractor|roof replacement|new roof installation|residential roofing|roof repair,local_commercial,,,900,hero|og|inline-1|inline-2,service|local-business|faq|breadcrumb-list,/services/roofing/|/service-areas/parker-sd/|/service-areas/parker-sd/fire-damage-restoration/|/service-areas/parker-sd/mold-remediation/|/service-areas/adrian-mn/roofing/|/service-areas/akron-ia/roofing/|/contact/,7.00,planned
/service-areas/parker-sd/water-damage-restoration/,service-area-service,"Water Damage Restoration in Parker, SD | Crew Restoration & Construction",Water Damage Restoration in Parker,"Water damage restoration in Parker, SD. IICRC-certified, insurance billing accepted. Call (605) 965-2727.",water damage restoration parker,water removal|water extraction|water cleanup|structural drying|water mitigation,local_emergency,,,900,hero|og|inline-1|inline-2,service|local-business|faq|breadcrumb-list,/services/water-damage-restoration/|/service-areas/parker-sd/|/service-areas/parker-sd/fire-damage-restoration/|/service-areas/parker-sd/mold-remediation/|/service-areas/adrian-mn/water-damage-restoration/|/service-areas/akron-ia/water-damage-restoration/|/contact/,7.00,planned
/service-areas/pipestone-mn/fire-damage-restoration/,service-area-service,"Fire Damage Restoration in Pipestone, MN | Crew Restoration & Construction",Fire Damage Restoration in Pipestone,"Fire damage restoration in Pipestone, MN. IICRC-certified, insurance billing accepted. Call (605) 965-2727.",fire damage restoration pipestone,fire cleanup|fire and smoke restoration|structural fire damage|post-fire restoration|fire damage repair,local_emergency,,,900,hero|og|inline-1|inline-2,service|local-business|faq|breadcrumb-list,/services/fire-damage-restoration/|/service-areas/pipestone-mn/|/service-areas/pipestone-mn/mold-remediation/|/service-areas/pipestone-mn/roofing/|/service-areas/adrian-mn/fire-damage-restoration/|/service-areas/akron-ia/fire-damage-restoration/|/contact/,7.00,planned
/service-areas/pipestone-mn/mold-remediation/,service-area-service,"Mold Remediation in Pipestone, MN | Crew Restoration & Construction",Mold Remediation in Pipestone,"Mold remediation in Pipestone, MN. IICRC-certified, insurance billing accepted. Call (605) 965-2727.",mold remediation pipestone,mold removal|black mold remediation|mold abatement|mold containment|mold cleanup,local_health,,,900,hero|og|inline-1|inline-2,service|local-business|faq|breadcrumb-list,/services/mold-remediation/|/service-areas/pipestone-mn/|/service-areas/pipestone-mn/fire-damage-restoration/|/service-areas/pipestone-mn/roofing/|/service-areas/adrian-mn/mold-remediation/|/service-areas/akron-ia/mold-remediation/|/contact/,7.00,planned
/service-areas/pipestone-mn/roofing/,service-area-service,"Roofing Installation and Replacement in Pipestone, MN | Crew Restoration & Construction",Roofing Installation and Replacement in Pipestone,"Roofing installation and replacement in Pipestone, MN. IICRC-certified, insurance billing accepted. Call (605) 965-2727.",roofing installation and replacement pipestone,roofing contractor|roof replacement|new roof installation|residential roofing|roof repair,local_commercial,,,900,hero|og|inline-1|inline-2,service|local-business|faq|breadcrumb-list,/services/roofing/|/service-areas/pipestone-mn/|/service-areas/pipestone-mn/fire-damage-restoration/|/service-areas/pipestone-mn/mold-remediation/|/service-areas/adrian-mn/roofing/|/service-areas/akron-ia/roofing/|/contact/,7.00,planned
/service-areas/pipestone-mn/water-damage-restoration/,service-area-service,"Water Damage Restoration in Pipestone, MN | Crew Restoration & Construction",Water Damage Restoration in Pipestone,"Water damage restoration in Pipestone, MN. IICRC-certified, insurance billing accepted. Call (605) 965-2727.",water damage restoration pipestone,water removal|water extraction|water cleanup|structural drying|water mitigation,local_emergency,,,900,hero|og|inline-1|inline-2,service|local-business|faq|breadcrumb-list,/services/water-damage-restoration/|/service-areas/pipestone-mn/|/service-areas/pipestone-mn/fire-damage-restoration/|/service-areas/pipestone-mn/mold-remediation/|/service-areas/adrian-mn/water-damage-restoration/|/service-areas/akron-ia/water-damage-restoration/|/contact/,7.00,planned
/service-areas/remsen-ia/fire-damage-restoration/,service-area-service,"Fire Damage Restoration in Remsen, IA | Crew Restoration & Construction",Fire Damage Restoration in Remsen,"Fire damage restoration in Remsen, IA. IICRC-certified, insurance billing accepted. Call (605) 965-2727.",fire damage restoration remsen,fire cleanup|fire and smoke restoration|structural fire damage|post-fire restoration|fire damage repair,local_emergency,,,900,hero|og|inline-1|inline-2,service|local-business|faq|breadcrumb-list,/services/fire-damage-restoration/|/service-areas/remsen-ia/|/service-areas/remsen-ia/mold-remediation/|/service-areas/remsen-ia/roofing/|/service-areas/adrian-mn/fire-damage-restoration/|/service-areas/akron-ia/fire-damage-restoration/|/contact/,7.00,planned
/service-areas/remsen-ia/mold-remediation/,service-area-service,"Mold Remediation in Remsen, IA | Crew Restoration & Construction",Mold Remediation in Remsen,"Mold remediation in Remsen, IA. IICRC-certified, insurance billing accepted. Call (605) 965-2727.",mold remediation remsen,mold removal|black mold remediation|mold abatement|mold containment|mold cleanup,local_health,,,900,hero|og|inline-1|inline-2,service|local-business|faq|breadcrumb-list,/services/mold-remediation/|/service-areas/remsen-ia/|/service-areas/remsen-ia/fire-damage-restoration/|/service-areas/remsen-ia/roofing/|/service-areas/adrian-mn/mold-remediation/|/service-areas/akron-ia/mold-remediation/|/contact/,7.00,planned
/service-areas/remsen-ia/roofing/,service-area-service,"Roofing Installation and Replacement in Remsen, IA | Crew Restoration & Construction",Roofing Installation and Replacement in Remsen,"Roofing installation and replacement in Remsen, IA. IICRC-certified, insurance billing accepted. Call (605) 965-2727.",roofing installation and replacement remsen,roofing contractor|roof replacement|new roof installation|residential roofing|roof repair,local_commercial,,,900,hero|og|inline-1|inline-2,service|local-business|faq|breadcrumb-list,/services/roofing/|/service-areas/remsen-ia/|/service-areas/remsen-ia/fire-damage-restoration/|/service-areas/remsen-ia/mold-remediation/|/service-areas/adrian-mn/roofing/|/service-areas/akron-ia/roofing/|/contact/,7.00,planned
/service-areas/remsen-ia/water-damage-restoration/,service-area-service,"Water Damage Restoration in Remsen, IA | Crew Restoration & Construction",Water Damage Restoration in Remsen,"Water damage restoration in Remsen, IA. IICRC-certified, insurance billing accepted. Call (605) 965-2727.",water damage restoration remsen,water removal|water extraction|water cleanup|structural drying|water mitigation,local_emergency,,,900,hero|og|inline-1|inline-2,service|local-business|faq|breadcrumb-list,/services/water-damage-restoration/|/service-areas/remsen-ia/|/service-areas/remsen-ia/fire-damage-restoration/|/service-areas/remsen-ia/mold-remediation/|/service-areas/adrian-mn/water-damage-restoration/|/service-areas/akron-ia/water-damage-restoration/|/contact/,7.00,planned
/service-areas/rock-rapids-ia/fire-damage-restoration/,service-area-service,"Fire Damage Restoration in Rock Rapids, IA | Crew Restoration & Construction",Fire Damage Restoration in Rock Rapids,"Fire damage restoration in Rock Rapids, IA. IICRC-certified, insurance billing accepted. Call (605) 965-2727.",fire damage restoration rock rapids,fire cleanup|fire and smoke restoration|structural fire damage|post-fire restoration|fire damage repair,local_emergency,,,900,hero|og|inline-1|inline-2,service|local-business|faq|breadcrumb-list,/services/fire-damage-restoration/|/service-areas/rock-rapids-ia/|/service-areas/rock-rapids-ia/mold-remediation/|/service-areas/rock-rapids-ia/roofing/|/service-areas/adrian-mn/fire-damage-restoration/|/service-areas/akron-ia/fire-damage-restoration/|/contact/,7.00,planned
/service-areas/rock-rapids-ia/mold-remediation/,service-area-service,"Mold Remediation in Rock Rapids, IA | Crew Restoration & Construction",Mold Remediation in Rock Rapids,"Mold remediation in Rock Rapids, IA. IICRC-certified, insurance billing accepted. Call (605) 965-2727.",mold remediation rock rapids,mold removal|black mold remediation|mold abatement|mold containment|mold cleanup,local_health,,,900,hero|og|inline-1|inline-2,service|local-business|faq|breadcrumb-list,/services/mold-remediation/|/service-areas/rock-rapids-ia/|/service-areas/rock-rapids-ia/fire-damage-restoration/|/service-areas/rock-rapids-ia/roofing/|/service-areas/adrian-mn/mold-remediation/|/service-areas/akron-ia/mold-remediation/|/contact/,7.00,planned
/service-areas/rock-rapids-ia/roofing/,service-area-service,"Roofing Installation and Replacement in Rock Rapids, IA | Crew Restoration & Construction",Roofing Installation and Replacement in Rock Rapids,"Roofing installation and replacement in Rock Rapids, IA. IICRC-certified, insurance billing accepted. Call (605) 965-2727.",roofing installation and replacement rock rapids,roofing contractor|roof replacement|new roof installation|residential roofing|roof repair,local_commercial,,,900,hero|og|inline-1|inline-2,service|local-business|faq|breadcrumb-list,/services/roofing/|/service-areas/rock-rapids-ia/|/service-areas/rock-rapids-ia/fire-damage-restoration/|/service-areas/rock-rapids-ia/mold-remediation/|/service-areas/adrian-mn/roofing/|/service-areas/akron-ia/roofing/|/contact/,7.00,planned
/service-areas/rock-rapids-ia/water-damage-restoration/,service-area-service,"Water Damage Restoration in Rock Rapids, IA | Crew Restoration & Construction",Water Damage Restoration in Rock Rapids,"Water damage restoration in Rock Rapids, IA. IICRC-certified, insurance billing accepted. Call (605) 965-2727.",water damage restoration rock rapids,water removal|water extraction|water cleanup|structural drying|water mitigation,local_emergency,,,900,hero|og|inline-1|inline-2,service|local-business|faq|breadcrumb-list,/services/water-damage-restoration/|/service-areas/rock-rapids-ia/|/service-areas/rock-rapids-ia/fire-damage-restoration/|/service-areas/rock-rapids-ia/mold-remediation/|/service-areas/adrian-mn/water-damage-restoration/|/service-areas/akron-ia/water-damage-restoration/|/contact/,7.00,planned
/service-areas/rock-valley-ia/fire-damage-restoration/,service-area-service,"Fire Damage Restoration in Rock Valley, IA | Crew Restoration & Construction",Fire Damage Restoration in Rock Valley,"Fire damage restoration in Rock Valley, IA. IICRC-certified, insurance billing accepted. Call (605) 965-2727.",fire damage restoration rock valley,fire cleanup|fire and smoke restoration|structural fire damage|post-fire restoration|fire damage repair,local_emergency,,,900,hero|og|inline-1|inline-2,service|local-business|faq|breadcrumb-list,/services/fire-damage-restoration/|/service-areas/rock-valley-ia/|/service-areas/rock-valley-ia/mold-remediation/|/service-areas/rock-valley-ia/roofing/|/service-areas/adrian-mn/fire-damage-restoration/|/service-areas/akron-ia/fire-damage-restoration/|/contact/,7.00,planned
/service-areas/rock-valley-ia/mold-remediation/,service-area-service,"Mold Remediation in Rock Valley, IA | Crew Restoration & Construction",Mold Remediation in Rock Valley,"Mold remediation in Rock Valley, IA. IICRC-certified, insurance billing accepted. Call (605) 965-2727.",mold remediation rock valley,mold removal|black mold remediation|mold abatement|mold containment|mold cleanup,local_health,,,900,hero|og|inline-1|inline-2,service|local-business|faq|breadcrumb-list,/services/mold-remediation/|/service-areas/rock-valley-ia/|/service-areas/rock-valley-ia/fire-damage-restoration/|/service-areas/rock-valley-ia/roofing/|/service-areas/adrian-mn/mold-remediation/|/service-areas/akron-ia/mold-remediation/|/contact/,7.00,planned
/service-areas/rock-valley-ia/roofing/,service-area-service,"Roofing Installation and Replacement in Rock Valley, IA | Crew Restoration & Construction",Roofing Installation and Replacement in Rock Valley,"Roofing installation and replacement in Rock Valley, IA. IICRC-certified, insurance billing accepted. Call (605) 965-2727.",roofing installation and replacement rock valley,roofing contractor|roof replacement|new roof installation|residential roofing|roof repair,local_commercial,,,900,hero|og|inline-1|inline-2,service|local-business|faq|breadcrumb-list,/services/roofing/|/service-areas/rock-valley-ia/|/service-areas/rock-valley-ia/fire-damage-restoration/|/service-areas/rock-valley-ia/mold-remediation/|/service-areas/adrian-mn/roofing/|/service-areas/akron-ia/roofing/|/contact/,7.00,planned
/service-areas/rock-valley-ia/water-damage-restoration/,service-area-service,"Water Damage Restoration in Rock Valley, IA | Crew Restoration & Construction",Water Damage Restoration in Rock Valley,"Water damage restoration in Rock Valley, IA. IICRC-certified, insurance billing accepted. Call (605) 965-2727.",water damage restoration rock valley,water removal|water extraction|water cleanup|structural drying|water mitigation,local_emergency,,,900,hero|og|inline-1|inline-2,service|local-business|faq|breadcrumb-list,/services/water-damage-restoration/|/service-areas/rock-valley-ia/|/service-areas/rock-valley-ia/fire-damage-restoration/|/service-areas/rock-valley-ia/mold-remediation/|/service-areas/adrian-mn/water-damage-restoration/|/service-areas/akron-ia/water-damage-restoration/|/contact/,7.00,planned
/service-areas/salem-sd/fire-damage-restoration/,service-area-service,"Fire Damage Restoration in Salem, SD | Crew Restoration & Construction",Fire Damage Restoration in Salem,"Fire damage restoration in Salem, SD. IICRC-certified, insurance billing accepted. Call (605) 965-2727.",fire damage restoration salem,fire cleanup|fire and smoke restoration|structural fire damage|post-fire restoration|fire damage repair,local_emergency,,,900,hero|og|inline-1|inline-2,service|local-business|faq|breadcrumb-list,/services/fire-damage-restoration/|/service-areas/salem-sd/|/service-areas/salem-sd/mold-remediation/|/service-areas/salem-sd/roofing/|/service-areas/adrian-mn/fire-damage-restoration/|/service-areas/akron-ia/fire-damage-restoration/|/contact/,7.00,planned
/service-areas/salem-sd/mold-remediation/,service-area-service,"Mold Remediation in Salem, SD | Crew Restoration & Construction",Mold Remediation in Salem,"Mold remediation in Salem, SD. IICRC-certified, insurance billing accepted. Call (605) 965-2727.",mold remediation salem,mold removal|black mold remediation|mold abatement|mold containment|mold cleanup,local_health,,,900,hero|og|inline-1|inline-2,service|local-business|faq|breadcrumb-list,/services/mold-remediation/|/service-areas/salem-sd/|/service-areas/salem-sd/fire-damage-restoration/|/service-areas/salem-sd/roofing/|/service-areas/adrian-mn/mold-remediation/|/service-areas/akron-ia/mold-remediation/|/contact/,7.00,planned
/service-areas/salem-sd/roofing/,service-area-service,"Roofing Installation and Replacement in Salem, SD | Crew Restoration & Construction",Roofing Installation and Replacement in Salem,"Roofing installation and replacement in Salem, SD. IICRC-certified, insurance billing accepted. Call (605) 965-2727.",roofing installation and replacement salem,roofing contractor|roof replacement|new roof installation|residential roofing|roof repair,local_commercial,,,900,hero|og|inline-1|inline-2,service|local-business|faq|breadcrumb-list,/services/roofing/|/service-areas/salem-sd/|/service-areas/salem-sd/fire-damage-restoration/|/service-areas/salem-sd/mold-remediation/|/service-areas/adrian-mn/roofing/|/service-areas/akron-ia/roofing/|/contact/,7.00,planned
/service-areas/salem-sd/water-damage-restoration/,service-area-service,"Water Damage Restoration in Salem, SD | Crew Restoration & Construction",Water Damage Restoration in Salem,"Water damage restoration in Salem, SD. IICRC-certified, insurance billing accepted. Call (605) 965-2727.",water damage restoration salem,water removal|water extraction|water cleanup|structural drying|water mitigation,local_emergency,,,900,hero|og|inline-1|inline-2,service|local-business|faq|breadcrumb-list,/services/water-damage-restoration/|/service-areas/salem-sd/|/service-areas/salem-sd/fire-damage-restoration/|/service-areas/salem-sd/mold-remediation/|/service-areas/adrian-mn/water-damage-restoration/|/service-areas/akron-ia/water-damage-restoration/|/contact/,7.00,planned
/service-areas/sibley-ia/fire-damage-restoration/,service-area-service,"Fire Damage Restoration in Sibley, IA | Crew Restoration & Construction",Fire Damage Restoration in Sibley,"Fire damage restoration in Sibley, IA. IICRC-certified, insurance billing accepted. Call (605) 965-2727.",fire damage restoration sibley,fire cleanup|fire and smoke restoration|structural fire damage|post-fire restoration|fire damage repair,local_emergency,,,900,hero|og|inline-1|inline-2,service|local-business|faq|breadcrumb-list,/services/fire-damage-restoration/|/service-areas/sibley-ia/|/service-areas/sibley-ia/mold-remediation/|/service-areas/sibley-ia/roofing/|/service-areas/adrian-mn/fire-damage-restoration/|/service-areas/akron-ia/fire-damage-restoration/|/contact/,7.00,planned
/service-areas/sibley-ia/mold-remediation/,service-area-service,"Mold Remediation in Sibley, IA | Crew Restoration & Construction",Mold Remediation in Sibley,"Mold remediation in Sibley, IA. IICRC-certified, insurance billing accepted. Call (605) 965-2727.",mold remediation sibley,mold removal|black mold remediation|mold abatement|mold containment|mold cleanup,local_health,,,900,hero|og|inline-1|inline-2,service|local-business|faq|breadcrumb-list,/services/mold-remediation/|/service-areas/sibley-ia/|/service-areas/sibley-ia/fire-damage-restoration/|/service-areas/sibley-ia/roofing/|/service-areas/adrian-mn/mold-remediation/|/service-areas/akron-ia/mold-remediation/|/contact/,7.00,planned
/service-areas/sibley-ia/roofing/,service-area-service,"Roofing Installation and Replacement in Sibley, IA | Crew Restoration & Construction",Roofing Installation and Replacement in Sibley,"Roofing installation and replacement in Sibley, IA. IICRC-certified, insurance billing accepted. Call (605) 965-2727.",roofing installation and replacement sibley,roofing contractor|roof replacement|new roof installation|residential roofing|roof repair,local_commercial,,,900,hero|og|inline-1|inline-2,service|local-business|faq|breadcrumb-list,/services/roofing/|/service-areas/sibley-ia/|/service-areas/sibley-ia/fire-damage-restoration/|/service-areas/sibley-ia/mold-remediation/|/service-areas/adrian-mn/roofing/|/service-areas/akron-ia/roofing/|/contact/,7.00,planned
/service-areas/sibley-ia/water-damage-restoration/,service-area-service,"Water Damage Restoration in Sibley, IA | Crew Restoration & Construction",Water Damage Restoration in Sibley,"Water damage restoration in Sibley, IA. IICRC-certified, insurance billing accepted. Call (605) 965-2727.",water damage restoration sibley,water removal|water extraction|water cleanup|structural drying|water mitigation,local_emergency,,,900,hero|og|inline-1|inline-2,service|local-business|faq|breadcrumb-list,/services/water-damage-restoration/|/service-areas/sibley-ia/|/service-areas/sibley-ia/fire-damage-restoration/|/service-areas/sibley-ia/mold-remediation/|/service-areas/adrian-mn/water-damage-restoration/|/service-areas/akron-ia/water-damage-restoration/|/contact/,7.00,planned
/service-areas/sioux-center-ia/fire-damage-restoration/,service-area-service,"Fire Damage Restoration in Sioux Center, IA | Crew Restoration & Construction",Fire Damage Restoration in Sioux Center,"Fire damage restoration in Sioux Center, IA. IICRC-certified, insurance billing accepted. Call (605) 965-2727.",fire damage restoration sioux center,fire cleanup|fire and smoke restoration|structural fire damage|post-fire restoration|fire damage repair,local_emergency,,,900,hero|og|inline-1|inline-2,service|local-business|faq|breadcrumb-list,/services/fire-damage-restoration/|/service-areas/sioux-center-ia/|/service-areas/sioux-center-ia/mold-remediation/|/service-areas/sioux-center-ia/roofing/|/service-areas/adrian-mn/fire-damage-restoration/|/service-areas/akron-ia/fire-damage-restoration/|/contact/,7.00,planned
/service-areas/sioux-center-ia/mold-remediation/,service-area-service,"Mold Remediation in Sioux Center, IA | Crew Restoration & Construction",Mold Remediation in Sioux Center,"Mold remediation in Sioux Center, IA. IICRC-certified, insurance billing accepted. Call (605) 965-2727.",mold remediation sioux center,mold removal|black mold remediation|mold abatement|mold containment|mold cleanup,local_health,,,900,hero|og|inline-1|inline-2,service|local-business|faq|breadcrumb-list,/services/mold-remediation/|/service-areas/sioux-center-ia/|/service-areas/sioux-center-ia/fire-damage-restoration/|/service-areas/sioux-center-ia/roofing/|/service-areas/adrian-mn/mold-remediation/|/service-areas/akron-ia/mold-remediation/|/contact/,7.00,planned
/service-areas/sioux-center-ia/roofing/,service-area-service,"Roofing Installation and Replacement in Sioux Center, IA | Crew Restoration & Construction",Roofing Installation and Replacement in Sioux Center,"Roofing installation and replacement in Sioux Center, IA. IICRC-certified, insurance billing accepted. Call (605) 965-2727.",roofing installation and replacement sioux center,roofing contractor|roof replacement|new roof installation|residential roofing|roof repair,local_commercial,,,900,hero|og|inline-1|inline-2,service|local-business|faq|breadcrumb-list,/services/roofing/|/service-areas/sioux-center-ia/|/service-areas/sioux-center-ia/fire-damage-restoration/|/service-areas/sioux-center-ia/mold-remediation/|/service-areas/adrian-mn/roofing/|/service-areas/akron-ia/roofing/|/contact/,7.00,planned
/service-areas/sioux-center-ia/water-damage-restoration/,service-area-service,"Water Damage Restoration in Sioux Center, IA | Crew Restoration & Construction",Water Damage Restoration in Sioux Center,"Water damage restoration in Sioux Center, IA. IICRC-certified, insurance billing accepted. Call (605) 965-2727.",water damage restoration sioux center,water removal|water extraction|water cleanup|structural drying|water mitigation,local_emergency,,,900,hero|og|inline-1|inline-2,service|local-business|faq|breadcrumb-list,/services/water-damage-restoration/|/service-areas/sioux-center-ia/|/service-areas/sioux-center-ia/fire-damage-restoration/|/service-areas/sioux-center-ia/mold-remediation/|/service-areas/adrian-mn/water-damage-restoration/|/service-areas/akron-ia/water-damage-restoration/|/contact/,7.00,planned
/service-areas/slayton-mn/fire-damage-restoration/,service-area-service,"Fire Damage Restoration in Slayton, MN | Crew Restoration & Construction",Fire Damage Restoration in Slayton,"Fire damage restoration in Slayton, MN. IICRC-certified, insurance billing accepted. Call (605) 965-2727.",fire damage restoration slayton,fire cleanup|fire and smoke restoration|structural fire damage|post-fire restoration|fire damage repair,local_emergency,,,900,hero|og|inline-1|inline-2,service|local-business|faq|breadcrumb-list,/services/fire-damage-restoration/|/service-areas/slayton-mn/|/service-areas/slayton-mn/mold-remediation/|/service-areas/slayton-mn/roofing/|/service-areas/adrian-mn/fire-damage-restoration/|/service-areas/akron-ia/fire-damage-restoration/|/contact/,7.00,planned
/service-areas/slayton-mn/mold-remediation/,service-area-service,"Mold Remediation in Slayton, MN | Crew Restoration & Construction",Mold Remediation in Slayton,"Mold remediation in Slayton, MN. IICRC-certified, insurance billing accepted. Call (605) 965-2727.",mold remediation slayton,mold removal|black mold remediation|mold abatement|mold containment|mold cleanup,local_health,,,900,hero|og|inline-1|inline-2,service|local-business|faq|breadcrumb-list,/services/mold-remediation/|/service-areas/slayton-mn/|/service-areas/slayton-mn/fire-damage-restoration/|/service-areas/slayton-mn/roofing/|/service-areas/adrian-mn/mold-remediation/|/service-areas/akron-ia/mold-remediation/|/contact/,7.00,planned
/service-areas/slayton-mn/roofing/,service-area-service,"Roofing Installation and Replacement in Slayton, MN | Crew Restoration & Construction",Roofing Installation and Replacement in Slayton,"Roofing installation and replacement in Slayton, MN. IICRC-certified, insurance billing accepted. Call (605) 965-2727.",roofing installation and replacement slayton,roofing contractor|roof replacement|new roof installation|residential roofing|roof repair,local_commercial,,,900,hero|og|inline-1|inline-2,service|local-business|faq|breadcrumb-list,/services/roofing/|/service-areas/slayton-mn/|/service-areas/slayton-mn/fire-damage-restoration/|/service-areas/slayton-mn/mold-remediation/|/service-areas/adrian-mn/roofing/|/service-areas/akron-ia/roofing/|/contact/,7.00,planned
/service-areas/slayton-mn/water-damage-restoration/,service-area-service,"Water Damage Restoration in Slayton, MN | Crew Restoration & Construction",Water Damage Restoration in Slayton,"Water damage restoration in Slayton, MN. IICRC-certified, insurance billing accepted. Call (605) 965-2727.",water damage restoration slayton,water removal|water extraction|water cleanup|structural drying|water mitigation,local_emergency,,,900,hero|og|inline-1|inline-2,service|local-business|faq|breadcrumb-list,/services/water-damage-restoration/|/service-areas/slayton-mn/|/service-areas/slayton-mn/fire-damage-restoration/|/service-areas/slayton-mn/mold-remediation/|/service-areas/adrian-mn/water-damage-restoration/|/service-areas/akron-ia/water-damage-restoration/|/contact/,7.00,planned
/service-areas/tea-sd/fire-damage-restoration/,service-area-service,"Fire Damage Restoration in Tea, SD | Crew Restoration & Construction",Fire Damage Restoration in Tea,"Fire damage restoration in Tea, SD. IICRC-certified, insurance billing accepted. Call (605) 965-2727.",fire damage restoration tea,fire cleanup|fire and smoke restoration|structural fire damage|post-fire restoration|fire damage repair,local_emergency,,,900,hero|og|inline-1|inline-2,service|local-business|faq|breadcrumb-list,/services/fire-damage-restoration/|/service-areas/tea-sd/|/service-areas/tea-sd/mold-remediation/|/service-areas/tea-sd/roofing/|/service-areas/adrian-mn/fire-damage-restoration/|/service-areas/akron-ia/fire-damage-restoration/|/contact/,7.00,planned
/service-areas/tea-sd/mold-remediation/,service-area-service,"Mold Remediation in Tea, SD | Crew Restoration & Construction",Mold Remediation in Tea,"Mold remediation in Tea, SD. IICRC-certified, insurance billing accepted. Call (605) 965-2727.",mold remediation tea,mold removal|black mold remediation|mold abatement|mold containment|mold cleanup,local_health,,,900,hero|og|inline-1|inline-2,service|local-business|faq|breadcrumb-list,/services/mold-remediation/|/service-areas/tea-sd/|/service-areas/tea-sd/fire-damage-restoration/|/service-areas/tea-sd/roofing/|/service-areas/adrian-mn/mold-remediation/|/service-areas/akron-ia/mold-remediation/|/contact/,7.00,planned
/service-areas/tea-sd/roofing/,service-area-service,"Roofing Installation and Replacement in Tea, SD | Crew Restoration & Construction",Roofing Installation and Replacement in Tea,"Roofing installation and replacement in Tea, SD. IICRC-certified, insurance billing accepted. Call (605) 965-2727.",roofing installation and replacement tea,roofing contractor|roof replacement|new roof installation|residential roofing|roof repair,local_commercial,,,900,hero|og|inline-1|inline-2,service|local-business|faq|breadcrumb-list,/services/roofing/|/service-areas/tea-sd/|/service-areas/tea-sd/fire-damage-restoration/|/service-areas/tea-sd/mold-remediation/|/service-areas/adrian-mn/roofing/|/service-areas/akron-ia/roofing/|/contact/,7.00,planned
/service-areas/tea-sd/water-damage-restoration/,service-area-service,"Water Damage Restoration in Tea, SD | Crew Restoration & Construction",Water Damage Restoration in Tea,"Water damage restoration in Tea, SD. IICRC-certified, insurance billing accepted. Call (605) 965-2727.",water damage restoration tea,water removal|water extraction|water cleanup|structural drying|water mitigation,local_emergency,,,900,hero|og|inline-1|inline-2,service|local-business|faq|breadcrumb-list,/services/water-damage-restoration/|/service-areas/tea-sd/|/service-areas/tea-sd/fire-damage-restoration/|/service-areas/tea-sd/mold-remediation/|/service-areas/adrian-mn/water-damage-restoration/|/service-areas/akron-ia/water-damage-restoration/|/contact/,7.00,planned
/service-areas/volga-sd/fire-damage-restoration/,service-area-service,"Fire Damage Restoration in Volga, SD | Crew Restoration & Construction",Fire Damage Restoration in Volga,"Fire damage restoration in Volga, SD. IICRC-certified, insurance billing accepted. Call (605) 965-2727.",fire damage restoration volga,fire cleanup|fire and smoke restoration|structural fire damage|post-fire restoration|fire damage repair,local_emergency,,,900,hero|og|inline-1|inline-2,service|local-business|faq|breadcrumb-list,/services/fire-damage-restoration/|/service-areas/volga-sd/|/service-areas/volga-sd/mold-remediation/|/service-areas/volga-sd/roofing/|/service-areas/adrian-mn/fire-damage-restoration/|/service-areas/akron-ia/fire-damage-restoration/|/contact/,7.00,planned
/service-areas/volga-sd/mold-remediation/,service-area-service,"Mold Remediation in Volga, SD | Crew Restoration & Construction",Mold Remediation in Volga,"Mold remediation in Volga, SD. IICRC-certified, insurance billing accepted. Call (605) 965-2727.",mold remediation volga,mold removal|black mold remediation|mold abatement|mold containment|mold cleanup,local_health,,,900,hero|og|inline-1|inline-2,service|local-business|faq|breadcrumb-list,/services/mold-remediation/|/service-areas/volga-sd/|/service-areas/volga-sd/fire-damage-restoration/|/service-areas/volga-sd/roofing/|/service-areas/adrian-mn/mold-remediation/|/service-areas/akron-ia/mold-remediation/|/contact/,7.00,planned
/service-areas/volga-sd/roofing/,service-area-service,"Roofing Installation and Replacement in Volga, SD | Crew Restoration & Construction",Roofing Installation and Replacement in Volga,"Roofing installation and replacement in Volga, SD. IICRC-certified, insurance billing accepted. Call (605) 965-2727.",roofing installation and replacement volga,roofing contractor|roof replacement|new roof installation|residential roofing|roof repair,local_commercial,,,900,hero|og|inline-1|inline-2,service|local-business|faq|breadcrumb-list,/services/roofing/|/service-areas/volga-sd/|/service-areas/volga-sd/fire-damage-restoration/|/service-areas/volga-sd/mold-remediation/|/service-areas/adrian-mn/roofing/|/service-areas/akron-ia/roofing/|/contact/,7.00,planned
/service-areas/volga-sd/water-damage-restoration/,service-area-service,"Water Damage Restoration in Volga, SD | Crew Restoration & Construction",Water Damage Restoration in Volga,"Water damage restoration in Volga, SD. IICRC-certified, insurance billing accepted. Call (605) 965-2727.",water damage restoration volga,water removal|water extraction|water cleanup|structural drying|water mitigation,local_emergency,,,900,hero|og|inline-1|inline-2,service|local-business|faq|breadcrumb-list,/services/water-damage-restoration/|/service-areas/volga-sd/|/service-areas/volga-sd/fire-damage-restoration/|/service-areas/volga-sd/mold-remediation/|/service-areas/adrian-mn/water-damage-restoration/|/service-areas/akron-ia/water-damage-restoration/|/contact/,7.00,planned
/service-areas/worthing-sd/fire-damage-restoration/,service-area-service,"Fire Damage Restoration in Worthing, SD | Crew Restoration & Construction",Fire Damage Restoration in Worthing,"Fire damage restoration in Worthing, SD. IICRC-certified, insurance billing accepted. Call (605) 965-2727.",fire damage restoration worthing,fire cleanup|fire and smoke restoration|structural fire damage|post-fire restoration|fire damage repair,local_emergency,,,900,hero|og|inline-1|inline-2,service|local-business|faq|breadcrumb-list,/services/fire-damage-restoration/|/service-areas/worthing-sd/|/service-areas/worthing-sd/mold-remediation/|/service-areas/worthing-sd/roofing/|/service-areas/adrian-mn/fire-damage-restoration/|/service-areas/akron-ia/fire-damage-restoration/|/contact/,7.00,planned
/service-areas/worthing-sd/mold-remediation/,service-area-service,"Mold Remediation in Worthing, SD | Crew Restoration & Construction",Mold Remediation in Worthing,"Mold remediation in Worthing, SD. IICRC-certified, insurance billing accepted. Call (605) 965-2727.",mold remediation worthing,mold removal|black mold remediation|mold abatement|mold containment|mold cleanup,local_health,,,900,hero|og|inline-1|inline-2,service|local-business|faq|breadcrumb-list,/services/mold-remediation/|/service-areas/worthing-sd/|/service-areas/worthing-sd/fire-damage-restoration/|/service-areas/worthing-sd/roofing/|/service-areas/adrian-mn/mold-remediation/|/service-areas/akron-ia/mold-remediation/|/contact/,7.00,planned
/service-areas/worthing-sd/roofing/,service-area-service,"Roofing Installation and Replacement in Worthing, SD | Crew Restoration & Construction",Roofing Installation and Replacement in Worthing,"Roofing installation and replacement in Worthing, SD. IICRC-certified, insurance billing accepted. Call (605) 965-2727.",roofing installation and replacement worthing,roofing contractor|roof replacement|new roof installation|residential roofing|roof repair,local_commercial,,,900,hero|og|inline-1|inline-2,service|local-business|faq|breadcrumb-list,/services/roofing/|/service-areas/worthing-sd/|/service-areas/worthing-sd/fire-damage-restoration/|/service-areas/worthing-sd/mold-remediation/|/service-areas/adrian-mn/roofing/|/service-areas/akron-ia/roofing/|/contact/,7.00,planned
/service-areas/worthing-sd/water-damage-restoration/,service-area-service,"Water Damage Restoration in Worthing, SD | Crew Restoration & Construction",Water Damage Restoration in Worthing,"Water damage restoration in Worthing, SD. IICRC-certified, insurance billing accepted. Call (605) 965-2727.",water damage restoration worthing,water removal|water extraction|water cleanup|structural drying|water mitigation,local_emergency,,,900,hero|og|inline-1|inline-2,service|local-business|faq|breadcrumb-list,/services/water-damage-restoration/|/service-areas/worthing-sd/|/service-areas/worthing-sd/fire-damage-restoration/|/service-areas/worthing-sd/mold-remediation/|/service-areas/adrian-mn/water-damage-restoration/|/service-areas/akron-ia/water-damage-restoration/|/contact/,7.00,planned
/service-areas/worthington-mn/fire-damage-restoration/,service-area-service,"Fire Damage Restoration in Worthington, MN | Crew Restoration & Construction",Fire Damage Restoration in Worthington,"Fire damage restoration in Worthington, MN. IICRC-certified, insurance billing accepted. Call (605) 965-2727.",fire damage restoration worthington,fire cleanup|fire and smoke restoration|structural fire damage|post-fire restoration|fire damage repair,local_emergency,,,900,hero|og|inline-1|inline-2,service|local-business|faq|breadcrumb-list,/services/fire-damage-restoration/|/service-areas/worthington-mn/|/service-areas/worthington-mn/mold-remediation/|/service-areas/worthington-mn/roofing/|/service-areas/adrian-mn/fire-damage-restoration/|/service-areas/akron-ia/fire-damage-restoration/|/contact/,7.00,planned
/service-areas/worthington-mn/mold-remediation/,service-area-service,"Mold Remediation in Worthington, MN | Crew Restoration & Construction",Mold Remediation in Worthington,"Mold remediation in Worthington, MN. IICRC-certified, insurance billing accepted. Call (605) 965-2727.",mold remediation worthington,mold removal|black mold remediation|mold abatement|mold containment|mold cleanup,local_health,,,900,hero|og|inline-1|inline-2,service|local-business|faq|breadcrumb-list,/services/mold-remediation/|/service-areas/worthington-mn/|/service-areas/worthington-mn/fire-damage-restoration/|/service-areas/worthington-mn/roofing/|/service-areas/adrian-mn/mold-remediation/|/service-areas/akron-ia/mold-remediation/|/contact/,7.00,planned
/service-areas/worthington-mn/roofing/,service-area-service,"Roofing Installation and Replacement in Worthington, MN | Crew Restoration & Construction",Roofing Installation and Replacement in Worthington,"Roofing installation and replacement in Worthington, MN. IICRC-certified, insurance billing accepted. Call (605) 965-2727.",roofing installation and replacement worthington,roofing contractor|roof replacement|new roof installation|residential roofing|roof repair,local_commercial,,,900,hero|og|inline-1|inline-2,service|local-business|faq|breadcrumb-list,/services/roofing/|/service-areas/worthington-mn/|/service-areas/worthington-mn/fire-damage-restoration/|/service-areas/worthington-mn/mold-remediation/|/service-areas/adrian-mn/roofing/|/service-areas/akron-ia/roofing/|/contact/,7.00,planned
/service-areas/worthington-mn/water-damage-restoration/,service-area-service,"Water Damage Restoration in Worthington, MN | Crew Restoration & Construction",Water Damage Restoration in Worthington,"Water damage restoration in Worthington, MN. IICRC-certified, insurance billing accepted. Call (605) 965-2727.",water damage restoration worthington,water removal|water extraction|water cleanup|structural drying|water mitigation,local_emergency,,,900,hero|og|inline-1|inline-2,service|local-business|faq|breadcrumb-list,/services/water-damage-restoration/|/service-areas/worthington-mn/|/service-areas/worthington-mn/fire-damage-restoration/|/service-areas/worthington-mn/mold-remediation/|/service-areas/adrian-mn/water-damage-restoration/|/service-areas/akron-ia/water-damage-restoration/|/contact/,7.00,planned
/service-areas/yankton-sd/fire-damage-restoration/,service-area-service,"Fire Damage Restoration in Yankton, SD | Crew Restoration & Construction",Fire Damage Restoration in Yankton,"Fire damage restoration in Yankton, SD. IICRC-certified, insurance billing accepted. Call (605) 965-2727.",fire damage restoration yankton,fire cleanup|fire and smoke restoration|structural fire damage|post-fire restoration|fire damage repair,local_emergency,,,900,hero|og|inline-1|inline-2,service|local-business|faq|breadcrumb-list,/services/fire-damage-restoration/|/service-areas/yankton-sd/|/service-areas/yankton-sd/mold-remediation/|/service-areas/yankton-sd/roofing/|/service-areas/adrian-mn/fire-damage-restoration/|/service-areas/akron-ia/fire-damage-restoration/|/contact/,7.00,planned
/service-areas/yankton-sd/mold-remediation/,service-area-service,"Mold Remediation in Yankton, SD | Crew Restoration & Construction",Mold Remediation in Yankton,"Mold remediation in Yankton, SD. IICRC-certified, insurance billing accepted. Call (605) 965-2727.",mold remediation yankton,mold removal|black mold remediation|mold abatement|mold containment|mold cleanup,local_health,,,900,hero|og|inline-1|inline-2,service|local-business|faq|breadcrumb-list,/services/mold-remediation/|/service-areas/yankton-sd/|/service-areas/yankton-sd/fire-damage-restoration/|/service-areas/yankton-sd/roofing/|/service-areas/adrian-mn/mold-remediation/|/service-areas/akron-ia/mold-remediation/|/contact/,7.00,planned
/service-areas/yankton-sd/roofing/,service-area-service,"Roofing Installation and Replacement in Yankton, SD | Crew Restoration & Construction",Roofing Installation and Replacement in Yankton,"Roofing installation and replacement in Yankton, SD. IICRC-certified, insurance billing accepted. Call (605) 965-2727.",roofing installation and replacement yankton,roofing contractor|roof replacement|new roof installation|residential roofing|roof repair,local_commercial,,,900,hero|og|inline-1|inline-2,service|local-business|faq|breadcrumb-list,/services/roofing/|/service-areas/yankton-sd/|/service-areas/yankton-sd/fire-damage-restoration/|/service-areas/yankton-sd/mold-remediation/|/service-areas/adrian-mn/roofing/|/service-areas/akron-ia/roofing/|/contact/,7.00,planned
/service-areas/yankton-sd/water-damage-restoration/,service-area-service,"Water Damage Restoration in Yankton, SD | Crew Restoration & Construction",Water Damage Restoration in Yankton,"Water damage restoration in Yankton, SD. IICRC-certified, insurance billing accepted. Call (605) 965-2727.",water damage restoration yankton,water removal|water extraction|water cleanup|structural drying|water mitigation,local_emergency,,,900,hero|og|inline-1|inline-2,service|local-business|faq|breadcrumb-list,/services/water-damage-restoration/|/service-areas/yankton-sd/|/service-areas/yankton-sd/fire-damage-restoration/|/service-areas/yankton-sd/mold-remediation/|/service-areas/adrian-mn/water-damage-restoration/|/service-areas/akron-ia/water-damage-restoration/|/contact/,7.00,planned
/service-areas/adrian-mn/sewage-cleanup/,service-area-service,"Sewage Cleanup and Sanitization in Adrian, MN | Crew Restoration & Construction",Sewage Cleanup and Sanitization in Adrian,"Sewage cleanup and sanitization in Adrian, MN. IICRC-certified, insurance billing accepted. Call (605) 965-2727.",sewage cleanup and sanitization adrian,sewage backup cleanup|raw sewage removal|septic overflow cleanup|sewer line backup|sanitization services,local_emergency,,,900,hero|og|inline-1|inline-2,service|local-business|faq|breadcrumb-list,/services/sewage-cleanup/|/service-areas/adrian-mn/|/service-areas/adrian-mn/fire-damage-restoration/|/service-areas/adrian-mn/mold-remediation/|/service-areas/akron-ia/sewage-cleanup/|/service-areas/alton-ia/sewage-cleanup/|/contact/,6.30,planned
/service-areas/adrian-mn/storm-damage-restoration/,service-area-service,"Storm Damage Restoration in Adrian, MN | Crew Restoration & Construction",Storm Damage Restoration in Adrian,"Storm damage restoration in Adrian, MN. IICRC-certified, insurance billing accepted. Call (605) 965-2727.",storm damage restoration adrian,hurricane damage cleanup|tornado damage cleanup|tree damage cleanup|storm cleanup services|severe weather damage repair,local_emergency,,,900,hero|og|inline-1|inline-2,service|local-business|faq|breadcrumb-list,/services/storm-damage-restoration/|/service-areas/adrian-mn/|/service-areas/adrian-mn/fire-damage-restoration/|/service-areas/adrian-mn/mold-remediation/|/service-areas/akron-ia/storm-damage-restoration/|/service-areas/alton-ia/storm-damage-restoration/|/contact/,6.30,planned
/service-areas/adrian-mn/water-cleanup/,service-area-service,"Water Cleanup in Adrian, MN | Crew Restoration & Construction",Water Cleanup in Adrian,"Water cleanup in Adrian, MN. IICRC-certified, insurance billing accepted. Call (605) 965-2727.",emergency water cleanup adrian,water cleanup|water damage cleanup|water clean up|flood water cleanup|standing water removal,local_emergency,,,900,hero|og|inline-1|inline-2,service|local-business|faq|breadcrumb-list,/services/water-cleanup/|/service-areas/adrian-mn/|/service-areas/adrian-mn/fire-damage-restoration/|/service-areas/adrian-mn/mold-remediation/|/service-areas/akron-ia/water-cleanup/|/service-areas/alton-ia/water-cleanup/|/contact/,6.30,planned
/service-areas/akron-ia/sewage-cleanup/,service-area-service,"Sewage Cleanup and Sanitization in Akron, IA | Crew Restoration & Construction",Sewage Cleanup and Sanitization in Akron,"Sewage cleanup and sanitization in Akron, IA. IICRC-certified, insurance billing accepted. Call (605) 965-2727.",sewage cleanup and sanitization akron,sewage backup cleanup|raw sewage removal|septic overflow cleanup|sewer line backup|sanitization services,local_emergency,,,900,hero|og|inline-1|inline-2,service|local-business|faq|breadcrumb-list,/services/sewage-cleanup/|/service-areas/akron-ia/|/service-areas/akron-ia/fire-damage-restoration/|/service-areas/akron-ia/mold-remediation/|/service-areas/adrian-mn/sewage-cleanup/|/service-areas/alton-ia/sewage-cleanup/|/contact/,6.30,planned
/service-areas/akron-ia/storm-damage-restoration/,service-area-service,"Storm Damage Restoration in Akron, IA | Crew Restoration & Construction",Storm Damage Restoration in Akron,"Storm damage restoration in Akron, IA. IICRC-certified, insurance billing accepted. Call (605) 965-2727.",storm damage restoration akron,hurricane damage cleanup|tornado damage cleanup|tree damage cleanup|storm cleanup services|severe weather damage repair,local_emergency,,,900,hero|og|inline-1|inline-2,service|local-business|faq|breadcrumb-list,/services/storm-damage-restoration/|/service-areas/akron-ia/|/service-areas/akron-ia/fire-damage-restoration/|/service-areas/akron-ia/mold-remediation/|/service-areas/adrian-mn/storm-damage-restoration/|/service-areas/alton-ia/storm-damage-restoration/|/contact/,6.30,planned
/service-areas/akron-ia/water-cleanup/,service-area-service,"Water Cleanup in Akron, IA | Crew Restoration & Construction",Water Cleanup in Akron,"Water cleanup in Akron, IA. IICRC-certified, insurance billing accepted. Call (605) 965-2727.",emergency water cleanup akron,water cleanup|water damage cleanup|water clean up|flood water cleanup|standing water removal,local_emergency,,,900,hero|og|inline-1|inline-2,service|local-business|faq|breadcrumb-list,/services/water-cleanup/|/service-areas/akron-ia/|/service-areas/akron-ia/fire-damage-restoration/|/service-areas/akron-ia/mold-remediation/|/service-areas/adrian-mn/water-cleanup/|/service-areas/alton-ia/water-cleanup/|/contact/,6.30,planned
/service-areas/alton-ia/sewage-cleanup/,service-area-service,"Sewage Cleanup and Sanitization in Alton, IA | Crew Restoration & Construction",Sewage Cleanup and Sanitization in Alton,"Sewage cleanup and sanitization in Alton, IA. IICRC-certified, insurance billing accepted. Call (605) 965-2727.",sewage cleanup and sanitization alton,sewage backup cleanup|raw sewage removal|septic overflow cleanup|sewer line backup|sanitization services,local_emergency,,,900,hero|og|inline-1|inline-2,service|local-business|faq|breadcrumb-list,/services/sewage-cleanup/|/service-areas/alton-ia/|/service-areas/alton-ia/fire-damage-restoration/|/service-areas/alton-ia/mold-remediation/|/service-areas/adrian-mn/sewage-cleanup/|/service-areas/akron-ia/sewage-cleanup/|/contact/,6.30,planned
/service-areas/alton-ia/storm-damage-restoration/,service-area-service,"Storm Damage Restoration in Alton, IA | Crew Restoration & Construction",Storm Damage Restoration in Alton,"Storm damage restoration in Alton, IA. IICRC-certified, insurance billing accepted. Call (605) 965-2727.",storm damage restoration alton,hurricane damage cleanup|tornado damage cleanup|tree damage cleanup|storm cleanup services|severe weather damage repair,local_emergency,,,900,hero|og|inline-1|inline-2,service|local-business|faq|breadcrumb-list,/services/storm-damage-restoration/|/service-areas/alton-ia/|/service-areas/alton-ia/fire-damage-restoration/|/service-areas/alton-ia/mold-remediation/|/service-areas/adrian-mn/storm-damage-restoration/|/service-areas/akron-ia/storm-damage-restoration/|/contact/,6.30,planned
/service-areas/alton-ia/water-cleanup/,service-area-service,"Water Cleanup in Alton, IA | Crew Restoration & Construction",Water Cleanup in Alton,"Water cleanup in Alton, IA. IICRC-certified, insurance billing accepted. Call (605) 965-2727.",emergency water cleanup alton,water cleanup|water damage cleanup|water clean up|flood water cleanup|standing water removal,local_emergency,,,900,hero|og|inline-1|inline-2,service|local-business|faq|breadcrumb-list,/services/water-cleanup/|/service-areas/alton-ia/|/service-areas/alton-ia/fire-damage-restoration/|/service-areas/alton-ia/mold-remediation/|/service-areas/adrian-mn/water-cleanup/|/service-areas/akron-ia/water-cleanup/|/contact/,6.30,planned
/service-areas/baltic-sd/sewage-cleanup/,service-area-service,"Sewage Cleanup and Sanitization in Baltic, SD | Crew Restoration & Construction",Sewage Cleanup and Sanitization in Baltic,"Sewage cleanup and sanitization in Baltic, SD. IICRC-certified, insurance billing accepted. Call (605) 965-2727.",sewage cleanup and sanitization baltic,sewage backup cleanup|raw sewage removal|septic overflow cleanup|sewer line backup|sanitization services,local_emergency,,,900,hero|og|inline-1|inline-2,service|local-business|faq|breadcrumb-list,/services/sewage-cleanup/|/service-areas/baltic-sd/|/service-areas/baltic-sd/fire-damage-restoration/|/service-areas/baltic-sd/mold-remediation/|/service-areas/adrian-mn/sewage-cleanup/|/service-areas/akron-ia/sewage-cleanup/|/contact/,6.30,planned
/service-areas/baltic-sd/storm-damage-restoration/,service-area-service,"Storm Damage Restoration in Baltic, SD | Crew Restoration & Construction",Storm Damage Restoration in Baltic,"Storm damage restoration in Baltic, SD. IICRC-certified, insurance billing accepted. Call (605) 965-2727.",storm damage restoration baltic,hurricane damage cleanup|tornado damage cleanup|tree damage cleanup|storm cleanup services|severe weather damage repair,local_emergency,,,900,hero|og|inline-1|inline-2,service|local-business|faq|breadcrumb-list,/services/storm-damage-restoration/|/service-areas/baltic-sd/|/service-areas/baltic-sd/fire-damage-restoration/|/service-areas/baltic-sd/mold-remediation/|/service-areas/adrian-mn/storm-damage-restoration/|/service-areas/akron-ia/storm-damage-restoration/|/contact/,6.30,planned
/service-areas/baltic-sd/water-cleanup/,service-area-service,"Water Cleanup in Baltic, SD | Crew Restoration & Construction",Water Cleanup in Baltic,"Water cleanup in Baltic, SD. IICRC-certified, insurance billing accepted. Call (605) 965-2727.",emergency water cleanup baltic,water cleanup|water damage cleanup|water clean up|flood water cleanup|standing water removal,local_emergency,,,900,hero|og|inline-1|inline-2,service|local-business|faq|breadcrumb-list,/services/water-cleanup/|/service-areas/baltic-sd/|/service-areas/baltic-sd/fire-damage-restoration/|/service-areas/baltic-sd/mold-remediation/|/service-areas/adrian-mn/water-cleanup/|/service-areas/akron-ia/water-cleanup/|/contact/,6.30,planned
/service-areas/beresford-sd/sewage-cleanup/,service-area-service,"Sewage Cleanup and Sanitization in Beresford, SD | Crew Restoration & Construction",Sewage Cleanup and Sanitization in Beresford,"Sewage cleanup and sanitization in Beresford, SD. IICRC-certified, insurance billing accepted. Call (605) 965-2727.",sewage cleanup and sanitization beresford,sewage backup cleanup|raw sewage removal|septic overflow cleanup|sewer line backup|sanitization services,local_emergency,,,900,hero|og|inline-1|inline-2,service|local-business|faq|breadcrumb-list,/services/sewage-cleanup/|/service-areas/beresford-sd/|/service-areas/beresford-sd/fire-damage-restoration/|/service-areas/beresford-sd/mold-remediation/|/service-areas/adrian-mn/sewage-cleanup/|/service-areas/akron-ia/sewage-cleanup/|/contact/,6.30,planned
/service-areas/beresford-sd/storm-damage-restoration/,service-area-service,"Storm Damage Restoration in Beresford, SD | Crew Restoration & Construction",Storm Damage Restoration in Beresford,"Storm damage restoration in Beresford, SD. IICRC-certified, insurance billing accepted. Call (605) 965-2727.",storm damage restoration beresford,hurricane damage cleanup|tornado damage cleanup|tree damage cleanup|storm cleanup services|severe weather damage repair,local_emergency,,,900,hero|og|inline-1|inline-2,service|local-business|faq|breadcrumb-list,/services/storm-damage-restoration/|/service-areas/beresford-sd/|/service-areas/beresford-sd/fire-damage-restoration/|/service-areas/beresford-sd/mold-remediation/|/service-areas/adrian-mn/storm-damage-restoration/|/service-areas/akron-ia/storm-damage-restoration/|/contact/,6.30,planned
/service-areas/beresford-sd/water-cleanup/,service-area-service,"Water Cleanup in Beresford, SD | Crew Restoration & Construction",Water Cleanup in Beresford,"Water cleanup in Beresford, SD. IICRC-certified, insurance billing accepted. Call (605) 965-2727.",emergency water cleanup beresford,water cleanup|water damage cleanup|water clean up|flood water cleanup|standing water removal,local_emergency,,,900,hero|og|inline-1|inline-2,service|local-business|faq|breadcrumb-list,/services/water-cleanup/|/service-areas/beresford-sd/|/service-areas/beresford-sd/fire-damage-restoration/|/service-areas/beresford-sd/mold-remediation/|/service-areas/adrian-mn/water-cleanup/|/service-areas/akron-ia/water-cleanup/|/contact/,6.30,planned
/service-areas/brandon-sd/sewage-cleanup/,service-area-service,"Sewage Cleanup and Sanitization in Brandon, SD | Crew Restoration & Construction",Sewage Cleanup and Sanitization in Brandon,"Sewage cleanup and sanitization in Brandon, SD. IICRC-certified, insurance billing accepted. Call (605) 965-2727.",sewage cleanup and sanitization brandon,sewage backup cleanup|raw sewage removal|septic overflow cleanup|sewer line backup|sanitization services,local_emergency,,,900,hero|og|inline-1|inline-2,service|local-business|faq|breadcrumb-list,/services/sewage-cleanup/|/service-areas/brandon-sd/|/service-areas/brandon-sd/fire-damage-restoration/|/service-areas/brandon-sd/mold-remediation/|/service-areas/adrian-mn/sewage-cleanup/|/service-areas/akron-ia/sewage-cleanup/|/contact/,6.30,planned
/service-areas/brandon-sd/storm-damage-restoration/,service-area-service,"Storm Damage Restoration in Brandon, SD | Crew Restoration & Construction",Storm Damage Restoration in Brandon,"Storm damage restoration in Brandon, SD. IICRC-certified, insurance billing accepted. Call (605) 965-2727.",storm damage restoration brandon,hurricane damage cleanup|tornado damage cleanup|tree damage cleanup|storm cleanup services|severe weather damage repair,local_emergency,,,900,hero|og|inline-1|inline-2,service|local-business|faq|breadcrumb-list,/services/storm-damage-restoration/|/service-areas/brandon-sd/|/service-areas/brandon-sd/fire-damage-restoration/|/service-areas/brandon-sd/mold-remediation/|/service-areas/adrian-mn/storm-damage-restoration/|/service-areas/akron-ia/storm-damage-restoration/|/contact/,6.30,planned
/service-areas/brandon-sd/water-cleanup/,service-area-service,"Water Cleanup in Brandon, SD | Crew Restoration & Construction",Water Cleanup in Brandon,"Water cleanup in Brandon, SD. IICRC-certified, insurance billing accepted. Call (605) 965-2727.",emergency water cleanup brandon,water cleanup|water damage cleanup|water clean up|flood water cleanup|standing water removal,local_emergency,,,900,hero|og|inline-1|inline-2,service|local-business|faq|breadcrumb-list,/services/water-cleanup/|/service-areas/brandon-sd/|/service-areas/brandon-sd/fire-damage-restoration/|/service-areas/brandon-sd/mold-remediation/|/service-areas/adrian-mn/water-cleanup/|/service-areas/akron-ia/water-cleanup/|/contact/,6.30,planned
/service-areas/brookings-sd/sewage-cleanup/,service-area-service,"Sewage Cleanup and Sanitization in Brookings, SD | Crew Restoration & Construction",Sewage Cleanup and Sanitization in Brookings,"Sewage cleanup and sanitization in Brookings, SD. IICRC-certified, insurance billing accepted. Call (605) 965-2727.",sewage cleanup and sanitization brookings,sewage backup cleanup|raw sewage removal|septic overflow cleanup|sewer line backup|sanitization services,local_emergency,,,900,hero|og|inline-1|inline-2,service|local-business|faq|breadcrumb-list,/services/sewage-cleanup/|/service-areas/brookings-sd/|/service-areas/brookings-sd/fire-damage-restoration/|/service-areas/brookings-sd/mold-remediation/|/service-areas/adrian-mn/sewage-cleanup/|/service-areas/akron-ia/sewage-cleanup/|/contact/,6.30,planned
/service-areas/brookings-sd/storm-damage-restoration/,service-area-service,"Storm Damage Restoration in Brookings, SD | Crew Restoration & Construction",Storm Damage Restoration in Brookings,"Storm damage restoration in Brookings, SD. IICRC-certified, insurance billing accepted. Call (605) 965-2727.",storm damage restoration brookings,hurricane damage cleanup|tornado damage cleanup|tree damage cleanup|storm cleanup services|severe weather damage repair,local_emergency,,,900,hero|og|inline-1|inline-2,service|local-business|faq|breadcrumb-list,/services/storm-damage-restoration/|/service-areas/brookings-sd/|/service-areas/brookings-sd/fire-damage-restoration/|/service-areas/brookings-sd/mold-remediation/|/service-areas/adrian-mn/storm-damage-restoration/|/service-areas/akron-ia/storm-damage-restoration/|/contact/,6.30,planned
/service-areas/brookings-sd/water-cleanup/,service-area-service,"Water Cleanup in Brookings, SD | Crew Restoration & Construction",Water Cleanup in Brookings,"Water cleanup in Brookings, SD. IICRC-certified, insurance billing accepted. Call (605) 965-2727.",emergency water cleanup brookings,water cleanup|water damage cleanup|water clean up|flood water cleanup|standing water removal,local_emergency,,,900,hero|og|inline-1|inline-2,service|local-business|faq|breadcrumb-list,/services/water-cleanup/|/service-areas/brookings-sd/|/service-areas/brookings-sd/fire-damage-restoration/|/service-areas/brookings-sd/mold-remediation/|/service-areas/adrian-mn/water-cleanup/|/service-areas/akron-ia/water-cleanup/|/contact/,6.30,planned
/service-areas/canton-sd/sewage-cleanup/,service-area-service,"Sewage Cleanup and Sanitization in Canton, SD | Crew Restoration & Construction",Sewage Cleanup and Sanitization in Canton,"Sewage cleanup and sanitization in Canton, SD. IICRC-certified, insurance billing accepted. Call (605) 965-2727.",sewage cleanup and sanitization canton,sewage backup cleanup|raw sewage removal|septic overflow cleanup|sewer line backup|sanitization services,local_emergency,,,900,hero|og|inline-1|inline-2,service|local-business|faq|breadcrumb-list,/services/sewage-cleanup/|/service-areas/canton-sd/|/service-areas/canton-sd/fire-damage-restoration/|/service-areas/canton-sd/mold-remediation/|/service-areas/adrian-mn/sewage-cleanup/|/service-areas/akron-ia/sewage-cleanup/|/contact/,6.30,planned
/service-areas/canton-sd/storm-damage-restoration/,service-area-service,"Storm Damage Restoration in Canton, SD | Crew Restoration & Construction",Storm Damage Restoration in Canton,"Storm damage restoration in Canton, SD. IICRC-certified, insurance billing accepted. Call (605) 965-2727.",storm damage restoration canton,hurricane damage cleanup|tornado damage cleanup|tree damage cleanup|storm cleanup services|severe weather damage repair,local_emergency,,,900,hero|og|inline-1|inline-2,service|local-business|faq|breadcrumb-list,/services/storm-damage-restoration/|/service-areas/canton-sd/|/service-areas/canton-sd/fire-damage-restoration/|/service-areas/canton-sd/mold-remediation/|/service-areas/adrian-mn/storm-damage-restoration/|/service-areas/akron-ia/storm-damage-restoration/|/contact/,6.30,planned
/service-areas/canton-sd/water-cleanup/,service-area-service,"Water Cleanup in Canton, SD | Crew Restoration & Construction",Water Cleanup in Canton,"Water cleanup in Canton, SD. IICRC-certified, insurance billing accepted. Call (605) 965-2727.",emergency water cleanup canton,water cleanup|water damage cleanup|water clean up|flood water cleanup|standing water removal,local_emergency,,,900,hero|og|inline-1|inline-2,service|local-business|faq|breadcrumb-list,/services/water-cleanup/|/service-areas/canton-sd/|/service-areas/canton-sd/fire-damage-restoration/|/service-areas/canton-sd/mold-remediation/|/service-areas/adrian-mn/water-cleanup/|/service-areas/akron-ia/water-cleanup/|/contact/,6.30,planned
/service-areas/crooks-sd/sewage-cleanup/,service-area-service,"Sewage Cleanup and Sanitization in Crooks, SD | Crew Restoration & Construction",Sewage Cleanup and Sanitization in Crooks,"Sewage cleanup and sanitization in Crooks, SD. IICRC-certified, insurance billing accepted. Call (605) 965-2727.",sewage cleanup and sanitization crooks,sewage backup cleanup|raw sewage removal|septic overflow cleanup|sewer line backup|sanitization services,local_emergency,,,900,hero|og|inline-1|inline-2,service|local-business|faq|breadcrumb-list,/services/sewage-cleanup/|/service-areas/crooks-sd/|/service-areas/crooks-sd/fire-damage-restoration/|/service-areas/crooks-sd/mold-remediation/|/service-areas/adrian-mn/sewage-cleanup/|/service-areas/akron-ia/sewage-cleanup/|/contact/,6.30,planned
/service-areas/crooks-sd/storm-damage-restoration/,service-area-service,"Storm Damage Restoration in Crooks, SD | Crew Restoration & Construction",Storm Damage Restoration in Crooks,"Storm damage restoration in Crooks, SD. IICRC-certified, insurance billing accepted. Call (605) 965-2727.",storm damage restoration crooks,hurricane damage cleanup|tornado damage cleanup|tree damage cleanup|storm cleanup services|severe weather damage repair,local_emergency,,,900,hero|og|inline-1|inline-2,service|local-business|faq|breadcrumb-list,/services/storm-damage-restoration/|/service-areas/crooks-sd/|/service-areas/crooks-sd/fire-damage-restoration/|/service-areas/crooks-sd/mold-remediation/|/service-areas/adrian-mn/storm-damage-restoration/|/service-areas/akron-ia/storm-damage-restoration/|/contact/,6.30,planned
/service-areas/crooks-sd/water-cleanup/,service-area-service,"Water Cleanup in Crooks, SD | Crew Restoration & Construction",Water Cleanup in Crooks,"Water cleanup in Crooks, SD. IICRC-certified, insurance billing accepted. Call (605) 965-2727.",emergency water cleanup crooks,water cleanup|water damage cleanup|water clean up|flood water cleanup|standing water removal,local_emergency,,,900,hero|og|inline-1|inline-2,service|local-business|faq|breadcrumb-list,/services/water-cleanup/|/service-areas/crooks-sd/|/service-areas/crooks-sd/fire-damage-restoration/|/service-areas/crooks-sd/mold-remediation/|/service-areas/adrian-mn/water-cleanup/|/service-areas/akron-ia/water-cleanup/|/contact/,6.30,planned
/service-areas/dakota-dunes-sd/sewage-cleanup/,service-area-service,"Sewage Cleanup and Sanitization in Dakota Dunes, SD | Crew Restoration & Construction",Sewage Cleanup and Sanitization in Dakota Dunes,"Sewage cleanup and sanitization in Dakota Dunes, SD. IICRC-certified, insurance billing accepted. Call (605) 965-2727.",sewage cleanup and sanitization dakota dunes,sewage backup cleanup|raw sewage removal|septic overflow cleanup|sewer line backup|sanitization services,local_emergency,,,900,hero|og|inline-1|inline-2,service|local-business|faq|breadcrumb-list,/services/sewage-cleanup/|/service-areas/dakota-dunes-sd/|/service-areas/dakota-dunes-sd/fire-damage-restoration/|/service-areas/dakota-dunes-sd/mold-remediation/|/service-areas/adrian-mn/sewage-cleanup/|/service-areas/akron-ia/sewage-cleanup/|/contact/,6.30,planned
/service-areas/dakota-dunes-sd/storm-damage-restoration/,service-area-service,"Storm Damage Restoration in Dakota Dunes, SD | Crew Restoration & Construction",Storm Damage Restoration in Dakota Dunes,"Storm damage restoration in Dakota Dunes, SD. IICRC-certified, insurance billing accepted. Call (605) 965-2727.",storm damage restoration dakota dunes,hurricane damage cleanup|tornado damage cleanup|tree damage cleanup|storm cleanup services|severe weather damage repair,local_emergency,,,900,hero|og|inline-1|inline-2,service|local-business|faq|breadcrumb-list,/services/storm-damage-restoration/|/service-areas/dakota-dunes-sd/|/service-areas/dakota-dunes-sd/fire-damage-restoration/|/service-areas/dakota-dunes-sd/mold-remediation/|/service-areas/adrian-mn/storm-damage-restoration/|/service-areas/akron-ia/storm-damage-restoration/|/contact/,6.30,planned
/service-areas/dakota-dunes-sd/water-cleanup/,service-area-service,"Water Cleanup in Dakota Dunes, SD | Crew Restoration & Construction",Water Cleanup in Dakota Dunes,"Water cleanup in Dakota Dunes, SD. IICRC-certified, insurance billing accepted. Call (605) 965-2727.",emergency water cleanup dakota dunes,water cleanup|water damage cleanup|water clean up|flood water cleanup|standing water removal,local_emergency,,,900,hero|og|inline-1|inline-2,service|local-business|faq|breadcrumb-list,/services/water-cleanup/|/service-areas/dakota-dunes-sd/|/service-areas/dakota-dunes-sd/fire-damage-restoration/|/service-areas/dakota-dunes-sd/mold-remediation/|/service-areas/adrian-mn/water-cleanup/|/service-areas/akron-ia/water-cleanup/|/contact/,6.30,planned
/service-areas/dell-rapids-sd/sewage-cleanup/,service-area-service,"Sewage Cleanup and Sanitization in Dell Rapids, SD | Crew Restoration & Construction",Sewage Cleanup and Sanitization in Dell Rapids,"Sewage cleanup and sanitization in Dell Rapids, SD. IICRC-certified, insurance billing accepted. Call (605) 965-2727.",sewage cleanup and sanitization dell rapids,sewage backup cleanup|raw sewage removal|septic overflow cleanup|sewer line backup|sanitization services,local_emergency,,,900,hero|og|inline-1|inline-2,service|local-business|faq|breadcrumb-list,/services/sewage-cleanup/|/service-areas/dell-rapids-sd/|/service-areas/dell-rapids-sd/fire-damage-restoration/|/service-areas/dell-rapids-sd/mold-remediation/|/service-areas/adrian-mn/sewage-cleanup/|/service-areas/akron-ia/sewage-cleanup/|/contact/,6.30,planned
/service-areas/dell-rapids-sd/storm-damage-restoration/,service-area-service,"Storm Damage Restoration in Dell Rapids, SD | Crew Restoration & Construction",Storm Damage Restoration in Dell Rapids,"Storm damage restoration in Dell Rapids, SD. IICRC-certified, insurance billing accepted. Call (605) 965-2727.",storm damage restoration dell rapids,hurricane damage cleanup|tornado damage cleanup|tree damage cleanup|storm cleanup services|severe weather damage repair,local_emergency,,,900,hero|og|inline-1|inline-2,service|local-business|faq|breadcrumb-list,/services/storm-damage-restoration/|/service-areas/dell-rapids-sd/|/service-areas/dell-rapids-sd/fire-damage-restoration/|/service-areas/dell-rapids-sd/mold-remediation/|/service-areas/adrian-mn/storm-damage-restoration/|/service-areas/akron-ia/storm-damage-restoration/|/contact/,6.30,planned
/service-areas/dell-rapids-sd/water-cleanup/,service-area-service,"Water Cleanup in Dell Rapids, SD | Crew Restoration & Construction",Water Cleanup in Dell Rapids,"Water cleanup in Dell Rapids, SD. IICRC-certified, insurance billing accepted. Call (605) 965-2727.",emergency water cleanup dell rapids,water cleanup|water damage cleanup|water clean up|flood water cleanup|standing water removal,local_emergency,,,900,hero|og|inline-1|inline-2,service|local-business|faq|breadcrumb-list,/services/water-cleanup/|/service-areas/dell-rapids-sd/|/service-areas/dell-rapids-sd/fire-damage-restoration/|/service-areas/dell-rapids-sd/mold-remediation/|/service-areas/adrian-mn/water-cleanup/|/service-areas/akron-ia/water-cleanup/|/contact/,6.30,planned
/service-areas/edgerton-mn/sewage-cleanup/,service-area-service,"Sewage Cleanup and Sanitization in Edgerton, MN | Crew Restoration & Construction",Sewage Cleanup and Sanitization in Edgerton,"Sewage cleanup and sanitization in Edgerton, MN. IICRC-certified, insurance billing accepted. Call (605) 965-2727.",sewage cleanup and sanitization edgerton,sewage backup cleanup|raw sewage removal|septic overflow cleanup|sewer line backup|sanitization services,local_emergency,,,900,hero|og|inline-1|inline-2,service|local-business|faq|breadcrumb-list,/services/sewage-cleanup/|/service-areas/edgerton-mn/|/service-areas/edgerton-mn/fire-damage-restoration/|/service-areas/edgerton-mn/mold-remediation/|/service-areas/adrian-mn/sewage-cleanup/|/service-areas/akron-ia/sewage-cleanup/|/contact/,6.30,planned
/service-areas/edgerton-mn/storm-damage-restoration/,service-area-service,"Storm Damage Restoration in Edgerton, MN | Crew Restoration & Construction",Storm Damage Restoration in Edgerton,"Storm damage restoration in Edgerton, MN. IICRC-certified, insurance billing accepted. Call (605) 965-2727.",storm damage restoration edgerton,hurricane damage cleanup|tornado damage cleanup|tree damage cleanup|storm cleanup services|severe weather damage repair,local_emergency,,,900,hero|og|inline-1|inline-2,service|local-business|faq|breadcrumb-list,/services/storm-damage-restoration/|/service-areas/edgerton-mn/|/service-areas/edgerton-mn/fire-damage-restoration/|/service-areas/edgerton-mn/mold-remediation/|/service-areas/adrian-mn/storm-damage-restoration/|/service-areas/akron-ia/storm-damage-restoration/|/contact/,6.30,planned
/service-areas/edgerton-mn/water-cleanup/,service-area-service,"Water Cleanup in Edgerton, MN | Crew Restoration & Construction",Water Cleanup in Edgerton,"Water cleanup in Edgerton, MN. IICRC-certified, insurance billing accepted. Call (605) 965-2727.",emergency water cleanup edgerton,water cleanup|water damage cleanup|water clean up|flood water cleanup|standing water removal,local_emergency,,,900,hero|og|inline-1|inline-2,service|local-business|faq|breadcrumb-list,/services/water-cleanup/|/service-areas/edgerton-mn/|/service-areas/edgerton-mn/fire-damage-restoration/|/service-areas/edgerton-mn/mold-remediation/|/service-areas/adrian-mn/water-cleanup/|/service-areas/akron-ia/water-cleanup/|/contact/,6.30,planned
/service-areas/elk-point-sd/sewage-cleanup/,service-area-service,"Sewage Cleanup and Sanitization in Elk Point, SD | Crew Restoration & Construction",Sewage Cleanup and Sanitization in Elk Point,"Sewage cleanup and sanitization in Elk Point, SD. IICRC-certified, insurance billing accepted. Call (605) 965-2727.",sewage cleanup and sanitization elk point,sewage backup cleanup|raw sewage removal|septic overflow cleanup|sewer line backup|sanitization services,local_emergency,,,900,hero|og|inline-1|inline-2,service|local-business|faq|breadcrumb-list,/services/sewage-cleanup/|/service-areas/elk-point-sd/|/service-areas/elk-point-sd/fire-damage-restoration/|/service-areas/elk-point-sd/mold-remediation/|/service-areas/adrian-mn/sewage-cleanup/|/service-areas/akron-ia/sewage-cleanup/|/contact/,6.30,planned
/service-areas/elk-point-sd/storm-damage-restoration/,service-area-service,"Storm Damage Restoration in Elk Point, SD | Crew Restoration & Construction",Storm Damage Restoration in Elk Point,"Storm damage restoration in Elk Point, SD. IICRC-certified, insurance billing accepted. Call (605) 965-2727.",storm damage restoration elk point,hurricane damage cleanup|tornado damage cleanup|tree damage cleanup|storm cleanup services|severe weather damage repair,local_emergency,,,900,hero|og|inline-1|inline-2,service|local-business|faq|breadcrumb-list,/services/storm-damage-restoration/|/service-areas/elk-point-sd/|/service-areas/elk-point-sd/fire-damage-restoration/|/service-areas/elk-point-sd/mold-remediation/|/service-areas/adrian-mn/storm-damage-restoration/|/service-areas/akron-ia/storm-damage-restoration/|/contact/,6.30,planned
/service-areas/elk-point-sd/water-cleanup/,service-area-service,"Water Cleanup in Elk Point, SD | Crew Restoration & Construction",Water Cleanup in Elk Point,"Water cleanup in Elk Point, SD. IICRC-certified, insurance billing accepted. Call (605) 965-2727.",emergency water cleanup elk point,water cleanup|water damage cleanup|water clean up|flood water cleanup|standing water removal,local_emergency,,,900,hero|og|inline-1|inline-2,service|local-business|faq|breadcrumb-list,/services/water-cleanup/|/service-areas/elk-point-sd/|/service-areas/elk-point-sd/fire-damage-restoration/|/service-areas/elk-point-sd/mold-remediation/|/service-areas/adrian-mn/water-cleanup/|/service-areas/akron-ia/water-cleanup/|/contact/,6.30,planned
/service-areas/flandreau-sd/sewage-cleanup/,service-area-service,"Sewage Cleanup and Sanitization in Flandreau, SD | Crew Restoration & Construction",Sewage Cleanup and Sanitization in Flandreau,"Sewage cleanup and sanitization in Flandreau, SD. IICRC-certified, insurance billing accepted. Call (605) 965-2727.",sewage cleanup and sanitization flandreau,sewage backup cleanup|raw sewage removal|septic overflow cleanup|sewer line backup|sanitization services,local_emergency,,,900,hero|og|inline-1|inline-2,service|local-business|faq|breadcrumb-list,/services/sewage-cleanup/|/service-areas/flandreau-sd/|/service-areas/flandreau-sd/fire-damage-restoration/|/service-areas/flandreau-sd/mold-remediation/|/service-areas/adrian-mn/sewage-cleanup/|/service-areas/akron-ia/sewage-cleanup/|/contact/,6.30,planned
/service-areas/flandreau-sd/storm-damage-restoration/,service-area-service,"Storm Damage Restoration in Flandreau, SD | Crew Restoration & Construction",Storm Damage Restoration in Flandreau,"Storm damage restoration in Flandreau, SD. IICRC-certified, insurance billing accepted. Call (605) 965-2727.",storm damage restoration flandreau,hurricane damage cleanup|tornado damage cleanup|tree damage cleanup|storm cleanup services|severe weather damage repair,local_emergency,,,900,hero|og|inline-1|inline-2,service|local-business|faq|breadcrumb-list,/services/storm-damage-restoration/|/service-areas/flandreau-sd/|/service-areas/flandreau-sd/fire-damage-restoration/|/service-areas/flandreau-sd/mold-remediation/|/service-areas/adrian-mn/storm-damage-restoration/|/service-areas/akron-ia/storm-damage-restoration/|/contact/,6.30,planned
/service-areas/flandreau-sd/water-cleanup/,service-area-service,"Water Cleanup in Flandreau, SD | Crew Restoration & Construction",Water Cleanup in Flandreau,"Water cleanup in Flandreau, SD. IICRC-certified, insurance billing accepted. Call (605) 965-2727.",emergency water cleanup flandreau,water cleanup|water damage cleanup|water clean up|flood water cleanup|standing water removal,local_emergency,,,900,hero|og|inline-1|inline-2,service|local-business|faq|breadcrumb-list,/services/water-cleanup/|/service-areas/flandreau-sd/|/service-areas/flandreau-sd/fire-damage-restoration/|/service-areas/flandreau-sd/mold-remediation/|/service-areas/adrian-mn/water-cleanup/|/service-areas/akron-ia/water-cleanup/|/contact/,6.30,planned
/service-areas/fulda-mn/sewage-cleanup/,service-area-service,"Sewage Cleanup and Sanitization in Fulda, MN | Crew Restoration & Construction",Sewage Cleanup and Sanitization in Fulda,"Sewage cleanup and sanitization in Fulda, MN. IICRC-certified, insurance billing accepted. Call (605) 965-2727.",sewage cleanup and sanitization fulda,sewage backup cleanup|raw sewage removal|septic overflow cleanup|sewer line backup|sanitization services,local_emergency,,,900,hero|og|inline-1|inline-2,service|local-business|faq|breadcrumb-list,/services/sewage-cleanup/|/service-areas/fulda-mn/|/service-areas/fulda-mn/fire-damage-restoration/|/service-areas/fulda-mn/mold-remediation/|/service-areas/adrian-mn/sewage-cleanup/|/service-areas/akron-ia/sewage-cleanup/|/contact/,6.30,planned
/service-areas/fulda-mn/storm-damage-restoration/,service-area-service,"Storm Damage Restoration in Fulda, MN | Crew Restoration & Construction",Storm Damage Restoration in Fulda,"Storm damage restoration in Fulda, MN. IICRC-certified, insurance billing accepted. Call (605) 965-2727.",storm damage restoration fulda,hurricane damage cleanup|tornado damage cleanup|tree damage cleanup|storm cleanup services|severe weather damage repair,local_emergency,,,900,hero|og|inline-1|inline-2,service|local-business|faq|breadcrumb-list,/services/storm-damage-restoration/|/service-areas/fulda-mn/|/service-areas/fulda-mn/fire-damage-restoration/|/service-areas/fulda-mn/mold-remediation/|/service-areas/adrian-mn/storm-damage-restoration/|/service-areas/akron-ia/storm-damage-restoration/|/contact/,6.30,planned
/service-areas/fulda-mn/water-cleanup/,service-area-service,"Water Cleanup in Fulda, MN | Crew Restoration & Construction",Water Cleanup in Fulda,"Water cleanup in Fulda, MN. IICRC-certified, insurance billing accepted. Call (605) 965-2727.",emergency water cleanup fulda,water cleanup|water damage cleanup|water clean up|flood water cleanup|standing water removal,local_emergency,,,900,hero|og|inline-1|inline-2,service|local-business|faq|breadcrumb-list,/services/water-cleanup/|/service-areas/fulda-mn/|/service-areas/fulda-mn/fire-damage-restoration/|/service-areas/fulda-mn/mold-remediation/|/service-areas/adrian-mn/water-cleanup/|/service-areas/akron-ia/water-cleanup/|/contact/,6.30,planned
/service-areas/garretson-sd/sewage-cleanup/,service-area-service,"Sewage Cleanup and Sanitization in Garretson, SD | Crew Restoration & Construction",Sewage Cleanup and Sanitization in Garretson,"Sewage cleanup and sanitization in Garretson, SD. IICRC-certified, insurance billing accepted. Call (605) 965-2727.",sewage cleanup and sanitization garretson,sewage backup cleanup|raw sewage removal|septic overflow cleanup|sewer line backup|sanitization services,local_emergency,,,900,hero|og|inline-1|inline-2,service|local-business|faq|breadcrumb-list,/services/sewage-cleanup/|/service-areas/garretson-sd/|/service-areas/garretson-sd/fire-damage-restoration/|/service-areas/garretson-sd/mold-remediation/|/service-areas/adrian-mn/sewage-cleanup/|/service-areas/akron-ia/sewage-cleanup/|/contact/,6.30,planned
/service-areas/garretson-sd/storm-damage-restoration/,service-area-service,"Storm Damage Restoration in Garretson, SD | Crew Restoration & Construction",Storm Damage Restoration in Garretson,"Storm damage restoration in Garretson, SD. IICRC-certified, insurance billing accepted. Call (605) 965-2727.",storm damage restoration garretson,hurricane damage cleanup|tornado damage cleanup|tree damage cleanup|storm cleanup services|severe weather damage repair,local_emergency,,,900,hero|og|inline-1|inline-2,service|local-business|faq|breadcrumb-list,/services/storm-damage-restoration/|/service-areas/garretson-sd/|/service-areas/garretson-sd/fire-damage-restoration/|/service-areas/garretson-sd/mold-remediation/|/service-areas/adrian-mn/storm-damage-restoration/|/service-areas/akron-ia/storm-damage-restoration/|/contact/,6.30,planned
/service-areas/garretson-sd/water-cleanup/,service-area-service,"Water Cleanup in Garretson, SD | Crew Restoration & Construction",Water Cleanup in Garretson,"Water cleanup in Garretson, SD. IICRC-certified, insurance billing accepted. Call (605) 965-2727.",emergency water cleanup garretson,water cleanup|water damage cleanup|water clean up|flood water cleanup|standing water removal,local_emergency,,,900,hero|og|inline-1|inline-2,service|local-business|faq|breadcrumb-list,/services/water-cleanup/|/service-areas/garretson-sd/|/service-areas/garretson-sd/fire-damage-restoration/|/service-areas/garretson-sd/mold-remediation/|/service-areas/adrian-mn/water-cleanup/|/service-areas/akron-ia/water-cleanup/|/contact/,6.30,planned
/service-areas/george-ia/sewage-cleanup/,service-area-service,"Sewage Cleanup and Sanitization in George, IA | Crew Restoration & Construction",Sewage Cleanup and Sanitization in George,"Sewage cleanup and sanitization in George, IA. IICRC-certified, insurance billing accepted. Call (605) 965-2727.",sewage cleanup and sanitization george,sewage backup cleanup|raw sewage removal|septic overflow cleanup|sewer line backup|sanitization services,local_emergency,,,900,hero|og|inline-1|inline-2,service|local-business|faq|breadcrumb-list,/services/sewage-cleanup/|/service-areas/george-ia/|/service-areas/george-ia/fire-damage-restoration/|/service-areas/george-ia/mold-remediation/|/service-areas/adrian-mn/sewage-cleanup/|/service-areas/akron-ia/sewage-cleanup/|/contact/,6.30,planned
/service-areas/george-ia/storm-damage-restoration/,service-area-service,"Storm Damage Restoration in George, IA | Crew Restoration & Construction",Storm Damage Restoration in George,"Storm damage restoration in George, IA. IICRC-certified, insurance billing accepted. Call (605) 965-2727.",storm damage restoration george,hurricane damage cleanup|tornado damage cleanup|tree damage cleanup|storm cleanup services|severe weather damage repair,local_emergency,,,900,hero|og|inline-1|inline-2,service|local-business|faq|breadcrumb-list,/services/storm-damage-restoration/|/service-areas/george-ia/|/service-areas/george-ia/fire-damage-restoration/|/service-areas/george-ia/mold-remediation/|/service-areas/adrian-mn/storm-damage-restoration/|/service-areas/akron-ia/storm-damage-restoration/|/contact/,6.30,planned
/service-areas/george-ia/water-cleanup/,service-area-service,"Water Cleanup in George, IA | Crew Restoration & Construction",Water Cleanup in George,"Water cleanup in George, IA. IICRC-certified, insurance billing accepted. Call (605) 965-2727.",emergency water cleanup george,water cleanup|water damage cleanup|water clean up|flood water cleanup|standing water removal,local_emergency,,,900,hero|og|inline-1|inline-2,service|local-business|faq|breadcrumb-list,/services/water-cleanup/|/service-areas/george-ia/|/service-areas/george-ia/fire-damage-restoration/|/service-areas/george-ia/mold-remediation/|/service-areas/adrian-mn/water-cleanup/|/service-areas/akron-ia/water-cleanup/|/contact/,6.30,planned
/service-areas/harrisburg-sd/sewage-cleanup/,service-area-service,"Sewage Cleanup and Sanitization in Harrisburg, SD | Crew Restoration & Construction",Sewage Cleanup and Sanitization in Harrisburg,"Sewage cleanup and sanitization in Harrisburg, SD. IICRC-certified, insurance billing accepted. Call (605) 965-2727.",sewage cleanup and sanitization harrisburg,sewage backup cleanup|raw sewage removal|septic overflow cleanup|sewer line backup|sanitization services,local_emergency,,,900,hero|og|inline-1|inline-2,service|local-business|faq|breadcrumb-list,/services/sewage-cleanup/|/service-areas/harrisburg-sd/|/service-areas/harrisburg-sd/fire-damage-restoration/|/service-areas/harrisburg-sd/mold-remediation/|/service-areas/adrian-mn/sewage-cleanup/|/service-areas/akron-ia/sewage-cleanup/|/contact/,6.30,planned
/service-areas/harrisburg-sd/storm-damage-restoration/,service-area-service,"Storm Damage Restoration in Harrisburg, SD | Crew Restoration & Construction",Storm Damage Restoration in Harrisburg,"Storm damage restoration in Harrisburg, SD. IICRC-certified, insurance billing accepted. Call (605) 965-2727.",storm damage restoration harrisburg,hurricane damage cleanup|tornado damage cleanup|tree damage cleanup|storm cleanup services|severe weather damage repair,local_emergency,,,900,hero|og|inline-1|inline-2,service|local-business|faq|breadcrumb-list,/services/storm-damage-restoration/|/service-areas/harrisburg-sd/|/service-areas/harrisburg-sd/fire-damage-restoration/|/service-areas/harrisburg-sd/mold-remediation/|/service-areas/adrian-mn/storm-damage-restoration/|/service-areas/akron-ia/storm-damage-restoration/|/contact/,6.30,planned
/service-areas/harrisburg-sd/water-cleanup/,service-area-service,"Water Cleanup in Harrisburg, SD | Crew Restoration & Construction",Water Cleanup in Harrisburg,"Water cleanup in Harrisburg, SD. IICRC-certified, insurance billing accepted. Call (605) 965-2727.",emergency water cleanup harrisburg,water cleanup|water damage cleanup|water clean up|flood water cleanup|standing water removal,local_emergency,,,900,hero|og|inline-1|inline-2,service|local-business|faq|breadcrumb-list,/services/water-cleanup/|/service-areas/harrisburg-sd/|/service-areas/harrisburg-sd/fire-damage-restoration/|/service-areas/harrisburg-sd/mold-remediation/|/service-areas/adrian-mn/water-cleanup/|/service-areas/akron-ia/water-cleanup/|/contact/,6.30,planned
/service-areas/hartford-sd/sewage-cleanup/,service-area-service,"Sewage Cleanup and Sanitization in Hartford, SD | Crew Restoration & Construction",Sewage Cleanup and Sanitization in Hartford,"Sewage cleanup and sanitization in Hartford, SD. IICRC-certified, insurance billing accepted. Call (605) 965-2727.",sewage cleanup and sanitization hartford,sewage backup cleanup|raw sewage removal|septic overflow cleanup|sewer line backup|sanitization services,local_emergency,,,900,hero|og|inline-1|inline-2,service|local-business|faq|breadcrumb-list,/services/sewage-cleanup/|/service-areas/hartford-sd/|/service-areas/hartford-sd/fire-damage-restoration/|/service-areas/hartford-sd/mold-remediation/|/service-areas/adrian-mn/sewage-cleanup/|/service-areas/akron-ia/sewage-cleanup/|/contact/,6.30,planned
/service-areas/hartford-sd/storm-damage-restoration/,service-area-service,"Storm Damage Restoration in Hartford, SD | Crew Restoration & Construction",Storm Damage Restoration in Hartford,"Storm damage restoration in Hartford, SD. IICRC-certified, insurance billing accepted. Call (605) 965-2727.",storm damage restoration hartford,hurricane damage cleanup|tornado damage cleanup|tree damage cleanup|storm cleanup services|severe weather damage repair,local_emergency,,,900,hero|og|inline-1|inline-2,service|local-business|faq|breadcrumb-list,/services/storm-damage-restoration/|/service-areas/hartford-sd/|/service-areas/hartford-sd/fire-damage-restoration/|/service-areas/hartford-sd/mold-remediation/|/service-areas/adrian-mn/storm-damage-restoration/|/service-areas/akron-ia/storm-damage-restoration/|/contact/,6.30,planned
/service-areas/hartford-sd/water-cleanup/,service-area-service,"Water Cleanup in Hartford, SD | Crew Restoration & Construction",Water Cleanup in Hartford,"Water cleanup in Hartford, SD. IICRC-certified, insurance billing accepted. Call (605) 965-2727.",emergency water cleanup hartford,water cleanup|water damage cleanup|water clean up|flood water cleanup|standing water removal,local_emergency,,,900,hero|og|inline-1|inline-2,service|local-business|faq|breadcrumb-list,/services/water-cleanup/|/service-areas/hartford-sd/|/service-areas/hartford-sd/fire-damage-restoration/|/service-areas/hartford-sd/mold-remediation/|/service-areas/adrian-mn/water-cleanup/|/service-areas/akron-ia/water-cleanup/|/contact/,6.30,planned
/service-areas/hawarden-ia/sewage-cleanup/,service-area-service,"Sewage Cleanup and Sanitization in Hawarden, IA | Crew Restoration & Construction",Sewage Cleanup and Sanitization in Hawarden,"Sewage cleanup and sanitization in Hawarden, IA. IICRC-certified, insurance billing accepted. Call (605) 965-2727.",sewage cleanup and sanitization hawarden,sewage backup cleanup|raw sewage removal|septic overflow cleanup|sewer line backup|sanitization services,local_emergency,,,900,hero|og|inline-1|inline-2,service|local-business|faq|breadcrumb-list,/services/sewage-cleanup/|/service-areas/hawarden-ia/|/service-areas/hawarden-ia/fire-damage-restoration/|/service-areas/hawarden-ia/mold-remediation/|/service-areas/adrian-mn/sewage-cleanup/|/service-areas/akron-ia/sewage-cleanup/|/contact/,6.30,planned
/service-areas/hawarden-ia/storm-damage-restoration/,service-area-service,"Storm Damage Restoration in Hawarden, IA | Crew Restoration & Construction",Storm Damage Restoration in Hawarden,"Storm damage restoration in Hawarden, IA. IICRC-certified, insurance billing accepted. Call (605) 965-2727.",storm damage restoration hawarden,hurricane damage cleanup|tornado damage cleanup|tree damage cleanup|storm cleanup services|severe weather damage repair,local_emergency,,,900,hero|og|inline-1|inline-2,service|local-business|faq|breadcrumb-list,/services/storm-damage-restoration/|/service-areas/hawarden-ia/|/service-areas/hawarden-ia/fire-damage-restoration/|/service-areas/hawarden-ia/mold-remediation/|/service-areas/adrian-mn/storm-damage-restoration/|/service-areas/akron-ia/storm-damage-restoration/|/contact/,6.30,planned
/service-areas/hawarden-ia/water-cleanup/,service-area-service,"Water Cleanup in Hawarden, IA | Crew Restoration & Construction",Water Cleanup in Hawarden,"Water cleanup in Hawarden, IA. IICRC-certified, insurance billing accepted. Call (605) 965-2727.",emergency water cleanup hawarden,water cleanup|water damage cleanup|water clean up|flood water cleanup|standing water removal,local_emergency,,,900,hero|og|inline-1|inline-2,service|local-business|faq|breadcrumb-list,/services/water-cleanup/|/service-areas/hawarden-ia/|/service-areas/hawarden-ia/fire-damage-restoration/|/service-areas/hawarden-ia/mold-remediation/|/service-areas/adrian-mn/water-cleanup/|/service-areas/akron-ia/water-cleanup/|/contact/,6.30,planned
/service-areas/hinton-ia/sewage-cleanup/,service-area-service,"Sewage Cleanup and Sanitization in Hinton, IA | Crew Restoration & Construction",Sewage Cleanup and Sanitization in Hinton,"Sewage cleanup and sanitization in Hinton, IA. IICRC-certified, insurance billing accepted. Call (605) 965-2727.",sewage cleanup and sanitization hinton,sewage backup cleanup|raw sewage removal|septic overflow cleanup|sewer line backup|sanitization services,local_emergency,,,900,hero|og|inline-1|inline-2,service|local-business|faq|breadcrumb-list,/services/sewage-cleanup/|/service-areas/hinton-ia/|/service-areas/hinton-ia/fire-damage-restoration/|/service-areas/hinton-ia/mold-remediation/|/service-areas/adrian-mn/sewage-cleanup/|/service-areas/akron-ia/sewage-cleanup/|/contact/,6.30,planned
/service-areas/hinton-ia/storm-damage-restoration/,service-area-service,"Storm Damage Restoration in Hinton, IA | Crew Restoration & Construction",Storm Damage Restoration in Hinton,"Storm damage restoration in Hinton, IA. IICRC-certified, insurance billing accepted. Call (605) 965-2727.",storm damage restoration hinton,hurricane damage cleanup|tornado damage cleanup|tree damage cleanup|storm cleanup services|severe weather damage repair,local_emergency,,,900,hero|og|inline-1|inline-2,service|local-business|faq|breadcrumb-list,/services/storm-damage-restoration/|/service-areas/hinton-ia/|/service-areas/hinton-ia/fire-damage-restoration/|/service-areas/hinton-ia/mold-remediation/|/service-areas/adrian-mn/storm-damage-restoration/|/service-areas/akron-ia/storm-damage-restoration/|/contact/,6.30,planned
/service-areas/hinton-ia/water-cleanup/,service-area-service,"Water Cleanup in Hinton, IA | Crew Restoration & Construction",Water Cleanup in Hinton,"Water cleanup in Hinton, IA. IICRC-certified, insurance billing accepted. Call (605) 965-2727.",emergency water cleanup hinton,water cleanup|water damage cleanup|water clean up|flood water cleanup|standing water removal,local_emergency,,,900,hero|og|inline-1|inline-2,service|local-business|faq|breadcrumb-list,/services/water-cleanup/|/service-areas/hinton-ia/|/service-areas/hinton-ia/fire-damage-restoration/|/service-areas/hinton-ia/mold-remediation/|/service-areas/adrian-mn/water-cleanup/|/service-areas/akron-ia/water-cleanup/|/contact/,6.30,planned
/service-areas/hull-ia/sewage-cleanup/,service-area-service,"Sewage Cleanup and Sanitization in Hull, IA | Crew Restoration & Construction",Sewage Cleanup and Sanitization in Hull,"Sewage cleanup and sanitization in Hull, IA. IICRC-certified, insurance billing accepted. Call (605) 965-2727.",sewage cleanup and sanitization hull,sewage backup cleanup|raw sewage removal|septic overflow cleanup|sewer line backup|sanitization services,local_emergency,,,900,hero|og|inline-1|inline-2,service|local-business|faq|breadcrumb-list,/services/sewage-cleanup/|/service-areas/hull-ia/|/service-areas/hull-ia/fire-damage-restoration/|/service-areas/hull-ia/mold-remediation/|/service-areas/adrian-mn/sewage-cleanup/|/service-areas/akron-ia/sewage-cleanup/|/contact/,6.30,planned
/service-areas/hull-ia/storm-damage-restoration/,service-area-service,"Storm Damage Restoration in Hull, IA | Crew Restoration & Construction",Storm Damage Restoration in Hull,"Storm damage restoration in Hull, IA. IICRC-certified, insurance billing accepted. Call (605) 965-2727.",storm damage restoration hull,hurricane damage cleanup|tornado damage cleanup|tree damage cleanup|storm cleanup services|severe weather damage repair,local_emergency,,,900,hero|og|inline-1|inline-2,service|local-business|faq|breadcrumb-list,/services/storm-damage-restoration/|/service-areas/hull-ia/|/service-areas/hull-ia/fire-damage-restoration/|/service-areas/hull-ia/mold-remediation/|/service-areas/adrian-mn/storm-damage-restoration/|/service-areas/akron-ia/storm-damage-restoration/|/contact/,6.30,planned
/service-areas/hull-ia/water-cleanup/,service-area-service,"Water Cleanup in Hull, IA | Crew Restoration & Construction",Water Cleanup in Hull,"Water cleanup in Hull, IA. IICRC-certified, insurance billing accepted. Call (605) 965-2727.",emergency water cleanup hull,water cleanup|water damage cleanup|water clean up|flood water cleanup|standing water removal,local_emergency,,,900,hero|og|inline-1|inline-2,service|local-business|faq|breadcrumb-list,/services/water-cleanup/|/service-areas/hull-ia/|/service-areas/hull-ia/fire-damage-restoration/|/service-areas/hull-ia/mold-remediation/|/service-areas/adrian-mn/water-cleanup/|/service-areas/akron-ia/water-cleanup/|/contact/,6.30,planned
/service-areas/kingsley-ia/sewage-cleanup/,service-area-service,"Sewage Cleanup and Sanitization in Kingsley, IA | Crew Restoration & Construction",Sewage Cleanup and Sanitization in Kingsley,"Sewage cleanup and sanitization in Kingsley, IA. IICRC-certified, insurance billing accepted. Call (605) 965-2727.",sewage cleanup and sanitization kingsley,sewage backup cleanup|raw sewage removal|septic overflow cleanup|sewer line backup|sanitization services,local_emergency,,,900,hero|og|inline-1|inline-2,service|local-business|faq|breadcrumb-list,/services/sewage-cleanup/|/service-areas/kingsley-ia/|/service-areas/kingsley-ia/fire-damage-restoration/|/service-areas/kingsley-ia/mold-remediation/|/service-areas/adrian-mn/sewage-cleanup/|/service-areas/akron-ia/sewage-cleanup/|/contact/,6.30,planned
/service-areas/kingsley-ia/storm-damage-restoration/,service-area-service,"Storm Damage Restoration in Kingsley, IA | Crew Restoration & Construction",Storm Damage Restoration in Kingsley,"Storm damage restoration in Kingsley, IA. IICRC-certified, insurance billing accepted. Call (605) 965-2727.",storm damage restoration kingsley,hurricane damage cleanup|tornado damage cleanup|tree damage cleanup|storm cleanup services|severe weather damage repair,local_emergency,,,900,hero|og|inline-1|inline-2,service|local-business|faq|breadcrumb-list,/services/storm-damage-restoration/|/service-areas/kingsley-ia/|/service-areas/kingsley-ia/fire-damage-restoration/|/service-areas/kingsley-ia/mold-remediation/|/service-areas/adrian-mn/storm-damage-restoration/|/service-areas/akron-ia/storm-damage-restoration/|/contact/,6.30,planned
/service-areas/kingsley-ia/water-cleanup/,service-area-service,"Water Cleanup in Kingsley, IA | Crew Restoration & Construction",Water Cleanup in Kingsley,"Water cleanup in Kingsley, IA. IICRC-certified, insurance billing accepted. Call (605) 965-2727.",emergency water cleanup kingsley,water cleanup|water damage cleanup|water clean up|flood water cleanup|standing water removal,local_emergency,,,900,hero|og|inline-1|inline-2,service|local-business|faq|breadcrumb-list,/services/water-cleanup/|/service-areas/kingsley-ia/|/service-areas/kingsley-ia/fire-damage-restoration/|/service-areas/kingsley-ia/mold-remediation/|/service-areas/adrian-mn/water-cleanup/|/service-areas/akron-ia/water-cleanup/|/contact/,6.30,planned
/service-areas/le-mars-ia/sewage-cleanup/,service-area-service,"Sewage Cleanup and Sanitization in Le Mars, IA | Crew Restoration & Construction",Sewage Cleanup and Sanitization in Le Mars,"Sewage cleanup and sanitization in Le Mars, IA. IICRC-certified, insurance billing accepted. Call (605) 965-2727.",sewage cleanup and sanitization le mars,sewage backup cleanup|raw sewage removal|septic overflow cleanup|sewer line backup|sanitization services,local_emergency,,,900,hero|og|inline-1|inline-2,service|local-business|faq|breadcrumb-list,/services/sewage-cleanup/|/service-areas/le-mars-ia/|/service-areas/le-mars-ia/fire-damage-restoration/|/service-areas/le-mars-ia/mold-remediation/|/service-areas/adrian-mn/sewage-cleanup/|/service-areas/akron-ia/sewage-cleanup/|/contact/,6.30,planned
/service-areas/le-mars-ia/storm-damage-restoration/,service-area-service,"Storm Damage Restoration in Le Mars, IA | Crew Restoration & Construction",Storm Damage Restoration in Le Mars,"Storm damage restoration in Le Mars, IA. IICRC-certified, insurance billing accepted. Call (605) 965-2727.",storm damage restoration le mars,hurricane damage cleanup|tornado damage cleanup|tree damage cleanup|storm cleanup services|severe weather damage repair,local_emergency,,,900,hero|og|inline-1|inline-2,service|local-business|faq|breadcrumb-list,/services/storm-damage-restoration/|/service-areas/le-mars-ia/|/service-areas/le-mars-ia/fire-damage-restoration/|/service-areas/le-mars-ia/mold-remediation/|/service-areas/adrian-mn/storm-damage-restoration/|/service-areas/akron-ia/storm-damage-restoration/|/contact/,6.30,planned
/service-areas/le-mars-ia/water-cleanup/,service-area-service,"Water Cleanup in Le Mars, IA | Crew Restoration & Construction",Water Cleanup in Le Mars,"Water cleanup in Le Mars, IA. IICRC-certified, insurance billing accepted. Call (605) 965-2727.",emergency water cleanup le mars,water cleanup|water damage cleanup|water clean up|flood water cleanup|standing water removal,local_emergency,,,900,hero|og|inline-1|inline-2,service|local-business|faq|breadcrumb-list,/services/water-cleanup/|/service-areas/le-mars-ia/|/service-areas/le-mars-ia/fire-damage-restoration/|/service-areas/le-mars-ia/mold-remediation/|/service-areas/adrian-mn/water-cleanup/|/service-areas/akron-ia/water-cleanup/|/contact/,6.30,planned
/service-areas/lennox-sd/sewage-cleanup/,service-area-service,"Sewage Cleanup and Sanitization in Lennox, SD | Crew Restoration & Construction",Sewage Cleanup and Sanitization in Lennox,"Sewage cleanup and sanitization in Lennox, SD. IICRC-certified, insurance billing accepted. Call (605) 965-2727.",sewage cleanup and sanitization lennox,sewage backup cleanup|raw sewage removal|septic overflow cleanup|sewer line backup|sanitization services,local_emergency,,,900,hero|og|inline-1|inline-2,service|local-business|faq|breadcrumb-list,/services/sewage-cleanup/|/service-areas/lennox-sd/|/service-areas/lennox-sd/fire-damage-restoration/|/service-areas/lennox-sd/mold-remediation/|/service-areas/adrian-mn/sewage-cleanup/|/service-areas/akron-ia/sewage-cleanup/|/contact/,6.30,planned
/service-areas/lennox-sd/storm-damage-restoration/,service-area-service,"Storm Damage Restoration in Lennox, SD | Crew Restoration & Construction",Storm Damage Restoration in Lennox,"Storm damage restoration in Lennox, SD. IICRC-certified, insurance billing accepted. Call (605) 965-2727.",storm damage restoration lennox,hurricane damage cleanup|tornado damage cleanup|tree damage cleanup|storm cleanup services|severe weather damage repair,local_emergency,,,900,hero|og|inline-1|inline-2,service|local-business|faq|breadcrumb-list,/services/storm-damage-restoration/|/service-areas/lennox-sd/|/service-areas/lennox-sd/fire-damage-restoration/|/service-areas/lennox-sd/mold-remediation/|/service-areas/adrian-mn/storm-damage-restoration/|/service-areas/akron-ia/storm-damage-restoration/|/contact/,6.30,planned
/service-areas/lennox-sd/water-cleanup/,service-area-service,"Water Cleanup in Lennox, SD | Crew Restoration & Construction",Water Cleanup in Lennox,"Water cleanup in Lennox, SD. IICRC-certified, insurance billing accepted. Call (605) 965-2727.",emergency water cleanup lennox,water cleanup|water damage cleanup|water clean up|flood water cleanup|standing water removal,local_emergency,,,900,hero|og|inline-1|inline-2,service|local-business|faq|breadcrumb-list,/services/water-cleanup/|/service-areas/lennox-sd/|/service-areas/lennox-sd/fire-damage-restoration/|/service-areas/lennox-sd/mold-remediation/|/service-areas/adrian-mn/water-cleanup/|/service-areas/akron-ia/water-cleanup/|/contact/,6.30,planned
/service-areas/luverne-mn/sewage-cleanup/,service-area-service,"Sewage Cleanup and Sanitization in Luverne, MN | Crew Restoration & Construction",Sewage Cleanup and Sanitization in Luverne,"Sewage cleanup and sanitization in Luverne, MN. IICRC-certified, insurance billing accepted. Call (605) 965-2727.",sewage cleanup and sanitization luverne,sewage backup cleanup|raw sewage removal|septic overflow cleanup|sewer line backup|sanitization services,local_emergency,,,900,hero|og|inline-1|inline-2,service|local-business|faq|breadcrumb-list,/services/sewage-cleanup/|/service-areas/luverne-mn/|/service-areas/luverne-mn/fire-damage-restoration/|/service-areas/luverne-mn/mold-remediation/|/service-areas/adrian-mn/sewage-cleanup/|/service-areas/akron-ia/sewage-cleanup/|/contact/,6.30,planned
/service-areas/luverne-mn/storm-damage-restoration/,service-area-service,"Storm Damage Restoration in Luverne, MN | Crew Restoration & Construction",Storm Damage Restoration in Luverne,"Storm damage restoration in Luverne, MN. IICRC-certified, insurance billing accepted. Call (605) 965-2727.",storm damage restoration luverne,hurricane damage cleanup|tornado damage cleanup|tree damage cleanup|storm cleanup services|severe weather damage repair,local_emergency,,,900,hero|og|inline-1|inline-2,service|local-business|faq|breadcrumb-list,/services/storm-damage-restoration/|/service-areas/luverne-mn/|/service-areas/luverne-mn/fire-damage-restoration/|/service-areas/luverne-mn/mold-remediation/|/service-areas/adrian-mn/storm-damage-restoration/|/service-areas/akron-ia/storm-damage-restoration/|/contact/,6.30,planned
/service-areas/luverne-mn/water-cleanup/,service-area-service,"Water Cleanup in Luverne, MN | Crew Restoration & Construction",Water Cleanup in Luverne,"Water cleanup in Luverne, MN. IICRC-certified, insurance billing accepted. Call (605) 965-2727.",emergency water cleanup luverne,water cleanup|water damage cleanup|water clean up|flood water cleanup|standing water removal,local_emergency,,,900,hero|og|inline-1|inline-2,service|local-business|faq|breadcrumb-list,/services/water-cleanup/|/service-areas/luverne-mn/|/service-areas/luverne-mn/fire-damage-restoration/|/service-areas/luverne-mn/mold-remediation/|/service-areas/adrian-mn/water-cleanup/|/service-areas/akron-ia/water-cleanup/|/contact/,6.30,planned
/service-areas/madison-sd/sewage-cleanup/,service-area-service,"Sewage Cleanup and Sanitization in Madison, SD | Crew Restoration & Construction",Sewage Cleanup and Sanitization in Madison,"Sewage cleanup and sanitization in Madison, SD. IICRC-certified, insurance billing accepted. Call (605) 965-2727.",sewage cleanup and sanitization madison,sewage backup cleanup|raw sewage removal|septic overflow cleanup|sewer line backup|sanitization services,local_emergency,,,900,hero|og|inline-1|inline-2,service|local-business|faq|breadcrumb-list,/services/sewage-cleanup/|/service-areas/madison-sd/|/service-areas/madison-sd/fire-damage-restoration/|/service-areas/madison-sd/mold-remediation/|/service-areas/adrian-mn/sewage-cleanup/|/service-areas/akron-ia/sewage-cleanup/|/contact/,6.30,planned
/service-areas/madison-sd/storm-damage-restoration/,service-area-service,"Storm Damage Restoration in Madison, SD | Crew Restoration & Construction",Storm Damage Restoration in Madison,"Storm damage restoration in Madison, SD. IICRC-certified, insurance billing accepted. Call (605) 965-2727.",storm damage restoration madison,hurricane damage cleanup|tornado damage cleanup|tree damage cleanup|storm cleanup services|severe weather damage repair,local_emergency,,,900,hero|og|inline-1|inline-2,service|local-business|faq|breadcrumb-list,/services/storm-damage-restoration/|/service-areas/madison-sd/|/service-areas/madison-sd/fire-damage-restoration/|/service-areas/madison-sd/mold-remediation/|/service-areas/adrian-mn/storm-damage-restoration/|/service-areas/akron-ia/storm-damage-restoration/|/contact/,6.30,planned
/service-areas/madison-sd/water-cleanup/,service-area-service,"Water Cleanup in Madison, SD | Crew Restoration & Construction",Water Cleanup in Madison,"Water cleanup in Madison, SD. IICRC-certified, insurance billing accepted. Call (605) 965-2727.",emergency water cleanup madison,water cleanup|water damage cleanup|water clean up|flood water cleanup|standing water removal,local_emergency,,,900,hero|og|inline-1|inline-2,service|local-business|faq|breadcrumb-list,/services/water-cleanup/|/service-areas/madison-sd/|/service-areas/madison-sd/fire-damage-restoration/|/service-areas/madison-sd/mold-remediation/|/service-areas/adrian-mn/water-cleanup/|/service-areas/akron-ia/water-cleanup/|/contact/,6.30,planned
/service-areas/merrill-ia/sewage-cleanup/,service-area-service,"Sewage Cleanup and Sanitization in Merrill, IA | Crew Restoration & Construction",Sewage Cleanup and Sanitization in Merrill,"Sewage cleanup and sanitization in Merrill, IA. IICRC-certified, insurance billing accepted. Call (605) 965-2727.",sewage cleanup and sanitization merrill,sewage backup cleanup|raw sewage removal|septic overflow cleanup|sewer line backup|sanitization services,local_emergency,,,900,hero|og|inline-1|inline-2,service|local-business|faq|breadcrumb-list,/services/sewage-cleanup/|/service-areas/merrill-ia/|/service-areas/merrill-ia/fire-damage-restoration/|/service-areas/merrill-ia/mold-remediation/|/service-areas/adrian-mn/sewage-cleanup/|/service-areas/akron-ia/sewage-cleanup/|/contact/,6.30,planned
/service-areas/merrill-ia/storm-damage-restoration/,service-area-service,"Storm Damage Restoration in Merrill, IA | Crew Restoration & Construction",Storm Damage Restoration in Merrill,"Storm damage restoration in Merrill, IA. IICRC-certified, insurance billing accepted. Call (605) 965-2727.",storm damage restoration merrill,hurricane damage cleanup|tornado damage cleanup|tree damage cleanup|storm cleanup services|severe weather damage repair,local_emergency,,,900,hero|og|inline-1|inline-2,service|local-business|faq|breadcrumb-list,/services/storm-damage-restoration/|/service-areas/merrill-ia/|/service-areas/merrill-ia/fire-damage-restoration/|/service-areas/merrill-ia/mold-remediation/|/service-areas/adrian-mn/storm-damage-restoration/|/service-areas/akron-ia/storm-damage-restoration/|/contact/,6.30,planned
/service-areas/merrill-ia/water-cleanup/,service-area-service,"Water Cleanup in Merrill, IA | Crew Restoration & Construction",Water Cleanup in Merrill,"Water cleanup in Merrill, IA. IICRC-certified, insurance billing accepted. Call (605) 965-2727.",emergency water cleanup merrill,water cleanup|water damage cleanup|water clean up|flood water cleanup|standing water removal,local_emergency,,,900,hero|og|inline-1|inline-2,service|local-business|faq|breadcrumb-list,/services/water-cleanup/|/service-areas/merrill-ia/|/service-areas/merrill-ia/fire-damage-restoration/|/service-areas/merrill-ia/mold-remediation/|/service-areas/adrian-mn/water-cleanup/|/service-areas/akron-ia/water-cleanup/|/contact/,6.30,planned
/service-areas/north-sioux-city-sd/sewage-cleanup/,service-area-service,"Sewage Cleanup and Sanitization in North Sioux City, SD | Crew Restoration & Construction",Sewage Cleanup and Sanitization in North Sioux City,"Sewage cleanup and sanitization in North Sioux City, SD. IICRC-certified, insurance billing accepted. Call (605) 965-2727.",sewage cleanup and sanitization north sioux city,sewage backup cleanup|raw sewage removal|septic overflow cleanup|sewer line backup|sanitization services,local_emergency,,,900,hero|og|inline-1|inline-2,service|local-business|faq|breadcrumb-list,/services/sewage-cleanup/|/service-areas/north-sioux-city-sd/|/service-areas/north-sioux-city-sd/fire-damage-restoration/|/service-areas/north-sioux-city-sd/mold-remediation/|/service-areas/adrian-mn/sewage-cleanup/|/service-areas/akron-ia/sewage-cleanup/|/contact/,6.30,planned
/service-areas/north-sioux-city-sd/storm-damage-restoration/,service-area-service,"Storm Damage Restoration in North Sioux City, SD | Crew Restoration & Construction",Storm Damage Restoration in North Sioux City,"Storm damage restoration in North Sioux City, SD. IICRC-certified, insurance billing accepted. Call (605) 965-2727.",storm damage restoration north sioux city,hurricane damage cleanup|tornado damage cleanup|tree damage cleanup|storm cleanup services|severe weather damage repair,local_emergency,,,900,hero|og|inline-1|inline-2,service|local-business|faq|breadcrumb-list,/services/storm-damage-restoration/|/service-areas/north-sioux-city-sd/|/service-areas/north-sioux-city-sd/fire-damage-restoration/|/service-areas/north-sioux-city-sd/mold-remediation/|/service-areas/adrian-mn/storm-damage-restoration/|/service-areas/akron-ia/storm-damage-restoration/|/contact/,6.30,planned
/service-areas/north-sioux-city-sd/water-cleanup/,service-area-service,"Water Cleanup in North Sioux City, SD | Crew Restoration & Construction",Water Cleanup in North Sioux City,"Water cleanup in North Sioux City, SD. IICRC-certified, insurance billing accepted. Call (605) 965-2727.",emergency water cleanup north sioux city,water cleanup|water damage cleanup|water clean up|flood water cleanup|standing water removal,local_emergency,,,900,hero|og|inline-1|inline-2,service|local-business|faq|breadcrumb-list,/services/water-cleanup/|/service-areas/north-sioux-city-sd/|/service-areas/north-sioux-city-sd/fire-damage-restoration/|/service-areas/north-sioux-city-sd/mold-remediation/|/service-areas/adrian-mn/water-cleanup/|/service-areas/akron-ia/water-cleanup/|/contact/,6.30,planned
/service-areas/orange-city-ia/sewage-cleanup/,service-area-service,"Sewage Cleanup and Sanitization in Orange City, IA | Crew Restoration & Construction",Sewage Cleanup and Sanitization in Orange City,"Sewage cleanup and sanitization in Orange City, IA. IICRC-certified, insurance billing accepted. Call (605) 965-2727.",sewage cleanup and sanitization orange city,sewage backup cleanup|raw sewage removal|septic overflow cleanup|sewer line backup|sanitization services,local_emergency,,,900,hero|og|inline-1|inline-2,service|local-business|faq|breadcrumb-list,/services/sewage-cleanup/|/service-areas/orange-city-ia/|/service-areas/orange-city-ia/fire-damage-restoration/|/service-areas/orange-city-ia/mold-remediation/|/service-areas/adrian-mn/sewage-cleanup/|/service-areas/akron-ia/sewage-cleanup/|/contact/,6.30,planned
/service-areas/orange-city-ia/storm-damage-restoration/,service-area-service,"Storm Damage Restoration in Orange City, IA | Crew Restoration & Construction",Storm Damage Restoration in Orange City,"Storm damage restoration in Orange City, IA. IICRC-certified, insurance billing accepted. Call (605) 965-2727.",storm damage restoration orange city,hurricane damage cleanup|tornado damage cleanup|tree damage cleanup|storm cleanup services|severe weather damage repair,local_emergency,,,900,hero|og|inline-1|inline-2,service|local-business|faq|breadcrumb-list,/services/storm-damage-restoration/|/service-areas/orange-city-ia/|/service-areas/orange-city-ia/fire-damage-restoration/|/service-areas/orange-city-ia/mold-remediation/|/service-areas/adrian-mn/storm-damage-restoration/|/service-areas/akron-ia/storm-damage-restoration/|/contact/,6.30,planned
/service-areas/orange-city-ia/water-cleanup/,service-area-service,"Water Cleanup in Orange City, IA | Crew Restoration & Construction",Water Cleanup in Orange City,"Water cleanup in Orange City, IA. IICRC-certified, insurance billing accepted. Call (605) 965-2727.",emergency water cleanup orange city,water cleanup|water damage cleanup|water clean up|flood water cleanup|standing water removal,local_emergency,,,900,hero|og|inline-1|inline-2,service|local-business|faq|breadcrumb-list,/services/water-cleanup/|/service-areas/orange-city-ia/|/service-areas/orange-city-ia/fire-damage-restoration/|/service-areas/orange-city-ia/mold-remediation/|/service-areas/adrian-mn/water-cleanup/|/service-areas/akron-ia/water-cleanup/|/contact/,6.30,planned
/service-areas/parker-sd/sewage-cleanup/,service-area-service,"Sewage Cleanup and Sanitization in Parker, SD | Crew Restoration & Construction",Sewage Cleanup and Sanitization in Parker,"Sewage cleanup and sanitization in Parker, SD. IICRC-certified, insurance billing accepted. Call (605) 965-2727.",sewage cleanup and sanitization parker,sewage backup cleanup|raw sewage removal|septic overflow cleanup|sewer line backup|sanitization services,local_emergency,,,900,hero|og|inline-1|inline-2,service|local-business|faq|breadcrumb-list,/services/sewage-cleanup/|/service-areas/parker-sd/|/service-areas/parker-sd/fire-damage-restoration/|/service-areas/parker-sd/mold-remediation/|/service-areas/adrian-mn/sewage-cleanup/|/service-areas/akron-ia/sewage-cleanup/|/contact/,6.30,planned
/service-areas/parker-sd/storm-damage-restoration/,service-area-service,"Storm Damage Restoration in Parker, SD | Crew Restoration & Construction",Storm Damage Restoration in Parker,"Storm damage restoration in Parker, SD. IICRC-certified, insurance billing accepted. Call (605) 965-2727.",storm damage restoration parker,hurricane damage cleanup|tornado damage cleanup|tree damage cleanup|storm cleanup services|severe weather damage repair,local_emergency,,,900,hero|og|inline-1|inline-2,service|local-business|faq|breadcrumb-list,/services/storm-damage-restoration/|/service-areas/parker-sd/|/service-areas/parker-sd/fire-damage-restoration/|/service-areas/parker-sd/mold-remediation/|/service-areas/adrian-mn/storm-damage-restoration/|/service-areas/akron-ia/storm-damage-restoration/|/contact/,6.30,planned
/service-areas/parker-sd/water-cleanup/,service-area-service,"Water Cleanup in Parker, SD | Crew Restoration & Construction",Water Cleanup in Parker,"Water cleanup in Parker, SD. IICRC-certified, insurance billing accepted. Call (605) 965-2727.",emergency water cleanup parker,water cleanup|water damage cleanup|water clean up|flood water cleanup|standing water removal,local_emergency,,,900,hero|og|inline-1|inline-2,service|local-business|faq|breadcrumb-list,/services/water-cleanup/|/service-areas/parker-sd/|/service-areas/parker-sd/fire-damage-restoration/|/service-areas/parker-sd/mold-remediation/|/service-areas/adrian-mn/water-cleanup/|/service-areas/akron-ia/water-cleanup/|/contact/,6.30,planned
/service-areas/pipestone-mn/sewage-cleanup/,service-area-service,"Sewage Cleanup and Sanitization in Pipestone, MN | Crew Restoration & Construction",Sewage Cleanup and Sanitization in Pipestone,"Sewage cleanup and sanitization in Pipestone, MN. IICRC-certified, insurance billing accepted. Call (605) 965-2727.",sewage cleanup and sanitization pipestone,sewage backup cleanup|raw sewage removal|septic overflow cleanup|sewer line backup|sanitization services,local_emergency,,,900,hero|og|inline-1|inline-2,service|local-business|faq|breadcrumb-list,/services/sewage-cleanup/|/service-areas/pipestone-mn/|/service-areas/pipestone-mn/fire-damage-restoration/|/service-areas/pipestone-mn/mold-remediation/|/service-areas/adrian-mn/sewage-cleanup/|/service-areas/akron-ia/sewage-cleanup/|/contact/,6.30,planned
/service-areas/pipestone-mn/storm-damage-restoration/,service-area-service,"Storm Damage Restoration in Pipestone, MN | Crew Restoration & Construction",Storm Damage Restoration in Pipestone,"Storm damage restoration in Pipestone, MN. IICRC-certified, insurance billing accepted. Call (605) 965-2727.",storm damage restoration pipestone,hurricane damage cleanup|tornado damage cleanup|tree damage cleanup|storm cleanup services|severe weather damage repair,local_emergency,,,900,hero|og|inline-1|inline-2,service|local-business|faq|breadcrumb-list,/services/storm-damage-restoration/|/service-areas/pipestone-mn/|/service-areas/pipestone-mn/fire-damage-restoration/|/service-areas/pipestone-mn/mold-remediation/|/service-areas/adrian-mn/storm-damage-restoration/|/service-areas/akron-ia/storm-damage-restoration/|/contact/,6.30,planned
/service-areas/pipestone-mn/water-cleanup/,service-area-service,"Water Cleanup in Pipestone, MN | Crew Restoration & Construction",Water Cleanup in Pipestone,"Water cleanup in Pipestone, MN. IICRC-certified, insurance billing accepted. Call (605) 965-2727.",emergency water cleanup pipestone,water cleanup|water damage cleanup|water clean up|flood water cleanup|standing water removal,local_emergency,,,900,hero|og|inline-1|inline-2,service|local-business|faq|breadcrumb-list,/services/water-cleanup/|/service-areas/pipestone-mn/|/service-areas/pipestone-mn/fire-damage-restoration/|/service-areas/pipestone-mn/mold-remediation/|/service-areas/adrian-mn/water-cleanup/|/service-areas/akron-ia/water-cleanup/|/contact/,6.30,planned
/service-areas/remsen-ia/sewage-cleanup/,service-area-service,"Sewage Cleanup and Sanitization in Remsen, IA | Crew Restoration & Construction",Sewage Cleanup and Sanitization in Remsen,"Sewage cleanup and sanitization in Remsen, IA. IICRC-certified, insurance billing accepted. Call (605) 965-2727.",sewage cleanup and sanitization remsen,sewage backup cleanup|raw sewage removal|septic overflow cleanup|sewer line backup|sanitization services,local_emergency,,,900,hero|og|inline-1|inline-2,service|local-business|faq|breadcrumb-list,/services/sewage-cleanup/|/service-areas/remsen-ia/|/service-areas/remsen-ia/fire-damage-restoration/|/service-areas/remsen-ia/mold-remediation/|/service-areas/adrian-mn/sewage-cleanup/|/service-areas/akron-ia/sewage-cleanup/|/contact/,6.30,planned
/service-areas/remsen-ia/storm-damage-restoration/,service-area-service,"Storm Damage Restoration in Remsen, IA | Crew Restoration & Construction",Storm Damage Restoration in Remsen,"Storm damage restoration in Remsen, IA. IICRC-certified, insurance billing accepted. Call (605) 965-2727.",storm damage restoration remsen,hurricane damage cleanup|tornado damage cleanup|tree damage cleanup|storm cleanup services|severe weather damage repair,local_emergency,,,900,hero|og|inline-1|inline-2,service|local-business|faq|breadcrumb-list,/services/storm-damage-restoration/|/service-areas/remsen-ia/|/service-areas/remsen-ia/fire-damage-restoration/|/service-areas/remsen-ia/mold-remediation/|/service-areas/adrian-mn/storm-damage-restoration/|/service-areas/akron-ia/storm-damage-restoration/|/contact/,6.30,planned
/service-areas/remsen-ia/water-cleanup/,service-area-service,"Water Cleanup in Remsen, IA | Crew Restoration & Construction",Water Cleanup in Remsen,"Water cleanup in Remsen, IA. IICRC-certified, insurance billing accepted. Call (605) 965-2727.",emergency water cleanup remsen,water cleanup|water damage cleanup|water clean up|flood water cleanup|standing water removal,local_emergency,,,900,hero|og|inline-1|inline-2,service|local-business|faq|breadcrumb-list,/services/water-cleanup/|/service-areas/remsen-ia/|/service-areas/remsen-ia/fire-damage-restoration/|/service-areas/remsen-ia/mold-remediation/|/service-areas/adrian-mn/water-cleanup/|/service-areas/akron-ia/water-cleanup/|/contact/,6.30,planned
/service-areas/rock-rapids-ia/sewage-cleanup/,service-area-service,"Sewage Cleanup and Sanitization in Rock Rapids, IA | Crew Restoration & Construction",Sewage Cleanup and Sanitization in Rock Rapids,"Sewage cleanup and sanitization in Rock Rapids, IA. IICRC-certified, insurance billing accepted. Call (605) 965-2727.",sewage cleanup and sanitization rock rapids,sewage backup cleanup|raw sewage removal|septic overflow cleanup|sewer line backup|sanitization services,local_emergency,,,900,hero|og|inline-1|inline-2,service|local-business|faq|breadcrumb-list,/services/sewage-cleanup/|/service-areas/rock-rapids-ia/|/service-areas/rock-rapids-ia/fire-damage-restoration/|/service-areas/rock-rapids-ia/mold-remediation/|/service-areas/adrian-mn/sewage-cleanup/|/service-areas/akron-ia/sewage-cleanup/|/contact/,6.30,planned
/service-areas/rock-rapids-ia/storm-damage-restoration/,service-area-service,"Storm Damage Restoration in Rock Rapids, IA | Crew Restoration & Construction",Storm Damage Restoration in Rock Rapids,"Storm damage restoration in Rock Rapids, IA. IICRC-certified, insurance billing accepted. Call (605) 965-2727.",storm damage restoration rock rapids,hurricane damage cleanup|tornado damage cleanup|tree damage cleanup|storm cleanup services|severe weather damage repair,local_emergency,,,900,hero|og|inline-1|inline-2,service|local-business|faq|breadcrumb-list,/services/storm-damage-restoration/|/service-areas/rock-rapids-ia/|/service-areas/rock-rapids-ia/fire-damage-restoration/|/service-areas/rock-rapids-ia/mold-remediation/|/service-areas/adrian-mn/storm-damage-restoration/|/service-areas/akron-ia/storm-damage-restoration/|/contact/,6.30,planned
/service-areas/rock-rapids-ia/water-cleanup/,service-area-service,"Water Cleanup in Rock Rapids, IA | Crew Restoration & Construction",Water Cleanup in Rock Rapids,"Water cleanup in Rock Rapids, IA. IICRC-certified, insurance billing accepted. Call (605) 965-2727.",emergency water cleanup rock rapids,water cleanup|water damage cleanup|water clean up|flood water cleanup|standing water removal,local_emergency,,,900,hero|og|inline-1|inline-2,service|local-business|faq|breadcrumb-list,/services/water-cleanup/|/service-areas/rock-rapids-ia/|/service-areas/rock-rapids-ia/fire-damage-restoration/|/service-areas/rock-rapids-ia/mold-remediation/|/service-areas/adrian-mn/water-cleanup/|/service-areas/akron-ia/water-cleanup/|/contact/,6.30,planned
/service-areas/rock-valley-ia/sewage-cleanup/,service-area-service,"Sewage Cleanup and Sanitization in Rock Valley, IA | Crew Restoration & Construction",Sewage Cleanup and Sanitization in Rock Valley,"Sewage cleanup and sanitization in Rock Valley, IA. IICRC-certified, insurance billing accepted. Call (605) 965-2727.",sewage cleanup and sanitization rock valley,sewage backup cleanup|raw sewage removal|septic overflow cleanup|sewer line backup|sanitization services,local_emergency,,,900,hero|og|inline-1|inline-2,service|local-business|faq|breadcrumb-list,/services/sewage-cleanup/|/service-areas/rock-valley-ia/|/service-areas/rock-valley-ia/fire-damage-restoration/|/service-areas/rock-valley-ia/mold-remediation/|/service-areas/adrian-mn/sewage-cleanup/|/service-areas/akron-ia/sewage-cleanup/|/contact/,6.30,planned
/service-areas/rock-valley-ia/storm-damage-restoration/,service-area-service,"Storm Damage Restoration in Rock Valley, IA | Crew Restoration & Construction",Storm Damage Restoration in Rock Valley,"Storm damage restoration in Rock Valley, IA. IICRC-certified, insurance billing accepted. Call (605) 965-2727.",storm damage restoration rock valley,hurricane damage cleanup|tornado damage cleanup|tree damage cleanup|storm cleanup services|severe weather damage repair,local_emergency,,,900,hero|og|inline-1|inline-2,service|local-business|faq|breadcrumb-list,/services/storm-damage-restoration/|/service-areas/rock-valley-ia/|/service-areas/rock-valley-ia/fire-damage-restoration/|/service-areas/rock-valley-ia/mold-remediation/|/service-areas/adrian-mn/storm-damage-restoration/|/service-areas/akron-ia/storm-damage-restoration/|/contact/,6.30,planned
/service-areas/rock-valley-ia/water-cleanup/,service-area-service,"Water Cleanup in Rock Valley, IA | Crew Restoration & Construction",Water Cleanup in Rock Valley,"Water cleanup in Rock Valley, IA. IICRC-certified, insurance billing accepted. Call (605) 965-2727.",emergency water cleanup rock valley,water cleanup|water damage cleanup|water clean up|flood water cleanup|standing water removal,local_emergency,,,900,hero|og|inline-1|inline-2,service|local-business|faq|breadcrumb-list,/services/water-cleanup/|/service-areas/rock-valley-ia/|/service-areas/rock-valley-ia/fire-damage-restoration/|/service-areas/rock-valley-ia/mold-remediation/|/service-areas/adrian-mn/water-cleanup/|/service-areas/akron-ia/water-cleanup/|/contact/,6.30,planned
/service-areas/salem-sd/sewage-cleanup/,service-area-service,"Sewage Cleanup and Sanitization in Salem, SD | Crew Restoration & Construction",Sewage Cleanup and Sanitization in Salem,"Sewage cleanup and sanitization in Salem, SD. IICRC-certified, insurance billing accepted. Call (605) 965-2727.",sewage cleanup and sanitization salem,sewage backup cleanup|raw sewage removal|septic overflow cleanup|sewer line backup|sanitization services,local_emergency,,,900,hero|og|inline-1|inline-2,service|local-business|faq|breadcrumb-list,/services/sewage-cleanup/|/service-areas/salem-sd/|/service-areas/salem-sd/fire-damage-restoration/|/service-areas/salem-sd/mold-remediation/|/service-areas/adrian-mn/sewage-cleanup/|/service-areas/akron-ia/sewage-cleanup/|/contact/,6.30,planned
/service-areas/salem-sd/storm-damage-restoration/,service-area-service,"Storm Damage Restoration in Salem, SD | Crew Restoration & Construction",Storm Damage Restoration in Salem,"Storm damage restoration in Salem, SD. IICRC-certified, insurance billing accepted. Call (605) 965-2727.",storm damage restoration salem,hurricane damage cleanup|tornado damage cleanup|tree damage cleanup|storm cleanup services|severe weather damage repair,local_emergency,,,900,hero|og|inline-1|inline-2,service|local-business|faq|breadcrumb-list,/services/storm-damage-restoration/|/service-areas/salem-sd/|/service-areas/salem-sd/fire-damage-restoration/|/service-areas/salem-sd/mold-remediation/|/service-areas/adrian-mn/storm-damage-restoration/|/service-areas/akron-ia/storm-damage-restoration/|/contact/,6.30,planned
/service-areas/salem-sd/water-cleanup/,service-area-service,"Water Cleanup in Salem, SD | Crew Restoration & Construction",Water Cleanup in Salem,"Water cleanup in Salem, SD. IICRC-certified, insurance billing accepted. Call (605) 965-2727.",emergency water cleanup salem,water cleanup|water damage cleanup|water clean up|flood water cleanup|standing water removal,local_emergency,,,900,hero|og|inline-1|inline-2,service|local-business|faq|breadcrumb-list,/services/water-cleanup/|/service-areas/salem-sd/|/service-areas/salem-sd/fire-damage-restoration/|/service-areas/salem-sd/mold-remediation/|/service-areas/adrian-mn/water-cleanup/|/service-areas/akron-ia/water-cleanup/|/contact/,6.30,planned
/service-areas/sibley-ia/sewage-cleanup/,service-area-service,"Sewage Cleanup and Sanitization in Sibley, IA | Crew Restoration & Construction",Sewage Cleanup and Sanitization in Sibley,"Sewage cleanup and sanitization in Sibley, IA. IICRC-certified, insurance billing accepted. Call (605) 965-2727.",sewage cleanup and sanitization sibley,sewage backup cleanup|raw sewage removal|septic overflow cleanup|sewer line backup|sanitization services,local_emergency,,,900,hero|og|inline-1|inline-2,service|local-business|faq|breadcrumb-list,/services/sewage-cleanup/|/service-areas/sibley-ia/|/service-areas/sibley-ia/fire-damage-restoration/|/service-areas/sibley-ia/mold-remediation/|/service-areas/adrian-mn/sewage-cleanup/|/service-areas/akron-ia/sewage-cleanup/|/contact/,6.30,planned
/service-areas/sibley-ia/storm-damage-restoration/,service-area-service,"Storm Damage Restoration in Sibley, IA | Crew Restoration & Construction",Storm Damage Restoration in Sibley,"Storm damage restoration in Sibley, IA. IICRC-certified, insurance billing accepted. Call (605) 965-2727.",storm damage restoration sibley,hurricane damage cleanup|tornado damage cleanup|tree damage cleanup|storm cleanup services|severe weather damage repair,local_emergency,,,900,hero|og|inline-1|inline-2,service|local-business|faq|breadcrumb-list,/services/storm-damage-restoration/|/service-areas/sibley-ia/|/service-areas/sibley-ia/fire-damage-restoration/|/service-areas/sibley-ia/mold-remediation/|/service-areas/adrian-mn/storm-damage-restoration/|/service-areas/akron-ia/storm-damage-restoration/|/contact/,6.30,planned
/service-areas/sibley-ia/water-cleanup/,service-area-service,"Water Cleanup in Sibley, IA | Crew Restoration & Construction",Water Cleanup in Sibley,"Water cleanup in Sibley, IA. IICRC-certified, insurance billing accepted. Call (605) 965-2727.",emergency water cleanup sibley,water cleanup|water damage cleanup|water clean up|flood water cleanup|standing water removal,local_emergency,,,900,hero|og|inline-1|inline-2,service|local-business|faq|breadcrumb-list,/services/water-cleanup/|/service-areas/sibley-ia/|/service-areas/sibley-ia/fire-damage-restoration/|/service-areas/sibley-ia/mold-remediation/|/service-areas/adrian-mn/water-cleanup/|/service-areas/akron-ia/water-cleanup/|/contact/,6.30,planned
/service-areas/sioux-center-ia/sewage-cleanup/,service-area-service,"Sewage Cleanup and Sanitization in Sioux Center, IA | Crew Restoration & Construction",Sewage Cleanup and Sanitization in Sioux Center,"Sewage cleanup and sanitization in Sioux Center, IA. IICRC-certified, insurance billing accepted. Call (605) 965-2727.",sewage cleanup and sanitization sioux center,sewage backup cleanup|raw sewage removal|septic overflow cleanup|sewer line backup|sanitization services,local_emergency,,,900,hero|og|inline-1|inline-2,service|local-business|faq|breadcrumb-list,/services/sewage-cleanup/|/service-areas/sioux-center-ia/|/service-areas/sioux-center-ia/fire-damage-restoration/|/service-areas/sioux-center-ia/mold-remediation/|/service-areas/adrian-mn/sewage-cleanup/|/service-areas/akron-ia/sewage-cleanup/|/contact/,6.30,planned
/service-areas/sioux-center-ia/storm-damage-restoration/,service-area-service,"Storm Damage Restoration in Sioux Center, IA | Crew Restoration & Construction",Storm Damage Restoration in Sioux Center,"Storm damage restoration in Sioux Center, IA. IICRC-certified, insurance billing accepted. Call (605) 965-2727.",storm damage restoration sioux center,hurricane damage cleanup|tornado damage cleanup|tree damage cleanup|storm cleanup services|severe weather damage repair,local_emergency,,,900,hero|og|inline-1|inline-2,service|local-business|faq|breadcrumb-list,/services/storm-damage-restoration/|/service-areas/sioux-center-ia/|/service-areas/sioux-center-ia/fire-damage-restoration/|/service-areas/sioux-center-ia/mold-remediation/|/service-areas/adrian-mn/storm-damage-restoration/|/service-areas/akron-ia/storm-damage-restoration/|/contact/,6.30,planned
/service-areas/sioux-center-ia/water-cleanup/,service-area-service,"Water Cleanup in Sioux Center, IA | Crew Restoration & Construction",Water Cleanup in Sioux Center,"Water cleanup in Sioux Center, IA. IICRC-certified, insurance billing accepted. Call (605) 965-2727.",emergency water cleanup sioux center,water cleanup|water damage cleanup|water clean up|flood water cleanup|standing water removal,local_emergency,,,900,hero|og|inline-1|inline-2,service|local-business|faq|breadcrumb-list,/services/water-cleanup/|/service-areas/sioux-center-ia/|/service-areas/sioux-center-ia/fire-damage-restoration/|/service-areas/sioux-center-ia/mold-remediation/|/service-areas/adrian-mn/water-cleanup/|/service-areas/akron-ia/water-cleanup/|/contact/,6.30,planned
/service-areas/slayton-mn/sewage-cleanup/,service-area-service,"Sewage Cleanup and Sanitization in Slayton, MN | Crew Restoration & Construction",Sewage Cleanup and Sanitization in Slayton,"Sewage cleanup and sanitization in Slayton, MN. IICRC-certified, insurance billing accepted. Call (605) 965-2727.",sewage cleanup and sanitization slayton,sewage backup cleanup|raw sewage removal|septic overflow cleanup|sewer line backup|sanitization services,local_emergency,,,900,hero|og|inline-1|inline-2,service|local-business|faq|breadcrumb-list,/services/sewage-cleanup/|/service-areas/slayton-mn/|/service-areas/slayton-mn/fire-damage-restoration/|/service-areas/slayton-mn/mold-remediation/|/service-areas/adrian-mn/sewage-cleanup/|/service-areas/akron-ia/sewage-cleanup/|/contact/,6.30,planned
/service-areas/slayton-mn/storm-damage-restoration/,service-area-service,"Storm Damage Restoration in Slayton, MN | Crew Restoration & Construction",Storm Damage Restoration in Slayton,"Storm damage restoration in Slayton, MN. IICRC-certified, insurance billing accepted. Call (605) 965-2727.",storm damage restoration slayton,hurricane damage cleanup|tornado damage cleanup|tree damage cleanup|storm cleanup services|severe weather damage repair,local_emergency,,,900,hero|og|inline-1|inline-2,service|local-business|faq|breadcrumb-list,/services/storm-damage-restoration/|/service-areas/slayton-mn/|/service-areas/slayton-mn/fire-damage-restoration/|/service-areas/slayton-mn/mold-remediation/|/service-areas/adrian-mn/storm-damage-restoration/|/service-areas/akron-ia/storm-damage-restoration/|/contact/,6.30,planned
/service-areas/slayton-mn/water-cleanup/,service-area-service,"Water Cleanup in Slayton, MN | Crew Restoration & Construction",Water Cleanup in Slayton,"Water cleanup in Slayton, MN. IICRC-certified, insurance billing accepted. Call (605) 965-2727.",emergency water cleanup slayton,water cleanup|water damage cleanup|water clean up|flood water cleanup|standing water removal,local_emergency,,,900,hero|og|inline-1|inline-2,service|local-business|faq|breadcrumb-list,/services/water-cleanup/|/service-areas/slayton-mn/|/service-areas/slayton-mn/fire-damage-restoration/|/service-areas/slayton-mn/mold-remediation/|/service-areas/adrian-mn/water-cleanup/|/service-areas/akron-ia/water-cleanup/|/contact/,6.30,planned
/service-areas/tea-sd/sewage-cleanup/,service-area-service,"Sewage Cleanup and Sanitization in Tea, SD | Crew Restoration & Construction",Sewage Cleanup and Sanitization in Tea,"Sewage cleanup and sanitization in Tea, SD. IICRC-certified, insurance billing accepted. Call (605) 965-2727.",sewage cleanup and sanitization tea,sewage backup cleanup|raw sewage removal|septic overflow cleanup|sewer line backup|sanitization services,local_emergency,,,900,hero|og|inline-1|inline-2,service|local-business|faq|breadcrumb-list,/services/sewage-cleanup/|/service-areas/tea-sd/|/service-areas/tea-sd/fire-damage-restoration/|/service-areas/tea-sd/mold-remediation/|/service-areas/adrian-mn/sewage-cleanup/|/service-areas/akron-ia/sewage-cleanup/|/contact/,6.30,planned
/service-areas/tea-sd/storm-damage-restoration/,service-area-service,"Storm Damage Restoration in Tea, SD | Crew Restoration & Construction",Storm Damage Restoration in Tea,"Storm damage restoration in Tea, SD. IICRC-certified, insurance billing accepted. Call (605) 965-2727.",storm damage restoration tea,hurricane damage cleanup|tornado damage cleanup|tree damage cleanup|storm cleanup services|severe weather damage repair,local_emergency,,,900,hero|og|inline-1|inline-2,service|local-business|faq|breadcrumb-list,/services/storm-damage-restoration/|/service-areas/tea-sd/|/service-areas/tea-sd/fire-damage-restoration/|/service-areas/tea-sd/mold-remediation/|/service-areas/adrian-mn/storm-damage-restoration/|/service-areas/akron-ia/storm-damage-restoration/|/contact/,6.30,planned
/service-areas/tea-sd/water-cleanup/,service-area-service,"Water Cleanup in Tea, SD | Crew Restoration & Construction",Water Cleanup in Tea,"Water cleanup in Tea, SD. IICRC-certified, insurance billing accepted. Call (605) 965-2727.",emergency water cleanup tea,water cleanup|water damage cleanup|water clean up|flood water cleanup|standing water removal,local_emergency,,,900,hero|og|inline-1|inline-2,service|local-business|faq|breadcrumb-list,/services/water-cleanup/|/service-areas/tea-sd/|/service-areas/tea-sd/fire-damage-restoration/|/service-areas/tea-sd/mold-remediation/|/service-areas/adrian-mn/water-cleanup/|/service-areas/akron-ia/water-cleanup/|/contact/,6.30,planned
/service-areas/volga-sd/sewage-cleanup/,service-area-service,"Sewage Cleanup and Sanitization in Volga, SD | Crew Restoration & Construction",Sewage Cleanup and Sanitization in Volga,"Sewage cleanup and sanitization in Volga, SD. IICRC-certified, insurance billing accepted. Call (605) 965-2727.",sewage cleanup and sanitization volga,sewage backup cleanup|raw sewage removal|septic overflow cleanup|sewer line backup|sanitization services,local_emergency,,,900,hero|og|inline-1|inline-2,service|local-business|faq|breadcrumb-list,/services/sewage-cleanup/|/service-areas/volga-sd/|/service-areas/volga-sd/fire-damage-restoration/|/service-areas/volga-sd/mold-remediation/|/service-areas/adrian-mn/sewage-cleanup/|/service-areas/akron-ia/sewage-cleanup/|/contact/,6.30,planned
/service-areas/volga-sd/storm-damage-restoration/,service-area-service,"Storm Damage Restoration in Volga, SD | Crew Restoration & Construction",Storm Damage Restoration in Volga,"Storm damage restoration in Volga, SD. IICRC-certified, insurance billing accepted. Call (605) 965-2727.",storm damage restoration volga,hurricane damage cleanup|tornado damage cleanup|tree damage cleanup|storm cleanup services|severe weather damage repair,local_emergency,,,900,hero|og|inline-1|inline-2,service|local-business|faq|breadcrumb-list,/services/storm-damage-restoration/|/service-areas/volga-sd/|/service-areas/volga-sd/fire-damage-restoration/|/service-areas/volga-sd/mold-remediation/|/service-areas/adrian-mn/storm-damage-restoration/|/service-areas/akron-ia/storm-damage-restoration/|/contact/,6.30,planned
/service-areas/volga-sd/water-cleanup/,service-area-service,"Water Cleanup in Volga, SD | Crew Restoration & Construction",Water Cleanup in Volga,"Water cleanup in Volga, SD. IICRC-certified, insurance billing accepted. Call (605) 965-2727.",emergency water cleanup volga,water cleanup|water damage cleanup|water clean up|flood water cleanup|standing water removal,local_emergency,,,900,hero|og|inline-1|inline-2,service|local-business|faq|breadcrumb-list,/services/water-cleanup/|/service-areas/volga-sd/|/service-areas/volga-sd/fire-damage-restoration/|/service-areas/volga-sd/mold-remediation/|/service-areas/adrian-mn/water-cleanup/|/service-areas/akron-ia/water-cleanup/|/contact/,6.30,planned
/service-areas/worthing-sd/sewage-cleanup/,service-area-service,"Sewage Cleanup and Sanitization in Worthing, SD | Crew Restoration & Construction",Sewage Cleanup and Sanitization in Worthing,"Sewage cleanup and sanitization in Worthing, SD. IICRC-certified, insurance billing accepted. Call (605) 965-2727.",sewage cleanup and sanitization worthing,sewage backup cleanup|raw sewage removal|septic overflow cleanup|sewer line backup|sanitization services,local_emergency,,,900,hero|og|inline-1|inline-2,service|local-business|faq|breadcrumb-list,/services/sewage-cleanup/|/service-areas/worthing-sd/|/service-areas/worthing-sd/fire-damage-restoration/|/service-areas/worthing-sd/mold-remediation/|/service-areas/adrian-mn/sewage-cleanup/|/service-areas/akron-ia/sewage-cleanup/|/contact/,6.30,planned
/service-areas/worthing-sd/storm-damage-restoration/,service-area-service,"Storm Damage Restoration in Worthing, SD | Crew Restoration & Construction",Storm Damage Restoration in Worthing,"Storm damage restoration in Worthing, SD. IICRC-certified, insurance billing accepted. Call (605) 965-2727.",storm damage restoration worthing,hurricane damage cleanup|tornado damage cleanup|tree damage cleanup|storm cleanup services|severe weather damage repair,local_emergency,,,900,hero|og|inline-1|inline-2,service|local-business|faq|breadcrumb-list,/services/storm-damage-restoration/|/service-areas/worthing-sd/|/service-areas/worthing-sd/fire-damage-restoration/|/service-areas/worthing-sd/mold-remediation/|/service-areas/adrian-mn/storm-damage-restoration/|/service-areas/akron-ia/storm-damage-restoration/|/contact/,6.30,planned
/service-areas/worthing-sd/water-cleanup/,service-area-service,"Water Cleanup in Worthing, SD | Crew Restoration & Construction",Water Cleanup in Worthing,"Water cleanup in Worthing, SD. IICRC-certified, insurance billing accepted. Call (605) 965-2727.",emergency water cleanup worthing,water cleanup|water damage cleanup|water clean up|flood water cleanup|standing water removal,local_emergency,,,900,hero|og|inline-1|inline-2,service|local-business|faq|breadcrumb-list,/services/water-cleanup/|/service-areas/worthing-sd/|/service-areas/worthing-sd/fire-damage-restoration/|/service-areas/worthing-sd/mold-remediation/|/service-areas/adrian-mn/water-cleanup/|/service-areas/akron-ia/water-cleanup/|/contact/,6.30,planned
/service-areas/worthington-mn/sewage-cleanup/,service-area-service,"Sewage Cleanup and Sanitization in Worthington, MN | Crew Restoration & Construction",Sewage Cleanup and Sanitization in Worthington,"Sewage cleanup and sanitization in Worthington, MN. IICRC-certified, insurance billing accepted. Call (605) 965-2727.",sewage cleanup and sanitization worthington,sewage backup cleanup|raw sewage removal|septic overflow cleanup|sewer line backup|sanitization services,local_emergency,,,900,hero|og|inline-1|inline-2,service|local-business|faq|breadcrumb-list,/services/sewage-cleanup/|/service-areas/worthington-mn/|/service-areas/worthington-mn/fire-damage-restoration/|/service-areas/worthington-mn/mold-remediation/|/service-areas/adrian-mn/sewage-cleanup/|/service-areas/akron-ia/sewage-cleanup/|/contact/,6.30,planned
/service-areas/worthington-mn/storm-damage-restoration/,service-area-service,"Storm Damage Restoration in Worthington, MN | Crew Restoration & Construction",Storm Damage Restoration in Worthington,"Storm damage restoration in Worthington, MN. IICRC-certified, insurance billing accepted. Call (605) 965-2727.",storm damage restoration worthington,hurricane damage cleanup|tornado damage cleanup|tree damage cleanup|storm cleanup services|severe weather damage repair,local_emergency,,,900,hero|og|inline-1|inline-2,service|local-business|faq|breadcrumb-list,/services/storm-damage-restoration/|/service-areas/worthington-mn/|/service-areas/worthington-mn/fire-damage-restoration/|/service-areas/worthington-mn/mold-remediation/|/service-areas/adrian-mn/storm-damage-restoration/|/service-areas/akron-ia/storm-damage-restoration/|/contact/,6.30,planned
/service-areas/worthington-mn/water-cleanup/,service-area-service,"Water Cleanup in Worthington, MN | Crew Restoration & Construction",Water Cleanup in Worthington,"Water cleanup in Worthington, MN. IICRC-certified, insurance billing accepted. Call (605) 965-2727.",emergency water cleanup worthington,water cleanup|water damage cleanup|water clean up|flood water cleanup|standing water removal,local_emergency,,,900,hero|og|inline-1|inline-2,service|local-business|faq|breadcrumb-list,/services/water-cleanup/|/service-areas/worthington-mn/|/service-areas/worthington-mn/fire-damage-restoration/|/service-areas/worthington-mn/mold-remediation/|/service-areas/adrian-mn/water-cleanup/|/service-areas/akron-ia/water-cleanup/|/contact/,6.30,planned
/service-areas/yankton-sd/sewage-cleanup/,service-area-service,"Sewage Cleanup and Sanitization in Yankton, SD | Crew Restoration & Construction",Sewage Cleanup and Sanitization in Yankton,"Sewage cleanup and sanitization in Yankton, SD. IICRC-certified, insurance billing accepted. Call (605) 965-2727.",sewage cleanup and sanitization yankton,sewage backup cleanup|raw sewage removal|septic overflow cleanup|sewer line backup|sanitization services,local_emergency,,,900,hero|og|inline-1|inline-2,service|local-business|faq|breadcrumb-list,/services/sewage-cleanup/|/service-areas/yankton-sd/|/service-areas/yankton-sd/fire-damage-restoration/|/service-areas/yankton-sd/mold-remediation/|/service-areas/adrian-mn/sewage-cleanup/|/service-areas/akron-ia/sewage-cleanup/|/contact/,6.30,planned
/service-areas/yankton-sd/storm-damage-restoration/,service-area-service,"Storm Damage Restoration in Yankton, SD | Crew Restoration & Construction",Storm Damage Restoration in Yankton,"Storm damage restoration in Yankton, SD. IICRC-certified, insurance billing accepted. Call (605) 965-2727.",storm damage restoration yankton,hurricane damage cleanup|tornado damage cleanup|tree damage cleanup|storm cleanup services|severe weather damage repair,local_emergency,,,900,hero|og|inline-1|inline-2,service|local-business|faq|breadcrumb-list,/services/storm-damage-restoration/|/service-areas/yankton-sd/|/service-areas/yankton-sd/fire-damage-restoration/|/service-areas/yankton-sd/mold-remediation/|/service-areas/adrian-mn/storm-damage-restoration/|/service-areas/akron-ia/storm-damage-restoration/|/contact/,6.30,planned
/service-areas/yankton-sd/water-cleanup/,service-area-service,"Water Cleanup in Yankton, SD | Crew Restoration & Construction",Water Cleanup in Yankton,"Water cleanup in Yankton, SD. IICRC-certified, insurance billing accepted. Call (605) 965-2727.",emergency water cleanup yankton,water cleanup|water damage cleanup|water clean up|flood water cleanup|standing water removal,local_emergency,,,900,hero|og|inline-1|inline-2,service|local-business|faq|breadcrumb-list,/services/water-cleanup/|/service-areas/yankton-sd/|/service-areas/yankton-sd/fire-damage-restoration/|/service-areas/yankton-sd/mold-remediation/|/service-areas/adrian-mn/water-cleanup/|/service-areas/akron-ia/water-cleanup/|/contact/,6.30,planned
/services/emergency-board-up-tarping/,service-landing,Board-Up and Tarping in Sioux Falls | Crew Restoration & Construction,Board-Up and Tarping in Sioux Falls,"Board-up and tarping in Sioux Falls and surrounding areas. IICRC-certified, insurance billing accepted. Call (605) 965-2727.",emergency board-up and tarping sioux falls,roof tarping|fire damage board up|broken window board up,local_emergency,,,1100,hero|og|inline-1|inline-2,service|local-business|faq|breadcrumb-list,/services/|/contact/|/service-areas/adrian-mn/emergency-board-up-tarping/|/service-areas/akron-ia/emergency-board-up-tarping/|/service-areas/alton-ia/emergency-board-up-tarping/|/service-areas/baltic-sd/emergency-board-up-tarping/|/service-areas/beresford-sd/emergency-board-up-tarping/|/service-areas/brandon-sd/emergency-board-up-tarping/|/service-areas/brookings-sd/emergency-board-up-tarping/|/service-areas/canton-sd/emergency-board-up-tarping/|/service-areas/crooks-sd/emergency-board-up-tarping/|/service-areas/dakota-dunes-sd/emergency-board-up-tarping/|/service-areas/dell-rapids-sd/emergency-board-up-tarping/|/service-areas/edgerton-mn/emergency-board-up-tarping/,6.30,planned
/blog/burst-pipe-emergency-checklist/,blog-post,Burst Pipe Checklist: Step-by-Step Response,Burst Pipe Checklist: Step-by-Step Response,,burst pipe checklist stepbystep response,water damage restoration|appliance leak cleanup,informational_emergency,,,1400,hero|og|inline-1|inline-2,blog-posting|faq|breadcrumb-list,/blog/|/services/water-damage-restoration/|/blog/what-to-do-first-24-hours-water-damage/|/blog/choosing-a-restoration-company/|/blog/does-homeowners-insurance-cover-water-damage/,6.00,planned
/blog/what-to-do-first-24-hours-water-damage/,blog-post,What To Do in the First 24 Hours After Water Damage,What To Do in the First 24 Hours After Water Damage,,what to do in the first 24 hours after water damage,water damage restoration,informational_emergency,,,1400,hero|og|inline-1|inline-2,blog-posting|faq|breadcrumb-list,/blog/|/services/water-damage-restoration/|/blog/burst-pipe-emergency-checklist/|/blog/choosing-a-restoration-company/|/blog/does-homeowners-insurance-cover-water-damage/,6.00,planned
/service-areas/adrian-mn/biohazard-cleanup/,service-area-service,"Biohazard Cleanup in Adrian, MN | Crew Restoration & Construction",Biohazard Cleanup in Adrian,"Biohazard cleanup in Adrian, MN. IICRC-certified, insurance billing accepted. Call (605) 965-2727.",biohazard cleanup adrian,biohazard remediation|blood cleanup|bodily fluid cleanup|sharps and needle cleanup|infectious material cleanup,local_sensitive,,,900,hero|og|inline-1|inline-2,service|local-business|faq|breadcrumb-list,/services/biohazard-cleanup/|/service-areas/adrian-mn/|/service-areas/adrian-mn/fire-damage-restoration/|/service-areas/adrian-mn/mold-remediation/|/service-areas/akron-ia/biohazard-cleanup/|/service-areas/alton-ia/biohazard-cleanup/|/contact/,5.60,planned
/service-areas/adrian-mn/general-contracting/,service-area-service,"Renovations, Remodels and General Contracting in Adrian, MN | Crew Restoration & Construction","Renovations, Remodels and General Contracting in Adrian","Renovations, remodels and general contracting in Adrian, MN. IICRC-certified, insurance billing accepted. Call (605) 965-2727.","renovations, remodels and general contracting adrian",general contractor|home renovation services|home remodeling|kitchen remodel|bathroom remodel|post-damage rebuild,local_commercial,,,900,hero|og|inline-1|inline-2,service|local-business|faq|breadcrumb-list,/services/general-contracting/|/service-areas/adrian-mn/|/service-areas/adrian-mn/fire-damage-restoration/|/service-areas/adrian-mn/mold-remediation/|/service-areas/akron-ia/general-contracting/|/service-areas/alton-ia/general-contracting/|/contact/,5.60,planned
/service-areas/adrian-mn/siding-gutters/,service-area-service,"Siding and Gutters in Adrian, MN | Crew Restoration & Construction",Siding and Gutters in Adrian,"Siding and gutters in Adrian, MN. IICRC-certified, insurance billing accepted. Call (605) 965-2727.",siding and gutters adrian,siding contractor|siding installation|siding replacement|gutter installation|exterior contractor,local_commercial,,,900,hero|og|inline-1|inline-2,service|local-business|faq|breadcrumb-list,/services/siding-gutters/|/service-areas/adrian-mn/|/service-areas/adrian-mn/fire-damage-restoration/|/service-areas/adrian-mn/mold-remediation/|/service-areas/akron-ia/siding-gutters/|/service-areas/alton-ia/siding-gutters/|/contact/,5.60,planned
/service-areas/akron-ia/biohazard-cleanup/,service-area-service,"Biohazard Cleanup in Akron, IA | Crew Restoration & Construction",Biohazard Cleanup in Akron,"Biohazard cleanup in Akron, IA. IICRC-certified, insurance billing accepted. Call (605) 965-2727.",biohazard cleanup akron,biohazard remediation|blood cleanup|bodily fluid cleanup|sharps and needle cleanup|infectious material cleanup,local_sensitive,,,900,hero|og|inline-1|inline-2,service|local-business|faq|breadcrumb-list,/services/biohazard-cleanup/|/service-areas/akron-ia/|/service-areas/akron-ia/fire-damage-restoration/|/service-areas/akron-ia/mold-remediation/|/service-areas/adrian-mn/biohazard-cleanup/|/service-areas/alton-ia/biohazard-cleanup/|/contact/,5.60,planned
/service-areas/akron-ia/general-contracting/,service-area-service,"Renovations, Remodels and General Contracting in Akron, IA | Crew Restoration & Construction","Renovations, Remodels and General Contracting in Akron","Renovations, remodels and general contracting in Akron, IA. IICRC-certified, insurance billing accepted. Call (605) 965-2727.","renovations, remodels and general contracting akron",general contractor|home renovation services|home remodeling|kitchen remodel|bathroom remodel|post-damage rebuild,local_commercial,,,900,hero|og|inline-1|inline-2,service|local-business|faq|breadcrumb-list,/services/general-contracting/|/service-areas/akron-ia/|/service-areas/akron-ia/fire-damage-restoration/|/service-areas/akron-ia/mold-remediation/|/service-areas/adrian-mn/general-contracting/|/service-areas/alton-ia/general-contracting/|/contact/,5.60,planned
/service-areas/akron-ia/siding-gutters/,service-area-service,"Siding and Gutters in Akron, IA | Crew Restoration & Construction",Siding and Gutters in Akron,"Siding and gutters in Akron, IA. IICRC-certified, insurance billing accepted. Call (605) 965-2727.",siding and gutters akron,siding contractor|siding installation|siding replacement|gutter installation|exterior contractor,local_commercial,,,900,hero|og|inline-1|inline-2,service|local-business|faq|breadcrumb-list,/services/siding-gutters/|/service-areas/akron-ia/|/service-areas/akron-ia/fire-damage-restoration/|/service-areas/akron-ia/mold-remediation/|/service-areas/adrian-mn/siding-gutters/|/service-areas/alton-ia/siding-gutters/|/contact/,5.60,planned
/service-areas/alton-ia/biohazard-cleanup/,service-area-service,"Biohazard Cleanup in Alton, IA | Crew Restoration & Construction",Biohazard Cleanup in Alton,"Biohazard cleanup in Alton, IA. IICRC-certified, insurance billing accepted. Call (605) 965-2727.",biohazard cleanup alton,biohazard remediation|blood cleanup|bodily fluid cleanup|sharps and needle cleanup|infectious material cleanup,local_sensitive,,,900,hero|og|inline-1|inline-2,service|local-business|faq|breadcrumb-list,/services/biohazard-cleanup/|/service-areas/alton-ia/|/service-areas/alton-ia/fire-damage-restoration/|/service-areas/alton-ia/mold-remediation/|/service-areas/adrian-mn/biohazard-cleanup/|/service-areas/akron-ia/biohazard-cleanup/|/contact/,5.60,planned
/service-areas/alton-ia/general-contracting/,service-area-service,"Renovations, Remodels and General Contracting in Alton, IA | Crew Restoration & Construction","Renovations, Remodels and General Contracting in Alton","Renovations, remodels and general contracting in Alton, IA. IICRC-certified, insurance billing accepted. Call (605) 965-2727.","renovations, remodels and general contracting alton",general contractor|home renovation services|home remodeling|kitchen remodel|bathroom remodel|post-damage rebuild,local_commercial,,,900,hero|og|inline-1|inline-2,service|local-business|faq|breadcrumb-list,/services/general-contracting/|/service-areas/alton-ia/|/service-areas/alton-ia/fire-damage-restoration/|/service-areas/alton-ia/mold-remediation/|/service-areas/adrian-mn/general-contracting/|/service-areas/akron-ia/general-contracting/|/contact/,5.60,planned
/service-areas/alton-ia/siding-gutters/,service-area-service,"Siding and Gutters in Alton, IA | Crew Restoration & Construction",Siding and Gutters in Alton,"Siding and gutters in Alton, IA. IICRC-certified, insurance billing accepted. Call (605) 965-2727.",siding and gutters alton,siding contractor|siding installation|siding replacement|gutter installation|exterior contractor,local_commercial,,,900,hero|og|inline-1|inline-2,service|local-business|faq|breadcrumb-list,/services/siding-gutters/|/service-areas/alton-ia/|/service-areas/alton-ia/fire-damage-restoration/|/service-areas/alton-ia/mold-remediation/|/service-areas/adrian-mn/siding-gutters/|/service-areas/akron-ia/siding-gutters/|/contact/,5.60,planned
/service-areas/baltic-sd/biohazard-cleanup/,service-area-service,"Biohazard Cleanup in Baltic, SD | Crew Restoration & Construction",Biohazard Cleanup in Baltic,"Biohazard cleanup in Baltic, SD. IICRC-certified, insurance billing accepted. Call (605) 965-2727.",biohazard cleanup baltic,biohazard remediation|blood cleanup|bodily fluid cleanup|sharps and needle cleanup|infectious material cleanup,local_sensitive,,,900,hero|og|inline-1|inline-2,service|local-business|faq|breadcrumb-list,/services/biohazard-cleanup/|/service-areas/baltic-sd/|/service-areas/baltic-sd/fire-damage-restoration/|/service-areas/baltic-sd/mold-remediation/|/service-areas/adrian-mn/biohazard-cleanup/|/service-areas/akron-ia/biohazard-cleanup/|/contact/,5.60,planned
/service-areas/baltic-sd/general-contracting/,service-area-service,"Renovations, Remodels and General Contracting in Baltic, SD | Crew Restoration & Construction","Renovations, Remodels and General Contracting in Baltic","Renovations, remodels and general contracting in Baltic, SD. IICRC-certified, insurance billing accepted. Call (605) 965-2727.","renovations, remodels and general contracting baltic",general contractor|home renovation services|home remodeling|kitchen remodel|bathroom remodel|post-damage rebuild,local_commercial,,,900,hero|og|inline-1|inline-2,service|local-business|faq|breadcrumb-list,/services/general-contracting/|/service-areas/baltic-sd/|/service-areas/baltic-sd/fire-damage-restoration/|/service-areas/baltic-sd/mold-remediation/|/service-areas/adrian-mn/general-contracting/|/service-areas/akron-ia/general-contracting/|/contact/,5.60,planned
/service-areas/baltic-sd/siding-gutters/,service-area-service,"Siding and Gutters in Baltic, SD | Crew Restoration & Construction",Siding and Gutters in Baltic,"Siding and gutters in Baltic, SD. IICRC-certified, insurance billing accepted. Call (605) 965-2727.",siding and gutters baltic,siding contractor|siding installation|siding replacement|gutter installation|exterior contractor,local_commercial,,,900,hero|og|inline-1|inline-2,service|local-business|faq|breadcrumb-list,/services/siding-gutters/|/service-areas/baltic-sd/|/service-areas/baltic-sd/fire-damage-restoration/|/service-areas/baltic-sd/mold-remediation/|/service-areas/adrian-mn/siding-gutters/|/service-areas/akron-ia/siding-gutters/|/contact/,5.60,planned
/service-areas/beresford-sd/biohazard-cleanup/,service-area-service,"Biohazard Cleanup in Beresford, SD | Crew Restoration & Construction",Biohazard Cleanup in Beresford,"Biohazard cleanup in Beresford, SD. IICRC-certified, insurance billing accepted. Call (605) 965-2727.",biohazard cleanup beresford,biohazard remediation|blood cleanup|bodily fluid cleanup|sharps and needle cleanup|infectious material cleanup,local_sensitive,,,900,hero|og|inline-1|inline-2,service|local-business|faq|breadcrumb-list,/services/biohazard-cleanup/|/service-areas/beresford-sd/|/service-areas/beresford-sd/fire-damage-restoration/|/service-areas/beresford-sd/mold-remediation/|/service-areas/adrian-mn/biohazard-cleanup/|/service-areas/akron-ia/biohazard-cleanup/|/contact/,5.60,planned
/service-areas/beresford-sd/general-contracting/,service-area-service,"Renovations, Remodels and General Contracting in Beresford, SD | Crew Restoration & Construction","Renovations, Remodels and General Contracting in Beresford","Renovations, remodels and general contracting in Beresford, SD. IICRC-certified, insurance billing accepted. Call (605) 965-2727.","renovations, remodels and general contracting beresford",general contractor|home renovation services|home remodeling|kitchen remodel|bathroom remodel|post-damage rebuild,local_commercial,,,900,hero|og|inline-1|inline-2,service|local-business|faq|breadcrumb-list,/services/general-contracting/|/service-areas/beresford-sd/|/service-areas/beresford-sd/fire-damage-restoration/|/service-areas/beresford-sd/mold-remediation/|/service-areas/adrian-mn/general-contracting/|/service-areas/akron-ia/general-contracting/|/contact/,5.60,planned
/service-areas/beresford-sd/siding-gutters/,service-area-service,"Siding and Gutters in Beresford, SD | Crew Restoration & Construction",Siding and Gutters in Beresford,"Siding and gutters in Beresford, SD. IICRC-certified, insurance billing accepted. Call (605) 965-2727.",siding and gutters beresford,siding contractor|siding installation|siding replacement|gutter installation|exterior contractor,local_commercial,,,900,hero|og|inline-1|inline-2,service|local-business|faq|breadcrumb-list,/services/siding-gutters/|/service-areas/beresford-sd/|/service-areas/beresford-sd/fire-damage-restoration/|/service-areas/beresford-sd/mold-remediation/|/service-areas/adrian-mn/siding-gutters/|/service-areas/akron-ia/siding-gutters/|/contact/,5.60,planned
/service-areas/brandon-sd/biohazard-cleanup/,service-area-service,"Biohazard Cleanup in Brandon, SD | Crew Restoration & Construction",Biohazard Cleanup in Brandon,"Biohazard cleanup in Brandon, SD. IICRC-certified, insurance billing accepted. Call (605) 965-2727.",biohazard cleanup brandon,biohazard remediation|blood cleanup|bodily fluid cleanup|sharps and needle cleanup|infectious material cleanup,local_sensitive,,,900,hero|og|inline-1|inline-2,service|local-business|faq|breadcrumb-list,/services/biohazard-cleanup/|/service-areas/brandon-sd/|/service-areas/brandon-sd/fire-damage-restoration/|/service-areas/brandon-sd/mold-remediation/|/service-areas/adrian-mn/biohazard-cleanup/|/service-areas/akron-ia/biohazard-cleanup/|/contact/,5.60,planned
/service-areas/brandon-sd/general-contracting/,service-area-service,"Renovations, Remodels and General Contracting in Brandon, SD | Crew Restoration & Construction","Renovations, Remodels and General Contracting in Brandon","Renovations, remodels and general contracting in Brandon, SD. IICRC-certified, insurance billing accepted. Call (605) 965-2727.","renovations, remodels and general contracting brandon",general contractor|home renovation services|home remodeling|kitchen remodel|bathroom remodel|post-damage rebuild,local_commercial,,,900,hero|og|inline-1|inline-2,service|local-business|faq|breadcrumb-list,/services/general-contracting/|/service-areas/brandon-sd/|/service-areas/brandon-sd/fire-damage-restoration/|/service-areas/brandon-sd/mold-remediation/|/service-areas/adrian-mn/general-contracting/|/service-areas/akron-ia/general-contracting/|/contact/,5.60,planned
/service-areas/brandon-sd/siding-gutters/,service-area-service,"Siding and Gutters in Brandon, SD | Crew Restoration & Construction",Siding and Gutters in Brandon,"Siding and gutters in Brandon, SD. IICRC-certified, insurance billing accepted. Call (605) 965-2727.",siding and gutters brandon,siding contractor|siding installation|siding replacement|gutter installation|exterior contractor,local_commercial,,,900,hero|og|inline-1|inline-2,service|local-business|faq|breadcrumb-list,/services/siding-gutters/|/service-areas/brandon-sd/|/service-areas/brandon-sd/fire-damage-restoration/|/service-areas/brandon-sd/mold-remediation/|/service-areas/adrian-mn/siding-gutters/|/service-areas/akron-ia/siding-gutters/|/contact/,5.60,planned
/service-areas/brookings-sd/biohazard-cleanup/,service-area-service,"Biohazard Cleanup in Brookings, SD | Crew Restoration & Construction",Biohazard Cleanup in Brookings,"Biohazard cleanup in Brookings, SD. IICRC-certified, insurance billing accepted. Call (605) 965-2727.",biohazard cleanup brookings,biohazard remediation|blood cleanup|bodily fluid cleanup|sharps and needle cleanup|infectious material cleanup,local_sensitive,,,900,hero|og|inline-1|inline-2,service|local-business|faq|breadcrumb-list,/services/biohazard-cleanup/|/service-areas/brookings-sd/|/service-areas/brookings-sd/fire-damage-restoration/|/service-areas/brookings-sd/mold-remediation/|/service-areas/adrian-mn/biohazard-cleanup/|/service-areas/akron-ia/biohazard-cleanup/|/contact/,5.60,planned
/service-areas/brookings-sd/general-contracting/,service-area-service,"Renovations, Remodels and General Contracting in Brookings, SD | Crew Restoration & Construction","Renovations, Remodels and General Contracting in Brookings","Renovations, remodels and general contracting in Brookings, SD. IICRC-certified, insurance billing accepted. Call (605) 965-2727.","renovations, remodels and general contracting brookings",general contractor|home renovation services|home remodeling|kitchen remodel|bathroom remodel|post-damage rebuild,local_commercial,,,900,hero|og|inline-1|inline-2,service|local-business|faq|breadcrumb-list,/services/general-contracting/|/service-areas/brookings-sd/|/service-areas/brookings-sd/fire-damage-restoration/|/service-areas/brookings-sd/mold-remediation/|/service-areas/adrian-mn/general-contracting/|/service-areas/akron-ia/general-contracting/|/contact/,5.60,planned
/service-areas/brookings-sd/siding-gutters/,service-area-service,"Siding and Gutters in Brookings, SD | Crew Restoration & Construction",Siding and Gutters in Brookings,"Siding and gutters in Brookings, SD. IICRC-certified, insurance billing accepted. Call (605) 965-2727.",siding and gutters brookings,siding contractor|siding installation|siding replacement|gutter installation|exterior contractor,local_commercial,,,900,hero|og|inline-1|inline-2,service|local-business|faq|breadcrumb-list,/services/siding-gutters/|/service-areas/brookings-sd/|/service-areas/brookings-sd/fire-damage-restoration/|/service-areas/brookings-sd/mold-remediation/|/service-areas/adrian-mn/siding-gutters/|/service-areas/akron-ia/siding-gutters/|/contact/,5.60,planned
/service-areas/canton-sd/biohazard-cleanup/,service-area-service,"Biohazard Cleanup in Canton, SD | Crew Restoration & Construction",Biohazard Cleanup in Canton,"Biohazard cleanup in Canton, SD. IICRC-certified, insurance billing accepted. Call (605) 965-2727.",biohazard cleanup canton,biohazard remediation|blood cleanup|bodily fluid cleanup|sharps and needle cleanup|infectious material cleanup,local_sensitive,,,900,hero|og|inline-1|inline-2,service|local-business|faq|breadcrumb-list,/services/biohazard-cleanup/|/service-areas/canton-sd/|/service-areas/canton-sd/fire-damage-restoration/|/service-areas/canton-sd/mold-remediation/|/service-areas/adrian-mn/biohazard-cleanup/|/service-areas/akron-ia/biohazard-cleanup/|/contact/,5.60,planned
/service-areas/canton-sd/general-contracting/,service-area-service,"Renovations, Remodels and General Contracting in Canton, SD | Crew Restoration & Construction","Renovations, Remodels and General Contracting in Canton","Renovations, remodels and general contracting in Canton, SD. IICRC-certified, insurance billing accepted. Call (605) 965-2727.","renovations, remodels and general contracting canton",general contractor|home renovation services|home remodeling|kitchen remodel|bathroom remodel|post-damage rebuild,local_commercial,,,900,hero|og|inline-1|inline-2,service|local-business|faq|breadcrumb-list,/services/general-contracting/|/service-areas/canton-sd/|/service-areas/canton-sd/fire-damage-restoration/|/service-areas/canton-sd/mold-remediation/|/service-areas/adrian-mn/general-contracting/|/service-areas/akron-ia/general-contracting/|/contact/,5.60,planned
/service-areas/canton-sd/siding-gutters/,service-area-service,"Siding and Gutters in Canton, SD | Crew Restoration & Construction",Siding and Gutters in Canton,"Siding and gutters in Canton, SD. IICRC-certified, insurance billing accepted. Call (605) 965-2727.",siding and gutters canton,siding contractor|siding installation|siding replacement|gutter installation|exterior contractor,local_commercial,,,900,hero|og|inline-1|inline-2,service|local-business|faq|breadcrumb-list,/services/siding-gutters/|/service-areas/canton-sd/|/service-areas/canton-sd/fire-damage-restoration/|/service-areas/canton-sd/mold-remediation/|/service-areas/adrian-mn/siding-gutters/|/service-areas/akron-ia/siding-gutters/|/contact/,5.60,planned
/service-areas/crooks-sd/biohazard-cleanup/,service-area-service,"Biohazard Cleanup in Crooks, SD | Crew Restoration & Construction",Biohazard Cleanup in Crooks,"Biohazard cleanup in Crooks, SD. IICRC-certified, insurance billing accepted. Call (605) 965-2727.",biohazard cleanup crooks,biohazard remediation|blood cleanup|bodily fluid cleanup|sharps and needle cleanup|infectious material cleanup,local_sensitive,,,900,hero|og|inline-1|inline-2,service|local-business|faq|breadcrumb-list,/services/biohazard-cleanup/|/service-areas/crooks-sd/|/service-areas/crooks-sd/fire-damage-restoration/|/service-areas/crooks-sd/mold-remediation/|/service-areas/adrian-mn/biohazard-cleanup/|/service-areas/akron-ia/biohazard-cleanup/|/contact/,5.60,planned
/service-areas/crooks-sd/general-contracting/,service-area-service,"Renovations, Remodels and General Contracting in Crooks, SD | Crew Restoration & Construction","Renovations, Remodels and General Contracting in Crooks","Renovations, remodels and general contracting in Crooks, SD. IICRC-certified, insurance billing accepted. Call (605) 965-2727.","renovations, remodels and general contracting crooks",general contractor|home renovation services|home remodeling|kitchen remodel|bathroom remodel|post-damage rebuild,local_commercial,,,900,hero|og|inline-1|inline-2,service|local-business|faq|breadcrumb-list,/services/general-contracting/|/service-areas/crooks-sd/|/service-areas/crooks-sd/fire-damage-restoration/|/service-areas/crooks-sd/mold-remediation/|/service-areas/adrian-mn/general-contracting/|/service-areas/akron-ia/general-contracting/|/contact/,5.60,planned
/service-areas/crooks-sd/siding-gutters/,service-area-service,"Siding and Gutters in Crooks, SD | Crew Restoration & Construction",Siding and Gutters in Crooks,"Siding and gutters in Crooks, SD. IICRC-certified, insurance billing accepted. Call (605) 965-2727.",siding and gutters crooks,siding contractor|siding installation|siding replacement|gutter installation|exterior contractor,local_commercial,,,900,hero|og|inline-1|inline-2,service|local-business|faq|breadcrumb-list,/services/siding-gutters/|/service-areas/crooks-sd/|/service-areas/crooks-sd/fire-damage-restoration/|/service-areas/crooks-sd/mold-remediation/|/service-areas/adrian-mn/siding-gutters/|/service-areas/akron-ia/siding-gutters/|/contact/,5.60,planned
/service-areas/dakota-dunes-sd/biohazard-cleanup/,service-area-service,"Biohazard Cleanup in Dakota Dunes, SD | Crew Restoration & Construction",Biohazard Cleanup in Dakota Dunes,"Biohazard cleanup in Dakota Dunes, SD. IICRC-certified, insurance billing accepted. Call (605) 965-2727.",biohazard cleanup dakota dunes,biohazard remediation|blood cleanup|bodily fluid cleanup|sharps and needle cleanup|infectious material cleanup,local_sensitive,,,900,hero|og|inline-1|inline-2,service|local-business|faq|breadcrumb-list,/services/biohazard-cleanup/|/service-areas/dakota-dunes-sd/|/service-areas/dakota-dunes-sd/fire-damage-restoration/|/service-areas/dakota-dunes-sd/mold-remediation/|/service-areas/adrian-mn/biohazard-cleanup/|/service-areas/akron-ia/biohazard-cleanup/|/contact/,5.60,planned
/service-areas/dakota-dunes-sd/general-contracting/,service-area-service,"Renovations, Remodels and General Contracting in Dakota Dunes, SD | Crew Restoration & Construction","Renovations, Remodels and General Contracting in Dakota Dunes","Renovations, remodels and general contracting in Dakota Dunes, SD. IICRC-certified, insurance billing accepted. Call (605) 965-2727.","renovations, remodels and general contracting dakota dunes",general contractor|home renovation services|home remodeling|kitchen remodel|bathroom remodel|post-damage rebuild,local_commercial,,,900,hero|og|inline-1|inline-2,service|local-business|faq|breadcrumb-list,/services/general-contracting/|/service-areas/dakota-dunes-sd/|/service-areas/dakota-dunes-sd/fire-damage-restoration/|/service-areas/dakota-dunes-sd/mold-remediation/|/service-areas/adrian-mn/general-contracting/|/service-areas/akron-ia/general-contracting/|/contact/,5.60,planned
/service-areas/dakota-dunes-sd/siding-gutters/,service-area-service,"Siding and Gutters in Dakota Dunes, SD | Crew Restoration & Construction",Siding and Gutters in Dakota Dunes,"Siding and gutters in Dakota Dunes, SD. IICRC-certified, insurance billing accepted. Call (605) 965-2727.",siding and gutters dakota dunes,siding contractor|siding installation|siding replacement|gutter installation|exterior contractor,local_commercial,,,900,hero|og|inline-1|inline-2,service|local-business|faq|breadcrumb-list,/services/siding-gutters/|/service-areas/dakota-dunes-sd/|/service-areas/dakota-dunes-sd/fire-damage-restoration/|/service-areas/dakota-dunes-sd/mold-remediation/|/service-areas/adrian-mn/siding-gutters/|/service-areas/akron-ia/siding-gutters/|/contact/,5.60,planned
/service-areas/dell-rapids-sd/biohazard-cleanup/,service-area-service,"Biohazard Cleanup in Dell Rapids, SD | Crew Restoration & Construction",Biohazard Cleanup in Dell Rapids,"Biohazard cleanup in Dell Rapids, SD. IICRC-certified, insurance billing accepted. Call (605) 965-2727.",biohazard cleanup dell rapids,biohazard remediation|blood cleanup|bodily fluid cleanup|sharps and needle cleanup|infectious material cleanup,local_sensitive,,,900,hero|og|inline-1|inline-2,service|local-business|faq|breadcrumb-list,/services/biohazard-cleanup/|/service-areas/dell-rapids-sd/|/service-areas/dell-rapids-sd/fire-damage-restoration/|/service-areas/dell-rapids-sd/mold-remediation/|/service-areas/adrian-mn/biohazard-cleanup/|/service-areas/akron-ia/biohazard-cleanup/|/contact/,5.60,planned
/service-areas/dell-rapids-sd/general-contracting/,service-area-service,"Renovations, Remodels and General Contracting in Dell Rapids, SD | Crew Restoration & Construction","Renovations, Remodels and General Contracting in Dell Rapids","Renovations, remodels and general contracting in Dell Rapids, SD. IICRC-certified, insurance billing accepted. Call (605) 965-2727.","renovations, remodels and general contracting dell rapids",general contractor|home renovation services|home remodeling|kitchen remodel|bathroom remodel|post-damage rebuild,local_commercial,,,900,hero|og|inline-1|inline-2,service|local-business|faq|breadcrumb-list,/services/general-contracting/|/service-areas/dell-rapids-sd/|/service-areas/dell-rapids-sd/fire-damage-restoration/|/service-areas/dell-rapids-sd/mold-remediation/|/service-areas/adrian-mn/general-contracting/|/service-areas/akron-ia/general-contracting/|/contact/,5.60,planned
/service-areas/dell-rapids-sd/siding-gutters/,service-area-service,"Siding and Gutters in Dell Rapids, SD | Crew Restoration & Construction",Siding and Gutters in Dell Rapids,"Siding and gutters in Dell Rapids, SD. IICRC-certified, insurance billing accepted. Call (605) 965-2727.",siding and gutters dell rapids,siding contractor|siding installation|siding replacement|gutter installation|exterior contractor,local_commercial,,,900,hero|og|inline-1|inline-2,service|local-business|faq|breadcrumb-list,/services/siding-gutters/|/service-areas/dell-rapids-sd/|/service-areas/dell-rapids-sd/fire-damage-restoration/|/service-areas/dell-rapids-sd/mold-remediation/|/service-areas/adrian-mn/siding-gutters/|/service-areas/akron-ia/siding-gutters/|/contact/,5.60,planned
/service-areas/edgerton-mn/biohazard-cleanup/,service-area-service,"Biohazard Cleanup in Edgerton, MN | Crew Restoration & Construction",Biohazard Cleanup in Edgerton,"Biohazard cleanup in Edgerton, MN. IICRC-certified, insurance billing accepted. Call (605) 965-2727.",biohazard cleanup edgerton,biohazard remediation|blood cleanup|bodily fluid cleanup|sharps and needle cleanup|infectious material cleanup,local_sensitive,,,900,hero|og|inline-1|inline-2,service|local-business|faq|breadcrumb-list,/services/biohazard-cleanup/|/service-areas/edgerton-mn/|/service-areas/edgerton-mn/fire-damage-restoration/|/service-areas/edgerton-mn/mold-remediation/|/service-areas/adrian-mn/biohazard-cleanup/|/service-areas/akron-ia/biohazard-cleanup/|/contact/,5.60,planned
/service-areas/edgerton-mn/general-contracting/,service-area-service,"Renovations, Remodels and General Contracting in Edgerton, MN | Crew Restoration & Construction","Renovations, Remodels and General Contracting in Edgerton","Renovations, remodels and general contracting in Edgerton, MN. IICRC-certified, insurance billing accepted. Call (605) 965-2727.","renovations, remodels and general contracting edgerton",general contractor|home renovation services|home remodeling|kitchen remodel|bathroom remodel|post-damage rebuild,local_commercial,,,900,hero|og|inline-1|inline-2,service|local-business|faq|breadcrumb-list,/services/general-contracting/|/service-areas/edgerton-mn/|/service-areas/edgerton-mn/fire-damage-restoration/|/service-areas/edgerton-mn/mold-remediation/|/service-areas/adrian-mn/general-contracting/|/service-areas/akron-ia/general-contracting/|/contact/,5.60,planned
/service-areas/edgerton-mn/siding-gutters/,service-area-service,"Siding and Gutters in Edgerton, MN | Crew Restoration & Construction",Siding and Gutters in Edgerton,"Siding and gutters in Edgerton, MN. IICRC-certified, insurance billing accepted. Call (605) 965-2727.",siding and gutters edgerton,siding contractor|siding installation|siding replacement|gutter installation|exterior contractor,local_commercial,,,900,hero|og|inline-1|inline-2,service|local-business|faq|breadcrumb-list,/services/siding-gutters/|/service-areas/edgerton-mn/|/service-areas/edgerton-mn/fire-damage-restoration/|/service-areas/edgerton-mn/mold-remediation/|/service-areas/adrian-mn/siding-gutters/|/service-areas/akron-ia/siding-gutters/|/contact/,5.60,planned
/service-areas/elk-point-sd/biohazard-cleanup/,service-area-service,"Biohazard Cleanup in Elk Point, SD | Crew Restoration & Construction",Biohazard Cleanup in Elk Point,"Biohazard cleanup in Elk Point, SD. IICRC-certified, insurance billing accepted. Call (605) 965-2727.",biohazard cleanup elk point,biohazard remediation|blood cleanup|bodily fluid cleanup|sharps and needle cleanup|infectious material cleanup,local_sensitive,,,900,hero|og|inline-1|inline-2,service|local-business|faq|breadcrumb-list,/services/biohazard-cleanup/|/service-areas/elk-point-sd/|/service-areas/elk-point-sd/fire-damage-restoration/|/service-areas/elk-point-sd/mold-remediation/|/service-areas/adrian-mn/biohazard-cleanup/|/service-areas/akron-ia/biohazard-cleanup/|/contact/,5.60,planned
/service-areas/elk-point-sd/general-contracting/,service-area-service,"Renovations, Remodels and General Contracting in Elk Point, SD | Crew Restoration & Construction","Renovations, Remodels and General Contracting in Elk Point","Renovations, remodels and general contracting in Elk Point, SD. IICRC-certified, insurance billing accepted. Call (605) 965-2727.","renovations, remodels and general contracting elk point",general contractor|home renovation services|home remodeling|kitchen remodel|bathroom remodel|post-damage rebuild,local_commercial,,,900,hero|og|inline-1|inline-2,service|local-business|faq|breadcrumb-list,/services/general-contracting/|/service-areas/elk-point-sd/|/service-areas/elk-point-sd/fire-damage-restoration/|/service-areas/elk-point-sd/mold-remediation/|/service-areas/adrian-mn/general-contracting/|/service-areas/akron-ia/general-contracting/|/contact/,5.60,planned
/service-areas/elk-point-sd/siding-gutters/,service-area-service,"Siding and Gutters in Elk Point, SD | Crew Restoration & Construction",Siding and Gutters in Elk Point,"Siding and gutters in Elk Point, SD. IICRC-certified, insurance billing accepted. Call (605) 965-2727.",siding and gutters elk point,siding contractor|siding installation|siding replacement|gutter installation|exterior contractor,local_commercial,,,900,hero|og|inline-1|inline-2,service|local-business|faq|breadcrumb-list,/services/siding-gutters/|/service-areas/elk-point-sd/|/service-areas/elk-point-sd/fire-damage-restoration/|/service-areas/elk-point-sd/mold-remediation/|/service-areas/adrian-mn/siding-gutters/|/service-areas/akron-ia/siding-gutters/|/contact/,5.60,planned
/service-areas/flandreau-sd/biohazard-cleanup/,service-area-service,"Biohazard Cleanup in Flandreau, SD | Crew Restoration & Construction",Biohazard Cleanup in Flandreau,"Biohazard cleanup in Flandreau, SD. IICRC-certified, insurance billing accepted. Call (605) 965-2727.",biohazard cleanup flandreau,biohazard remediation|blood cleanup|bodily fluid cleanup|sharps and needle cleanup|infectious material cleanup,local_sensitive,,,900,hero|og|inline-1|inline-2,service|local-business|faq|breadcrumb-list,/services/biohazard-cleanup/|/service-areas/flandreau-sd/|/service-areas/flandreau-sd/fire-damage-restoration/|/service-areas/flandreau-sd/mold-remediation/|/service-areas/adrian-mn/biohazard-cleanup/|/service-areas/akron-ia/biohazard-cleanup/|/contact/,5.60,planned
/service-areas/flandreau-sd/general-contracting/,service-area-service,"Renovations, Remodels and General Contracting in Flandreau, SD | Crew Restoration & Construction","Renovations, Remodels and General Contracting in Flandreau","Renovations, remodels and general contracting in Flandreau, SD. IICRC-certified, insurance billing accepted. Call (605) 965-2727.","renovations, remodels and general contracting flandreau",general contractor|home renovation services|home remodeling|kitchen remodel|bathroom remodel|post-damage rebuild,local_commercial,,,900,hero|og|inline-1|inline-2,service|local-business|faq|breadcrumb-list,/services/general-contracting/|/service-areas/flandreau-sd/|/service-areas/flandreau-sd/fire-damage-restoration/|/service-areas/flandreau-sd/mold-remediation/|/service-areas/adrian-mn/general-contracting/|/service-areas/akron-ia/general-contracting/|/contact/,5.60,planned
/service-areas/flandreau-sd/siding-gutters/,service-area-service,"Siding and Gutters in Flandreau, SD | Crew Restoration & Construction",Siding and Gutters in Flandreau,"Siding and gutters in Flandreau, SD. IICRC-certified, insurance billing accepted. Call (605) 965-2727.",siding and gutters flandreau,siding contractor|siding installation|siding replacement|gutter installation|exterior contractor,local_commercial,,,900,hero|og|inline-1|inline-2,service|local-business|faq|breadcrumb-list,/services/siding-gutters/|/service-areas/flandreau-sd/|/service-areas/flandreau-sd/fire-damage-restoration/|/service-areas/flandreau-sd/mold-remediation/|/service-areas/adrian-mn/siding-gutters/|/service-areas/akron-ia/siding-gutters/|/contact/,5.60,planned
/service-areas/fulda-mn/biohazard-cleanup/,service-area-service,"Biohazard Cleanup in Fulda, MN | Crew Restoration & Construction",Biohazard Cleanup in Fulda,"Biohazard cleanup in Fulda, MN. IICRC-certified, insurance billing accepted. Call (605) 965-2727.",biohazard cleanup fulda,biohazard remediation|blood cleanup|bodily fluid cleanup|sharps and needle cleanup|infectious material cleanup,local_sensitive,,,900,hero|og|inline-1|inline-2,service|local-business|faq|breadcrumb-list,/services/biohazard-cleanup/|/service-areas/fulda-mn/|/service-areas/fulda-mn/fire-damage-restoration/|/service-areas/fulda-mn/mold-remediation/|/service-areas/adrian-mn/biohazard-cleanup/|/service-areas/akron-ia/biohazard-cleanup/|/contact/,5.60,planned
/service-areas/fulda-mn/general-contracting/,service-area-service,"Renovations, Remodels and General Contracting in Fulda, MN | Crew Restoration & Construction","Renovations, Remodels and General Contracting in Fulda","Renovations, remodels and general contracting in Fulda, MN. IICRC-certified, insurance billing accepted. Call (605) 965-2727.","renovations, remodels and general contracting fulda",general contractor|home renovation services|home remodeling|kitchen remodel|bathroom remodel|post-damage rebuild,local_commercial,,,900,hero|og|inline-1|inline-2,service|local-business|faq|breadcrumb-list,/services/general-contracting/|/service-areas/fulda-mn/|/service-areas/fulda-mn/fire-damage-restoration/|/service-areas/fulda-mn/mold-remediation/|/service-areas/adrian-mn/general-contracting/|/service-areas/akron-ia/general-contracting/|/contact/,5.60,planned
/service-areas/fulda-mn/siding-gutters/,service-area-service,"Siding and Gutters in Fulda, MN | Crew Restoration & Construction",Siding and Gutters in Fulda,"Siding and gutters in Fulda, MN. IICRC-certified, insurance billing accepted. Call (605) 965-2727.",siding and gutters fulda,siding contractor|siding installation|siding replacement|gutter installation|exterior contractor,local_commercial,,,900,hero|og|inline-1|inline-2,service|local-business|faq|breadcrumb-list,/services/siding-gutters/|/service-areas/fulda-mn/|/service-areas/fulda-mn/fire-damage-restoration/|/service-areas/fulda-mn/mold-remediation/|/service-areas/adrian-mn/siding-gutters/|/service-areas/akron-ia/siding-gutters/|/contact/,5.60,planned
/service-areas/garretson-sd/biohazard-cleanup/,service-area-service,"Biohazard Cleanup in Garretson, SD | Crew Restoration & Construction",Biohazard Cleanup in Garretson,"Biohazard cleanup in Garretson, SD. IICRC-certified, insurance billing accepted. Call (605) 965-2727.",biohazard cleanup garretson,biohazard remediation|blood cleanup|bodily fluid cleanup|sharps and needle cleanup|infectious material cleanup,local_sensitive,,,900,hero|og|inline-1|inline-2,service|local-business|faq|breadcrumb-list,/services/biohazard-cleanup/|/service-areas/garretson-sd/|/service-areas/garretson-sd/fire-damage-restoration/|/service-areas/garretson-sd/mold-remediation/|/service-areas/adrian-mn/biohazard-cleanup/|/service-areas/akron-ia/biohazard-cleanup/|/contact/,5.60,planned
/service-areas/garretson-sd/general-contracting/,service-area-service,"Renovations, Remodels and General Contracting in Garretson, SD | Crew Restoration & Construction","Renovations, Remodels and General Contracting in Garretson","Renovations, remodels and general contracting in Garretson, SD. IICRC-certified, insurance billing accepted. Call (605) 965-2727.","renovations, remodels and general contracting garretson",general contractor|home renovation services|home remodeling|kitchen remodel|bathroom remodel|post-damage rebuild,local_commercial,,,900,hero|og|inline-1|inline-2,service|local-business|faq|breadcrumb-list,/services/general-contracting/|/service-areas/garretson-sd/|/service-areas/garretson-sd/fire-damage-restoration/|/service-areas/garretson-sd/mold-remediation/|/service-areas/adrian-mn/general-contracting/|/service-areas/akron-ia/general-contracting/|/contact/,5.60,planned
/service-areas/garretson-sd/siding-gutters/,service-area-service,"Siding and Gutters in Garretson, SD | Crew Restoration & Construction",Siding and Gutters in Garretson,"Siding and gutters in Garretson, SD. IICRC-certified, insurance billing accepted. Call (605) 965-2727.",siding and gutters garretson,siding contractor|siding installation|siding replacement|gutter installation|exterior contractor,local_commercial,,,900,hero|og|inline-1|inline-2,service|local-business|faq|breadcrumb-list,/services/siding-gutters/|/service-areas/garretson-sd/|/service-areas/garretson-sd/fire-damage-restoration/|/service-areas/garretson-sd/mold-remediation/|/service-areas/adrian-mn/siding-gutters/|/service-areas/akron-ia/siding-gutters/|/contact/,5.60,planned
/service-areas/george-ia/biohazard-cleanup/,service-area-service,"Biohazard Cleanup in George, IA | Crew Restoration & Construction",Biohazard Cleanup in George,"Biohazard cleanup in George, IA. IICRC-certified, insurance billing accepted. Call (605) 965-2727.",biohazard cleanup george,biohazard remediation|blood cleanup|bodily fluid cleanup|sharps and needle cleanup|infectious material cleanup,local_sensitive,,,900,hero|og|inline-1|inline-2,service|local-business|faq|breadcrumb-list,/services/biohazard-cleanup/|/service-areas/george-ia/|/service-areas/george-ia/fire-damage-restoration/|/service-areas/george-ia/mold-remediation/|/service-areas/adrian-mn/biohazard-cleanup/|/service-areas/akron-ia/biohazard-cleanup/|/contact/,5.60,planned
/service-areas/george-ia/general-contracting/,service-area-service,"Renovations, Remodels and General Contracting in George, IA | Crew Restoration & Construction","Renovations, Remodels and General Contracting in George","Renovations, remodels and general contracting in George, IA. IICRC-certified, insurance billing accepted. Call (605) 965-2727.","renovations, remodels and general contracting george",general contractor|home renovation services|home remodeling|kitchen remodel|bathroom remodel|post-damage rebuild,local_commercial,,,900,hero|og|inline-1|inline-2,service|local-business|faq|breadcrumb-list,/services/general-contracting/|/service-areas/george-ia/|/service-areas/george-ia/fire-damage-restoration/|/service-areas/george-ia/mold-remediation/|/service-areas/adrian-mn/general-contracting/|/service-areas/akron-ia/general-contracting/|/contact/,5.60,planned
/service-areas/george-ia/siding-gutters/,service-area-service,"Siding and Gutters in George, IA | Crew Restoration & Construction",Siding and Gutters in George,"Siding and gutters in George, IA. IICRC-certified, insurance billing accepted. Call (605) 965-2727.",siding and gutters george,siding contractor|siding installation|siding replacement|gutter installation|exterior contractor,local_commercial,,,900,hero|og|inline-1|inline-2,service|local-business|faq|breadcrumb-list,/services/siding-gutters/|/service-areas/george-ia/|/service-areas/george-ia/fire-damage-restoration/|/service-areas/george-ia/mold-remediation/|/service-areas/adrian-mn/siding-gutters/|/service-areas/akron-ia/siding-gutters/|/contact/,5.60,planned
/service-areas/harrisburg-sd/biohazard-cleanup/,service-area-service,"Biohazard Cleanup in Harrisburg, SD | Crew Restoration & Construction",Biohazard Cleanup in Harrisburg,"Biohazard cleanup in Harrisburg, SD. IICRC-certified, insurance billing accepted. Call (605) 965-2727.",biohazard cleanup harrisburg,biohazard remediation|blood cleanup|bodily fluid cleanup|sharps and needle cleanup|infectious material cleanup,local_sensitive,,,900,hero|og|inline-1|inline-2,service|local-business|faq|breadcrumb-list,/services/biohazard-cleanup/|/service-areas/harrisburg-sd/|/service-areas/harrisburg-sd/fire-damage-restoration/|/service-areas/harrisburg-sd/mold-remediation/|/service-areas/adrian-mn/biohazard-cleanup/|/service-areas/akron-ia/biohazard-cleanup/|/contact/,5.60,planned
/service-areas/harrisburg-sd/general-contracting/,service-area-service,"Renovations, Remodels and General Contracting in Harrisburg, SD | Crew Restoration & Construction","Renovations, Remodels and General Contracting in Harrisburg","Renovations, remodels and general contracting in Harrisburg, SD. IICRC-certified, insurance billing accepted. Call (605) 965-2727.","renovations, remodels and general contracting harrisburg",general contractor|home renovation services|home remodeling|kitchen remodel|bathroom remodel|post-damage rebuild,local_commercial,,,900,hero|og|inline-1|inline-2,service|local-business|faq|breadcrumb-list,/services/general-contracting/|/service-areas/harrisburg-sd/|/service-areas/harrisburg-sd/fire-damage-restoration/|/service-areas/harrisburg-sd/mold-remediation/|/service-areas/adrian-mn/general-contracting/|/service-areas/akron-ia/general-contracting/|/contact/,5.60,planned
/service-areas/harrisburg-sd/siding-gutters/,service-area-service,"Siding and Gutters in Harrisburg, SD | Crew Restoration & Construction",Siding and Gutters in Harrisburg,"Siding and gutters in Harrisburg, SD. IICRC-certified, insurance billing accepted. Call (605) 965-2727.",siding and gutters harrisburg,siding contractor|siding installation|siding replacement|gutter installation|exterior contractor,local_commercial,,,900,hero|og|inline-1|inline-2,service|local-business|faq|breadcrumb-list,/services/siding-gutters/|/service-areas/harrisburg-sd/|/service-areas/harrisburg-sd/fire-damage-restoration/|/service-areas/harrisburg-sd/mold-remediation/|/service-areas/adrian-mn/siding-gutters/|/service-areas/akron-ia/siding-gutters/|/contact/,5.60,planned
/service-areas/hartford-sd/biohazard-cleanup/,service-area-service,"Biohazard Cleanup in Hartford, SD | Crew Restoration & Construction",Biohazard Cleanup in Hartford,"Biohazard cleanup in Hartford, SD. IICRC-certified, insurance billing accepted. Call (605) 965-2727.",biohazard cleanup hartford,biohazard remediation|blood cleanup|bodily fluid cleanup|sharps and needle cleanup|infectious material cleanup,local_sensitive,,,900,hero|og|inline-1|inline-2,service|local-business|faq|breadcrumb-list,/services/biohazard-cleanup/|/service-areas/hartford-sd/|/service-areas/hartford-sd/fire-damage-restoration/|/service-areas/hartford-sd/mold-remediation/|/service-areas/adrian-mn/biohazard-cleanup/|/service-areas/akron-ia/biohazard-cleanup/|/contact/,5.60,planned
/service-areas/hartford-sd/general-contracting/,service-area-service,"Renovations, Remodels and General Contracting in Hartford, SD | Crew Restoration & Construction","Renovations, Remodels and General Contracting in Hartford","Renovations, remodels and general contracting in Hartford, SD. IICRC-certified, insurance billing accepted. Call (605) 965-2727.","renovations, remodels and general contracting hartford",general contractor|home renovation services|home remodeling|kitchen remodel|bathroom remodel|post-damage rebuild,local_commercial,,,900,hero|og|inline-1|inline-2,service|local-business|faq|breadcrumb-list,/services/general-contracting/|/service-areas/hartford-sd/|/service-areas/hartford-sd/fire-damage-restoration/|/service-areas/hartford-sd/mold-remediation/|/service-areas/adrian-mn/general-contracting/|/service-areas/akron-ia/general-contracting/|/contact/,5.60,planned
/service-areas/hartford-sd/siding-gutters/,service-area-service,"Siding and Gutters in Hartford, SD | Crew Restoration & Construction",Siding and Gutters in Hartford,"Siding and gutters in Hartford, SD. IICRC-certified, insurance billing accepted. Call (605) 965-2727.",siding and gutters hartford,siding contractor|siding installation|siding replacement|gutter installation|exterior contractor,local_commercial,,,900,hero|og|inline-1|inline-2,service|local-business|faq|breadcrumb-list,/services/siding-gutters/|/service-areas/hartford-sd/|/service-areas/hartford-sd/fire-damage-restoration/|/service-areas/hartford-sd/mold-remediation/|/service-areas/adrian-mn/siding-gutters/|/service-areas/akron-ia/siding-gutters/|/contact/,5.60,planned
/service-areas/hawarden-ia/biohazard-cleanup/,service-area-service,"Biohazard Cleanup in Hawarden, IA | Crew Restoration & Construction",Biohazard Cleanup in Hawarden,"Biohazard cleanup in Hawarden, IA. IICRC-certified, insurance billing accepted. Call (605) 965-2727.",biohazard cleanup hawarden,biohazard remediation|blood cleanup|bodily fluid cleanup|sharps and needle cleanup|infectious material cleanup,local_sensitive,,,900,hero|og|inline-1|inline-2,service|local-business|faq|breadcrumb-list,/services/biohazard-cleanup/|/service-areas/hawarden-ia/|/service-areas/hawarden-ia/fire-damage-restoration/|/service-areas/hawarden-ia/mold-remediation/|/service-areas/adrian-mn/biohazard-cleanup/|/service-areas/akron-ia/biohazard-cleanup/|/contact/,5.60,planned
/service-areas/hawarden-ia/general-contracting/,service-area-service,"Renovations, Remodels and General Contracting in Hawarden, IA | Crew Restoration & Construction","Renovations, Remodels and General Contracting in Hawarden","Renovations, remodels and general contracting in Hawarden, IA. IICRC-certified, insurance billing accepted. Call (605) 965-2727.","renovations, remodels and general contracting hawarden",general contractor|home renovation services|home remodeling|kitchen remodel|bathroom remodel|post-damage rebuild,local_commercial,,,900,hero|og|inline-1|inline-2,service|local-business|faq|breadcrumb-list,/services/general-contracting/|/service-areas/hawarden-ia/|/service-areas/hawarden-ia/fire-damage-restoration/|/service-areas/hawarden-ia/mold-remediation/|/service-areas/adrian-mn/general-contracting/|/service-areas/akron-ia/general-contracting/|/contact/,5.60,planned
/service-areas/hawarden-ia/siding-gutters/,service-area-service,"Siding and Gutters in Hawarden, IA | Crew Restoration & Construction",Siding and Gutters in Hawarden,"Siding and gutters in Hawarden, IA. IICRC-certified, insurance billing accepted. Call (605) 965-2727.",siding and gutters hawarden,siding contractor|siding installation|siding replacement|gutter installation|exterior contractor,local_commercial,,,900,hero|og|inline-1|inline-2,service|local-business|faq|breadcrumb-list,/services/siding-gutters/|/service-areas/hawarden-ia/|/service-areas/hawarden-ia/fire-damage-restoration/|/service-areas/hawarden-ia/mold-remediation/|/service-areas/adrian-mn/siding-gutters/|/service-areas/akron-ia/siding-gutters/|/contact/,5.60,planned
/service-areas/hinton-ia/biohazard-cleanup/,service-area-service,"Biohazard Cleanup in Hinton, IA | Crew Restoration & Construction",Biohazard Cleanup in Hinton,"Biohazard cleanup in Hinton, IA. IICRC-certified, insurance billing accepted. Call (605) 965-2727.",biohazard cleanup hinton,biohazard remediation|blood cleanup|bodily fluid cleanup|sharps and needle cleanup|infectious material cleanup,local_sensitive,,,900,hero|og|inline-1|inline-2,service|local-business|faq|breadcrumb-list,/services/biohazard-cleanup/|/service-areas/hinton-ia/|/service-areas/hinton-ia/fire-damage-restoration/|/service-areas/hinton-ia/mold-remediation/|/service-areas/adrian-mn/biohazard-cleanup/|/service-areas/akron-ia/biohazard-cleanup/|/contact/,5.60,planned
/service-areas/hinton-ia/general-contracting/,service-area-service,"Renovations, Remodels and General Contracting in Hinton, IA | Crew Restoration & Construction","Renovations, Remodels and General Contracting in Hinton","Renovations, remodels and general contracting in Hinton, IA. IICRC-certified, insurance billing accepted. Call (605) 965-2727.","renovations, remodels and general contracting hinton",general contractor|home renovation services|home remodeling|kitchen remodel|bathroom remodel|post-damage rebuild,local_commercial,,,900,hero|og|inline-1|inline-2,service|local-business|faq|breadcrumb-list,/services/general-contracting/|/service-areas/hinton-ia/|/service-areas/hinton-ia/fire-damage-restoration/|/service-areas/hinton-ia/mold-remediation/|/service-areas/adrian-mn/general-contracting/|/service-areas/akron-ia/general-contracting/|/contact/,5.60,planned
/service-areas/hinton-ia/siding-gutters/,service-area-service,"Siding and Gutters in Hinton, IA | Crew Restoration & Construction",Siding and Gutters in Hinton,"Siding and gutters in Hinton, IA. IICRC-certified, insurance billing accepted. Call (605) 965-2727.",siding and gutters hinton,siding contractor|siding installation|siding replacement|gutter installation|exterior contractor,local_commercial,,,900,hero|og|inline-1|inline-2,service|local-business|faq|breadcrumb-list,/services/siding-gutters/|/service-areas/hinton-ia/|/service-areas/hinton-ia/fire-damage-restoration/|/service-areas/hinton-ia/mold-remediation/|/service-areas/adrian-mn/siding-gutters/|/service-areas/akron-ia/siding-gutters/|/contact/,5.60,planned
/service-areas/hull-ia/biohazard-cleanup/,service-area-service,"Biohazard Cleanup in Hull, IA | Crew Restoration & Construction",Biohazard Cleanup in Hull,"Biohazard cleanup in Hull, IA. IICRC-certified, insurance billing accepted. Call (605) 965-2727.",biohazard cleanup hull,biohazard remediation|blood cleanup|bodily fluid cleanup|sharps and needle cleanup|infectious material cleanup,local_sensitive,,,900,hero|og|inline-1|inline-2,service|local-business|faq|breadcrumb-list,/services/biohazard-cleanup/|/service-areas/hull-ia/|/service-areas/hull-ia/fire-damage-restoration/|/service-areas/hull-ia/mold-remediation/|/service-areas/adrian-mn/biohazard-cleanup/|/service-areas/akron-ia/biohazard-cleanup/|/contact/,5.60,planned
/service-areas/hull-ia/general-contracting/,service-area-service,"Renovations, Remodels and General Contracting in Hull, IA | Crew Restoration & Construction","Renovations, Remodels and General Contracting in Hull","Renovations, remodels and general contracting in Hull, IA. IICRC-certified, insurance billing accepted. Call (605) 965-2727.","renovations, remodels and general contracting hull",general contractor|home renovation services|home remodeling|kitchen remodel|bathroom remodel|post-damage rebuild,local_commercial,,,900,hero|og|inline-1|inline-2,service|local-business|faq|breadcrumb-list,/services/general-contracting/|/service-areas/hull-ia/|/service-areas/hull-ia/fire-damage-restoration/|/service-areas/hull-ia/mold-remediation/|/service-areas/adrian-mn/general-contracting/|/service-areas/akron-ia/general-contracting/|/contact/,5.60,planned
/service-areas/hull-ia/siding-gutters/,service-area-service,"Siding and Gutters in Hull, IA | Crew Restoration & Construction",Siding and Gutters in Hull,"Siding and gutters in Hull, IA. IICRC-certified, insurance billing accepted. Call (605) 965-2727.",siding and gutters hull,siding contractor|siding installation|siding replacement|gutter installation|exterior contractor,local_commercial,,,900,hero|og|inline-1|inline-2,service|local-business|faq|breadcrumb-list,/services/siding-gutters/|/service-areas/hull-ia/|/service-areas/hull-ia/fire-damage-restoration/|/service-areas/hull-ia/mold-remediation/|/service-areas/adrian-mn/siding-gutters/|/service-areas/akron-ia/siding-gutters/|/contact/,5.60,planned
/service-areas/kingsley-ia/biohazard-cleanup/,service-area-service,"Biohazard Cleanup in Kingsley, IA | Crew Restoration & Construction",Biohazard Cleanup in Kingsley,"Biohazard cleanup in Kingsley, IA. IICRC-certified, insurance billing accepted. Call (605) 965-2727.",biohazard cleanup kingsley,biohazard remediation|blood cleanup|bodily fluid cleanup|sharps and needle cleanup|infectious material cleanup,local_sensitive,,,900,hero|og|inline-1|inline-2,service|local-business|faq|breadcrumb-list,/services/biohazard-cleanup/|/service-areas/kingsley-ia/|/service-areas/kingsley-ia/fire-damage-restoration/|/service-areas/kingsley-ia/mold-remediation/|/service-areas/adrian-mn/biohazard-cleanup/|/service-areas/akron-ia/biohazard-cleanup/|/contact/,5.60,planned
/service-areas/kingsley-ia/general-contracting/,service-area-service,"Renovations, Remodels and General Contracting in Kingsley, IA | Crew Restoration & Construction","Renovations, Remodels and General Contracting in Kingsley","Renovations, remodels and general contracting in Kingsley, IA. IICRC-certified, insurance billing accepted. Call (605) 965-2727.","renovations, remodels and general contracting kingsley",general contractor|home renovation services|home remodeling|kitchen remodel|bathroom remodel|post-damage rebuild,local_commercial,,,900,hero|og|inline-1|inline-2,service|local-business|faq|breadcrumb-list,/services/general-contracting/|/service-areas/kingsley-ia/|/service-areas/kingsley-ia/fire-damage-restoration/|/service-areas/kingsley-ia/mold-remediation/|/service-areas/adrian-mn/general-contracting/|/service-areas/akron-ia/general-contracting/|/contact/,5.60,planned
/service-areas/kingsley-ia/siding-gutters/,service-area-service,"Siding and Gutters in Kingsley, IA | Crew Restoration & Construction",Siding and Gutters in Kingsley,"Siding and gutters in Kingsley, IA. IICRC-certified, insurance billing accepted. Call (605) 965-2727.",siding and gutters kingsley,siding contractor|siding installation|siding replacement|gutter installation|exterior contractor,local_commercial,,,900,hero|og|inline-1|inline-2,service|local-business|faq|breadcrumb-list,/services/siding-gutters/|/service-areas/kingsley-ia/|/service-areas/kingsley-ia/fire-damage-restoration/|/service-areas/kingsley-ia/mold-remediation/|/service-areas/adrian-mn/siding-gutters/|/service-areas/akron-ia/siding-gutters/|/contact/,5.60,planned
/service-areas/le-mars-ia/biohazard-cleanup/,service-area-service,"Biohazard Cleanup in Le Mars, IA | Crew Restoration & Construction",Biohazard Cleanup in Le Mars,"Biohazard cleanup in Le Mars, IA. IICRC-certified, insurance billing accepted. Call (605) 965-2727.",biohazard cleanup le mars,biohazard remediation|blood cleanup|bodily fluid cleanup|sharps and needle cleanup|infectious material cleanup,local_sensitive,,,900,hero|og|inline-1|inline-2,service|local-business|faq|breadcrumb-list,/services/biohazard-cleanup/|/service-areas/le-mars-ia/|/service-areas/le-mars-ia/fire-damage-restoration/|/service-areas/le-mars-ia/mold-remediation/|/service-areas/adrian-mn/biohazard-cleanup/|/service-areas/akron-ia/biohazard-cleanup/|/contact/,5.60,planned
/service-areas/le-mars-ia/general-contracting/,service-area-service,"Renovations, Remodels and General Contracting in Le Mars, IA | Crew Restoration & Construction","Renovations, Remodels and General Contracting in Le Mars","Renovations, remodels and general contracting in Le Mars, IA. IICRC-certified, insurance billing accepted. Call (605) 965-2727.","renovations, remodels and general contracting le mars",general contractor|home renovation services|home remodeling|kitchen remodel|bathroom remodel|post-damage rebuild,local_commercial,,,900,hero|og|inline-1|inline-2,service|local-business|faq|breadcrumb-list,/services/general-contracting/|/service-areas/le-mars-ia/|/service-areas/le-mars-ia/fire-damage-restoration/|/service-areas/le-mars-ia/mold-remediation/|/service-areas/adrian-mn/general-contracting/|/service-areas/akron-ia/general-contracting/|/contact/,5.60,planned
/service-areas/le-mars-ia/siding-gutters/,service-area-service,"Siding and Gutters in Le Mars, IA | Crew Restoration & Construction",Siding and Gutters in Le Mars,"Siding and gutters in Le Mars, IA. IICRC-certified, insurance billing accepted. Call (605) 965-2727.",siding and gutters le mars,siding contractor|siding installation|siding replacement|gutter installation|exterior contractor,local_commercial,,,900,hero|og|inline-1|inline-2,service|local-business|faq|breadcrumb-list,/services/siding-gutters/|/service-areas/le-mars-ia/|/service-areas/le-mars-ia/fire-damage-restoration/|/service-areas/le-mars-ia/mold-remediation/|/service-areas/adrian-mn/siding-gutters/|/service-areas/akron-ia/siding-gutters/|/contact/,5.60,planned
/service-areas/lennox-sd/biohazard-cleanup/,service-area-service,"Biohazard Cleanup in Lennox, SD | Crew Restoration & Construction",Biohazard Cleanup in Lennox,"Biohazard cleanup in Lennox, SD. IICRC-certified, insurance billing accepted. Call (605) 965-2727.",biohazard cleanup lennox,biohazard remediation|blood cleanup|bodily fluid cleanup|sharps and needle cleanup|infectious material cleanup,local_sensitive,,,900,hero|og|inline-1|inline-2,service|local-business|faq|breadcrumb-list,/services/biohazard-cleanup/|/service-areas/lennox-sd/|/service-areas/lennox-sd/fire-damage-restoration/|/service-areas/lennox-sd/mold-remediation/|/service-areas/adrian-mn/biohazard-cleanup/|/service-areas/akron-ia/biohazard-cleanup/|/contact/,5.60,planned
/service-areas/lennox-sd/general-contracting/,service-area-service,"Renovations, Remodels and General Contracting in Lennox, SD | Crew Restoration & Construction","Renovations, Remodels and General Contracting in Lennox","Renovations, remodels and general contracting in Lennox, SD. IICRC-certified, insurance billing accepted. Call (605) 965-2727.","renovations, remodels and general contracting lennox",general contractor|home renovation services|home remodeling|kitchen remodel|bathroom remodel|post-damage rebuild,local_commercial,,,900,hero|og|inline-1|inline-2,service|local-business|faq|breadcrumb-list,/services/general-contracting/|/service-areas/lennox-sd/|/service-areas/lennox-sd/fire-damage-restoration/|/service-areas/lennox-sd/mold-remediation/|/service-areas/adrian-mn/general-contracting/|/service-areas/akron-ia/general-contracting/|/contact/,5.60,planned
/service-areas/lennox-sd/siding-gutters/,service-area-service,"Siding and Gutters in Lennox, SD | Crew Restoration & Construction",Siding and Gutters in Lennox,"Siding and gutters in Lennox, SD. IICRC-certified, insurance billing accepted. Call (605) 965-2727.",siding and gutters lennox,siding contractor|siding installation|siding replacement|gutter installation|exterior contractor,local_commercial,,,900,hero|og|inline-1|inline-2,service|local-business|faq|breadcrumb-list,/services/siding-gutters/|/service-areas/lennox-sd/|/service-areas/lennox-sd/fire-damage-restoration/|/service-areas/lennox-sd/mold-remediation/|/service-areas/adrian-mn/siding-gutters/|/service-areas/akron-ia/siding-gutters/|/contact/,5.60,planned
/service-areas/luverne-mn/biohazard-cleanup/,service-area-service,"Biohazard Cleanup in Luverne, MN | Crew Restoration & Construction",Biohazard Cleanup in Luverne,"Biohazard cleanup in Luverne, MN. IICRC-certified, insurance billing accepted. Call (605) 965-2727.",biohazard cleanup luverne,biohazard remediation|blood cleanup|bodily fluid cleanup|sharps and needle cleanup|infectious material cleanup,local_sensitive,,,900,hero|og|inline-1|inline-2,service|local-business|faq|breadcrumb-list,/services/biohazard-cleanup/|/service-areas/luverne-mn/|/service-areas/luverne-mn/fire-damage-restoration/|/service-areas/luverne-mn/mold-remediation/|/service-areas/adrian-mn/biohazard-cleanup/|/service-areas/akron-ia/biohazard-cleanup/|/contact/,5.60,planned
/service-areas/luverne-mn/general-contracting/,service-area-service,"Renovations, Remodels and General Contracting in Luverne, MN | Crew Restoration & Construction","Renovations, Remodels and General Contracting in Luverne","Renovations, remodels and general contracting in Luverne, MN. IICRC-certified, insurance billing accepted. Call (605) 965-2727.","renovations, remodels and general contracting luverne",general contractor|home renovation services|home remodeling|kitchen remodel|bathroom remodel|post-damage rebuild,local_commercial,,,900,hero|og|inline-1|inline-2,service|local-business|faq|breadcrumb-list,/services/general-contracting/|/service-areas/luverne-mn/|/service-areas/luverne-mn/fire-damage-restoration/|/service-areas/luverne-mn/mold-remediation/|/service-areas/adrian-mn/general-contracting/|/service-areas/akron-ia/general-contracting/|/contact/,5.60,planned
/service-areas/luverne-mn/siding-gutters/,service-area-service,"Siding and Gutters in Luverne, MN | Crew Restoration & Construction",Siding and Gutters in Luverne,"Siding and gutters in Luverne, MN. IICRC-certified, insurance billing accepted. Call (605) 965-2727.",siding and gutters luverne,siding contractor|siding installation|siding replacement|gutter installation|exterior contractor,local_commercial,,,900,hero|og|inline-1|inline-2,service|local-business|faq|breadcrumb-list,/services/siding-gutters/|/service-areas/luverne-mn/|/service-areas/luverne-mn/fire-damage-restoration/|/service-areas/luverne-mn/mold-remediation/|/service-areas/adrian-mn/siding-gutters/|/service-areas/akron-ia/siding-gutters/|/contact/,5.60,planned
/service-areas/madison-sd/biohazard-cleanup/,service-area-service,"Biohazard Cleanup in Madison, SD | Crew Restoration & Construction",Biohazard Cleanup in Madison,"Biohazard cleanup in Madison, SD. IICRC-certified, insurance billing accepted. Call (605) 965-2727.",biohazard cleanup madison,biohazard remediation|blood cleanup|bodily fluid cleanup|sharps and needle cleanup|infectious material cleanup,local_sensitive,,,900,hero|og|inline-1|inline-2,service|local-business|faq|breadcrumb-list,/services/biohazard-cleanup/|/service-areas/madison-sd/|/service-areas/madison-sd/fire-damage-restoration/|/service-areas/madison-sd/mold-remediation/|/service-areas/adrian-mn/biohazard-cleanup/|/service-areas/akron-ia/biohazard-cleanup/|/contact/,5.60,planned
/service-areas/madison-sd/general-contracting/,service-area-service,"Renovations, Remodels and General Contracting in Madison, SD | Crew Restoration & Construction","Renovations, Remodels and General Contracting in Madison","Renovations, remodels and general contracting in Madison, SD. IICRC-certified, insurance billing accepted. Call (605) 965-2727.","renovations, remodels and general contracting madison",general contractor|home renovation services|home remodeling|kitchen remodel|bathroom remodel|post-damage rebuild,local_commercial,,,900,hero|og|inline-1|inline-2,service|local-business|faq|breadcrumb-list,/services/general-contracting/|/service-areas/madison-sd/|/service-areas/madison-sd/fire-damage-restoration/|/service-areas/madison-sd/mold-remediation/|/service-areas/adrian-mn/general-contracting/|/service-areas/akron-ia/general-contracting/|/contact/,5.60,planned
/service-areas/madison-sd/siding-gutters/,service-area-service,"Siding and Gutters in Madison, SD | Crew Restoration & Construction",Siding and Gutters in Madison,"Siding and gutters in Madison, SD. IICRC-certified, insurance billing accepted. Call (605) 965-2727.",siding and gutters madison,siding contractor|siding installation|siding replacement|gutter installation|exterior contractor,local_commercial,,,900,hero|og|inline-1|inline-2,service|local-business|faq|breadcrumb-list,/services/siding-gutters/|/service-areas/madison-sd/|/service-areas/madison-sd/fire-damage-restoration/|/service-areas/madison-sd/mold-remediation/|/service-areas/adrian-mn/siding-gutters/|/service-areas/akron-ia/siding-gutters/|/contact/,5.60,planned
/service-areas/merrill-ia/biohazard-cleanup/,service-area-service,"Biohazard Cleanup in Merrill, IA | Crew Restoration & Construction",Biohazard Cleanup in Merrill,"Biohazard cleanup in Merrill, IA. IICRC-certified, insurance billing accepted. Call (605) 965-2727.",biohazard cleanup merrill,biohazard remediation|blood cleanup|bodily fluid cleanup|sharps and needle cleanup|infectious material cleanup,local_sensitive,,,900,hero|og|inline-1|inline-2,service|local-business|faq|breadcrumb-list,/services/biohazard-cleanup/|/service-areas/merrill-ia/|/service-areas/merrill-ia/fire-damage-restoration/|/service-areas/merrill-ia/mold-remediation/|/service-areas/adrian-mn/biohazard-cleanup/|/service-areas/akron-ia/biohazard-cleanup/|/contact/,5.60,planned
/service-areas/merrill-ia/general-contracting/,service-area-service,"Renovations, Remodels and General Contracting in Merrill, IA | Crew Restoration & Construction","Renovations, Remodels and General Contracting in Merrill","Renovations, remodels and general contracting in Merrill, IA. IICRC-certified, insurance billing accepted. Call (605) 965-2727.","renovations, remodels and general contracting merrill",general contractor|home renovation services|home remodeling|kitchen remodel|bathroom remodel|post-damage rebuild,local_commercial,,,900,hero|og|inline-1|inline-2,service|local-business|faq|breadcrumb-list,/services/general-contracting/|/service-areas/merrill-ia/|/service-areas/merrill-ia/fire-damage-restoration/|/service-areas/merrill-ia/mold-remediation/|/service-areas/adrian-mn/general-contracting/|/service-areas/akron-ia/general-contracting/|/contact/,5.60,planned
/service-areas/merrill-ia/siding-gutters/,service-area-service,"Siding and Gutters in Merrill, IA | Crew Restoration & Construction",Siding and Gutters in Merrill,"Siding and gutters in Merrill, IA. IICRC-certified, insurance billing accepted. Call (605) 965-2727.",siding and gutters merrill,siding contractor|siding installation|siding replacement|gutter installation|exterior contractor,local_commercial,,,900,hero|og|inline-1|inline-2,service|local-business|faq|breadcrumb-list,/services/siding-gutters/|/service-areas/merrill-ia/|/service-areas/merrill-ia/fire-damage-restoration/|/service-areas/merrill-ia/mold-remediation/|/service-areas/adrian-mn/siding-gutters/|/service-areas/akron-ia/siding-gutters/|/contact/,5.60,planned
/service-areas/north-sioux-city-sd/biohazard-cleanup/,service-area-service,"Biohazard Cleanup in North Sioux City, SD | Crew Restoration & Construction",Biohazard Cleanup in North Sioux City,"Biohazard cleanup in North Sioux City, SD. IICRC-certified, insurance billing accepted. Call (605) 965-2727.",biohazard cleanup north sioux city,biohazard remediation|blood cleanup|bodily fluid cleanup|sharps and needle cleanup|infectious material cleanup,local_sensitive,,,900,hero|og|inline-1|inline-2,service|local-business|faq|breadcrumb-list,/services/biohazard-cleanup/|/service-areas/north-sioux-city-sd/|/service-areas/north-sioux-city-sd/fire-damage-restoration/|/service-areas/north-sioux-city-sd/mold-remediation/|/service-areas/adrian-mn/biohazard-cleanup/|/service-areas/akron-ia/biohazard-cleanup/|/contact/,5.60,planned
/service-areas/north-sioux-city-sd/general-contracting/,service-area-service,"Renovations, Remodels and General Contracting in North Sioux City, SD | Crew Restoration & Construction","Renovations, Remodels and General Contracting in North Sioux City","Renovations, remodels and general contracting in North Sioux City, SD. IICRC-certified, insurance billing accepted. Call (605) 965-2727.","renovations, remodels and general contracting north sioux city",general contractor|home renovation services|home remodeling|kitchen remodel|bathroom remodel|post-damage rebuild,local_commercial,,,900,hero|og|inline-1|inline-2,service|local-business|faq|breadcrumb-list,/services/general-contracting/|/service-areas/north-sioux-city-sd/|/service-areas/north-sioux-city-sd/fire-damage-restoration/|/service-areas/north-sioux-city-sd/mold-remediation/|/service-areas/adrian-mn/general-contracting/|/service-areas/akron-ia/general-contracting/|/contact/,5.60,planned
/service-areas/north-sioux-city-sd/siding-gutters/,service-area-service,"Siding and Gutters in North Sioux City, SD | Crew Restoration & Construction",Siding and Gutters in North Sioux City,"Siding and gutters in North Sioux City, SD. IICRC-certified, insurance billing accepted. Call (605) 965-2727.",siding and gutters north sioux city,siding contractor|siding installation|siding replacement|gutter installation|exterior contractor,local_commercial,,,900,hero|og|inline-1|inline-2,service|local-business|faq|breadcrumb-list,/services/siding-gutters/|/service-areas/north-sioux-city-sd/|/service-areas/north-sioux-city-sd/fire-damage-restoration/|/service-areas/north-sioux-city-sd/mold-remediation/|/service-areas/adrian-mn/siding-gutters/|/service-areas/akron-ia/siding-gutters/|/contact/,5.60,planned
/service-areas/orange-city-ia/biohazard-cleanup/,service-area-service,"Biohazard Cleanup in Orange City, IA | Crew Restoration & Construction",Biohazard Cleanup in Orange City,"Biohazard cleanup in Orange City, IA. IICRC-certified, insurance billing accepted. Call (605) 965-2727.",biohazard cleanup orange city,biohazard remediation|blood cleanup|bodily fluid cleanup|sharps and needle cleanup|infectious material cleanup,local_sensitive,,,900,hero|og|inline-1|inline-2,service|local-business|faq|breadcrumb-list,/services/biohazard-cleanup/|/service-areas/orange-city-ia/|/service-areas/orange-city-ia/fire-damage-restoration/|/service-areas/orange-city-ia/mold-remediation/|/service-areas/adrian-mn/biohazard-cleanup/|/service-areas/akron-ia/biohazard-cleanup/|/contact/,5.60,planned
/service-areas/orange-city-ia/general-contracting/,service-area-service,"Renovations, Remodels and General Contracting in Orange City, IA | Crew Restoration & Construction","Renovations, Remodels and General Contracting in Orange City","Renovations, remodels and general contracting in Orange City, IA. IICRC-certified, insurance billing accepted. Call (605) 965-2727.","renovations, remodels and general contracting orange city",general contractor|home renovation services|home remodeling|kitchen remodel|bathroom remodel|post-damage rebuild,local_commercial,,,900,hero|og|inline-1|inline-2,service|local-business|faq|breadcrumb-list,/services/general-contracting/|/service-areas/orange-city-ia/|/service-areas/orange-city-ia/fire-damage-restoration/|/service-areas/orange-city-ia/mold-remediation/|/service-areas/adrian-mn/general-contracting/|/service-areas/akron-ia/general-contracting/|/contact/,5.60,planned
/service-areas/orange-city-ia/siding-gutters/,service-area-service,"Siding and Gutters in Orange City, IA | Crew Restoration & Construction",Siding and Gutters in Orange City,"Siding and gutters in Orange City, IA. IICRC-certified, insurance billing accepted. Call (605) 965-2727.",siding and gutters orange city,siding contractor|siding installation|siding replacement|gutter installation|exterior contractor,local_commercial,,,900,hero|og|inline-1|inline-2,service|local-business|faq|breadcrumb-list,/services/siding-gutters/|/service-areas/orange-city-ia/|/service-areas/orange-city-ia/fire-damage-restoration/|/service-areas/orange-city-ia/mold-remediation/|/service-areas/adrian-mn/siding-gutters/|/service-areas/akron-ia/siding-gutters/|/contact/,5.60,planned
/service-areas/parker-sd/biohazard-cleanup/,service-area-service,"Biohazard Cleanup in Parker, SD | Crew Restoration & Construction",Biohazard Cleanup in Parker,"Biohazard cleanup in Parker, SD. IICRC-certified, insurance billing accepted. Call (605) 965-2727.",biohazard cleanup parker,biohazard remediation|blood cleanup|bodily fluid cleanup|sharps and needle cleanup|infectious material cleanup,local_sensitive,,,900,hero|og|inline-1|inline-2,service|local-business|faq|breadcrumb-list,/services/biohazard-cleanup/|/service-areas/parker-sd/|/service-areas/parker-sd/fire-damage-restoration/|/service-areas/parker-sd/mold-remediation/|/service-areas/adrian-mn/biohazard-cleanup/|/service-areas/akron-ia/biohazard-cleanup/|/contact/,5.60,planned
/service-areas/parker-sd/general-contracting/,service-area-service,"Renovations, Remodels and General Contracting in Parker, SD | Crew Restoration & Construction","Renovations, Remodels and General Contracting in Parker","Renovations, remodels and general contracting in Parker, SD. IICRC-certified, insurance billing accepted. Call (605) 965-2727.","renovations, remodels and general contracting parker",general contractor|home renovation services|home remodeling|kitchen remodel|bathroom remodel|post-damage rebuild,local_commercial,,,900,hero|og|inline-1|inline-2,service|local-business|faq|breadcrumb-list,/services/general-contracting/|/service-areas/parker-sd/|/service-areas/parker-sd/fire-damage-restoration/|/service-areas/parker-sd/mold-remediation/|/service-areas/adrian-mn/general-contracting/|/service-areas/akron-ia/general-contracting/|/contact/,5.60,planned
/service-areas/parker-sd/siding-gutters/,service-area-service,"Siding and Gutters in Parker, SD | Crew Restoration & Construction",Siding and Gutters in Parker,"Siding and gutters in Parker, SD. IICRC-certified, insurance billing accepted. Call (605) 965-2727.",siding and gutters parker,siding contractor|siding installation|siding replacement|gutter installation|exterior contractor,local_commercial,,,900,hero|og|inline-1|inline-2,service|local-business|faq|breadcrumb-list,/services/siding-gutters/|/service-areas/parker-sd/|/service-areas/parker-sd/fire-damage-restoration/|/service-areas/parker-sd/mold-remediation/|/service-areas/adrian-mn/siding-gutters/|/service-areas/akron-ia/siding-gutters/|/contact/,5.60,planned
/service-areas/pipestone-mn/biohazard-cleanup/,service-area-service,"Biohazard Cleanup in Pipestone, MN | Crew Restoration & Construction",Biohazard Cleanup in Pipestone,"Biohazard cleanup in Pipestone, MN. IICRC-certified, insurance billing accepted. Call (605) 965-2727.",biohazard cleanup pipestone,biohazard remediation|blood cleanup|bodily fluid cleanup|sharps and needle cleanup|infectious material cleanup,local_sensitive,,,900,hero|og|inline-1|inline-2,service|local-business|faq|breadcrumb-list,/services/biohazard-cleanup/|/service-areas/pipestone-mn/|/service-areas/pipestone-mn/fire-damage-restoration/|/service-areas/pipestone-mn/mold-remediation/|/service-areas/adrian-mn/biohazard-cleanup/|/service-areas/akron-ia/biohazard-cleanup/|/contact/,5.60,planned
/service-areas/pipestone-mn/general-contracting/,service-area-service,"Renovations, Remodels and General Contracting in Pipestone, MN | Crew Restoration & Construction","Renovations, Remodels and General Contracting in Pipestone","Renovations, remodels and general contracting in Pipestone, MN. IICRC-certified, insurance billing accepted. Call (605) 965-2727.","renovations, remodels and general contracting pipestone",general contractor|home renovation services|home remodeling|kitchen remodel|bathroom remodel|post-damage rebuild,local_commercial,,,900,hero|og|inline-1|inline-2,service|local-business|faq|breadcrumb-list,/services/general-contracting/|/service-areas/pipestone-mn/|/service-areas/pipestone-mn/fire-damage-restoration/|/service-areas/pipestone-mn/mold-remediation/|/service-areas/adrian-mn/general-contracting/|/service-areas/akron-ia/general-contracting/|/contact/,5.60,planned
/service-areas/pipestone-mn/siding-gutters/,service-area-service,"Siding and Gutters in Pipestone, MN | Crew Restoration & Construction",Siding and Gutters in Pipestone,"Siding and gutters in Pipestone, MN. IICRC-certified, insurance billing accepted. Call (605) 965-2727.",siding and gutters pipestone,siding contractor|siding installation|siding replacement|gutter installation|exterior contractor,local_commercial,,,900,hero|og|inline-1|inline-2,service|local-business|faq|breadcrumb-list,/services/siding-gutters/|/service-areas/pipestone-mn/|/service-areas/pipestone-mn/fire-damage-restoration/|/service-areas/pipestone-mn/mold-remediation/|/service-areas/adrian-mn/siding-gutters/|/service-areas/akron-ia/siding-gutters/|/contact/,5.60,planned
/service-areas/remsen-ia/biohazard-cleanup/,service-area-service,"Biohazard Cleanup in Remsen, IA | Crew Restoration & Construction",Biohazard Cleanup in Remsen,"Biohazard cleanup in Remsen, IA. IICRC-certified, insurance billing accepted. Call (605) 965-2727.",biohazard cleanup remsen,biohazard remediation|blood cleanup|bodily fluid cleanup|sharps and needle cleanup|infectious material cleanup,local_sensitive,,,900,hero|og|inline-1|inline-2,service|local-business|faq|breadcrumb-list,/services/biohazard-cleanup/|/service-areas/remsen-ia/|/service-areas/remsen-ia/fire-damage-restoration/|/service-areas/remsen-ia/mold-remediation/|/service-areas/adrian-mn/biohazard-cleanup/|/service-areas/akron-ia/biohazard-cleanup/|/contact/,5.60,planned
/service-areas/remsen-ia/general-contracting/,service-area-service,"Renovations, Remodels and General Contracting in Remsen, IA | Crew Restoration & Construction","Renovations, Remodels and General Contracting in Remsen","Renovations, remodels and general contracting in Remsen, IA. IICRC-certified, insurance billing accepted. Call (605) 965-2727.","renovations, remodels and general contracting remsen",general contractor|home renovation services|home remodeling|kitchen remodel|bathroom remodel|post-damage rebuild,local_commercial,,,900,hero|og|inline-1|inline-2,service|local-business|faq|breadcrumb-list,/services/general-contracting/|/service-areas/remsen-ia/|/service-areas/remsen-ia/fire-damage-restoration/|/service-areas/remsen-ia/mold-remediation/|/service-areas/adrian-mn/general-contracting/|/service-areas/akron-ia/general-contracting/|/contact/,5.60,planned
/service-areas/remsen-ia/siding-gutters/,service-area-service,"Siding and Gutters in Remsen, IA | Crew Restoration & Construction",Siding and Gutters in Remsen,"Siding and gutters in Remsen, IA. IICRC-certified, insurance billing accepted. Call (605) 965-2727.",siding and gutters remsen,siding contractor|siding installation|siding replacement|gutter installation|exterior contractor,local_commercial,,,900,hero|og|inline-1|inline-2,service|local-business|faq|breadcrumb-list,/services/siding-gutters/|/service-areas/remsen-ia/|/service-areas/remsen-ia/fire-damage-restoration/|/service-areas/remsen-ia/mold-remediation/|/service-areas/adrian-mn/siding-gutters/|/service-areas/akron-ia/siding-gutters/|/contact/,5.60,planned
/service-areas/rock-rapids-ia/biohazard-cleanup/,service-area-service,"Biohazard Cleanup in Rock Rapids, IA | Crew Restoration & Construction",Biohazard Cleanup in Rock Rapids,"Biohazard cleanup in Rock Rapids, IA. IICRC-certified, insurance billing accepted. Call (605) 965-2727.",biohazard cleanup rock rapids,biohazard remediation|blood cleanup|bodily fluid cleanup|sharps and needle cleanup|infectious material cleanup,local_sensitive,,,900,hero|og|inline-1|inline-2,service|local-business|faq|breadcrumb-list,/services/biohazard-cleanup/|/service-areas/rock-rapids-ia/|/service-areas/rock-rapids-ia/fire-damage-restoration/|/service-areas/rock-rapids-ia/mold-remediation/|/service-areas/adrian-mn/biohazard-cleanup/|/service-areas/akron-ia/biohazard-cleanup/|/contact/,5.60,planned
/service-areas/rock-rapids-ia/general-contracting/,service-area-service,"Renovations, Remodels and General Contracting in Rock Rapids, IA | Crew Restoration & Construction","Renovations, Remodels and General Contracting in Rock Rapids","Renovations, remodels and general contracting in Rock Rapids, IA. IICRC-certified, insurance billing accepted. Call (605) 965-2727.","renovations, remodels and general contracting rock rapids",general contractor|home renovation services|home remodeling|kitchen remodel|bathroom remodel|post-damage rebuild,local_commercial,,,900,hero|og|inline-1|inline-2,service|local-business|faq|breadcrumb-list,/services/general-contracting/|/service-areas/rock-rapids-ia/|/service-areas/rock-rapids-ia/fire-damage-restoration/|/service-areas/rock-rapids-ia/mold-remediation/|/service-areas/adrian-mn/general-contracting/|/service-areas/akron-ia/general-contracting/|/contact/,5.60,planned
/service-areas/rock-rapids-ia/siding-gutters/,service-area-service,"Siding and Gutters in Rock Rapids, IA | Crew Restoration & Construction",Siding and Gutters in Rock Rapids,"Siding and gutters in Rock Rapids, IA. IICRC-certified, insurance billing accepted. Call (605) 965-2727.",siding and gutters rock rapids,siding contractor|siding installation|siding replacement|gutter installation|exterior contractor,local_commercial,,,900,hero|og|inline-1|inline-2,service|local-business|faq|breadcrumb-list,/services/siding-gutters/|/service-areas/rock-rapids-ia/|/service-areas/rock-rapids-ia/fire-damage-restoration/|/service-areas/rock-rapids-ia/mold-remediation/|/service-areas/adrian-mn/siding-gutters/|/service-areas/akron-ia/siding-gutters/|/contact/,5.60,planned
/service-areas/rock-valley-ia/biohazard-cleanup/,service-area-service,"Biohazard Cleanup in Rock Valley, IA | Crew Restoration & Construction",Biohazard Cleanup in Rock Valley,"Biohazard cleanup in Rock Valley, IA. IICRC-certified, insurance billing accepted. Call (605) 965-2727.",biohazard cleanup rock valley,biohazard remediation|blood cleanup|bodily fluid cleanup|sharps and needle cleanup|infectious material cleanup,local_sensitive,,,900,hero|og|inline-1|inline-2,service|local-business|faq|breadcrumb-list,/services/biohazard-cleanup/|/service-areas/rock-valley-ia/|/service-areas/rock-valley-ia/fire-damage-restoration/|/service-areas/rock-valley-ia/mold-remediation/|/service-areas/adrian-mn/biohazard-cleanup/|/service-areas/akron-ia/biohazard-cleanup/|/contact/,5.60,planned
/service-areas/rock-valley-ia/general-contracting/,service-area-service,"Renovations, Remodels and General Contracting in Rock Valley, IA | Crew Restoration & Construction","Renovations, Remodels and General Contracting in Rock Valley","Renovations, remodels and general contracting in Rock Valley, IA. IICRC-certified, insurance billing accepted. Call (605) 965-2727.","renovations, remodels and general contracting rock valley",general contractor|home renovation services|home remodeling|kitchen remodel|bathroom remodel|post-damage rebuild,local_commercial,,,900,hero|og|inline-1|inline-2,service|local-business|faq|breadcrumb-list,/services/general-contracting/|/service-areas/rock-valley-ia/|/service-areas/rock-valley-ia/fire-damage-restoration/|/service-areas/rock-valley-ia/mold-remediation/|/service-areas/adrian-mn/general-contracting/|/service-areas/akron-ia/general-contracting/|/contact/,5.60,planned
/service-areas/rock-valley-ia/siding-gutters/,service-area-service,"Siding and Gutters in Rock Valley, IA | Crew Restoration & Construction",Siding and Gutters in Rock Valley,"Siding and gutters in Rock Valley, IA. IICRC-certified, insurance billing accepted. Call (605) 965-2727.",siding and gutters rock valley,siding contractor|siding installation|siding replacement|gutter installation|exterior contractor,local_commercial,,,900,hero|og|inline-1|inline-2,service|local-business|faq|breadcrumb-list,/services/siding-gutters/|/service-areas/rock-valley-ia/|/service-areas/rock-valley-ia/fire-damage-restoration/|/service-areas/rock-valley-ia/mold-remediation/|/service-areas/adrian-mn/siding-gutters/|/service-areas/akron-ia/siding-gutters/|/contact/,5.60,planned
/service-areas/salem-sd/biohazard-cleanup/,service-area-service,"Biohazard Cleanup in Salem, SD | Crew Restoration & Construction",Biohazard Cleanup in Salem,"Biohazard cleanup in Salem, SD. IICRC-certified, insurance billing accepted. Call (605) 965-2727.",biohazard cleanup salem,biohazard remediation|blood cleanup|bodily fluid cleanup|sharps and needle cleanup|infectious material cleanup,local_sensitive,,,900,hero|og|inline-1|inline-2,service|local-business|faq|breadcrumb-list,/services/biohazard-cleanup/|/service-areas/salem-sd/|/service-areas/salem-sd/fire-damage-restoration/|/service-areas/salem-sd/mold-remediation/|/service-areas/adrian-mn/biohazard-cleanup/|/service-areas/akron-ia/biohazard-cleanup/|/contact/,5.60,planned
/service-areas/salem-sd/general-contracting/,service-area-service,"Renovations, Remodels and General Contracting in Salem, SD | Crew Restoration & Construction","Renovations, Remodels and General Contracting in Salem","Renovations, remodels and general contracting in Salem, SD. IICRC-certified, insurance billing accepted. Call (605) 965-2727.","renovations, remodels and general contracting salem",general contractor|home renovation services|home remodeling|kitchen remodel|bathroom remodel|post-damage rebuild,local_commercial,,,900,hero|og|inline-1|inline-2,service|local-business|faq|breadcrumb-list,/services/general-contracting/|/service-areas/salem-sd/|/service-areas/salem-sd/fire-damage-restoration/|/service-areas/salem-sd/mold-remediation/|/service-areas/adrian-mn/general-contracting/|/service-areas/akron-ia/general-contracting/|/contact/,5.60,planned
/service-areas/salem-sd/siding-gutters/,service-area-service,"Siding and Gutters in Salem, SD | Crew Restoration & Construction",Siding and Gutters in Salem,"Siding and gutters in Salem, SD. IICRC-certified, insurance billing accepted. Call (605) 965-2727.",siding and gutters salem,siding contractor|siding installation|siding replacement|gutter installation|exterior contractor,local_commercial,,,900,hero|og|inline-1|inline-2,service|local-business|faq|breadcrumb-list,/services/siding-gutters/|/service-areas/salem-sd/|/service-areas/salem-sd/fire-damage-restoration/|/service-areas/salem-sd/mold-remediation/|/service-areas/adrian-mn/siding-gutters/|/service-areas/akron-ia/siding-gutters/|/contact/,5.60,planned
/service-areas/sibley-ia/biohazard-cleanup/,service-area-service,"Biohazard Cleanup in Sibley, IA | Crew Restoration & Construction",Biohazard Cleanup in Sibley,"Biohazard cleanup in Sibley, IA. IICRC-certified, insurance billing accepted. Call (605) 965-2727.",biohazard cleanup sibley,biohazard remediation|blood cleanup|bodily fluid cleanup|sharps and needle cleanup|infectious material cleanup,local_sensitive,,,900,hero|og|inline-1|inline-2,service|local-business|faq|breadcrumb-list,/services/biohazard-cleanup/|/service-areas/sibley-ia/|/service-areas/sibley-ia/fire-damage-restoration/|/service-areas/sibley-ia/mold-remediation/|/service-areas/adrian-mn/biohazard-cleanup/|/service-areas/akron-ia/biohazard-cleanup/|/contact/,5.60,planned
/service-areas/sibley-ia/general-contracting/,service-area-service,"Renovations, Remodels and General Contracting in Sibley, IA | Crew Restoration & Construction","Renovations, Remodels and General Contracting in Sibley","Renovations, remodels and general contracting in Sibley, IA. IICRC-certified, insurance billing accepted. Call (605) 965-2727.","renovations, remodels and general contracting sibley",general contractor|home renovation services|home remodeling|kitchen remodel|bathroom remodel|post-damage rebuild,local_commercial,,,900,hero|og|inline-1|inline-2,service|local-business|faq|breadcrumb-list,/services/general-contracting/|/service-areas/sibley-ia/|/service-areas/sibley-ia/fire-damage-restoration/|/service-areas/sibley-ia/mold-remediation/|/service-areas/adrian-mn/general-contracting/|/service-areas/akron-ia/general-contracting/|/contact/,5.60,planned
/service-areas/sibley-ia/siding-gutters/,service-area-service,"Siding and Gutters in Sibley, IA | Crew Restoration & Construction",Siding and Gutters in Sibley,"Siding and gutters in Sibley, IA. IICRC-certified, insurance billing accepted. Call (605) 965-2727.",siding and gutters sibley,siding contractor|siding installation|siding replacement|gutter installation|exterior contractor,local_commercial,,,900,hero|og|inline-1|inline-2,service|local-business|faq|breadcrumb-list,/services/siding-gutters/|/service-areas/sibley-ia/|/service-areas/sibley-ia/fire-damage-restoration/|/service-areas/sibley-ia/mold-remediation/|/service-areas/adrian-mn/siding-gutters/|/service-areas/akron-ia/siding-gutters/|/contact/,5.60,planned
/service-areas/sioux-center-ia/biohazard-cleanup/,service-area-service,"Biohazard Cleanup in Sioux Center, IA | Crew Restoration & Construction",Biohazard Cleanup in Sioux Center,"Biohazard cleanup in Sioux Center, IA. IICRC-certified, insurance billing accepted. Call (605) 965-2727.",biohazard cleanup sioux center,biohazard remediation|blood cleanup|bodily fluid cleanup|sharps and needle cleanup|infectious material cleanup,local_sensitive,,,900,hero|og|inline-1|inline-2,service|local-business|faq|breadcrumb-list,/services/biohazard-cleanup/|/service-areas/sioux-center-ia/|/service-areas/sioux-center-ia/fire-damage-restoration/|/service-areas/sioux-center-ia/mold-remediation/|/service-areas/adrian-mn/biohazard-cleanup/|/service-areas/akron-ia/biohazard-cleanup/|/contact/,5.60,planned
/service-areas/sioux-center-ia/general-contracting/,service-area-service,"Renovations, Remodels and General Contracting in Sioux Center, IA | Crew Restoration & Construction","Renovations, Remodels and General Contracting in Sioux Center","Renovations, remodels and general contracting in Sioux Center, IA. IICRC-certified, insurance billing accepted. Call (605) 965-2727.","renovations, remodels and general contracting sioux center",general contractor|home renovation services|home remodeling|kitchen remodel|bathroom remodel|post-damage rebuild,local_commercial,,,900,hero|og|inline-1|inline-2,service|local-business|faq|breadcrumb-list,/services/general-contracting/|/service-areas/sioux-center-ia/|/service-areas/sioux-center-ia/fire-damage-restoration/|/service-areas/sioux-center-ia/mold-remediation/|/service-areas/adrian-mn/general-contracting/|/service-areas/akron-ia/general-contracting/|/contact/,5.60,planned
/service-areas/sioux-center-ia/siding-gutters/,service-area-service,"Siding and Gutters in Sioux Center, IA | Crew Restoration & Construction",Siding and Gutters in Sioux Center,"Siding and gutters in Sioux Center, IA. IICRC-certified, insurance billing accepted. Call (605) 965-2727.",siding and gutters sioux center,siding contractor|siding installation|siding replacement|gutter installation|exterior contractor,local_commercial,,,900,hero|og|inline-1|inline-2,service|local-business|faq|breadcrumb-list,/services/siding-gutters/|/service-areas/sioux-center-ia/|/service-areas/sioux-center-ia/fire-damage-restoration/|/service-areas/sioux-center-ia/mold-remediation/|/service-areas/adrian-mn/siding-gutters/|/service-areas/akron-ia/siding-gutters/|/contact/,5.60,planned
/service-areas/slayton-mn/biohazard-cleanup/,service-area-service,"Biohazard Cleanup in Slayton, MN | Crew Restoration & Construction",Biohazard Cleanup in Slayton,"Biohazard cleanup in Slayton, MN. IICRC-certified, insurance billing accepted. Call (605) 965-2727.",biohazard cleanup slayton,biohazard remediation|blood cleanup|bodily fluid cleanup|sharps and needle cleanup|infectious material cleanup,local_sensitive,,,900,hero|og|inline-1|inline-2,service|local-business|faq|breadcrumb-list,/services/biohazard-cleanup/|/service-areas/slayton-mn/|/service-areas/slayton-mn/fire-damage-restoration/|/service-areas/slayton-mn/mold-remediation/|/service-areas/adrian-mn/biohazard-cleanup/|/service-areas/akron-ia/biohazard-cleanup/|/contact/,5.60,planned
/service-areas/slayton-mn/general-contracting/,service-area-service,"Renovations, Remodels and General Contracting in Slayton, MN | Crew Restoration & Construction","Renovations, Remodels and General Contracting in Slayton","Renovations, remodels and general contracting in Slayton, MN. IICRC-certified, insurance billing accepted. Call (605) 965-2727.","renovations, remodels and general contracting slayton",general contractor|home renovation services|home remodeling|kitchen remodel|bathroom remodel|post-damage rebuild,local_commercial,,,900,hero|og|inline-1|inline-2,service|local-business|faq|breadcrumb-list,/services/general-contracting/|/service-areas/slayton-mn/|/service-areas/slayton-mn/fire-damage-restoration/|/service-areas/slayton-mn/mold-remediation/|/service-areas/adrian-mn/general-contracting/|/service-areas/akron-ia/general-contracting/|/contact/,5.60,planned
/service-areas/slayton-mn/siding-gutters/,service-area-service,"Siding and Gutters in Slayton, MN | Crew Restoration & Construction",Siding and Gutters in Slayton,"Siding and gutters in Slayton, MN. IICRC-certified, insurance billing accepted. Call (605) 965-2727.",siding and gutters slayton,siding contractor|siding installation|siding replacement|gutter installation|exterior contractor,local_commercial,,,900,hero|og|inline-1|inline-2,service|local-business|faq|breadcrumb-list,/services/siding-gutters/|/service-areas/slayton-mn/|/service-areas/slayton-mn/fire-damage-restoration/|/service-areas/slayton-mn/mold-remediation/|/service-areas/adrian-mn/siding-gutters/|/service-areas/akron-ia/siding-gutters/|/contact/,5.60,planned
/service-areas/tea-sd/biohazard-cleanup/,service-area-service,"Biohazard Cleanup in Tea, SD | Crew Restoration & Construction",Biohazard Cleanup in Tea,"Biohazard cleanup in Tea, SD. IICRC-certified, insurance billing accepted. Call (605) 965-2727.",biohazard cleanup tea,biohazard remediation|blood cleanup|bodily fluid cleanup|sharps and needle cleanup|infectious material cleanup,local_sensitive,,,900,hero|og|inline-1|inline-2,service|local-business|faq|breadcrumb-list,/services/biohazard-cleanup/|/service-areas/tea-sd/|/service-areas/tea-sd/fire-damage-restoration/|/service-areas/tea-sd/mold-remediation/|/service-areas/adrian-mn/biohazard-cleanup/|/service-areas/akron-ia/biohazard-cleanup/|/contact/,5.60,planned
/service-areas/tea-sd/general-contracting/,service-area-service,"Renovations, Remodels and General Contracting in Tea, SD | Crew Restoration & Construction","Renovations, Remodels and General Contracting in Tea","Renovations, remodels and general contracting in Tea, SD. IICRC-certified, insurance billing accepted. Call (605) 965-2727.","renovations, remodels and general contracting tea",general contractor|home renovation services|home remodeling|kitchen remodel|bathroom remodel|post-damage rebuild,local_commercial,,,900,hero|og|inline-1|inline-2,service|local-business|faq|breadcrumb-list,/services/general-contracting/|/service-areas/tea-sd/|/service-areas/tea-sd/fire-damage-restoration/|/service-areas/tea-sd/mold-remediation/|/service-areas/adrian-mn/general-contracting/|/service-areas/akron-ia/general-contracting/|/contact/,5.60,planned
/service-areas/tea-sd/siding-gutters/,service-area-service,"Siding and Gutters in Tea, SD | Crew Restoration & Construction",Siding and Gutters in Tea,"Siding and gutters in Tea, SD. IICRC-certified, insurance billing accepted. Call (605) 965-2727.",siding and gutters tea,siding contractor|siding installation|siding replacement|gutter installation|exterior contractor,local_commercial,,,900,hero|og|inline-1|inline-2,service|local-business|faq|breadcrumb-list,/services/siding-gutters/|/service-areas/tea-sd/|/service-areas/tea-sd/fire-damage-restoration/|/service-areas/tea-sd/mold-remediation/|/service-areas/adrian-mn/siding-gutters/|/service-areas/akron-ia/siding-gutters/|/contact/,5.60,planned
/service-areas/volga-sd/biohazard-cleanup/,service-area-service,"Biohazard Cleanup in Volga, SD | Crew Restoration & Construction",Biohazard Cleanup in Volga,"Biohazard cleanup in Volga, SD. IICRC-certified, insurance billing accepted. Call (605) 965-2727.",biohazard cleanup volga,biohazard remediation|blood cleanup|bodily fluid cleanup|sharps and needle cleanup|infectious material cleanup,local_sensitive,,,900,hero|og|inline-1|inline-2,service|local-business|faq|breadcrumb-list,/services/biohazard-cleanup/|/service-areas/volga-sd/|/service-areas/volga-sd/fire-damage-restoration/|/service-areas/volga-sd/mold-remediation/|/service-areas/adrian-mn/biohazard-cleanup/|/service-areas/akron-ia/biohazard-cleanup/|/contact/,5.60,planned
/service-areas/volga-sd/general-contracting/,service-area-service,"Renovations, Remodels and General Contracting in Volga, SD | Crew Restoration & Construction","Renovations, Remodels and General Contracting in Volga","Renovations, remodels and general contracting in Volga, SD. IICRC-certified, insurance billing accepted. Call (605) 965-2727.","renovations, remodels and general contracting volga",general contractor|home renovation services|home remodeling|kitchen remodel|bathroom remodel|post-damage rebuild,local_commercial,,,900,hero|og|inline-1|inline-2,service|local-business|faq|breadcrumb-list,/services/general-contracting/|/service-areas/volga-sd/|/service-areas/volga-sd/fire-damage-restoration/|/service-areas/volga-sd/mold-remediation/|/service-areas/adrian-mn/general-contracting/|/service-areas/akron-ia/general-contracting/|/contact/,5.60,planned
/service-areas/volga-sd/siding-gutters/,service-area-service,"Siding and Gutters in Volga, SD | Crew Restoration & Construction",Siding and Gutters in Volga,"Siding and gutters in Volga, SD. IICRC-certified, insurance billing accepted. Call (605) 965-2727.",siding and gutters volga,siding contractor|siding installation|siding replacement|gutter installation|exterior contractor,local_commercial,,,900,hero|og|inline-1|inline-2,service|local-business|faq|breadcrumb-list,/services/siding-gutters/|/service-areas/volga-sd/|/service-areas/volga-sd/fire-damage-restoration/|/service-areas/volga-sd/mold-remediation/|/service-areas/adrian-mn/siding-gutters/|/service-areas/akron-ia/siding-gutters/|/contact/,5.60,planned
/service-areas/worthing-sd/biohazard-cleanup/,service-area-service,"Biohazard Cleanup in Worthing, SD | Crew Restoration & Construction",Biohazard Cleanup in Worthing,"Biohazard cleanup in Worthing, SD. IICRC-certified, insurance billing accepted. Call (605) 965-2727.",biohazard cleanup worthing,biohazard remediation|blood cleanup|bodily fluid cleanup|sharps and needle cleanup|infectious material cleanup,local_sensitive,,,900,hero|og|inline-1|inline-2,service|local-business|faq|breadcrumb-list,/services/biohazard-cleanup/|/service-areas/worthing-sd/|/service-areas/worthing-sd/fire-damage-restoration/|/service-areas/worthing-sd/mold-remediation/|/service-areas/adrian-mn/biohazard-cleanup/|/service-areas/akron-ia/biohazard-cleanup/|/contact/,5.60,planned
/service-areas/worthing-sd/general-contracting/,service-area-service,"Renovations, Remodels and General Contracting in Worthing, SD | Crew Restoration & Construction","Renovations, Remodels and General Contracting in Worthing","Renovations, remodels and general contracting in Worthing, SD. IICRC-certified, insurance billing accepted. Call (605) 965-2727.","renovations, remodels and general contracting worthing",general contractor|home renovation services|home remodeling|kitchen remodel|bathroom remodel|post-damage rebuild,local_commercial,,,900,hero|og|inline-1|inline-2,service|local-business|faq|breadcrumb-list,/services/general-contracting/|/service-areas/worthing-sd/|/service-areas/worthing-sd/fire-damage-restoration/|/service-areas/worthing-sd/mold-remediation/|/service-areas/adrian-mn/general-contracting/|/service-areas/akron-ia/general-contracting/|/contact/,5.60,planned
/service-areas/worthing-sd/siding-gutters/,service-area-service,"Siding and Gutters in Worthing, SD | Crew Restoration & Construction",Siding and Gutters in Worthing,"Siding and gutters in Worthing, SD. IICRC-certified, insurance billing accepted. Call (605) 965-2727.",siding and gutters worthing,siding contractor|siding installation|siding replacement|gutter installation|exterior contractor,local_commercial,,,900,hero|og|inline-1|inline-2,service|local-business|faq|breadcrumb-list,/services/siding-gutters/|/service-areas/worthing-sd/|/service-areas/worthing-sd/fire-damage-restoration/|/service-areas/worthing-sd/mold-remediation/|/service-areas/adrian-mn/siding-gutters/|/service-areas/akron-ia/siding-gutters/|/contact/,5.60,planned
/service-areas/worthington-mn/biohazard-cleanup/,service-area-service,"Biohazard Cleanup in Worthington, MN | Crew Restoration & Construction",Biohazard Cleanup in Worthington,"Biohazard cleanup in Worthington, MN. IICRC-certified, insurance billing accepted. Call (605) 965-2727.",biohazard cleanup worthington,biohazard remediation|blood cleanup|bodily fluid cleanup|sharps and needle cleanup|infectious material cleanup,local_sensitive,,,900,hero|og|inline-1|inline-2,service|local-business|faq|breadcrumb-list,/services/biohazard-cleanup/|/service-areas/worthington-mn/|/service-areas/worthington-mn/fire-damage-restoration/|/service-areas/worthington-mn/mold-remediation/|/service-areas/adrian-mn/biohazard-cleanup/|/service-areas/akron-ia/biohazard-cleanup/|/contact/,5.60,planned
/service-areas/worthington-mn/general-contracting/,service-area-service,"Renovations, Remodels and General Contracting in Worthington, MN | Crew Restoration & Construction","Renovations, Remodels and General Contracting in Worthington","Renovations, remodels and general contracting in Worthington, MN. IICRC-certified, insurance billing accepted. Call (605) 965-2727.","renovations, remodels and general contracting worthington",general contractor|home renovation services|home remodeling|kitchen remodel|bathroom remodel|post-damage rebuild,local_commercial,,,900,hero|og|inline-1|inline-2,service|local-business|faq|breadcrumb-list,/services/general-contracting/|/service-areas/worthington-mn/|/service-areas/worthington-mn/fire-damage-restoration/|/service-areas/worthington-mn/mold-remediation/|/service-areas/adrian-mn/general-contracting/|/service-areas/akron-ia/general-contracting/|/contact/,5.60,planned
/service-areas/worthington-mn/siding-gutters/,service-area-service,"Siding and Gutters in Worthington, MN | Crew Restoration & Construction",Siding and Gutters in Worthington,"Siding and gutters in Worthington, MN. IICRC-certified, insurance billing accepted. Call (605) 965-2727.",siding and gutters worthington,siding contractor|siding installation|siding replacement|gutter installation|exterior contractor,local_commercial,,,900,hero|og|inline-1|inline-2,service|local-business|faq|breadcrumb-list,/services/siding-gutters/|/service-areas/worthington-mn/|/service-areas/worthington-mn/fire-damage-restoration/|/service-areas/worthington-mn/mold-remediation/|/service-areas/adrian-mn/siding-gutters/|/service-areas/akron-ia/siding-gutters/|/contact/,5.60,planned
/service-areas/yankton-sd/biohazard-cleanup/,service-area-service,"Biohazard Cleanup in Yankton, SD | Crew Restoration & Construction",Biohazard Cleanup in Yankton,"Biohazard cleanup in Yankton, SD. IICRC-certified, insurance billing accepted. Call (605) 965-2727.",biohazard cleanup yankton,biohazard remediation|blood cleanup|bodily fluid cleanup|sharps and needle cleanup|infectious material cleanup,local_sensitive,,,900,hero|og|inline-1|inline-2,service|local-business|faq|breadcrumb-list,/services/biohazard-cleanup/|/service-areas/yankton-sd/|/service-areas/yankton-sd/fire-damage-restoration/|/service-areas/yankton-sd/mold-remediation/|/service-areas/adrian-mn/biohazard-cleanup/|/service-areas/akron-ia/biohazard-cleanup/|/contact/,5.60,planned
/service-areas/yankton-sd/general-contracting/,service-area-service,"Renovations, Remodels and General Contracting in Yankton, SD | Crew Restoration & Construction","Renovations, Remodels and General Contracting in Yankton","Renovations, remodels and general contracting in Yankton, SD. IICRC-certified, insurance billing accepted. Call (605) 965-2727.","renovations, remodels and general contracting yankton",general contractor|home renovation services|home remodeling|kitchen remodel|bathroom remodel|post-damage rebuild,local_commercial,,,900,hero|og|inline-1|inline-2,service|local-business|faq|breadcrumb-list,/services/general-contracting/|/service-areas/yankton-sd/|/service-areas/yankton-sd/fire-damage-restoration/|/service-areas/yankton-sd/mold-remediation/|/service-areas/adrian-mn/general-contracting/|/service-areas/akron-ia/general-contracting/|/contact/,5.60,planned
/service-areas/yankton-sd/siding-gutters/,service-area-service,"Siding and Gutters in Yankton, SD | Crew Restoration & Construction",Siding and Gutters in Yankton,"Siding and gutters in Yankton, SD. IICRC-certified, insurance billing accepted. Call (605) 965-2727.",siding and gutters yankton,siding contractor|siding installation|siding replacement|gutter installation|exterior contractor,local_commercial,,,900,hero|og|inline-1|inline-2,service|local-business|faq|breadcrumb-list,/services/siding-gutters/|/service-areas/yankton-sd/|/service-areas/yankton-sd/fire-damage-restoration/|/service-areas/yankton-sd/mold-remediation/|/service-areas/adrian-mn/siding-gutters/|/service-areas/akron-ia/siding-gutters/|/contact/,5.60,planned
/blog/choosing-a-restoration-company/,blog-post,How To Choose a Restoration Company in  (Without Getting Burned),How To Choose a Restoration Company in  (Without Getting Burned),,how to choose a restoration company in  without getting burned,water damage restoration|fire damage restoration|mold remediation,commercial_decision,,,1400,hero|og|inline-1|inline-2,blog-posting|faq|breadcrumb-list,/blog/|/services/fire-damage-restoration/|/services/mold-remediation/|/services/water-damage-restoration/|/blog/burst-pipe-emergency-checklist/|/blog/what-to-do-first-24-hours-water-damage/|/blog/does-homeowners-insurance-cover-water-damage/,5.40,planned
/blog/does-homeowners-insurance-cover-water-damage/,blog-post,Does Homeowners Insurance Cover Water Damage? A Plain-English Guide,Does Homeowners Insurance Cover Water Damage? A Plain-English Guide,,does homeowners insurance cover water damage a plainenglish guide,water damage restoration,informational_insurance,,,1400,hero|og|inline-1|inline-2,blog-posting|faq|breadcrumb-list,/blog/|/services/water-damage-restoration/|/blog/burst-pipe-emergency-checklist/|/blog/what-to-do-first-24-hours-water-damage/|/blog/choosing-a-restoration-company/,5.40,planned
/blog/fire-damage-restoration-process/,blog-post,"The Fire Damage Restoration Process, Explained","The Fire Damage Restoration Process, Explained",,the fire damage restoration process explained,fire damage restoration|smoke damage restoration,informational_emergency,,,1400,hero|og|inline-1|inline-2,blog-posting|faq|breadcrumb-list,/blog/|/services/fire-damage-restoration/|/blog/choosing-a-restoration-company/|/blog/smoke-odor-removal-techniques/,5.40,planned
/blog/how-to-test-for-mold/,blog-post,How To Test for Mold in Your Home (DIY Kits vs a Pro Inspection),How To Test for Mold in Your Home (DIY Kits vs a Pro Inspection),,how to test for mold in your home diy kits vs a pro inspection,mold remediation|mold inspection and testing,informational_health,,,1400,hero|og|inline-1|inline-2,blog-posting|faq|breadcrumb-list,/blog/|/services/mold-remediation/|/blog/choosing-a-restoration-company/|/blog/signs-of-hidden-mold/|/blog/black-mold-vs-regular-mold/,5.40,planned
/blog/signs-of-hidden-mold/,blog-post,7 Signs You Have Hidden Mold (and What To Do Next),7 Signs You Have Hidden Mold (and What To Do Next),,7 signs you have hidden mold and what to do next,mold remediation,informational_health,,,1400,hero|og|inline-1|inline-2,blog-posting|faq|breadcrumb-list,/blog/|/services/mold-remediation/|/blog/choosing-a-restoration-company/|/blog/how-to-test-for-mold/|/blog/black-mold-vs-regular-mold/,5.40,planned
/services/asbestos-abatement/,service-landing,Asbestos Abatement in Sioux Falls | Crew Restoration & Construction,Asbestos Abatement in Sioux Falls,"Asbestos abatement in Sioux Falls and surrounding areas. IICRC-certified, insurance billing accepted. Call (605) 965-2727.",asbestos abatement sioux falls,asbestos removal|asbestos testing|asbestos remediation|popcorn ceiling asbestos removal|asbestos inspection,local_specialty,,,1100,hero|og|inline-1|inline-2,service|local-business|faq|breadcrumb-list,/services/|/contact/|/service-areas/adrian-mn/asbestos-abatement/|/service-areas/akron-ia/asbestos-abatement/|/service-areas/alton-ia/asbestos-abatement/|/service-areas/baltic-sd/asbestos-abatement/|/service-areas/beresford-sd/asbestos-abatement/|/service-areas/brandon-sd/asbestos-abatement/|/service-areas/brookings-sd/asbestos-abatement/|/service-areas/canton-sd/asbestos-abatement/|/service-areas/crooks-sd/asbestos-abatement/|/service-areas/dakota-dunes-sd/asbestos-abatement/|/service-areas/dell-rapids-sd/asbestos-abatement/|/service-areas/edgerton-mn/asbestos-abatement/,5.40,planned
/,home,"Crew Restoration & Construction | Restoration Services in Sioux Falls, SD",Restoration Services in Sioux Falls,"Crew Restoration & Construction provides water, fire, mold, and storm damage restoration across Sioux Falls and surrounding areas. Licensed, insured, IICRC-certified. Call (605) 965-2727.",restoration services sioux falls,restoration company near me,local_commercial,,,1200,hero|og|inline-1|inline-2|inline-3,organization|website|local-business|aggregate-rating,/services/|/service-areas/|/contact/|/about/|/services/fire-damage-restoration/|/services/mold-remediation/|/services/roofing/|/services/water-damage-restoration/|/services/sewage-cleanup/|/services/storm-damage-restoration/|/services/water-cleanup/|/services/biohazard-cleanup/|/services/general-contracting/|/services/siding-gutters/|/services/emergency-board-up-tarping/|/services/asbestos-abatement/|/services/contents-restoration-storage/|/services/contents-restoration/|/services/post-construction-cleaning/|/service-areas/adrian-mn/|/service-areas/akron-ia/|/service-areas/alton-ia/|/service-areas/baltic-sd/|/service-areas/beresford-sd/|/service-areas/brandon-sd/|/service-areas/brookings-sd/|/service-areas/canton-sd/|/service-areas/crooks-sd/|/service-areas/dakota-dunes-sd/|/service-areas/dell-rapids-sd/|/service-areas/edgerton-mn/|/service-areas/elk-point-sd/|/service-areas/flandreau-sd/|/service-areas/fulda-mn/|/service-areas/garretson-sd/|/service-areas/george-ia/|/service-areas/harrisburg-sd/|/service-areas/hartford-sd/|/service-areas/hawarden-ia/|/service-areas/hinton-ia/|/service-areas/hull-ia/|/service-areas/kingsley-ia/|/service-areas/le-mars-ia/|/service-areas/lennox-sd/|/service-areas/luverne-mn/|/service-areas/madison-sd/|/service-areas/merrill-ia/|/service-areas/north-sioux-city-sd/|/service-areas/orange-city-ia/|/service-areas/parker-sd/|/service-areas/pipestone-mn/|/service-areas/remsen-ia/|/service-areas/rock-rapids-ia/|/service-areas/rock-valley-ia/|/service-areas/salem-sd/|/service-areas/sibley-ia/|/service-areas/sioux-center-ia/|/service-areas/slayton-mn/|/service-areas/tea-sd/|/service-areas/volga-sd/|/service-areas/worthing-sd/|/service-areas/worthington-mn/|/service-areas/yankton-sd/,5.00,planned
/service-areas/adrian-mn/emergency-board-up-tarping/,service-area-service,"Board-Up and Tarping in Adrian, MN | Crew Restoration & Construction",Board-Up and Tarping in Adrian,"Board-up and tarping in Adrian, MN. IICRC-certified, insurance billing accepted. Call (605) 965-2727.",emergency board-up and tarping adrian,roof tarping|fire damage board up|broken window board up,local_emergency,,,900,hero|og|inline-1|inline-2,service|local-business|faq|breadcrumb-list,/services/emergency-board-up-tarping/|/service-areas/adrian-mn/|/service-areas/adrian-mn/fire-damage-restoration/|/service-areas/adrian-mn/mold-remediation/|/service-areas/akron-ia/emergency-board-up-tarping/|/service-areas/alton-ia/emergency-board-up-tarping/|/contact/,4.90,planned
/service-areas/akron-ia/emergency-board-up-tarping/,service-area-service,"Board-Up and Tarping in Akron, IA | Crew Restoration & Construction",Board-Up and Tarping in Akron,"Board-up and tarping in Akron, IA. IICRC-certified, insurance billing accepted. Call (605) 965-2727.",emergency board-up and tarping akron,roof tarping|fire damage board up|broken window board up,local_emergency,,,900,hero|og|inline-1|inline-2,service|local-business|faq|breadcrumb-list,/services/emergency-board-up-tarping/|/service-areas/akron-ia/|/service-areas/akron-ia/fire-damage-restoration/|/service-areas/akron-ia/mold-remediation/|/service-areas/adrian-mn/emergency-board-up-tarping/|/service-areas/alton-ia/emergency-board-up-tarping/|/contact/,4.90,planned
/service-areas/alton-ia/emergency-board-up-tarping/,service-area-service,"Board-Up and Tarping in Alton, IA | Crew Restoration & Construction",Board-Up and Tarping in Alton,"Board-up and tarping in Alton, IA. IICRC-certified, insurance billing accepted. Call (605) 965-2727.",emergency board-up and tarping alton,roof tarping|fire damage board up|broken window board up,local_emergency,,,900,hero|og|inline-1|inline-2,service|local-business|faq|breadcrumb-list,/services/emergency-board-up-tarping/|/service-areas/alton-ia/|/service-areas/alton-ia/fire-damage-restoration/|/service-areas/alton-ia/mold-remediation/|/service-areas/adrian-mn/emergency-board-up-tarping/|/service-areas/akron-ia/emergency-board-up-tarping/|/contact/,4.90,planned
/service-areas/baltic-sd/emergency-board-up-tarping/,service-area-service,"Board-Up and Tarping in Baltic, SD | Crew Restoration & Construction",Board-Up and Tarping in Baltic,"Board-up and tarping in Baltic, SD. IICRC-certified, insurance billing accepted. Call (605) 965-2727.",emergency board-up and tarping baltic,roof tarping|fire damage board up|broken window board up,local_emergency,,,900,hero|og|inline-1|inline-2,service|local-business|faq|breadcrumb-list,/services/emergency-board-up-tarping/|/service-areas/baltic-sd/|/service-areas/baltic-sd/fire-damage-restoration/|/service-areas/baltic-sd/mold-remediation/|/service-areas/adrian-mn/emergency-board-up-tarping/|/service-areas/akron-ia/emergency-board-up-tarping/|/contact/,4.90,planned
/service-areas/beresford-sd/emergency-board-up-tarping/,service-area-service,"Board-Up and Tarping in Beresford, SD | Crew Restoration & Construction",Board-Up and Tarping in Beresford,"Board-up and tarping in Beresford, SD. IICRC-certified, insurance billing accepted. Call (605) 965-2727.",emergency board-up and tarping beresford,roof tarping|fire damage board up|broken window board up,local_emergency,,,900,hero|og|inline-1|inline-2,service|local-business|faq|breadcrumb-list,/services/emergency-board-up-tarping/|/service-areas/beresford-sd/|/service-areas/beresford-sd/fire-damage-restoration/|/service-areas/beresford-sd/mold-remediation/|/service-areas/adrian-mn/emergency-board-up-tarping/|/service-areas/akron-ia/emergency-board-up-tarping/|/contact/,4.90,planned
/service-areas/brandon-sd/emergency-board-up-tarping/,service-area-service,"Board-Up and Tarping in Brandon, SD | Crew Restoration & Construction",Board-Up and Tarping in Brandon,"Board-up and tarping in Brandon, SD. IICRC-certified, insurance billing accepted. Call (605) 965-2727.",emergency board-up and tarping brandon,roof tarping|fire damage board up|broken window board up,local_emergency,,,900,hero|og|inline-1|inline-2,service|local-business|faq|breadcrumb-list,/services/emergency-board-up-tarping/|/service-areas/brandon-sd/|/service-areas/brandon-sd/fire-damage-restoration/|/service-areas/brandon-sd/mold-remediation/|/service-areas/adrian-mn/emergency-board-up-tarping/|/service-areas/akron-ia/emergency-board-up-tarping/|/contact/,4.90,planned
/service-areas/brookings-sd/emergency-board-up-tarping/,service-area-service,"Board-Up and Tarping in Brookings, SD | Crew Restoration & Construction",Board-Up and Tarping in Brookings,"Board-up and tarping in Brookings, SD. IICRC-certified, insurance billing accepted. Call (605) 965-2727.",emergency board-up and tarping brookings,roof tarping|fire damage board up|broken window board up,local_emergency,,,900,hero|og|inline-1|inline-2,service|local-business|faq|breadcrumb-list,/services/emergency-board-up-tarping/|/service-areas/brookings-sd/|/service-areas/brookings-sd/fire-damage-restoration/|/service-areas/brookings-sd/mold-remediation/|/service-areas/adrian-mn/emergency-board-up-tarping/|/service-areas/akron-ia/emergency-board-up-tarping/|/contact/,4.90,planned
/service-areas/canton-sd/emergency-board-up-tarping/,service-area-service,"Board-Up and Tarping in Canton, SD | Crew Restoration & Construction",Board-Up and Tarping in Canton,"Board-up and tarping in Canton, SD. IICRC-certified, insurance billing accepted. Call (605) 965-2727.",emergency board-up and tarping canton,roof tarping|fire damage board up|broken window board up,local_emergency,,,900,hero|og|inline-1|inline-2,service|local-business|faq|breadcrumb-list,/services/emergency-board-up-tarping/|/service-areas/canton-sd/|/service-areas/canton-sd/fire-damage-restoration/|/service-areas/canton-sd/mold-remediation/|/service-areas/adrian-mn/emergency-board-up-tarping/|/service-areas/akron-ia/emergency-board-up-tarping/|/contact/,4.90,planned
/service-areas/crooks-sd/emergency-board-up-tarping/,service-area-service,"Board-Up and Tarping in Crooks, SD | Crew Restoration & Construction",Board-Up and Tarping in Crooks,"Board-up and tarping in Crooks, SD. IICRC-certified, insurance billing accepted. Call (605) 965-2727.",emergency board-up and tarping crooks,roof tarping|fire damage board up|broken window board up,local_emergency,,,900,hero|og|inline-1|inline-2,service|local-business|faq|breadcrumb-list,/services/emergency-board-up-tarping/|/service-areas/crooks-sd/|/service-areas/crooks-sd/fire-damage-restoration/|/service-areas/crooks-sd/mold-remediation/|/service-areas/adrian-mn/emergency-board-up-tarping/|/service-areas/akron-ia/emergency-board-up-tarping/|/contact/,4.90,planned
/service-areas/dakota-dunes-sd/emergency-board-up-tarping/,service-area-service,"Board-Up and Tarping in Dakota Dunes, SD | Crew Restoration & Construction",Board-Up and Tarping in Dakota Dunes,"Board-up and tarping in Dakota Dunes, SD. IICRC-certified, insurance billing accepted. Call (605) 965-2727.",emergency board-up and tarping dakota dunes,roof tarping|fire damage board up|broken window board up,local_emergency,,,900,hero|og|inline-1|inline-2,service|local-business|faq|breadcrumb-list,/services/emergency-board-up-tarping/|/service-areas/dakota-dunes-sd/|/service-areas/dakota-dunes-sd/fire-damage-restoration/|/service-areas/dakota-dunes-sd/mold-remediation/|/service-areas/adrian-mn/emergency-board-up-tarping/|/service-areas/akron-ia/emergency-board-up-tarping/|/contact/,4.90,planned
/service-areas/dell-rapids-sd/emergency-board-up-tarping/,service-area-service,"Board-Up and Tarping in Dell Rapids, SD | Crew Restoration & Construction",Board-Up and Tarping in Dell Rapids,"Board-up and tarping in Dell Rapids, SD. IICRC-certified, insurance billing accepted. Call (605) 965-2727.",emergency board-up and tarping dell rapids,roof tarping|fire damage board up|broken window board up,local_emergency,,,900,hero|og|inline-1|inline-2,service|local-business|faq|breadcrumb-list,/services/emergency-board-up-tarping/|/service-areas/dell-rapids-sd/|/service-areas/dell-rapids-sd/fire-damage-restoration/|/service-areas/dell-rapids-sd/mold-remediation/|/service-areas/adrian-mn/emergency-board-up-tarping/|/service-areas/akron-ia/emergency-board-up-tarping/|/contact/,4.90,planned
/service-areas/edgerton-mn/emergency-board-up-tarping/,service-area-service,"Board-Up and Tarping in Edgerton, MN | Crew Restoration & Construction",Board-Up and Tarping in Edgerton,"Board-up and tarping in Edgerton, MN. IICRC-certified, insurance billing accepted. Call (605) 965-2727.",emergency board-up and tarping edgerton,roof tarping|fire damage board up|broken window board up,local_emergency,,,900,hero|og|inline-1|inline-2,service|local-business|faq|breadcrumb-list,/services/emergency-board-up-tarping/|/service-areas/edgerton-mn/|/service-areas/edgerton-mn/fire-damage-restoration/|/service-areas/edgerton-mn/mold-remediation/|/service-areas/adrian-mn/emergency-board-up-tarping/|/service-areas/akron-ia/emergency-board-up-tarping/|/contact/,4.90,planned
/service-areas/elk-point-sd/emergency-board-up-tarping/,service-area-service,"Board-Up and Tarping in Elk Point, SD | Crew Restoration & Construction",Board-Up and Tarping in Elk Point,"Board-up and tarping in Elk Point, SD. IICRC-certified, insurance billing accepted. Call (605) 965-2727.",emergency board-up and tarping elk point,roof tarping|fire damage board up|broken window board up,local_emergency,,,900,hero|og|inline-1|inline-2,service|local-business|faq|breadcrumb-list,/services/emergency-board-up-tarping/|/service-areas/elk-point-sd/|/service-areas/elk-point-sd/fire-damage-restoration/|/service-areas/elk-point-sd/mold-remediation/|/service-areas/adrian-mn/emergency-board-up-tarping/|/service-areas/akron-ia/emergency-board-up-tarping/|/contact/,4.90,planned
/service-areas/flandreau-sd/emergency-board-up-tarping/,service-area-service,"Board-Up and Tarping in Flandreau, SD | Crew Restoration & Construction",Board-Up and Tarping in Flandreau,"Board-up and tarping in Flandreau, SD. IICRC-certified, insurance billing accepted. Call (605) 965-2727.",emergency board-up and tarping flandreau,roof tarping|fire damage board up|broken window board up,local_emergency,,,900,hero|og|inline-1|inline-2,service|local-business|faq|breadcrumb-list,/services/emergency-board-up-tarping/|/service-areas/flandreau-sd/|/service-areas/flandreau-sd/fire-damage-restoration/|/service-areas/flandreau-sd/mold-remediation/|/service-areas/adrian-mn/emergency-board-up-tarping/|/service-areas/akron-ia/emergency-board-up-tarping/|/contact/,4.90,planned
/service-areas/fulda-mn/emergency-board-up-tarping/,service-area-service,"Board-Up and Tarping in Fulda, MN | Crew Restoration & Construction",Board-Up and Tarping in Fulda,"Board-up and tarping in Fulda, MN. IICRC-certified, insurance billing accepted. Call (605) 965-2727.",emergency board-up and tarping fulda,roof tarping|fire damage board up|broken window board up,local_emergency,,,900,hero|og|inline-1|inline-2,service|local-business|faq|breadcrumb-list,/services/emergency-board-up-tarping/|/service-areas/fulda-mn/|/service-areas/fulda-mn/fire-damage-restoration/|/service-areas/fulda-mn/mold-remediation/|/service-areas/adrian-mn/emergency-board-up-tarping/|/service-areas/akron-ia/emergency-board-up-tarping/|/contact/,4.90,planned
/service-areas/garretson-sd/emergency-board-up-tarping/,service-area-service,"Board-Up and Tarping in Garretson, SD | Crew Restoration & Construction",Board-Up and Tarping in Garretson,"Board-up and tarping in Garretson, SD. IICRC-certified, insurance billing accepted. Call (605) 965-2727.",emergency board-up and tarping garretson,roof tarping|fire damage board up|broken window board up,local_emergency,,,900,hero|og|inline-1|inline-2,service|local-business|faq|breadcrumb-list,/services/emergency-board-up-tarping/|/service-areas/garretson-sd/|/service-areas/garretson-sd/fire-damage-restoration/|/service-areas/garretson-sd/mold-remediation/|/service-areas/adrian-mn/emergency-board-up-tarping/|/service-areas/akron-ia/emergency-board-up-tarping/|/contact/,4.90,planned
/service-areas/george-ia/emergency-board-up-tarping/,service-area-service,"Board-Up and Tarping in George, IA | Crew Restoration & Construction",Board-Up and Tarping in George,"Board-up and tarping in George, IA. IICRC-certified, insurance billing accepted. Call (605) 965-2727.",emergency board-up and tarping george,roof tarping|fire damage board up|broken window board up,local_emergency,,,900,hero|og|inline-1|inline-2,service|local-business|faq|breadcrumb-list,/services/emergency-board-up-tarping/|/service-areas/george-ia/|/service-areas/george-ia/fire-damage-restoration/|/service-areas/george-ia/mold-remediation/|/service-areas/adrian-mn/emergency-board-up-tarping/|/service-areas/akron-ia/emergency-board-up-tarping/|/contact/,4.90,planned
/service-areas/harrisburg-sd/emergency-board-up-tarping/,service-area-service,"Board-Up and Tarping in Harrisburg, SD | Crew Restoration & Construction",Board-Up and Tarping in Harrisburg,"Board-up and tarping in Harrisburg, SD. IICRC-certified, insurance billing accepted. Call (605) 965-2727.",emergency board-up and tarping harrisburg,roof tarping|fire damage board up|broken window board up,local_emergency,,,900,hero|og|inline-1|inline-2,service|local-business|faq|breadcrumb-list,/services/emergency-board-up-tarping/|/service-areas/harrisburg-sd/|/service-areas/harrisburg-sd/fire-damage-restoration/|/service-areas/harrisburg-sd/mold-remediation/|/service-areas/adrian-mn/emergency-board-up-tarping/|/service-areas/akron-ia/emergency-board-up-tarping/|/contact/,4.90,planned
/service-areas/hartford-sd/emergency-board-up-tarping/,service-area-service,"Board-Up and Tarping in Hartford, SD | Crew Restoration & Construction",Board-Up and Tarping in Hartford,"Board-up and tarping in Hartford, SD. IICRC-certified, insurance billing accepted. Call (605) 965-2727.",emergency board-up and tarping hartford,roof tarping|fire damage board up|broken window board up,local_emergency,,,900,hero|og|inline-1|inline-2,service|local-business|faq|breadcrumb-list,/services/emergency-board-up-tarping/|/service-areas/hartford-sd/|/service-areas/hartford-sd/fire-damage-restoration/|/service-areas/hartford-sd/mold-remediation/|/service-areas/adrian-mn/emergency-board-up-tarping/|/service-areas/akron-ia/emergency-board-up-tarping/|/contact/,4.90,planned
/service-areas/hawarden-ia/emergency-board-up-tarping/,service-area-service,"Board-Up and Tarping in Hawarden, IA | Crew Restoration & Construction",Board-Up and Tarping in Hawarden,"Board-up and tarping in Hawarden, IA. IICRC-certified, insurance billing accepted. Call (605) 965-2727.",emergency board-up and tarping hawarden,roof tarping|fire damage board up|broken window board up,local_emergency,,,900,hero|og|inline-1|inline-2,service|local-business|faq|breadcrumb-list,/services/emergency-board-up-tarping/|/service-areas/hawarden-ia/|/service-areas/hawarden-ia/fire-damage-restoration/|/service-areas/hawarden-ia/mold-remediation/|/service-areas/adrian-mn/emergency-board-up-tarping/|/service-areas/akron-ia/emergency-board-up-tarping/|/contact/,4.90,planned
/service-areas/hinton-ia/emergency-board-up-tarping/,service-area-service,"Board-Up and Tarping in Hinton, IA | Crew Restoration & Construction",Board-Up and Tarping in Hinton,"Board-up and tarping in Hinton, IA. IICRC-certified, insurance billing accepted. Call (605) 965-2727.",emergency board-up and tarping hinton,roof tarping|fire damage board up|broken window board up,local_emergency,,,900,hero|og|inline-1|inline-2,service|local-business|faq|breadcrumb-list,/services/emergency-board-up-tarping/|/service-areas/hinton-ia/|/service-areas/hinton-ia/fire-damage-restoration/|/service-areas/hinton-ia/mold-remediation/|/service-areas/adrian-mn/emergency-board-up-tarping/|/service-areas/akron-ia/emergency-board-up-tarping/|/contact/,4.90,planned
/service-areas/hull-ia/emergency-board-up-tarping/,service-area-service,"Board-Up and Tarping in Hull, IA | Crew Restoration & Construction",Board-Up and Tarping in Hull,"Board-up and tarping in Hull, IA. IICRC-certified, insurance billing accepted. Call (605) 965-2727.",emergency board-up and tarping hull,roof tarping|fire damage board up|broken window board up,local_emergency,,,900,hero|og|inline-1|inline-2,service|local-business|faq|breadcrumb-list,/services/emergency-board-up-tarping/|/service-areas/hull-ia/|/service-areas/hull-ia/fire-damage-restoration/|/service-areas/hull-ia/mold-remediation/|/service-areas/adrian-mn/emergency-board-up-tarping/|/service-areas/akron-ia/emergency-board-up-tarping/|/contact/,4.90,planned
/service-areas/kingsley-ia/emergency-board-up-tarping/,service-area-service,"Board-Up and Tarping in Kingsley, IA | Crew Restoration & Construction",Board-Up and Tarping in Kingsley,"Board-up and tarping in Kingsley, IA. IICRC-certified, insurance billing accepted. Call (605) 965-2727.",emergency board-up and tarping kingsley,roof tarping|fire damage board up|broken window board up,local_emergency,,,900,hero|og|inline-1|inline-2,service|local-business|faq|breadcrumb-list,/services/emergency-board-up-tarping/|/service-areas/kingsley-ia/|/service-areas/kingsley-ia/fire-damage-restoration/|/service-areas/kingsley-ia/mold-remediation/|/service-areas/adrian-mn/emergency-board-up-tarping/|/service-areas/akron-ia/emergency-board-up-tarping/|/contact/,4.90,planned
/service-areas/le-mars-ia/emergency-board-up-tarping/,service-area-service,"Board-Up and Tarping in Le Mars, IA | Crew Restoration & Construction",Board-Up and Tarping in Le Mars,"Board-up and tarping in Le Mars, IA. IICRC-certified, insurance billing accepted. Call (605) 965-2727.",emergency board-up and tarping le mars,roof tarping|fire damage board up|broken window board up,local_emergency,,,900,hero|og|inline-1|inline-2,service|local-business|faq|breadcrumb-list,/services/emergency-board-up-tarping/|/service-areas/le-mars-ia/|/service-areas/le-mars-ia/fire-damage-restoration/|/service-areas/le-mars-ia/mold-remediation/|/service-areas/adrian-mn/emergency-board-up-tarping/|/service-areas/akron-ia/emergency-board-up-tarping/|/contact/,4.90,planned
/service-areas/lennox-sd/emergency-board-up-tarping/,service-area-service,"Board-Up and Tarping in Lennox, SD | Crew Restoration & Construction",Board-Up and Tarping in Lennox,"Board-up and tarping in Lennox, SD. IICRC-certified, insurance billing accepted. Call (605) 965-2727.",emergency board-up and tarping lennox,roof tarping|fire damage board up|broken window board up,local_emergency,,,900,hero|og|inline-1|inline-2,service|local-business|faq|breadcrumb-list,/services/emergency-board-up-tarping/|/service-areas/lennox-sd/|/service-areas/lennox-sd/fire-damage-restoration/|/service-areas/lennox-sd/mold-remediation/|/service-areas/adrian-mn/emergency-board-up-tarping/|/service-areas/akron-ia/emergency-board-up-tarping/|/contact/,4.90,planned
/service-areas/luverne-mn/emergency-board-up-tarping/,service-area-service,"Board-Up and Tarping in Luverne, MN | Crew Restoration & Construction",Board-Up and Tarping in Luverne,"Board-up and tarping in Luverne, MN. IICRC-certified, insurance billing accepted. Call (605) 965-2727.",emergency board-up and tarping luverne,roof tarping|fire damage board up|broken window board up,local_emergency,,,900,hero|og|inline-1|inline-2,service|local-business|faq|breadcrumb-list,/services/emergency-board-up-tarping/|/service-areas/luverne-mn/|/service-areas/luverne-mn/fire-damage-restoration/|/service-areas/luverne-mn/mold-remediation/|/service-areas/adrian-mn/emergency-board-up-tarping/|/service-areas/akron-ia/emergency-board-up-tarping/|/contact/,4.90,planned
/service-areas/madison-sd/emergency-board-up-tarping/,service-area-service,"Board-Up and Tarping in Madison, SD | Crew Restoration & Construction",Board-Up and Tarping in Madison,"Board-up and tarping in Madison, SD. IICRC-certified, insurance billing accepted. Call (605) 965-2727.",emergency board-up and tarping madison,roof tarping|fire damage board up|broken window board up,local_emergency,,,900,hero|og|inline-1|inline-2,service|local-business|faq|breadcrumb-list,/services/emergency-board-up-tarping/|/service-areas/madison-sd/|/service-areas/madison-sd/fire-damage-restoration/|/service-areas/madison-sd/mold-remediation/|/service-areas/adrian-mn/emergency-board-up-tarping/|/service-areas/akron-ia/emergency-board-up-tarping/|/contact/,4.90,planned
/service-areas/merrill-ia/emergency-board-up-tarping/,service-area-service,"Board-Up and Tarping in Merrill, IA | Crew Restoration & Construction",Board-Up and Tarping in Merrill,"Board-up and tarping in Merrill, IA. IICRC-certified, insurance billing accepted. Call (605) 965-2727.",emergency board-up and tarping merrill,roof tarping|fire damage board up|broken window board up,local_emergency,,,900,hero|og|inline-1|inline-2,service|local-business|faq|breadcrumb-list,/services/emergency-board-up-tarping/|/service-areas/merrill-ia/|/service-areas/merrill-ia/fire-damage-restoration/|/service-areas/merrill-ia/mold-remediation/|/service-areas/adrian-mn/emergency-board-up-tarping/|/service-areas/akron-ia/emergency-board-up-tarping/|/contact/,4.90,planned
/service-areas/north-sioux-city-sd/emergency-board-up-tarping/,service-area-service,"Board-Up and Tarping in North Sioux City, SD | Crew Restoration & Construction",Board-Up and Tarping in North Sioux City,"Board-up and tarping in North Sioux City, SD. IICRC-certified, insurance billing accepted. Call (605) 965-2727.",emergency board-up and tarping north sioux city,roof tarping|fire damage board up|broken window board up,local_emergency,,,900,hero|og|inline-1|inline-2,service|local-business|faq|breadcrumb-list,/services/emergency-board-up-tarping/|/service-areas/north-sioux-city-sd/|/service-areas/north-sioux-city-sd/fire-damage-restoration/|/service-areas/north-sioux-city-sd/mold-remediation/|/service-areas/adrian-mn/emergency-board-up-tarping/|/service-areas/akron-ia/emergency-board-up-tarping/|/contact/,4.90,planned
/service-areas/orange-city-ia/emergency-board-up-tarping/,service-area-service,"Board-Up and Tarping in Orange City, IA | Crew Restoration & Construction",Board-Up and Tarping in Orange City,"Board-up and tarping in Orange City, IA. IICRC-certified, insurance billing accepted. Call (605) 965-2727.",emergency board-up and tarping orange city,roof tarping|fire damage board up|broken window board up,local_emergency,,,900,hero|og|inline-1|inline-2,service|local-business|faq|breadcrumb-list,/services/emergency-board-up-tarping/|/service-areas/orange-city-ia/|/service-areas/orange-city-ia/fire-damage-restoration/|/service-areas/orange-city-ia/mold-remediation/|/service-areas/adrian-mn/emergency-board-up-tarping/|/service-areas/akron-ia/emergency-board-up-tarping/|/contact/,4.90,planned
/service-areas/parker-sd/emergency-board-up-tarping/,service-area-service,"Board-Up and Tarping in Parker, SD | Crew Restoration & Construction",Board-Up and Tarping in Parker,"Board-up and tarping in Parker, SD. IICRC-certified, insurance billing accepted. Call (605) 965-2727.",emergency board-up and tarping parker,roof tarping|fire damage board up|broken window board up,local_emergency,,,900,hero|og|inline-1|inline-2,service|local-business|faq|breadcrumb-list,/services/emergency-board-up-tarping/|/service-areas/parker-sd/|/service-areas/parker-sd/fire-damage-restoration/|/service-areas/parker-sd/mold-remediation/|/service-areas/adrian-mn/emergency-board-up-tarping/|/service-areas/akron-ia/emergency-board-up-tarping/|/contact/,4.90,planned
/service-areas/pipestone-mn/emergency-board-up-tarping/,service-area-service,"Board-Up and Tarping in Pipestone, MN | Crew Restoration & Construction",Board-Up and Tarping in Pipestone,"Board-up and tarping in Pipestone, MN. IICRC-certified, insurance billing accepted. Call (605) 965-2727.",emergency board-up and tarping pipestone,roof tarping|fire damage board up|broken window board up,local_emergency,,,900,hero|og|inline-1|inline-2,service|local-business|faq|breadcrumb-list,/services/emergency-board-up-tarping/|/service-areas/pipestone-mn/|/service-areas/pipestone-mn/fire-damage-restoration/|/service-areas/pipestone-mn/mold-remediation/|/service-areas/adrian-mn/emergency-board-up-tarping/|/service-areas/akron-ia/emergency-board-up-tarping/|/contact/,4.90,planned
/service-areas/remsen-ia/emergency-board-up-tarping/,service-area-service,"Board-Up and Tarping in Remsen, IA | Crew Restoration & Construction",Board-Up and Tarping in Remsen,"Board-up and tarping in Remsen, IA. IICRC-certified, insurance billing accepted. Call (605) 965-2727.",emergency board-up and tarping remsen,roof tarping|fire damage board up|broken window board up,local_emergency,,,900,hero|og|inline-1|inline-2,service|local-business|faq|breadcrumb-list,/services/emergency-board-up-tarping/|/service-areas/remsen-ia/|/service-areas/remsen-ia/fire-damage-restoration/|/service-areas/remsen-ia/mold-remediation/|/service-areas/adrian-mn/emergency-board-up-tarping/|/service-areas/akron-ia/emergency-board-up-tarping/|/contact/,4.90,planned
/service-areas/rock-rapids-ia/emergency-board-up-tarping/,service-area-service,"Board-Up and Tarping in Rock Rapids, IA | Crew Restoration & Construction",Board-Up and Tarping in Rock Rapids,"Board-up and tarping in Rock Rapids, IA. IICRC-certified, insurance billing accepted. Call (605) 965-2727.",emergency board-up and tarping rock rapids,roof tarping|fire damage board up|broken window board up,local_emergency,,,900,hero|og|inline-1|inline-2,service|local-business|faq|breadcrumb-list,/services/emergency-board-up-tarping/|/service-areas/rock-rapids-ia/|/service-areas/rock-rapids-ia/fire-damage-restoration/|/service-areas/rock-rapids-ia/mold-remediation/|/service-areas/adrian-mn/emergency-board-up-tarping/|/service-areas/akron-ia/emergency-board-up-tarping/|/contact/,4.90,planned
/service-areas/rock-valley-ia/emergency-board-up-tarping/,service-area-service,"Board-Up and Tarping in Rock Valley, IA | Crew Restoration & Construction",Board-Up and Tarping in Rock Valley,"Board-up and tarping in Rock Valley, IA. IICRC-certified, insurance billing accepted. Call (605) 965-2727.",emergency board-up and tarping rock valley,roof tarping|fire damage board up|broken window board up,local_emergency,,,900,hero|og|inline-1|inline-2,service|local-business|faq|breadcrumb-list,/services/emergency-board-up-tarping/|/service-areas/rock-valley-ia/|/service-areas/rock-valley-ia/fire-damage-restoration/|/service-areas/rock-valley-ia/mold-remediation/|/service-areas/adrian-mn/emergency-board-up-tarping/|/service-areas/akron-ia/emergency-board-up-tarping/|/contact/,4.90,planned
/service-areas/salem-sd/emergency-board-up-tarping/,service-area-service,"Board-Up and Tarping in Salem, SD | Crew Restoration & Construction",Board-Up and Tarping in Salem,"Board-up and tarping in Salem, SD. IICRC-certified, insurance billing accepted. Call (605) 965-2727.",emergency board-up and tarping salem,roof tarping|fire damage board up|broken window board up,local_emergency,,,900,hero|og|inline-1|inline-2,service|local-business|faq|breadcrumb-list,/services/emergency-board-up-tarping/|/service-areas/salem-sd/|/service-areas/salem-sd/fire-damage-restoration/|/service-areas/salem-sd/mold-remediation/|/service-areas/adrian-mn/emergency-board-up-tarping/|/service-areas/akron-ia/emergency-board-up-tarping/|/contact/,4.90,planned
/service-areas/sibley-ia/emergency-board-up-tarping/,service-area-service,"Board-Up and Tarping in Sibley, IA | Crew Restoration & Construction",Board-Up and Tarping in Sibley,"Board-up and tarping in Sibley, IA. IICRC-certified, insurance billing accepted. Call (605) 965-2727.",emergency board-up and tarping sibley,roof tarping|fire damage board up|broken window board up,local_emergency,,,900,hero|og|inline-1|inline-2,service|local-business|faq|breadcrumb-list,/services/emergency-board-up-tarping/|/service-areas/sibley-ia/|/service-areas/sibley-ia/fire-damage-restoration/|/service-areas/sibley-ia/mold-remediation/|/service-areas/adrian-mn/emergency-board-up-tarping/|/service-areas/akron-ia/emergency-board-up-tarping/|/contact/,4.90,planned
/service-areas/sioux-center-ia/emergency-board-up-tarping/,service-area-service,"Board-Up and Tarping in Sioux Center, IA | Crew Restoration & Construction",Board-Up and Tarping in Sioux Center,"Board-up and tarping in Sioux Center, IA. IICRC-certified, insurance billing accepted. Call (605) 965-2727.",emergency board-up and tarping sioux center,roof tarping|fire damage board up|broken window board up,local_emergency,,,900,hero|og|inline-1|inline-2,service|local-business|faq|breadcrumb-list,/services/emergency-board-up-tarping/|/service-areas/sioux-center-ia/|/service-areas/sioux-center-ia/fire-damage-restoration/|/service-areas/sioux-center-ia/mold-remediation/|/service-areas/adrian-mn/emergency-board-up-tarping/|/service-areas/akron-ia/emergency-board-up-tarping/|/contact/,4.90,planned
/service-areas/slayton-mn/emergency-board-up-tarping/,service-area-service,"Board-Up and Tarping in Slayton, MN | Crew Restoration & Construction",Board-Up and Tarping in Slayton,"Board-up and tarping in Slayton, MN. IICRC-certified, insurance billing accepted. Call (605) 965-2727.",emergency board-up and tarping slayton,roof tarping|fire damage board up|broken window board up,local_emergency,,,900,hero|og|inline-1|inline-2,service|local-business|faq|breadcrumb-list,/services/emergency-board-up-tarping/|/service-areas/slayton-mn/|/service-areas/slayton-mn/fire-damage-restoration/|/service-areas/slayton-mn/mold-remediation/|/service-areas/adrian-mn/emergency-board-up-tarping/|/service-areas/akron-ia/emergency-board-up-tarping/|/contact/,4.90,planned
/service-areas/tea-sd/emergency-board-up-tarping/,service-area-service,"Board-Up and Tarping in Tea, SD | Crew Restoration & Construction",Board-Up and Tarping in Tea,"Board-up and tarping in Tea, SD. IICRC-certified, insurance billing accepted. Call (605) 965-2727.",emergency board-up and tarping tea,roof tarping|fire damage board up|broken window board up,local_emergency,,,900,hero|og|inline-1|inline-2,service|local-business|faq|breadcrumb-list,/services/emergency-board-up-tarping/|/service-areas/tea-sd/|/service-areas/tea-sd/fire-damage-restoration/|/service-areas/tea-sd/mold-remediation/|/service-areas/adrian-mn/emergency-board-up-tarping/|/service-areas/akron-ia/emergency-board-up-tarping/|/contact/,4.90,planned
/service-areas/volga-sd/emergency-board-up-tarping/,service-area-service,"Board-Up and Tarping in Volga, SD | Crew Restoration & Construction",Board-Up and Tarping in Volga,"Board-up and tarping in Volga, SD. IICRC-certified, insurance billing accepted. Call (605) 965-2727.",emergency board-up and tarping volga,roof tarping|fire damage board up|broken window board up,local_emergency,,,900,hero|og|inline-1|inline-2,service|local-business|faq|breadcrumb-list,/services/emergency-board-up-tarping/|/service-areas/volga-sd/|/service-areas/volga-sd/fire-damage-restoration/|/service-areas/volga-sd/mold-remediation/|/service-areas/adrian-mn/emergency-board-up-tarping/|/service-areas/akron-ia/emergency-board-up-tarping/|/contact/,4.90,planned
/service-areas/worthing-sd/emergency-board-up-tarping/,service-area-service,"Board-Up and Tarping in Worthing, SD | Crew Restoration & Construction",Board-Up and Tarping in Worthing,"Board-up and tarping in Worthing, SD. IICRC-certified, insurance billing accepted. Call (605) 965-2727.",emergency board-up and tarping worthing,roof tarping|fire damage board up|broken window board up,local_emergency,,,900,hero|og|inline-1|inline-2,service|local-business|faq|breadcrumb-list,/services/emergency-board-up-tarping/|/service-areas/worthing-sd/|/service-areas/worthing-sd/fire-damage-restoration/|/service-areas/worthing-sd/mold-remediation/|/service-areas/adrian-mn/emergency-board-up-tarping/|/service-areas/akron-ia/emergency-board-up-tarping/|/contact/,4.90,planned
/service-areas/worthington-mn/emergency-board-up-tarping/,service-area-service,"Board-Up and Tarping in Worthington, MN | Crew Restoration & Construction",Board-Up and Tarping in Worthington,"Board-up and tarping in Worthington, MN. IICRC-certified, insurance billing accepted. Call (605) 965-2727.",emergency board-up and tarping worthington,roof tarping|fire damage board up|broken window board up,local_emergency,,,900,hero|og|inline-1|inline-2,service|local-business|faq|breadcrumb-list,/services/emergency-board-up-tarping/|/service-areas/worthington-mn/|/service-areas/worthington-mn/fire-damage-restoration/|/service-areas/worthington-mn/mold-remediation/|/service-areas/adrian-mn/emergency-board-up-tarping/|/service-areas/akron-ia/emergency-board-up-tarping/|/contact/,4.90,planned
/service-areas/yankton-sd/emergency-board-up-tarping/,service-area-service,"Board-Up and Tarping in Yankton, SD | Crew Restoration & Construction",Board-Up and Tarping in Yankton,"Board-up and tarping in Yankton, SD. IICRC-certified, insurance billing accepted. Call (605) 965-2727.",emergency board-up and tarping yankton,roof tarping|fire damage board up|broken window board up,local_emergency,,,900,hero|og|inline-1|inline-2,service|local-business|faq|breadcrumb-list,/services/emergency-board-up-tarping/|/service-areas/yankton-sd/|/service-areas/yankton-sd/fire-damage-restoration/|/service-areas/yankton-sd/mold-remediation/|/service-areas/adrian-mn/emergency-board-up-tarping/|/service-areas/akron-ia/emergency-board-up-tarping/|/contact/,4.90,planned
/blog/black-mold-vs-regular-mold/,blog-post,Black Mold vs Regular Mold: How To Tell the Difference,Black Mold vs Regular Mold: How To Tell the Difference,,black mold vs regular mold how to tell the difference,mold remediation,informational_health,,,1400,hero|og|inline-1|inline-2,blog-posting|faq|breadcrumb-list,/blog/|/services/mold-remediation/|/blog/choosing-a-restoration-company/|/blog/how-to-test-for-mold/|/blog/signs-of-hidden-mold/,4.80,planned
/blog/how-long-does-water-damage-restoration-take/,blog-post,How Long Does Water Damage Restoration Actually Take?,How Long Does Water Damage Restoration Actually Take?,,how long does water damage restoration actually take,water damage restoration,informational_process,,,1400,hero|og|inline-1|inline-2,blog-posting|faq|breadcrumb-list,/blog/|/services/water-damage-restoration/|/blog/burst-pipe-emergency-checklist/|/blog/what-to-do-first-24-hours-water-damage/|/blog/choosing-a-restoration-company/,4.80,planned
/blog/mold-after-water-damage/,blog-post,How Quickly Does Mold Grow After Water Damage?,How Quickly Does Mold Grow After Water Damage?,,how quickly does mold grow after water damage,mold remediation|water damage restoration,informational_emergency,,,1400,hero|og|inline-1|inline-2,blog-posting|faq|breadcrumb-list,/blog/|/services/mold-remediation/|/services/water-damage-restoration/|/blog/burst-pipe-emergency-checklist/|/blog/what-to-do-first-24-hours-water-damage/|/blog/choosing-a-restoration-company/,4.80,planned
/blog/storm-damage-insurance-claim-checklist/,blog-post,Storm Damage Insurance Claim Checklist (Use This Before You Call Your Insurer),Storm Damage Insurance Claim Checklist (Use This Before You Call Your Insurer),,storm damage insurance claim checklist use this before you call your insurer,storm damage restoration,informational_insurance,,,1400,hero|og|inline-1|inline-2,blog-posting|faq|breadcrumb-list,/blog/|/services/storm-damage-restoration/,4.80,planned
/service-areas/adrian-mn/,service-area,"Restoration Services in Adrian, MN | Crew Restoration & Construction",Restoration Services in Adrian,"Serving Adrian, MN with water, fire, mold, and storm damage restoration. IICRC-certified team. Call (605) 965-2727.",restoration services adrian,adrian restoration company|damage restoration adrian|adrian disaster restoration,local_commercial,,,900,hero|og|inline-1,local-business|service|breadcrumb-list,/service-areas/|/contact/|/service-areas/adrian-mn/fire-damage-restoration/|/service-areas/adrian-mn/mold-remediation/|/service-areas/adrian-mn/roofing/|/service-areas/adrian-mn/water-damage-restoration/|/service-areas/adrian-mn/sewage-cleanup/|/service-areas/adrian-mn/storm-damage-restoration/|/service-areas/adrian-mn/water-cleanup/|/service-areas/adrian-mn/biohazard-cleanup/|/service-areas/adrian-mn/general-contracting/|/service-areas/adrian-mn/siding-gutters/|/service-areas/adrian-mn/emergency-board-up-tarping/|/service-areas/adrian-mn/asbestos-abatement/|/service-areas/adrian-mn/contents-restoration-storage/|/service-areas/adrian-mn/contents-restoration/|/service-areas/adrian-mn/post-construction-cleaning/|/service-areas/edgerton-mn/|/service-areas/fulda-mn/|/service-areas/luverne-mn/,4.80,planned
/service-areas/akron-ia/,service-area,"Restoration Services in Akron, IA | Crew Restoration & Construction",Restoration Services in Akron,"Serving Akron, IA with water, fire, mold, and storm damage restoration. IICRC-certified team. Call (605) 965-2727.",restoration services akron,akron restoration company|damage restoration akron|akron disaster restoration,local_commercial,,,900,hero|og|inline-1,local-business|service|breadcrumb-list,/service-areas/|/contact/|/service-areas/akron-ia/fire-damage-restoration/|/service-areas/akron-ia/mold-remediation/|/service-areas/akron-ia/roofing/|/service-areas/akron-ia/water-damage-restoration/|/service-areas/akron-ia/sewage-cleanup/|/service-areas/akron-ia/storm-damage-restoration/|/service-areas/akron-ia/water-cleanup/|/service-areas/akron-ia/biohazard-cleanup/|/service-areas/akron-ia/general-contracting/|/service-areas/akron-ia/siding-gutters/|/service-areas/akron-ia/emergency-board-up-tarping/|/service-areas/akron-ia/asbestos-abatement/|/service-areas/akron-ia/contents-restoration-storage/|/service-areas/akron-ia/contents-restoration/|/service-areas/akron-ia/post-construction-cleaning/|/service-areas/alton-ia/|/service-areas/george-ia/|/service-areas/hawarden-ia/,4.80,planned
/service-areas/alton-ia/,service-area,"Restoration Services in Alton, IA | Crew Restoration & Construction",Restoration Services in Alton,"Serving Alton, IA with water, fire, mold, and storm damage restoration. IICRC-certified team. Call (605) 965-2727.",restoration services alton,alton restoration company|damage restoration alton|alton disaster restoration,local_commercial,,,900,hero|og|inline-1,local-business|service|breadcrumb-list,/service-areas/|/contact/|/service-areas/alton-ia/fire-damage-restoration/|/service-areas/alton-ia/mold-remediation/|/service-areas/alton-ia/roofing/|/service-areas/alton-ia/water-damage-restoration/|/service-areas/alton-ia/sewage-cleanup/|/service-areas/alton-ia/storm-damage-restoration/|/service-areas/alton-ia/water-cleanup/|/service-areas/alton-ia/biohazard-cleanup/|/service-areas/alton-ia/general-contracting/|/service-areas/alton-ia/siding-gutters/|/service-areas/alton-ia/emergency-board-up-tarping/|/service-areas/alton-ia/asbestos-abatement/|/service-areas/alton-ia/contents-restoration-storage/|/service-areas/alton-ia/contents-restoration/|/service-areas/alton-ia/post-construction-cleaning/|/service-areas/akron-ia/|/service-areas/george-ia/|/service-areas/hawarden-ia/,4.80,planned
/service-areas/baltic-sd/,service-area,"Restoration Services in Baltic, SD | Crew Restoration & Construction",Restoration Services in Baltic,"Serving Baltic, SD with water, fire, mold, and storm damage restoration. IICRC-certified team. Call (605) 965-2727.",restoration services baltic,baltic restoration company|damage restoration baltic|baltic disaster restoration,local_commercial,,,900,hero|og|inline-1,local-business|service|breadcrumb-list,/service-areas/|/contact/|/service-areas/baltic-sd/fire-damage-restoration/|/service-areas/baltic-sd/mold-remediation/|/service-areas/baltic-sd/roofing/|/service-areas/baltic-sd/water-damage-restoration/|/service-areas/baltic-sd/sewage-cleanup/|/service-areas/baltic-sd/storm-damage-restoration/|/service-areas/baltic-sd/water-cleanup/|/service-areas/baltic-sd/biohazard-cleanup/|/service-areas/baltic-sd/general-contracting/|/service-areas/baltic-sd/siding-gutters/|/service-areas/baltic-sd/emergency-board-up-tarping/|/service-areas/baltic-sd/asbestos-abatement/|/service-areas/baltic-sd/contents-restoration-storage/|/service-areas/baltic-sd/contents-restoration/|/service-areas/baltic-sd/post-construction-cleaning/|/service-areas/beresford-sd/|/service-areas/brandon-sd/|/service-areas/brookings-sd/,4.80,planned
/service-areas/beresford-sd/,service-area,"Restoration Services in Beresford, SD | Crew Restoration & Construction",Restoration Services in Beresford,"Serving Beresford, SD with water, fire, mold, and storm damage restoration. IICRC-certified team. Call (605) 965-2727.",restoration services beresford,beresford restoration company|damage restoration beresford|beresford disaster restoration,local_commercial,,,900,hero|og|inline-1,local-business|service|breadcrumb-list,/service-areas/|/contact/|/service-areas/beresford-sd/fire-damage-restoration/|/service-areas/beresford-sd/mold-remediation/|/service-areas/beresford-sd/roofing/|/service-areas/beresford-sd/water-damage-restoration/|/service-areas/beresford-sd/sewage-cleanup/|/service-areas/beresford-sd/storm-damage-restoration/|/service-areas/beresford-sd/water-cleanup/|/service-areas/beresford-sd/biohazard-cleanup/|/service-areas/beresford-sd/general-contracting/|/service-areas/beresford-sd/siding-gutters/|/service-areas/beresford-sd/emergency-board-up-tarping/|/service-areas/beresford-sd/asbestos-abatement/|/service-areas/beresford-sd/contents-restoration-storage/|/service-areas/beresford-sd/contents-restoration/|/service-areas/beresford-sd/post-construction-cleaning/|/service-areas/baltic-sd/|/service-areas/brandon-sd/|/service-areas/brookings-sd/,4.80,planned
/service-areas/brandon-sd/,service-area,"Restoration Services in Brandon, SD | Crew Restoration & Construction",Restoration Services in Brandon,"Serving Brandon, SD with water, fire, mold, and storm damage restoration. IICRC-certified team. Call (605) 965-2727.",restoration services brandon,brandon restoration company|damage restoration brandon|brandon disaster restoration,local_commercial,,,900,hero|og|inline-1,local-business|service|breadcrumb-list,/service-areas/|/contact/|/service-areas/brandon-sd/fire-damage-restoration/|/service-areas/brandon-sd/mold-remediation/|/service-areas/brandon-sd/roofing/|/service-areas/brandon-sd/water-damage-restoration/|/service-areas/brandon-sd/sewage-cleanup/|/service-areas/brandon-sd/storm-damage-restoration/|/service-areas/brandon-sd/water-cleanup/|/service-areas/brandon-sd/biohazard-cleanup/|/service-areas/brandon-sd/general-contracting/|/service-areas/brandon-sd/siding-gutters/|/service-areas/brandon-sd/emergency-board-up-tarping/|/service-areas/brandon-sd/asbestos-abatement/|/service-areas/brandon-sd/contents-restoration-storage/|/service-areas/brandon-sd/contents-restoration/|/service-areas/brandon-sd/post-construction-cleaning/|/service-areas/baltic-sd/|/service-areas/beresford-sd/|/service-areas/brookings-sd/,4.80,planned
/service-areas/brookings-sd/,service-area,"Restoration Services in Brookings, SD | Crew Restoration & Construction",Restoration Services in Brookings,"Serving Brookings, SD with water, fire, mold, and storm damage restoration. IICRC-certified team. Call (605) 965-2727.",restoration services brookings,brookings restoration company|damage restoration brookings|brookings disaster restoration,local_commercial,,,900,hero|og|inline-1,local-business|service|breadcrumb-list,/service-areas/|/contact/|/service-areas/brookings-sd/fire-damage-restoration/|/service-areas/brookings-sd/mold-remediation/|/service-areas/brookings-sd/roofing/|/service-areas/brookings-sd/water-damage-restoration/|/service-areas/brookings-sd/sewage-cleanup/|/service-areas/brookings-sd/storm-damage-restoration/|/service-areas/brookings-sd/water-cleanup/|/service-areas/brookings-sd/biohazard-cleanup/|/service-areas/brookings-sd/general-contracting/|/service-areas/brookings-sd/siding-gutters/|/service-areas/brookings-sd/emergency-board-up-tarping/|/service-areas/brookings-sd/asbestos-abatement/|/service-areas/brookings-sd/contents-restoration-storage/|/service-areas/brookings-sd/contents-restoration/|/service-areas/brookings-sd/post-construction-cleaning/|/service-areas/baltic-sd/|/service-areas/beresford-sd/|/service-areas/brandon-sd/,4.80,planned
/service-areas/canton-sd/,service-area,"Restoration Services in Canton, SD | Crew Restoration & Construction",Restoration Services in Canton,"Serving Canton, SD with water, fire, mold, and storm damage restoration. IICRC-certified team. Call (605) 965-2727.",restoration services canton,canton restoration company|damage restoration canton|canton disaster restoration,local_commercial,,,900,hero|og|inline-1,local-business|service|breadcrumb-list,/service-areas/|/contact/|/service-areas/canton-sd/fire-damage-restoration/|/service-areas/canton-sd/mold-remediation/|/service-areas/canton-sd/roofing/|/service-areas/canton-sd/water-damage-restoration/|/service-areas/canton-sd/sewage-cleanup/|/service-areas/canton-sd/storm-damage-restoration/|/service-areas/canton-sd/water-cleanup/|/service-areas/canton-sd/biohazard-cleanup/|/service-areas/canton-sd/general-contracting/|/service-areas/canton-sd/siding-gutters/|/service-areas/canton-sd/emergency-board-up-tarping/|/service-areas/canton-sd/asbestos-abatement/|/service-areas/canton-sd/contents-restoration-storage/|/service-areas/canton-sd/contents-restoration/|/service-areas/canton-sd/post-construction-cleaning/|/service-areas/baltic-sd/|/service-areas/beresford-sd/|/service-areas/brandon-sd/,4.80,planned
/service-areas/crooks-sd/,service-area,"Restoration Services in Crooks, SD | Crew Restoration & Construction",Restoration Services in Crooks,"Serving Crooks, SD with water, fire, mold, and storm damage restoration. IICRC-certified team. Call (605) 965-2727.",restoration services crooks,crooks restoration company|damage restoration crooks|crooks disaster restoration,local_commercial,,,900,hero|og|inline-1,local-business|service|breadcrumb-list,/service-areas/|/contact/|/service-areas/crooks-sd/fire-damage-restoration/|/service-areas/crooks-sd/mold-remediation/|/service-areas/crooks-sd/roofing/|/service-areas/crooks-sd/water-damage-restoration/|/service-areas/crooks-sd/sewage-cleanup/|/service-areas/crooks-sd/storm-damage-restoration/|/service-areas/crooks-sd/water-cleanup/|/service-areas/crooks-sd/biohazard-cleanup/|/service-areas/crooks-sd/general-contracting/|/service-areas/crooks-sd/siding-gutters/|/service-areas/crooks-sd/emergency-board-up-tarping/|/service-areas/crooks-sd/asbestos-abatement/|/service-areas/crooks-sd/contents-restoration-storage/|/service-areas/crooks-sd/contents-restoration/|/service-areas/crooks-sd/post-construction-cleaning/|/service-areas/baltic-sd/|/service-areas/beresford-sd/|/service-areas/brandon-sd/,4.80,planned
/service-areas/dakota-dunes-sd/,service-area,"Restoration Services in Dakota Dunes, SD | Crew Restoration & Construction",Restoration Services in Dakota Dunes,"Serving Dakota Dunes, SD with water, fire, mold, and storm damage restoration. IICRC-certified team. Call (605) 965-2727.",restoration services dakota dunes,dakota dunes restoration company|damage restoration dakota dunes|dakota dunes disaster restoration,local_commercial,,,900,hero|og|inline-1,local-business|service|breadcrumb-list,/service-areas/|/contact/|/service-areas/dakota-dunes-sd/fire-damage-restoration/|/service-areas/dakota-dunes-sd/mold-remediation/|/service-areas/dakota-dunes-sd/roofing/|/service-areas/dakota-dunes-sd/water-damage-restoration/|/service-areas/dakota-dunes-sd/sewage-cleanup/|/service-areas/dakota-dunes-sd/storm-damage-restoration/|/service-areas/dakota-dunes-sd/water-cleanup/|/service-areas/dakota-dunes-sd/biohazard-cleanup/|/service-areas/dakota-dunes-sd/general-contracting/|/service-areas/dakota-dunes-sd/siding-gutters/|/service-areas/dakota-dunes-sd/emergency-board-up-tarping/|/service-areas/dakota-dunes-sd/asbestos-abatement/|/service-areas/dakota-dunes-sd/contents-restoration-storage/|/service-areas/dakota-dunes-sd/contents-restoration/|/service-areas/dakota-dunes-sd/post-construction-cleaning/|/service-areas/baltic-sd/|/service-areas/beresford-sd/|/service-areas/brandon-sd/,4.80,planned
/service-areas/dell-rapids-sd/,service-area,"Restoration Services in Dell Rapids, SD | Crew Restoration & Construction",Restoration Services in Dell Rapids,"Serving Dell Rapids, SD with water, fire, mold, and storm damage restoration. IICRC-certified team. Call (605) 965-2727.",restoration services dell rapids,dell rapids restoration company|damage restoration dell rapids|dell rapids disaster restoration,local_commercial,,,900,hero|og|inline-1,local-business|service|breadcrumb-list,/service-areas/|/contact/|/service-areas/dell-rapids-sd/fire-damage-restoration/|/service-areas/dell-rapids-sd/mold-remediation/|/service-areas/dell-rapids-sd/roofing/|/service-areas/dell-rapids-sd/water-damage-restoration/|/service-areas/dell-rapids-sd/sewage-cleanup/|/service-areas/dell-rapids-sd/storm-damage-restoration/|/service-areas/dell-rapids-sd/water-cleanup/|/service-areas/dell-rapids-sd/biohazard-cleanup/|/service-areas/dell-rapids-sd/general-contracting/|/service-areas/dell-rapids-sd/siding-gutters/|/service-areas/dell-rapids-sd/emergency-board-up-tarping/|/service-areas/dell-rapids-sd/asbestos-abatement/|/service-areas/dell-rapids-sd/contents-restoration-storage/|/service-areas/dell-rapids-sd/contents-restoration/|/service-areas/dell-rapids-sd/post-construction-cleaning/|/service-areas/baltic-sd/|/service-areas/beresford-sd/|/service-areas/brandon-sd/,4.80,planned
/service-areas/edgerton-mn/,service-area,"Restoration Services in Edgerton, MN | Crew Restoration & Construction",Restoration Services in Edgerton,"Serving Edgerton, MN with water, fire, mold, and storm damage restoration. IICRC-certified team. Call (605) 965-2727.",restoration services edgerton,edgerton restoration company|damage restoration edgerton|edgerton disaster restoration,local_commercial,,,900,hero|og|inline-1,local-business|service|breadcrumb-list,/service-areas/|/contact/|/service-areas/edgerton-mn/fire-damage-restoration/|/service-areas/edgerton-mn/mold-remediation/|/service-areas/edgerton-mn/roofing/|/service-areas/edgerton-mn/water-damage-restoration/|/service-areas/edgerton-mn/sewage-cleanup/|/service-areas/edgerton-mn/storm-damage-restoration/|/service-areas/edgerton-mn/water-cleanup/|/service-areas/edgerton-mn/biohazard-cleanup/|/service-areas/edgerton-mn/general-contracting/|/service-areas/edgerton-mn/siding-gutters/|/service-areas/edgerton-mn/emergency-board-up-tarping/|/service-areas/edgerton-mn/asbestos-abatement/|/service-areas/edgerton-mn/contents-restoration-storage/|/service-areas/edgerton-mn/contents-restoration/|/service-areas/edgerton-mn/post-construction-cleaning/|/service-areas/adrian-mn/|/service-areas/fulda-mn/|/service-areas/luverne-mn/,4.80,planned
/service-areas/elk-point-sd/,service-area,"Restoration Services in Elk Point, SD | Crew Restoration & Construction",Restoration Services in Elk Point,"Serving Elk Point, SD with water, fire, mold, and storm damage restoration. IICRC-certified team. Call (605) 965-2727.",restoration services elk point,elk point restoration company|damage restoration elk point|elk point disaster restoration,local_commercial,,,900,hero|og|inline-1,local-business|service|breadcrumb-list,/service-areas/|/contact/|/service-areas/elk-point-sd/fire-damage-restoration/|/service-areas/elk-point-sd/mold-remediation/|/service-areas/elk-point-sd/roofing/|/service-areas/elk-point-sd/water-damage-restoration/|/service-areas/elk-point-sd/sewage-cleanup/|/service-areas/elk-point-sd/storm-damage-restoration/|/service-areas/elk-point-sd/water-cleanup/|/service-areas/elk-point-sd/biohazard-cleanup/|/service-areas/elk-point-sd/general-contracting/|/service-areas/elk-point-sd/siding-gutters/|/service-areas/elk-point-sd/emergency-board-up-tarping/|/service-areas/elk-point-sd/asbestos-abatement/|/service-areas/elk-point-sd/contents-restoration-storage/|/service-areas/elk-point-sd/contents-restoration/|/service-areas/elk-point-sd/post-construction-cleaning/|/service-areas/baltic-sd/|/service-areas/beresford-sd/|/service-areas/brandon-sd/,4.80,planned
/service-areas/flandreau-sd/,service-area,"Restoration Services in Flandreau, SD | Crew Restoration & Construction",Restoration Services in Flandreau,"Serving Flandreau, SD with water, fire, mold, and storm damage restoration. IICRC-certified team. Call (605) 965-2727.",restoration services flandreau,flandreau restoration company|damage restoration flandreau|flandreau disaster restoration,local_commercial,,,900,hero|og|inline-1,local-business|service|breadcrumb-list,/service-areas/|/contact/|/service-areas/flandreau-sd/fire-damage-restoration/|/service-areas/flandreau-sd/mold-remediation/|/service-areas/flandreau-sd/roofing/|/service-areas/flandreau-sd/water-damage-restoration/|/service-areas/flandreau-sd/sewage-cleanup/|/service-areas/flandreau-sd/storm-damage-restoration/|/service-areas/flandreau-sd/water-cleanup/|/service-areas/flandreau-sd/biohazard-cleanup/|/service-areas/flandreau-sd/general-contracting/|/service-areas/flandreau-sd/siding-gutters/|/service-areas/flandreau-sd/emergency-board-up-tarping/|/service-areas/flandreau-sd/asbestos-abatement/|/service-areas/flandreau-sd/contents-restoration-storage/|/service-areas/flandreau-sd/contents-restoration/|/service-areas/flandreau-sd/post-construction-cleaning/|/service-areas/baltic-sd/|/service-areas/beresford-sd/|/service-areas/brandon-sd/,4.80,planned
/service-areas/fulda-mn/,service-area,"Restoration Services in Fulda, MN | Crew Restoration & Construction",Restoration Services in Fulda,"Serving Fulda, MN with water, fire, mold, and storm damage restoration. IICRC-certified team. Call (605) 965-2727.",restoration services fulda,fulda restoration company|damage restoration fulda|fulda disaster restoration,local_commercial,,,900,hero|og|inline-1,local-business|service|breadcrumb-list,/service-areas/|/contact/|/service-areas/fulda-mn/fire-damage-restoration/|/service-areas/fulda-mn/mold-remediation/|/service-areas/fulda-mn/roofing/|/service-areas/fulda-mn/water-damage-restoration/|/service-areas/fulda-mn/sewage-cleanup/|/service-areas/fulda-mn/storm-damage-restoration/|/service-areas/fulda-mn/water-cleanup/|/service-areas/fulda-mn/biohazard-cleanup/|/service-areas/fulda-mn/general-contracting/|/service-areas/fulda-mn/siding-gutters/|/service-areas/fulda-mn/emergency-board-up-tarping/|/service-areas/fulda-mn/asbestos-abatement/|/service-areas/fulda-mn/contents-restoration-storage/|/service-areas/fulda-mn/contents-restoration/|/service-areas/fulda-mn/post-construction-cleaning/|/service-areas/adrian-mn/|/service-areas/edgerton-mn/|/service-areas/luverne-mn/,4.80,planned
/service-areas/garretson-sd/,service-area,"Restoration Services in Garretson, SD | Crew Restoration & Construction",Restoration Services in Garretson,"Serving Garretson, SD with water, fire, mold, and storm damage restoration. IICRC-certified team. Call (605) 965-2727.",restoration services garretson,garretson restoration company|damage restoration garretson|garretson disaster restoration,local_commercial,,,900,hero|og|inline-1,local-business|service|breadcrumb-list,/service-areas/|/contact/|/service-areas/garretson-sd/fire-damage-restoration/|/service-areas/garretson-sd/mold-remediation/|/service-areas/garretson-sd/roofing/|/service-areas/garretson-sd/water-damage-restoration/|/service-areas/garretson-sd/sewage-cleanup/|/service-areas/garretson-sd/storm-damage-restoration/|/service-areas/garretson-sd/water-cleanup/|/service-areas/garretson-sd/biohazard-cleanup/|/service-areas/garretson-sd/general-contracting/|/service-areas/garretson-sd/siding-gutters/|/service-areas/garretson-sd/emergency-board-up-tarping/|/service-areas/garretson-sd/asbestos-abatement/|/service-areas/garretson-sd/contents-restoration-storage/|/service-areas/garretson-sd/contents-restoration/|/service-areas/garretson-sd/post-construction-cleaning/|/service-areas/baltic-sd/|/service-areas/beresford-sd/|/service-areas/brandon-sd/,4.80,planned
/service-areas/george-ia/,service-area,"Restoration Services in George, IA | Crew Restoration & Construction",Restoration Services in George,"Serving George, IA with water, fire, mold, and storm damage restoration. IICRC-certified team. Call (605) 965-2727.",restoration services george,george restoration company|damage restoration george|george disaster restoration,local_commercial,,,900,hero|og|inline-1,local-business|service|breadcrumb-list,/service-areas/|/contact/|/service-areas/george-ia/fire-damage-restoration/|/service-areas/george-ia/mold-remediation/|/service-areas/george-ia/roofing/|/service-areas/george-ia/water-damage-restoration/|/service-areas/george-ia/sewage-cleanup/|/service-areas/george-ia/storm-damage-restoration/|/service-areas/george-ia/water-cleanup/|/service-areas/george-ia/biohazard-cleanup/|/service-areas/george-ia/general-contracting/|/service-areas/george-ia/siding-gutters/|/service-areas/george-ia/emergency-board-up-tarping/|/service-areas/george-ia/asbestos-abatement/|/service-areas/george-ia/contents-restoration-storage/|/service-areas/george-ia/contents-restoration/|/service-areas/george-ia/post-construction-cleaning/|/service-areas/akron-ia/|/service-areas/alton-ia/|/service-areas/hawarden-ia/,4.80,planned
/service-areas/harrisburg-sd/,service-area,"Restoration Services in Harrisburg, SD | Crew Restoration & Construction",Restoration Services in Harrisburg,"Serving Harrisburg, SD with water, fire, mold, and storm damage restoration. IICRC-certified team. Call (605) 965-2727.",restoration services harrisburg,harrisburg restoration company|damage restoration harrisburg|harrisburg disaster restoration,local_commercial,,,900,hero|og|inline-1,local-business|service|breadcrumb-list,/service-areas/|/contact/|/service-areas/harrisburg-sd/fire-damage-restoration/|/service-areas/harrisburg-sd/mold-remediation/|/service-areas/harrisburg-sd/roofing/|/service-areas/harrisburg-sd/water-damage-restoration/|/service-areas/harrisburg-sd/sewage-cleanup/|/service-areas/harrisburg-sd/storm-damage-restoration/|/service-areas/harrisburg-sd/water-cleanup/|/service-areas/harrisburg-sd/biohazard-cleanup/|/service-areas/harrisburg-sd/general-contracting/|/service-areas/harrisburg-sd/siding-gutters/|/service-areas/harrisburg-sd/emergency-board-up-tarping/|/service-areas/harrisburg-sd/asbestos-abatement/|/service-areas/harrisburg-sd/contents-restoration-storage/|/service-areas/harrisburg-sd/contents-restoration/|/service-areas/harrisburg-sd/post-construction-cleaning/|/service-areas/baltic-sd/|/service-areas/beresford-sd/|/service-areas/brandon-sd/,4.80,planned
/service-areas/hartford-sd/,service-area,"Restoration Services in Hartford, SD | Crew Restoration & Construction",Restoration Services in Hartford,"Serving Hartford, SD with water, fire, mold, and storm damage restoration. IICRC-certified team. Call (605) 965-2727.",restoration services hartford,hartford restoration company|damage restoration hartford|hartford disaster restoration,local_commercial,,,900,hero|og|inline-1,local-business|service|breadcrumb-list,/service-areas/|/contact/|/service-areas/hartford-sd/fire-damage-restoration/|/service-areas/hartford-sd/mold-remediation/|/service-areas/hartford-sd/roofing/|/service-areas/hartford-sd/water-damage-restoration/|/service-areas/hartford-sd/sewage-cleanup/|/service-areas/hartford-sd/storm-damage-restoration/|/service-areas/hartford-sd/water-cleanup/|/service-areas/hartford-sd/biohazard-cleanup/|/service-areas/hartford-sd/general-contracting/|/service-areas/hartford-sd/siding-gutters/|/service-areas/hartford-sd/emergency-board-up-tarping/|/service-areas/hartford-sd/asbestos-abatement/|/service-areas/hartford-sd/contents-restoration-storage/|/service-areas/hartford-sd/contents-restoration/|/service-areas/hartford-sd/post-construction-cleaning/|/service-areas/baltic-sd/|/service-areas/beresford-sd/|/service-areas/brandon-sd/,4.80,planned
/service-areas/hawarden-ia/,service-area,"Restoration Services in Hawarden, IA | Crew Restoration & Construction",Restoration Services in Hawarden,"Serving Hawarden, IA with water, fire, mold, and storm damage restoration. IICRC-certified team. Call (605) 965-2727.",restoration services hawarden,hawarden restoration company|damage restoration hawarden|hawarden disaster restoration,local_commercial,,,900,hero|og|inline-1,local-business|service|breadcrumb-list,/service-areas/|/contact/|/service-areas/hawarden-ia/fire-damage-restoration/|/service-areas/hawarden-ia/mold-remediation/|/service-areas/hawarden-ia/roofing/|/service-areas/hawarden-ia/water-damage-restoration/|/service-areas/hawarden-ia/sewage-cleanup/|/service-areas/hawarden-ia/storm-damage-restoration/|/service-areas/hawarden-ia/water-cleanup/|/service-areas/hawarden-ia/biohazard-cleanup/|/service-areas/hawarden-ia/general-contracting/|/service-areas/hawarden-ia/siding-gutters/|/service-areas/hawarden-ia/emergency-board-up-tarping/|/service-areas/hawarden-ia/asbestos-abatement/|/service-areas/hawarden-ia/contents-restoration-storage/|/service-areas/hawarden-ia/contents-restoration/|/service-areas/hawarden-ia/post-construction-cleaning/|/service-areas/akron-ia/|/service-areas/alton-ia/|/service-areas/george-ia/,4.80,planned
/service-areas/hinton-ia/,service-area,"Restoration Services in Hinton, IA | Crew Restoration & Construction",Restoration Services in Hinton,"Serving Hinton, IA with water, fire, mold, and storm damage restoration. IICRC-certified team. Call (605) 965-2727.",restoration services hinton,hinton restoration company|damage restoration hinton|hinton disaster restoration,local_commercial,,,900,hero|og|inline-1,local-business|service|breadcrumb-list,/service-areas/|/contact/|/service-areas/hinton-ia/fire-damage-restoration/|/service-areas/hinton-ia/mold-remediation/|/service-areas/hinton-ia/roofing/|/service-areas/hinton-ia/water-damage-restoration/|/service-areas/hinton-ia/sewage-cleanup/|/service-areas/hinton-ia/storm-damage-restoration/|/service-areas/hinton-ia/water-cleanup/|/service-areas/hinton-ia/biohazard-cleanup/|/service-areas/hinton-ia/general-contracting/|/service-areas/hinton-ia/siding-gutters/|/service-areas/hinton-ia/emergency-board-up-tarping/|/service-areas/hinton-ia/asbestos-abatement/|/service-areas/hinton-ia/contents-restoration-storage/|/service-areas/hinton-ia/contents-restoration/|/service-areas/hinton-ia/post-construction-cleaning/|/service-areas/akron-ia/|/service-areas/alton-ia/|/service-areas/george-ia/,4.80,planned
/service-areas/hull-ia/,service-area,"Restoration Services in Hull, IA | Crew Restoration & Construction",Restoration Services in Hull,"Serving Hull, IA with water, fire, mold, and storm damage restoration. IICRC-certified team. Call (605) 965-2727.",restoration services hull,hull restoration company|damage restoration hull|hull disaster restoration,local_commercial,,,900,hero|og|inline-1,local-business|service|breadcrumb-list,/service-areas/|/contact/|/service-areas/hull-ia/fire-damage-restoration/|/service-areas/hull-ia/mold-remediation/|/service-areas/hull-ia/roofing/|/service-areas/hull-ia/water-damage-restoration/|/service-areas/hull-ia/sewage-cleanup/|/service-areas/hull-ia/storm-damage-restoration/|/service-areas/hull-ia/water-cleanup/|/service-areas/hull-ia/biohazard-cleanup/|/service-areas/hull-ia/general-contracting/|/service-areas/hull-ia/siding-gutters/|/service-areas/hull-ia/emergency-board-up-tarping/|/service-areas/hull-ia/asbestos-abatement/|/service-areas/hull-ia/contents-restoration-storage/|/service-areas/hull-ia/contents-restoration/|/service-areas/hull-ia/post-construction-cleaning/|/service-areas/akron-ia/|/service-areas/alton-ia/|/service-areas/george-ia/,4.80,planned
/service-areas/kingsley-ia/,service-area,"Restoration Services in Kingsley, IA | Crew Restoration & Construction",Restoration Services in Kingsley,"Serving Kingsley, IA with water, fire, mold, and storm damage restoration. IICRC-certified team. Call (605) 965-2727.",restoration services kingsley,kingsley restoration company|damage restoration kingsley|kingsley disaster restoration,local_commercial,,,900,hero|og|inline-1,local-business|service|breadcrumb-list,/service-areas/|/contact/|/service-areas/kingsley-ia/fire-damage-restoration/|/service-areas/kingsley-ia/mold-remediation/|/service-areas/kingsley-ia/roofing/|/service-areas/kingsley-ia/water-damage-restoration/|/service-areas/kingsley-ia/sewage-cleanup/|/service-areas/kingsley-ia/storm-damage-restoration/|/service-areas/kingsley-ia/water-cleanup/|/service-areas/kingsley-ia/biohazard-cleanup/|/service-areas/kingsley-ia/general-contracting/|/service-areas/kingsley-ia/siding-gutters/|/service-areas/kingsley-ia/emergency-board-up-tarping/|/service-areas/kingsley-ia/asbestos-abatement/|/service-areas/kingsley-ia/contents-restoration-storage/|/service-areas/kingsley-ia/contents-restoration/|/service-areas/kingsley-ia/post-construction-cleaning/|/service-areas/akron-ia/|/service-areas/alton-ia/|/service-areas/george-ia/,4.80,planned
/service-areas/le-mars-ia/,service-area,"Restoration Services in Le Mars, IA | Crew Restoration & Construction",Restoration Services in Le Mars,"Serving Le Mars, IA with water, fire, mold, and storm damage restoration. IICRC-certified team. Call (605) 965-2727.",restoration services le mars,le mars restoration company|damage restoration le mars|le mars disaster restoration,local_commercial,,,900,hero|og|inline-1,local-business|service|breadcrumb-list,/service-areas/|/contact/|/service-areas/le-mars-ia/fire-damage-restoration/|/service-areas/le-mars-ia/mold-remediation/|/service-areas/le-mars-ia/roofing/|/service-areas/le-mars-ia/water-damage-restoration/|/service-areas/le-mars-ia/sewage-cleanup/|/service-areas/le-mars-ia/storm-damage-restoration/|/service-areas/le-mars-ia/water-cleanup/|/service-areas/le-mars-ia/biohazard-cleanup/|/service-areas/le-mars-ia/general-contracting/|/service-areas/le-mars-ia/siding-gutters/|/service-areas/le-mars-ia/emergency-board-up-tarping/|/service-areas/le-mars-ia/asbestos-abatement/|/service-areas/le-mars-ia/contents-restoration-storage/|/service-areas/le-mars-ia/contents-restoration/|/service-areas/le-mars-ia/post-construction-cleaning/|/service-areas/akron-ia/|/service-areas/alton-ia/|/service-areas/george-ia/,4.80,planned
/service-areas/lennox-sd/,service-area,"Restoration Services in Lennox, SD | Crew Restoration & Construction",Restoration Services in Lennox,"Serving Lennox, SD with water, fire, mold, and storm damage restoration. IICRC-certified team. Call (605) 965-2727.",restoration services lennox,lennox restoration company|damage restoration lennox|lennox disaster restoration,local_commercial,,,900,hero|og|inline-1,local-business|service|breadcrumb-list,/service-areas/|/contact/|/service-areas/lennox-sd/fire-damage-restoration/|/service-areas/lennox-sd/mold-remediation/|/service-areas/lennox-sd/roofing/|/service-areas/lennox-sd/water-damage-restoration/|/service-areas/lennox-sd/sewage-cleanup/|/service-areas/lennox-sd/storm-damage-restoration/|/service-areas/lennox-sd/water-cleanup/|/service-areas/lennox-sd/biohazard-cleanup/|/service-areas/lennox-sd/general-contracting/|/service-areas/lennox-sd/siding-gutters/|/service-areas/lennox-sd/emergency-board-up-tarping/|/service-areas/lennox-sd/asbestos-abatement/|/service-areas/lennox-sd/contents-restoration-storage/|/service-areas/lennox-sd/contents-restoration/|/service-areas/lennox-sd/post-construction-cleaning/|/service-areas/baltic-sd/|/service-areas/beresford-sd/|/service-areas/brandon-sd/,4.80,planned
/service-areas/luverne-mn/,service-area,"Restoration Services in Luverne, MN | Crew Restoration & Construction",Restoration Services in Luverne,"Serving Luverne, MN with water, fire, mold, and storm damage restoration. IICRC-certified team. Call (605) 965-2727.",restoration services luverne,luverne restoration company|damage restoration luverne|luverne disaster restoration,local_commercial,,,900,hero|og|inline-1,local-business|service|breadcrumb-list,/service-areas/|/contact/|/service-areas/luverne-mn/fire-damage-restoration/|/service-areas/luverne-mn/mold-remediation/|/service-areas/luverne-mn/roofing/|/service-areas/luverne-mn/water-damage-restoration/|/service-areas/luverne-mn/sewage-cleanup/|/service-areas/luverne-mn/storm-damage-restoration/|/service-areas/luverne-mn/water-cleanup/|/service-areas/luverne-mn/biohazard-cleanup/|/service-areas/luverne-mn/general-contracting/|/service-areas/luverne-mn/siding-gutters/|/service-areas/luverne-mn/emergency-board-up-tarping/|/service-areas/luverne-mn/asbestos-abatement/|/service-areas/luverne-mn/contents-restoration-storage/|/service-areas/luverne-mn/contents-restoration/|/service-areas/luverne-mn/post-construction-cleaning/|/service-areas/adrian-mn/|/service-areas/edgerton-mn/|/service-areas/fulda-mn/,4.80,planned
/service-areas/madison-sd/,service-area,"Restoration Services in Madison, SD | Crew Restoration & Construction",Restoration Services in Madison,"Serving Madison, SD with water, fire, mold, and storm damage restoration. IICRC-certified team. Call (605) 965-2727.",restoration services madison,madison restoration company|damage restoration madison|madison disaster restoration,local_commercial,,,900,hero|og|inline-1,local-business|service|breadcrumb-list,/service-areas/|/contact/|/service-areas/madison-sd/fire-damage-restoration/|/service-areas/madison-sd/mold-remediation/|/service-areas/madison-sd/roofing/|/service-areas/madison-sd/water-damage-restoration/|/service-areas/madison-sd/sewage-cleanup/|/service-areas/madison-sd/storm-damage-restoration/|/service-areas/madison-sd/water-cleanup/|/service-areas/madison-sd/biohazard-cleanup/|/service-areas/madison-sd/general-contracting/|/service-areas/madison-sd/siding-gutters/|/service-areas/madison-sd/emergency-board-up-tarping/|/service-areas/madison-sd/asbestos-abatement/|/service-areas/madison-sd/contents-restoration-storage/|/service-areas/madison-sd/contents-restoration/|/service-areas/madison-sd/post-construction-cleaning/|/service-areas/baltic-sd/|/service-areas/beresford-sd/|/service-areas/brandon-sd/,4.80,planned
/service-areas/merrill-ia/,service-area,"Restoration Services in Merrill, IA | Crew Restoration & Construction",Restoration Services in Merrill,"Serving Merrill, IA with water, fire, mold, and storm damage restoration. IICRC-certified team. Call (605) 965-2727.",restoration services merrill,merrill restoration company|damage restoration merrill|merrill disaster restoration,local_commercial,,,900,hero|og|inline-1,local-business|service|breadcrumb-list,/service-areas/|/contact/|/service-areas/merrill-ia/fire-damage-restoration/|/service-areas/merrill-ia/mold-remediation/|/service-areas/merrill-ia/roofing/|/service-areas/merrill-ia/water-damage-restoration/|/service-areas/merrill-ia/sewage-cleanup/|/service-areas/merrill-ia/storm-damage-restoration/|/service-areas/merrill-ia/water-cleanup/|/service-areas/merrill-ia/biohazard-cleanup/|/service-areas/merrill-ia/general-contracting/|/service-areas/merrill-ia/siding-gutters/|/service-areas/merrill-ia/emergency-board-up-tarping/|/service-areas/merrill-ia/asbestos-abatement/|/service-areas/merrill-ia/contents-restoration-storage/|/service-areas/merrill-ia/contents-restoration/|/service-areas/merrill-ia/post-construction-cleaning/|/service-areas/akron-ia/|/service-areas/alton-ia/|/service-areas/george-ia/,4.80,planned
/service-areas/north-sioux-city-sd/,service-area,"Restoration Services in North Sioux City, SD | Crew Restoration & Construction",Restoration Services in North Sioux City,"Serving North Sioux City, SD with water, fire, mold, and storm damage restoration. IICRC-certified team. Call (605) 965-2727.",restoration services north sioux city,north sioux city restoration company|damage restoration north sioux city|north sioux city disaster restoration,local_commercial,,,900,hero|og|inline-1,local-business|service|breadcrumb-list,/service-areas/|/contact/|/service-areas/north-sioux-city-sd/fire-damage-restoration/|/service-areas/north-sioux-city-sd/mold-remediation/|/service-areas/north-sioux-city-sd/roofing/|/service-areas/north-sioux-city-sd/water-damage-restoration/|/service-areas/north-sioux-city-sd/sewage-cleanup/|/service-areas/north-sioux-city-sd/storm-damage-restoration/|/service-areas/north-sioux-city-sd/water-cleanup/|/service-areas/north-sioux-city-sd/biohazard-cleanup/|/service-areas/north-sioux-city-sd/general-contracting/|/service-areas/north-sioux-city-sd/siding-gutters/|/service-areas/north-sioux-city-sd/emergency-board-up-tarping/|/service-areas/north-sioux-city-sd/asbestos-abatement/|/service-areas/north-sioux-city-sd/contents-restoration-storage/|/service-areas/north-sioux-city-sd/contents-restoration/|/service-areas/north-sioux-city-sd/post-construction-cleaning/|/service-areas/baltic-sd/|/service-areas/beresford-sd/|/service-areas/brandon-sd/,4.80,planned
/service-areas/orange-city-ia/,service-area,"Restoration Services in Orange City, IA | Crew Restoration & Construction",Restoration Services in Orange City,"Serving Orange City, IA with water, fire, mold, and storm damage restoration. IICRC-certified team. Call (605) 965-2727.",restoration services orange city,orange city restoration company|damage restoration orange city|orange city disaster restoration,local_commercial,,,900,hero|og|inline-1,local-business|service|breadcrumb-list,/service-areas/|/contact/|/service-areas/orange-city-ia/fire-damage-restoration/|/service-areas/orange-city-ia/mold-remediation/|/service-areas/orange-city-ia/roofing/|/service-areas/orange-city-ia/water-damage-restoration/|/service-areas/orange-city-ia/sewage-cleanup/|/service-areas/orange-city-ia/storm-damage-restoration/|/service-areas/orange-city-ia/water-cleanup/|/service-areas/orange-city-ia/biohazard-cleanup/|/service-areas/orange-city-ia/general-contracting/|/service-areas/orange-city-ia/siding-gutters/|/service-areas/orange-city-ia/emergency-board-up-tarping/|/service-areas/orange-city-ia/asbestos-abatement/|/service-areas/orange-city-ia/contents-restoration-storage/|/service-areas/orange-city-ia/contents-restoration/|/service-areas/orange-city-ia/post-construction-cleaning/|/service-areas/akron-ia/|/service-areas/alton-ia/|/service-areas/george-ia/,4.80,planned
/service-areas/parker-sd/,service-area,"Restoration Services in Parker, SD | Crew Restoration & Construction",Restoration Services in Parker,"Serving Parker, SD with water, fire, mold, and storm damage restoration. IICRC-certified team. Call (605) 965-2727.",restoration services parker,parker restoration company|damage restoration parker|parker disaster restoration,local_commercial,,,900,hero|og|inline-1,local-business|service|breadcrumb-list,/service-areas/|/contact/|/service-areas/parker-sd/fire-damage-restoration/|/service-areas/parker-sd/mold-remediation/|/service-areas/parker-sd/roofing/|/service-areas/parker-sd/water-damage-restoration/|/service-areas/parker-sd/sewage-cleanup/|/service-areas/parker-sd/storm-damage-restoration/|/service-areas/parker-sd/water-cleanup/|/service-areas/parker-sd/biohazard-cleanup/|/service-areas/parker-sd/general-contracting/|/service-areas/parker-sd/siding-gutters/|/service-areas/parker-sd/emergency-board-up-tarping/|/service-areas/parker-sd/asbestos-abatement/|/service-areas/parker-sd/contents-restoration-storage/|/service-areas/parker-sd/contents-restoration/|/service-areas/parker-sd/post-construction-cleaning/|/service-areas/baltic-sd/|/service-areas/beresford-sd/|/service-areas/brandon-sd/,4.80,planned
/service-areas/pipestone-mn/,service-area,"Restoration Services in Pipestone, MN | Crew Restoration & Construction",Restoration Services in Pipestone,"Serving Pipestone, MN with water, fire, mold, and storm damage restoration. IICRC-certified team. Call (605) 965-2727.",restoration services pipestone,pipestone restoration company|damage restoration pipestone|pipestone disaster restoration,local_commercial,,,900,hero|og|inline-1,local-business|service|breadcrumb-list,/service-areas/|/contact/|/service-areas/pipestone-mn/fire-damage-restoration/|/service-areas/pipestone-mn/mold-remediation/|/service-areas/pipestone-mn/roofing/|/service-areas/pipestone-mn/water-damage-restoration/|/service-areas/pipestone-mn/sewage-cleanup/|/service-areas/pipestone-mn/storm-damage-restoration/|/service-areas/pipestone-mn/water-cleanup/|/service-areas/pipestone-mn/biohazard-cleanup/|/service-areas/pipestone-mn/general-contracting/|/service-areas/pipestone-mn/siding-gutters/|/service-areas/pipestone-mn/emergency-board-up-tarping/|/service-areas/pipestone-mn/asbestos-abatement/|/service-areas/pipestone-mn/contents-restoration-storage/|/service-areas/pipestone-mn/contents-restoration/|/service-areas/pipestone-mn/post-construction-cleaning/|/service-areas/adrian-mn/|/service-areas/edgerton-mn/|/service-areas/fulda-mn/,4.80,planned
/service-areas/remsen-ia/,service-area,"Restoration Services in Remsen, IA | Crew Restoration & Construction",Restoration Services in Remsen,"Serving Remsen, IA with water, fire, mold, and storm damage restoration. IICRC-certified team. Call (605) 965-2727.",restoration services remsen,remsen restoration company|damage restoration remsen|remsen disaster restoration,local_commercial,,,900,hero|og|inline-1,local-business|service|breadcrumb-list,/service-areas/|/contact/|/service-areas/remsen-ia/fire-damage-restoration/|/service-areas/remsen-ia/mold-remediation/|/service-areas/remsen-ia/roofing/|/service-areas/remsen-ia/water-damage-restoration/|/service-areas/remsen-ia/sewage-cleanup/|/service-areas/remsen-ia/storm-damage-restoration/|/service-areas/remsen-ia/water-cleanup/|/service-areas/remsen-ia/biohazard-cleanup/|/service-areas/remsen-ia/general-contracting/|/service-areas/remsen-ia/siding-gutters/|/service-areas/remsen-ia/emergency-board-up-tarping/|/service-areas/remsen-ia/asbestos-abatement/|/service-areas/remsen-ia/contents-restoration-storage/|/service-areas/remsen-ia/contents-restoration/|/service-areas/remsen-ia/post-construction-cleaning/|/service-areas/akron-ia/|/service-areas/alton-ia/|/service-areas/george-ia/,4.80,planned
/service-areas/rock-rapids-ia/,service-area,"Restoration Services in Rock Rapids, IA | Crew Restoration & Construction",Restoration Services in Rock Rapids,"Serving Rock Rapids, IA with water, fire, mold, and storm damage restoration. IICRC-certified team. Call (605) 965-2727.",restoration services rock rapids,rock rapids restoration company|damage restoration rock rapids|rock rapids disaster restoration,local_commercial,,,900,hero|og|inline-1,local-business|service|breadcrumb-list,/service-areas/|/contact/|/service-areas/rock-rapids-ia/fire-damage-restoration/|/service-areas/rock-rapids-ia/mold-remediation/|/service-areas/rock-rapids-ia/roofing/|/service-areas/rock-rapids-ia/water-damage-restoration/|/service-areas/rock-rapids-ia/sewage-cleanup/|/service-areas/rock-rapids-ia/storm-damage-restoration/|/service-areas/rock-rapids-ia/water-cleanup/|/service-areas/rock-rapids-ia/biohazard-cleanup/|/service-areas/rock-rapids-ia/general-contracting/|/service-areas/rock-rapids-ia/siding-gutters/|/service-areas/rock-rapids-ia/emergency-board-up-tarping/|/service-areas/rock-rapids-ia/asbestos-abatement/|/service-areas/rock-rapids-ia/contents-restoration-storage/|/service-areas/rock-rapids-ia/contents-restoration/|/service-areas/rock-rapids-ia/post-construction-cleaning/|/service-areas/akron-ia/|/service-areas/alton-ia/|/service-areas/george-ia/,4.80,planned
/service-areas/rock-valley-ia/,service-area,"Restoration Services in Rock Valley, IA | Crew Restoration & Construction",Restoration Services in Rock Valley,"Serving Rock Valley, IA with water, fire, mold, and storm damage restoration. IICRC-certified team. Call (605) 965-2727.",restoration services rock valley,rock valley restoration company|damage restoration rock valley|rock valley disaster restoration,local_commercial,,,900,hero|og|inline-1,local-business|service|breadcrumb-list,/service-areas/|/contact/|/service-areas/rock-valley-ia/fire-damage-restoration/|/service-areas/rock-valley-ia/mold-remediation/|/service-areas/rock-valley-ia/roofing/|/service-areas/rock-valley-ia/water-damage-restoration/|/service-areas/rock-valley-ia/sewage-cleanup/|/service-areas/rock-valley-ia/storm-damage-restoration/|/service-areas/rock-valley-ia/water-cleanup/|/service-areas/rock-valley-ia/biohazard-cleanup/|/service-areas/rock-valley-ia/general-contracting/|/service-areas/rock-valley-ia/siding-gutters/|/service-areas/rock-valley-ia/emergency-board-up-tarping/|/service-areas/rock-valley-ia/asbestos-abatement/|/service-areas/rock-valley-ia/contents-restoration-storage/|/service-areas/rock-valley-ia/contents-restoration/|/service-areas/rock-valley-ia/post-construction-cleaning/|/service-areas/akron-ia/|/service-areas/alton-ia/|/service-areas/george-ia/,4.80,planned
/service-areas/salem-sd/,service-area,"Restoration Services in Salem, SD | Crew Restoration & Construction",Restoration Services in Salem,"Serving Salem, SD with water, fire, mold, and storm damage restoration. IICRC-certified team. Call (605) 965-2727.",restoration services salem,salem restoration company|damage restoration salem|salem disaster restoration,local_commercial,,,900,hero|og|inline-1,local-business|service|breadcrumb-list,/service-areas/|/contact/|/service-areas/salem-sd/fire-damage-restoration/|/service-areas/salem-sd/mold-remediation/|/service-areas/salem-sd/roofing/|/service-areas/salem-sd/water-damage-restoration/|/service-areas/salem-sd/sewage-cleanup/|/service-areas/salem-sd/storm-damage-restoration/|/service-areas/salem-sd/water-cleanup/|/service-areas/salem-sd/biohazard-cleanup/|/service-areas/salem-sd/general-contracting/|/service-areas/salem-sd/siding-gutters/|/service-areas/salem-sd/emergency-board-up-tarping/|/service-areas/salem-sd/asbestos-abatement/|/service-areas/salem-sd/contents-restoration-storage/|/service-areas/salem-sd/contents-restoration/|/service-areas/salem-sd/post-construction-cleaning/|/service-areas/baltic-sd/|/service-areas/beresford-sd/|/service-areas/brandon-sd/,4.80,planned
/service-areas/sibley-ia/,service-area,"Restoration Services in Sibley, IA | Crew Restoration & Construction",Restoration Services in Sibley,"Serving Sibley, IA with water, fire, mold, and storm damage restoration. IICRC-certified team. Call (605) 965-2727.",restoration services sibley,sibley restoration company|damage restoration sibley|sibley disaster restoration,local_commercial,,,900,hero|og|inline-1,local-business|service|breadcrumb-list,/service-areas/|/contact/|/service-areas/sibley-ia/fire-damage-restoration/|/service-areas/sibley-ia/mold-remediation/|/service-areas/sibley-ia/roofing/|/service-areas/sibley-ia/water-damage-restoration/|/service-areas/sibley-ia/sewage-cleanup/|/service-areas/sibley-ia/storm-damage-restoration/|/service-areas/sibley-ia/water-cleanup/|/service-areas/sibley-ia/biohazard-cleanup/|/service-areas/sibley-ia/general-contracting/|/service-areas/sibley-ia/siding-gutters/|/service-areas/sibley-ia/emergency-board-up-tarping/|/service-areas/sibley-ia/asbestos-abatement/|/service-areas/sibley-ia/contents-restoration-storage/|/service-areas/sibley-ia/contents-restoration/|/service-areas/sibley-ia/post-construction-cleaning/|/service-areas/akron-ia/|/service-areas/alton-ia/|/service-areas/george-ia/,4.80,planned
/service-areas/sioux-center-ia/,service-area,"Restoration Services in Sioux Center, IA | Crew Restoration & Construction",Restoration Services in Sioux Center,"Serving Sioux Center, IA with water, fire, mold, and storm damage restoration. IICRC-certified team. Call (605) 965-2727.",restoration services sioux center,sioux center restoration company|damage restoration sioux center|sioux center disaster restoration,local_commercial,,,900,hero|og|inline-1,local-business|service|breadcrumb-list,/service-areas/|/contact/|/service-areas/sioux-center-ia/fire-damage-restoration/|/service-areas/sioux-center-ia/mold-remediation/|/service-areas/sioux-center-ia/roofing/|/service-areas/sioux-center-ia/water-damage-restoration/|/service-areas/sioux-center-ia/sewage-cleanup/|/service-areas/sioux-center-ia/storm-damage-restoration/|/service-areas/sioux-center-ia/water-cleanup/|/service-areas/sioux-center-ia/biohazard-cleanup/|/service-areas/sioux-center-ia/general-contracting/|/service-areas/sioux-center-ia/siding-gutters/|/service-areas/sioux-center-ia/emergency-board-up-tarping/|/service-areas/sioux-center-ia/asbestos-abatement/|/service-areas/sioux-center-ia/contents-restoration-storage/|/service-areas/sioux-center-ia/contents-restoration/|/service-areas/sioux-center-ia/post-construction-cleaning/|/service-areas/akron-ia/|/service-areas/alton-ia/|/service-areas/george-ia/,4.80,planned
/service-areas/slayton-mn/,service-area,"Restoration Services in Slayton, MN | Crew Restoration & Construction",Restoration Services in Slayton,"Serving Slayton, MN with water, fire, mold, and storm damage restoration. IICRC-certified team. Call (605) 965-2727.",restoration services slayton,slayton restoration company|damage restoration slayton|slayton disaster restoration,local_commercial,,,900,hero|og|inline-1,local-business|service|breadcrumb-list,/service-areas/|/contact/|/service-areas/slayton-mn/fire-damage-restoration/|/service-areas/slayton-mn/mold-remediation/|/service-areas/slayton-mn/roofing/|/service-areas/slayton-mn/water-damage-restoration/|/service-areas/slayton-mn/sewage-cleanup/|/service-areas/slayton-mn/storm-damage-restoration/|/service-areas/slayton-mn/water-cleanup/|/service-areas/slayton-mn/biohazard-cleanup/|/service-areas/slayton-mn/general-contracting/|/service-areas/slayton-mn/siding-gutters/|/service-areas/slayton-mn/emergency-board-up-tarping/|/service-areas/slayton-mn/asbestos-abatement/|/service-areas/slayton-mn/contents-restoration-storage/|/service-areas/slayton-mn/contents-restoration/|/service-areas/slayton-mn/post-construction-cleaning/|/service-areas/adrian-mn/|/service-areas/edgerton-mn/|/service-areas/fulda-mn/,4.80,planned
/service-areas/tea-sd/,service-area,"Restoration Services in Tea, SD | Crew Restoration & Construction",Restoration Services in Tea,"Serving Tea, SD with water, fire, mold, and storm damage restoration. IICRC-certified team. Call (605) 965-2727.",restoration services tea,tea restoration company|damage restoration tea|tea disaster restoration,local_commercial,,,900,hero|og|inline-1,local-business|service|breadcrumb-list,/service-areas/|/contact/|/service-areas/tea-sd/fire-damage-restoration/|/service-areas/tea-sd/mold-remediation/|/service-areas/tea-sd/roofing/|/service-areas/tea-sd/water-damage-restoration/|/service-areas/tea-sd/sewage-cleanup/|/service-areas/tea-sd/storm-damage-restoration/|/service-areas/tea-sd/water-cleanup/|/service-areas/tea-sd/biohazard-cleanup/|/service-areas/tea-sd/general-contracting/|/service-areas/tea-sd/siding-gutters/|/service-areas/tea-sd/emergency-board-up-tarping/|/service-areas/tea-sd/asbestos-abatement/|/service-areas/tea-sd/contents-restoration-storage/|/service-areas/tea-sd/contents-restoration/|/service-areas/tea-sd/post-construction-cleaning/|/service-areas/baltic-sd/|/service-areas/beresford-sd/|/service-areas/brandon-sd/,4.80,planned
/service-areas/volga-sd/,service-area,"Restoration Services in Volga, SD | Crew Restoration & Construction",Restoration Services in Volga,"Serving Volga, SD with water, fire, mold, and storm damage restoration. IICRC-certified team. Call (605) 965-2727.",restoration services volga,volga restoration company|damage restoration volga|volga disaster restoration,local_commercial,,,900,hero|og|inline-1,local-business|service|breadcrumb-list,/service-areas/|/contact/|/service-areas/volga-sd/fire-damage-restoration/|/service-areas/volga-sd/mold-remediation/|/service-areas/volga-sd/roofing/|/service-areas/volga-sd/water-damage-restoration/|/service-areas/volga-sd/sewage-cleanup/|/service-areas/volga-sd/storm-damage-restoration/|/service-areas/volga-sd/water-cleanup/|/service-areas/volga-sd/biohazard-cleanup/|/service-areas/volga-sd/general-contracting/|/service-areas/volga-sd/siding-gutters/|/service-areas/volga-sd/emergency-board-up-tarping/|/service-areas/volga-sd/asbestos-abatement/|/service-areas/volga-sd/contents-restoration-storage/|/service-areas/volga-sd/contents-restoration/|/service-areas/volga-sd/post-construction-cleaning/|/service-areas/baltic-sd/|/service-areas/beresford-sd/|/service-areas/brandon-sd/,4.80,planned
/service-areas/worthing-sd/,service-area,"Restoration Services in Worthing, SD | Crew Restoration & Construction",Restoration Services in Worthing,"Serving Worthing, SD with water, fire, mold, and storm damage restoration. IICRC-certified team. Call (605) 965-2727.",restoration services worthing,worthing restoration company|damage restoration worthing|worthing disaster restoration,local_commercial,,,900,hero|og|inline-1,local-business|service|breadcrumb-list,/service-areas/|/contact/|/service-areas/worthing-sd/fire-damage-restoration/|/service-areas/worthing-sd/mold-remediation/|/service-areas/worthing-sd/roofing/|/service-areas/worthing-sd/water-damage-restoration/|/service-areas/worthing-sd/sewage-cleanup/|/service-areas/worthing-sd/storm-damage-restoration/|/service-areas/worthing-sd/water-cleanup/|/service-areas/worthing-sd/biohazard-cleanup/|/service-areas/worthing-sd/general-contracting/|/service-areas/worthing-sd/siding-gutters/|/service-areas/worthing-sd/emergency-board-up-tarping/|/service-areas/worthing-sd/asbestos-abatement/|/service-areas/worthing-sd/contents-restoration-storage/|/service-areas/worthing-sd/contents-restoration/|/service-areas/worthing-sd/post-construction-cleaning/|/service-areas/baltic-sd/|/service-areas/beresford-sd/|/service-areas/brandon-sd/,4.80,planned
/service-areas/worthington-mn/,service-area,"Restoration Services in Worthington, MN | Crew Restoration & Construction",Restoration Services in Worthington,"Serving Worthington, MN with water, fire, mold, and storm damage restoration. IICRC-certified team. Call (605) 965-2727.",restoration services worthington,worthington restoration company|damage restoration worthington|worthington disaster restoration,local_commercial,,,900,hero|og|inline-1,local-business|service|breadcrumb-list,/service-areas/|/contact/|/service-areas/worthington-mn/fire-damage-restoration/|/service-areas/worthington-mn/mold-remediation/|/service-areas/worthington-mn/roofing/|/service-areas/worthington-mn/water-damage-restoration/|/service-areas/worthington-mn/sewage-cleanup/|/service-areas/worthington-mn/storm-damage-restoration/|/service-areas/worthington-mn/water-cleanup/|/service-areas/worthington-mn/biohazard-cleanup/|/service-areas/worthington-mn/general-contracting/|/service-areas/worthington-mn/siding-gutters/|/service-areas/worthington-mn/emergency-board-up-tarping/|/service-areas/worthington-mn/asbestos-abatement/|/service-areas/worthington-mn/contents-restoration-storage/|/service-areas/worthington-mn/contents-restoration/|/service-areas/worthington-mn/post-construction-cleaning/|/service-areas/adrian-mn/|/service-areas/edgerton-mn/|/service-areas/fulda-mn/,4.80,planned
/service-areas/yankton-sd/,service-area,"Restoration Services in Yankton, SD | Crew Restoration & Construction",Restoration Services in Yankton,"Serving Yankton, SD with water, fire, mold, and storm damage restoration. IICRC-certified team. Call (605) 965-2727.",restoration services yankton,yankton restoration company|damage restoration yankton|yankton disaster restoration,local_commercial,,,900,hero|og|inline-1,local-business|service|breadcrumb-list,/service-areas/|/contact/|/service-areas/yankton-sd/fire-damage-restoration/|/service-areas/yankton-sd/mold-remediation/|/service-areas/yankton-sd/roofing/|/service-areas/yankton-sd/water-damage-restoration/|/service-areas/yankton-sd/sewage-cleanup/|/service-areas/yankton-sd/storm-damage-restoration/|/service-areas/yankton-sd/water-cleanup/|/service-areas/yankton-sd/biohazard-cleanup/|/service-areas/yankton-sd/general-contracting/|/service-areas/yankton-sd/siding-gutters/|/service-areas/yankton-sd/emergency-board-up-tarping/|/service-areas/yankton-sd/asbestos-abatement/|/service-areas/yankton-sd/contents-restoration-storage/|/service-areas/yankton-sd/contents-restoration/|/service-areas/yankton-sd/post-construction-cleaning/|/service-areas/baltic-sd/|/service-areas/beresford-sd/|/service-areas/brandon-sd/,4.80,planned
/services/contents-restoration-storage/,service-landing,Contents Restoration & Storage in Sioux Falls | Crew Restoration & Construction,Contents Restoration & Storage in Sioux Falls,"Contents restoration & storage in Sioux Falls and surrounding areas. IICRC-certified, insurance billing accepted. Call (605) 965-2727.",contents restoration & storage sioux falls,,local_specialty,,,1100,hero|og|inline-1|inline-2,service|local-business|faq|breadcrumb-list,/services/|/contact/|/service-areas/adrian-mn/contents-restoration-storage/|/service-areas/akron-ia/contents-restoration-storage/|/service-areas/alton-ia/contents-restoration-storage/|/service-areas/baltic-sd/contents-restoration-storage/|/service-areas/beresford-sd/contents-restoration-storage/|/service-areas/brandon-sd/contents-restoration-storage/|/service-areas/brookings-sd/contents-restoration-storage/|/service-areas/canton-sd/contents-restoration-storage/|/service-areas/crooks-sd/contents-restoration-storage/|/service-areas/dakota-dunes-sd/contents-restoration-storage/|/service-areas/dell-rapids-sd/contents-restoration-storage/|/service-areas/edgerton-mn/contents-restoration-storage/,4.50,planned
/services/contents-restoration/,service-landing,Contents Restoration and Storage in Sioux Falls | Crew Restoration & Construction,Contents Restoration and Storage in Sioux Falls,"Contents restoration and storage in Sioux Falls and surrounding areas. IICRC-certified, insurance billing accepted. Call (605) 965-2727.",contents restoration and storage sioux falls,contents pack-out|contents cleaning|belongings restoration|furniture restoration after fire|contents storage,local_service,,,1100,hero|og|inline-1|inline-2,service|local-business|faq|breadcrumb-list,/services/|/contact/|/service-areas/adrian-mn/contents-restoration/|/service-areas/akron-ia/contents-restoration/|/service-areas/alton-ia/contents-restoration/|/service-areas/baltic-sd/contents-restoration/|/service-areas/beresford-sd/contents-restoration/|/service-areas/brandon-sd/contents-restoration/|/service-areas/brookings-sd/contents-restoration/|/service-areas/canton-sd/contents-restoration/|/service-areas/crooks-sd/contents-restoration/|/service-areas/dakota-dunes-sd/contents-restoration/|/service-areas/dell-rapids-sd/contents-restoration/|/service-areas/edgerton-mn/contents-restoration/,4.50,planned
/blog/smoke-odor-removal-techniques/,blog-post,How Professionals Remove Smoke Odor (and Why DIY Usually Fails),How Professionals Remove Smoke Odor (and Why DIY Usually Fails),,how professionals remove smoke odor and why diy usually fails,smoke damage restoration|fire damage restoration,informational_specialty,,,1400,hero|og|inline-1|inline-2,blog-posting|faq|breadcrumb-list,/blog/|/services/fire-damage-restoration/|/blog/choosing-a-restoration-company/|/blog/fire-damage-restoration-process/,4.20,planned
/service-areas/adrian-mn/asbestos-abatement/,service-area-service,"Asbestos Abatement in Adrian, MN | Crew Restoration & Construction",Asbestos Abatement in Adrian,"Asbestos abatement in Adrian, MN. IICRC-certified, insurance billing accepted. Call (605) 965-2727.",asbestos abatement adrian,asbestos removal|asbestos testing|asbestos remediation|popcorn ceiling asbestos removal|asbestos inspection,local_specialty,,,900,hero|og|inline-1|inline-2,service|local-business|faq|breadcrumb-list,/services/asbestos-abatement/|/service-areas/adrian-mn/|/service-areas/adrian-mn/fire-damage-restoration/|/service-areas/adrian-mn/mold-remediation/|/service-areas/akron-ia/asbestos-abatement/|/service-areas/alton-ia/asbestos-abatement/|/contact/,4.20,planned
/service-areas/akron-ia/asbestos-abatement/,service-area-service,"Asbestos Abatement in Akron, IA | Crew Restoration & Construction",Asbestos Abatement in Akron,"Asbestos abatement in Akron, IA. IICRC-certified, insurance billing accepted. Call (605) 965-2727.",asbestos abatement akron,asbestos removal|asbestos testing|asbestos remediation|popcorn ceiling asbestos removal|asbestos inspection,local_specialty,,,900,hero|og|inline-1|inline-2,service|local-business|faq|breadcrumb-list,/services/asbestos-abatement/|/service-areas/akron-ia/|/service-areas/akron-ia/fire-damage-restoration/|/service-areas/akron-ia/mold-remediation/|/service-areas/adrian-mn/asbestos-abatement/|/service-areas/alton-ia/asbestos-abatement/|/contact/,4.20,planned
/service-areas/alton-ia/asbestos-abatement/,service-area-service,"Asbestos Abatement in Alton, IA | Crew Restoration & Construction",Asbestos Abatement in Alton,"Asbestos abatement in Alton, IA. IICRC-certified, insurance billing accepted. Call (605) 965-2727.",asbestos abatement alton,asbestos removal|asbestos testing|asbestos remediation|popcorn ceiling asbestos removal|asbestos inspection,local_specialty,,,900,hero|og|inline-1|inline-2,service|local-business|faq|breadcrumb-list,/services/asbestos-abatement/|/service-areas/alton-ia/|/service-areas/alton-ia/fire-damage-restoration/|/service-areas/alton-ia/mold-remediation/|/service-areas/adrian-mn/asbestos-abatement/|/service-areas/akron-ia/asbestos-abatement/|/contact/,4.20,planned
/service-areas/baltic-sd/asbestos-abatement/,service-area-service,"Asbestos Abatement in Baltic, SD | Crew Restoration & Construction",Asbestos Abatement in Baltic,"Asbestos abatement in Baltic, SD. IICRC-certified, insurance billing accepted. Call (605) 965-2727.",asbestos abatement baltic,asbestos removal|asbestos testing|asbestos remediation|popcorn ceiling asbestos removal|asbestos inspection,local_specialty,,,900,hero|og|inline-1|inline-2,service|local-business|faq|breadcrumb-list,/services/asbestos-abatement/|/service-areas/baltic-sd/|/service-areas/baltic-sd/fire-damage-restoration/|/service-areas/baltic-sd/mold-remediation/|/service-areas/adrian-mn/asbestos-abatement/|/service-areas/akron-ia/asbestos-abatement/|/contact/,4.20,planned
/service-areas/beresford-sd/asbestos-abatement/,service-area-service,"Asbestos Abatement in Beresford, SD | Crew Restoration & Construction",Asbestos Abatement in Beresford,"Asbestos abatement in Beresford, SD. IICRC-certified, insurance billing accepted. Call (605) 965-2727.",asbestos abatement beresford,asbestos removal|asbestos testing|asbestos remediation|popcorn ceiling asbestos removal|asbestos inspection,local_specialty,,,900,hero|og|inline-1|inline-2,service|local-business|faq|breadcrumb-list,/services/asbestos-abatement/|/service-areas/beresford-sd/|/service-areas/beresford-sd/fire-damage-restoration/|/service-areas/beresford-sd/mold-remediation/|/service-areas/adrian-mn/asbestos-abatement/|/service-areas/akron-ia/asbestos-abatement/|/contact/,4.20,planned
/service-areas/brandon-sd/asbestos-abatement/,service-area-service,"Asbestos Abatement in Brandon, SD | Crew Restoration & Construction",Asbestos Abatement in Brandon,"Asbestos abatement in Brandon, SD. IICRC-certified, insurance billing accepted. Call (605) 965-2727.",asbestos abatement brandon,asbestos removal|asbestos testing|asbestos remediation|popcorn ceiling asbestos removal|asbestos inspection,local_specialty,,,900,hero|og|inline-1|inline-2,service|local-business|faq|breadcrumb-list,/services/asbestos-abatement/|/service-areas/brandon-sd/|/service-areas/brandon-sd/fire-damage-restoration/|/service-areas/brandon-sd/mold-remediation/|/service-areas/adrian-mn/asbestos-abatement/|/service-areas/akron-ia/asbestos-abatement/|/contact/,4.20,planned
/service-areas/brookings-sd/asbestos-abatement/,service-area-service,"Asbestos Abatement in Brookings, SD | Crew Restoration & Construction",Asbestos Abatement in Brookings,"Asbestos abatement in Brookings, SD. IICRC-certified, insurance billing accepted. Call (605) 965-2727.",asbestos abatement brookings,asbestos removal|asbestos testing|asbestos remediation|popcorn ceiling asbestos removal|asbestos inspection,local_specialty,,,900,hero|og|inline-1|inline-2,service|local-business|faq|breadcrumb-list,/services/asbestos-abatement/|/service-areas/brookings-sd/|/service-areas/brookings-sd/fire-damage-restoration/|/service-areas/brookings-sd/mold-remediation/|/service-areas/adrian-mn/asbestos-abatement/|/service-areas/akron-ia/asbestos-abatement/|/contact/,4.20,planned
/service-areas/canton-sd/asbestos-abatement/,service-area-service,"Asbestos Abatement in Canton, SD | Crew Restoration & Construction",Asbestos Abatement in Canton,"Asbestos abatement in Canton, SD. IICRC-certified, insurance billing accepted. Call (605) 965-2727.",asbestos abatement canton,asbestos removal|asbestos testing|asbestos remediation|popcorn ceiling asbestos removal|asbestos inspection,local_specialty,,,900,hero|og|inline-1|inline-2,service|local-business|faq|breadcrumb-list,/services/asbestos-abatement/|/service-areas/canton-sd/|/service-areas/canton-sd/fire-damage-restoration/|/service-areas/canton-sd/mold-remediation/|/service-areas/adrian-mn/asbestos-abatement/|/service-areas/akron-ia/asbestos-abatement/|/contact/,4.20,planned
/service-areas/crooks-sd/asbestos-abatement/,service-area-service,"Asbestos Abatement in Crooks, SD | Crew Restoration & Construction",Asbestos Abatement in Crooks,"Asbestos abatement in Crooks, SD. IICRC-certified, insurance billing accepted. Call (605) 965-2727.",asbestos abatement crooks,asbestos removal|asbestos testing|asbestos remediation|popcorn ceiling asbestos removal|asbestos inspection,local_specialty,,,900,hero|og|inline-1|inline-2,service|local-business|faq|breadcrumb-list,/services/asbestos-abatement/|/service-areas/crooks-sd/|/service-areas/crooks-sd/fire-damage-restoration/|/service-areas/crooks-sd/mold-remediation/|/service-areas/adrian-mn/asbestos-abatement/|/service-areas/akron-ia/asbestos-abatement/|/contact/,4.20,planned
/service-areas/dakota-dunes-sd/asbestos-abatement/,service-area-service,"Asbestos Abatement in Dakota Dunes, SD | Crew Restoration & Construction",Asbestos Abatement in Dakota Dunes,"Asbestos abatement in Dakota Dunes, SD. IICRC-certified, insurance billing accepted. Call (605) 965-2727.",asbestos abatement dakota dunes,asbestos removal|asbestos testing|asbestos remediation|popcorn ceiling asbestos removal|asbestos inspection,local_specialty,,,900,hero|og|inline-1|inline-2,service|local-business|faq|breadcrumb-list,/services/asbestos-abatement/|/service-areas/dakota-dunes-sd/|/service-areas/dakota-dunes-sd/fire-damage-restoration/|/service-areas/dakota-dunes-sd/mold-remediation/|/service-areas/adrian-mn/asbestos-abatement/|/service-areas/akron-ia/asbestos-abatement/|/contact/,4.20,planned
/service-areas/dell-rapids-sd/asbestos-abatement/,service-area-service,"Asbestos Abatement in Dell Rapids, SD | Crew Restoration & Construction",Asbestos Abatement in Dell Rapids,"Asbestos abatement in Dell Rapids, SD. IICRC-certified, insurance billing accepted. Call (605) 965-2727.",asbestos abatement dell rapids,asbestos removal|asbestos testing|asbestos remediation|popcorn ceiling asbestos removal|asbestos inspection,local_specialty,,,900,hero|og|inline-1|inline-2,service|local-business|faq|breadcrumb-list,/services/asbestos-abatement/|/service-areas/dell-rapids-sd/|/service-areas/dell-rapids-sd/fire-damage-restoration/|/service-areas/dell-rapids-sd/mold-remediation/|/service-areas/adrian-mn/asbestos-abatement/|/service-areas/akron-ia/asbestos-abatement/|/contact/,4.20,planned
/service-areas/edgerton-mn/asbestos-abatement/,service-area-service,"Asbestos Abatement in Edgerton, MN | Crew Restoration & Construction",Asbestos Abatement in Edgerton,"Asbestos abatement in Edgerton, MN. IICRC-certified, insurance billing accepted. Call (605) 965-2727.",asbestos abatement edgerton,asbestos removal|asbestos testing|asbestos remediation|popcorn ceiling asbestos removal|asbestos inspection,local_specialty,,,900,hero|og|inline-1|inline-2,service|local-business|faq|breadcrumb-list,/services/asbestos-abatement/|/service-areas/edgerton-mn/|/service-areas/edgerton-mn/fire-damage-restoration/|/service-areas/edgerton-mn/mold-remediation/|/service-areas/adrian-mn/asbestos-abatement/|/service-areas/akron-ia/asbestos-abatement/|/contact/,4.20,planned
/service-areas/elk-point-sd/asbestos-abatement/,service-area-service,"Asbestos Abatement in Elk Point, SD | Crew Restoration & Construction",Asbestos Abatement in Elk Point,"Asbestos abatement in Elk Point, SD. IICRC-certified, insurance billing accepted. Call (605) 965-2727.",asbestos abatement elk point,asbestos removal|asbestos testing|asbestos remediation|popcorn ceiling asbestos removal|asbestos inspection,local_specialty,,,900,hero|og|inline-1|inline-2,service|local-business|faq|breadcrumb-list,/services/asbestos-abatement/|/service-areas/elk-point-sd/|/service-areas/elk-point-sd/fire-damage-restoration/|/service-areas/elk-point-sd/mold-remediation/|/service-areas/adrian-mn/asbestos-abatement/|/service-areas/akron-ia/asbestos-abatement/|/contact/,4.20,planned
/service-areas/flandreau-sd/asbestos-abatement/,service-area-service,"Asbestos Abatement in Flandreau, SD | Crew Restoration & Construction",Asbestos Abatement in Flandreau,"Asbestos abatement in Flandreau, SD. IICRC-certified, insurance billing accepted. Call (605) 965-2727.",asbestos abatement flandreau,asbestos removal|asbestos testing|asbestos remediation|popcorn ceiling asbestos removal|asbestos inspection,local_specialty,,,900,hero|og|inline-1|inline-2,service|local-business|faq|breadcrumb-list,/services/asbestos-abatement/|/service-areas/flandreau-sd/|/service-areas/flandreau-sd/fire-damage-restoration/|/service-areas/flandreau-sd/mold-remediation/|/service-areas/adrian-mn/asbestos-abatement/|/service-areas/akron-ia/asbestos-abatement/|/contact/,4.20,planned
/service-areas/fulda-mn/asbestos-abatement/,service-area-service,"Asbestos Abatement in Fulda, MN | Crew Restoration & Construction",Asbestos Abatement in Fulda,"Asbestos abatement in Fulda, MN. IICRC-certified, insurance billing accepted. Call (605) 965-2727.",asbestos abatement fulda,asbestos removal|asbestos testing|asbestos remediation|popcorn ceiling asbestos removal|asbestos inspection,local_specialty,,,900,hero|og|inline-1|inline-2,service|local-business|faq|breadcrumb-list,/services/asbestos-abatement/|/service-areas/fulda-mn/|/service-areas/fulda-mn/fire-damage-restoration/|/service-areas/fulda-mn/mold-remediation/|/service-areas/adrian-mn/asbestos-abatement/|/service-areas/akron-ia/asbestos-abatement/|/contact/,4.20,planned
/service-areas/garretson-sd/asbestos-abatement/,service-area-service,"Asbestos Abatement in Garretson, SD | Crew Restoration & Construction",Asbestos Abatement in Garretson,"Asbestos abatement in Garretson, SD. IICRC-certified, insurance billing accepted. Call (605) 965-2727.",asbestos abatement garretson,asbestos removal|asbestos testing|asbestos remediation|popcorn ceiling asbestos removal|asbestos inspection,local_specialty,,,900,hero|og|inline-1|inline-2,service|local-business|faq|breadcrumb-list,/services/asbestos-abatement/|/service-areas/garretson-sd/|/service-areas/garretson-sd/fire-damage-restoration/|/service-areas/garretson-sd/mold-remediation/|/service-areas/adrian-mn/asbestos-abatement/|/service-areas/akron-ia/asbestos-abatement/|/contact/,4.20,planned
/service-areas/george-ia/asbestos-abatement/,service-area-service,"Asbestos Abatement in George, IA | Crew Restoration & Construction",Asbestos Abatement in George,"Asbestos abatement in George, IA. IICRC-certified, insurance billing accepted. Call (605) 965-2727.",asbestos abatement george,asbestos removal|asbestos testing|asbestos remediation|popcorn ceiling asbestos removal|asbestos inspection,local_specialty,,,900,hero|og|inline-1|inline-2,service|local-business|faq|breadcrumb-list,/services/asbestos-abatement/|/service-areas/george-ia/|/service-areas/george-ia/fire-damage-restoration/|/service-areas/george-ia/mold-remediation/|/service-areas/adrian-mn/asbestos-abatement/|/service-areas/akron-ia/asbestos-abatement/|/contact/,4.20,planned
/service-areas/harrisburg-sd/asbestos-abatement/,service-area-service,"Asbestos Abatement in Harrisburg, SD | Crew Restoration & Construction",Asbestos Abatement in Harrisburg,"Asbestos abatement in Harrisburg, SD. IICRC-certified, insurance billing accepted. Call (605) 965-2727.",asbestos abatement harrisburg,asbestos removal|asbestos testing|asbestos remediation|popcorn ceiling asbestos removal|asbestos inspection,local_specialty,,,900,hero|og|inline-1|inline-2,service|local-business|faq|breadcrumb-list,/services/asbestos-abatement/|/service-areas/harrisburg-sd/|/service-areas/harrisburg-sd/fire-damage-restoration/|/service-areas/harrisburg-sd/mold-remediation/|/service-areas/adrian-mn/asbestos-abatement/|/service-areas/akron-ia/asbestos-abatement/|/contact/,4.20,planned
/service-areas/hartford-sd/asbestos-abatement/,service-area-service,"Asbestos Abatement in Hartford, SD | Crew Restoration & Construction",Asbestos Abatement in Hartford,"Asbestos abatement in Hartford, SD. IICRC-certified, insurance billing accepted. Call (605) 965-2727.",asbestos abatement hartford,asbestos removal|asbestos testing|asbestos remediation|popcorn ceiling asbestos removal|asbestos inspection,local_specialty,,,900,hero|og|inline-1|inline-2,service|local-business|faq|breadcrumb-list,/services/asbestos-abatement/|/service-areas/hartford-sd/|/service-areas/hartford-sd/fire-damage-restoration/|/service-areas/hartford-sd/mold-remediation/|/service-areas/adrian-mn/asbestos-abatement/|/service-areas/akron-ia/asbestos-abatement/|/contact/,4.20,planned
/service-areas/hawarden-ia/asbestos-abatement/,service-area-service,"Asbestos Abatement in Hawarden, IA | Crew Restoration & Construction",Asbestos Abatement in Hawarden,"Asbestos abatement in Hawarden, IA. IICRC-certified, insurance billing accepted. Call (605) 965-2727.",asbestos abatement hawarden,asbestos removal|asbestos testing|asbestos remediation|popcorn ceiling asbestos removal|asbestos inspection,local_specialty,,,900,hero|og|inline-1|inline-2,service|local-business|faq|breadcrumb-list,/services/asbestos-abatement/|/service-areas/hawarden-ia/|/service-areas/hawarden-ia/fire-damage-restoration/|/service-areas/hawarden-ia/mold-remediation/|/service-areas/adrian-mn/asbestos-abatement/|/service-areas/akron-ia/asbestos-abatement/|/contact/,4.20,planned
/service-areas/hinton-ia/asbestos-abatement/,service-area-service,"Asbestos Abatement in Hinton, IA | Crew Restoration & Construction",Asbestos Abatement in Hinton,"Asbestos abatement in Hinton, IA. IICRC-certified, insurance billing accepted. Call (605) 965-2727.",asbestos abatement hinton,asbestos removal|asbestos testing|asbestos remediation|popcorn ceiling asbestos removal|asbestos inspection,local_specialty,,,900,hero|og|inline-1|inline-2,service|local-business|faq|breadcrumb-list,/services/asbestos-abatement/|/service-areas/hinton-ia/|/service-areas/hinton-ia/fire-damage-restoration/|/service-areas/hinton-ia/mold-remediation/|/service-areas/adrian-mn/asbestos-abatement/|/service-areas/akron-ia/asbestos-abatement/|/contact/,4.20,planned
/service-areas/hull-ia/asbestos-abatement/,service-area-service,"Asbestos Abatement in Hull, IA | Crew Restoration & Construction",Asbestos Abatement in Hull,"Asbestos abatement in Hull, IA. IICRC-certified, insurance billing accepted. Call (605) 965-2727.",asbestos abatement hull,asbestos removal|asbestos testing|asbestos remediation|popcorn ceiling asbestos removal|asbestos inspection,local_specialty,,,900,hero|og|inline-1|inline-2,service|local-business|faq|breadcrumb-list,/services/asbestos-abatement/|/service-areas/hull-ia/|/service-areas/hull-ia/fire-damage-restoration/|/service-areas/hull-ia/mold-remediation/|/service-areas/adrian-mn/asbestos-abatement/|/service-areas/akron-ia/asbestos-abatement/|/contact/,4.20,planned
/service-areas/kingsley-ia/asbestos-abatement/,service-area-service,"Asbestos Abatement in Kingsley, IA | Crew Restoration & Construction",Asbestos Abatement in Kingsley,"Asbestos abatement in Kingsley, IA. IICRC-certified, insurance billing accepted. Call (605) 965-2727.",asbestos abatement kingsley,asbestos removal|asbestos testing|asbestos remediation|popcorn ceiling asbestos removal|asbestos inspection,local_specialty,,,900,hero|og|inline-1|inline-2,service|local-business|faq|breadcrumb-list,/services/asbestos-abatement/|/service-areas/kingsley-ia/|/service-areas/kingsley-ia/fire-damage-restoration/|/service-areas/kingsley-ia/mold-remediation/|/service-areas/adrian-mn/asbestos-abatement/|/service-areas/akron-ia/asbestos-abatement/|/contact/,4.20,planned
/service-areas/le-mars-ia/asbestos-abatement/,service-area-service,"Asbestos Abatement in Le Mars, IA | Crew Restoration & Construction",Asbestos Abatement in Le Mars,"Asbestos abatement in Le Mars, IA. IICRC-certified, insurance billing accepted. Call (605) 965-2727.",asbestos abatement le mars,asbestos removal|asbestos testing|asbestos remediation|popcorn ceiling asbestos removal|asbestos inspection,local_specialty,,,900,hero|og|inline-1|inline-2,service|local-business|faq|breadcrumb-list,/services/asbestos-abatement/|/service-areas/le-mars-ia/|/service-areas/le-mars-ia/fire-damage-restoration/|/service-areas/le-mars-ia/mold-remediation/|/service-areas/adrian-mn/asbestos-abatement/|/service-areas/akron-ia/asbestos-abatement/|/contact/,4.20,planned
/service-areas/lennox-sd/asbestos-abatement/,service-area-service,"Asbestos Abatement in Lennox, SD | Crew Restoration & Construction",Asbestos Abatement in Lennox,"Asbestos abatement in Lennox, SD. IICRC-certified, insurance billing accepted. Call (605) 965-2727.",asbestos abatement lennox,asbestos removal|asbestos testing|asbestos remediation|popcorn ceiling asbestos removal|asbestos inspection,local_specialty,,,900,hero|og|inline-1|inline-2,service|local-business|faq|breadcrumb-list,/services/asbestos-abatement/|/service-areas/lennox-sd/|/service-areas/lennox-sd/fire-damage-restoration/|/service-areas/lennox-sd/mold-remediation/|/service-areas/adrian-mn/asbestos-abatement/|/service-areas/akron-ia/asbestos-abatement/|/contact/,4.20,planned
/service-areas/luverne-mn/asbestos-abatement/,service-area-service,"Asbestos Abatement in Luverne, MN | Crew Restoration & Construction",Asbestos Abatement in Luverne,"Asbestos abatement in Luverne, MN. IICRC-certified, insurance billing accepted. Call (605) 965-2727.",asbestos abatement luverne,asbestos removal|asbestos testing|asbestos remediation|popcorn ceiling asbestos removal|asbestos inspection,local_specialty,,,900,hero|og|inline-1|inline-2,service|local-business|faq|breadcrumb-list,/services/asbestos-abatement/|/service-areas/luverne-mn/|/service-areas/luverne-mn/fire-damage-restoration/|/service-areas/luverne-mn/mold-remediation/|/service-areas/adrian-mn/asbestos-abatement/|/service-areas/akron-ia/asbestos-abatement/|/contact/,4.20,planned
/service-areas/madison-sd/asbestos-abatement/,service-area-service,"Asbestos Abatement in Madison, SD | Crew Restoration & Construction",Asbestos Abatement in Madison,"Asbestos abatement in Madison, SD. IICRC-certified, insurance billing accepted. Call (605) 965-2727.",asbestos abatement madison,asbestos removal|asbestos testing|asbestos remediation|popcorn ceiling asbestos removal|asbestos inspection,local_specialty,,,900,hero|og|inline-1|inline-2,service|local-business|faq|breadcrumb-list,/services/asbestos-abatement/|/service-areas/madison-sd/|/service-areas/madison-sd/fire-damage-restoration/|/service-areas/madison-sd/mold-remediation/|/service-areas/adrian-mn/asbestos-abatement/|/service-areas/akron-ia/asbestos-abatement/|/contact/,4.20,planned
/service-areas/merrill-ia/asbestos-abatement/,service-area-service,"Asbestos Abatement in Merrill, IA | Crew Restoration & Construction",Asbestos Abatement in Merrill,"Asbestos abatement in Merrill, IA. IICRC-certified, insurance billing accepted. Call (605) 965-2727.",asbestos abatement merrill,asbestos removal|asbestos testing|asbestos remediation|popcorn ceiling asbestos removal|asbestos inspection,local_specialty,,,900,hero|og|inline-1|inline-2,service|local-business|faq|breadcrumb-list,/services/asbestos-abatement/|/service-areas/merrill-ia/|/service-areas/merrill-ia/fire-damage-restoration/|/service-areas/merrill-ia/mold-remediation/|/service-areas/adrian-mn/asbestos-abatement/|/service-areas/akron-ia/asbestos-abatement/|/contact/,4.20,planned
/service-areas/north-sioux-city-sd/asbestos-abatement/,service-area-service,"Asbestos Abatement in North Sioux City, SD | Crew Restoration & Construction",Asbestos Abatement in North Sioux City,"Asbestos abatement in North Sioux City, SD. IICRC-certified, insurance billing accepted. Call (605) 965-2727.",asbestos abatement north sioux city,asbestos removal|asbestos testing|asbestos remediation|popcorn ceiling asbestos removal|asbestos inspection,local_specialty,,,900,hero|og|inline-1|inline-2,service|local-business|faq|breadcrumb-list,/services/asbestos-abatement/|/service-areas/north-sioux-city-sd/|/service-areas/north-sioux-city-sd/fire-damage-restoration/|/service-areas/north-sioux-city-sd/mold-remediation/|/service-areas/adrian-mn/asbestos-abatement/|/service-areas/akron-ia/asbestos-abatement/|/contact/,4.20,planned
/service-areas/orange-city-ia/asbestos-abatement/,service-area-service,"Asbestos Abatement in Orange City, IA | Crew Restoration & Construction",Asbestos Abatement in Orange City,"Asbestos abatement in Orange City, IA. IICRC-certified, insurance billing accepted. Call (605) 965-2727.",asbestos abatement orange city,asbestos removal|asbestos testing|asbestos remediation|popcorn ceiling asbestos removal|asbestos inspection,local_specialty,,,900,hero|og|inline-1|inline-2,service|local-business|faq|breadcrumb-list,/services/asbestos-abatement/|/service-areas/orange-city-ia/|/service-areas/orange-city-ia/fire-damage-restoration/|/service-areas/orange-city-ia/mold-remediation/|/service-areas/adrian-mn/asbestos-abatement/|/service-areas/akron-ia/asbestos-abatement/|/contact/,4.20,planned
/service-areas/parker-sd/asbestos-abatement/,service-area-service,"Asbestos Abatement in Parker, SD | Crew Restoration & Construction",Asbestos Abatement in Parker,"Asbestos abatement in Parker, SD. IICRC-certified, insurance billing accepted. Call (605) 965-2727.",asbestos abatement parker,asbestos removal|asbestos testing|asbestos remediation|popcorn ceiling asbestos removal|asbestos inspection,local_specialty,,,900,hero|og|inline-1|inline-2,service|local-business|faq|breadcrumb-list,/services/asbestos-abatement/|/service-areas/parker-sd/|/service-areas/parker-sd/fire-damage-restoration/|/service-areas/parker-sd/mold-remediation/|/service-areas/adrian-mn/asbestos-abatement/|/service-areas/akron-ia/asbestos-abatement/|/contact/,4.20,planned
/service-areas/pipestone-mn/asbestos-abatement/,service-area-service,"Asbestos Abatement in Pipestone, MN | Crew Restoration & Construction",Asbestos Abatement in Pipestone,"Asbestos abatement in Pipestone, MN. IICRC-certified, insurance billing accepted. Call (605) 965-2727.",asbestos abatement pipestone,asbestos removal|asbestos testing|asbestos remediation|popcorn ceiling asbestos removal|asbestos inspection,local_specialty,,,900,hero|og|inline-1|inline-2,service|local-business|faq|breadcrumb-list,/services/asbestos-abatement/|/service-areas/pipestone-mn/|/service-areas/pipestone-mn/fire-damage-restoration/|/service-areas/pipestone-mn/mold-remediation/|/service-areas/adrian-mn/asbestos-abatement/|/service-areas/akron-ia/asbestos-abatement/|/contact/,4.20,planned
/service-areas/remsen-ia/asbestos-abatement/,service-area-service,"Asbestos Abatement in Remsen, IA | Crew Restoration & Construction",Asbestos Abatement in Remsen,"Asbestos abatement in Remsen, IA. IICRC-certified, insurance billing accepted. Call (605) 965-2727.",asbestos abatement remsen,asbestos removal|asbestos testing|asbestos remediation|popcorn ceiling asbestos removal|asbestos inspection,local_specialty,,,900,hero|og|inline-1|inline-2,service|local-business|faq|breadcrumb-list,/services/asbestos-abatement/|/service-areas/remsen-ia/|/service-areas/remsen-ia/fire-damage-restoration/|/service-areas/remsen-ia/mold-remediation/|/service-areas/adrian-mn/asbestos-abatement/|/service-areas/akron-ia/asbestos-abatement/|/contact/,4.20,planned
/service-areas/rock-rapids-ia/asbestos-abatement/,service-area-service,"Asbestos Abatement in Rock Rapids, IA | Crew Restoration & Construction",Asbestos Abatement in Rock Rapids,"Asbestos abatement in Rock Rapids, IA. IICRC-certified, insurance billing accepted. Call (605) 965-2727.",asbestos abatement rock rapids,asbestos removal|asbestos testing|asbestos remediation|popcorn ceiling asbestos removal|asbestos inspection,local_specialty,,,900,hero|og|inline-1|inline-2,service|local-business|faq|breadcrumb-list,/services/asbestos-abatement/|/service-areas/rock-rapids-ia/|/service-areas/rock-rapids-ia/fire-damage-restoration/|/service-areas/rock-rapids-ia/mold-remediation/|/service-areas/adrian-mn/asbestos-abatement/|/service-areas/akron-ia/asbestos-abatement/|/contact/,4.20,planned
/service-areas/rock-valley-ia/asbestos-abatement/,service-area-service,"Asbestos Abatement in Rock Valley, IA | Crew Restoration & Construction",Asbestos Abatement in Rock Valley,"Asbestos abatement in Rock Valley, IA. IICRC-certified, insurance billing accepted. Call (605) 965-2727.",asbestos abatement rock valley,asbestos removal|asbestos testing|asbestos remediation|popcorn ceiling asbestos removal|asbestos inspection,local_specialty,,,900,hero|og|inline-1|inline-2,service|local-business|faq|breadcrumb-list,/services/asbestos-abatement/|/service-areas/rock-valley-ia/|/service-areas/rock-valley-ia/fire-damage-restoration/|/service-areas/rock-valley-ia/mold-remediation/|/service-areas/adrian-mn/asbestos-abatement/|/service-areas/akron-ia/asbestos-abatement/|/contact/,4.20,planned
/service-areas/salem-sd/asbestos-abatement/,service-area-service,"Asbestos Abatement in Salem, SD | Crew Restoration & Construction",Asbestos Abatement in Salem,"Asbestos abatement in Salem, SD. IICRC-certified, insurance billing accepted. Call (605) 965-2727.",asbestos abatement salem,asbestos removal|asbestos testing|asbestos remediation|popcorn ceiling asbestos removal|asbestos inspection,local_specialty,,,900,hero|og|inline-1|inline-2,service|local-business|faq|breadcrumb-list,/services/asbestos-abatement/|/service-areas/salem-sd/|/service-areas/salem-sd/fire-damage-restoration/|/service-areas/salem-sd/mold-remediation/|/service-areas/adrian-mn/asbestos-abatement/|/service-areas/akron-ia/asbestos-abatement/|/contact/,4.20,planned
/service-areas/sibley-ia/asbestos-abatement/,service-area-service,"Asbestos Abatement in Sibley, IA | Crew Restoration & Construction",Asbestos Abatement in Sibley,"Asbestos abatement in Sibley, IA. IICRC-certified, insurance billing accepted. Call (605) 965-2727.",asbestos abatement sibley,asbestos removal|asbestos testing|asbestos remediation|popcorn ceiling asbestos removal|asbestos inspection,local_specialty,,,900,hero|og|inline-1|inline-2,service|local-business|faq|breadcrumb-list,/services/asbestos-abatement/|/service-areas/sibley-ia/|/service-areas/sibley-ia/fire-damage-restoration/|/service-areas/sibley-ia/mold-remediation/|/service-areas/adrian-mn/asbestos-abatement/|/service-areas/akron-ia/asbestos-abatement/|/contact/,4.20,planned
/service-areas/sioux-center-ia/asbestos-abatement/,service-area-service,"Asbestos Abatement in Sioux Center, IA | Crew Restoration & Construction",Asbestos Abatement in Sioux Center,"Asbestos abatement in Sioux Center, IA. IICRC-certified, insurance billing accepted. Call (605) 965-2727.",asbestos abatement sioux center,asbestos removal|asbestos testing|asbestos remediation|popcorn ceiling asbestos removal|asbestos inspection,local_specialty,,,900,hero|og|inline-1|inline-2,service|local-business|faq|breadcrumb-list,/services/asbestos-abatement/|/service-areas/sioux-center-ia/|/service-areas/sioux-center-ia/fire-damage-restoration/|/service-areas/sioux-center-ia/mold-remediation/|/service-areas/adrian-mn/asbestos-abatement/|/service-areas/akron-ia/asbestos-abatement/|/contact/,4.20,planned
/service-areas/slayton-mn/asbestos-abatement/,service-area-service,"Asbestos Abatement in Slayton, MN | Crew Restoration & Construction",Asbestos Abatement in Slayton,"Asbestos abatement in Slayton, MN. IICRC-certified, insurance billing accepted. Call (605) 965-2727.",asbestos abatement slayton,asbestos removal|asbestos testing|asbestos remediation|popcorn ceiling asbestos removal|asbestos inspection,local_specialty,,,900,hero|og|inline-1|inline-2,service|local-business|faq|breadcrumb-list,/services/asbestos-abatement/|/service-areas/slayton-mn/|/service-areas/slayton-mn/fire-damage-restoration/|/service-areas/slayton-mn/mold-remediation/|/service-areas/adrian-mn/asbestos-abatement/|/service-areas/akron-ia/asbestos-abatement/|/contact/,4.20,planned
/service-areas/tea-sd/asbestos-abatement/,service-area-service,"Asbestos Abatement in Tea, SD | Crew Restoration & Construction",Asbestos Abatement in Tea,"Asbestos abatement in Tea, SD. IICRC-certified, insurance billing accepted. Call (605) 965-2727.",asbestos abatement tea,asbestos removal|asbestos testing|asbestos remediation|popcorn ceiling asbestos removal|asbestos inspection,local_specialty,,,900,hero|og|inline-1|inline-2,service|local-business|faq|breadcrumb-list,/services/asbestos-abatement/|/service-areas/tea-sd/|/service-areas/tea-sd/fire-damage-restoration/|/service-areas/tea-sd/mold-remediation/|/service-areas/adrian-mn/asbestos-abatement/|/service-areas/akron-ia/asbestos-abatement/|/contact/,4.20,planned
/service-areas/volga-sd/asbestos-abatement/,service-area-service,"Asbestos Abatement in Volga, SD | Crew Restoration & Construction",Asbestos Abatement in Volga,"Asbestos abatement in Volga, SD. IICRC-certified, insurance billing accepted. Call (605) 965-2727.",asbestos abatement volga,asbestos removal|asbestos testing|asbestos remediation|popcorn ceiling asbestos removal|asbestos inspection,local_specialty,,,900,hero|og|inline-1|inline-2,service|local-business|faq|breadcrumb-list,/services/asbestos-abatement/|/service-areas/volga-sd/|/service-areas/volga-sd/fire-damage-restoration/|/service-areas/volga-sd/mold-remediation/|/service-areas/adrian-mn/asbestos-abatement/|/service-areas/akron-ia/asbestos-abatement/|/contact/,4.20,planned
/service-areas/worthing-sd/asbestos-abatement/,service-area-service,"Asbestos Abatement in Worthing, SD | Crew Restoration & Construction",Asbestos Abatement in Worthing,"Asbestos abatement in Worthing, SD. IICRC-certified, insurance billing accepted. Call (605) 965-2727.",asbestos abatement worthing,asbestos removal|asbestos testing|asbestos remediation|popcorn ceiling asbestos removal|asbestos inspection,local_specialty,,,900,hero|og|inline-1|inline-2,service|local-business|faq|breadcrumb-list,/services/asbestos-abatement/|/service-areas/worthing-sd/|/service-areas/worthing-sd/fire-damage-restoration/|/service-areas/worthing-sd/mold-remediation/|/service-areas/adrian-mn/asbestos-abatement/|/service-areas/akron-ia/asbestos-abatement/|/contact/,4.20,planned
/service-areas/worthington-mn/asbestos-abatement/,service-area-service,"Asbestos Abatement in Worthington, MN | Crew Restoration & Construction",Asbestos Abatement in Worthington,"Asbestos abatement in Worthington, MN. IICRC-certified, insurance billing accepted. Call (605) 965-2727.",asbestos abatement worthington,asbestos removal|asbestos testing|asbestos remediation|popcorn ceiling asbestos removal|asbestos inspection,local_specialty,,,900,hero|og|inline-1|inline-2,service|local-business|faq|breadcrumb-list,/services/asbestos-abatement/|/service-areas/worthington-mn/|/service-areas/worthington-mn/fire-damage-restoration/|/service-areas/worthington-mn/mold-remediation/|/service-areas/adrian-mn/asbestos-abatement/|/service-areas/akron-ia/asbestos-abatement/|/contact/,4.20,planned
/service-areas/yankton-sd/asbestos-abatement/,service-area-service,"Asbestos Abatement in Yankton, SD | Crew Restoration & Construction",Asbestos Abatement in Yankton,"Asbestos abatement in Yankton, SD. IICRC-certified, insurance billing accepted. Call (605) 965-2727.",asbestos abatement yankton,asbestos removal|asbestos testing|asbestos remediation|popcorn ceiling asbestos removal|asbestos inspection,local_specialty,,,900,hero|og|inline-1|inline-2,service|local-business|faq|breadcrumb-list,/services/asbestos-abatement/|/service-areas/yankton-sd/|/service-areas/yankton-sd/fire-damage-restoration/|/service-areas/yankton-sd/mold-remediation/|/service-areas/adrian-mn/asbestos-abatement/|/service-areas/akron-ia/asbestos-abatement/|/contact/,4.20,planned
/services/,services-hub,Restoration Services in Sioux Falls | Crew Restoration & Construction,Our Restoration Services,"Full-service restoration in Sioux Falls: water, fire, mold, storm, biohazard, and commercial restoration. Prompt scheduling. Call (605) 965-2727.",restoration services sioux falls,damage restoration services|property restoration services|disaster restoration,local_commercial,,,800,hero|og|inline-1,organization|website|local-business|breadcrumb-list,/|/services/fire-damage-restoration/|/services/mold-remediation/|/services/roofing/|/services/water-damage-restoration/|/services/sewage-cleanup/|/services/storm-damage-restoration/|/services/water-cleanup/|/services/biohazard-cleanup/|/services/general-contracting/|/services/siding-gutters/|/services/emergency-board-up-tarping/|/services/asbestos-abatement/|/services/contents-restoration-storage/|/services/contents-restoration/|/services/post-construction-cleaning/,4.00,planned
/services/post-construction-cleaning/,service-landing,Post-Construction and Specialty Cleaning in Sioux Falls | Crew Restoration & Construction,Post-Construction and Specialty Cleaning in Sioux Falls,"Post-construction and specialty cleaning in Sioux Falls and surrounding areas. IICRC-certified, insurance billing accepted. Call (605) 965-2727.",post-construction and specialty cleaning sioux falls,post construction cleanup|construction debris cleaning|final clean|deep cleaning after renovation,local_service,,,1100,hero|og|inline-1|inline-2,service|local-business|faq|breadcrumb-list,/services/|/contact/|/service-areas/adrian-mn/post-construction-cleaning/|/service-areas/akron-ia/post-construction-cleaning/|/service-areas/alton-ia/post-construction-cleaning/|/service-areas/baltic-sd/post-construction-cleaning/|/service-areas/beresford-sd/post-construction-cleaning/|/service-areas/brandon-sd/post-construction-cleaning/|/service-areas/brookings-sd/post-construction-cleaning/|/service-areas/canton-sd/post-construction-cleaning/|/service-areas/crooks-sd/post-construction-cleaning/|/service-areas/dakota-dunes-sd/post-construction-cleaning/|/service-areas/dell-rapids-sd/post-construction-cleaning/|/service-areas/edgerton-mn/post-construction-cleaning/,3.60,planned
/service-areas/,service-areas-hub,Service Areas | Crew Restoration & Construction Restoration,Areas We Serve,Crew Restoration & Construction provides restoration services across Sioux Falls and the surrounding region. Find your city.,crew restoration & construction service areas,restoration service area|cities we serve|local restoration coverage,navigational_local,,,500,hero|og,organization|website|local-business|breadcrumb-list,/|/service-areas/adrian-mn/|/service-areas/akron-ia/|/service-areas/alton-ia/|/service-areas/baltic-sd/|/service-areas/beresford-sd/|/service-areas/brandon-sd/|/service-areas/brookings-sd/|/service-areas/canton-sd/|/service-areas/crooks-sd/|/service-areas/dakota-dunes-sd/|/service-areas/dell-rapids-sd/|/service-areas/edgerton-mn/|/service-areas/elk-point-sd/|/service-areas/flandreau-sd/|/service-areas/fulda-mn/|/service-areas/garretson-sd/|/service-areas/george-ia/|/service-areas/harrisburg-sd/|/service-areas/hartford-sd/|/service-areas/hawarden-ia/|/service-areas/hinton-ia/|/service-areas/hull-ia/|/service-areas/kingsley-ia/|/service-areas/le-mars-ia/|/service-areas/lennox-sd/|/service-areas/luverne-mn/|/service-areas/madison-sd/|/service-areas/merrill-ia/|/service-areas/north-sioux-city-sd/|/service-areas/orange-city-ia/|/service-areas/parker-sd/|/service-areas/pipestone-mn/|/service-areas/remsen-ia/|/service-areas/rock-rapids-ia/|/service-areas/rock-valley-ia/|/service-areas/salem-sd/|/service-areas/sibley-ia/|/service-areas/sioux-center-ia/|/service-areas/slayton-mn/|/service-areas/tea-sd/|/service-areas/volga-sd/|/service-areas/worthing-sd/|/service-areas/worthington-mn/|/service-areas/yankton-sd/,3.50,planned
/service-areas/adrian-mn/contents-restoration-storage/,service-area-service,"Contents Restoration & Storage in Adrian, MN | Crew Restoration & Construction",Contents Restoration & Storage in Adrian,"Contents restoration & storage in Adrian, MN. IICRC-certified, insurance billing accepted. Call (605) 965-2727.",contents restoration & storage adrian,,local_specialty,,,900,hero|og|inline-1|inline-2,service|local-business|faq|breadcrumb-list,/services/contents-restoration-storage/|/service-areas/adrian-mn/|/service-areas/adrian-mn/fire-damage-restoration/|/service-areas/adrian-mn/mold-remediation/|/service-areas/akron-ia/contents-restoration-storage/|/service-areas/alton-ia/contents-restoration-storage/|/contact/,3.50,planned
/service-areas/adrian-mn/contents-restoration/,service-area-service,"Contents Restoration and Storage in Adrian, MN | Crew Restoration & Construction",Contents Restoration and Storage in Adrian,"Contents restoration and storage in Adrian, MN. IICRC-certified, insurance billing accepted. Call (605) 965-2727.",contents restoration and storage adrian,contents pack-out|contents cleaning|belongings restoration|furniture restoration after fire|contents storage,local_service,,,900,hero|og|inline-1|inline-2,service|local-business|faq|breadcrumb-list,/services/contents-restoration/|/service-areas/adrian-mn/|/service-areas/adrian-mn/fire-damage-restoration/|/service-areas/adrian-mn/mold-remediation/|/service-areas/akron-ia/contents-restoration/|/service-areas/alton-ia/contents-restoration/|/contact/,3.50,planned
/service-areas/akron-ia/contents-restoration-storage/,service-area-service,"Contents Restoration & Storage in Akron, IA | Crew Restoration & Construction",Contents Restoration & Storage in Akron,"Contents restoration & storage in Akron, IA. IICRC-certified, insurance billing accepted. Call (605) 965-2727.",contents restoration & storage akron,,local_specialty,,,900,hero|og|inline-1|inline-2,service|local-business|faq|breadcrumb-list,/services/contents-restoration-storage/|/service-areas/akron-ia/|/service-areas/akron-ia/fire-damage-restoration/|/service-areas/akron-ia/mold-remediation/|/service-areas/adrian-mn/contents-restoration-storage/|/service-areas/alton-ia/contents-restoration-storage/|/contact/,3.50,planned
/service-areas/akron-ia/contents-restoration/,service-area-service,"Contents Restoration and Storage in Akron, IA | Crew Restoration & Construction",Contents Restoration and Storage in Akron,"Contents restoration and storage in Akron, IA. IICRC-certified, insurance billing accepted. Call (605) 965-2727.",contents restoration and storage akron,contents pack-out|contents cleaning|belongings restoration|furniture restoration after fire|contents storage,local_service,,,900,hero|og|inline-1|inline-2,service|local-business|faq|breadcrumb-list,/services/contents-restoration/|/service-areas/akron-ia/|/service-areas/akron-ia/fire-damage-restoration/|/service-areas/akron-ia/mold-remediation/|/service-areas/adrian-mn/contents-restoration/|/service-areas/alton-ia/contents-restoration/|/contact/,3.50,planned
/service-areas/alton-ia/contents-restoration-storage/,service-area-service,"Contents Restoration & Storage in Alton, IA | Crew Restoration & Construction",Contents Restoration & Storage in Alton,"Contents restoration & storage in Alton, IA. IICRC-certified, insurance billing accepted. Call (605) 965-2727.",contents restoration & storage alton,,local_specialty,,,900,hero|og|inline-1|inline-2,service|local-business|faq|breadcrumb-list,/services/contents-restoration-storage/|/service-areas/alton-ia/|/service-areas/alton-ia/fire-damage-restoration/|/service-areas/alton-ia/mold-remediation/|/service-areas/adrian-mn/contents-restoration-storage/|/service-areas/akron-ia/contents-restoration-storage/|/contact/,3.50,planned
/service-areas/alton-ia/contents-restoration/,service-area-service,"Contents Restoration and Storage in Alton, IA | Crew Restoration & Construction",Contents Restoration and Storage in Alton,"Contents restoration and storage in Alton, IA. IICRC-certified, insurance billing accepted. Call (605) 965-2727.",contents restoration and storage alton,contents pack-out|contents cleaning|belongings restoration|furniture restoration after fire|contents storage,local_service,,,900,hero|og|inline-1|inline-2,service|local-business|faq|breadcrumb-list,/services/contents-restoration/|/service-areas/alton-ia/|/service-areas/alton-ia/fire-damage-restoration/|/service-areas/alton-ia/mold-remediation/|/service-areas/adrian-mn/contents-restoration/|/service-areas/akron-ia/contents-restoration/|/contact/,3.50,planned
/service-areas/baltic-sd/contents-restoration-storage/,service-area-service,"Contents Restoration & Storage in Baltic, SD | Crew Restoration & Construction",Contents Restoration & Storage in Baltic,"Contents restoration & storage in Baltic, SD. IICRC-certified, insurance billing accepted. Call (605) 965-2727.",contents restoration & storage baltic,,local_specialty,,,900,hero|og|inline-1|inline-2,service|local-business|faq|breadcrumb-list,/services/contents-restoration-storage/|/service-areas/baltic-sd/|/service-areas/baltic-sd/fire-damage-restoration/|/service-areas/baltic-sd/mold-remediation/|/service-areas/adrian-mn/contents-restoration-storage/|/service-areas/akron-ia/contents-restoration-storage/|/contact/,3.50,planned
/service-areas/baltic-sd/contents-restoration/,service-area-service,"Contents Restoration and Storage in Baltic, SD | Crew Restoration & Construction",Contents Restoration and Storage in Baltic,"Contents restoration and storage in Baltic, SD. IICRC-certified, insurance billing accepted. Call (605) 965-2727.",contents restoration and storage baltic,contents pack-out|contents cleaning|belongings restoration|furniture restoration after fire|contents storage,local_service,,,900,hero|og|inline-1|inline-2,service|local-business|faq|breadcrumb-list,/services/contents-restoration/|/service-areas/baltic-sd/|/service-areas/baltic-sd/fire-damage-restoration/|/service-areas/baltic-sd/mold-remediation/|/service-areas/adrian-mn/contents-restoration/|/service-areas/akron-ia/contents-restoration/|/contact/,3.50,planned
/service-areas/beresford-sd/contents-restoration-storage/,service-area-service,"Contents Restoration & Storage in Beresford, SD | Crew Restoration & Construction",Contents Restoration & Storage in Beresford,"Contents restoration & storage in Beresford, SD. IICRC-certified, insurance billing accepted. Call (605) 965-2727.",contents restoration & storage beresford,,local_specialty,,,900,hero|og|inline-1|inline-2,service|local-business|faq|breadcrumb-list,/services/contents-restoration-storage/|/service-areas/beresford-sd/|/service-areas/beresford-sd/fire-damage-restoration/|/service-areas/beresford-sd/mold-remediation/|/service-areas/adrian-mn/contents-restoration-storage/|/service-areas/akron-ia/contents-restoration-storage/|/contact/,3.50,planned
/service-areas/beresford-sd/contents-restoration/,service-area-service,"Contents Restoration and Storage in Beresford, SD | Crew Restoration & Construction",Contents Restoration and Storage in Beresford,"Contents restoration and storage in Beresford, SD. IICRC-certified, insurance billing accepted. Call (605) 965-2727.",contents restoration and storage beresford,contents pack-out|contents cleaning|belongings restoration|furniture restoration after fire|contents storage,local_service,,,900,hero|og|inline-1|inline-2,service|local-business|faq|breadcrumb-list,/services/contents-restoration/|/service-areas/beresford-sd/|/service-areas/beresford-sd/fire-damage-restoration/|/service-areas/beresford-sd/mold-remediation/|/service-areas/adrian-mn/contents-restoration/|/service-areas/akron-ia/contents-restoration/|/contact/,3.50,planned
/service-areas/brandon-sd/contents-restoration-storage/,service-area-service,"Contents Restoration & Storage in Brandon, SD | Crew Restoration & Construction",Contents Restoration & Storage in Brandon,"Contents restoration & storage in Brandon, SD. IICRC-certified, insurance billing accepted. Call (605) 965-2727.",contents restoration & storage brandon,,local_specialty,,,900,hero|og|inline-1|inline-2,service|local-business|faq|breadcrumb-list,/services/contents-restoration-storage/|/service-areas/brandon-sd/|/service-areas/brandon-sd/fire-damage-restoration/|/service-areas/brandon-sd/mold-remediation/|/service-areas/adrian-mn/contents-restoration-storage/|/service-areas/akron-ia/contents-restoration-storage/|/contact/,3.50,planned
/service-areas/brandon-sd/contents-restoration/,service-area-service,"Contents Restoration and Storage in Brandon, SD | Crew Restoration & Construction",Contents Restoration and Storage in Brandon,"Contents restoration and storage in Brandon, SD. IICRC-certified, insurance billing accepted. Call (605) 965-2727.",contents restoration and storage brandon,contents pack-out|contents cleaning|belongings restoration|furniture restoration after fire|contents storage,local_service,,,900,hero|og|inline-1|inline-2,service|local-business|faq|breadcrumb-list,/services/contents-restoration/|/service-areas/brandon-sd/|/service-areas/brandon-sd/fire-damage-restoration/|/service-areas/brandon-sd/mold-remediation/|/service-areas/adrian-mn/contents-restoration/|/service-areas/akron-ia/contents-restoration/|/contact/,3.50,planned
/service-areas/brookings-sd/contents-restoration-storage/,service-area-service,"Contents Restoration & Storage in Brookings, SD | Crew Restoration & Construction",Contents Restoration & Storage in Brookings,"Contents restoration & storage in Brookings, SD. IICRC-certified, insurance billing accepted. Call (605) 965-2727.",contents restoration & storage brookings,,local_specialty,,,900,hero|og|inline-1|inline-2,service|local-business|faq|breadcrumb-list,/services/contents-restoration-storage/|/service-areas/brookings-sd/|/service-areas/brookings-sd/fire-damage-restoration/|/service-areas/brookings-sd/mold-remediation/|/service-areas/adrian-mn/contents-restoration-storage/|/service-areas/akron-ia/contents-restoration-storage/|/contact/,3.50,planned
/service-areas/brookings-sd/contents-restoration/,service-area-service,"Contents Restoration and Storage in Brookings, SD | Crew Restoration & Construction",Contents Restoration and Storage in Brookings,"Contents restoration and storage in Brookings, SD. IICRC-certified, insurance billing accepted. Call (605) 965-2727.",contents restoration and storage brookings,contents pack-out|contents cleaning|belongings restoration|furniture restoration after fire|contents storage,local_service,,,900,hero|og|inline-1|inline-2,service|local-business|faq|breadcrumb-list,/services/contents-restoration/|/service-areas/brookings-sd/|/service-areas/brookings-sd/fire-damage-restoration/|/service-areas/brookings-sd/mold-remediation/|/service-areas/adrian-mn/contents-restoration/|/service-areas/akron-ia/contents-restoration/|/contact/,3.50,planned
/service-areas/canton-sd/contents-restoration-storage/,service-area-service,"Contents Restoration & Storage in Canton, SD | Crew Restoration & Construction",Contents Restoration & Storage in Canton,"Contents restoration & storage in Canton, SD. IICRC-certified, insurance billing accepted. Call (605) 965-2727.",contents restoration & storage canton,,local_specialty,,,900,hero|og|inline-1|inline-2,service|local-business|faq|breadcrumb-list,/services/contents-restoration-storage/|/service-areas/canton-sd/|/service-areas/canton-sd/fire-damage-restoration/|/service-areas/canton-sd/mold-remediation/|/service-areas/adrian-mn/contents-restoration-storage/|/service-areas/akron-ia/contents-restoration-storage/|/contact/,3.50,planned
/service-areas/canton-sd/contents-restoration/,service-area-service,"Contents Restoration and Storage in Canton, SD | Crew Restoration & Construction",Contents Restoration and Storage in Canton,"Contents restoration and storage in Canton, SD. IICRC-certified, insurance billing accepted. Call (605) 965-2727.",contents restoration and storage canton,contents pack-out|contents cleaning|belongings restoration|furniture restoration after fire|contents storage,local_service,,,900,hero|og|inline-1|inline-2,service|local-business|faq|breadcrumb-list,/services/contents-restoration/|/service-areas/canton-sd/|/service-areas/canton-sd/fire-damage-restoration/|/service-areas/canton-sd/mold-remediation/|/service-areas/adrian-mn/contents-restoration/|/service-areas/akron-ia/contents-restoration/|/contact/,3.50,planned
/service-areas/crooks-sd/contents-restoration-storage/,service-area-service,"Contents Restoration & Storage in Crooks, SD | Crew Restoration & Construction",Contents Restoration & Storage in Crooks,"Contents restoration & storage in Crooks, SD. IICRC-certified, insurance billing accepted. Call (605) 965-2727.",contents restoration & storage crooks,,local_specialty,,,900,hero|og|inline-1|inline-2,service|local-business|faq|breadcrumb-list,/services/contents-restoration-storage/|/service-areas/crooks-sd/|/service-areas/crooks-sd/fire-damage-restoration/|/service-areas/crooks-sd/mold-remediation/|/service-areas/adrian-mn/contents-restoration-storage/|/service-areas/akron-ia/contents-restoration-storage/|/contact/,3.50,planned
/service-areas/crooks-sd/contents-restoration/,service-area-service,"Contents Restoration and Storage in Crooks, SD | Crew Restoration & Construction",Contents Restoration and Storage in Crooks,"Contents restoration and storage in Crooks, SD. IICRC-certified, insurance billing accepted. Call (605) 965-2727.",contents restoration and storage crooks,contents pack-out|contents cleaning|belongings restoration|furniture restoration after fire|contents storage,local_service,,,900,hero|og|inline-1|inline-2,service|local-business|faq|breadcrumb-list,/services/contents-restoration/|/service-areas/crooks-sd/|/service-areas/crooks-sd/fire-damage-restoration/|/service-areas/crooks-sd/mold-remediation/|/service-areas/adrian-mn/contents-restoration/|/service-areas/akron-ia/contents-restoration/|/contact/,3.50,planned
/service-areas/dakota-dunes-sd/contents-restoration-storage/,service-area-service,"Contents Restoration & Storage in Dakota Dunes, SD | Crew Restoration & Construction",Contents Restoration & Storage in Dakota Dunes,"Contents restoration & storage in Dakota Dunes, SD. IICRC-certified, insurance billing accepted. Call (605) 965-2727.",contents restoration & storage dakota dunes,,local_specialty,,,900,hero|og|inline-1|inline-2,service|local-business|faq|breadcrumb-list,/services/contents-restoration-storage/|/service-areas/dakota-dunes-sd/|/service-areas/dakota-dunes-sd/fire-damage-restoration/|/service-areas/dakota-dunes-sd/mold-remediation/|/service-areas/adrian-mn/contents-restoration-storage/|/service-areas/akron-ia/contents-restoration-storage/|/contact/,3.50,planned
/service-areas/dakota-dunes-sd/contents-restoration/,service-area-service,"Contents Restoration and Storage in Dakota Dunes, SD | Crew Restoration & Construction",Contents Restoration and Storage in Dakota Dunes,"Contents restoration and storage in Dakota Dunes, SD. IICRC-certified, insurance billing accepted. Call (605) 965-2727.",contents restoration and storage dakota dunes,contents pack-out|contents cleaning|belongings restoration|furniture restoration after fire|contents storage,local_service,,,900,hero|og|inline-1|inline-2,service|local-business|faq|breadcrumb-list,/services/contents-restoration/|/service-areas/dakota-dunes-sd/|/service-areas/dakota-dunes-sd/fire-damage-restoration/|/service-areas/dakota-dunes-sd/mold-remediation/|/service-areas/adrian-mn/contents-restoration/|/service-areas/akron-ia/contents-restoration/|/contact/,3.50,planned
/service-areas/dell-rapids-sd/contents-restoration-storage/,service-area-service,"Contents Restoration & Storage in Dell Rapids, SD | Crew Restoration & Construction",Contents Restoration & Storage in Dell Rapids,"Contents restoration & storage in Dell Rapids, SD. IICRC-certified, insurance billing accepted. Call (605) 965-2727.",contents restoration & storage dell rapids,,local_specialty,,,900,hero|og|inline-1|inline-2,service|local-business|faq|breadcrumb-list,/services/contents-restoration-storage/|/service-areas/dell-rapids-sd/|/service-areas/dell-rapids-sd/fire-damage-restoration/|/service-areas/dell-rapids-sd/mold-remediation/|/service-areas/adrian-mn/contents-restoration-storage/|/service-areas/akron-ia/contents-restoration-storage/|/contact/,3.50,planned
/service-areas/dell-rapids-sd/contents-restoration/,service-area-service,"Contents Restoration and Storage in Dell Rapids, SD | Crew Restoration & Construction",Contents Restoration and Storage in Dell Rapids,"Contents restoration and storage in Dell Rapids, SD. IICRC-certified, insurance billing accepted. Call (605) 965-2727.",contents restoration and storage dell rapids,contents pack-out|contents cleaning|belongings restoration|furniture restoration after fire|contents storage,local_service,,,900,hero|og|inline-1|inline-2,service|local-business|faq|breadcrumb-list,/services/contents-restoration/|/service-areas/dell-rapids-sd/|/service-areas/dell-rapids-sd/fire-damage-restoration/|/service-areas/dell-rapids-sd/mold-remediation/|/service-areas/adrian-mn/contents-restoration/|/service-areas/akron-ia/contents-restoration/|/contact/,3.50,planned
/service-areas/edgerton-mn/contents-restoration-storage/,service-area-service,"Contents Restoration & Storage in Edgerton, MN | Crew Restoration & Construction",Contents Restoration & Storage in Edgerton,"Contents restoration & storage in Edgerton, MN. IICRC-certified, insurance billing accepted. Call (605) 965-2727.",contents restoration & storage edgerton,,local_specialty,,,900,hero|og|inline-1|inline-2,service|local-business|faq|breadcrumb-list,/services/contents-restoration-storage/|/service-areas/edgerton-mn/|/service-areas/edgerton-mn/fire-damage-restoration/|/service-areas/edgerton-mn/mold-remediation/|/service-areas/adrian-mn/contents-restoration-storage/|/service-areas/akron-ia/contents-restoration-storage/|/contact/,3.50,planned
/service-areas/edgerton-mn/contents-restoration/,service-area-service,"Contents Restoration and Storage in Edgerton, MN | Crew Restoration & Construction",Contents Restoration and Storage in Edgerton,"Contents restoration and storage in Edgerton, MN. IICRC-certified, insurance billing accepted. Call (605) 965-2727.",contents restoration and storage edgerton,contents pack-out|contents cleaning|belongings restoration|furniture restoration after fire|contents storage,local_service,,,900,hero|og|inline-1|inline-2,service|local-business|faq|breadcrumb-list,/services/contents-restoration/|/service-areas/edgerton-mn/|/service-areas/edgerton-mn/fire-damage-restoration/|/service-areas/edgerton-mn/mold-remediation/|/service-areas/adrian-mn/contents-restoration/|/service-areas/akron-ia/contents-restoration/|/contact/,3.50,planned
/service-areas/elk-point-sd/contents-restoration-storage/,service-area-service,"Contents Restoration & Storage in Elk Point, SD | Crew Restoration & Construction",Contents Restoration & Storage in Elk Point,"Contents restoration & storage in Elk Point, SD. IICRC-certified, insurance billing accepted. Call (605) 965-2727.",contents restoration & storage elk point,,local_specialty,,,900,hero|og|inline-1|inline-2,service|local-business|faq|breadcrumb-list,/services/contents-restoration-storage/|/service-areas/elk-point-sd/|/service-areas/elk-point-sd/fire-damage-restoration/|/service-areas/elk-point-sd/mold-remediation/|/service-areas/adrian-mn/contents-restoration-storage/|/service-areas/akron-ia/contents-restoration-storage/|/contact/,3.50,planned
/service-areas/elk-point-sd/contents-restoration/,service-area-service,"Contents Restoration and Storage in Elk Point, SD | Crew Restoration & Construction",Contents Restoration and Storage in Elk Point,"Contents restoration and storage in Elk Point, SD. IICRC-certified, insurance billing accepted. Call (605) 965-2727.",contents restoration and storage elk point,contents pack-out|contents cleaning|belongings restoration|furniture restoration after fire|contents storage,local_service,,,900,hero|og|inline-1|inline-2,service|local-business|faq|breadcrumb-list,/services/contents-restoration/|/service-areas/elk-point-sd/|/service-areas/elk-point-sd/fire-damage-restoration/|/service-areas/elk-point-sd/mold-remediation/|/service-areas/adrian-mn/contents-restoration/|/service-areas/akron-ia/contents-restoration/|/contact/,3.50,planned
/service-areas/flandreau-sd/contents-restoration-storage/,service-area-service,"Contents Restoration & Storage in Flandreau, SD | Crew Restoration & Construction",Contents Restoration & Storage in Flandreau,"Contents restoration & storage in Flandreau, SD. IICRC-certified, insurance billing accepted. Call (605) 965-2727.",contents restoration & storage flandreau,,local_specialty,,,900,hero|og|inline-1|inline-2,service|local-business|faq|breadcrumb-list,/services/contents-restoration-storage/|/service-areas/flandreau-sd/|/service-areas/flandreau-sd/fire-damage-restoration/|/service-areas/flandreau-sd/mold-remediation/|/service-areas/adrian-mn/contents-restoration-storage/|/service-areas/akron-ia/contents-restoration-storage/|/contact/,3.50,planned
/service-areas/flandreau-sd/contents-restoration/,service-area-service,"Contents Restoration and Storage in Flandreau, SD | Crew Restoration & Construction",Contents Restoration and Storage in Flandreau,"Contents restoration and storage in Flandreau, SD. IICRC-certified, insurance billing accepted. Call (605) 965-2727.",contents restoration and storage flandreau,contents pack-out|contents cleaning|belongings restoration|furniture restoration after fire|contents storage,local_service,,,900,hero|og|inline-1|inline-2,service|local-business|faq|breadcrumb-list,/services/contents-restoration/|/service-areas/flandreau-sd/|/service-areas/flandreau-sd/fire-damage-restoration/|/service-areas/flandreau-sd/mold-remediation/|/service-areas/adrian-mn/contents-restoration/|/service-areas/akron-ia/contents-restoration/|/contact/,3.50,planned
/service-areas/fulda-mn/contents-restoration-storage/,service-area-service,"Contents Restoration & Storage in Fulda, MN | Crew Restoration & Construction",Contents Restoration & Storage in Fulda,"Contents restoration & storage in Fulda, MN. IICRC-certified, insurance billing accepted. Call (605) 965-2727.",contents restoration & storage fulda,,local_specialty,,,900,hero|og|inline-1|inline-2,service|local-business|faq|breadcrumb-list,/services/contents-restoration-storage/|/service-areas/fulda-mn/|/service-areas/fulda-mn/fire-damage-restoration/|/service-areas/fulda-mn/mold-remediation/|/service-areas/adrian-mn/contents-restoration-storage/|/service-areas/akron-ia/contents-restoration-storage/|/contact/,3.50,planned
/service-areas/fulda-mn/contents-restoration/,service-area-service,"Contents Restoration and Storage in Fulda, MN | Crew Restoration & Construction",Contents Restoration and Storage in Fulda,"Contents restoration and storage in Fulda, MN. IICRC-certified, insurance billing accepted. Call (605) 965-2727.",contents restoration and storage fulda,contents pack-out|contents cleaning|belongings restoration|furniture restoration after fire|contents storage,local_service,,,900,hero|og|inline-1|inline-2,service|local-business|faq|breadcrumb-list,/services/contents-restoration/|/service-areas/fulda-mn/|/service-areas/fulda-mn/fire-damage-restoration/|/service-areas/fulda-mn/mold-remediation/|/service-areas/adrian-mn/contents-restoration/|/service-areas/akron-ia/contents-restoration/|/contact/,3.50,planned
/service-areas/garretson-sd/contents-restoration-storage/,service-area-service,"Contents Restoration & Storage in Garretson, SD | Crew Restoration & Construction",Contents Restoration & Storage in Garretson,"Contents restoration & storage in Garretson, SD. IICRC-certified, insurance billing accepted. Call (605) 965-2727.",contents restoration & storage garretson,,local_specialty,,,900,hero|og|inline-1|inline-2,service|local-business|faq|breadcrumb-list,/services/contents-restoration-storage/|/service-areas/garretson-sd/|/service-areas/garretson-sd/fire-damage-restoration/|/service-areas/garretson-sd/mold-remediation/|/service-areas/adrian-mn/contents-restoration-storage/|/service-areas/akron-ia/contents-restoration-storage/|/contact/,3.50,planned
/service-areas/garretson-sd/contents-restoration/,service-area-service,"Contents Restoration and Storage in Garretson, SD | Crew Restoration & Construction",Contents Restoration and Storage in Garretson,"Contents restoration and storage in Garretson, SD. IICRC-certified, insurance billing accepted. Call (605) 965-2727.",contents restoration and storage garretson,contents pack-out|contents cleaning|belongings restoration|furniture restoration after fire|contents storage,local_service,,,900,hero|og|inline-1|inline-2,service|local-business|faq|breadcrumb-list,/services/contents-restoration/|/service-areas/garretson-sd/|/service-areas/garretson-sd/fire-damage-restoration/|/service-areas/garretson-sd/mold-remediation/|/service-areas/adrian-mn/contents-restoration/|/service-areas/akron-ia/contents-restoration/|/contact/,3.50,planned
/service-areas/george-ia/contents-restoration-storage/,service-area-service,"Contents Restoration & Storage in George, IA | Crew Restoration & Construction",Contents Restoration & Storage in George,"Contents restoration & storage in George, IA. IICRC-certified, insurance billing accepted. Call (605) 965-2727.",contents restoration & storage george,,local_specialty,,,900,hero|og|inline-1|inline-2,service|local-business|faq|breadcrumb-list,/services/contents-restoration-storage/|/service-areas/george-ia/|/service-areas/george-ia/fire-damage-restoration/|/service-areas/george-ia/mold-remediation/|/service-areas/adrian-mn/contents-restoration-storage/|/service-areas/akron-ia/contents-restoration-storage/|/contact/,3.50,planned
/service-areas/george-ia/contents-restoration/,service-area-service,"Contents Restoration and Storage in George, IA | Crew Restoration & Construction",Contents Restoration and Storage in George,"Contents restoration and storage in George, IA. IICRC-certified, insurance billing accepted. Call (605) 965-2727.",contents restoration and storage george,contents pack-out|contents cleaning|belongings restoration|furniture restoration after fire|contents storage,local_service,,,900,hero|og|inline-1|inline-2,service|local-business|faq|breadcrumb-list,/services/contents-restoration/|/service-areas/george-ia/|/service-areas/george-ia/fire-damage-restoration/|/service-areas/george-ia/mold-remediation/|/service-areas/adrian-mn/contents-restoration/|/service-areas/akron-ia/contents-restoration/|/contact/,3.50,planned
/service-areas/harrisburg-sd/contents-restoration-storage/,service-area-service,"Contents Restoration & Storage in Harrisburg, SD | Crew Restoration & Construction",Contents Restoration & Storage in Harrisburg,"Contents restoration & storage in Harrisburg, SD. IICRC-certified, insurance billing accepted. Call (605) 965-2727.",contents restoration & storage harrisburg,,local_specialty,,,900,hero|og|inline-1|inline-2,service|local-business|faq|breadcrumb-list,/services/contents-restoration-storage/|/service-areas/harrisburg-sd/|/service-areas/harrisburg-sd/fire-damage-restoration/|/service-areas/harrisburg-sd/mold-remediation/|/service-areas/adrian-mn/contents-restoration-storage/|/service-areas/akron-ia/contents-restoration-storage/|/contact/,3.50,planned
/service-areas/harrisburg-sd/contents-restoration/,service-area-service,"Contents Restoration and Storage in Harrisburg, SD | Crew Restoration & Construction",Contents Restoration and Storage in Harrisburg,"Contents restoration and storage in Harrisburg, SD. IICRC-certified, insurance billing accepted. Call (605) 965-2727.",contents restoration and storage harrisburg,contents pack-out|contents cleaning|belongings restoration|furniture restoration after fire|contents storage,local_service,,,900,hero|og|inline-1|inline-2,service|local-business|faq|breadcrumb-list,/services/contents-restoration/|/service-areas/harrisburg-sd/|/service-areas/harrisburg-sd/fire-damage-restoration/|/service-areas/harrisburg-sd/mold-remediation/|/service-areas/adrian-mn/contents-restoration/|/service-areas/akron-ia/contents-restoration/|/contact/,3.50,planned
/service-areas/hartford-sd/contents-restoration-storage/,service-area-service,"Contents Restoration & Storage in Hartford, SD | Crew Restoration & Construction",Contents Restoration & Storage in Hartford,"Contents restoration & storage in Hartford, SD. IICRC-certified, insurance billing accepted. Call (605) 965-2727.",contents restoration & storage hartford,,local_specialty,,,900,hero|og|inline-1|inline-2,service|local-business|faq|breadcrumb-list,/services/contents-restoration-storage/|/service-areas/hartford-sd/|/service-areas/hartford-sd/fire-damage-restoration/|/service-areas/hartford-sd/mold-remediation/|/service-areas/adrian-mn/contents-restoration-storage/|/service-areas/akron-ia/contents-restoration-storage/|/contact/,3.50,planned
/service-areas/hartford-sd/contents-restoration/,service-area-service,"Contents Restoration and Storage in Hartford, SD | Crew Restoration & Construction",Contents Restoration and Storage in Hartford,"Contents restoration and storage in Hartford, SD. IICRC-certified, insurance billing accepted. Call (605) 965-2727.",contents restoration and storage hartford,contents pack-out|contents cleaning|belongings restoration|furniture restoration after fire|contents storage,local_service,,,900,hero|og|inline-1|inline-2,service|local-business|faq|breadcrumb-list,/services/contents-restoration/|/service-areas/hartford-sd/|/service-areas/hartford-sd/fire-damage-restoration/|/service-areas/hartford-sd/mold-remediation/|/service-areas/adrian-mn/contents-restoration/|/service-areas/akron-ia/contents-restoration/|/contact/,3.50,planned
/service-areas/hawarden-ia/contents-restoration-storage/,service-area-service,"Contents Restoration & Storage in Hawarden, IA | Crew Restoration & Construction",Contents Restoration & Storage in Hawarden,"Contents restoration & storage in Hawarden, IA. IICRC-certified, insurance billing accepted. Call (605) 965-2727.",contents restoration & storage hawarden,,local_specialty,,,900,hero|og|inline-1|inline-2,service|local-business|faq|breadcrumb-list,/services/contents-restoration-storage/|/service-areas/hawarden-ia/|/service-areas/hawarden-ia/fire-damage-restoration/|/service-areas/hawarden-ia/mold-remediation/|/service-areas/adrian-mn/contents-restoration-storage/|/service-areas/akron-ia/contents-restoration-storage/|/contact/,3.50,planned
/service-areas/hawarden-ia/contents-restoration/,service-area-service,"Contents Restoration and Storage in Hawarden, IA | Crew Restoration & Construction",Contents Restoration and Storage in Hawarden,"Contents restoration and storage in Hawarden, IA. IICRC-certified, insurance billing accepted. Call (605) 965-2727.",contents restoration and storage hawarden,contents pack-out|contents cleaning|belongings restoration|furniture restoration after fire|contents storage,local_service,,,900,hero|og|inline-1|inline-2,service|local-business|faq|breadcrumb-list,/services/contents-restoration/|/service-areas/hawarden-ia/|/service-areas/hawarden-ia/fire-damage-restoration/|/service-areas/hawarden-ia/mold-remediation/|/service-areas/adrian-mn/contents-restoration/|/service-areas/akron-ia/contents-restoration/|/contact/,3.50,planned
/service-areas/hinton-ia/contents-restoration-storage/,service-area-service,"Contents Restoration & Storage in Hinton, IA | Crew Restoration & Construction",Contents Restoration & Storage in Hinton,"Contents restoration & storage in Hinton, IA. IICRC-certified, insurance billing accepted. Call (605) 965-2727.",contents restoration & storage hinton,,local_specialty,,,900,hero|og|inline-1|inline-2,service|local-business|faq|breadcrumb-list,/services/contents-restoration-storage/|/service-areas/hinton-ia/|/service-areas/hinton-ia/fire-damage-restoration/|/service-areas/hinton-ia/mold-remediation/|/service-areas/adrian-mn/contents-restoration-storage/|/service-areas/akron-ia/contents-restoration-storage/|/contact/,3.50,planned
/service-areas/hinton-ia/contents-restoration/,service-area-service,"Contents Restoration and Storage in Hinton, IA | Crew Restoration & Construction",Contents Restoration and Storage in Hinton,"Contents restoration and storage in Hinton, IA. IICRC-certified, insurance billing accepted. Call (605) 965-2727.",contents restoration and storage hinton,contents pack-out|contents cleaning|belongings restoration|furniture restoration after fire|contents storage,local_service,,,900,hero|og|inline-1|inline-2,service|local-business|faq|breadcrumb-list,/services/contents-restoration/|/service-areas/hinton-ia/|/service-areas/hinton-ia/fire-damage-restoration/|/service-areas/hinton-ia/mold-remediation/|/service-areas/adrian-mn/contents-restoration/|/service-areas/akron-ia/contents-restoration/|/contact/,3.50,planned
/service-areas/hull-ia/contents-restoration-storage/,service-area-service,"Contents Restoration & Storage in Hull, IA | Crew Restoration & Construction",Contents Restoration & Storage in Hull,"Contents restoration & storage in Hull, IA. IICRC-certified, insurance billing accepted. Call (605) 965-2727.",contents restoration & storage hull,,local_specialty,,,900,hero|og|inline-1|inline-2,service|local-business|faq|breadcrumb-list,/services/contents-restoration-storage/|/service-areas/hull-ia/|/service-areas/hull-ia/fire-damage-restoration/|/service-areas/hull-ia/mold-remediation/|/service-areas/adrian-mn/contents-restoration-storage/|/service-areas/akron-ia/contents-restoration-storage/|/contact/,3.50,planned
/service-areas/hull-ia/contents-restoration/,service-area-service,"Contents Restoration and Storage in Hull, IA | Crew Restoration & Construction",Contents Restoration and Storage in Hull,"Contents restoration and storage in Hull, IA. IICRC-certified, insurance billing accepted. Call (605) 965-2727.",contents restoration and storage hull,contents pack-out|contents cleaning|belongings restoration|furniture restoration after fire|contents storage,local_service,,,900,hero|og|inline-1|inline-2,service|local-business|faq|breadcrumb-list,/services/contents-restoration/|/service-areas/hull-ia/|/service-areas/hull-ia/fire-damage-restoration/|/service-areas/hull-ia/mold-remediation/|/service-areas/adrian-mn/contents-restoration/|/service-areas/akron-ia/contents-restoration/|/contact/,3.50,planned
/service-areas/kingsley-ia/contents-restoration-storage/,service-area-service,"Contents Restoration & Storage in Kingsley, IA | Crew Restoration & Construction",Contents Restoration & Storage in Kingsley,"Contents restoration & storage in Kingsley, IA. IICRC-certified, insurance billing accepted. Call (605) 965-2727.",contents restoration & storage kingsley,,local_specialty,,,900,hero|og|inline-1|inline-2,service|local-business|faq|breadcrumb-list,/services/contents-restoration-storage/|/service-areas/kingsley-ia/|/service-areas/kingsley-ia/fire-damage-restoration/|/service-areas/kingsley-ia/mold-remediation/|/service-areas/adrian-mn/contents-restoration-storage/|/service-areas/akron-ia/contents-restoration-storage/|/contact/,3.50,planned
/service-areas/kingsley-ia/contents-restoration/,service-area-service,"Contents Restoration and Storage in Kingsley, IA | Crew Restoration & Construction",Contents Restoration and Storage in Kingsley,"Contents restoration and storage in Kingsley, IA. IICRC-certified, insurance billing accepted. Call (605) 965-2727.",contents restoration and storage kingsley,contents pack-out|contents cleaning|belongings restoration|furniture restoration after fire|contents storage,local_service,,,900,hero|og|inline-1|inline-2,service|local-business|faq|breadcrumb-list,/services/contents-restoration/|/service-areas/kingsley-ia/|/service-areas/kingsley-ia/fire-damage-restoration/|/service-areas/kingsley-ia/mold-remediation/|/service-areas/adrian-mn/contents-restoration/|/service-areas/akron-ia/contents-restoration/|/contact/,3.50,planned
/service-areas/le-mars-ia/contents-restoration-storage/,service-area-service,"Contents Restoration & Storage in Le Mars, IA | Crew Restoration & Construction",Contents Restoration & Storage in Le Mars,"Contents restoration & storage in Le Mars, IA. IICRC-certified, insurance billing accepted. Call (605) 965-2727.",contents restoration & storage le mars,,local_specialty,,,900,hero|og|inline-1|inline-2,service|local-business|faq|breadcrumb-list,/services/contents-restoration-storage/|/service-areas/le-mars-ia/|/service-areas/le-mars-ia/fire-damage-restoration/|/service-areas/le-mars-ia/mold-remediation/|/service-areas/adrian-mn/contents-restoration-storage/|/service-areas/akron-ia/contents-restoration-storage/|/contact/,3.50,planned
/service-areas/le-mars-ia/contents-restoration/,service-area-service,"Contents Restoration and Storage in Le Mars, IA | Crew Restoration & Construction",Contents Restoration and Storage in Le Mars,"Contents restoration and storage in Le Mars, IA. IICRC-certified, insurance billing accepted. Call (605) 965-2727.",contents restoration and storage le mars,contents pack-out|contents cleaning|belongings restoration|furniture restoration after fire|contents storage,local_service,,,900,hero|og|inline-1|inline-2,service|local-business|faq|breadcrumb-list,/services/contents-restoration/|/service-areas/le-mars-ia/|/service-areas/le-mars-ia/fire-damage-restoration/|/service-areas/le-mars-ia/mold-remediation/|/service-areas/adrian-mn/contents-restoration/|/service-areas/akron-ia/contents-restoration/|/contact/,3.50,planned
/service-areas/lennox-sd/contents-restoration-storage/,service-area-service,"Contents Restoration & Storage in Lennox, SD | Crew Restoration & Construction",Contents Restoration & Storage in Lennox,"Contents restoration & storage in Lennox, SD. IICRC-certified, insurance billing accepted. Call (605) 965-2727.",contents restoration & storage lennox,,local_specialty,,,900,hero|og|inline-1|inline-2,service|local-business|faq|breadcrumb-list,/services/contents-restoration-storage/|/service-areas/lennox-sd/|/service-areas/lennox-sd/fire-damage-restoration/|/service-areas/lennox-sd/mold-remediation/|/service-areas/adrian-mn/contents-restoration-storage/|/service-areas/akron-ia/contents-restoration-storage/|/contact/,3.50,planned
/service-areas/lennox-sd/contents-restoration/,service-area-service,"Contents Restoration and Storage in Lennox, SD | Crew Restoration & Construction",Contents Restoration and Storage in Lennox,"Contents restoration and storage in Lennox, SD. IICRC-certified, insurance billing accepted. Call (605) 965-2727.",contents restoration and storage lennox,contents pack-out|contents cleaning|belongings restoration|furniture restoration after fire|contents storage,local_service,,,900,hero|og|inline-1|inline-2,service|local-business|faq|breadcrumb-list,/services/contents-restoration/|/service-areas/lennox-sd/|/service-areas/lennox-sd/fire-damage-restoration/|/service-areas/lennox-sd/mold-remediation/|/service-areas/adrian-mn/contents-restoration/|/service-areas/akron-ia/contents-restoration/|/contact/,3.50,planned
/service-areas/luverne-mn/contents-restoration-storage/,service-area-service,"Contents Restoration & Storage in Luverne, MN | Crew Restoration & Construction",Contents Restoration & Storage in Luverne,"Contents restoration & storage in Luverne, MN. IICRC-certified, insurance billing accepted. Call (605) 965-2727.",contents restoration & storage luverne,,local_specialty,,,900,hero|og|inline-1|inline-2,service|local-business|faq|breadcrumb-list,/services/contents-restoration-storage/|/service-areas/luverne-mn/|/service-areas/luverne-mn/fire-damage-restoration/|/service-areas/luverne-mn/mold-remediation/|/service-areas/adrian-mn/contents-restoration-storage/|/service-areas/akron-ia/contents-restoration-storage/|/contact/,3.50,planned
/service-areas/luverne-mn/contents-restoration/,service-area-service,"Contents Restoration and Storage in Luverne, MN | Crew Restoration & Construction",Contents Restoration and Storage in Luverne,"Contents restoration and storage in Luverne, MN. IICRC-certified, insurance billing accepted. Call (605) 965-2727.",contents restoration and storage luverne,contents pack-out|contents cleaning|belongings restoration|furniture restoration after fire|contents storage,local_service,,,900,hero|og|inline-1|inline-2,service|local-business|faq|breadcrumb-list,/services/contents-restoration/|/service-areas/luverne-mn/|/service-areas/luverne-mn/fire-damage-restoration/|/service-areas/luverne-mn/mold-remediation/|/service-areas/adrian-mn/contents-restoration/|/service-areas/akron-ia/contents-restoration/|/contact/,3.50,planned
/service-areas/madison-sd/contents-restoration-storage/,service-area-service,"Contents Restoration & Storage in Madison, SD | Crew Restoration & Construction",Contents Restoration & Storage in Madison,"Contents restoration & storage in Madison, SD. IICRC-certified, insurance billing accepted. Call (605) 965-2727.",contents restoration & storage madison,,local_specialty,,,900,hero|og|inline-1|inline-2,service|local-business|faq|breadcrumb-list,/services/contents-restoration-storage/|/service-areas/madison-sd/|/service-areas/madison-sd/fire-damage-restoration/|/service-areas/madison-sd/mold-remediation/|/service-areas/adrian-mn/contents-restoration-storage/|/service-areas/akron-ia/contents-restoration-storage/|/contact/,3.50,planned
/service-areas/madison-sd/contents-restoration/,service-area-service,"Contents Restoration and Storage in Madison, SD | Crew Restoration & Construction",Contents Restoration and Storage in Madison,"Contents restoration and storage in Madison, SD. IICRC-certified, insurance billing accepted. Call (605) 965-2727.",contents restoration and storage madison,contents pack-out|contents cleaning|belongings restoration|furniture restoration after fire|contents storage,local_service,,,900,hero|og|inline-1|inline-2,service|local-business|faq|breadcrumb-list,/services/contents-restoration/|/service-areas/madison-sd/|/service-areas/madison-sd/fire-damage-restoration/|/service-areas/madison-sd/mold-remediation/|/service-areas/adrian-mn/contents-restoration/|/service-areas/akron-ia/contents-restoration/|/contact/,3.50,planned
/service-areas/merrill-ia/contents-restoration-storage/,service-area-service,"Contents Restoration & Storage in Merrill, IA | Crew Restoration & Construction",Contents Restoration & Storage in Merrill,"Contents restoration & storage in Merrill, IA. IICRC-certified, insurance billing accepted. Call (605) 965-2727.",contents restoration & storage merrill,,local_specialty,,,900,hero|og|inline-1|inline-2,service|local-business|faq|breadcrumb-list,/services/contents-restoration-storage/|/service-areas/merrill-ia/|/service-areas/merrill-ia/fire-damage-restoration/|/service-areas/merrill-ia/mold-remediation/|/service-areas/adrian-mn/contents-restoration-storage/|/service-areas/akron-ia/contents-restoration-storage/|/contact/,3.50,planned
/service-areas/merrill-ia/contents-restoration/,service-area-service,"Contents Restoration and Storage in Merrill, IA | Crew Restoration & Construction",Contents Restoration and Storage in Merrill,"Contents restoration and storage in Merrill, IA. IICRC-certified, insurance billing accepted. Call (605) 965-2727.",contents restoration and storage merrill,contents pack-out|contents cleaning|belongings restoration|furniture restoration after fire|contents storage,local_service,,,900,hero|og|inline-1|inline-2,service|local-business|faq|breadcrumb-list,/services/contents-restoration/|/service-areas/merrill-ia/|/service-areas/merrill-ia/fire-damage-restoration/|/service-areas/merrill-ia/mold-remediation/|/service-areas/adrian-mn/contents-restoration/|/service-areas/akron-ia/contents-restoration/|/contact/,3.50,planned
/service-areas/north-sioux-city-sd/contents-restoration-storage/,service-area-service,"Contents Restoration & Storage in North Sioux City, SD | Crew Restoration & Construction",Contents Restoration & Storage in North Sioux City,"Contents restoration & storage in North Sioux City, SD. IICRC-certified, insurance billing accepted. Call (605) 965-2727.",contents restoration & storage north sioux city,,local_specialty,,,900,hero|og|inline-1|inline-2,service|local-business|faq|breadcrumb-list,/services/contents-restoration-storage/|/service-areas/north-sioux-city-sd/|/service-areas/north-sioux-city-sd/fire-damage-restoration/|/service-areas/north-sioux-city-sd/mold-remediation/|/service-areas/adrian-mn/contents-restoration-storage/|/service-areas/akron-ia/contents-restoration-storage/|/contact/,3.50,planned
/service-areas/north-sioux-city-sd/contents-restoration/,service-area-service,"Contents Restoration and Storage in North Sioux City, SD | Crew Restoration & Construction",Contents Restoration and Storage in North Sioux City,"Contents restoration and storage in North Sioux City, SD. IICRC-certified, insurance billing accepted. Call (605) 965-2727.",contents restoration and storage north sioux city,contents pack-out|contents cleaning|belongings restoration|furniture restoration after fire|contents storage,local_service,,,900,hero|og|inline-1|inline-2,service|local-business|faq|breadcrumb-list,/services/contents-restoration/|/service-areas/north-sioux-city-sd/|/service-areas/north-sioux-city-sd/fire-damage-restoration/|/service-areas/north-sioux-city-sd/mold-remediation/|/service-areas/adrian-mn/contents-restoration/|/service-areas/akron-ia/contents-restoration/|/contact/,3.50,planned
/service-areas/orange-city-ia/contents-restoration-storage/,service-area-service,"Contents Restoration & Storage in Orange City, IA | Crew Restoration & Construction",Contents Restoration & Storage in Orange City,"Contents restoration & storage in Orange City, IA. IICRC-certified, insurance billing accepted. Call (605) 965-2727.",contents restoration & storage orange city,,local_specialty,,,900,hero|og|inline-1|inline-2,service|local-business|faq|breadcrumb-list,/services/contents-restoration-storage/|/service-areas/orange-city-ia/|/service-areas/orange-city-ia/fire-damage-restoration/|/service-areas/orange-city-ia/mold-remediation/|/service-areas/adrian-mn/contents-restoration-storage/|/service-areas/akron-ia/contents-restoration-storage/|/contact/,3.50,planned
/service-areas/orange-city-ia/contents-restoration/,service-area-service,"Contents Restoration and Storage in Orange City, IA | Crew Restoration & Construction",Contents Restoration and Storage in Orange City,"Contents restoration and storage in Orange City, IA. IICRC-certified, insurance billing accepted. Call (605) 965-2727.",contents restoration and storage orange city,contents pack-out|contents cleaning|belongings restoration|furniture restoration after fire|contents storage,local_service,,,900,hero|og|inline-1|inline-2,service|local-business|faq|breadcrumb-list,/services/contents-restoration/|/service-areas/orange-city-ia/|/service-areas/orange-city-ia/fire-damage-restoration/|/service-areas/orange-city-ia/mold-remediation/|/service-areas/adrian-mn/contents-restoration/|/service-areas/akron-ia/contents-restoration/|/contact/,3.50,planned
/service-areas/parker-sd/contents-restoration-storage/,service-area-service,"Contents Restoration & Storage in Parker, SD | Crew Restoration & Construction",Contents Restoration & Storage in Parker,"Contents restoration & storage in Parker, SD. IICRC-certified, insurance billing accepted. Call (605) 965-2727.",contents restoration & storage parker,,local_specialty,,,900,hero|og|inline-1|inline-2,service|local-business|faq|breadcrumb-list,/services/contents-restoration-storage/|/service-areas/parker-sd/|/service-areas/parker-sd/fire-damage-restoration/|/service-areas/parker-sd/mold-remediation/|/service-areas/adrian-mn/contents-restoration-storage/|/service-areas/akron-ia/contents-restoration-storage/|/contact/,3.50,planned
/service-areas/parker-sd/contents-restoration/,service-area-service,"Contents Restoration and Storage in Parker, SD | Crew Restoration & Construction",Contents Restoration and Storage in Parker,"Contents restoration and storage in Parker, SD. IICRC-certified, insurance billing accepted. Call (605) 965-2727.",contents restoration and storage parker,contents pack-out|contents cleaning|belongings restoration|furniture restoration after fire|contents storage,local_service,,,900,hero|og|inline-1|inline-2,service|local-business|faq|breadcrumb-list,/services/contents-restoration/|/service-areas/parker-sd/|/service-areas/parker-sd/fire-damage-restoration/|/service-areas/parker-sd/mold-remediation/|/service-areas/adrian-mn/contents-restoration/|/service-areas/akron-ia/contents-restoration/|/contact/,3.50,planned
/service-areas/pipestone-mn/contents-restoration-storage/,service-area-service,"Contents Restoration & Storage in Pipestone, MN | Crew Restoration & Construction",Contents Restoration & Storage in Pipestone,"Contents restoration & storage in Pipestone, MN. IICRC-certified, insurance billing accepted. Call (605) 965-2727.",contents restoration & storage pipestone,,local_specialty,,,900,hero|og|inline-1|inline-2,service|local-business|faq|breadcrumb-list,/services/contents-restoration-storage/|/service-areas/pipestone-mn/|/service-areas/pipestone-mn/fire-damage-restoration/|/service-areas/pipestone-mn/mold-remediation/|/service-areas/adrian-mn/contents-restoration-storage/|/service-areas/akron-ia/contents-restoration-storage/|/contact/,3.50,planned
/service-areas/pipestone-mn/contents-restoration/,service-area-service,"Contents Restoration and Storage in Pipestone, MN | Crew Restoration & Construction",Contents Restoration and Storage in Pipestone,"Contents restoration and storage in Pipestone, MN. IICRC-certified, insurance billing accepted. Call (605) 965-2727.",contents restoration and storage pipestone,contents pack-out|contents cleaning|belongings restoration|furniture restoration after fire|contents storage,local_service,,,900,hero|og|inline-1|inline-2,service|local-business|faq|breadcrumb-list,/services/contents-restoration/|/service-areas/pipestone-mn/|/service-areas/pipestone-mn/fire-damage-restoration/|/service-areas/pipestone-mn/mold-remediation/|/service-areas/adrian-mn/contents-restoration/|/service-areas/akron-ia/contents-restoration/|/contact/,3.50,planned
/service-areas/remsen-ia/contents-restoration-storage/,service-area-service,"Contents Restoration & Storage in Remsen, IA | Crew Restoration & Construction",Contents Restoration & Storage in Remsen,"Contents restoration & storage in Remsen, IA. IICRC-certified, insurance billing accepted. Call (605) 965-2727.",contents restoration & storage remsen,,local_specialty,,,900,hero|og|inline-1|inline-2,service|local-business|faq|breadcrumb-list,/services/contents-restoration-storage/|/service-areas/remsen-ia/|/service-areas/remsen-ia/fire-damage-restoration/|/service-areas/remsen-ia/mold-remediation/|/service-areas/adrian-mn/contents-restoration-storage/|/service-areas/akron-ia/contents-restoration-storage/|/contact/,3.50,planned
/service-areas/remsen-ia/contents-restoration/,service-area-service,"Contents Restoration and Storage in Remsen, IA | Crew Restoration & Construction",Contents Restoration and Storage in Remsen,"Contents restoration and storage in Remsen, IA. IICRC-certified, insurance billing accepted. Call (605) 965-2727.",contents restoration and storage remsen,contents pack-out|contents cleaning|belongings restoration|furniture restoration after fire|contents storage,local_service,,,900,hero|og|inline-1|inline-2,service|local-business|faq|breadcrumb-list,/services/contents-restoration/|/service-areas/remsen-ia/|/service-areas/remsen-ia/fire-damage-restoration/|/service-areas/remsen-ia/mold-remediation/|/service-areas/adrian-mn/contents-restoration/|/service-areas/akron-ia/contents-restoration/|/contact/,3.50,planned
/service-areas/rock-rapids-ia/contents-restoration-storage/,service-area-service,"Contents Restoration & Storage in Rock Rapids, IA | Crew Restoration & Construction",Contents Restoration & Storage in Rock Rapids,"Contents restoration & storage in Rock Rapids, IA. IICRC-certified, insurance billing accepted. Call (605) 965-2727.",contents restoration & storage rock rapids,,local_specialty,,,900,hero|og|inline-1|inline-2,service|local-business|faq|breadcrumb-list,/services/contents-restoration-storage/|/service-areas/rock-rapids-ia/|/service-areas/rock-rapids-ia/fire-damage-restoration/|/service-areas/rock-rapids-ia/mold-remediation/|/service-areas/adrian-mn/contents-restoration-storage/|/service-areas/akron-ia/contents-restoration-storage/|/contact/,3.50,planned
/service-areas/rock-rapids-ia/contents-restoration/,service-area-service,"Contents Restoration and Storage in Rock Rapids, IA | Crew Restoration & Construction",Contents Restoration and Storage in Rock Rapids,"Contents restoration and storage in Rock Rapids, IA. IICRC-certified, insurance billing accepted. Call (605) 965-2727.",contents restoration and storage rock rapids,contents pack-out|contents cleaning|belongings restoration|furniture restoration after fire|contents storage,local_service,,,900,hero|og|inline-1|inline-2,service|local-business|faq|breadcrumb-list,/services/contents-restoration/|/service-areas/rock-rapids-ia/|/service-areas/rock-rapids-ia/fire-damage-restoration/|/service-areas/rock-rapids-ia/mold-remediation/|/service-areas/adrian-mn/contents-restoration/|/service-areas/akron-ia/contents-restoration/|/contact/,3.50,planned
/service-areas/rock-valley-ia/contents-restoration-storage/,service-area-service,"Contents Restoration & Storage in Rock Valley, IA | Crew Restoration & Construction",Contents Restoration & Storage in Rock Valley,"Contents restoration & storage in Rock Valley, IA. IICRC-certified, insurance billing accepted. Call (605) 965-2727.",contents restoration & storage rock valley,,local_specialty,,,900,hero|og|inline-1|inline-2,service|local-business|faq|breadcrumb-list,/services/contents-restoration-storage/|/service-areas/rock-valley-ia/|/service-areas/rock-valley-ia/fire-damage-restoration/|/service-areas/rock-valley-ia/mold-remediation/|/service-areas/adrian-mn/contents-restoration-storage/|/service-areas/akron-ia/contents-restoration-storage/|/contact/,3.50,planned
/service-areas/rock-valley-ia/contents-restoration/,service-area-service,"Contents Restoration and Storage in Rock Valley, IA | Crew Restoration & Construction",Contents Restoration and Storage in Rock Valley,"Contents restoration and storage in Rock Valley, IA. IICRC-certified, insurance billing accepted. Call (605) 965-2727.",contents restoration and storage rock valley,contents pack-out|contents cleaning|belongings restoration|furniture restoration after fire|contents storage,local_service,,,900,hero|og|inline-1|inline-2,service|local-business|faq|breadcrumb-list,/services/contents-restoration/|/service-areas/rock-valley-ia/|/service-areas/rock-valley-ia/fire-damage-restoration/|/service-areas/rock-valley-ia/mold-remediation/|/service-areas/adrian-mn/contents-restoration/|/service-areas/akron-ia/contents-restoration/|/contact/,3.50,planned
/service-areas/salem-sd/contents-restoration-storage/,service-area-service,"Contents Restoration & Storage in Salem, SD | Crew Restoration & Construction",Contents Restoration & Storage in Salem,"Contents restoration & storage in Salem, SD. IICRC-certified, insurance billing accepted. Call (605) 965-2727.",contents restoration & storage salem,,local_specialty,,,900,hero|og|inline-1|inline-2,service|local-business|faq|breadcrumb-list,/services/contents-restoration-storage/|/service-areas/salem-sd/|/service-areas/salem-sd/fire-damage-restoration/|/service-areas/salem-sd/mold-remediation/|/service-areas/adrian-mn/contents-restoration-storage/|/service-areas/akron-ia/contents-restoration-storage/|/contact/,3.50,planned
/service-areas/salem-sd/contents-restoration/,service-area-service,"Contents Restoration and Storage in Salem, SD | Crew Restoration & Construction",Contents Restoration and Storage in Salem,"Contents restoration and storage in Salem, SD. IICRC-certified, insurance billing accepted. Call (605) 965-2727.",contents restoration and storage salem,contents pack-out|contents cleaning|belongings restoration|furniture restoration after fire|contents storage,local_service,,,900,hero|og|inline-1|inline-2,service|local-business|faq|breadcrumb-list,/services/contents-restoration/|/service-areas/salem-sd/|/service-areas/salem-sd/fire-damage-restoration/|/service-areas/salem-sd/mold-remediation/|/service-areas/adrian-mn/contents-restoration/|/service-areas/akron-ia/contents-restoration/|/contact/,3.50,planned
/service-areas/sibley-ia/contents-restoration-storage/,service-area-service,"Contents Restoration & Storage in Sibley, IA | Crew Restoration & Construction",Contents Restoration & Storage in Sibley,"Contents restoration & storage in Sibley, IA. IICRC-certified, insurance billing accepted. Call (605) 965-2727.",contents restoration & storage sibley,,local_specialty,,,900,hero|og|inline-1|inline-2,service|local-business|faq|breadcrumb-list,/services/contents-restoration-storage/|/service-areas/sibley-ia/|/service-areas/sibley-ia/fire-damage-restoration/|/service-areas/sibley-ia/mold-remediation/|/service-areas/adrian-mn/contents-restoration-storage/|/service-areas/akron-ia/contents-restoration-storage/|/contact/,3.50,planned
/service-areas/sibley-ia/contents-restoration/,service-area-service,"Contents Restoration and Storage in Sibley, IA | Crew Restoration & Construction",Contents Restoration and Storage in Sibley,"Contents restoration and storage in Sibley, IA. IICRC-certified, insurance billing accepted. Call (605) 965-2727.",contents restoration and storage sibley,contents pack-out|contents cleaning|belongings restoration|furniture restoration after fire|contents storage,local_service,,,900,hero|og|inline-1|inline-2,service|local-business|faq|breadcrumb-list,/services/contents-restoration/|/service-areas/sibley-ia/|/service-areas/sibley-ia/fire-damage-restoration/|/service-areas/sibley-ia/mold-remediation/|/service-areas/adrian-mn/contents-restoration/|/service-areas/akron-ia/contents-restoration/|/contact/,3.50,planned
/service-areas/sioux-center-ia/contents-restoration-storage/,service-area-service,"Contents Restoration & Storage in Sioux Center, IA | Crew Restoration & Construction",Contents Restoration & Storage in Sioux Center,"Contents restoration & storage in Sioux Center, IA. IICRC-certified, insurance billing accepted. Call (605) 965-2727.",contents restoration & storage sioux center,,local_specialty,,,900,hero|og|inline-1|inline-2,service|local-business|faq|breadcrumb-list,/services/contents-restoration-storage/|/service-areas/sioux-center-ia/|/service-areas/sioux-center-ia/fire-damage-restoration/|/service-areas/sioux-center-ia/mold-remediation/|/service-areas/adrian-mn/contents-restoration-storage/|/service-areas/akron-ia/contents-restoration-storage/|/contact/,3.50,planned
/service-areas/sioux-center-ia/contents-restoration/,service-area-service,"Contents Restoration and Storage in Sioux Center, IA | Crew Restoration & Construction",Contents Restoration and Storage in Sioux Center,"Contents restoration and storage in Sioux Center, IA. IICRC-certified, insurance billing accepted. Call (605) 965-2727.",contents restoration and storage sioux center,contents pack-out|contents cleaning|belongings restoration|furniture restoration after fire|contents storage,local_service,,,900,hero|og|inline-1|inline-2,service|local-business|faq|breadcrumb-list,/services/contents-restoration/|/service-areas/sioux-center-ia/|/service-areas/sioux-center-ia/fire-damage-restoration/|/service-areas/sioux-center-ia/mold-remediation/|/service-areas/adrian-mn/contents-restoration/|/service-areas/akron-ia/contents-restoration/|/contact/,3.50,planned
/service-areas/slayton-mn/contents-restoration-storage/,service-area-service,"Contents Restoration & Storage in Slayton, MN | Crew Restoration & Construction",Contents Restoration & Storage in Slayton,"Contents restoration & storage in Slayton, MN. IICRC-certified, insurance billing accepted. Call (605) 965-2727.",contents restoration & storage slayton,,local_specialty,,,900,hero|og|inline-1|inline-2,service|local-business|faq|breadcrumb-list,/services/contents-restoration-storage/|/service-areas/slayton-mn/|/service-areas/slayton-mn/fire-damage-restoration/|/service-areas/slayton-mn/mold-remediation/|/service-areas/adrian-mn/contents-restoration-storage/|/service-areas/akron-ia/contents-restoration-storage/|/contact/,3.50,planned
/service-areas/slayton-mn/contents-restoration/,service-area-service,"Contents Restoration and Storage in Slayton, MN | Crew Restoration & Construction",Contents Restoration and Storage in Slayton,"Contents restoration and storage in Slayton, MN. IICRC-certified, insurance billing accepted. Call (605) 965-2727.",contents restoration and storage slayton,contents pack-out|contents cleaning|belongings restoration|furniture restoration after fire|contents storage,local_service,,,900,hero|og|inline-1|inline-2,service|local-business|faq|breadcrumb-list,/services/contents-restoration/|/service-areas/slayton-mn/|/service-areas/slayton-mn/fire-damage-restoration/|/service-areas/slayton-mn/mold-remediation/|/service-areas/adrian-mn/contents-restoration/|/service-areas/akron-ia/contents-restoration/|/contact/,3.50,planned
/service-areas/tea-sd/contents-restoration-storage/,service-area-service,"Contents Restoration & Storage in Tea, SD | Crew Restoration & Construction",Contents Restoration & Storage in Tea,"Contents restoration & storage in Tea, SD. IICRC-certified, insurance billing accepted. Call (605) 965-2727.",contents restoration & storage tea,,local_specialty,,,900,hero|og|inline-1|inline-2,service|local-business|faq|breadcrumb-list,/services/contents-restoration-storage/|/service-areas/tea-sd/|/service-areas/tea-sd/fire-damage-restoration/|/service-areas/tea-sd/mold-remediation/|/service-areas/adrian-mn/contents-restoration-storage/|/service-areas/akron-ia/contents-restoration-storage/|/contact/,3.50,planned
/service-areas/tea-sd/contents-restoration/,service-area-service,"Contents Restoration and Storage in Tea, SD | Crew Restoration & Construction",Contents Restoration and Storage in Tea,"Contents restoration and storage in Tea, SD. IICRC-certified, insurance billing accepted. Call (605) 965-2727.",contents restoration and storage tea,contents pack-out|contents cleaning|belongings restoration|furniture restoration after fire|contents storage,local_service,,,900,hero|og|inline-1|inline-2,service|local-business|faq|breadcrumb-list,/services/contents-restoration/|/service-areas/tea-sd/|/service-areas/tea-sd/fire-damage-restoration/|/service-areas/tea-sd/mold-remediation/|/service-areas/adrian-mn/contents-restoration/|/service-areas/akron-ia/contents-restoration/|/contact/,3.50,planned
/service-areas/volga-sd/contents-restoration-storage/,service-area-service,"Contents Restoration & Storage in Volga, SD | Crew Restoration & Construction",Contents Restoration & Storage in Volga,"Contents restoration & storage in Volga, SD. IICRC-certified, insurance billing accepted. Call (605) 965-2727.",contents restoration & storage volga,,local_specialty,,,900,hero|og|inline-1|inline-2,service|local-business|faq|breadcrumb-list,/services/contents-restoration-storage/|/service-areas/volga-sd/|/service-areas/volga-sd/fire-damage-restoration/|/service-areas/volga-sd/mold-remediation/|/service-areas/adrian-mn/contents-restoration-storage/|/service-areas/akron-ia/contents-restoration-storage/|/contact/,3.50,planned
/service-areas/volga-sd/contents-restoration/,service-area-service,"Contents Restoration and Storage in Volga, SD | Crew Restoration & Construction",Contents Restoration and Storage in Volga,"Contents restoration and storage in Volga, SD. IICRC-certified, insurance billing accepted. Call (605) 965-2727.",contents restoration and storage volga,contents pack-out|contents cleaning|belongings restoration|furniture restoration after fire|contents storage,local_service,,,900,hero|og|inline-1|inline-2,service|local-business|faq|breadcrumb-list,/services/contents-restoration/|/service-areas/volga-sd/|/service-areas/volga-sd/fire-damage-restoration/|/service-areas/volga-sd/mold-remediation/|/service-areas/adrian-mn/contents-restoration/|/service-areas/akron-ia/contents-restoration/|/contact/,3.50,planned
/service-areas/worthing-sd/contents-restoration-storage/,service-area-service,"Contents Restoration & Storage in Worthing, SD | Crew Restoration & Construction",Contents Restoration & Storage in Worthing,"Contents restoration & storage in Worthing, SD. IICRC-certified, insurance billing accepted. Call (605) 965-2727.",contents restoration & storage worthing,,local_specialty,,,900,hero|og|inline-1|inline-2,service|local-business|faq|breadcrumb-list,/services/contents-restoration-storage/|/service-areas/worthing-sd/|/service-areas/worthing-sd/fire-damage-restoration/|/service-areas/worthing-sd/mold-remediation/|/service-areas/adrian-mn/contents-restoration-storage/|/service-areas/akron-ia/contents-restoration-storage/|/contact/,3.50,planned
/service-areas/worthing-sd/contents-restoration/,service-area-service,"Contents Restoration and Storage in Worthing, SD | Crew Restoration & Construction",Contents Restoration and Storage in Worthing,"Contents restoration and storage in Worthing, SD. IICRC-certified, insurance billing accepted. Call (605) 965-2727.",contents restoration and storage worthing,contents pack-out|contents cleaning|belongings restoration|furniture restoration after fire|contents storage,local_service,,,900,hero|og|inline-1|inline-2,service|local-business|faq|breadcrumb-list,/services/contents-restoration/|/service-areas/worthing-sd/|/service-areas/worthing-sd/fire-damage-restoration/|/service-areas/worthing-sd/mold-remediation/|/service-areas/adrian-mn/contents-restoration/|/service-areas/akron-ia/contents-restoration/|/contact/,3.50,planned
/service-areas/worthington-mn/contents-restoration-storage/,service-area-service,"Contents Restoration & Storage in Worthington, MN | Crew Restoration & Construction",Contents Restoration & Storage in Worthington,"Contents restoration & storage in Worthington, MN. IICRC-certified, insurance billing accepted. Call (605) 965-2727.",contents restoration & storage worthington,,local_specialty,,,900,hero|og|inline-1|inline-2,service|local-business|faq|breadcrumb-list,/services/contents-restoration-storage/|/service-areas/worthington-mn/|/service-areas/worthington-mn/fire-damage-restoration/|/service-areas/worthington-mn/mold-remediation/|/service-areas/adrian-mn/contents-restoration-storage/|/service-areas/akron-ia/contents-restoration-storage/|/contact/,3.50,planned
/service-areas/worthington-mn/contents-restoration/,service-area-service,"Contents Restoration and Storage in Worthington, MN | Crew Restoration & Construction",Contents Restoration and Storage in Worthington,"Contents restoration and storage in Worthington, MN. IICRC-certified, insurance billing accepted. Call (605) 965-2727.",contents restoration and storage worthington,contents pack-out|contents cleaning|belongings restoration|furniture restoration after fire|contents storage,local_service,,,900,hero|og|inline-1|inline-2,service|local-business|faq|breadcrumb-list,/services/contents-restoration/|/service-areas/worthington-mn/|/service-areas/worthington-mn/fire-damage-restoration/|/service-areas/worthington-mn/mold-remediation/|/service-areas/adrian-mn/contents-restoration/|/service-areas/akron-ia/contents-restoration/|/contact/,3.50,planned
/service-areas/yankton-sd/contents-restoration-storage/,service-area-service,"Contents Restoration & Storage in Yankton, SD | Crew Restoration & Construction",Contents Restoration & Storage in Yankton,"Contents restoration & storage in Yankton, SD. IICRC-certified, insurance billing accepted. Call (605) 965-2727.",contents restoration & storage yankton,,local_specialty,,,900,hero|og|inline-1|inline-2,service|local-business|faq|breadcrumb-list,/services/contents-restoration-storage/|/service-areas/yankton-sd/|/service-areas/yankton-sd/fire-damage-restoration/|/service-areas/yankton-sd/mold-remediation/|/service-areas/adrian-mn/contents-restoration-storage/|/service-areas/akron-ia/contents-restoration-storage/|/contact/,3.50,planned
/service-areas/yankton-sd/contents-restoration/,service-area-service,"Contents Restoration and Storage in Yankton, SD | Crew Restoration & Construction",Contents Restoration and Storage in Yankton,"Contents restoration and storage in Yankton, SD. IICRC-certified, insurance billing accepted. Call (605) 965-2727.",contents restoration and storage yankton,contents pack-out|contents cleaning|belongings restoration|furniture restoration after fire|contents storage,local_service,,,900,hero|og|inline-1|inline-2,service|local-business|faq|breadcrumb-list,/services/contents-restoration/|/service-areas/yankton-sd/|/service-areas/yankton-sd/fire-damage-restoration/|/service-areas/yankton-sd/mold-remediation/|/service-areas/adrian-mn/contents-restoration/|/service-areas/akron-ia/contents-restoration/|/contact/,3.50,planned
/blog/,blog-index,Restoration Blog | Crew Restoration & Construction,Restoration Resources and Insights,"Guides, checklists, and explainers from Crew Restoration & Construction on water, fire, mold, and storm damage restoration.",restoration blog sioux falls,restoration guides|damage restoration tips|restoration insights,informational_browse,,,300,hero|og,website|breadcrumb-list,/|/blog/burst-pipe-emergency-checklist/|/blog/what-to-do-first-24-hours-water-damage/|/blog/choosing-a-restoration-company/|/blog/does-homeowners-insurance-cover-water-damage/|/blog/fire-damage-restoration-process/|/blog/how-to-test-for-mold/|/blog/signs-of-hidden-mold/|/blog/black-mold-vs-regular-mold/|/blog/how-long-does-water-damage-restoration-take/|/blog/mold-after-water-damage/|/blog/storm-damage-insurance-claim-checklist/|/blog/smoke-odor-removal-techniques/,3.00,planned
/service-areas/adrian-mn/post-construction-cleaning/,service-area-service,"Post-Construction and Specialty Cleaning in Adrian, MN | Crew Restoration & Construction",Post-Construction and Specialty Cleaning in Adrian,"Post-construction and specialty cleaning in Adrian, MN. IICRC-certified, insurance billing accepted. Call (605) 965-2727.",post-construction and specialty cleaning adrian,post construction cleanup|construction debris cleaning|final clean|deep cleaning after renovation,local_service,,,900,hero|og|inline-1|inline-2,service|local-business|faq|breadcrumb-list,/services/post-construction-cleaning/|/service-areas/adrian-mn/|/service-areas/adrian-mn/fire-damage-restoration/|/service-areas/adrian-mn/mold-remediation/|/service-areas/akron-ia/post-construction-cleaning/|/service-areas/alton-ia/post-construction-cleaning/|/contact/,2.80,planned
/service-areas/akron-ia/post-construction-cleaning/,service-area-service,"Post-Construction and Specialty Cleaning in Akron, IA | Crew Restoration & Construction",Post-Construction and Specialty Cleaning in Akron,"Post-construction and specialty cleaning in Akron, IA. IICRC-certified, insurance billing accepted. Call (605) 965-2727.",post-construction and specialty cleaning akron,post construction cleanup|construction debris cleaning|final clean|deep cleaning after renovation,local_service,,,900,hero|og|inline-1|inline-2,service|local-business|faq|breadcrumb-list,/services/post-construction-cleaning/|/service-areas/akron-ia/|/service-areas/akron-ia/fire-damage-restoration/|/service-areas/akron-ia/mold-remediation/|/service-areas/adrian-mn/post-construction-cleaning/|/service-areas/alton-ia/post-construction-cleaning/|/contact/,2.80,planned
/service-areas/alton-ia/post-construction-cleaning/,service-area-service,"Post-Construction and Specialty Cleaning in Alton, IA | Crew Restoration & Construction",Post-Construction and Specialty Cleaning in Alton,"Post-construction and specialty cleaning in Alton, IA. IICRC-certified, insurance billing accepted. Call (605) 965-2727.",post-construction and specialty cleaning alton,post construction cleanup|construction debris cleaning|final clean|deep cleaning after renovation,local_service,,,900,hero|og|inline-1|inline-2,service|local-business|faq|breadcrumb-list,/services/post-construction-cleaning/|/service-areas/alton-ia/|/service-areas/alton-ia/fire-damage-restoration/|/service-areas/alton-ia/mold-remediation/|/service-areas/adrian-mn/post-construction-cleaning/|/service-areas/akron-ia/post-construction-cleaning/|/contact/,2.80,planned
/service-areas/baltic-sd/post-construction-cleaning/,service-area-service,"Post-Construction and Specialty Cleaning in Baltic, SD | Crew Restoration & Construction",Post-Construction and Specialty Cleaning in Baltic,"Post-construction and specialty cleaning in Baltic, SD. IICRC-certified, insurance billing accepted. Call (605) 965-2727.",post-construction and specialty cleaning baltic,post construction cleanup|construction debris cleaning|final clean|deep cleaning after renovation,local_service,,,900,hero|og|inline-1|inline-2,service|local-business|faq|breadcrumb-list,/services/post-construction-cleaning/|/service-areas/baltic-sd/|/service-areas/baltic-sd/fire-damage-restoration/|/service-areas/baltic-sd/mold-remediation/|/service-areas/adrian-mn/post-construction-cleaning/|/service-areas/akron-ia/post-construction-cleaning/|/contact/,2.80,planned
/service-areas/beresford-sd/post-construction-cleaning/,service-area-service,"Post-Construction and Specialty Cleaning in Beresford, SD | Crew Restoration & Construction",Post-Construction and Specialty Cleaning in Beresford,"Post-construction and specialty cleaning in Beresford, SD. IICRC-certified, insurance billing accepted. Call (605) 965-2727.",post-construction and specialty cleaning beresford,post construction cleanup|construction debris cleaning|final clean|deep cleaning after renovation,local_service,,,900,hero|og|inline-1|inline-2,service|local-business|faq|breadcrumb-list,/services/post-construction-cleaning/|/service-areas/beresford-sd/|/service-areas/beresford-sd/fire-damage-restoration/|/service-areas/beresford-sd/mold-remediation/|/service-areas/adrian-mn/post-construction-cleaning/|/service-areas/akron-ia/post-construction-cleaning/|/contact/,2.80,planned
/service-areas/brandon-sd/post-construction-cleaning/,service-area-service,"Post-Construction and Specialty Cleaning in Brandon, SD | Crew Restoration & Construction",Post-Construction and Specialty Cleaning in Brandon,"Post-construction and specialty cleaning in Brandon, SD. IICRC-certified, insurance billing accepted. Call (605) 965-2727.",post-construction and specialty cleaning brandon,post construction cleanup|construction debris cleaning|final clean|deep cleaning after renovation,local_service,,,900,hero|og|inline-1|inline-2,service|local-business|faq|breadcrumb-list,/services/post-construction-cleaning/|/service-areas/brandon-sd/|/service-areas/brandon-sd/fire-damage-restoration/|/service-areas/brandon-sd/mold-remediation/|/service-areas/adrian-mn/post-construction-cleaning/|/service-areas/akron-ia/post-construction-cleaning/|/contact/,2.80,planned
/service-areas/brookings-sd/post-construction-cleaning/,service-area-service,"Post-Construction and Specialty Cleaning in Brookings, SD | Crew Restoration & Construction",Post-Construction and Specialty Cleaning in Brookings,"Post-construction and specialty cleaning in Brookings, SD. IICRC-certified, insurance billing accepted. Call (605) 965-2727.",post-construction and specialty cleaning brookings,post construction cleanup|construction debris cleaning|final clean|deep cleaning after renovation,local_service,,,900,hero|og|inline-1|inline-2,service|local-business|faq|breadcrumb-list,/services/post-construction-cleaning/|/service-areas/brookings-sd/|/service-areas/brookings-sd/fire-damage-restoration/|/service-areas/brookings-sd/mold-remediation/|/service-areas/adrian-mn/post-construction-cleaning/|/service-areas/akron-ia/post-construction-cleaning/|/contact/,2.80,planned
/service-areas/canton-sd/post-construction-cleaning/,service-area-service,"Post-Construction and Specialty Cleaning in Canton, SD | Crew Restoration & Construction",Post-Construction and Specialty Cleaning in Canton,"Post-construction and specialty cleaning in Canton, SD. IICRC-certified, insurance billing accepted. Call (605) 965-2727.",post-construction and specialty cleaning canton,post construction cleanup|construction debris cleaning|final clean|deep cleaning after renovation,local_service,,,900,hero|og|inline-1|inline-2,service|local-business|faq|breadcrumb-list,/services/post-construction-cleaning/|/service-areas/canton-sd/|/service-areas/canton-sd/fire-damage-restoration/|/service-areas/canton-sd/mold-remediation/|/service-areas/adrian-mn/post-construction-cleaning/|/service-areas/akron-ia/post-construction-cleaning/|/contact/,2.80,planned
/service-areas/crooks-sd/post-construction-cleaning/,service-area-service,"Post-Construction and Specialty Cleaning in Crooks, SD | Crew Restoration & Construction",Post-Construction and Specialty Cleaning in Crooks,"Post-construction and specialty cleaning in Crooks, SD. IICRC-certified, insurance billing accepted. Call (605) 965-2727.",post-construction and specialty cleaning crooks,post construction cleanup|construction debris cleaning|final clean|deep cleaning after renovation,local_service,,,900,hero|og|inline-1|inline-2,service|local-business|faq|breadcrumb-list,/services/post-construction-cleaning/|/service-areas/crooks-sd/|/service-areas/crooks-sd/fire-damage-restoration/|/service-areas/crooks-sd/mold-remediation/|/service-areas/adrian-mn/post-construction-cleaning/|/service-areas/akron-ia/post-construction-cleaning/|/contact/,2.80,planned
/service-areas/dakota-dunes-sd/post-construction-cleaning/,service-area-service,"Post-Construction and Specialty Cleaning in Dakota Dunes, SD | Crew Restoration & Construction",Post-Construction and Specialty Cleaning in Dakota Dunes,"Post-construction and specialty cleaning in Dakota Dunes, SD. IICRC-certified, insurance billing accepted. Call (605) 965-2727.",post-construction and specialty cleaning dakota dunes,post construction cleanup|construction debris cleaning|final clean|deep cleaning after renovation,local_service,,,900,hero|og|inline-1|inline-2,service|local-business|faq|breadcrumb-list,/services/post-construction-cleaning/|/service-areas/dakota-dunes-sd/|/service-areas/dakota-dunes-sd/fire-damage-restoration/|/service-areas/dakota-dunes-sd/mold-remediation/|/service-areas/adrian-mn/post-construction-cleaning/|/service-areas/akron-ia/post-construction-cleaning/|/contact/,2.80,planned
/service-areas/dell-rapids-sd/post-construction-cleaning/,service-area-service,"Post-Construction and Specialty Cleaning in Dell Rapids, SD | Crew Restoration & Construction",Post-Construction and Specialty Cleaning in Dell Rapids,"Post-construction and specialty cleaning in Dell Rapids, SD. IICRC-certified, insurance billing accepted. Call (605) 965-2727.",post-construction and specialty cleaning dell rapids,post construction cleanup|construction debris cleaning|final clean|deep cleaning after renovation,local_service,,,900,hero|og|inline-1|inline-2,service|local-business|faq|breadcrumb-list,/services/post-construction-cleaning/|/service-areas/dell-rapids-sd/|/service-areas/dell-rapids-sd/fire-damage-restoration/|/service-areas/dell-rapids-sd/mold-remediation/|/service-areas/adrian-mn/post-construction-cleaning/|/service-areas/akron-ia/post-construction-cleaning/|/contact/,2.80,planned
/service-areas/edgerton-mn/post-construction-cleaning/,service-area-service,"Post-Construction and Specialty Cleaning in Edgerton, MN | Crew Restoration & Construction",Post-Construction and Specialty Cleaning in Edgerton,"Post-construction and specialty cleaning in Edgerton, MN. IICRC-certified, insurance billing accepted. Call (605) 965-2727.",post-construction and specialty cleaning edgerton,post construction cleanup|construction debris cleaning|final clean|deep cleaning after renovation,local_service,,,900,hero|og|inline-1|inline-2,service|local-business|faq|breadcrumb-list,/services/post-construction-cleaning/|/service-areas/edgerton-mn/|/service-areas/edgerton-mn/fire-damage-restoration/|/service-areas/edgerton-mn/mold-remediation/|/service-areas/adrian-mn/post-construction-cleaning/|/service-areas/akron-ia/post-construction-cleaning/|/contact/,2.80,planned
/service-areas/elk-point-sd/post-construction-cleaning/,service-area-service,"Post-Construction and Specialty Cleaning in Elk Point, SD | Crew Restoration & Construction",Post-Construction and Specialty Cleaning in Elk Point,"Post-construction and specialty cleaning in Elk Point, SD. IICRC-certified, insurance billing accepted. Call (605) 965-2727.",post-construction and specialty cleaning elk point,post construction cleanup|construction debris cleaning|final clean|deep cleaning after renovation,local_service,,,900,hero|og|inline-1|inline-2,service|local-business|faq|breadcrumb-list,/services/post-construction-cleaning/|/service-areas/elk-point-sd/|/service-areas/elk-point-sd/fire-damage-restoration/|/service-areas/elk-point-sd/mold-remediation/|/service-areas/adrian-mn/post-construction-cleaning/|/service-areas/akron-ia/post-construction-cleaning/|/contact/,2.80,planned
/service-areas/flandreau-sd/post-construction-cleaning/,service-area-service,"Post-Construction and Specialty Cleaning in Flandreau, SD | Crew Restoration & Construction",Post-Construction and Specialty Cleaning in Flandreau,"Post-construction and specialty cleaning in Flandreau, SD. IICRC-certified, insurance billing accepted. Call (605) 965-2727.",post-construction and specialty cleaning flandreau,post construction cleanup|construction debris cleaning|final clean|deep cleaning after renovation,local_service,,,900,hero|og|inline-1|inline-2,service|local-business|faq|breadcrumb-list,/services/post-construction-cleaning/|/service-areas/flandreau-sd/|/service-areas/flandreau-sd/fire-damage-restoration/|/service-areas/flandreau-sd/mold-remediation/|/service-areas/adrian-mn/post-construction-cleaning/|/service-areas/akron-ia/post-construction-cleaning/|/contact/,2.80,planned
/service-areas/fulda-mn/post-construction-cleaning/,service-area-service,"Post-Construction and Specialty Cleaning in Fulda, MN | Crew Restoration & Construction",Post-Construction and Specialty Cleaning in Fulda,"Post-construction and specialty cleaning in Fulda, MN. IICRC-certified, insurance billing accepted. Call (605) 965-2727.",post-construction and specialty cleaning fulda,post construction cleanup|construction debris cleaning|final clean|deep cleaning after renovation,local_service,,,900,hero|og|inline-1|inline-2,service|local-business|faq|breadcrumb-list,/services/post-construction-cleaning/|/service-areas/fulda-mn/|/service-areas/fulda-mn/fire-damage-restoration/|/service-areas/fulda-mn/mold-remediation/|/service-areas/adrian-mn/post-construction-cleaning/|/service-areas/akron-ia/post-construction-cleaning/|/contact/,2.80,planned
/service-areas/garretson-sd/post-construction-cleaning/,service-area-service,"Post-Construction and Specialty Cleaning in Garretson, SD | Crew Restoration & Construction",Post-Construction and Specialty Cleaning in Garretson,"Post-construction and specialty cleaning in Garretson, SD. IICRC-certified, insurance billing accepted. Call (605) 965-2727.",post-construction and specialty cleaning garretson,post construction cleanup|construction debris cleaning|final clean|deep cleaning after renovation,local_service,,,900,hero|og|inline-1|inline-2,service|local-business|faq|breadcrumb-list,/services/post-construction-cleaning/|/service-areas/garretson-sd/|/service-areas/garretson-sd/fire-damage-restoration/|/service-areas/garretson-sd/mold-remediation/|/service-areas/adrian-mn/post-construction-cleaning/|/service-areas/akron-ia/post-construction-cleaning/|/contact/,2.80,planned
/service-areas/george-ia/post-construction-cleaning/,service-area-service,"Post-Construction and Specialty Cleaning in George, IA | Crew Restoration & Construction",Post-Construction and Specialty Cleaning in George,"Post-construction and specialty cleaning in George, IA. IICRC-certified, insurance billing accepted. Call (605) 965-2727.",post-construction and specialty cleaning george,post construction cleanup|construction debris cleaning|final clean|deep cleaning after renovation,local_service,,,900,hero|og|inline-1|inline-2,service|local-business|faq|breadcrumb-list,/services/post-construction-cleaning/|/service-areas/george-ia/|/service-areas/george-ia/fire-damage-restoration/|/service-areas/george-ia/mold-remediation/|/service-areas/adrian-mn/post-construction-cleaning/|/service-areas/akron-ia/post-construction-cleaning/|/contact/,2.80,planned
/service-areas/harrisburg-sd/post-construction-cleaning/,service-area-service,"Post-Construction and Specialty Cleaning in Harrisburg, SD | Crew Restoration & Construction",Post-Construction and Specialty Cleaning in Harrisburg,"Post-construction and specialty cleaning in Harrisburg, SD. IICRC-certified, insurance billing accepted. Call (605) 965-2727.",post-construction and specialty cleaning harrisburg,post construction cleanup|construction debris cleaning|final clean|deep cleaning after renovation,local_service,,,900,hero|og|inline-1|inline-2,service|local-business|faq|breadcrumb-list,/services/post-construction-cleaning/|/service-areas/harrisburg-sd/|/service-areas/harrisburg-sd/fire-damage-restoration/|/service-areas/harrisburg-sd/mold-remediation/|/service-areas/adrian-mn/post-construction-cleaning/|/service-areas/akron-ia/post-construction-cleaning/|/contact/,2.80,planned
/service-areas/hartford-sd/post-construction-cleaning/,service-area-service,"Post-Construction and Specialty Cleaning in Hartford, SD | Crew Restoration & Construction",Post-Construction and Specialty Cleaning in Hartford,"Post-construction and specialty cleaning in Hartford, SD. IICRC-certified, insurance billing accepted. Call (605) 965-2727.",post-construction and specialty cleaning hartford,post construction cleanup|construction debris cleaning|final clean|deep cleaning after renovation,local_service,,,900,hero|og|inline-1|inline-2,service|local-business|faq|breadcrumb-list,/services/post-construction-cleaning/|/service-areas/hartford-sd/|/service-areas/hartford-sd/fire-damage-restoration/|/service-areas/hartford-sd/mold-remediation/|/service-areas/adrian-mn/post-construction-cleaning/|/service-areas/akron-ia/post-construction-cleaning/|/contact/,2.80,planned
/service-areas/hawarden-ia/post-construction-cleaning/,service-area-service,"Post-Construction and Specialty Cleaning in Hawarden, IA | Crew Restoration & Construction",Post-Construction and Specialty Cleaning in Hawarden,"Post-construction and specialty cleaning in Hawarden, IA. IICRC-certified, insurance billing accepted. Call (605) 965-2727.",post-construction and specialty cleaning hawarden,post construction cleanup|construction debris cleaning|final clean|deep cleaning after renovation,local_service,,,900,hero|og|inline-1|inline-2,service|local-business|faq|breadcrumb-list,/services/post-construction-cleaning/|/service-areas/hawarden-ia/|/service-areas/hawarden-ia/fire-damage-restoration/|/service-areas/hawarden-ia/mold-remediation/|/service-areas/adrian-mn/post-construction-cleaning/|/service-areas/akron-ia/post-construction-cleaning/|/contact/,2.80,planned
/service-areas/hinton-ia/post-construction-cleaning/,service-area-service,"Post-Construction and Specialty Cleaning in Hinton, IA | Crew Restoration & Construction",Post-Construction and Specialty Cleaning in Hinton,"Post-construction and specialty cleaning in Hinton, IA. IICRC-certified, insurance billing accepted. Call (605) 965-2727.",post-construction and specialty cleaning hinton,post construction cleanup|construction debris cleaning|final clean|deep cleaning after renovation,local_service,,,900,hero|og|inline-1|inline-2,service|local-business|faq|breadcrumb-list,/services/post-construction-cleaning/|/service-areas/hinton-ia/|/service-areas/hinton-ia/fire-damage-restoration/|/service-areas/hinton-ia/mold-remediation/|/service-areas/adrian-mn/post-construction-cleaning/|/service-areas/akron-ia/post-construction-cleaning/|/contact/,2.80,planned
/service-areas/hull-ia/post-construction-cleaning/,service-area-service,"Post-Construction and Specialty Cleaning in Hull, IA | Crew Restoration & Construction",Post-Construction and Specialty Cleaning in Hull,"Post-construction and specialty cleaning in Hull, IA. IICRC-certified, insurance billing accepted. Call (605) 965-2727.",post-construction and specialty cleaning hull,post construction cleanup|construction debris cleaning|final clean|deep cleaning after renovation,local_service,,,900,hero|og|inline-1|inline-2,service|local-business|faq|breadcrumb-list,/services/post-construction-cleaning/|/service-areas/hull-ia/|/service-areas/hull-ia/fire-damage-restoration/|/service-areas/hull-ia/mold-remediation/|/service-areas/adrian-mn/post-construction-cleaning/|/service-areas/akron-ia/post-construction-cleaning/|/contact/,2.80,planned
/service-areas/kingsley-ia/post-construction-cleaning/,service-area-service,"Post-Construction and Specialty Cleaning in Kingsley, IA | Crew Restoration & Construction",Post-Construction and Specialty Cleaning in Kingsley,"Post-construction and specialty cleaning in Kingsley, IA. IICRC-certified, insurance billing accepted. Call (605) 965-2727.",post-construction and specialty cleaning kingsley,post construction cleanup|construction debris cleaning|final clean|deep cleaning after renovation,local_service,,,900,hero|og|inline-1|inline-2,service|local-business|faq|breadcrumb-list,/services/post-construction-cleaning/|/service-areas/kingsley-ia/|/service-areas/kingsley-ia/fire-damage-restoration/|/service-areas/kingsley-ia/mold-remediation/|/service-areas/adrian-mn/post-construction-cleaning/|/service-areas/akron-ia/post-construction-cleaning/|/contact/,2.80,planned
/service-areas/le-mars-ia/post-construction-cleaning/,service-area-service,"Post-Construction and Specialty Cleaning in Le Mars, IA | Crew Restoration & Construction",Post-Construction and Specialty Cleaning in Le Mars,"Post-construction and specialty cleaning in Le Mars, IA. IICRC-certified, insurance billing accepted. Call (605) 965-2727.",post-construction and specialty cleaning le mars,post construction cleanup|construction debris cleaning|final clean|deep cleaning after renovation,local_service,,,900,hero|og|inline-1|inline-2,service|local-business|faq|breadcrumb-list,/services/post-construction-cleaning/|/service-areas/le-mars-ia/|/service-areas/le-mars-ia/fire-damage-restoration/|/service-areas/le-mars-ia/mold-remediation/|/service-areas/adrian-mn/post-construction-cleaning/|/service-areas/akron-ia/post-construction-cleaning/|/contact/,2.80,planned
/service-areas/lennox-sd/post-construction-cleaning/,service-area-service,"Post-Construction and Specialty Cleaning in Lennox, SD | Crew Restoration & Construction",Post-Construction and Specialty Cleaning in Lennox,"Post-construction and specialty cleaning in Lennox, SD. IICRC-certified, insurance billing accepted. Call (605) 965-2727.",post-construction and specialty cleaning lennox,post construction cleanup|construction debris cleaning|final clean|deep cleaning after renovation,local_service,,,900,hero|og|inline-1|inline-2,service|local-business|faq|breadcrumb-list,/services/post-construction-cleaning/|/service-areas/lennox-sd/|/service-areas/lennox-sd/fire-damage-restoration/|/service-areas/lennox-sd/mold-remediation/|/service-areas/adrian-mn/post-construction-cleaning/|/service-areas/akron-ia/post-construction-cleaning/|/contact/,2.80,planned
/service-areas/luverne-mn/post-construction-cleaning/,service-area-service,"Post-Construction and Specialty Cleaning in Luverne, MN | Crew Restoration & Construction",Post-Construction and Specialty Cleaning in Luverne,"Post-construction and specialty cleaning in Luverne, MN. IICRC-certified, insurance billing accepted. Call (605) 965-2727.",post-construction and specialty cleaning luverne,post construction cleanup|construction debris cleaning|final clean|deep cleaning after renovation,local_service,,,900,hero|og|inline-1|inline-2,service|local-business|faq|breadcrumb-list,/services/post-construction-cleaning/|/service-areas/luverne-mn/|/service-areas/luverne-mn/fire-damage-restoration/|/service-areas/luverne-mn/mold-remediation/|/service-areas/adrian-mn/post-construction-cleaning/|/service-areas/akron-ia/post-construction-cleaning/|/contact/,2.80,planned
/service-areas/madison-sd/post-construction-cleaning/,service-area-service,"Post-Construction and Specialty Cleaning in Madison, SD | Crew Restoration & Construction",Post-Construction and Specialty Cleaning in Madison,"Post-construction and specialty cleaning in Madison, SD. IICRC-certified, insurance billing accepted. Call (605) 965-2727.",post-construction and specialty cleaning madison,post construction cleanup|construction debris cleaning|final clean|deep cleaning after renovation,local_service,,,900,hero|og|inline-1|inline-2,service|local-business|faq|breadcrumb-list,/services/post-construction-cleaning/|/service-areas/madison-sd/|/service-areas/madison-sd/fire-damage-restoration/|/service-areas/madison-sd/mold-remediation/|/service-areas/adrian-mn/post-construction-cleaning/|/service-areas/akron-ia/post-construction-cleaning/|/contact/,2.80,planned
/service-areas/merrill-ia/post-construction-cleaning/,service-area-service,"Post-Construction and Specialty Cleaning in Merrill, IA | Crew Restoration & Construction",Post-Construction and Specialty Cleaning in Merrill,"Post-construction and specialty cleaning in Merrill, IA. IICRC-certified, insurance billing accepted. Call (605) 965-2727.",post-construction and specialty cleaning merrill,post construction cleanup|construction debris cleaning|final clean|deep cleaning after renovation,local_service,,,900,hero|og|inline-1|inline-2,service|local-business|faq|breadcrumb-list,/services/post-construction-cleaning/|/service-areas/merrill-ia/|/service-areas/merrill-ia/fire-damage-restoration/|/service-areas/merrill-ia/mold-remediation/|/service-areas/adrian-mn/post-construction-cleaning/|/service-areas/akron-ia/post-construction-cleaning/|/contact/,2.80,planned
/service-areas/north-sioux-city-sd/post-construction-cleaning/,service-area-service,"Post-Construction and Specialty Cleaning in North Sioux City, SD | Crew Restoration & Construction",Post-Construction and Specialty Cleaning in North Sioux City,"Post-construction and specialty cleaning in North Sioux City, SD. IICRC-certified, insurance billing accepted. Call (605) 965-2727.",post-construction and specialty cleaning north sioux city,post construction cleanup|construction debris cleaning|final clean|deep cleaning after renovation,local_service,,,900,hero|og|inline-1|inline-2,service|local-business|faq|breadcrumb-list,/services/post-construction-cleaning/|/service-areas/north-sioux-city-sd/|/service-areas/north-sioux-city-sd/fire-damage-restoration/|/service-areas/north-sioux-city-sd/mold-remediation/|/service-areas/adrian-mn/post-construction-cleaning/|/service-areas/akron-ia/post-construction-cleaning/|/contact/,2.80,planned
/service-areas/orange-city-ia/post-construction-cleaning/,service-area-service,"Post-Construction and Specialty Cleaning in Orange City, IA | Crew Restoration & Construction",Post-Construction and Specialty Cleaning in Orange City,"Post-construction and specialty cleaning in Orange City, IA. IICRC-certified, insurance billing accepted. Call (605) 965-2727.",post-construction and specialty cleaning orange city,post construction cleanup|construction debris cleaning|final clean|deep cleaning after renovation,local_service,,,900,hero|og|inline-1|inline-2,service|local-business|faq|breadcrumb-list,/services/post-construction-cleaning/|/service-areas/orange-city-ia/|/service-areas/orange-city-ia/fire-damage-restoration/|/service-areas/orange-city-ia/mold-remediation/|/service-areas/adrian-mn/post-construction-cleaning/|/service-areas/akron-ia/post-construction-cleaning/|/contact/,2.80,planned
/service-areas/parker-sd/post-construction-cleaning/,service-area-service,"Post-Construction and Specialty Cleaning in Parker, SD | Crew Restoration & Construction",Post-Construction and Specialty Cleaning in Parker,"Post-construction and specialty cleaning in Parker, SD. IICRC-certified, insurance billing accepted. Call (605) 965-2727.",post-construction and specialty cleaning parker,post construction cleanup|construction debris cleaning|final clean|deep cleaning after renovation,local_service,,,900,hero|og|inline-1|inline-2,service|local-business|faq|breadcrumb-list,/services/post-construction-cleaning/|/service-areas/parker-sd/|/service-areas/parker-sd/fire-damage-restoration/|/service-areas/parker-sd/mold-remediation/|/service-areas/adrian-mn/post-construction-cleaning/|/service-areas/akron-ia/post-construction-cleaning/|/contact/,2.80,planned
/service-areas/pipestone-mn/post-construction-cleaning/,service-area-service,"Post-Construction and Specialty Cleaning in Pipestone, MN | Crew Restoration & Construction",Post-Construction and Specialty Cleaning in Pipestone,"Post-construction and specialty cleaning in Pipestone, MN. IICRC-certified, insurance billing accepted. Call (605) 965-2727.",post-construction and specialty cleaning pipestone,post construction cleanup|construction debris cleaning|final clean|deep cleaning after renovation,local_service,,,900,hero|og|inline-1|inline-2,service|local-business|faq|breadcrumb-list,/services/post-construction-cleaning/|/service-areas/pipestone-mn/|/service-areas/pipestone-mn/fire-damage-restoration/|/service-areas/pipestone-mn/mold-remediation/|/service-areas/adrian-mn/post-construction-cleaning/|/service-areas/akron-ia/post-construction-cleaning/|/contact/,2.80,planned
/service-areas/remsen-ia/post-construction-cleaning/,service-area-service,"Post-Construction and Specialty Cleaning in Remsen, IA | Crew Restoration & Construction",Post-Construction and Specialty Cleaning in Remsen,"Post-construction and specialty cleaning in Remsen, IA. IICRC-certified, insurance billing accepted. Call (605) 965-2727.",post-construction and specialty cleaning remsen,post construction cleanup|construction debris cleaning|final clean|deep cleaning after renovation,local_service,,,900,hero|og|inline-1|inline-2,service|local-business|faq|breadcrumb-list,/services/post-construction-cleaning/|/service-areas/remsen-ia/|/service-areas/remsen-ia/fire-damage-restoration/|/service-areas/remsen-ia/mold-remediation/|/service-areas/adrian-mn/post-construction-cleaning/|/service-areas/akron-ia/post-construction-cleaning/|/contact/,2.80,planned
/service-areas/rock-rapids-ia/post-construction-cleaning/,service-area-service,"Post-Construction and Specialty Cleaning in Rock Rapids, IA | Crew Restoration & Construction",Post-Construction and Specialty Cleaning in Rock Rapids,"Post-construction and specialty cleaning in Rock Rapids, IA. IICRC-certified, insurance billing accepted. Call (605) 965-2727.",post-construction and specialty cleaning rock rapids,post construction cleanup|construction debris cleaning|final clean|deep cleaning after renovation,local_service,,,900,hero|og|inline-1|inline-2,service|local-business|faq|breadcrumb-list,/services/post-construction-cleaning/|/service-areas/rock-rapids-ia/|/service-areas/rock-rapids-ia/fire-damage-restoration/|/service-areas/rock-rapids-ia/mold-remediation/|/service-areas/adrian-mn/post-construction-cleaning/|/service-areas/akron-ia/post-construction-cleaning/|/contact/,2.80,planned
/service-areas/rock-valley-ia/post-construction-cleaning/,service-area-service,"Post-Construction and Specialty Cleaning in Rock Valley, IA | Crew Restoration & Construction",Post-Construction and Specialty Cleaning in Rock Valley,"Post-construction and specialty cleaning in Rock Valley, IA. IICRC-certified, insurance billing accepted. Call (605) 965-2727.",post-construction and specialty cleaning rock valley,post construction cleanup|construction debris cleaning|final clean|deep cleaning after renovation,local_service,,,900,hero|og|inline-1|inline-2,service|local-business|faq|breadcrumb-list,/services/post-construction-cleaning/|/service-areas/rock-valley-ia/|/service-areas/rock-valley-ia/fire-damage-restoration/|/service-areas/rock-valley-ia/mold-remediation/|/service-areas/adrian-mn/post-construction-cleaning/|/service-areas/akron-ia/post-construction-cleaning/|/contact/,2.80,planned
/service-areas/salem-sd/post-construction-cleaning/,service-area-service,"Post-Construction and Specialty Cleaning in Salem, SD | Crew Restoration & Construction",Post-Construction and Specialty Cleaning in Salem,"Post-construction and specialty cleaning in Salem, SD. IICRC-certified, insurance billing accepted. Call (605) 965-2727.",post-construction and specialty cleaning salem,post construction cleanup|construction debris cleaning|final clean|deep cleaning after renovation,local_service,,,900,hero|og|inline-1|inline-2,service|local-business|faq|breadcrumb-list,/services/post-construction-cleaning/|/service-areas/salem-sd/|/service-areas/salem-sd/fire-damage-restoration/|/service-areas/salem-sd/mold-remediation/|/service-areas/adrian-mn/post-construction-cleaning/|/service-areas/akron-ia/post-construction-cleaning/|/contact/,2.80,planned
/service-areas/sibley-ia/post-construction-cleaning/,service-area-service,"Post-Construction and Specialty Cleaning in Sibley, IA | Crew Restoration & Construction",Post-Construction and Specialty Cleaning in Sibley,"Post-construction and specialty cleaning in Sibley, IA. IICRC-certified, insurance billing accepted. Call (605) 965-2727.",post-construction and specialty cleaning sibley,post construction cleanup|construction debris cleaning|final clean|deep cleaning after renovation,local_service,,,900,hero|og|inline-1|inline-2,service|local-business|faq|breadcrumb-list,/services/post-construction-cleaning/|/service-areas/sibley-ia/|/service-areas/sibley-ia/fire-damage-restoration/|/service-areas/sibley-ia/mold-remediation/|/service-areas/adrian-mn/post-construction-cleaning/|/service-areas/akron-ia/post-construction-cleaning/|/contact/,2.80,planned
/service-areas/sioux-center-ia/post-construction-cleaning/,service-area-service,"Post-Construction and Specialty Cleaning in Sioux Center, IA | Crew Restoration & Construction",Post-Construction and Specialty Cleaning in Sioux Center,"Post-construction and specialty cleaning in Sioux Center, IA. IICRC-certified, insurance billing accepted. Call (605) 965-2727.",post-construction and specialty cleaning sioux center,post construction cleanup|construction debris cleaning|final clean|deep cleaning after renovation,local_service,,,900,hero|og|inline-1|inline-2,service|local-business|faq|breadcrumb-list,/services/post-construction-cleaning/|/service-areas/sioux-center-ia/|/service-areas/sioux-center-ia/fire-damage-restoration/|/service-areas/sioux-center-ia/mold-remediation/|/service-areas/adrian-mn/post-construction-cleaning/|/service-areas/akron-ia/post-construction-cleaning/|/contact/,2.80,planned
/service-areas/slayton-mn/post-construction-cleaning/,service-area-service,"Post-Construction and Specialty Cleaning in Slayton, MN | Crew Restoration & Construction",Post-Construction and Specialty Cleaning in Slayton,"Post-construction and specialty cleaning in Slayton, MN. IICRC-certified, insurance billing accepted. Call (605) 965-2727.",post-construction and specialty cleaning slayton,post construction cleanup|construction debris cleaning|final clean|deep cleaning after renovation,local_service,,,900,hero|og|inline-1|inline-2,service|local-business|faq|breadcrumb-list,/services/post-construction-cleaning/|/service-areas/slayton-mn/|/service-areas/slayton-mn/fire-damage-restoration/|/service-areas/slayton-mn/mold-remediation/|/service-areas/adrian-mn/post-construction-cleaning/|/service-areas/akron-ia/post-construction-cleaning/|/contact/,2.80,planned
/service-areas/tea-sd/post-construction-cleaning/,service-area-service,"Post-Construction and Specialty Cleaning in Tea, SD | Crew Restoration & Construction",Post-Construction and Specialty Cleaning in Tea,"Post-construction and specialty cleaning in Tea, SD. IICRC-certified, insurance billing accepted. Call (605) 965-2727.",post-construction and specialty cleaning tea,post construction cleanup|construction debris cleaning|final clean|deep cleaning after renovation,local_service,,,900,hero|og|inline-1|inline-2,service|local-business|faq|breadcrumb-list,/services/post-construction-cleaning/|/service-areas/tea-sd/|/service-areas/tea-sd/fire-damage-restoration/|/service-areas/tea-sd/mold-remediation/|/service-areas/adrian-mn/post-construction-cleaning/|/service-areas/akron-ia/post-construction-cleaning/|/contact/,2.80,planned
/service-areas/volga-sd/post-construction-cleaning/,service-area-service,"Post-Construction and Specialty Cleaning in Volga, SD | Crew Restoration & Construction",Post-Construction and Specialty Cleaning in Volga,"Post-construction and specialty cleaning in Volga, SD. IICRC-certified, insurance billing accepted. Call (605) 965-2727.",post-construction and specialty cleaning volga,post construction cleanup|construction debris cleaning|final clean|deep cleaning after renovation,local_service,,,900,hero|og|inline-1|inline-2,service|local-business|faq|breadcrumb-list,/services/post-construction-cleaning/|/service-areas/volga-sd/|/service-areas/volga-sd/fire-damage-restoration/|/service-areas/volga-sd/mold-remediation/|/service-areas/adrian-mn/post-construction-cleaning/|/service-areas/akron-ia/post-construction-cleaning/|/contact/,2.80,planned
/service-areas/worthing-sd/post-construction-cleaning/,service-area-service,"Post-Construction and Specialty Cleaning in Worthing, SD | Crew Restoration & Construction",Post-Construction and Specialty Cleaning in Worthing,"Post-construction and specialty cleaning in Worthing, SD. IICRC-certified, insurance billing accepted. Call (605) 965-2727.",post-construction and specialty cleaning worthing,post construction cleanup|construction debris cleaning|final clean|deep cleaning after renovation,local_service,,,900,hero|og|inline-1|inline-2,service|local-business|faq|breadcrumb-list,/services/post-construction-cleaning/|/service-areas/worthing-sd/|/service-areas/worthing-sd/fire-damage-restoration/|/service-areas/worthing-sd/mold-remediation/|/service-areas/adrian-mn/post-construction-cleaning/|/service-areas/akron-ia/post-construction-cleaning/|/contact/,2.80,planned
/service-areas/worthington-mn/post-construction-cleaning/,service-area-service,"Post-Construction and Specialty Cleaning in Worthington, MN | Crew Restoration & Construction",Post-Construction and Specialty Cleaning in Worthington,"Post-construction and specialty cleaning in Worthington, MN. IICRC-certified, insurance billing accepted. Call (605) 965-2727.",post-construction and specialty cleaning worthington,post construction cleanup|construction debris cleaning|final clean|deep cleaning after renovation,local_service,,,900,hero|og|inline-1|inline-2,service|local-business|faq|breadcrumb-list,/services/post-construction-cleaning/|/service-areas/worthington-mn/|/service-areas/worthington-mn/fire-damage-restoration/|/service-areas/worthington-mn/mold-remediation/|/service-areas/adrian-mn/post-construction-cleaning/|/service-areas/akron-ia/post-construction-cleaning/|/contact/,2.80,planned
/service-areas/yankton-sd/post-construction-cleaning/,service-area-service,"Post-Construction and Specialty Cleaning in Yankton, SD | Crew Restoration & Construction",Post-Construction and Specialty Cleaning in Yankton,"Post-construction and specialty cleaning in Yankton, SD. IICRC-certified, insurance billing accepted. Call (605) 965-2727.",post-construction and specialty cleaning yankton,post construction cleanup|construction debris cleaning|final clean|deep cleaning after renovation,local_service,,,900,hero|og|inline-1|inline-2,service|local-business|faq|breadcrumb-list,/services/post-construction-cleaning/|/service-areas/yankton-sd/|/service-areas/yankton-sd/fire-damage-restoration/|/service-areas/yankton-sd/mold-remediation/|/service-areas/adrian-mn/post-construction-cleaning/|/service-areas/akron-ia/post-construction-cleaning/|/contact/,2.80,planned
/about/,about,About Crew Restoration & Construction | Sioux Falls Restoration Company,About Crew Restoration & Construction,"Crew Restoration & Construction has served Sioux Falls since 2015. Meet our IICRC-certified restoration team. Licensed, insured, locally owned.",crew restoration & construction sioux falls,local restoration company|iicrc certified restoration|licensed restoration contractor,navigational_trust,,,700,hero|og|inline-1,organization|website|local-business|aggregate-rating|breadcrumb-list,/|/services/|/contact/,2.50,planned
/contact/,contact,Contact Crew Restoration & Construction | Restoration in Sioux Falls,Contact Crew Restoration & Construction,Call (605) 965-2727 for restoration services in Sioux Falls and surrounding areas. Free estimates. Direct insurance billing.,crew restoration & construction contact,restoration company contact,navigational_action,,,400,hero|og,organization|website|local-business|breadcrumb-list,/|/services/|/service-areas/,2.50,planned
/accessibility/,legal,Accessibility Statement | Crew Restoration & Construction,Accessibility Statement,Accessibility Statement | {brand.display_name}.,crew restoration & construction accessibility,,navigational_legal,,,400,og,,,1.00,planned
/privacy/,legal,Privacy Policy | Crew Restoration & Construction,Privacy Policy,Privacy Policy | {brand.display_name}.,crew restoration & construction privacy,,navigational_legal,,,600,og,,,1.00,planned
/terms/,legal,Terms of Service | Crew Restoration & Construction,Terms of Service,Terms of Service | {brand.display_name}.,crew restoration & construction terms,,navigational_legal,,,600,og,,,1.00,planned
