url_path,archetype,title,h1,meta_description,primary_keyword,secondary_keywords,search_intent,search_volume,difficulty,target_word_count,image_roles,schema_stubs,internal_links_out,priority,status
/services/fire-damage-restoration/,service-landing,Fire Damage Restoration in North Las Vegas | Desert Valley Contracting Inc ,Fire Damage Restoration in North Las Vegas,"24/7 fire damage restoration in North Las Vegas and surrounding areas. IICRC-certified, insurance billing accepted. Call (702) 633-5033.",fire damage restoration north las vegas,fire cleanup|fire and smoke restoration|structural fire damage|post-fire restoration|fire damage repair,local_emergency,,,1100,hero|og|inline-1|inline-2,service|local-business|faq|breadcrumb-list,/services/|/contact/|/service-areas/blue-diamond-nv/fire-damage-restoration/|/service-areas/boulder-city-nv/fire-damage-restoration/|/service-areas/enterprise-nv/fire-damage-restoration/|/service-areas/henderson-nv/fire-damage-restoration/|/service-areas/indian-springs-nv/fire-damage-restoration/|/service-areas/las-vegas-nv/fire-damage-restoration/|/service-areas/moapa-town-nv/fire-damage-restoration/|/service-areas/moapa-valley-nv/fire-damage-restoration/|/service-areas/mount-charleston-nv/fire-damage-restoration/|/service-areas/nelson-nv/fire-damage-restoration/|/service-areas/pahrump-nv/fire-damage-restoration/|/service-areas/paradise-nv/fire-damage-restoration/|/blog/choosing-a-restoration-company/|/blog/fire-damage-restoration-process/,9.00,planned
/services/mold-remediation/,service-landing,Mold Remediation in North Las Vegas | Desert Valley Contracting Inc ,Mold Remediation in North Las Vegas,"24/7 mold remediation in North Las Vegas and surrounding areas. IICRC-certified, insurance billing accepted. Call (702) 633-5033.",mold remediation north las vegas,mold removal|black mold remediation|mold abatement|mold containment|mold cleanup,local_health,,,1100,hero|og|inline-1|inline-2,service|local-business|faq|breadcrumb-list,/services/|/contact/|/service-areas/blue-diamond-nv/mold-remediation/|/service-areas/boulder-city-nv/mold-remediation/|/service-areas/enterprise-nv/mold-remediation/|/service-areas/henderson-nv/mold-remediation/|/service-areas/indian-springs-nv/mold-remediation/|/service-areas/las-vegas-nv/mold-remediation/|/service-areas/moapa-town-nv/mold-remediation/|/service-areas/moapa-valley-nv/mold-remediation/|/service-areas/mount-charleston-nv/mold-remediation/|/service-areas/nelson-nv/mold-remediation/|/service-areas/pahrump-nv/mold-remediation/|/service-areas/paradise-nv/mold-remediation/|/blog/choosing-a-restoration-company/|/blog/how-to-test-for-mold/|/blog/signs-of-hidden-mold/,9.00,planned
/services/commercial-restoration/,service-landing,Commercial Restoration in North Las Vegas | Desert Valley Contracting Inc ,Commercial Restoration in North Las Vegas,"24/7 commercial restoration in North Las Vegas and surrounding areas. IICRC-certified, insurance billing accepted. Call (702) 633-5033.",commercial restoration north las vegas,commercial water damage|commercial fire damage|business restoration|office restoration|retail restoration,local_b2b,,,1100,hero|og|inline-1|inline-2,service|local-business|faq|breadcrumb-list,/services/|/contact/|/service-areas/blue-diamond-nv/commercial-restoration/|/service-areas/boulder-city-nv/commercial-restoration/|/service-areas/enterprise-nv/commercial-restoration/|/service-areas/henderson-nv/commercial-restoration/|/service-areas/indian-springs-nv/commercial-restoration/|/service-areas/las-vegas-nv/commercial-restoration/|/service-areas/moapa-town-nv/commercial-restoration/|/service-areas/moapa-valley-nv/commercial-restoration/|/service-areas/mount-charleston-nv/commercial-restoration/|/service-areas/nelson-nv/commercial-restoration/|/service-areas/pahrump-nv/commercial-restoration/|/service-areas/paradise-nv/commercial-restoration/,8.10,planned
/services/emergency-plumbing/,service-landing,Emergency Plumbing in North Las Vegas | Desert Valley Contracting Inc ,Emergency Plumbing in North Las Vegas,"24/7 emergency plumbing in North Las Vegas and surrounding areas. IICRC-certified, insurance billing accepted. Call (702) 633-5033.",emergency plumbing north las vegas,emergency plumber|24 hour plumber|burst pipe plumber|emergency plumbing repair|24/7 plumbing,local_emergency,,,1100,hero|og|inline-1|inline-2,service|local-business|faq|breadcrumb-list,/services/|/contact/|/service-areas/blue-diamond-nv/emergency-plumbing/|/service-areas/boulder-city-nv/emergency-plumbing/|/service-areas/enterprise-nv/emergency-plumbing/|/service-areas/henderson-nv/emergency-plumbing/|/service-areas/indian-springs-nv/emergency-plumbing/|/service-areas/las-vegas-nv/emergency-plumbing/|/service-areas/moapa-town-nv/emergency-plumbing/|/service-areas/moapa-valley-nv/emergency-plumbing/|/service-areas/mount-charleston-nv/emergency-plumbing/|/service-areas/nelson-nv/emergency-plumbing/|/service-areas/pahrump-nv/emergency-plumbing/|/service-areas/paradise-nv/emergency-plumbing/,8.10,planned
/services/flood-damage-restoration/,service-landing,Flood Damage Restoration in North Las Vegas | Desert Valley Contracting Inc ,Flood Damage Restoration in North Las Vegas,"24/7 flood damage restoration in North Las Vegas and surrounding areas. IICRC-certified, insurance billing accepted. Call (702) 633-5033.",flood damage restoration north las vegas,flood cleanup|flood restoration|post-flood restoration|residential flood damage|flood damage repair,local_emergency,,,1100,hero|og|inline-1|inline-2,service|local-business|faq|breadcrumb-list,/services/|/contact/|/service-areas/blue-diamond-nv/flood-damage-restoration/|/service-areas/boulder-city-nv/flood-damage-restoration/|/service-areas/enterprise-nv/flood-damage-restoration/|/service-areas/henderson-nv/flood-damage-restoration/|/service-areas/indian-springs-nv/flood-damage-restoration/|/service-areas/las-vegas-nv/flood-damage-restoration/|/service-areas/moapa-town-nv/flood-damage-restoration/|/service-areas/moapa-valley-nv/flood-damage-restoration/|/service-areas/mount-charleston-nv/flood-damage-restoration/|/service-areas/nelson-nv/flood-damage-restoration/|/service-areas/pahrump-nv/flood-damage-restoration/|/service-areas/paradise-nv/flood-damage-restoration/,8.10,planned
/services/reconstruction/,service-landing,Reconstruction Services in North Las Vegas | Desert Valley Contracting Inc ,Reconstruction Services in North Las Vegas,"24/7 reconstruction services in North Las Vegas and surrounding areas. IICRC-certified, insurance billing accepted. Call (702) 633-5033.",reconstruction services north las vegas,post-damage reconstruction|rebuild services|structural reconstruction|post-disaster rebuilding|fire damage reconstruction,local_commercial,,,1100,hero|og|inline-1|inline-2,service|local-business|faq|breadcrumb-list,/services/|/contact/|/service-areas/blue-diamond-nv/reconstruction/|/service-areas/boulder-city-nv/reconstruction/|/service-areas/enterprise-nv/reconstruction/|/service-areas/henderson-nv/reconstruction/|/service-areas/indian-springs-nv/reconstruction/|/service-areas/las-vegas-nv/reconstruction/|/service-areas/moapa-town-nv/reconstruction/|/service-areas/moapa-valley-nv/reconstruction/|/service-areas/mount-charleston-nv/reconstruction/|/service-areas/nelson-nv/reconstruction/|/service-areas/pahrump-nv/reconstruction/|/service-areas/paradise-nv/reconstruction/,8.10,planned
/services/sewage-cleanup/,service-landing,Sewage Cleanup and Sanitization in North Las Vegas | Desert Valley Contracting Inc ,Sewage Cleanup and Sanitization in North Las Vegas,"24/7 sewage cleanup and sanitization in North Las Vegas and surrounding areas. IICRC-certified, insurance billing accepted. Call (702) 633-5033.",sewage cleanup and sanitization north las vegas,sewage backup cleanup|raw sewage removal|septic overflow cleanup|sewer line backup|sanitization services,local_emergency,,,1100,hero|og|inline-1|inline-2,service|local-business|faq|breadcrumb-list,/services/|/contact/|/service-areas/blue-diamond-nv/sewage-cleanup/|/service-areas/boulder-city-nv/sewage-cleanup/|/service-areas/enterprise-nv/sewage-cleanup/|/service-areas/henderson-nv/sewage-cleanup/|/service-areas/indian-springs-nv/sewage-cleanup/|/service-areas/las-vegas-nv/sewage-cleanup/|/service-areas/moapa-town-nv/sewage-cleanup/|/service-areas/moapa-valley-nv/sewage-cleanup/|/service-areas/mount-charleston-nv/sewage-cleanup/|/service-areas/nelson-nv/sewage-cleanup/|/service-areas/pahrump-nv/sewage-cleanup/|/service-areas/paradise-nv/sewage-cleanup/,8.10,planned
/services/smoke-damage-restoration/,service-landing,Smoke Damage Restoration in North Las Vegas | Desert Valley Contracting Inc ,Smoke Damage Restoration in North Las Vegas,"24/7 smoke damage restoration in North Las Vegas and surrounding areas. IICRC-certified, insurance billing accepted. Call (702) 633-5033.",smoke damage restoration north las vegas,smoke residue cleanup|smoke damage repair|post-fire smoke cleanup|smoke damage restoration services|wildfire smoke cleanup,local_emergency,,,1100,hero|og|inline-1|inline-2,service|local-business|faq|breadcrumb-list,/services/|/contact/|/service-areas/blue-diamond-nv/smoke-damage-restoration/|/service-areas/boulder-city-nv/smoke-damage-restoration/|/service-areas/enterprise-nv/smoke-damage-restoration/|/service-areas/henderson-nv/smoke-damage-restoration/|/service-areas/indian-springs-nv/smoke-damage-restoration/|/service-areas/las-vegas-nv/smoke-damage-restoration/|/service-areas/moapa-town-nv/smoke-damage-restoration/|/service-areas/moapa-valley-nv/smoke-damage-restoration/|/service-areas/mount-charleston-nv/smoke-damage-restoration/|/service-areas/nelson-nv/smoke-damage-restoration/|/service-areas/pahrump-nv/smoke-damage-restoration/|/service-areas/paradise-nv/smoke-damage-restoration/|/blog/fire-damage-restoration-process/,8.10,planned
/services/storm-damage-restoration/,service-landing,Storm Damage Restoration in North Las Vegas | Desert Valley Contracting Inc ,Storm Damage Restoration in North Las Vegas,"24/7 storm damage restoration in North Las Vegas and surrounding areas. IICRC-certified, insurance billing accepted. Call (702) 633-5033.",storm damage restoration north las vegas,hurricane damage cleanup|tornado damage cleanup|tree damage cleanup|storm cleanup services|severe weather damage repair,local_emergency,,,1100,hero|og|inline-1|inline-2,service|local-business|faq|breadcrumb-list,/services/|/contact/|/service-areas/blue-diamond-nv/storm-damage-restoration/|/service-areas/boulder-city-nv/storm-damage-restoration/|/service-areas/enterprise-nv/storm-damage-restoration/|/service-areas/henderson-nv/storm-damage-restoration/|/service-areas/indian-springs-nv/storm-damage-restoration/|/service-areas/las-vegas-nv/storm-damage-restoration/|/service-areas/moapa-town-nv/storm-damage-restoration/|/service-areas/moapa-valley-nv/storm-damage-restoration/|/service-areas/mount-charleston-nv/storm-damage-restoration/|/service-areas/nelson-nv/storm-damage-restoration/|/service-areas/pahrump-nv/storm-damage-restoration/|/service-areas/paradise-nv/storm-damage-restoration/,8.10,planned
/services/basement-flooding-cleanup/,service-landing,Basement Flooding Cleanup in North Las Vegas | Desert Valley Contracting Inc ,Basement Flooding Cleanup in North Las Vegas,"24/7 basement flooding cleanup in North Las Vegas and surrounding areas. IICRC-certified, insurance billing accepted. Call (702) 633-5033.",basement flooding cleanup north las vegas,flooded basement cleanup|basement water removal|wet basement restoration|basement water damage|basement drying,local_emergency,,,1100,hero|og|inline-1|inline-2,service|local-business|faq|breadcrumb-list,/services/|/contact/|/service-areas/blue-diamond-nv/basement-flooding-cleanup/|/service-areas/boulder-city-nv/basement-flooding-cleanup/|/service-areas/enterprise-nv/basement-flooding-cleanup/|/service-areas/henderson-nv/basement-flooding-cleanup/|/service-areas/indian-springs-nv/basement-flooding-cleanup/|/service-areas/las-vegas-nv/basement-flooding-cleanup/|/service-areas/moapa-town-nv/basement-flooding-cleanup/|/service-areas/moapa-valley-nv/basement-flooding-cleanup/|/service-areas/mount-charleston-nv/basement-flooding-cleanup/|/service-areas/nelson-nv/basement-flooding-cleanup/|/service-areas/pahrump-nv/basement-flooding-cleanup/|/service-areas/paradise-nv/basement-flooding-cleanup/,7.20,planned
/services/biohazard-cleanup/,service-landing,Biohazard Cleanup in North Las Vegas | Desert Valley Contracting Inc ,Biohazard Cleanup in North Las Vegas,"24/7 biohazard cleanup in North Las Vegas and surrounding areas. IICRC-certified, insurance billing accepted. Call (702) 633-5033.",biohazard cleanup north las vegas,biohazard remediation|blood cleanup|bodily fluid cleanup|sharps and needle cleanup|infectious material cleanup,local_sensitive,,,1100,hero|og|inline-1|inline-2,service|local-business|faq|breadcrumb-list,/services/|/contact/|/service-areas/blue-diamond-nv/biohazard-cleanup/|/service-areas/boulder-city-nv/biohazard-cleanup/|/service-areas/enterprise-nv/biohazard-cleanup/|/service-areas/henderson-nv/biohazard-cleanup/|/service-areas/indian-springs-nv/biohazard-cleanup/|/service-areas/las-vegas-nv/biohazard-cleanup/|/service-areas/moapa-town-nv/biohazard-cleanup/|/service-areas/moapa-valley-nv/biohazard-cleanup/|/service-areas/mount-charleston-nv/biohazard-cleanup/|/service-areas/nelson-nv/biohazard-cleanup/|/service-areas/pahrump-nv/biohazard-cleanup/|/service-areas/paradise-nv/biohazard-cleanup/,7.20,planned
/services/burst-pipe-repair/,service-landing,Burst Pipe Cleanup and Repair in North Las Vegas | Desert Valley Contracting Inc ,Burst Pipe Cleanup and Repair in North Las Vegas,"24/7 burst pipe cleanup and repair in North Las Vegas and surrounding areas. IICRC-certified, insurance billing accepted. Call (702) 633-5033.",burst pipe cleanup and repair north las vegas,burst pipe cleanup|pipe burst emergency|pipe break water damage|water line break|emergency pipe repair,local_emergency,,,1100,hero|og|inline-1|inline-2,service|local-business|faq|breadcrumb-list,/services/|/contact/|/service-areas/blue-diamond-nv/burst-pipe-repair/|/service-areas/boulder-city-nv/burst-pipe-repair/|/service-areas/enterprise-nv/burst-pipe-repair/|/service-areas/henderson-nv/burst-pipe-repair/|/service-areas/indian-springs-nv/burst-pipe-repair/|/service-areas/las-vegas-nv/burst-pipe-repair/|/service-areas/moapa-town-nv/burst-pipe-repair/|/service-areas/moapa-valley-nv/burst-pipe-repair/|/service-areas/mount-charleston-nv/burst-pipe-repair/|/service-areas/nelson-nv/burst-pipe-repair/|/service-areas/pahrump-nv/burst-pipe-repair/|/service-areas/paradise-nv/burst-pipe-repair/,7.20,planned
/services/ceiling-water-damage-repair/,service-landing,Ceiling Water Damage Repair in North Las Vegas | Desert Valley Contracting Inc ,Ceiling Water Damage Repair in North Las Vegas,"24/7 ceiling water damage repair in North Las Vegas and surrounding areas. IICRC-certified, insurance billing accepted. Call (702) 633-5033.",ceiling water damage repair north las vegas,ceiling leaking|water coming through ceiling|ceiling leak repair|sagging ceiling water damage|water stain ceiling,local_emergency,,,1100,hero|og|inline-1|inline-2,service|local-business|faq|breadcrumb-list,/services/|/contact/|/service-areas/blue-diamond-nv/ceiling-water-damage-repair/|/service-areas/boulder-city-nv/ceiling-water-damage-repair/|/service-areas/enterprise-nv/ceiling-water-damage-repair/|/service-areas/henderson-nv/ceiling-water-damage-repair/|/service-areas/indian-springs-nv/ceiling-water-damage-repair/|/service-areas/las-vegas-nv/ceiling-water-damage-repair/|/service-areas/moapa-town-nv/ceiling-water-damage-repair/|/service-areas/moapa-valley-nv/ceiling-water-damage-repair/|/service-areas/mount-charleston-nv/ceiling-water-damage-repair/|/service-areas/nelson-nv/ceiling-water-damage-repair/|/service-areas/pahrump-nv/ceiling-water-damage-repair/|/service-areas/paradise-nv/ceiling-water-damage-repair/,7.20,planned
/services/general-contracting/,service-landing,"Renovations, Remodels and General Contracting in North Las Vegas | Desert Valley Contracting Inc ","Renovations, Remodels and General Contracting in North Las Vegas","24/7 renovations, remodels and general contracting in North Las Vegas and surrounding areas. IICRC-certified, insurance billing accepted. Call (702) 633-5033.","renovations, remodels and general contracting north las vegas",general contractor|home renovation services|home remodeling|kitchen remodel|bathroom remodel|post-damage rebuild,local_commercial,,,1100,hero|og|inline-1|inline-2,service|local-business|faq|breadcrumb-list,/services/|/contact/|/service-areas/blue-diamond-nv/general-contracting/|/service-areas/boulder-city-nv/general-contracting/|/service-areas/enterprise-nv/general-contracting/|/service-areas/henderson-nv/general-contracting/|/service-areas/indian-springs-nv/general-contracting/|/service-areas/las-vegas-nv/general-contracting/|/service-areas/moapa-town-nv/general-contracting/|/service-areas/moapa-valley-nv/general-contracting/|/service-areas/mount-charleston-nv/general-contracting/|/service-areas/nelson-nv/general-contracting/|/service-areas/pahrump-nv/general-contracting/|/service-areas/paradise-nv/general-contracting/,7.20,planned
/services/large-loss-response/,service-landing,Large Loss and Catastrophic Response in North Las Vegas | Desert Valley Contracting Inc ,Large Loss and Catastrophic Response in North Las Vegas,"24/7 large loss and catastrophic response in North Las Vegas and surrounding areas. IICRC-certified, insurance billing accepted. Call (702) 633-5033.",large loss and catastrophic response north las vegas,large loss restoration|catastrophic loss response|commercial catastrophic restoration|multi-million dollar restoration|large loss adjusters,local_b2b,,,1100,hero|og|inline-1|inline-2,service|local-business|faq|breadcrumb-list,/services/|/contact/|/service-areas/blue-diamond-nv/large-loss-response/|/service-areas/boulder-city-nv/large-loss-response/|/service-areas/enterprise-nv/large-loss-response/|/service-areas/henderson-nv/large-loss-response/|/service-areas/indian-springs-nv/large-loss-response/|/service-areas/las-vegas-nv/large-loss-response/|/service-areas/moapa-town-nv/large-loss-response/|/service-areas/moapa-valley-nv/large-loss-response/|/service-areas/mount-charleston-nv/large-loss-response/|/service-areas/nelson-nv/large-loss-response/|/service-areas/pahrump-nv/large-loss-response/|/service-areas/paradise-nv/large-loss-response/,7.20,planned
/services/mold-inspection-testing/,service-landing,Mold Inspection and Testing in North Las Vegas | Desert Valley Contracting Inc ,Mold Inspection and Testing in North Las Vegas,"24/7 mold inspection and testing in North Las Vegas and surrounding areas. IICRC-certified, insurance billing accepted. Call (702) 633-5033.",mold inspection and testing north las vegas,mold inspection|mold testing|indoor air quality testing|mold spore testing|mold assessment,local_health,,,1100,hero|og|inline-1|inline-2,service|local-business|faq|breadcrumb-list,/services/|/contact/|/service-areas/blue-diamond-nv/mold-inspection-testing/|/service-areas/boulder-city-nv/mold-inspection-testing/|/service-areas/enterprise-nv/mold-inspection-testing/|/service-areas/henderson-nv/mold-inspection-testing/|/service-areas/indian-springs-nv/mold-inspection-testing/|/service-areas/las-vegas-nv/mold-inspection-testing/|/service-areas/moapa-town-nv/mold-inspection-testing/|/service-areas/moapa-valley-nv/mold-inspection-testing/|/service-areas/mount-charleston-nv/mold-inspection-testing/|/service-areas/nelson-nv/mold-inspection-testing/|/service-areas/pahrump-nv/mold-inspection-testing/|/service-areas/paradise-nv/mold-inspection-testing/|/blog/how-to-test-for-mold/,7.20,planned
/service-areas/blue-diamond-nv/fire-damage-restoration/,service-area-service,"Fire Damage Restoration in Blue Diamond, NV | Desert Valley Contracting Inc ",Fire Damage Restoration in Blue Diamond,"24/7 fire damage restoration in Blue Diamond, NV. IICRC-certified, insurance billing accepted. Call (702) 633-5033.",fire damage restoration blue diamond,fire cleanup|fire and smoke restoration|structural fire damage|post-fire restoration|fire damage repair,local_emergency,,,900,hero|og|inline-1|inline-2,service|local-business|faq|breadcrumb-list,/services/fire-damage-restoration/|/service-areas/blue-diamond-nv/|/service-areas/blue-diamond-nv/mold-remediation/|/service-areas/blue-diamond-nv/water-damage-restoration/|/service-areas/boulder-city-nv/fire-damage-restoration/|/service-areas/enterprise-nv/fire-damage-restoration/|/contact/,7.00,planned
/service-areas/blue-diamond-nv/mold-remediation/,service-area-service,"Mold Remediation in Blue Diamond, NV | Desert Valley Contracting Inc ",Mold Remediation in Blue Diamond,"24/7 mold remediation in Blue Diamond, NV. IICRC-certified, insurance billing accepted. Call (702) 633-5033.",mold remediation blue diamond,mold removal|black mold remediation|mold abatement|mold containment|mold cleanup,local_health,,,900,hero|og|inline-1|inline-2,service|local-business|faq|breadcrumb-list,/services/mold-remediation/|/service-areas/blue-diamond-nv/|/service-areas/blue-diamond-nv/fire-damage-restoration/|/service-areas/blue-diamond-nv/water-damage-restoration/|/service-areas/boulder-city-nv/mold-remediation/|/service-areas/enterprise-nv/mold-remediation/|/contact/,7.00,planned
/service-areas/blue-diamond-nv/water-damage-restoration/,service-area-service,"Water Damage Restoration in Blue Diamond, NV | Desert Valley Contracting Inc ",Water Damage Restoration in Blue Diamond,"24/7 water damage restoration in Blue Diamond, NV. IICRC-certified, insurance billing accepted. Call (702) 633-5033.",water damage restoration blue diamond,water removal|water extraction|water cleanup|structural drying|water mitigation,local_emergency,,,900,hero|og|inline-1|inline-2,service|local-business|faq|breadcrumb-list,/services/water-damage-restoration/|/service-areas/blue-diamond-nv/|/service-areas/blue-diamond-nv/fire-damage-restoration/|/service-areas/blue-diamond-nv/mold-remediation/|/service-areas/boulder-city-nv/water-damage-restoration/|/service-areas/enterprise-nv/water-damage-restoration/|/contact/,7.00,planned
/service-areas/boulder-city-nv/fire-damage-restoration/,service-area-service,"Fire Damage Restoration in Boulder City, NV | Desert Valley Contracting Inc ",Fire Damage Restoration in Boulder City,"24/7 fire damage restoration in Boulder City, NV. IICRC-certified, insurance billing accepted. Call (702) 633-5033.",fire damage restoration boulder city,fire cleanup|fire and smoke restoration|structural fire damage|post-fire restoration|fire damage repair,local_emergency,,,900,hero|og|inline-1|inline-2,service|local-business|faq|breadcrumb-list,/services/fire-damage-restoration/|/service-areas/boulder-city-nv/|/service-areas/boulder-city-nv/mold-remediation/|/service-areas/boulder-city-nv/water-damage-restoration/|/service-areas/blue-diamond-nv/fire-damage-restoration/|/service-areas/enterprise-nv/fire-damage-restoration/|/contact/,7.00,planned
/service-areas/boulder-city-nv/mold-remediation/,service-area-service,"Mold Remediation in Boulder City, NV | Desert Valley Contracting Inc ",Mold Remediation in Boulder City,"24/7 mold remediation in Boulder City, NV. IICRC-certified, insurance billing accepted. Call (702) 633-5033.",mold remediation boulder city,mold removal|black mold remediation|mold abatement|mold containment|mold cleanup,local_health,,,900,hero|og|inline-1|inline-2,service|local-business|faq|breadcrumb-list,/services/mold-remediation/|/service-areas/boulder-city-nv/|/service-areas/boulder-city-nv/fire-damage-restoration/|/service-areas/boulder-city-nv/water-damage-restoration/|/service-areas/blue-diamond-nv/mold-remediation/|/service-areas/enterprise-nv/mold-remediation/|/contact/,7.00,planned
/service-areas/boulder-city-nv/water-damage-restoration/,service-area-service,"Water Damage Restoration in Boulder City, NV | Desert Valley Contracting Inc ",Water Damage Restoration in Boulder City,"24/7 water damage restoration in Boulder City, NV. IICRC-certified, insurance billing accepted. Call (702) 633-5033.",water damage restoration boulder city,water removal|water extraction|water cleanup|structural drying|water mitigation,local_emergency,,,900,hero|og|inline-1|inline-2,service|local-business|faq|breadcrumb-list,/services/water-damage-restoration/|/service-areas/boulder-city-nv/|/service-areas/boulder-city-nv/fire-damage-restoration/|/service-areas/boulder-city-nv/mold-remediation/|/service-areas/blue-diamond-nv/water-damage-restoration/|/service-areas/enterprise-nv/water-damage-restoration/|/contact/,7.00,planned
/service-areas/enterprise-nv/fire-damage-restoration/,service-area-service,"Fire Damage Restoration in Enterprise, NV | Desert Valley Contracting Inc ",Fire Damage Restoration in Enterprise,"24/7 fire damage restoration in Enterprise, NV. IICRC-certified, insurance billing accepted. Call (702) 633-5033.",fire damage restoration enterprise,fire cleanup|fire and smoke restoration|structural fire damage|post-fire restoration|fire damage repair,local_emergency,,,900,hero|og|inline-1|inline-2,service|local-business|faq|breadcrumb-list,/services/fire-damage-restoration/|/service-areas/enterprise-nv/|/service-areas/enterprise-nv/mold-remediation/|/service-areas/enterprise-nv/water-damage-restoration/|/service-areas/blue-diamond-nv/fire-damage-restoration/|/service-areas/boulder-city-nv/fire-damage-restoration/|/contact/,7.00,planned
/service-areas/enterprise-nv/mold-remediation/,service-area-service,"Mold Remediation in Enterprise, NV | Desert Valley Contracting Inc ",Mold Remediation in Enterprise,"24/7 mold remediation in Enterprise, NV. IICRC-certified, insurance billing accepted. Call (702) 633-5033.",mold remediation enterprise,mold removal|black mold remediation|mold abatement|mold containment|mold cleanup,local_health,,,900,hero|og|inline-1|inline-2,service|local-business|faq|breadcrumb-list,/services/mold-remediation/|/service-areas/enterprise-nv/|/service-areas/enterprise-nv/fire-damage-restoration/|/service-areas/enterprise-nv/water-damage-restoration/|/service-areas/blue-diamond-nv/mold-remediation/|/service-areas/boulder-city-nv/mold-remediation/|/contact/,7.00,planned
/service-areas/enterprise-nv/water-damage-restoration/,service-area-service,"Water Damage Restoration in Enterprise, NV | Desert Valley Contracting Inc ",Water Damage Restoration in Enterprise,"24/7 water damage restoration in Enterprise, NV. IICRC-certified, insurance billing accepted. Call (702) 633-5033.",water damage restoration enterprise,water removal|water extraction|water cleanup|structural drying|water mitigation,local_emergency,,,900,hero|og|inline-1|inline-2,service|local-business|faq|breadcrumb-list,/services/water-damage-restoration/|/service-areas/enterprise-nv/|/service-areas/enterprise-nv/fire-damage-restoration/|/service-areas/enterprise-nv/mold-remediation/|/service-areas/blue-diamond-nv/water-damage-restoration/|/service-areas/boulder-city-nv/water-damage-restoration/|/contact/,7.00,planned
/service-areas/henderson-nv/fire-damage-restoration/,service-area-service,"Fire Damage Restoration in Henderson, NV | Desert Valley Contracting Inc ",Fire Damage Restoration in Henderson,"24/7 fire damage restoration in Henderson, NV. IICRC-certified, insurance billing accepted. Call (702) 633-5033.",fire damage restoration henderson,fire cleanup|fire and smoke restoration|structural fire damage|post-fire restoration|fire damage repair,local_emergency,,,900,hero|og|inline-1|inline-2,service|local-business|faq|breadcrumb-list,/services/fire-damage-restoration/|/service-areas/henderson-nv/|/service-areas/henderson-nv/mold-remediation/|/service-areas/henderson-nv/water-damage-restoration/|/service-areas/blue-diamond-nv/fire-damage-restoration/|/service-areas/boulder-city-nv/fire-damage-restoration/|/contact/,7.00,planned
/service-areas/henderson-nv/mold-remediation/,service-area-service,"Mold Remediation in Henderson, NV | Desert Valley Contracting Inc ",Mold Remediation in Henderson,"24/7 mold remediation in Henderson, NV. IICRC-certified, insurance billing accepted. Call (702) 633-5033.",mold remediation henderson,mold removal|black mold remediation|mold abatement|mold containment|mold cleanup,local_health,,,900,hero|og|inline-1|inline-2,service|local-business|faq|breadcrumb-list,/services/mold-remediation/|/service-areas/henderson-nv/|/service-areas/henderson-nv/fire-damage-restoration/|/service-areas/henderson-nv/water-damage-restoration/|/service-areas/blue-diamond-nv/mold-remediation/|/service-areas/boulder-city-nv/mold-remediation/|/contact/,7.00,planned
/service-areas/henderson-nv/water-damage-restoration/,service-area-service,"Water Damage Restoration in Henderson, NV | Desert Valley Contracting Inc ",Water Damage Restoration in Henderson,"24/7 water damage restoration in Henderson, NV. IICRC-certified, insurance billing accepted. Call (702) 633-5033.",water damage restoration henderson,water removal|water extraction|water cleanup|structural drying|water mitigation,local_emergency,,,900,hero|og|inline-1|inline-2,service|local-business|faq|breadcrumb-list,/services/water-damage-restoration/|/service-areas/henderson-nv/|/service-areas/henderson-nv/fire-damage-restoration/|/service-areas/henderson-nv/mold-remediation/|/service-areas/blue-diamond-nv/water-damage-restoration/|/service-areas/boulder-city-nv/water-damage-restoration/|/contact/,7.00,planned
/service-areas/indian-springs-nv/fire-damage-restoration/,service-area-service,"Fire Damage Restoration in Indian Springs, NV | Desert Valley Contracting Inc ",Fire Damage Restoration in Indian Springs,"24/7 fire damage restoration in Indian Springs, NV. IICRC-certified, insurance billing accepted. Call (702) 633-5033.",fire damage restoration indian springs,fire cleanup|fire and smoke restoration|structural fire damage|post-fire restoration|fire damage repair,local_emergency,,,900,hero|og|inline-1|inline-2,service|local-business|faq|breadcrumb-list,/services/fire-damage-restoration/|/service-areas/indian-springs-nv/|/service-areas/indian-springs-nv/mold-remediation/|/service-areas/indian-springs-nv/water-damage-restoration/|/service-areas/blue-diamond-nv/fire-damage-restoration/|/service-areas/boulder-city-nv/fire-damage-restoration/|/contact/,7.00,planned
/service-areas/indian-springs-nv/mold-remediation/,service-area-service,"Mold Remediation in Indian Springs, NV | Desert Valley Contracting Inc ",Mold Remediation in Indian Springs,"24/7 mold remediation in Indian Springs, NV. IICRC-certified, insurance billing accepted. Call (702) 633-5033.",mold remediation indian springs,mold removal|black mold remediation|mold abatement|mold containment|mold cleanup,local_health,,,900,hero|og|inline-1|inline-2,service|local-business|faq|breadcrumb-list,/services/mold-remediation/|/service-areas/indian-springs-nv/|/service-areas/indian-springs-nv/fire-damage-restoration/|/service-areas/indian-springs-nv/water-damage-restoration/|/service-areas/blue-diamond-nv/mold-remediation/|/service-areas/boulder-city-nv/mold-remediation/|/contact/,7.00,planned
/service-areas/indian-springs-nv/water-damage-restoration/,service-area-service,"Water Damage Restoration in Indian Springs, NV | Desert Valley Contracting Inc ",Water Damage Restoration in Indian Springs,"24/7 water damage restoration in Indian Springs, NV. IICRC-certified, insurance billing accepted. Call (702) 633-5033.",water damage restoration indian springs,water removal|water extraction|water cleanup|structural drying|water mitigation,local_emergency,,,900,hero|og|inline-1|inline-2,service|local-business|faq|breadcrumb-list,/services/water-damage-restoration/|/service-areas/indian-springs-nv/|/service-areas/indian-springs-nv/fire-damage-restoration/|/service-areas/indian-springs-nv/mold-remediation/|/service-areas/blue-diamond-nv/water-damage-restoration/|/service-areas/boulder-city-nv/water-damage-restoration/|/contact/,7.00,planned
/service-areas/las-vegas-nv/fire-damage-restoration/,service-area-service,"Fire Damage Restoration in Las Vegas, NV | Desert Valley Contracting Inc ",Fire Damage Restoration in Las Vegas,"24/7 fire damage restoration in Las Vegas, NV. IICRC-certified, insurance billing accepted. Call (702) 633-5033.",fire damage restoration las vegas,fire cleanup|fire and smoke restoration|structural fire damage|post-fire restoration|fire damage repair,local_emergency,,,900,hero|og|inline-1|inline-2,service|local-business|faq|breadcrumb-list,/services/fire-damage-restoration/|/service-areas/las-vegas-nv/|/service-areas/las-vegas-nv/mold-remediation/|/service-areas/las-vegas-nv/water-damage-restoration/|/service-areas/blue-diamond-nv/fire-damage-restoration/|/service-areas/boulder-city-nv/fire-damage-restoration/|/contact/,7.00,planned
/service-areas/las-vegas-nv/mold-remediation/,service-area-service,"Mold Remediation in Las Vegas, NV | Desert Valley Contracting Inc ",Mold Remediation in Las Vegas,"24/7 mold remediation in Las Vegas, NV. IICRC-certified, insurance billing accepted. Call (702) 633-5033.",mold remediation las vegas,mold removal|black mold remediation|mold abatement|mold containment|mold cleanup,local_health,,,900,hero|og|inline-1|inline-2,service|local-business|faq|breadcrumb-list,/services/mold-remediation/|/service-areas/las-vegas-nv/|/service-areas/las-vegas-nv/fire-damage-restoration/|/service-areas/las-vegas-nv/water-damage-restoration/|/service-areas/blue-diamond-nv/mold-remediation/|/service-areas/boulder-city-nv/mold-remediation/|/contact/,7.00,planned
/service-areas/las-vegas-nv/water-damage-restoration/,service-area-service,"Water Damage Restoration in Las Vegas, NV | Desert Valley Contracting Inc ",Water Damage Restoration in Las Vegas,"24/7 water damage restoration in Las Vegas, NV. IICRC-certified, insurance billing accepted. Call (702) 633-5033.",water damage restoration las vegas,water removal|water extraction|water cleanup|structural drying|water mitigation,local_emergency,,,900,hero|og|inline-1|inline-2,service|local-business|faq|breadcrumb-list,/services/water-damage-restoration/|/service-areas/las-vegas-nv/|/service-areas/las-vegas-nv/fire-damage-restoration/|/service-areas/las-vegas-nv/mold-remediation/|/service-areas/blue-diamond-nv/water-damage-restoration/|/service-areas/boulder-city-nv/water-damage-restoration/|/contact/,7.00,planned
/service-areas/moapa-town-nv/fire-damage-restoration/,service-area-service,"Fire Damage Restoration in Moapa Town, NV | Desert Valley Contracting Inc ",Fire Damage Restoration in Moapa Town,"24/7 fire damage restoration in Moapa Town, NV. IICRC-certified, insurance billing accepted. Call (702) 633-5033.",fire damage restoration moapa town,fire cleanup|fire and smoke restoration|structural fire damage|post-fire restoration|fire damage repair,local_emergency,,,900,hero|og|inline-1|inline-2,service|local-business|faq|breadcrumb-list,/services/fire-damage-restoration/|/service-areas/moapa-town-nv/|/service-areas/moapa-town-nv/mold-remediation/|/service-areas/moapa-town-nv/water-damage-restoration/|/service-areas/blue-diamond-nv/fire-damage-restoration/|/service-areas/boulder-city-nv/fire-damage-restoration/|/contact/,7.00,planned
/service-areas/moapa-town-nv/mold-remediation/,service-area-service,"Mold Remediation in Moapa Town, NV | Desert Valley Contracting Inc ",Mold Remediation in Moapa Town,"24/7 mold remediation in Moapa Town, NV. IICRC-certified, insurance billing accepted. Call (702) 633-5033.",mold remediation moapa town,mold removal|black mold remediation|mold abatement|mold containment|mold cleanup,local_health,,,900,hero|og|inline-1|inline-2,service|local-business|faq|breadcrumb-list,/services/mold-remediation/|/service-areas/moapa-town-nv/|/service-areas/moapa-town-nv/fire-damage-restoration/|/service-areas/moapa-town-nv/water-damage-restoration/|/service-areas/blue-diamond-nv/mold-remediation/|/service-areas/boulder-city-nv/mold-remediation/|/contact/,7.00,planned
/service-areas/moapa-town-nv/water-damage-restoration/,service-area-service,"Water Damage Restoration in Moapa Town, NV | Desert Valley Contracting Inc ",Water Damage Restoration in Moapa Town,"24/7 water damage restoration in Moapa Town, NV. IICRC-certified, insurance billing accepted. Call (702) 633-5033.",water damage restoration moapa town,water removal|water extraction|water cleanup|structural drying|water mitigation,local_emergency,,,900,hero|og|inline-1|inline-2,service|local-business|faq|breadcrumb-list,/services/water-damage-restoration/|/service-areas/moapa-town-nv/|/service-areas/moapa-town-nv/fire-damage-restoration/|/service-areas/moapa-town-nv/mold-remediation/|/service-areas/blue-diamond-nv/water-damage-restoration/|/service-areas/boulder-city-nv/water-damage-restoration/|/contact/,7.00,planned
/service-areas/moapa-valley-nv/fire-damage-restoration/,service-area-service,"Fire Damage Restoration in Moapa Valley, NV | Desert Valley Contracting Inc ",Fire Damage Restoration in Moapa Valley,"24/7 fire damage restoration in Moapa Valley, NV. IICRC-certified, insurance billing accepted. Call (702) 633-5033.",fire damage restoration moapa valley,fire cleanup|fire and smoke restoration|structural fire damage|post-fire restoration|fire damage repair,local_emergency,,,900,hero|og|inline-1|inline-2,service|local-business|faq|breadcrumb-list,/services/fire-damage-restoration/|/service-areas/moapa-valley-nv/|/service-areas/moapa-valley-nv/mold-remediation/|/service-areas/moapa-valley-nv/water-damage-restoration/|/service-areas/blue-diamond-nv/fire-damage-restoration/|/service-areas/boulder-city-nv/fire-damage-restoration/|/contact/,7.00,planned
/service-areas/moapa-valley-nv/mold-remediation/,service-area-service,"Mold Remediation in Moapa Valley, NV | Desert Valley Contracting Inc ",Mold Remediation in Moapa Valley,"24/7 mold remediation in Moapa Valley, NV. IICRC-certified, insurance billing accepted. Call (702) 633-5033.",mold remediation moapa valley,mold removal|black mold remediation|mold abatement|mold containment|mold cleanup,local_health,,,900,hero|og|inline-1|inline-2,service|local-business|faq|breadcrumb-list,/services/mold-remediation/|/service-areas/moapa-valley-nv/|/service-areas/moapa-valley-nv/fire-damage-restoration/|/service-areas/moapa-valley-nv/water-damage-restoration/|/service-areas/blue-diamond-nv/mold-remediation/|/service-areas/boulder-city-nv/mold-remediation/|/contact/,7.00,planned
/service-areas/moapa-valley-nv/water-damage-restoration/,service-area-service,"Water Damage Restoration in Moapa Valley, NV | Desert Valley Contracting Inc ",Water Damage Restoration in Moapa Valley,"24/7 water damage restoration in Moapa Valley, NV. IICRC-certified, insurance billing accepted. Call (702) 633-5033.",water damage restoration moapa valley,water removal|water extraction|water cleanup|structural drying|water mitigation,local_emergency,,,900,hero|og|inline-1|inline-2,service|local-business|faq|breadcrumb-list,/services/water-damage-restoration/|/service-areas/moapa-valley-nv/|/service-areas/moapa-valley-nv/fire-damage-restoration/|/service-areas/moapa-valley-nv/mold-remediation/|/service-areas/blue-diamond-nv/water-damage-restoration/|/service-areas/boulder-city-nv/water-damage-restoration/|/contact/,7.00,planned
/service-areas/mount-charleston-nv/fire-damage-restoration/,service-area-service,"Fire Damage Restoration in Mount Charleston, NV | Desert Valley Contracting Inc ",Fire Damage Restoration in Mount Charleston,"24/7 fire damage restoration in Mount Charleston, NV. IICRC-certified, insurance billing accepted. Call (702) 633-5033.",fire damage restoration mount charleston,fire cleanup|fire and smoke restoration|structural fire damage|post-fire restoration|fire damage repair,local_emergency,,,900,hero|og|inline-1|inline-2,service|local-business|faq|breadcrumb-list,/services/fire-damage-restoration/|/service-areas/mount-charleston-nv/|/service-areas/mount-charleston-nv/mold-remediation/|/service-areas/mount-charleston-nv/water-damage-restoration/|/service-areas/blue-diamond-nv/fire-damage-restoration/|/service-areas/boulder-city-nv/fire-damage-restoration/|/contact/,7.00,planned
/service-areas/mount-charleston-nv/mold-remediation/,service-area-service,"Mold Remediation in Mount Charleston, NV | Desert Valley Contracting Inc ",Mold Remediation in Mount Charleston,"24/7 mold remediation in Mount Charleston, NV. IICRC-certified, insurance billing accepted. Call (702) 633-5033.",mold remediation mount charleston,mold removal|black mold remediation|mold abatement|mold containment|mold cleanup,local_health,,,900,hero|og|inline-1|inline-2,service|local-business|faq|breadcrumb-list,/services/mold-remediation/|/service-areas/mount-charleston-nv/|/service-areas/mount-charleston-nv/fire-damage-restoration/|/service-areas/mount-charleston-nv/water-damage-restoration/|/service-areas/blue-diamond-nv/mold-remediation/|/service-areas/boulder-city-nv/mold-remediation/|/contact/,7.00,planned
/service-areas/mount-charleston-nv/water-damage-restoration/,service-area-service,"Water Damage Restoration in Mount Charleston, NV | Desert Valley Contracting Inc ",Water Damage Restoration in Mount Charleston,"24/7 water damage restoration in Mount Charleston, NV. IICRC-certified, insurance billing accepted. Call (702) 633-5033.",water damage restoration mount charleston,water removal|water extraction|water cleanup|structural drying|water mitigation,local_emergency,,,900,hero|og|inline-1|inline-2,service|local-business|faq|breadcrumb-list,/services/water-damage-restoration/|/service-areas/mount-charleston-nv/|/service-areas/mount-charleston-nv/fire-damage-restoration/|/service-areas/mount-charleston-nv/mold-remediation/|/service-areas/blue-diamond-nv/water-damage-restoration/|/service-areas/boulder-city-nv/water-damage-restoration/|/contact/,7.00,planned
/service-areas/nelson-nv/fire-damage-restoration/,service-area-service,"Fire Damage Restoration in Nelson, NV | Desert Valley Contracting Inc ",Fire Damage Restoration in Nelson,"24/7 fire damage restoration in Nelson, NV. IICRC-certified, insurance billing accepted. Call (702) 633-5033.",fire damage restoration nelson,fire cleanup|fire and smoke restoration|structural fire damage|post-fire restoration|fire damage repair,local_emergency,,,900,hero|og|inline-1|inline-2,service|local-business|faq|breadcrumb-list,/services/fire-damage-restoration/|/service-areas/nelson-nv/|/service-areas/nelson-nv/mold-remediation/|/service-areas/nelson-nv/water-damage-restoration/|/service-areas/blue-diamond-nv/fire-damage-restoration/|/service-areas/boulder-city-nv/fire-damage-restoration/|/contact/,7.00,planned
/service-areas/nelson-nv/mold-remediation/,service-area-service,"Mold Remediation in Nelson, NV | Desert Valley Contracting Inc ",Mold Remediation in Nelson,"24/7 mold remediation in Nelson, NV. IICRC-certified, insurance billing accepted. Call (702) 633-5033.",mold remediation nelson,mold removal|black mold remediation|mold abatement|mold containment|mold cleanup,local_health,,,900,hero|og|inline-1|inline-2,service|local-business|faq|breadcrumb-list,/services/mold-remediation/|/service-areas/nelson-nv/|/service-areas/nelson-nv/fire-damage-restoration/|/service-areas/nelson-nv/water-damage-restoration/|/service-areas/blue-diamond-nv/mold-remediation/|/service-areas/boulder-city-nv/mold-remediation/|/contact/,7.00,planned
/service-areas/nelson-nv/water-damage-restoration/,service-area-service,"Water Damage Restoration in Nelson, NV | Desert Valley Contracting Inc ",Water Damage Restoration in Nelson,"24/7 water damage restoration in Nelson, NV. IICRC-certified, insurance billing accepted. Call (702) 633-5033.",water damage restoration nelson,water removal|water extraction|water cleanup|structural drying|water mitigation,local_emergency,,,900,hero|og|inline-1|inline-2,service|local-business|faq|breadcrumb-list,/services/water-damage-restoration/|/service-areas/nelson-nv/|/service-areas/nelson-nv/fire-damage-restoration/|/service-areas/nelson-nv/mold-remediation/|/service-areas/blue-diamond-nv/water-damage-restoration/|/service-areas/boulder-city-nv/water-damage-restoration/|/contact/,7.00,planned
/service-areas/pahrump-nv/fire-damage-restoration/,service-area-service,"Fire Damage Restoration in Pahrump, NV | Desert Valley Contracting Inc ",Fire Damage Restoration in Pahrump,"24/7 fire damage restoration in Pahrump, NV. IICRC-certified, insurance billing accepted. Call (702) 633-5033.",fire damage restoration pahrump,fire cleanup|fire and smoke restoration|structural fire damage|post-fire restoration|fire damage repair,local_emergency,,,900,hero|og|inline-1|inline-2,service|local-business|faq|breadcrumb-list,/services/fire-damage-restoration/|/service-areas/pahrump-nv/|/service-areas/pahrump-nv/mold-remediation/|/service-areas/pahrump-nv/water-damage-restoration/|/service-areas/blue-diamond-nv/fire-damage-restoration/|/service-areas/boulder-city-nv/fire-damage-restoration/|/contact/,7.00,planned
/service-areas/pahrump-nv/mold-remediation/,service-area-service,"Mold Remediation in Pahrump, NV | Desert Valley Contracting Inc ",Mold Remediation in Pahrump,"24/7 mold remediation in Pahrump, NV. IICRC-certified, insurance billing accepted. Call (702) 633-5033.",mold remediation pahrump,mold removal|black mold remediation|mold abatement|mold containment|mold cleanup,local_health,,,900,hero|og|inline-1|inline-2,service|local-business|faq|breadcrumb-list,/services/mold-remediation/|/service-areas/pahrump-nv/|/service-areas/pahrump-nv/fire-damage-restoration/|/service-areas/pahrump-nv/water-damage-restoration/|/service-areas/blue-diamond-nv/mold-remediation/|/service-areas/boulder-city-nv/mold-remediation/|/contact/,7.00,planned
/service-areas/pahrump-nv/water-damage-restoration/,service-area-service,"Water Damage Restoration in Pahrump, NV | Desert Valley Contracting Inc ",Water Damage Restoration in Pahrump,"24/7 water damage restoration in Pahrump, NV. IICRC-certified, insurance billing accepted. Call (702) 633-5033.",water damage restoration pahrump,water removal|water extraction|water cleanup|structural drying|water mitigation,local_emergency,,,900,hero|og|inline-1|inline-2,service|local-business|faq|breadcrumb-list,/services/water-damage-restoration/|/service-areas/pahrump-nv/|/service-areas/pahrump-nv/fire-damage-restoration/|/service-areas/pahrump-nv/mold-remediation/|/service-areas/blue-diamond-nv/water-damage-restoration/|/service-areas/boulder-city-nv/water-damage-restoration/|/contact/,7.00,planned
/service-areas/paradise-nv/fire-damage-restoration/,service-area-service,"Fire Damage Restoration in Paradise, NV | Desert Valley Contracting Inc ",Fire Damage Restoration in Paradise,"24/7 fire damage restoration in Paradise, NV. IICRC-certified, insurance billing accepted. Call (702) 633-5033.",fire damage restoration paradise,fire cleanup|fire and smoke restoration|structural fire damage|post-fire restoration|fire damage repair,local_emergency,,,900,hero|og|inline-1|inline-2,service|local-business|faq|breadcrumb-list,/services/fire-damage-restoration/|/service-areas/paradise-nv/|/service-areas/paradise-nv/mold-remediation/|/service-areas/paradise-nv/water-damage-restoration/|/service-areas/blue-diamond-nv/fire-damage-restoration/|/service-areas/boulder-city-nv/fire-damage-restoration/|/contact/,7.00,planned
/service-areas/paradise-nv/mold-remediation/,service-area-service,"Mold Remediation in Paradise, NV | Desert Valley Contracting Inc ",Mold Remediation in Paradise,"24/7 mold remediation in Paradise, NV. IICRC-certified, insurance billing accepted. Call (702) 633-5033.",mold remediation paradise,mold removal|black mold remediation|mold abatement|mold containment|mold cleanup,local_health,,,900,hero|og|inline-1|inline-2,service|local-business|faq|breadcrumb-list,/services/mold-remediation/|/service-areas/paradise-nv/|/service-areas/paradise-nv/fire-damage-restoration/|/service-areas/paradise-nv/water-damage-restoration/|/service-areas/blue-diamond-nv/mold-remediation/|/service-areas/boulder-city-nv/mold-remediation/|/contact/,7.00,planned
/service-areas/paradise-nv/water-damage-restoration/,service-area-service,"Water Damage Restoration in Paradise, NV | Desert Valley Contracting Inc ",Water Damage Restoration in Paradise,"24/7 water damage restoration in Paradise, NV. IICRC-certified, insurance billing accepted. Call (702) 633-5033.",water damage restoration paradise,water removal|water extraction|water cleanup|structural drying|water mitigation,local_emergency,,,900,hero|og|inline-1|inline-2,service|local-business|faq|breadcrumb-list,/services/water-damage-restoration/|/service-areas/paradise-nv/|/service-areas/paradise-nv/fire-damage-restoration/|/service-areas/paradise-nv/mold-remediation/|/service-areas/blue-diamond-nv/water-damage-restoration/|/service-areas/boulder-city-nv/water-damage-restoration/|/contact/,7.00,planned
/service-areas/sandy-valley-nv/fire-damage-restoration/,service-area-service,"Fire Damage Restoration in Sandy Valley, NV | Desert Valley Contracting Inc ",Fire Damage Restoration in Sandy Valley,"24/7 fire damage restoration in Sandy Valley, NV. IICRC-certified, insurance billing accepted. Call (702) 633-5033.",fire damage restoration sandy valley,fire cleanup|fire and smoke restoration|structural fire damage|post-fire restoration|fire damage repair,local_emergency,,,900,hero|og|inline-1|inline-2,service|local-business|faq|breadcrumb-list,/services/fire-damage-restoration/|/service-areas/sandy-valley-nv/|/service-areas/sandy-valley-nv/mold-remediation/|/service-areas/sandy-valley-nv/water-damage-restoration/|/service-areas/blue-diamond-nv/fire-damage-restoration/|/service-areas/boulder-city-nv/fire-damage-restoration/|/contact/,7.00,planned
/service-areas/sandy-valley-nv/mold-remediation/,service-area-service,"Mold Remediation in Sandy Valley, NV | Desert Valley Contracting Inc ",Mold Remediation in Sandy Valley,"24/7 mold remediation in Sandy Valley, NV. IICRC-certified, insurance billing accepted. Call (702) 633-5033.",mold remediation sandy valley,mold removal|black mold remediation|mold abatement|mold containment|mold cleanup,local_health,,,900,hero|og|inline-1|inline-2,service|local-business|faq|breadcrumb-list,/services/mold-remediation/|/service-areas/sandy-valley-nv/|/service-areas/sandy-valley-nv/fire-damage-restoration/|/service-areas/sandy-valley-nv/water-damage-restoration/|/service-areas/blue-diamond-nv/mold-remediation/|/service-areas/boulder-city-nv/mold-remediation/|/contact/,7.00,planned
/service-areas/sandy-valley-nv/water-damage-restoration/,service-area-service,"Water Damage Restoration in Sandy Valley, NV | Desert Valley Contracting Inc ",Water Damage Restoration in Sandy Valley,"24/7 water damage restoration in Sandy Valley, NV. IICRC-certified, insurance billing accepted. Call (702) 633-5033.",water damage restoration sandy valley,water removal|water extraction|water cleanup|structural drying|water mitigation,local_emergency,,,900,hero|og|inline-1|inline-2,service|local-business|faq|breadcrumb-list,/services/water-damage-restoration/|/service-areas/sandy-valley-nv/|/service-areas/sandy-valley-nv/fire-damage-restoration/|/service-areas/sandy-valley-nv/mold-remediation/|/service-areas/blue-diamond-nv/water-damage-restoration/|/service-areas/boulder-city-nv/water-damage-restoration/|/contact/,7.00,planned
/service-areas/searchlight-nv/fire-damage-restoration/,service-area-service,"Fire Damage Restoration in Searchlight, NV | Desert Valley Contracting Inc ",Fire Damage Restoration in Searchlight,"24/7 fire damage restoration in Searchlight, NV. IICRC-certified, insurance billing accepted. Call (702) 633-5033.",fire damage restoration searchlight,fire cleanup|fire and smoke restoration|structural fire damage|post-fire restoration|fire damage repair,local_emergency,,,900,hero|og|inline-1|inline-2,service|local-business|faq|breadcrumb-list,/services/fire-damage-restoration/|/service-areas/searchlight-nv/|/service-areas/searchlight-nv/mold-remediation/|/service-areas/searchlight-nv/water-damage-restoration/|/service-areas/blue-diamond-nv/fire-damage-restoration/|/service-areas/boulder-city-nv/fire-damage-restoration/|/contact/,7.00,planned
/service-areas/searchlight-nv/mold-remediation/,service-area-service,"Mold Remediation in Searchlight, NV | Desert Valley Contracting Inc ",Mold Remediation in Searchlight,"24/7 mold remediation in Searchlight, NV. IICRC-certified, insurance billing accepted. Call (702) 633-5033.",mold remediation searchlight,mold removal|black mold remediation|mold abatement|mold containment|mold cleanup,local_health,,,900,hero|og|inline-1|inline-2,service|local-business|faq|breadcrumb-list,/services/mold-remediation/|/service-areas/searchlight-nv/|/service-areas/searchlight-nv/fire-damage-restoration/|/service-areas/searchlight-nv/water-damage-restoration/|/service-areas/blue-diamond-nv/mold-remediation/|/service-areas/boulder-city-nv/mold-remediation/|/contact/,7.00,planned
/service-areas/searchlight-nv/water-damage-restoration/,service-area-service,"Water Damage Restoration in Searchlight, NV | Desert Valley Contracting Inc ",Water Damage Restoration in Searchlight,"24/7 water damage restoration in Searchlight, NV. IICRC-certified, insurance billing accepted. Call (702) 633-5033.",water damage restoration searchlight,water removal|water extraction|water cleanup|structural drying|water mitigation,local_emergency,,,900,hero|og|inline-1|inline-2,service|local-business|faq|breadcrumb-list,/services/water-damage-restoration/|/service-areas/searchlight-nv/|/service-areas/searchlight-nv/fire-damage-restoration/|/service-areas/searchlight-nv/mold-remediation/|/service-areas/blue-diamond-nv/water-damage-restoration/|/service-areas/boulder-city-nv/water-damage-restoration/|/contact/,7.00,planned
/service-areas/spring-valley-nv/fire-damage-restoration/,service-area-service,"Fire Damage Restoration in Spring Valley, NV | Desert Valley Contracting Inc ",Fire Damage Restoration in Spring Valley,"24/7 fire damage restoration in Spring Valley, NV. IICRC-certified, insurance billing accepted. Call (702) 633-5033.",fire damage restoration spring valley,fire cleanup|fire and smoke restoration|structural fire damage|post-fire restoration|fire damage repair,local_emergency,,,900,hero|og|inline-1|inline-2,service|local-business|faq|breadcrumb-list,/services/fire-damage-restoration/|/service-areas/spring-valley-nv/|/service-areas/spring-valley-nv/mold-remediation/|/service-areas/spring-valley-nv/water-damage-restoration/|/service-areas/blue-diamond-nv/fire-damage-restoration/|/service-areas/boulder-city-nv/fire-damage-restoration/|/contact/,7.00,planned
/service-areas/spring-valley-nv/mold-remediation/,service-area-service,"Mold Remediation in Spring Valley, NV | Desert Valley Contracting Inc ",Mold Remediation in Spring Valley,"24/7 mold remediation in Spring Valley, NV. IICRC-certified, insurance billing accepted. Call (702) 633-5033.",mold remediation spring valley,mold removal|black mold remediation|mold abatement|mold containment|mold cleanup,local_health,,,900,hero|og|inline-1|inline-2,service|local-business|faq|breadcrumb-list,/services/mold-remediation/|/service-areas/spring-valley-nv/|/service-areas/spring-valley-nv/fire-damage-restoration/|/service-areas/spring-valley-nv/water-damage-restoration/|/service-areas/blue-diamond-nv/mold-remediation/|/service-areas/boulder-city-nv/mold-remediation/|/contact/,7.00,planned
/service-areas/spring-valley-nv/water-damage-restoration/,service-area-service,"Water Damage Restoration in Spring Valley, NV | Desert Valley Contracting Inc ",Water Damage Restoration in Spring Valley,"24/7 water damage restoration in Spring Valley, NV. IICRC-certified, insurance billing accepted. Call (702) 633-5033.",water damage restoration spring valley,water removal|water extraction|water cleanup|structural drying|water mitigation,local_emergency,,,900,hero|og|inline-1|inline-2,service|local-business|faq|breadcrumb-list,/services/water-damage-restoration/|/service-areas/spring-valley-nv/|/service-areas/spring-valley-nv/fire-damage-restoration/|/service-areas/spring-valley-nv/mold-remediation/|/service-areas/blue-diamond-nv/water-damage-restoration/|/service-areas/boulder-city-nv/water-damage-restoration/|/contact/,7.00,planned
/service-areas/summerlin-nv/fire-damage-restoration/,service-area-service,"Fire Damage Restoration in Summerlin, NV | Desert Valley Contracting Inc ",Fire Damage Restoration in Summerlin,"24/7 fire damage restoration in Summerlin, NV. IICRC-certified, insurance billing accepted. Call (702) 633-5033.",fire damage restoration summerlin,fire cleanup|fire and smoke restoration|structural fire damage|post-fire restoration|fire damage repair,local_emergency,,,900,hero|og|inline-1|inline-2,service|local-business|faq|breadcrumb-list,/services/fire-damage-restoration/|/service-areas/summerlin-nv/|/service-areas/summerlin-nv/mold-remediation/|/service-areas/summerlin-nv/water-damage-restoration/|/service-areas/blue-diamond-nv/fire-damage-restoration/|/service-areas/boulder-city-nv/fire-damage-restoration/|/contact/,7.00,planned
/service-areas/summerlin-nv/mold-remediation/,service-area-service,"Mold Remediation in Summerlin, NV | Desert Valley Contracting Inc ",Mold Remediation in Summerlin,"24/7 mold remediation in Summerlin, NV. IICRC-certified, insurance billing accepted. Call (702) 633-5033.",mold remediation summerlin,mold removal|black mold remediation|mold abatement|mold containment|mold cleanup,local_health,,,900,hero|og|inline-1|inline-2,service|local-business|faq|breadcrumb-list,/services/mold-remediation/|/service-areas/summerlin-nv/|/service-areas/summerlin-nv/fire-damage-restoration/|/service-areas/summerlin-nv/water-damage-restoration/|/service-areas/blue-diamond-nv/mold-remediation/|/service-areas/boulder-city-nv/mold-remediation/|/contact/,7.00,planned
/service-areas/summerlin-nv/water-damage-restoration/,service-area-service,"Water Damage Restoration in Summerlin, NV | Desert Valley Contracting Inc ",Water Damage Restoration in Summerlin,"24/7 water damage restoration in Summerlin, NV. IICRC-certified, insurance billing accepted. Call (702) 633-5033.",water damage restoration summerlin,water removal|water extraction|water cleanup|structural drying|water mitigation,local_emergency,,,900,hero|og|inline-1|inline-2,service|local-business|faq|breadcrumb-list,/services/water-damage-restoration/|/service-areas/summerlin-nv/|/service-areas/summerlin-nv/fire-damage-restoration/|/service-areas/summerlin-nv/mold-remediation/|/service-areas/blue-diamond-nv/water-damage-restoration/|/service-areas/boulder-city-nv/water-damage-restoration/|/contact/,7.00,planned
/service-areas/summerlin-south-nv/fire-damage-restoration/,service-area-service,"Fire Damage Restoration in Summerlin South, NV | Desert Valley Contracting Inc ",Fire Damage Restoration in Summerlin South,"24/7 fire damage restoration in Summerlin South, NV. IICRC-certified, insurance billing accepted. Call (702) 633-5033.",fire damage restoration summerlin south,fire cleanup|fire and smoke restoration|structural fire damage|post-fire restoration|fire damage repair,local_emergency,,,900,hero|og|inline-1|inline-2,service|local-business|faq|breadcrumb-list,/services/fire-damage-restoration/|/service-areas/summerlin-south-nv/|/service-areas/summerlin-south-nv/mold-remediation/|/service-areas/summerlin-south-nv/water-damage-restoration/|/service-areas/blue-diamond-nv/fire-damage-restoration/|/service-areas/boulder-city-nv/fire-damage-restoration/|/contact/,7.00,planned
/service-areas/summerlin-south-nv/mold-remediation/,service-area-service,"Mold Remediation in Summerlin South, NV | Desert Valley Contracting Inc ",Mold Remediation in Summerlin South,"24/7 mold remediation in Summerlin South, NV. IICRC-certified, insurance billing accepted. Call (702) 633-5033.",mold remediation summerlin south,mold removal|black mold remediation|mold abatement|mold containment|mold cleanup,local_health,,,900,hero|og|inline-1|inline-2,service|local-business|faq|breadcrumb-list,/services/mold-remediation/|/service-areas/summerlin-south-nv/|/service-areas/summerlin-south-nv/fire-damage-restoration/|/service-areas/summerlin-south-nv/water-damage-restoration/|/service-areas/blue-diamond-nv/mold-remediation/|/service-areas/boulder-city-nv/mold-remediation/|/contact/,7.00,planned
/service-areas/summerlin-south-nv/water-damage-restoration/,service-area-service,"Water Damage Restoration in Summerlin South, NV | Desert Valley Contracting Inc ",Water Damage Restoration in Summerlin South,"24/7 water damage restoration in Summerlin South, NV. IICRC-certified, insurance billing accepted. Call (702) 633-5033.",water damage restoration summerlin south,water removal|water extraction|water cleanup|structural drying|water mitigation,local_emergency,,,900,hero|og|inline-1|inline-2,service|local-business|faq|breadcrumb-list,/services/water-damage-restoration/|/service-areas/summerlin-south-nv/|/service-areas/summerlin-south-nv/fire-damage-restoration/|/service-areas/summerlin-south-nv/mold-remediation/|/service-areas/blue-diamond-nv/water-damage-restoration/|/service-areas/boulder-city-nv/water-damage-restoration/|/contact/,7.00,planned
/service-areas/sunrise-manor-nv/fire-damage-restoration/,service-area-service,"Fire Damage Restoration in Sunrise Manor, NV | Desert Valley Contracting Inc ",Fire Damage Restoration in Sunrise Manor,"24/7 fire damage restoration in Sunrise Manor, NV. IICRC-certified, insurance billing accepted. Call (702) 633-5033.",fire damage restoration sunrise manor,fire cleanup|fire and smoke restoration|structural fire damage|post-fire restoration|fire damage repair,local_emergency,,,900,hero|og|inline-1|inline-2,service|local-business|faq|breadcrumb-list,/services/fire-damage-restoration/|/service-areas/sunrise-manor-nv/|/service-areas/sunrise-manor-nv/mold-remediation/|/service-areas/sunrise-manor-nv/water-damage-restoration/|/service-areas/blue-diamond-nv/fire-damage-restoration/|/service-areas/boulder-city-nv/fire-damage-restoration/|/contact/,7.00,planned
/service-areas/sunrise-manor-nv/mold-remediation/,service-area-service,"Mold Remediation in Sunrise Manor, NV | Desert Valley Contracting Inc ",Mold Remediation in Sunrise Manor,"24/7 mold remediation in Sunrise Manor, NV. IICRC-certified, insurance billing accepted. Call (702) 633-5033.",mold remediation sunrise manor,mold removal|black mold remediation|mold abatement|mold containment|mold cleanup,local_health,,,900,hero|og|inline-1|inline-2,service|local-business|faq|breadcrumb-list,/services/mold-remediation/|/service-areas/sunrise-manor-nv/|/service-areas/sunrise-manor-nv/fire-damage-restoration/|/service-areas/sunrise-manor-nv/water-damage-restoration/|/service-areas/blue-diamond-nv/mold-remediation/|/service-areas/boulder-city-nv/mold-remediation/|/contact/,7.00,planned
/service-areas/sunrise-manor-nv/water-damage-restoration/,service-area-service,"Water Damage Restoration in Sunrise Manor, NV | Desert Valley Contracting Inc ",Water Damage Restoration in Sunrise Manor,"24/7 water damage restoration in Sunrise Manor, NV. IICRC-certified, insurance billing accepted. Call (702) 633-5033.",water damage restoration sunrise manor,water removal|water extraction|water cleanup|structural drying|water mitigation,local_emergency,,,900,hero|og|inline-1|inline-2,service|local-business|faq|breadcrumb-list,/services/water-damage-restoration/|/service-areas/sunrise-manor-nv/|/service-areas/sunrise-manor-nv/fire-damage-restoration/|/service-areas/sunrise-manor-nv/mold-remediation/|/service-areas/blue-diamond-nv/water-damage-restoration/|/service-areas/boulder-city-nv/water-damage-restoration/|/contact/,7.00,planned
/service-areas/whitney-nv/fire-damage-restoration/,service-area-service,"Fire Damage Restoration in Whitney, NV | Desert Valley Contracting Inc ",Fire Damage Restoration in Whitney,"24/7 fire damage restoration in Whitney, NV. IICRC-certified, insurance billing accepted. Call (702) 633-5033.",fire damage restoration whitney,fire cleanup|fire and smoke restoration|structural fire damage|post-fire restoration|fire damage repair,local_emergency,,,900,hero|og|inline-1|inline-2,service|local-business|faq|breadcrumb-list,/services/fire-damage-restoration/|/service-areas/whitney-nv/|/service-areas/whitney-nv/mold-remediation/|/service-areas/whitney-nv/water-damage-restoration/|/service-areas/blue-diamond-nv/fire-damage-restoration/|/service-areas/boulder-city-nv/fire-damage-restoration/|/contact/,7.00,planned
/service-areas/whitney-nv/mold-remediation/,service-area-service,"Mold Remediation in Whitney, NV | Desert Valley Contracting Inc ",Mold Remediation in Whitney,"24/7 mold remediation in Whitney, NV. IICRC-certified, insurance billing accepted. Call (702) 633-5033.",mold remediation whitney,mold removal|black mold remediation|mold abatement|mold containment|mold cleanup,local_health,,,900,hero|og|inline-1|inline-2,service|local-business|faq|breadcrumb-list,/services/mold-remediation/|/service-areas/whitney-nv/|/service-areas/whitney-nv/fire-damage-restoration/|/service-areas/whitney-nv/water-damage-restoration/|/service-areas/blue-diamond-nv/mold-remediation/|/service-areas/boulder-city-nv/mold-remediation/|/contact/,7.00,planned
/service-areas/whitney-nv/water-damage-restoration/,service-area-service,"Water Damage Restoration in Whitney, NV | Desert Valley Contracting Inc ",Water Damage Restoration in Whitney,"24/7 water damage restoration in Whitney, NV. IICRC-certified, insurance billing accepted. Call (702) 633-5033.",water damage restoration whitney,water removal|water extraction|water cleanup|structural drying|water mitigation,local_emergency,,,900,hero|og|inline-1|inline-2,service|local-business|faq|breadcrumb-list,/services/water-damage-restoration/|/service-areas/whitney-nv/|/service-areas/whitney-nv/fire-damage-restoration/|/service-areas/whitney-nv/mold-remediation/|/service-areas/blue-diamond-nv/water-damage-restoration/|/service-areas/boulder-city-nv/water-damage-restoration/|/contact/,7.00,planned
/service-areas/winchester-nv/fire-damage-restoration/,service-area-service,"Fire Damage Restoration in Winchester, NV | Desert Valley Contracting Inc ",Fire Damage Restoration in Winchester,"24/7 fire damage restoration in Winchester, NV. IICRC-certified, insurance billing accepted. Call (702) 633-5033.",fire damage restoration winchester,fire cleanup|fire and smoke restoration|structural fire damage|post-fire restoration|fire damage repair,local_emergency,,,900,hero|og|inline-1|inline-2,service|local-business|faq|breadcrumb-list,/services/fire-damage-restoration/|/service-areas/winchester-nv/|/service-areas/winchester-nv/mold-remediation/|/service-areas/winchester-nv/water-damage-restoration/|/service-areas/blue-diamond-nv/fire-damage-restoration/|/service-areas/boulder-city-nv/fire-damage-restoration/|/contact/,7.00,planned
/service-areas/winchester-nv/mold-remediation/,service-area-service,"Mold Remediation in Winchester, NV | Desert Valley Contracting Inc ",Mold Remediation in Winchester,"24/7 mold remediation in Winchester, NV. IICRC-certified, insurance billing accepted. Call (702) 633-5033.",mold remediation winchester,mold removal|black mold remediation|mold abatement|mold containment|mold cleanup,local_health,,,900,hero|og|inline-1|inline-2,service|local-business|faq|breadcrumb-list,/services/mold-remediation/|/service-areas/winchester-nv/|/service-areas/winchester-nv/fire-damage-restoration/|/service-areas/winchester-nv/water-damage-restoration/|/service-areas/blue-diamond-nv/mold-remediation/|/service-areas/boulder-city-nv/mold-remediation/|/contact/,7.00,planned
/service-areas/winchester-nv/water-damage-restoration/,service-area-service,"Water Damage Restoration in Winchester, NV | Desert Valley Contracting Inc ",Water Damage Restoration in Winchester,"24/7 water damage restoration in Winchester, NV. IICRC-certified, insurance billing accepted. Call (702) 633-5033.",water damage restoration winchester,water removal|water extraction|water cleanup|structural drying|water mitigation,local_emergency,,,900,hero|og|inline-1|inline-2,service|local-business|faq|breadcrumb-list,/services/water-damage-restoration/|/service-areas/winchester-nv/|/service-areas/winchester-nv/fire-damage-restoration/|/service-areas/winchester-nv/mold-remediation/|/service-areas/blue-diamond-nv/water-damage-restoration/|/service-areas/boulder-city-nv/water-damage-restoration/|/contact/,7.00,planned
/service-areas/blue-diamond-nv/commercial-restoration/,service-area-service,"Commercial Restoration in Blue Diamond, NV | Desert Valley Contracting Inc ",Commercial Restoration in Blue Diamond,"24/7 commercial restoration in Blue Diamond, NV. IICRC-certified, insurance billing accepted. Call (702) 633-5033.",commercial restoration blue diamond,commercial water damage|commercial fire damage|business restoration|office restoration|retail restoration,local_b2b,,,900,hero|og|inline-1|inline-2,service|local-business|faq|breadcrumb-list,/services/commercial-restoration/|/service-areas/blue-diamond-nv/|/service-areas/blue-diamond-nv/fire-damage-restoration/|/service-areas/blue-diamond-nv/mold-remediation/|/service-areas/boulder-city-nv/commercial-restoration/|/service-areas/enterprise-nv/commercial-restoration/|/contact/,6.30,planned
/service-areas/blue-diamond-nv/emergency-plumbing/,service-area-service,"Emergency Plumbing in Blue Diamond, NV | Desert Valley Contracting Inc ",Emergency Plumbing in Blue Diamond,"24/7 emergency plumbing in Blue Diamond, NV. IICRC-certified, insurance billing accepted. Call (702) 633-5033.",emergency plumbing blue diamond,emergency plumber|24 hour plumber|burst pipe plumber|emergency plumbing repair|24/7 plumbing,local_emergency,,,900,hero|og|inline-1|inline-2,service|local-business|faq|breadcrumb-list,/services/emergency-plumbing/|/service-areas/blue-diamond-nv/|/service-areas/blue-diamond-nv/fire-damage-restoration/|/service-areas/blue-diamond-nv/mold-remediation/|/service-areas/boulder-city-nv/emergency-plumbing/|/service-areas/enterprise-nv/emergency-plumbing/|/contact/,6.30,planned
/service-areas/blue-diamond-nv/flood-damage-restoration/,service-area-service,"Flood Damage Restoration in Blue Diamond, NV | Desert Valley Contracting Inc ",Flood Damage Restoration in Blue Diamond,"24/7 flood damage restoration in Blue Diamond, NV. IICRC-certified, insurance billing accepted. Call (702) 633-5033.",flood damage restoration blue diamond,flood cleanup|flood restoration|post-flood restoration|residential flood damage|flood damage repair,local_emergency,,,900,hero|og|inline-1|inline-2,service|local-business|faq|breadcrumb-list,/services/flood-damage-restoration/|/service-areas/blue-diamond-nv/|/service-areas/blue-diamond-nv/fire-damage-restoration/|/service-areas/blue-diamond-nv/mold-remediation/|/service-areas/boulder-city-nv/flood-damage-restoration/|/service-areas/enterprise-nv/flood-damage-restoration/|/contact/,6.30,planned
/service-areas/blue-diamond-nv/reconstruction/,service-area-service,"Reconstruction Services in Blue Diamond, NV | Desert Valley Contracting Inc ",Reconstruction Services in Blue Diamond,"24/7 reconstruction services in Blue Diamond, NV. IICRC-certified, insurance billing accepted. Call (702) 633-5033.",reconstruction services blue diamond,post-damage reconstruction|rebuild services|structural reconstruction|post-disaster rebuilding|fire damage reconstruction,local_commercial,,,900,hero|og|inline-1|inline-2,service|local-business|faq|breadcrumb-list,/services/reconstruction/|/service-areas/blue-diamond-nv/|/service-areas/blue-diamond-nv/fire-damage-restoration/|/service-areas/blue-diamond-nv/mold-remediation/|/service-areas/boulder-city-nv/reconstruction/|/service-areas/enterprise-nv/reconstruction/|/contact/,6.30,planned
/service-areas/blue-diamond-nv/sewage-cleanup/,service-area-service,"Sewage Cleanup and Sanitization in Blue Diamond, NV | Desert Valley Contracting Inc ",Sewage Cleanup and Sanitization in Blue Diamond,"24/7 sewage cleanup and sanitization in Blue Diamond, NV. IICRC-certified, insurance billing accepted. Call (702) 633-5033.",sewage cleanup and sanitization blue diamond,sewage backup cleanup|raw sewage removal|septic overflow cleanup|sewer line backup|sanitization services,local_emergency,,,900,hero|og|inline-1|inline-2,service|local-business|faq|breadcrumb-list,/services/sewage-cleanup/|/service-areas/blue-diamond-nv/|/service-areas/blue-diamond-nv/fire-damage-restoration/|/service-areas/blue-diamond-nv/mold-remediation/|/service-areas/boulder-city-nv/sewage-cleanup/|/service-areas/enterprise-nv/sewage-cleanup/|/contact/,6.30,planned
/service-areas/blue-diamond-nv/smoke-damage-restoration/,service-area-service,"Smoke Damage Restoration in Blue Diamond, NV | Desert Valley Contracting Inc ",Smoke Damage Restoration in Blue Diamond,"24/7 smoke damage restoration in Blue Diamond, NV. IICRC-certified, insurance billing accepted. Call (702) 633-5033.",smoke damage restoration blue diamond,smoke residue cleanup|smoke damage repair|post-fire smoke cleanup|smoke damage restoration services|wildfire smoke cleanup,local_emergency,,,900,hero|og|inline-1|inline-2,service|local-business|faq|breadcrumb-list,/services/smoke-damage-restoration/|/service-areas/blue-diamond-nv/|/service-areas/blue-diamond-nv/fire-damage-restoration/|/service-areas/blue-diamond-nv/mold-remediation/|/service-areas/boulder-city-nv/smoke-damage-restoration/|/service-areas/enterprise-nv/smoke-damage-restoration/|/contact/,6.30,planned
/service-areas/blue-diamond-nv/storm-damage-restoration/,service-area-service,"Storm Damage Restoration in Blue Diamond, NV | Desert Valley Contracting Inc ",Storm Damage Restoration in Blue Diamond,"24/7 storm damage restoration in Blue Diamond, NV. IICRC-certified, insurance billing accepted. Call (702) 633-5033.",storm damage restoration blue diamond,hurricane damage cleanup|tornado damage cleanup|tree damage cleanup|storm cleanup services|severe weather damage repair,local_emergency,,,900,hero|og|inline-1|inline-2,service|local-business|faq|breadcrumb-list,/services/storm-damage-restoration/|/service-areas/blue-diamond-nv/|/service-areas/blue-diamond-nv/fire-damage-restoration/|/service-areas/blue-diamond-nv/mold-remediation/|/service-areas/boulder-city-nv/storm-damage-restoration/|/service-areas/enterprise-nv/storm-damage-restoration/|/contact/,6.30,planned
/service-areas/boulder-city-nv/commercial-restoration/,service-area-service,"Commercial Restoration in Boulder City, NV | Desert Valley Contracting Inc ",Commercial Restoration in Boulder City,"24/7 commercial restoration in Boulder City, NV. IICRC-certified, insurance billing accepted. Call (702) 633-5033.",commercial restoration boulder city,commercial water damage|commercial fire damage|business restoration|office restoration|retail restoration,local_b2b,,,900,hero|og|inline-1|inline-2,service|local-business|faq|breadcrumb-list,/services/commercial-restoration/|/service-areas/boulder-city-nv/|/service-areas/boulder-city-nv/fire-damage-restoration/|/service-areas/boulder-city-nv/mold-remediation/|/service-areas/blue-diamond-nv/commercial-restoration/|/service-areas/enterprise-nv/commercial-restoration/|/contact/,6.30,planned
/service-areas/boulder-city-nv/emergency-plumbing/,service-area-service,"Emergency Plumbing in Boulder City, NV | Desert Valley Contracting Inc ",Emergency Plumbing in Boulder City,"24/7 emergency plumbing in Boulder City, NV. IICRC-certified, insurance billing accepted. Call (702) 633-5033.",emergency plumbing boulder city,emergency plumber|24 hour plumber|burst pipe plumber|emergency plumbing repair|24/7 plumbing,local_emergency,,,900,hero|og|inline-1|inline-2,service|local-business|faq|breadcrumb-list,/services/emergency-plumbing/|/service-areas/boulder-city-nv/|/service-areas/boulder-city-nv/fire-damage-restoration/|/service-areas/boulder-city-nv/mold-remediation/|/service-areas/blue-diamond-nv/emergency-plumbing/|/service-areas/enterprise-nv/emergency-plumbing/|/contact/,6.30,planned
/service-areas/boulder-city-nv/flood-damage-restoration/,service-area-service,"Flood Damage Restoration in Boulder City, NV | Desert Valley Contracting Inc ",Flood Damage Restoration in Boulder City,"24/7 flood damage restoration in Boulder City, NV. IICRC-certified, insurance billing accepted. Call (702) 633-5033.",flood damage restoration boulder city,flood cleanup|flood restoration|post-flood restoration|residential flood damage|flood damage repair,local_emergency,,,900,hero|og|inline-1|inline-2,service|local-business|faq|breadcrumb-list,/services/flood-damage-restoration/|/service-areas/boulder-city-nv/|/service-areas/boulder-city-nv/fire-damage-restoration/|/service-areas/boulder-city-nv/mold-remediation/|/service-areas/blue-diamond-nv/flood-damage-restoration/|/service-areas/enterprise-nv/flood-damage-restoration/|/contact/,6.30,planned
/service-areas/boulder-city-nv/reconstruction/,service-area-service,"Reconstruction Services in Boulder City, NV | Desert Valley Contracting Inc ",Reconstruction Services in Boulder City,"24/7 reconstruction services in Boulder City, NV. IICRC-certified, insurance billing accepted. Call (702) 633-5033.",reconstruction services boulder city,post-damage reconstruction|rebuild services|structural reconstruction|post-disaster rebuilding|fire damage reconstruction,local_commercial,,,900,hero|og|inline-1|inline-2,service|local-business|faq|breadcrumb-list,/services/reconstruction/|/service-areas/boulder-city-nv/|/service-areas/boulder-city-nv/fire-damage-restoration/|/service-areas/boulder-city-nv/mold-remediation/|/service-areas/blue-diamond-nv/reconstruction/|/service-areas/enterprise-nv/reconstruction/|/contact/,6.30,planned
/service-areas/boulder-city-nv/sewage-cleanup/,service-area-service,"Sewage Cleanup and Sanitization in Boulder City, NV | Desert Valley Contracting Inc ",Sewage Cleanup and Sanitization in Boulder City,"24/7 sewage cleanup and sanitization in Boulder City, NV. IICRC-certified, insurance billing accepted. Call (702) 633-5033.",sewage cleanup and sanitization boulder city,sewage backup cleanup|raw sewage removal|septic overflow cleanup|sewer line backup|sanitization services,local_emergency,,,900,hero|og|inline-1|inline-2,service|local-business|faq|breadcrumb-list,/services/sewage-cleanup/|/service-areas/boulder-city-nv/|/service-areas/boulder-city-nv/fire-damage-restoration/|/service-areas/boulder-city-nv/mold-remediation/|/service-areas/blue-diamond-nv/sewage-cleanup/|/service-areas/enterprise-nv/sewage-cleanup/|/contact/,6.30,planned
/service-areas/boulder-city-nv/smoke-damage-restoration/,service-area-service,"Smoke Damage Restoration in Boulder City, NV | Desert Valley Contracting Inc ",Smoke Damage Restoration in Boulder City,"24/7 smoke damage restoration in Boulder City, NV. IICRC-certified, insurance billing accepted. Call (702) 633-5033.",smoke damage restoration boulder city,smoke residue cleanup|smoke damage repair|post-fire smoke cleanup|smoke damage restoration services|wildfire smoke cleanup,local_emergency,,,900,hero|og|inline-1|inline-2,service|local-business|faq|breadcrumb-list,/services/smoke-damage-restoration/|/service-areas/boulder-city-nv/|/service-areas/boulder-city-nv/fire-damage-restoration/|/service-areas/boulder-city-nv/mold-remediation/|/service-areas/blue-diamond-nv/smoke-damage-restoration/|/service-areas/enterprise-nv/smoke-damage-restoration/|/contact/,6.30,planned
/service-areas/boulder-city-nv/storm-damage-restoration/,service-area-service,"Storm Damage Restoration in Boulder City, NV | Desert Valley Contracting Inc ",Storm Damage Restoration in Boulder City,"24/7 storm damage restoration in Boulder City, NV. IICRC-certified, insurance billing accepted. Call (702) 633-5033.",storm damage restoration boulder city,hurricane damage cleanup|tornado damage cleanup|tree damage cleanup|storm cleanup services|severe weather damage repair,local_emergency,,,900,hero|og|inline-1|inline-2,service|local-business|faq|breadcrumb-list,/services/storm-damage-restoration/|/service-areas/boulder-city-nv/|/service-areas/boulder-city-nv/fire-damage-restoration/|/service-areas/boulder-city-nv/mold-remediation/|/service-areas/blue-diamond-nv/storm-damage-restoration/|/service-areas/enterprise-nv/storm-damage-restoration/|/contact/,6.30,planned
/service-areas/enterprise-nv/commercial-restoration/,service-area-service,"Commercial Restoration in Enterprise, NV | Desert Valley Contracting Inc ",Commercial Restoration in Enterprise,"24/7 commercial restoration in Enterprise, NV. IICRC-certified, insurance billing accepted. Call (702) 633-5033.",commercial restoration enterprise,commercial water damage|commercial fire damage|business restoration|office restoration|retail restoration,local_b2b,,,900,hero|og|inline-1|inline-2,service|local-business|faq|breadcrumb-list,/services/commercial-restoration/|/service-areas/enterprise-nv/|/service-areas/enterprise-nv/fire-damage-restoration/|/service-areas/enterprise-nv/mold-remediation/|/service-areas/blue-diamond-nv/commercial-restoration/|/service-areas/boulder-city-nv/commercial-restoration/|/contact/,6.30,planned
/service-areas/enterprise-nv/emergency-plumbing/,service-area-service,"Emergency Plumbing in Enterprise, NV | Desert Valley Contracting Inc ",Emergency Plumbing in Enterprise,"24/7 emergency plumbing in Enterprise, NV. IICRC-certified, insurance billing accepted. Call (702) 633-5033.",emergency plumbing enterprise,emergency plumber|24 hour plumber|burst pipe plumber|emergency plumbing repair|24/7 plumbing,local_emergency,,,900,hero|og|inline-1|inline-2,service|local-business|faq|breadcrumb-list,/services/emergency-plumbing/|/service-areas/enterprise-nv/|/service-areas/enterprise-nv/fire-damage-restoration/|/service-areas/enterprise-nv/mold-remediation/|/service-areas/blue-diamond-nv/emergency-plumbing/|/service-areas/boulder-city-nv/emergency-plumbing/|/contact/,6.30,planned
/service-areas/enterprise-nv/flood-damage-restoration/,service-area-service,"Flood Damage Restoration in Enterprise, NV | Desert Valley Contracting Inc ",Flood Damage Restoration in Enterprise,"24/7 flood damage restoration in Enterprise, NV. IICRC-certified, insurance billing accepted. Call (702) 633-5033.",flood damage restoration enterprise,flood cleanup|flood restoration|post-flood restoration|residential flood damage|flood damage repair,local_emergency,,,900,hero|og|inline-1|inline-2,service|local-business|faq|breadcrumb-list,/services/flood-damage-restoration/|/service-areas/enterprise-nv/|/service-areas/enterprise-nv/fire-damage-restoration/|/service-areas/enterprise-nv/mold-remediation/|/service-areas/blue-diamond-nv/flood-damage-restoration/|/service-areas/boulder-city-nv/flood-damage-restoration/|/contact/,6.30,planned
/service-areas/enterprise-nv/reconstruction/,service-area-service,"Reconstruction Services in Enterprise, NV | Desert Valley Contracting Inc ",Reconstruction Services in Enterprise,"24/7 reconstruction services in Enterprise, NV. IICRC-certified, insurance billing accepted. Call (702) 633-5033.",reconstruction services enterprise,post-damage reconstruction|rebuild services|structural reconstruction|post-disaster rebuilding|fire damage reconstruction,local_commercial,,,900,hero|og|inline-1|inline-2,service|local-business|faq|breadcrumb-list,/services/reconstruction/|/service-areas/enterprise-nv/|/service-areas/enterprise-nv/fire-damage-restoration/|/service-areas/enterprise-nv/mold-remediation/|/service-areas/blue-diamond-nv/reconstruction/|/service-areas/boulder-city-nv/reconstruction/|/contact/,6.30,planned
/service-areas/enterprise-nv/sewage-cleanup/,service-area-service,"Sewage Cleanup and Sanitization in Enterprise, NV | Desert Valley Contracting Inc ",Sewage Cleanup and Sanitization in Enterprise,"24/7 sewage cleanup and sanitization in Enterprise, NV. IICRC-certified, insurance billing accepted. Call (702) 633-5033.",sewage cleanup and sanitization enterprise,sewage backup cleanup|raw sewage removal|septic overflow cleanup|sewer line backup|sanitization services,local_emergency,,,900,hero|og|inline-1|inline-2,service|local-business|faq|breadcrumb-list,/services/sewage-cleanup/|/service-areas/enterprise-nv/|/service-areas/enterprise-nv/fire-damage-restoration/|/service-areas/enterprise-nv/mold-remediation/|/service-areas/blue-diamond-nv/sewage-cleanup/|/service-areas/boulder-city-nv/sewage-cleanup/|/contact/,6.30,planned
/service-areas/enterprise-nv/smoke-damage-restoration/,service-area-service,"Smoke Damage Restoration in Enterprise, NV | Desert Valley Contracting Inc ",Smoke Damage Restoration in Enterprise,"24/7 smoke damage restoration in Enterprise, NV. IICRC-certified, insurance billing accepted. Call (702) 633-5033.",smoke damage restoration enterprise,smoke residue cleanup|smoke damage repair|post-fire smoke cleanup|smoke damage restoration services|wildfire smoke cleanup,local_emergency,,,900,hero|og|inline-1|inline-2,service|local-business|faq|breadcrumb-list,/services/smoke-damage-restoration/|/service-areas/enterprise-nv/|/service-areas/enterprise-nv/fire-damage-restoration/|/service-areas/enterprise-nv/mold-remediation/|/service-areas/blue-diamond-nv/smoke-damage-restoration/|/service-areas/boulder-city-nv/smoke-damage-restoration/|/contact/,6.30,planned
/service-areas/enterprise-nv/storm-damage-restoration/,service-area-service,"Storm Damage Restoration in Enterprise, NV | Desert Valley Contracting Inc ",Storm Damage Restoration in Enterprise,"24/7 storm damage restoration in Enterprise, NV. IICRC-certified, insurance billing accepted. Call (702) 633-5033.",storm damage restoration enterprise,hurricane damage cleanup|tornado damage cleanup|tree damage cleanup|storm cleanup services|severe weather damage repair,local_emergency,,,900,hero|og|inline-1|inline-2,service|local-business|faq|breadcrumb-list,/services/storm-damage-restoration/|/service-areas/enterprise-nv/|/service-areas/enterprise-nv/fire-damage-restoration/|/service-areas/enterprise-nv/mold-remediation/|/service-areas/blue-diamond-nv/storm-damage-restoration/|/service-areas/boulder-city-nv/storm-damage-restoration/|/contact/,6.30,planned
/service-areas/henderson-nv/commercial-restoration/,service-area-service,"Commercial Restoration in Henderson, NV | Desert Valley Contracting Inc ",Commercial Restoration in Henderson,"24/7 commercial restoration in Henderson, NV. IICRC-certified, insurance billing accepted. Call (702) 633-5033.",commercial restoration henderson,commercial water damage|commercial fire damage|business restoration|office restoration|retail restoration,local_b2b,,,900,hero|og|inline-1|inline-2,service|local-business|faq|breadcrumb-list,/services/commercial-restoration/|/service-areas/henderson-nv/|/service-areas/henderson-nv/fire-damage-restoration/|/service-areas/henderson-nv/mold-remediation/|/service-areas/blue-diamond-nv/commercial-restoration/|/service-areas/boulder-city-nv/commercial-restoration/|/contact/,6.30,planned
/service-areas/henderson-nv/emergency-plumbing/,service-area-service,"Emergency Plumbing in Henderson, NV | Desert Valley Contracting Inc ",Emergency Plumbing in Henderson,"24/7 emergency plumbing in Henderson, NV. IICRC-certified, insurance billing accepted. Call (702) 633-5033.",emergency plumbing henderson,emergency plumber|24 hour plumber|burst pipe plumber|emergency plumbing repair|24/7 plumbing,local_emergency,,,900,hero|og|inline-1|inline-2,service|local-business|faq|breadcrumb-list,/services/emergency-plumbing/|/service-areas/henderson-nv/|/service-areas/henderson-nv/fire-damage-restoration/|/service-areas/henderson-nv/mold-remediation/|/service-areas/blue-diamond-nv/emergency-plumbing/|/service-areas/boulder-city-nv/emergency-plumbing/|/contact/,6.30,planned
/service-areas/henderson-nv/flood-damage-restoration/,service-area-service,"Flood Damage Restoration in Henderson, NV | Desert Valley Contracting Inc ",Flood Damage Restoration in Henderson,"24/7 flood damage restoration in Henderson, NV. IICRC-certified, insurance billing accepted. Call (702) 633-5033.",flood damage restoration henderson,flood cleanup|flood restoration|post-flood restoration|residential flood damage|flood damage repair,local_emergency,,,900,hero|og|inline-1|inline-2,service|local-business|faq|breadcrumb-list,/services/flood-damage-restoration/|/service-areas/henderson-nv/|/service-areas/henderson-nv/fire-damage-restoration/|/service-areas/henderson-nv/mold-remediation/|/service-areas/blue-diamond-nv/flood-damage-restoration/|/service-areas/boulder-city-nv/flood-damage-restoration/|/contact/,6.30,planned
/service-areas/henderson-nv/reconstruction/,service-area-service,"Reconstruction Services in Henderson, NV | Desert Valley Contracting Inc ",Reconstruction Services in Henderson,"24/7 reconstruction services in Henderson, NV. IICRC-certified, insurance billing accepted. Call (702) 633-5033.",reconstruction services henderson,post-damage reconstruction|rebuild services|structural reconstruction|post-disaster rebuilding|fire damage reconstruction,local_commercial,,,900,hero|og|inline-1|inline-2,service|local-business|faq|breadcrumb-list,/services/reconstruction/|/service-areas/henderson-nv/|/service-areas/henderson-nv/fire-damage-restoration/|/service-areas/henderson-nv/mold-remediation/|/service-areas/blue-diamond-nv/reconstruction/|/service-areas/boulder-city-nv/reconstruction/|/contact/,6.30,planned
/service-areas/henderson-nv/sewage-cleanup/,service-area-service,"Sewage Cleanup and Sanitization in Henderson, NV | Desert Valley Contracting Inc ",Sewage Cleanup and Sanitization in Henderson,"24/7 sewage cleanup and sanitization in Henderson, NV. IICRC-certified, insurance billing accepted. Call (702) 633-5033.",sewage cleanup and sanitization henderson,sewage backup cleanup|raw sewage removal|septic overflow cleanup|sewer line backup|sanitization services,local_emergency,,,900,hero|og|inline-1|inline-2,service|local-business|faq|breadcrumb-list,/services/sewage-cleanup/|/service-areas/henderson-nv/|/service-areas/henderson-nv/fire-damage-restoration/|/service-areas/henderson-nv/mold-remediation/|/service-areas/blue-diamond-nv/sewage-cleanup/|/service-areas/boulder-city-nv/sewage-cleanup/|/contact/,6.30,planned
/service-areas/henderson-nv/smoke-damage-restoration/,service-area-service,"Smoke Damage Restoration in Henderson, NV | Desert Valley Contracting Inc ",Smoke Damage Restoration in Henderson,"24/7 smoke damage restoration in Henderson, NV. IICRC-certified, insurance billing accepted. Call (702) 633-5033.",smoke damage restoration henderson,smoke residue cleanup|smoke damage repair|post-fire smoke cleanup|smoke damage restoration services|wildfire smoke cleanup,local_emergency,,,900,hero|og|inline-1|inline-2,service|local-business|faq|breadcrumb-list,/services/smoke-damage-restoration/|/service-areas/henderson-nv/|/service-areas/henderson-nv/fire-damage-restoration/|/service-areas/henderson-nv/mold-remediation/|/service-areas/blue-diamond-nv/smoke-damage-restoration/|/service-areas/boulder-city-nv/smoke-damage-restoration/|/contact/,6.30,planned
/service-areas/henderson-nv/storm-damage-restoration/,service-area-service,"Storm Damage Restoration in Henderson, NV | Desert Valley Contracting Inc ",Storm Damage Restoration in Henderson,"24/7 storm damage restoration in Henderson, NV. IICRC-certified, insurance billing accepted. Call (702) 633-5033.",storm damage restoration henderson,hurricane damage cleanup|tornado damage cleanup|tree damage cleanup|storm cleanup services|severe weather damage repair,local_emergency,,,900,hero|og|inline-1|inline-2,service|local-business|faq|breadcrumb-list,/services/storm-damage-restoration/|/service-areas/henderson-nv/|/service-areas/henderson-nv/fire-damage-restoration/|/service-areas/henderson-nv/mold-remediation/|/service-areas/blue-diamond-nv/storm-damage-restoration/|/service-areas/boulder-city-nv/storm-damage-restoration/|/contact/,6.30,planned
/service-areas/indian-springs-nv/commercial-restoration/,service-area-service,"Commercial Restoration in Indian Springs, NV | Desert Valley Contracting Inc ",Commercial Restoration in Indian Springs,"24/7 commercial restoration in Indian Springs, NV. IICRC-certified, insurance billing accepted. Call (702) 633-5033.",commercial restoration indian springs,commercial water damage|commercial fire damage|business restoration|office restoration|retail restoration,local_b2b,,,900,hero|og|inline-1|inline-2,service|local-business|faq|breadcrumb-list,/services/commercial-restoration/|/service-areas/indian-springs-nv/|/service-areas/indian-springs-nv/fire-damage-restoration/|/service-areas/indian-springs-nv/mold-remediation/|/service-areas/blue-diamond-nv/commercial-restoration/|/service-areas/boulder-city-nv/commercial-restoration/|/contact/,6.30,planned
/service-areas/indian-springs-nv/emergency-plumbing/,service-area-service,"Emergency Plumbing in Indian Springs, NV | Desert Valley Contracting Inc ",Emergency Plumbing in Indian Springs,"24/7 emergency plumbing in Indian Springs, NV. IICRC-certified, insurance billing accepted. Call (702) 633-5033.",emergency plumbing indian springs,emergency plumber|24 hour plumber|burst pipe plumber|emergency plumbing repair|24/7 plumbing,local_emergency,,,900,hero|og|inline-1|inline-2,service|local-business|faq|breadcrumb-list,/services/emergency-plumbing/|/service-areas/indian-springs-nv/|/service-areas/indian-springs-nv/fire-damage-restoration/|/service-areas/indian-springs-nv/mold-remediation/|/service-areas/blue-diamond-nv/emergency-plumbing/|/service-areas/boulder-city-nv/emergency-plumbing/|/contact/,6.30,planned
/service-areas/indian-springs-nv/flood-damage-restoration/,service-area-service,"Flood Damage Restoration in Indian Springs, NV | Desert Valley Contracting Inc ",Flood Damage Restoration in Indian Springs,"24/7 flood damage restoration in Indian Springs, NV. IICRC-certified, insurance billing accepted. Call (702) 633-5033.",flood damage restoration indian springs,flood cleanup|flood restoration|post-flood restoration|residential flood damage|flood damage repair,local_emergency,,,900,hero|og|inline-1|inline-2,service|local-business|faq|breadcrumb-list,/services/flood-damage-restoration/|/service-areas/indian-springs-nv/|/service-areas/indian-springs-nv/fire-damage-restoration/|/service-areas/indian-springs-nv/mold-remediation/|/service-areas/blue-diamond-nv/flood-damage-restoration/|/service-areas/boulder-city-nv/flood-damage-restoration/|/contact/,6.30,planned
/service-areas/indian-springs-nv/reconstruction/,service-area-service,"Reconstruction Services in Indian Springs, NV | Desert Valley Contracting Inc ",Reconstruction Services in Indian Springs,"24/7 reconstruction services in Indian Springs, NV. IICRC-certified, insurance billing accepted. Call (702) 633-5033.",reconstruction services indian springs,post-damage reconstruction|rebuild services|structural reconstruction|post-disaster rebuilding|fire damage reconstruction,local_commercial,,,900,hero|og|inline-1|inline-2,service|local-business|faq|breadcrumb-list,/services/reconstruction/|/service-areas/indian-springs-nv/|/service-areas/indian-springs-nv/fire-damage-restoration/|/service-areas/indian-springs-nv/mold-remediation/|/service-areas/blue-diamond-nv/reconstruction/|/service-areas/boulder-city-nv/reconstruction/|/contact/,6.30,planned
/service-areas/indian-springs-nv/sewage-cleanup/,service-area-service,"Sewage Cleanup and Sanitization in Indian Springs, NV | Desert Valley Contracting Inc ",Sewage Cleanup and Sanitization in Indian Springs,"24/7 sewage cleanup and sanitization in Indian Springs, NV. IICRC-certified, insurance billing accepted. Call (702) 633-5033.",sewage cleanup and sanitization indian springs,sewage backup cleanup|raw sewage removal|septic overflow cleanup|sewer line backup|sanitization services,local_emergency,,,900,hero|og|inline-1|inline-2,service|local-business|faq|breadcrumb-list,/services/sewage-cleanup/|/service-areas/indian-springs-nv/|/service-areas/indian-springs-nv/fire-damage-restoration/|/service-areas/indian-springs-nv/mold-remediation/|/service-areas/blue-diamond-nv/sewage-cleanup/|/service-areas/boulder-city-nv/sewage-cleanup/|/contact/,6.30,planned
/service-areas/indian-springs-nv/smoke-damage-restoration/,service-area-service,"Smoke Damage Restoration in Indian Springs, NV | Desert Valley Contracting Inc ",Smoke Damage Restoration in Indian Springs,"24/7 smoke damage restoration in Indian Springs, NV. IICRC-certified, insurance billing accepted. Call (702) 633-5033.",smoke damage restoration indian springs,smoke residue cleanup|smoke damage repair|post-fire smoke cleanup|smoke damage restoration services|wildfire smoke cleanup,local_emergency,,,900,hero|og|inline-1|inline-2,service|local-business|faq|breadcrumb-list,/services/smoke-damage-restoration/|/service-areas/indian-springs-nv/|/service-areas/indian-springs-nv/fire-damage-restoration/|/service-areas/indian-springs-nv/mold-remediation/|/service-areas/blue-diamond-nv/smoke-damage-restoration/|/service-areas/boulder-city-nv/smoke-damage-restoration/|/contact/,6.30,planned
/service-areas/indian-springs-nv/storm-damage-restoration/,service-area-service,"Storm Damage Restoration in Indian Springs, NV | Desert Valley Contracting Inc ",Storm Damage Restoration in Indian Springs,"24/7 storm damage restoration in Indian Springs, NV. IICRC-certified, insurance billing accepted. Call (702) 633-5033.",storm damage restoration indian springs,hurricane damage cleanup|tornado damage cleanup|tree damage cleanup|storm cleanup services|severe weather damage repair,local_emergency,,,900,hero|og|inline-1|inline-2,service|local-business|faq|breadcrumb-list,/services/storm-damage-restoration/|/service-areas/indian-springs-nv/|/service-areas/indian-springs-nv/fire-damage-restoration/|/service-areas/indian-springs-nv/mold-remediation/|/service-areas/blue-diamond-nv/storm-damage-restoration/|/service-areas/boulder-city-nv/storm-damage-restoration/|/contact/,6.30,planned
/service-areas/las-vegas-nv/commercial-restoration/,service-area-service,"Commercial Restoration in Las Vegas, NV | Desert Valley Contracting Inc ",Commercial Restoration in Las Vegas,"24/7 commercial restoration in Las Vegas, NV. IICRC-certified, insurance billing accepted. Call (702) 633-5033.",commercial restoration las vegas,commercial water damage|commercial fire damage|business restoration|office restoration|retail restoration,local_b2b,,,900,hero|og|inline-1|inline-2,service|local-business|faq|breadcrumb-list,/services/commercial-restoration/|/service-areas/las-vegas-nv/|/service-areas/las-vegas-nv/fire-damage-restoration/|/service-areas/las-vegas-nv/mold-remediation/|/service-areas/blue-diamond-nv/commercial-restoration/|/service-areas/boulder-city-nv/commercial-restoration/|/contact/,6.30,planned
/service-areas/las-vegas-nv/emergency-plumbing/,service-area-service,"Emergency Plumbing in Las Vegas, NV | Desert Valley Contracting Inc ",Emergency Plumbing in Las Vegas,"24/7 emergency plumbing in Las Vegas, NV. IICRC-certified, insurance billing accepted. Call (702) 633-5033.",emergency plumbing las vegas,emergency plumber|24 hour plumber|burst pipe plumber|emergency plumbing repair|24/7 plumbing,local_emergency,,,900,hero|og|inline-1|inline-2,service|local-business|faq|breadcrumb-list,/services/emergency-plumbing/|/service-areas/las-vegas-nv/|/service-areas/las-vegas-nv/fire-damage-restoration/|/service-areas/las-vegas-nv/mold-remediation/|/service-areas/blue-diamond-nv/emergency-plumbing/|/service-areas/boulder-city-nv/emergency-plumbing/|/contact/,6.30,planned
/service-areas/las-vegas-nv/flood-damage-restoration/,service-area-service,"Flood Damage Restoration in Las Vegas, NV | Desert Valley Contracting Inc ",Flood Damage Restoration in Las Vegas,"24/7 flood damage restoration in Las Vegas, NV. IICRC-certified, insurance billing accepted. Call (702) 633-5033.",flood damage restoration las vegas,flood cleanup|flood restoration|post-flood restoration|residential flood damage|flood damage repair,local_emergency,,,900,hero|og|inline-1|inline-2,service|local-business|faq|breadcrumb-list,/services/flood-damage-restoration/|/service-areas/las-vegas-nv/|/service-areas/las-vegas-nv/fire-damage-restoration/|/service-areas/las-vegas-nv/mold-remediation/|/service-areas/blue-diamond-nv/flood-damage-restoration/|/service-areas/boulder-city-nv/flood-damage-restoration/|/contact/,6.30,planned
/service-areas/las-vegas-nv/reconstruction/,service-area-service,"Reconstruction Services in Las Vegas, NV | Desert Valley Contracting Inc ",Reconstruction Services in Las Vegas,"24/7 reconstruction services in Las Vegas, NV. IICRC-certified, insurance billing accepted. Call (702) 633-5033.",reconstruction services las vegas,post-damage reconstruction|rebuild services|structural reconstruction|post-disaster rebuilding|fire damage reconstruction,local_commercial,,,900,hero|og|inline-1|inline-2,service|local-business|faq|breadcrumb-list,/services/reconstruction/|/service-areas/las-vegas-nv/|/service-areas/las-vegas-nv/fire-damage-restoration/|/service-areas/las-vegas-nv/mold-remediation/|/service-areas/blue-diamond-nv/reconstruction/|/service-areas/boulder-city-nv/reconstruction/|/contact/,6.30,planned
/service-areas/las-vegas-nv/sewage-cleanup/,service-area-service,"Sewage Cleanup and Sanitization in Las Vegas, NV | Desert Valley Contracting Inc ",Sewage Cleanup and Sanitization in Las Vegas,"24/7 sewage cleanup and sanitization in Las Vegas, NV. IICRC-certified, insurance billing accepted. Call (702) 633-5033.",sewage cleanup and sanitization las vegas,sewage backup cleanup|raw sewage removal|septic overflow cleanup|sewer line backup|sanitization services,local_emergency,,,900,hero|og|inline-1|inline-2,service|local-business|faq|breadcrumb-list,/services/sewage-cleanup/|/service-areas/las-vegas-nv/|/service-areas/las-vegas-nv/fire-damage-restoration/|/service-areas/las-vegas-nv/mold-remediation/|/service-areas/blue-diamond-nv/sewage-cleanup/|/service-areas/boulder-city-nv/sewage-cleanup/|/contact/,6.30,planned
/service-areas/las-vegas-nv/smoke-damage-restoration/,service-area-service,"Smoke Damage Restoration in Las Vegas, NV | Desert Valley Contracting Inc ",Smoke Damage Restoration in Las Vegas,"24/7 smoke damage restoration in Las Vegas, NV. IICRC-certified, insurance billing accepted. Call (702) 633-5033.",smoke damage restoration las vegas,smoke residue cleanup|smoke damage repair|post-fire smoke cleanup|smoke damage restoration services|wildfire smoke cleanup,local_emergency,,,900,hero|og|inline-1|inline-2,service|local-business|faq|breadcrumb-list,/services/smoke-damage-restoration/|/service-areas/las-vegas-nv/|/service-areas/las-vegas-nv/fire-damage-restoration/|/service-areas/las-vegas-nv/mold-remediation/|/service-areas/blue-diamond-nv/smoke-damage-restoration/|/service-areas/boulder-city-nv/smoke-damage-restoration/|/contact/,6.30,planned
/service-areas/las-vegas-nv/storm-damage-restoration/,service-area-service,"Storm Damage Restoration in Las Vegas, NV | Desert Valley Contracting Inc ",Storm Damage Restoration in Las Vegas,"24/7 storm damage restoration in Las Vegas, NV. IICRC-certified, insurance billing accepted. Call (702) 633-5033.",storm damage restoration las vegas,hurricane damage cleanup|tornado damage cleanup|tree damage cleanup|storm cleanup services|severe weather damage repair,local_emergency,,,900,hero|og|inline-1|inline-2,service|local-business|faq|breadcrumb-list,/services/storm-damage-restoration/|/service-areas/las-vegas-nv/|/service-areas/las-vegas-nv/fire-damage-restoration/|/service-areas/las-vegas-nv/mold-remediation/|/service-areas/blue-diamond-nv/storm-damage-restoration/|/service-areas/boulder-city-nv/storm-damage-restoration/|/contact/,6.30,planned
/service-areas/moapa-town-nv/commercial-restoration/,service-area-service,"Commercial Restoration in Moapa Town, NV | Desert Valley Contracting Inc ",Commercial Restoration in Moapa Town,"24/7 commercial restoration in Moapa Town, NV. IICRC-certified, insurance billing accepted. Call (702) 633-5033.",commercial restoration moapa town,commercial water damage|commercial fire damage|business restoration|office restoration|retail restoration,local_b2b,,,900,hero|og|inline-1|inline-2,service|local-business|faq|breadcrumb-list,/services/commercial-restoration/|/service-areas/moapa-town-nv/|/service-areas/moapa-town-nv/fire-damage-restoration/|/service-areas/moapa-town-nv/mold-remediation/|/service-areas/blue-diamond-nv/commercial-restoration/|/service-areas/boulder-city-nv/commercial-restoration/|/contact/,6.30,planned
/service-areas/moapa-town-nv/emergency-plumbing/,service-area-service,"Emergency Plumbing in Moapa Town, NV | Desert Valley Contracting Inc ",Emergency Plumbing in Moapa Town,"24/7 emergency plumbing in Moapa Town, NV. IICRC-certified, insurance billing accepted. Call (702) 633-5033.",emergency plumbing moapa town,emergency plumber|24 hour plumber|burst pipe plumber|emergency plumbing repair|24/7 plumbing,local_emergency,,,900,hero|og|inline-1|inline-2,service|local-business|faq|breadcrumb-list,/services/emergency-plumbing/|/service-areas/moapa-town-nv/|/service-areas/moapa-town-nv/fire-damage-restoration/|/service-areas/moapa-town-nv/mold-remediation/|/service-areas/blue-diamond-nv/emergency-plumbing/|/service-areas/boulder-city-nv/emergency-plumbing/|/contact/,6.30,planned
/service-areas/moapa-town-nv/flood-damage-restoration/,service-area-service,"Flood Damage Restoration in Moapa Town, NV | Desert Valley Contracting Inc ",Flood Damage Restoration in Moapa Town,"24/7 flood damage restoration in Moapa Town, NV. IICRC-certified, insurance billing accepted. Call (702) 633-5033.",flood damage restoration moapa town,flood cleanup|flood restoration|post-flood restoration|residential flood damage|flood damage repair,local_emergency,,,900,hero|og|inline-1|inline-2,service|local-business|faq|breadcrumb-list,/services/flood-damage-restoration/|/service-areas/moapa-town-nv/|/service-areas/moapa-town-nv/fire-damage-restoration/|/service-areas/moapa-town-nv/mold-remediation/|/service-areas/blue-diamond-nv/flood-damage-restoration/|/service-areas/boulder-city-nv/flood-damage-restoration/|/contact/,6.30,planned
/service-areas/moapa-town-nv/reconstruction/,service-area-service,"Reconstruction Services in Moapa Town, NV | Desert Valley Contracting Inc ",Reconstruction Services in Moapa Town,"24/7 reconstruction services in Moapa Town, NV. IICRC-certified, insurance billing accepted. Call (702) 633-5033.",reconstruction services moapa town,post-damage reconstruction|rebuild services|structural reconstruction|post-disaster rebuilding|fire damage reconstruction,local_commercial,,,900,hero|og|inline-1|inline-2,service|local-business|faq|breadcrumb-list,/services/reconstruction/|/service-areas/moapa-town-nv/|/service-areas/moapa-town-nv/fire-damage-restoration/|/service-areas/moapa-town-nv/mold-remediation/|/service-areas/blue-diamond-nv/reconstruction/|/service-areas/boulder-city-nv/reconstruction/|/contact/,6.30,planned
/service-areas/moapa-town-nv/sewage-cleanup/,service-area-service,"Sewage Cleanup and Sanitization in Moapa Town, NV | Desert Valley Contracting Inc ",Sewage Cleanup and Sanitization in Moapa Town,"24/7 sewage cleanup and sanitization in Moapa Town, NV. IICRC-certified, insurance billing accepted. Call (702) 633-5033.",sewage cleanup and sanitization moapa town,sewage backup cleanup|raw sewage removal|septic overflow cleanup|sewer line backup|sanitization services,local_emergency,,,900,hero|og|inline-1|inline-2,service|local-business|faq|breadcrumb-list,/services/sewage-cleanup/|/service-areas/moapa-town-nv/|/service-areas/moapa-town-nv/fire-damage-restoration/|/service-areas/moapa-town-nv/mold-remediation/|/service-areas/blue-diamond-nv/sewage-cleanup/|/service-areas/boulder-city-nv/sewage-cleanup/|/contact/,6.30,planned
/service-areas/moapa-town-nv/smoke-damage-restoration/,service-area-service,"Smoke Damage Restoration in Moapa Town, NV | Desert Valley Contracting Inc ",Smoke Damage Restoration in Moapa Town,"24/7 smoke damage restoration in Moapa Town, NV. IICRC-certified, insurance billing accepted. Call (702) 633-5033.",smoke damage restoration moapa town,smoke residue cleanup|smoke damage repair|post-fire smoke cleanup|smoke damage restoration services|wildfire smoke cleanup,local_emergency,,,900,hero|og|inline-1|inline-2,service|local-business|faq|breadcrumb-list,/services/smoke-damage-restoration/|/service-areas/moapa-town-nv/|/service-areas/moapa-town-nv/fire-damage-restoration/|/service-areas/moapa-town-nv/mold-remediation/|/service-areas/blue-diamond-nv/smoke-damage-restoration/|/service-areas/boulder-city-nv/smoke-damage-restoration/|/contact/,6.30,planned
/service-areas/moapa-town-nv/storm-damage-restoration/,service-area-service,"Storm Damage Restoration in Moapa Town, NV | Desert Valley Contracting Inc ",Storm Damage Restoration in Moapa Town,"24/7 storm damage restoration in Moapa Town, NV. IICRC-certified, insurance billing accepted. Call (702) 633-5033.",storm damage restoration moapa town,hurricane damage cleanup|tornado damage cleanup|tree damage cleanup|storm cleanup services|severe weather damage repair,local_emergency,,,900,hero|og|inline-1|inline-2,service|local-business|faq|breadcrumb-list,/services/storm-damage-restoration/|/service-areas/moapa-town-nv/|/service-areas/moapa-town-nv/fire-damage-restoration/|/service-areas/moapa-town-nv/mold-remediation/|/service-areas/blue-diamond-nv/storm-damage-restoration/|/service-areas/boulder-city-nv/storm-damage-restoration/|/contact/,6.30,planned
/service-areas/moapa-valley-nv/commercial-restoration/,service-area-service,"Commercial Restoration in Moapa Valley, NV | Desert Valley Contracting Inc ",Commercial Restoration in Moapa Valley,"24/7 commercial restoration in Moapa Valley, NV. IICRC-certified, insurance billing accepted. Call (702) 633-5033.",commercial restoration moapa valley,commercial water damage|commercial fire damage|business restoration|office restoration|retail restoration,local_b2b,,,900,hero|og|inline-1|inline-2,service|local-business|faq|breadcrumb-list,/services/commercial-restoration/|/service-areas/moapa-valley-nv/|/service-areas/moapa-valley-nv/fire-damage-restoration/|/service-areas/moapa-valley-nv/mold-remediation/|/service-areas/blue-diamond-nv/commercial-restoration/|/service-areas/boulder-city-nv/commercial-restoration/|/contact/,6.30,planned
/service-areas/moapa-valley-nv/emergency-plumbing/,service-area-service,"Emergency Plumbing in Moapa Valley, NV | Desert Valley Contracting Inc ",Emergency Plumbing in Moapa Valley,"24/7 emergency plumbing in Moapa Valley, NV. IICRC-certified, insurance billing accepted. Call (702) 633-5033.",emergency plumbing moapa valley,emergency plumber|24 hour plumber|burst pipe plumber|emergency plumbing repair|24/7 plumbing,local_emergency,,,900,hero|og|inline-1|inline-2,service|local-business|faq|breadcrumb-list,/services/emergency-plumbing/|/service-areas/moapa-valley-nv/|/service-areas/moapa-valley-nv/fire-damage-restoration/|/service-areas/moapa-valley-nv/mold-remediation/|/service-areas/blue-diamond-nv/emergency-plumbing/|/service-areas/boulder-city-nv/emergency-plumbing/|/contact/,6.30,planned
/service-areas/moapa-valley-nv/flood-damage-restoration/,service-area-service,"Flood Damage Restoration in Moapa Valley, NV | Desert Valley Contracting Inc ",Flood Damage Restoration in Moapa Valley,"24/7 flood damage restoration in Moapa Valley, NV. IICRC-certified, insurance billing accepted. Call (702) 633-5033.",flood damage restoration moapa valley,flood cleanup|flood restoration|post-flood restoration|residential flood damage|flood damage repair,local_emergency,,,900,hero|og|inline-1|inline-2,service|local-business|faq|breadcrumb-list,/services/flood-damage-restoration/|/service-areas/moapa-valley-nv/|/service-areas/moapa-valley-nv/fire-damage-restoration/|/service-areas/moapa-valley-nv/mold-remediation/|/service-areas/blue-diamond-nv/flood-damage-restoration/|/service-areas/boulder-city-nv/flood-damage-restoration/|/contact/,6.30,planned
/service-areas/moapa-valley-nv/reconstruction/,service-area-service,"Reconstruction Services in Moapa Valley, NV | Desert Valley Contracting Inc ",Reconstruction Services in Moapa Valley,"24/7 reconstruction services in Moapa Valley, NV. IICRC-certified, insurance billing accepted. Call (702) 633-5033.",reconstruction services moapa valley,post-damage reconstruction|rebuild services|structural reconstruction|post-disaster rebuilding|fire damage reconstruction,local_commercial,,,900,hero|og|inline-1|inline-2,service|local-business|faq|breadcrumb-list,/services/reconstruction/|/service-areas/moapa-valley-nv/|/service-areas/moapa-valley-nv/fire-damage-restoration/|/service-areas/moapa-valley-nv/mold-remediation/|/service-areas/blue-diamond-nv/reconstruction/|/service-areas/boulder-city-nv/reconstruction/|/contact/,6.30,planned
/service-areas/moapa-valley-nv/sewage-cleanup/,service-area-service,"Sewage Cleanup and Sanitization in Moapa Valley, NV | Desert Valley Contracting Inc ",Sewage Cleanup and Sanitization in Moapa Valley,"24/7 sewage cleanup and sanitization in Moapa Valley, NV. IICRC-certified, insurance billing accepted. Call (702) 633-5033.",sewage cleanup and sanitization moapa valley,sewage backup cleanup|raw sewage removal|septic overflow cleanup|sewer line backup|sanitization services,local_emergency,,,900,hero|og|inline-1|inline-2,service|local-business|faq|breadcrumb-list,/services/sewage-cleanup/|/service-areas/moapa-valley-nv/|/service-areas/moapa-valley-nv/fire-damage-restoration/|/service-areas/moapa-valley-nv/mold-remediation/|/service-areas/blue-diamond-nv/sewage-cleanup/|/service-areas/boulder-city-nv/sewage-cleanup/|/contact/,6.30,planned
/service-areas/moapa-valley-nv/smoke-damage-restoration/,service-area-service,"Smoke Damage Restoration in Moapa Valley, NV | Desert Valley Contracting Inc ",Smoke Damage Restoration in Moapa Valley,"24/7 smoke damage restoration in Moapa Valley, NV. IICRC-certified, insurance billing accepted. Call (702) 633-5033.",smoke damage restoration moapa valley,smoke residue cleanup|smoke damage repair|post-fire smoke cleanup|smoke damage restoration services|wildfire smoke cleanup,local_emergency,,,900,hero|og|inline-1|inline-2,service|local-business|faq|breadcrumb-list,/services/smoke-damage-restoration/|/service-areas/moapa-valley-nv/|/service-areas/moapa-valley-nv/fire-damage-restoration/|/service-areas/moapa-valley-nv/mold-remediation/|/service-areas/blue-diamond-nv/smoke-damage-restoration/|/service-areas/boulder-city-nv/smoke-damage-restoration/|/contact/,6.30,planned
/service-areas/moapa-valley-nv/storm-damage-restoration/,service-area-service,"Storm Damage Restoration in Moapa Valley, NV | Desert Valley Contracting Inc ",Storm Damage Restoration in Moapa Valley,"24/7 storm damage restoration in Moapa Valley, NV. IICRC-certified, insurance billing accepted. Call (702) 633-5033.",storm damage restoration moapa valley,hurricane damage cleanup|tornado damage cleanup|tree damage cleanup|storm cleanup services|severe weather damage repair,local_emergency,,,900,hero|og|inline-1|inline-2,service|local-business|faq|breadcrumb-list,/services/storm-damage-restoration/|/service-areas/moapa-valley-nv/|/service-areas/moapa-valley-nv/fire-damage-restoration/|/service-areas/moapa-valley-nv/mold-remediation/|/service-areas/blue-diamond-nv/storm-damage-restoration/|/service-areas/boulder-city-nv/storm-damage-restoration/|/contact/,6.30,planned
/service-areas/mount-charleston-nv/commercial-restoration/,service-area-service,"Commercial Restoration in Mount Charleston, NV | Desert Valley Contracting Inc ",Commercial Restoration in Mount Charleston,"24/7 commercial restoration in Mount Charleston, NV. IICRC-certified, insurance billing accepted. Call (702) 633-5033.",commercial restoration mount charleston,commercial water damage|commercial fire damage|business restoration|office restoration|retail restoration,local_b2b,,,900,hero|og|inline-1|inline-2,service|local-business|faq|breadcrumb-list,/services/commercial-restoration/|/service-areas/mount-charleston-nv/|/service-areas/mount-charleston-nv/fire-damage-restoration/|/service-areas/mount-charleston-nv/mold-remediation/|/service-areas/blue-diamond-nv/commercial-restoration/|/service-areas/boulder-city-nv/commercial-restoration/|/contact/,6.30,planned
/service-areas/mount-charleston-nv/emergency-plumbing/,service-area-service,"Emergency Plumbing in Mount Charleston, NV | Desert Valley Contracting Inc ",Emergency Plumbing in Mount Charleston,"24/7 emergency plumbing in Mount Charleston, NV. IICRC-certified, insurance billing accepted. Call (702) 633-5033.",emergency plumbing mount charleston,emergency plumber|24 hour plumber|burst pipe plumber|emergency plumbing repair|24/7 plumbing,local_emergency,,,900,hero|og|inline-1|inline-2,service|local-business|faq|breadcrumb-list,/services/emergency-plumbing/|/service-areas/mount-charleston-nv/|/service-areas/mount-charleston-nv/fire-damage-restoration/|/service-areas/mount-charleston-nv/mold-remediation/|/service-areas/blue-diamond-nv/emergency-plumbing/|/service-areas/boulder-city-nv/emergency-plumbing/|/contact/,6.30,planned
/service-areas/mount-charleston-nv/flood-damage-restoration/,service-area-service,"Flood Damage Restoration in Mount Charleston, NV | Desert Valley Contracting Inc ",Flood Damage Restoration in Mount Charleston,"24/7 flood damage restoration in Mount Charleston, NV. IICRC-certified, insurance billing accepted. Call (702) 633-5033.",flood damage restoration mount charleston,flood cleanup|flood restoration|post-flood restoration|residential flood damage|flood damage repair,local_emergency,,,900,hero|og|inline-1|inline-2,service|local-business|faq|breadcrumb-list,/services/flood-damage-restoration/|/service-areas/mount-charleston-nv/|/service-areas/mount-charleston-nv/fire-damage-restoration/|/service-areas/mount-charleston-nv/mold-remediation/|/service-areas/blue-diamond-nv/flood-damage-restoration/|/service-areas/boulder-city-nv/flood-damage-restoration/|/contact/,6.30,planned
/service-areas/mount-charleston-nv/reconstruction/,service-area-service,"Reconstruction Services in Mount Charleston, NV | Desert Valley Contracting Inc ",Reconstruction Services in Mount Charleston,"24/7 reconstruction services in Mount Charleston, NV. IICRC-certified, insurance billing accepted. Call (702) 633-5033.",reconstruction services mount charleston,post-damage reconstruction|rebuild services|structural reconstruction|post-disaster rebuilding|fire damage reconstruction,local_commercial,,,900,hero|og|inline-1|inline-2,service|local-business|faq|breadcrumb-list,/services/reconstruction/|/service-areas/mount-charleston-nv/|/service-areas/mount-charleston-nv/fire-damage-restoration/|/service-areas/mount-charleston-nv/mold-remediation/|/service-areas/blue-diamond-nv/reconstruction/|/service-areas/boulder-city-nv/reconstruction/|/contact/,6.30,planned
/service-areas/mount-charleston-nv/sewage-cleanup/,service-area-service,"Sewage Cleanup and Sanitization in Mount Charleston, NV | Desert Valley Contracting Inc ",Sewage Cleanup and Sanitization in Mount Charleston,"24/7 sewage cleanup and sanitization in Mount Charleston, NV. IICRC-certified, insurance billing accepted. Call (702) 633-5033.",sewage cleanup and sanitization mount charleston,sewage backup cleanup|raw sewage removal|septic overflow cleanup|sewer line backup|sanitization services,local_emergency,,,900,hero|og|inline-1|inline-2,service|local-business|faq|breadcrumb-list,/services/sewage-cleanup/|/service-areas/mount-charleston-nv/|/service-areas/mount-charleston-nv/fire-damage-restoration/|/service-areas/mount-charleston-nv/mold-remediation/|/service-areas/blue-diamond-nv/sewage-cleanup/|/service-areas/boulder-city-nv/sewage-cleanup/|/contact/,6.30,planned
/service-areas/mount-charleston-nv/smoke-damage-restoration/,service-area-service,"Smoke Damage Restoration in Mount Charleston, NV | Desert Valley Contracting Inc ",Smoke Damage Restoration in Mount Charleston,"24/7 smoke damage restoration in Mount Charleston, NV. IICRC-certified, insurance billing accepted. Call (702) 633-5033.",smoke damage restoration mount charleston,smoke residue cleanup|smoke damage repair|post-fire smoke cleanup|smoke damage restoration services|wildfire smoke cleanup,local_emergency,,,900,hero|og|inline-1|inline-2,service|local-business|faq|breadcrumb-list,/services/smoke-damage-restoration/|/service-areas/mount-charleston-nv/|/service-areas/mount-charleston-nv/fire-damage-restoration/|/service-areas/mount-charleston-nv/mold-remediation/|/service-areas/blue-diamond-nv/smoke-damage-restoration/|/service-areas/boulder-city-nv/smoke-damage-restoration/|/contact/,6.30,planned
/service-areas/mount-charleston-nv/storm-damage-restoration/,service-area-service,"Storm Damage Restoration in Mount Charleston, NV | Desert Valley Contracting Inc ",Storm Damage Restoration in Mount Charleston,"24/7 storm damage restoration in Mount Charleston, NV. IICRC-certified, insurance billing accepted. Call (702) 633-5033.",storm damage restoration mount charleston,hurricane damage cleanup|tornado damage cleanup|tree damage cleanup|storm cleanup services|severe weather damage repair,local_emergency,,,900,hero|og|inline-1|inline-2,service|local-business|faq|breadcrumb-list,/services/storm-damage-restoration/|/service-areas/mount-charleston-nv/|/service-areas/mount-charleston-nv/fire-damage-restoration/|/service-areas/mount-charleston-nv/mold-remediation/|/service-areas/blue-diamond-nv/storm-damage-restoration/|/service-areas/boulder-city-nv/storm-damage-restoration/|/contact/,6.30,planned
/service-areas/nelson-nv/commercial-restoration/,service-area-service,"Commercial Restoration in Nelson, NV | Desert Valley Contracting Inc ",Commercial Restoration in Nelson,"24/7 commercial restoration in Nelson, NV. IICRC-certified, insurance billing accepted. Call (702) 633-5033.",commercial restoration nelson,commercial water damage|commercial fire damage|business restoration|office restoration|retail restoration,local_b2b,,,900,hero|og|inline-1|inline-2,service|local-business|faq|breadcrumb-list,/services/commercial-restoration/|/service-areas/nelson-nv/|/service-areas/nelson-nv/fire-damage-restoration/|/service-areas/nelson-nv/mold-remediation/|/service-areas/blue-diamond-nv/commercial-restoration/|/service-areas/boulder-city-nv/commercial-restoration/|/contact/,6.30,planned
/service-areas/nelson-nv/emergency-plumbing/,service-area-service,"Emergency Plumbing in Nelson, NV | Desert Valley Contracting Inc ",Emergency Plumbing in Nelson,"24/7 emergency plumbing in Nelson, NV. IICRC-certified, insurance billing accepted. Call (702) 633-5033.",emergency plumbing nelson,emergency plumber|24 hour plumber|burst pipe plumber|emergency plumbing repair|24/7 plumbing,local_emergency,,,900,hero|og|inline-1|inline-2,service|local-business|faq|breadcrumb-list,/services/emergency-plumbing/|/service-areas/nelson-nv/|/service-areas/nelson-nv/fire-damage-restoration/|/service-areas/nelson-nv/mold-remediation/|/service-areas/blue-diamond-nv/emergency-plumbing/|/service-areas/boulder-city-nv/emergency-plumbing/|/contact/,6.30,planned
/service-areas/nelson-nv/flood-damage-restoration/,service-area-service,"Flood Damage Restoration in Nelson, NV | Desert Valley Contracting Inc ",Flood Damage Restoration in Nelson,"24/7 flood damage restoration in Nelson, NV. IICRC-certified, insurance billing accepted. Call (702) 633-5033.",flood damage restoration nelson,flood cleanup|flood restoration|post-flood restoration|residential flood damage|flood damage repair,local_emergency,,,900,hero|og|inline-1|inline-2,service|local-business|faq|breadcrumb-list,/services/flood-damage-restoration/|/service-areas/nelson-nv/|/service-areas/nelson-nv/fire-damage-restoration/|/service-areas/nelson-nv/mold-remediation/|/service-areas/blue-diamond-nv/flood-damage-restoration/|/service-areas/boulder-city-nv/flood-damage-restoration/|/contact/,6.30,planned
/service-areas/nelson-nv/reconstruction/,service-area-service,"Reconstruction Services in Nelson, NV | Desert Valley Contracting Inc ",Reconstruction Services in Nelson,"24/7 reconstruction services in Nelson, NV. IICRC-certified, insurance billing accepted. Call (702) 633-5033.",reconstruction services nelson,post-damage reconstruction|rebuild services|structural reconstruction|post-disaster rebuilding|fire damage reconstruction,local_commercial,,,900,hero|og|inline-1|inline-2,service|local-business|faq|breadcrumb-list,/services/reconstruction/|/service-areas/nelson-nv/|/service-areas/nelson-nv/fire-damage-restoration/|/service-areas/nelson-nv/mold-remediation/|/service-areas/blue-diamond-nv/reconstruction/|/service-areas/boulder-city-nv/reconstruction/|/contact/,6.30,planned
/service-areas/nelson-nv/sewage-cleanup/,service-area-service,"Sewage Cleanup and Sanitization in Nelson, NV | Desert Valley Contracting Inc ",Sewage Cleanup and Sanitization in Nelson,"24/7 sewage cleanup and sanitization in Nelson, NV. IICRC-certified, insurance billing accepted. Call (702) 633-5033.",sewage cleanup and sanitization nelson,sewage backup cleanup|raw sewage removal|septic overflow cleanup|sewer line backup|sanitization services,local_emergency,,,900,hero|og|inline-1|inline-2,service|local-business|faq|breadcrumb-list,/services/sewage-cleanup/|/service-areas/nelson-nv/|/service-areas/nelson-nv/fire-damage-restoration/|/service-areas/nelson-nv/mold-remediation/|/service-areas/blue-diamond-nv/sewage-cleanup/|/service-areas/boulder-city-nv/sewage-cleanup/|/contact/,6.30,planned
/service-areas/nelson-nv/smoke-damage-restoration/,service-area-service,"Smoke Damage Restoration in Nelson, NV | Desert Valley Contracting Inc ",Smoke Damage Restoration in Nelson,"24/7 smoke damage restoration in Nelson, NV. IICRC-certified, insurance billing accepted. Call (702) 633-5033.",smoke damage restoration nelson,smoke residue cleanup|smoke damage repair|post-fire smoke cleanup|smoke damage restoration services|wildfire smoke cleanup,local_emergency,,,900,hero|og|inline-1|inline-2,service|local-business|faq|breadcrumb-list,/services/smoke-damage-restoration/|/service-areas/nelson-nv/|/service-areas/nelson-nv/fire-damage-restoration/|/service-areas/nelson-nv/mold-remediation/|/service-areas/blue-diamond-nv/smoke-damage-restoration/|/service-areas/boulder-city-nv/smoke-damage-restoration/|/contact/,6.30,planned
/service-areas/nelson-nv/storm-damage-restoration/,service-area-service,"Storm Damage Restoration in Nelson, NV | Desert Valley Contracting Inc ",Storm Damage Restoration in Nelson,"24/7 storm damage restoration in Nelson, NV. IICRC-certified, insurance billing accepted. Call (702) 633-5033.",storm damage restoration nelson,hurricane damage cleanup|tornado damage cleanup|tree damage cleanup|storm cleanup services|severe weather damage repair,local_emergency,,,900,hero|og|inline-1|inline-2,service|local-business|faq|breadcrumb-list,/services/storm-damage-restoration/|/service-areas/nelson-nv/|/service-areas/nelson-nv/fire-damage-restoration/|/service-areas/nelson-nv/mold-remediation/|/service-areas/blue-diamond-nv/storm-damage-restoration/|/service-areas/boulder-city-nv/storm-damage-restoration/|/contact/,6.30,planned
/service-areas/pahrump-nv/commercial-restoration/,service-area-service,"Commercial Restoration in Pahrump, NV | Desert Valley Contracting Inc ",Commercial Restoration in Pahrump,"24/7 commercial restoration in Pahrump, NV. IICRC-certified, insurance billing accepted. Call (702) 633-5033.",commercial restoration pahrump,commercial water damage|commercial fire damage|business restoration|office restoration|retail restoration,local_b2b,,,900,hero|og|inline-1|inline-2,service|local-business|faq|breadcrumb-list,/services/commercial-restoration/|/service-areas/pahrump-nv/|/service-areas/pahrump-nv/fire-damage-restoration/|/service-areas/pahrump-nv/mold-remediation/|/service-areas/blue-diamond-nv/commercial-restoration/|/service-areas/boulder-city-nv/commercial-restoration/|/contact/,6.30,planned
/service-areas/pahrump-nv/emergency-plumbing/,service-area-service,"Emergency Plumbing in Pahrump, NV | Desert Valley Contracting Inc ",Emergency Plumbing in Pahrump,"24/7 emergency plumbing in Pahrump, NV. IICRC-certified, insurance billing accepted. Call (702) 633-5033.",emergency plumbing pahrump,emergency plumber|24 hour plumber|burst pipe plumber|emergency plumbing repair|24/7 plumbing,local_emergency,,,900,hero|og|inline-1|inline-2,service|local-business|faq|breadcrumb-list,/services/emergency-plumbing/|/service-areas/pahrump-nv/|/service-areas/pahrump-nv/fire-damage-restoration/|/service-areas/pahrump-nv/mold-remediation/|/service-areas/blue-diamond-nv/emergency-plumbing/|/service-areas/boulder-city-nv/emergency-plumbing/|/contact/,6.30,planned
/service-areas/pahrump-nv/flood-damage-restoration/,service-area-service,"Flood Damage Restoration in Pahrump, NV | Desert Valley Contracting Inc ",Flood Damage Restoration in Pahrump,"24/7 flood damage restoration in Pahrump, NV. IICRC-certified, insurance billing accepted. Call (702) 633-5033.",flood damage restoration pahrump,flood cleanup|flood restoration|post-flood restoration|residential flood damage|flood damage repair,local_emergency,,,900,hero|og|inline-1|inline-2,service|local-business|faq|breadcrumb-list,/services/flood-damage-restoration/|/service-areas/pahrump-nv/|/service-areas/pahrump-nv/fire-damage-restoration/|/service-areas/pahrump-nv/mold-remediation/|/service-areas/blue-diamond-nv/flood-damage-restoration/|/service-areas/boulder-city-nv/flood-damage-restoration/|/contact/,6.30,planned
/service-areas/pahrump-nv/reconstruction/,service-area-service,"Reconstruction Services in Pahrump, NV | Desert Valley Contracting Inc ",Reconstruction Services in Pahrump,"24/7 reconstruction services in Pahrump, NV. IICRC-certified, insurance billing accepted. Call (702) 633-5033.",reconstruction services pahrump,post-damage reconstruction|rebuild services|structural reconstruction|post-disaster rebuilding|fire damage reconstruction,local_commercial,,,900,hero|og|inline-1|inline-2,service|local-business|faq|breadcrumb-list,/services/reconstruction/|/service-areas/pahrump-nv/|/service-areas/pahrump-nv/fire-damage-restoration/|/service-areas/pahrump-nv/mold-remediation/|/service-areas/blue-diamond-nv/reconstruction/|/service-areas/boulder-city-nv/reconstruction/|/contact/,6.30,planned
/service-areas/pahrump-nv/sewage-cleanup/,service-area-service,"Sewage Cleanup and Sanitization in Pahrump, NV | Desert Valley Contracting Inc ",Sewage Cleanup and Sanitization in Pahrump,"24/7 sewage cleanup and sanitization in Pahrump, NV. IICRC-certified, insurance billing accepted. Call (702) 633-5033.",sewage cleanup and sanitization pahrump,sewage backup cleanup|raw sewage removal|septic overflow cleanup|sewer line backup|sanitization services,local_emergency,,,900,hero|og|inline-1|inline-2,service|local-business|faq|breadcrumb-list,/services/sewage-cleanup/|/service-areas/pahrump-nv/|/service-areas/pahrump-nv/fire-damage-restoration/|/service-areas/pahrump-nv/mold-remediation/|/service-areas/blue-diamond-nv/sewage-cleanup/|/service-areas/boulder-city-nv/sewage-cleanup/|/contact/,6.30,planned
/service-areas/pahrump-nv/smoke-damage-restoration/,service-area-service,"Smoke Damage Restoration in Pahrump, NV | Desert Valley Contracting Inc ",Smoke Damage Restoration in Pahrump,"24/7 smoke damage restoration in Pahrump, NV. IICRC-certified, insurance billing accepted. Call (702) 633-5033.",smoke damage restoration pahrump,smoke residue cleanup|smoke damage repair|post-fire smoke cleanup|smoke damage restoration services|wildfire smoke cleanup,local_emergency,,,900,hero|og|inline-1|inline-2,service|local-business|faq|breadcrumb-list,/services/smoke-damage-restoration/|/service-areas/pahrump-nv/|/service-areas/pahrump-nv/fire-damage-restoration/|/service-areas/pahrump-nv/mold-remediation/|/service-areas/blue-diamond-nv/smoke-damage-restoration/|/service-areas/boulder-city-nv/smoke-damage-restoration/|/contact/,6.30,planned
/service-areas/pahrump-nv/storm-damage-restoration/,service-area-service,"Storm Damage Restoration in Pahrump, NV | Desert Valley Contracting Inc ",Storm Damage Restoration in Pahrump,"24/7 storm damage restoration in Pahrump, NV. IICRC-certified, insurance billing accepted. Call (702) 633-5033.",storm damage restoration pahrump,hurricane damage cleanup|tornado damage cleanup|tree damage cleanup|storm cleanup services|severe weather damage repair,local_emergency,,,900,hero|og|inline-1|inline-2,service|local-business|faq|breadcrumb-list,/services/storm-damage-restoration/|/service-areas/pahrump-nv/|/service-areas/pahrump-nv/fire-damage-restoration/|/service-areas/pahrump-nv/mold-remediation/|/service-areas/blue-diamond-nv/storm-damage-restoration/|/service-areas/boulder-city-nv/storm-damage-restoration/|/contact/,6.30,planned
/service-areas/paradise-nv/commercial-restoration/,service-area-service,"Commercial Restoration in Paradise, NV | Desert Valley Contracting Inc ",Commercial Restoration in Paradise,"24/7 commercial restoration in Paradise, NV. IICRC-certified, insurance billing accepted. Call (702) 633-5033.",commercial restoration paradise,commercial water damage|commercial fire damage|business restoration|office restoration|retail restoration,local_b2b,,,900,hero|og|inline-1|inline-2,service|local-business|faq|breadcrumb-list,/services/commercial-restoration/|/service-areas/paradise-nv/|/service-areas/paradise-nv/fire-damage-restoration/|/service-areas/paradise-nv/mold-remediation/|/service-areas/blue-diamond-nv/commercial-restoration/|/service-areas/boulder-city-nv/commercial-restoration/|/contact/,6.30,planned
/service-areas/paradise-nv/emergency-plumbing/,service-area-service,"Emergency Plumbing in Paradise, NV | Desert Valley Contracting Inc ",Emergency Plumbing in Paradise,"24/7 emergency plumbing in Paradise, NV. IICRC-certified, insurance billing accepted. Call (702) 633-5033.",emergency plumbing paradise,emergency plumber|24 hour plumber|burst pipe plumber|emergency plumbing repair|24/7 plumbing,local_emergency,,,900,hero|og|inline-1|inline-2,service|local-business|faq|breadcrumb-list,/services/emergency-plumbing/|/service-areas/paradise-nv/|/service-areas/paradise-nv/fire-damage-restoration/|/service-areas/paradise-nv/mold-remediation/|/service-areas/blue-diamond-nv/emergency-plumbing/|/service-areas/boulder-city-nv/emergency-plumbing/|/contact/,6.30,planned
/service-areas/paradise-nv/flood-damage-restoration/,service-area-service,"Flood Damage Restoration in Paradise, NV | Desert Valley Contracting Inc ",Flood Damage Restoration in Paradise,"24/7 flood damage restoration in Paradise, NV. IICRC-certified, insurance billing accepted. Call (702) 633-5033.",flood damage restoration paradise,flood cleanup|flood restoration|post-flood restoration|residential flood damage|flood damage repair,local_emergency,,,900,hero|og|inline-1|inline-2,service|local-business|faq|breadcrumb-list,/services/flood-damage-restoration/|/service-areas/paradise-nv/|/service-areas/paradise-nv/fire-damage-restoration/|/service-areas/paradise-nv/mold-remediation/|/service-areas/blue-diamond-nv/flood-damage-restoration/|/service-areas/boulder-city-nv/flood-damage-restoration/|/contact/,6.30,planned
/service-areas/paradise-nv/reconstruction/,service-area-service,"Reconstruction Services in Paradise, NV | Desert Valley Contracting Inc ",Reconstruction Services in Paradise,"24/7 reconstruction services in Paradise, NV. IICRC-certified, insurance billing accepted. Call (702) 633-5033.",reconstruction services paradise,post-damage reconstruction|rebuild services|structural reconstruction|post-disaster rebuilding|fire damage reconstruction,local_commercial,,,900,hero|og|inline-1|inline-2,service|local-business|faq|breadcrumb-list,/services/reconstruction/|/service-areas/paradise-nv/|/service-areas/paradise-nv/fire-damage-restoration/|/service-areas/paradise-nv/mold-remediation/|/service-areas/blue-diamond-nv/reconstruction/|/service-areas/boulder-city-nv/reconstruction/|/contact/,6.30,planned
/service-areas/paradise-nv/sewage-cleanup/,service-area-service,"Sewage Cleanup and Sanitization in Paradise, NV | Desert Valley Contracting Inc ",Sewage Cleanup and Sanitization in Paradise,"24/7 sewage cleanup and sanitization in Paradise, NV. IICRC-certified, insurance billing accepted. Call (702) 633-5033.",sewage cleanup and sanitization paradise,sewage backup cleanup|raw sewage removal|septic overflow cleanup|sewer line backup|sanitization services,local_emergency,,,900,hero|og|inline-1|inline-2,service|local-business|faq|breadcrumb-list,/services/sewage-cleanup/|/service-areas/paradise-nv/|/service-areas/paradise-nv/fire-damage-restoration/|/service-areas/paradise-nv/mold-remediation/|/service-areas/blue-diamond-nv/sewage-cleanup/|/service-areas/boulder-city-nv/sewage-cleanup/|/contact/,6.30,planned
/service-areas/paradise-nv/smoke-damage-restoration/,service-area-service,"Smoke Damage Restoration in Paradise, NV | Desert Valley Contracting Inc ",Smoke Damage Restoration in Paradise,"24/7 smoke damage restoration in Paradise, NV. IICRC-certified, insurance billing accepted. Call (702) 633-5033.",smoke damage restoration paradise,smoke residue cleanup|smoke damage repair|post-fire smoke cleanup|smoke damage restoration services|wildfire smoke cleanup,local_emergency,,,900,hero|og|inline-1|inline-2,service|local-business|faq|breadcrumb-list,/services/smoke-damage-restoration/|/service-areas/paradise-nv/|/service-areas/paradise-nv/fire-damage-restoration/|/service-areas/paradise-nv/mold-remediation/|/service-areas/blue-diamond-nv/smoke-damage-restoration/|/service-areas/boulder-city-nv/smoke-damage-restoration/|/contact/,6.30,planned
/service-areas/paradise-nv/storm-damage-restoration/,service-area-service,"Storm Damage Restoration in Paradise, NV | Desert Valley Contracting Inc ",Storm Damage Restoration in Paradise,"24/7 storm damage restoration in Paradise, NV. IICRC-certified, insurance billing accepted. Call (702) 633-5033.",storm damage restoration paradise,hurricane damage cleanup|tornado damage cleanup|tree damage cleanup|storm cleanup services|severe weather damage repair,local_emergency,,,900,hero|og|inline-1|inline-2,service|local-business|faq|breadcrumb-list,/services/storm-damage-restoration/|/service-areas/paradise-nv/|/service-areas/paradise-nv/fire-damage-restoration/|/service-areas/paradise-nv/mold-remediation/|/service-areas/blue-diamond-nv/storm-damage-restoration/|/service-areas/boulder-city-nv/storm-damage-restoration/|/contact/,6.30,planned
/service-areas/sandy-valley-nv/commercial-restoration/,service-area-service,"Commercial Restoration in Sandy Valley, NV | Desert Valley Contracting Inc ",Commercial Restoration in Sandy Valley,"24/7 commercial restoration in Sandy Valley, NV. IICRC-certified, insurance billing accepted. Call (702) 633-5033.",commercial restoration sandy valley,commercial water damage|commercial fire damage|business restoration|office restoration|retail restoration,local_b2b,,,900,hero|og|inline-1|inline-2,service|local-business|faq|breadcrumb-list,/services/commercial-restoration/|/service-areas/sandy-valley-nv/|/service-areas/sandy-valley-nv/fire-damage-restoration/|/service-areas/sandy-valley-nv/mold-remediation/|/service-areas/blue-diamond-nv/commercial-restoration/|/service-areas/boulder-city-nv/commercial-restoration/|/contact/,6.30,planned
/service-areas/sandy-valley-nv/emergency-plumbing/,service-area-service,"Emergency Plumbing in Sandy Valley, NV | Desert Valley Contracting Inc ",Emergency Plumbing in Sandy Valley,"24/7 emergency plumbing in Sandy Valley, NV. IICRC-certified, insurance billing accepted. Call (702) 633-5033.",emergency plumbing sandy valley,emergency plumber|24 hour plumber|burst pipe plumber|emergency plumbing repair|24/7 plumbing,local_emergency,,,900,hero|og|inline-1|inline-2,service|local-business|faq|breadcrumb-list,/services/emergency-plumbing/|/service-areas/sandy-valley-nv/|/service-areas/sandy-valley-nv/fire-damage-restoration/|/service-areas/sandy-valley-nv/mold-remediation/|/service-areas/blue-diamond-nv/emergency-plumbing/|/service-areas/boulder-city-nv/emergency-plumbing/|/contact/,6.30,planned
/service-areas/sandy-valley-nv/flood-damage-restoration/,service-area-service,"Flood Damage Restoration in Sandy Valley, NV | Desert Valley Contracting Inc ",Flood Damage Restoration in Sandy Valley,"24/7 flood damage restoration in Sandy Valley, NV. IICRC-certified, insurance billing accepted. Call (702) 633-5033.",flood damage restoration sandy valley,flood cleanup|flood restoration|post-flood restoration|residential flood damage|flood damage repair,local_emergency,,,900,hero|og|inline-1|inline-2,service|local-business|faq|breadcrumb-list,/services/flood-damage-restoration/|/service-areas/sandy-valley-nv/|/service-areas/sandy-valley-nv/fire-damage-restoration/|/service-areas/sandy-valley-nv/mold-remediation/|/service-areas/blue-diamond-nv/flood-damage-restoration/|/service-areas/boulder-city-nv/flood-damage-restoration/|/contact/,6.30,planned
/service-areas/sandy-valley-nv/reconstruction/,service-area-service,"Reconstruction Services in Sandy Valley, NV | Desert Valley Contracting Inc ",Reconstruction Services in Sandy Valley,"24/7 reconstruction services in Sandy Valley, NV. IICRC-certified, insurance billing accepted. Call (702) 633-5033.",reconstruction services sandy valley,post-damage reconstruction|rebuild services|structural reconstruction|post-disaster rebuilding|fire damage reconstruction,local_commercial,,,900,hero|og|inline-1|inline-2,service|local-business|faq|breadcrumb-list,/services/reconstruction/|/service-areas/sandy-valley-nv/|/service-areas/sandy-valley-nv/fire-damage-restoration/|/service-areas/sandy-valley-nv/mold-remediation/|/service-areas/blue-diamond-nv/reconstruction/|/service-areas/boulder-city-nv/reconstruction/|/contact/,6.30,planned
/service-areas/sandy-valley-nv/sewage-cleanup/,service-area-service,"Sewage Cleanup and Sanitization in Sandy Valley, NV | Desert Valley Contracting Inc ",Sewage Cleanup and Sanitization in Sandy Valley,"24/7 sewage cleanup and sanitization in Sandy Valley, NV. IICRC-certified, insurance billing accepted. Call (702) 633-5033.",sewage cleanup and sanitization sandy valley,sewage backup cleanup|raw sewage removal|septic overflow cleanup|sewer line backup|sanitization services,local_emergency,,,900,hero|og|inline-1|inline-2,service|local-business|faq|breadcrumb-list,/services/sewage-cleanup/|/service-areas/sandy-valley-nv/|/service-areas/sandy-valley-nv/fire-damage-restoration/|/service-areas/sandy-valley-nv/mold-remediation/|/service-areas/blue-diamond-nv/sewage-cleanup/|/service-areas/boulder-city-nv/sewage-cleanup/|/contact/,6.30,planned
/service-areas/sandy-valley-nv/smoke-damage-restoration/,service-area-service,"Smoke Damage Restoration in Sandy Valley, NV | Desert Valley Contracting Inc ",Smoke Damage Restoration in Sandy Valley,"24/7 smoke damage restoration in Sandy Valley, NV. IICRC-certified, insurance billing accepted. Call (702) 633-5033.",smoke damage restoration sandy valley,smoke residue cleanup|smoke damage repair|post-fire smoke cleanup|smoke damage restoration services|wildfire smoke cleanup,local_emergency,,,900,hero|og|inline-1|inline-2,service|local-business|faq|breadcrumb-list,/services/smoke-damage-restoration/|/service-areas/sandy-valley-nv/|/service-areas/sandy-valley-nv/fire-damage-restoration/|/service-areas/sandy-valley-nv/mold-remediation/|/service-areas/blue-diamond-nv/smoke-damage-restoration/|/service-areas/boulder-city-nv/smoke-damage-restoration/|/contact/,6.30,planned
/service-areas/sandy-valley-nv/storm-damage-restoration/,service-area-service,"Storm Damage Restoration in Sandy Valley, NV | Desert Valley Contracting Inc ",Storm Damage Restoration in Sandy Valley,"24/7 storm damage restoration in Sandy Valley, NV. IICRC-certified, insurance billing accepted. Call (702) 633-5033.",storm damage restoration sandy valley,hurricane damage cleanup|tornado damage cleanup|tree damage cleanup|storm cleanup services|severe weather damage repair,local_emergency,,,900,hero|og|inline-1|inline-2,service|local-business|faq|breadcrumb-list,/services/storm-damage-restoration/|/service-areas/sandy-valley-nv/|/service-areas/sandy-valley-nv/fire-damage-restoration/|/service-areas/sandy-valley-nv/mold-remediation/|/service-areas/blue-diamond-nv/storm-damage-restoration/|/service-areas/boulder-city-nv/storm-damage-restoration/|/contact/,6.30,planned
/service-areas/searchlight-nv/commercial-restoration/,service-area-service,"Commercial Restoration in Searchlight, NV | Desert Valley Contracting Inc ",Commercial Restoration in Searchlight,"24/7 commercial restoration in Searchlight, NV. IICRC-certified, insurance billing accepted. Call (702) 633-5033.",commercial restoration searchlight,commercial water damage|commercial fire damage|business restoration|office restoration|retail restoration,local_b2b,,,900,hero|og|inline-1|inline-2,service|local-business|faq|breadcrumb-list,/services/commercial-restoration/|/service-areas/searchlight-nv/|/service-areas/searchlight-nv/fire-damage-restoration/|/service-areas/searchlight-nv/mold-remediation/|/service-areas/blue-diamond-nv/commercial-restoration/|/service-areas/boulder-city-nv/commercial-restoration/|/contact/,6.30,planned
/service-areas/searchlight-nv/emergency-plumbing/,service-area-service,"Emergency Plumbing in Searchlight, NV | Desert Valley Contracting Inc ",Emergency Plumbing in Searchlight,"24/7 emergency plumbing in Searchlight, NV. IICRC-certified, insurance billing accepted. Call (702) 633-5033.",emergency plumbing searchlight,emergency plumber|24 hour plumber|burst pipe plumber|emergency plumbing repair|24/7 plumbing,local_emergency,,,900,hero|og|inline-1|inline-2,service|local-business|faq|breadcrumb-list,/services/emergency-plumbing/|/service-areas/searchlight-nv/|/service-areas/searchlight-nv/fire-damage-restoration/|/service-areas/searchlight-nv/mold-remediation/|/service-areas/blue-diamond-nv/emergency-plumbing/|/service-areas/boulder-city-nv/emergency-plumbing/|/contact/,6.30,planned
/service-areas/searchlight-nv/flood-damage-restoration/,service-area-service,"Flood Damage Restoration in Searchlight, NV | Desert Valley Contracting Inc ",Flood Damage Restoration in Searchlight,"24/7 flood damage restoration in Searchlight, NV. IICRC-certified, insurance billing accepted. Call (702) 633-5033.",flood damage restoration searchlight,flood cleanup|flood restoration|post-flood restoration|residential flood damage|flood damage repair,local_emergency,,,900,hero|og|inline-1|inline-2,service|local-business|faq|breadcrumb-list,/services/flood-damage-restoration/|/service-areas/searchlight-nv/|/service-areas/searchlight-nv/fire-damage-restoration/|/service-areas/searchlight-nv/mold-remediation/|/service-areas/blue-diamond-nv/flood-damage-restoration/|/service-areas/boulder-city-nv/flood-damage-restoration/|/contact/,6.30,planned
/service-areas/searchlight-nv/reconstruction/,service-area-service,"Reconstruction Services in Searchlight, NV | Desert Valley Contracting Inc ",Reconstruction Services in Searchlight,"24/7 reconstruction services in Searchlight, NV. IICRC-certified, insurance billing accepted. Call (702) 633-5033.",reconstruction services searchlight,post-damage reconstruction|rebuild services|structural reconstruction|post-disaster rebuilding|fire damage reconstruction,local_commercial,,,900,hero|og|inline-1|inline-2,service|local-business|faq|breadcrumb-list,/services/reconstruction/|/service-areas/searchlight-nv/|/service-areas/searchlight-nv/fire-damage-restoration/|/service-areas/searchlight-nv/mold-remediation/|/service-areas/blue-diamond-nv/reconstruction/|/service-areas/boulder-city-nv/reconstruction/|/contact/,6.30,planned
/service-areas/searchlight-nv/sewage-cleanup/,service-area-service,"Sewage Cleanup and Sanitization in Searchlight, NV | Desert Valley Contracting Inc ",Sewage Cleanup and Sanitization in Searchlight,"24/7 sewage cleanup and sanitization in Searchlight, NV. IICRC-certified, insurance billing accepted. Call (702) 633-5033.",sewage cleanup and sanitization searchlight,sewage backup cleanup|raw sewage removal|septic overflow cleanup|sewer line backup|sanitization services,local_emergency,,,900,hero|og|inline-1|inline-2,service|local-business|faq|breadcrumb-list,/services/sewage-cleanup/|/service-areas/searchlight-nv/|/service-areas/searchlight-nv/fire-damage-restoration/|/service-areas/searchlight-nv/mold-remediation/|/service-areas/blue-diamond-nv/sewage-cleanup/|/service-areas/boulder-city-nv/sewage-cleanup/|/contact/,6.30,planned
/service-areas/searchlight-nv/smoke-damage-restoration/,service-area-service,"Smoke Damage Restoration in Searchlight, NV | Desert Valley Contracting Inc ",Smoke Damage Restoration in Searchlight,"24/7 smoke damage restoration in Searchlight, NV. IICRC-certified, insurance billing accepted. Call (702) 633-5033.",smoke damage restoration searchlight,smoke residue cleanup|smoke damage repair|post-fire smoke cleanup|smoke damage restoration services|wildfire smoke cleanup,local_emergency,,,900,hero|og|inline-1|inline-2,service|local-business|faq|breadcrumb-list,/services/smoke-damage-restoration/|/service-areas/searchlight-nv/|/service-areas/searchlight-nv/fire-damage-restoration/|/service-areas/searchlight-nv/mold-remediation/|/service-areas/blue-diamond-nv/smoke-damage-restoration/|/service-areas/boulder-city-nv/smoke-damage-restoration/|/contact/,6.30,planned
/service-areas/searchlight-nv/storm-damage-restoration/,service-area-service,"Storm Damage Restoration in Searchlight, NV | Desert Valley Contracting Inc ",Storm Damage Restoration in Searchlight,"24/7 storm damage restoration in Searchlight, NV. IICRC-certified, insurance billing accepted. Call (702) 633-5033.",storm damage restoration searchlight,hurricane damage cleanup|tornado damage cleanup|tree damage cleanup|storm cleanup services|severe weather damage repair,local_emergency,,,900,hero|og|inline-1|inline-2,service|local-business|faq|breadcrumb-list,/services/storm-damage-restoration/|/service-areas/searchlight-nv/|/service-areas/searchlight-nv/fire-damage-restoration/|/service-areas/searchlight-nv/mold-remediation/|/service-areas/blue-diamond-nv/storm-damage-restoration/|/service-areas/boulder-city-nv/storm-damage-restoration/|/contact/,6.30,planned
/service-areas/spring-valley-nv/commercial-restoration/,service-area-service,"Commercial Restoration in Spring Valley, NV | Desert Valley Contracting Inc ",Commercial Restoration in Spring Valley,"24/7 commercial restoration in Spring Valley, NV. IICRC-certified, insurance billing accepted. Call (702) 633-5033.",commercial restoration spring valley,commercial water damage|commercial fire damage|business restoration|office restoration|retail restoration,local_b2b,,,900,hero|og|inline-1|inline-2,service|local-business|faq|breadcrumb-list,/services/commercial-restoration/|/service-areas/spring-valley-nv/|/service-areas/spring-valley-nv/fire-damage-restoration/|/service-areas/spring-valley-nv/mold-remediation/|/service-areas/blue-diamond-nv/commercial-restoration/|/service-areas/boulder-city-nv/commercial-restoration/|/contact/,6.30,planned
/service-areas/spring-valley-nv/emergency-plumbing/,service-area-service,"Emergency Plumbing in Spring Valley, NV | Desert Valley Contracting Inc ",Emergency Plumbing in Spring Valley,"24/7 emergency plumbing in Spring Valley, NV. IICRC-certified, insurance billing accepted. Call (702) 633-5033.",emergency plumbing spring valley,emergency plumber|24 hour plumber|burst pipe plumber|emergency plumbing repair|24/7 plumbing,local_emergency,,,900,hero|og|inline-1|inline-2,service|local-business|faq|breadcrumb-list,/services/emergency-plumbing/|/service-areas/spring-valley-nv/|/service-areas/spring-valley-nv/fire-damage-restoration/|/service-areas/spring-valley-nv/mold-remediation/|/service-areas/blue-diamond-nv/emergency-plumbing/|/service-areas/boulder-city-nv/emergency-plumbing/|/contact/,6.30,planned
/service-areas/spring-valley-nv/flood-damage-restoration/,service-area-service,"Flood Damage Restoration in Spring Valley, NV | Desert Valley Contracting Inc ",Flood Damage Restoration in Spring Valley,"24/7 flood damage restoration in Spring Valley, NV. IICRC-certified, insurance billing accepted. Call (702) 633-5033.",flood damage restoration spring valley,flood cleanup|flood restoration|post-flood restoration|residential flood damage|flood damage repair,local_emergency,,,900,hero|og|inline-1|inline-2,service|local-business|faq|breadcrumb-list,/services/flood-damage-restoration/|/service-areas/spring-valley-nv/|/service-areas/spring-valley-nv/fire-damage-restoration/|/service-areas/spring-valley-nv/mold-remediation/|/service-areas/blue-diamond-nv/flood-damage-restoration/|/service-areas/boulder-city-nv/flood-damage-restoration/|/contact/,6.30,planned
/service-areas/spring-valley-nv/reconstruction/,service-area-service,"Reconstruction Services in Spring Valley, NV | Desert Valley Contracting Inc ",Reconstruction Services in Spring Valley,"24/7 reconstruction services in Spring Valley, NV. IICRC-certified, insurance billing accepted. Call (702) 633-5033.",reconstruction services spring valley,post-damage reconstruction|rebuild services|structural reconstruction|post-disaster rebuilding|fire damage reconstruction,local_commercial,,,900,hero|og|inline-1|inline-2,service|local-business|faq|breadcrumb-list,/services/reconstruction/|/service-areas/spring-valley-nv/|/service-areas/spring-valley-nv/fire-damage-restoration/|/service-areas/spring-valley-nv/mold-remediation/|/service-areas/blue-diamond-nv/reconstruction/|/service-areas/boulder-city-nv/reconstruction/|/contact/,6.30,planned
/service-areas/spring-valley-nv/sewage-cleanup/,service-area-service,"Sewage Cleanup and Sanitization in Spring Valley, NV | Desert Valley Contracting Inc ",Sewage Cleanup and Sanitization in Spring Valley,"24/7 sewage cleanup and sanitization in Spring Valley, NV. IICRC-certified, insurance billing accepted. Call (702) 633-5033.",sewage cleanup and sanitization spring valley,sewage backup cleanup|raw sewage removal|septic overflow cleanup|sewer line backup|sanitization services,local_emergency,,,900,hero|og|inline-1|inline-2,service|local-business|faq|breadcrumb-list,/services/sewage-cleanup/|/service-areas/spring-valley-nv/|/service-areas/spring-valley-nv/fire-damage-restoration/|/service-areas/spring-valley-nv/mold-remediation/|/service-areas/blue-diamond-nv/sewage-cleanup/|/service-areas/boulder-city-nv/sewage-cleanup/|/contact/,6.30,planned
/service-areas/spring-valley-nv/smoke-damage-restoration/,service-area-service,"Smoke Damage Restoration in Spring Valley, NV | Desert Valley Contracting Inc ",Smoke Damage Restoration in Spring Valley,"24/7 smoke damage restoration in Spring Valley, NV. IICRC-certified, insurance billing accepted. Call (702) 633-5033.",smoke damage restoration spring valley,smoke residue cleanup|smoke damage repair|post-fire smoke cleanup|smoke damage restoration services|wildfire smoke cleanup,local_emergency,,,900,hero|og|inline-1|inline-2,service|local-business|faq|breadcrumb-list,/services/smoke-damage-restoration/|/service-areas/spring-valley-nv/|/service-areas/spring-valley-nv/fire-damage-restoration/|/service-areas/spring-valley-nv/mold-remediation/|/service-areas/blue-diamond-nv/smoke-damage-restoration/|/service-areas/boulder-city-nv/smoke-damage-restoration/|/contact/,6.30,planned
/service-areas/spring-valley-nv/storm-damage-restoration/,service-area-service,"Storm Damage Restoration in Spring Valley, NV | Desert Valley Contracting Inc ",Storm Damage Restoration in Spring Valley,"24/7 storm damage restoration in Spring Valley, NV. IICRC-certified, insurance billing accepted. Call (702) 633-5033.",storm damage restoration spring valley,hurricane damage cleanup|tornado damage cleanup|tree damage cleanup|storm cleanup services|severe weather damage repair,local_emergency,,,900,hero|og|inline-1|inline-2,service|local-business|faq|breadcrumb-list,/services/storm-damage-restoration/|/service-areas/spring-valley-nv/|/service-areas/spring-valley-nv/fire-damage-restoration/|/service-areas/spring-valley-nv/mold-remediation/|/service-areas/blue-diamond-nv/storm-damage-restoration/|/service-areas/boulder-city-nv/storm-damage-restoration/|/contact/,6.30,planned
/service-areas/summerlin-nv/commercial-restoration/,service-area-service,"Commercial Restoration in Summerlin, NV | Desert Valley Contracting Inc ",Commercial Restoration in Summerlin,"24/7 commercial restoration in Summerlin, NV. IICRC-certified, insurance billing accepted. Call (702) 633-5033.",commercial restoration summerlin,commercial water damage|commercial fire damage|business restoration|office restoration|retail restoration,local_b2b,,,900,hero|og|inline-1|inline-2,service|local-business|faq|breadcrumb-list,/services/commercial-restoration/|/service-areas/summerlin-nv/|/service-areas/summerlin-nv/fire-damage-restoration/|/service-areas/summerlin-nv/mold-remediation/|/service-areas/blue-diamond-nv/commercial-restoration/|/service-areas/boulder-city-nv/commercial-restoration/|/contact/,6.30,planned
/service-areas/summerlin-nv/emergency-plumbing/,service-area-service,"Emergency Plumbing in Summerlin, NV | Desert Valley Contracting Inc ",Emergency Plumbing in Summerlin,"24/7 emergency plumbing in Summerlin, NV. IICRC-certified, insurance billing accepted. Call (702) 633-5033.",emergency plumbing summerlin,emergency plumber|24 hour plumber|burst pipe plumber|emergency plumbing repair|24/7 plumbing,local_emergency,,,900,hero|og|inline-1|inline-2,service|local-business|faq|breadcrumb-list,/services/emergency-plumbing/|/service-areas/summerlin-nv/|/service-areas/summerlin-nv/fire-damage-restoration/|/service-areas/summerlin-nv/mold-remediation/|/service-areas/blue-diamond-nv/emergency-plumbing/|/service-areas/boulder-city-nv/emergency-plumbing/|/contact/,6.30,planned
/service-areas/summerlin-nv/flood-damage-restoration/,service-area-service,"Flood Damage Restoration in Summerlin, NV | Desert Valley Contracting Inc ",Flood Damage Restoration in Summerlin,"24/7 flood damage restoration in Summerlin, NV. IICRC-certified, insurance billing accepted. Call (702) 633-5033.",flood damage restoration summerlin,flood cleanup|flood restoration|post-flood restoration|residential flood damage|flood damage repair,local_emergency,,,900,hero|og|inline-1|inline-2,service|local-business|faq|breadcrumb-list,/services/flood-damage-restoration/|/service-areas/summerlin-nv/|/service-areas/summerlin-nv/fire-damage-restoration/|/service-areas/summerlin-nv/mold-remediation/|/service-areas/blue-diamond-nv/flood-damage-restoration/|/service-areas/boulder-city-nv/flood-damage-restoration/|/contact/,6.30,planned
/service-areas/summerlin-nv/reconstruction/,service-area-service,"Reconstruction Services in Summerlin, NV | Desert Valley Contracting Inc ",Reconstruction Services in Summerlin,"24/7 reconstruction services in Summerlin, NV. IICRC-certified, insurance billing accepted. Call (702) 633-5033.",reconstruction services summerlin,post-damage reconstruction|rebuild services|structural reconstruction|post-disaster rebuilding|fire damage reconstruction,local_commercial,,,900,hero|og|inline-1|inline-2,service|local-business|faq|breadcrumb-list,/services/reconstruction/|/service-areas/summerlin-nv/|/service-areas/summerlin-nv/fire-damage-restoration/|/service-areas/summerlin-nv/mold-remediation/|/service-areas/blue-diamond-nv/reconstruction/|/service-areas/boulder-city-nv/reconstruction/|/contact/,6.30,planned
/service-areas/summerlin-nv/sewage-cleanup/,service-area-service,"Sewage Cleanup and Sanitization in Summerlin, NV | Desert Valley Contracting Inc ",Sewage Cleanup and Sanitization in Summerlin,"24/7 sewage cleanup and sanitization in Summerlin, NV. IICRC-certified, insurance billing accepted. Call (702) 633-5033.",sewage cleanup and sanitization summerlin,sewage backup cleanup|raw sewage removal|septic overflow cleanup|sewer line backup|sanitization services,local_emergency,,,900,hero|og|inline-1|inline-2,service|local-business|faq|breadcrumb-list,/services/sewage-cleanup/|/service-areas/summerlin-nv/|/service-areas/summerlin-nv/fire-damage-restoration/|/service-areas/summerlin-nv/mold-remediation/|/service-areas/blue-diamond-nv/sewage-cleanup/|/service-areas/boulder-city-nv/sewage-cleanup/|/contact/,6.30,planned
/service-areas/summerlin-nv/smoke-damage-restoration/,service-area-service,"Smoke Damage Restoration in Summerlin, NV | Desert Valley Contracting Inc ",Smoke Damage Restoration in Summerlin,"24/7 smoke damage restoration in Summerlin, NV. IICRC-certified, insurance billing accepted. Call (702) 633-5033.",smoke damage restoration summerlin,smoke residue cleanup|smoke damage repair|post-fire smoke cleanup|smoke damage restoration services|wildfire smoke cleanup,local_emergency,,,900,hero|og|inline-1|inline-2,service|local-business|faq|breadcrumb-list,/services/smoke-damage-restoration/|/service-areas/summerlin-nv/|/service-areas/summerlin-nv/fire-damage-restoration/|/service-areas/summerlin-nv/mold-remediation/|/service-areas/blue-diamond-nv/smoke-damage-restoration/|/service-areas/boulder-city-nv/smoke-damage-restoration/|/contact/,6.30,planned
/service-areas/summerlin-nv/storm-damage-restoration/,service-area-service,"Storm Damage Restoration in Summerlin, NV | Desert Valley Contracting Inc ",Storm Damage Restoration in Summerlin,"24/7 storm damage restoration in Summerlin, NV. IICRC-certified, insurance billing accepted. Call (702) 633-5033.",storm damage restoration summerlin,hurricane damage cleanup|tornado damage cleanup|tree damage cleanup|storm cleanup services|severe weather damage repair,local_emergency,,,900,hero|og|inline-1|inline-2,service|local-business|faq|breadcrumb-list,/services/storm-damage-restoration/|/service-areas/summerlin-nv/|/service-areas/summerlin-nv/fire-damage-restoration/|/service-areas/summerlin-nv/mold-remediation/|/service-areas/blue-diamond-nv/storm-damage-restoration/|/service-areas/boulder-city-nv/storm-damage-restoration/|/contact/,6.30,planned
/service-areas/summerlin-south-nv/commercial-restoration/,service-area-service,"Commercial Restoration in Summerlin South, NV | Desert Valley Contracting Inc ",Commercial Restoration in Summerlin South,"24/7 commercial restoration in Summerlin South, NV. IICRC-certified, insurance billing accepted. Call (702) 633-5033.",commercial restoration summerlin south,commercial water damage|commercial fire damage|business restoration|office restoration|retail restoration,local_b2b,,,900,hero|og|inline-1|inline-2,service|local-business|faq|breadcrumb-list,/services/commercial-restoration/|/service-areas/summerlin-south-nv/|/service-areas/summerlin-south-nv/fire-damage-restoration/|/service-areas/summerlin-south-nv/mold-remediation/|/service-areas/blue-diamond-nv/commercial-restoration/|/service-areas/boulder-city-nv/commercial-restoration/|/contact/,6.30,planned
/service-areas/summerlin-south-nv/emergency-plumbing/,service-area-service,"Emergency Plumbing in Summerlin South, NV | Desert Valley Contracting Inc ",Emergency Plumbing in Summerlin South,"24/7 emergency plumbing in Summerlin South, NV. IICRC-certified, insurance billing accepted. Call (702) 633-5033.",emergency plumbing summerlin south,emergency plumber|24 hour plumber|burst pipe plumber|emergency plumbing repair|24/7 plumbing,local_emergency,,,900,hero|og|inline-1|inline-2,service|local-business|faq|breadcrumb-list,/services/emergency-plumbing/|/service-areas/summerlin-south-nv/|/service-areas/summerlin-south-nv/fire-damage-restoration/|/service-areas/summerlin-south-nv/mold-remediation/|/service-areas/blue-diamond-nv/emergency-plumbing/|/service-areas/boulder-city-nv/emergency-plumbing/|/contact/,6.30,planned
/service-areas/summerlin-south-nv/flood-damage-restoration/,service-area-service,"Flood Damage Restoration in Summerlin South, NV | Desert Valley Contracting Inc ",Flood Damage Restoration in Summerlin South,"24/7 flood damage restoration in Summerlin South, NV. IICRC-certified, insurance billing accepted. Call (702) 633-5033.",flood damage restoration summerlin south,flood cleanup|flood restoration|post-flood restoration|residential flood damage|flood damage repair,local_emergency,,,900,hero|og|inline-1|inline-2,service|local-business|faq|breadcrumb-list,/services/flood-damage-restoration/|/service-areas/summerlin-south-nv/|/service-areas/summerlin-south-nv/fire-damage-restoration/|/service-areas/summerlin-south-nv/mold-remediation/|/service-areas/blue-diamond-nv/flood-damage-restoration/|/service-areas/boulder-city-nv/flood-damage-restoration/|/contact/,6.30,planned
/service-areas/summerlin-south-nv/reconstruction/,service-area-service,"Reconstruction Services in Summerlin South, NV | Desert Valley Contracting Inc ",Reconstruction Services in Summerlin South,"24/7 reconstruction services in Summerlin South, NV. IICRC-certified, insurance billing accepted. Call (702) 633-5033.",reconstruction services summerlin south,post-damage reconstruction|rebuild services|structural reconstruction|post-disaster rebuilding|fire damage reconstruction,local_commercial,,,900,hero|og|inline-1|inline-2,service|local-business|faq|breadcrumb-list,/services/reconstruction/|/service-areas/summerlin-south-nv/|/service-areas/summerlin-south-nv/fire-damage-restoration/|/service-areas/summerlin-south-nv/mold-remediation/|/service-areas/blue-diamond-nv/reconstruction/|/service-areas/boulder-city-nv/reconstruction/|/contact/,6.30,planned
/service-areas/summerlin-south-nv/sewage-cleanup/,service-area-service,"Sewage Cleanup and Sanitization in Summerlin South, NV | Desert Valley Contracting Inc ",Sewage Cleanup and Sanitization in Summerlin South,"24/7 sewage cleanup and sanitization in Summerlin South, NV. IICRC-certified, insurance billing accepted. Call (702) 633-5033.",sewage cleanup and sanitization summerlin south,sewage backup cleanup|raw sewage removal|septic overflow cleanup|sewer line backup|sanitization services,local_emergency,,,900,hero|og|inline-1|inline-2,service|local-business|faq|breadcrumb-list,/services/sewage-cleanup/|/service-areas/summerlin-south-nv/|/service-areas/summerlin-south-nv/fire-damage-restoration/|/service-areas/summerlin-south-nv/mold-remediation/|/service-areas/blue-diamond-nv/sewage-cleanup/|/service-areas/boulder-city-nv/sewage-cleanup/|/contact/,6.30,planned
/service-areas/summerlin-south-nv/smoke-damage-restoration/,service-area-service,"Smoke Damage Restoration in Summerlin South, NV | Desert Valley Contracting Inc ",Smoke Damage Restoration in Summerlin South,"24/7 smoke damage restoration in Summerlin South, NV. IICRC-certified, insurance billing accepted. Call (702) 633-5033.",smoke damage restoration summerlin south,smoke residue cleanup|smoke damage repair|post-fire smoke cleanup|smoke damage restoration services|wildfire smoke cleanup,local_emergency,,,900,hero|og|inline-1|inline-2,service|local-business|faq|breadcrumb-list,/services/smoke-damage-restoration/|/service-areas/summerlin-south-nv/|/service-areas/summerlin-south-nv/fire-damage-restoration/|/service-areas/summerlin-south-nv/mold-remediation/|/service-areas/blue-diamond-nv/smoke-damage-restoration/|/service-areas/boulder-city-nv/smoke-damage-restoration/|/contact/,6.30,planned
/service-areas/summerlin-south-nv/storm-damage-restoration/,service-area-service,"Storm Damage Restoration in Summerlin South, NV | Desert Valley Contracting Inc ",Storm Damage Restoration in Summerlin South,"24/7 storm damage restoration in Summerlin South, NV. IICRC-certified, insurance billing accepted. Call (702) 633-5033.",storm damage restoration summerlin south,hurricane damage cleanup|tornado damage cleanup|tree damage cleanup|storm cleanup services|severe weather damage repair,local_emergency,,,900,hero|og|inline-1|inline-2,service|local-business|faq|breadcrumb-list,/services/storm-damage-restoration/|/service-areas/summerlin-south-nv/|/service-areas/summerlin-south-nv/fire-damage-restoration/|/service-areas/summerlin-south-nv/mold-remediation/|/service-areas/blue-diamond-nv/storm-damage-restoration/|/service-areas/boulder-city-nv/storm-damage-restoration/|/contact/,6.30,planned
/service-areas/sunrise-manor-nv/commercial-restoration/,service-area-service,"Commercial Restoration in Sunrise Manor, NV | Desert Valley Contracting Inc ",Commercial Restoration in Sunrise Manor,"24/7 commercial restoration in Sunrise Manor, NV. IICRC-certified, insurance billing accepted. Call (702) 633-5033.",commercial restoration sunrise manor,commercial water damage|commercial fire damage|business restoration|office restoration|retail restoration,local_b2b,,,900,hero|og|inline-1|inline-2,service|local-business|faq|breadcrumb-list,/services/commercial-restoration/|/service-areas/sunrise-manor-nv/|/service-areas/sunrise-manor-nv/fire-damage-restoration/|/service-areas/sunrise-manor-nv/mold-remediation/|/service-areas/blue-diamond-nv/commercial-restoration/|/service-areas/boulder-city-nv/commercial-restoration/|/contact/,6.30,planned
/service-areas/sunrise-manor-nv/emergency-plumbing/,service-area-service,"Emergency Plumbing in Sunrise Manor, NV | Desert Valley Contracting Inc ",Emergency Plumbing in Sunrise Manor,"24/7 emergency plumbing in Sunrise Manor, NV. IICRC-certified, insurance billing accepted. Call (702) 633-5033.",emergency plumbing sunrise manor,emergency plumber|24 hour plumber|burst pipe plumber|emergency plumbing repair|24/7 plumbing,local_emergency,,,900,hero|og|inline-1|inline-2,service|local-business|faq|breadcrumb-list,/services/emergency-plumbing/|/service-areas/sunrise-manor-nv/|/service-areas/sunrise-manor-nv/fire-damage-restoration/|/service-areas/sunrise-manor-nv/mold-remediation/|/service-areas/blue-diamond-nv/emergency-plumbing/|/service-areas/boulder-city-nv/emergency-plumbing/|/contact/,6.30,planned
/service-areas/sunrise-manor-nv/flood-damage-restoration/,service-area-service,"Flood Damage Restoration in Sunrise Manor, NV | Desert Valley Contracting Inc ",Flood Damage Restoration in Sunrise Manor,"24/7 flood damage restoration in Sunrise Manor, NV. IICRC-certified, insurance billing accepted. Call (702) 633-5033.",flood damage restoration sunrise manor,flood cleanup|flood restoration|post-flood restoration|residential flood damage|flood damage repair,local_emergency,,,900,hero|og|inline-1|inline-2,service|local-business|faq|breadcrumb-list,/services/flood-damage-restoration/|/service-areas/sunrise-manor-nv/|/service-areas/sunrise-manor-nv/fire-damage-restoration/|/service-areas/sunrise-manor-nv/mold-remediation/|/service-areas/blue-diamond-nv/flood-damage-restoration/|/service-areas/boulder-city-nv/flood-damage-restoration/|/contact/,6.30,planned
/service-areas/sunrise-manor-nv/reconstruction/,service-area-service,"Reconstruction Services in Sunrise Manor, NV | Desert Valley Contracting Inc ",Reconstruction Services in Sunrise Manor,"24/7 reconstruction services in Sunrise Manor, NV. IICRC-certified, insurance billing accepted. Call (702) 633-5033.",reconstruction services sunrise manor,post-damage reconstruction|rebuild services|structural reconstruction|post-disaster rebuilding|fire damage reconstruction,local_commercial,,,900,hero|og|inline-1|inline-2,service|local-business|faq|breadcrumb-list,/services/reconstruction/|/service-areas/sunrise-manor-nv/|/service-areas/sunrise-manor-nv/fire-damage-restoration/|/service-areas/sunrise-manor-nv/mold-remediation/|/service-areas/blue-diamond-nv/reconstruction/|/service-areas/boulder-city-nv/reconstruction/|/contact/,6.30,planned
/service-areas/sunrise-manor-nv/sewage-cleanup/,service-area-service,"Sewage Cleanup and Sanitization in Sunrise Manor, NV | Desert Valley Contracting Inc ",Sewage Cleanup and Sanitization in Sunrise Manor,"24/7 sewage cleanup and sanitization in Sunrise Manor, NV. IICRC-certified, insurance billing accepted. Call (702) 633-5033.",sewage cleanup and sanitization sunrise manor,sewage backup cleanup|raw sewage removal|septic overflow cleanup|sewer line backup|sanitization services,local_emergency,,,900,hero|og|inline-1|inline-2,service|local-business|faq|breadcrumb-list,/services/sewage-cleanup/|/service-areas/sunrise-manor-nv/|/service-areas/sunrise-manor-nv/fire-damage-restoration/|/service-areas/sunrise-manor-nv/mold-remediation/|/service-areas/blue-diamond-nv/sewage-cleanup/|/service-areas/boulder-city-nv/sewage-cleanup/|/contact/,6.30,planned
/service-areas/sunrise-manor-nv/smoke-damage-restoration/,service-area-service,"Smoke Damage Restoration in Sunrise Manor, NV | Desert Valley Contracting Inc ",Smoke Damage Restoration in Sunrise Manor,"24/7 smoke damage restoration in Sunrise Manor, NV. IICRC-certified, insurance billing accepted. Call (702) 633-5033.",smoke damage restoration sunrise manor,smoke residue cleanup|smoke damage repair|post-fire smoke cleanup|smoke damage restoration services|wildfire smoke cleanup,local_emergency,,,900,hero|og|inline-1|inline-2,service|local-business|faq|breadcrumb-list,/services/smoke-damage-restoration/|/service-areas/sunrise-manor-nv/|/service-areas/sunrise-manor-nv/fire-damage-restoration/|/service-areas/sunrise-manor-nv/mold-remediation/|/service-areas/blue-diamond-nv/smoke-damage-restoration/|/service-areas/boulder-city-nv/smoke-damage-restoration/|/contact/,6.30,planned
/service-areas/sunrise-manor-nv/storm-damage-restoration/,service-area-service,"Storm Damage Restoration in Sunrise Manor, NV | Desert Valley Contracting Inc ",Storm Damage Restoration in Sunrise Manor,"24/7 storm damage restoration in Sunrise Manor, NV. IICRC-certified, insurance billing accepted. Call (702) 633-5033.",storm damage restoration sunrise manor,hurricane damage cleanup|tornado damage cleanup|tree damage cleanup|storm cleanup services|severe weather damage repair,local_emergency,,,900,hero|og|inline-1|inline-2,service|local-business|faq|breadcrumb-list,/services/storm-damage-restoration/|/service-areas/sunrise-manor-nv/|/service-areas/sunrise-manor-nv/fire-damage-restoration/|/service-areas/sunrise-manor-nv/mold-remediation/|/service-areas/blue-diamond-nv/storm-damage-restoration/|/service-areas/boulder-city-nv/storm-damage-restoration/|/contact/,6.30,planned
/service-areas/whitney-nv/commercial-restoration/,service-area-service,"Commercial Restoration in Whitney, NV | Desert Valley Contracting Inc ",Commercial Restoration in Whitney,"24/7 commercial restoration in Whitney, NV. IICRC-certified, insurance billing accepted. Call (702) 633-5033.",commercial restoration whitney,commercial water damage|commercial fire damage|business restoration|office restoration|retail restoration,local_b2b,,,900,hero|og|inline-1|inline-2,service|local-business|faq|breadcrumb-list,/services/commercial-restoration/|/service-areas/whitney-nv/|/service-areas/whitney-nv/fire-damage-restoration/|/service-areas/whitney-nv/mold-remediation/|/service-areas/blue-diamond-nv/commercial-restoration/|/service-areas/boulder-city-nv/commercial-restoration/|/contact/,6.30,planned
/service-areas/whitney-nv/emergency-plumbing/,service-area-service,"Emergency Plumbing in Whitney, NV | Desert Valley Contracting Inc ",Emergency Plumbing in Whitney,"24/7 emergency plumbing in Whitney, NV. IICRC-certified, insurance billing accepted. Call (702) 633-5033.",emergency plumbing whitney,emergency plumber|24 hour plumber|burst pipe plumber|emergency plumbing repair|24/7 plumbing,local_emergency,,,900,hero|og|inline-1|inline-2,service|local-business|faq|breadcrumb-list,/services/emergency-plumbing/|/service-areas/whitney-nv/|/service-areas/whitney-nv/fire-damage-restoration/|/service-areas/whitney-nv/mold-remediation/|/service-areas/blue-diamond-nv/emergency-plumbing/|/service-areas/boulder-city-nv/emergency-plumbing/|/contact/,6.30,planned
/service-areas/whitney-nv/flood-damage-restoration/,service-area-service,"Flood Damage Restoration in Whitney, NV | Desert Valley Contracting Inc ",Flood Damage Restoration in Whitney,"24/7 flood damage restoration in Whitney, NV. IICRC-certified, insurance billing accepted. Call (702) 633-5033.",flood damage restoration whitney,flood cleanup|flood restoration|post-flood restoration|residential flood damage|flood damage repair,local_emergency,,,900,hero|og|inline-1|inline-2,service|local-business|faq|breadcrumb-list,/services/flood-damage-restoration/|/service-areas/whitney-nv/|/service-areas/whitney-nv/fire-damage-restoration/|/service-areas/whitney-nv/mold-remediation/|/service-areas/blue-diamond-nv/flood-damage-restoration/|/service-areas/boulder-city-nv/flood-damage-restoration/|/contact/,6.30,planned
/service-areas/whitney-nv/reconstruction/,service-area-service,"Reconstruction Services in Whitney, NV | Desert Valley Contracting Inc ",Reconstruction Services in Whitney,"24/7 reconstruction services in Whitney, NV. IICRC-certified, insurance billing accepted. Call (702) 633-5033.",reconstruction services whitney,post-damage reconstruction|rebuild services|structural reconstruction|post-disaster rebuilding|fire damage reconstruction,local_commercial,,,900,hero|og|inline-1|inline-2,service|local-business|faq|breadcrumb-list,/services/reconstruction/|/service-areas/whitney-nv/|/service-areas/whitney-nv/fire-damage-restoration/|/service-areas/whitney-nv/mold-remediation/|/service-areas/blue-diamond-nv/reconstruction/|/service-areas/boulder-city-nv/reconstruction/|/contact/,6.30,planned
/service-areas/whitney-nv/sewage-cleanup/,service-area-service,"Sewage Cleanup and Sanitization in Whitney, NV | Desert Valley Contracting Inc ",Sewage Cleanup and Sanitization in Whitney,"24/7 sewage cleanup and sanitization in Whitney, NV. IICRC-certified, insurance billing accepted. Call (702) 633-5033.",sewage cleanup and sanitization whitney,sewage backup cleanup|raw sewage removal|septic overflow cleanup|sewer line backup|sanitization services,local_emergency,,,900,hero|og|inline-1|inline-2,service|local-business|faq|breadcrumb-list,/services/sewage-cleanup/|/service-areas/whitney-nv/|/service-areas/whitney-nv/fire-damage-restoration/|/service-areas/whitney-nv/mold-remediation/|/service-areas/blue-diamond-nv/sewage-cleanup/|/service-areas/boulder-city-nv/sewage-cleanup/|/contact/,6.30,planned
/service-areas/whitney-nv/smoke-damage-restoration/,service-area-service,"Smoke Damage Restoration in Whitney, NV | Desert Valley Contracting Inc ",Smoke Damage Restoration in Whitney,"24/7 smoke damage restoration in Whitney, NV. IICRC-certified, insurance billing accepted. Call (702) 633-5033.",smoke damage restoration whitney,smoke residue cleanup|smoke damage repair|post-fire smoke cleanup|smoke damage restoration services|wildfire smoke cleanup,local_emergency,,,900,hero|og|inline-1|inline-2,service|local-business|faq|breadcrumb-list,/services/smoke-damage-restoration/|/service-areas/whitney-nv/|/service-areas/whitney-nv/fire-damage-restoration/|/service-areas/whitney-nv/mold-remediation/|/service-areas/blue-diamond-nv/smoke-damage-restoration/|/service-areas/boulder-city-nv/smoke-damage-restoration/|/contact/,6.30,planned
/service-areas/whitney-nv/storm-damage-restoration/,service-area-service,"Storm Damage Restoration in Whitney, NV | Desert Valley Contracting Inc ",Storm Damage Restoration in Whitney,"24/7 storm damage restoration in Whitney, NV. IICRC-certified, insurance billing accepted. Call (702) 633-5033.",storm damage restoration whitney,hurricane damage cleanup|tornado damage cleanup|tree damage cleanup|storm cleanup services|severe weather damage repair,local_emergency,,,900,hero|og|inline-1|inline-2,service|local-business|faq|breadcrumb-list,/services/storm-damage-restoration/|/service-areas/whitney-nv/|/service-areas/whitney-nv/fire-damage-restoration/|/service-areas/whitney-nv/mold-remediation/|/service-areas/blue-diamond-nv/storm-damage-restoration/|/service-areas/boulder-city-nv/storm-damage-restoration/|/contact/,6.30,planned
/service-areas/winchester-nv/commercial-restoration/,service-area-service,"Commercial Restoration in Winchester, NV | Desert Valley Contracting Inc ",Commercial Restoration in Winchester,"24/7 commercial restoration in Winchester, NV. IICRC-certified, insurance billing accepted. Call (702) 633-5033.",commercial restoration winchester,commercial water damage|commercial fire damage|business restoration|office restoration|retail restoration,local_b2b,,,900,hero|og|inline-1|inline-2,service|local-business|faq|breadcrumb-list,/services/commercial-restoration/|/service-areas/winchester-nv/|/service-areas/winchester-nv/fire-damage-restoration/|/service-areas/winchester-nv/mold-remediation/|/service-areas/blue-diamond-nv/commercial-restoration/|/service-areas/boulder-city-nv/commercial-restoration/|/contact/,6.30,planned
/service-areas/winchester-nv/emergency-plumbing/,service-area-service,"Emergency Plumbing in Winchester, NV | Desert Valley Contracting Inc ",Emergency Plumbing in Winchester,"24/7 emergency plumbing in Winchester, NV. IICRC-certified, insurance billing accepted. Call (702) 633-5033.",emergency plumbing winchester,emergency plumber|24 hour plumber|burst pipe plumber|emergency plumbing repair|24/7 plumbing,local_emergency,,,900,hero|og|inline-1|inline-2,service|local-business|faq|breadcrumb-list,/services/emergency-plumbing/|/service-areas/winchester-nv/|/service-areas/winchester-nv/fire-damage-restoration/|/service-areas/winchester-nv/mold-remediation/|/service-areas/blue-diamond-nv/emergency-plumbing/|/service-areas/boulder-city-nv/emergency-plumbing/|/contact/,6.30,planned
/service-areas/winchester-nv/flood-damage-restoration/,service-area-service,"Flood Damage Restoration in Winchester, NV | Desert Valley Contracting Inc ",Flood Damage Restoration in Winchester,"24/7 flood damage restoration in Winchester, NV. IICRC-certified, insurance billing accepted. Call (702) 633-5033.",flood damage restoration winchester,flood cleanup|flood restoration|post-flood restoration|residential flood damage|flood damage repair,local_emergency,,,900,hero|og|inline-1|inline-2,service|local-business|faq|breadcrumb-list,/services/flood-damage-restoration/|/service-areas/winchester-nv/|/service-areas/winchester-nv/fire-damage-restoration/|/service-areas/winchester-nv/mold-remediation/|/service-areas/blue-diamond-nv/flood-damage-restoration/|/service-areas/boulder-city-nv/flood-damage-restoration/|/contact/,6.30,planned
/service-areas/winchester-nv/reconstruction/,service-area-service,"Reconstruction Services in Winchester, NV | Desert Valley Contracting Inc ",Reconstruction Services in Winchester,"24/7 reconstruction services in Winchester, NV. IICRC-certified, insurance billing accepted. Call (702) 633-5033.",reconstruction services winchester,post-damage reconstruction|rebuild services|structural reconstruction|post-disaster rebuilding|fire damage reconstruction,local_commercial,,,900,hero|og|inline-1|inline-2,service|local-business|faq|breadcrumb-list,/services/reconstruction/|/service-areas/winchester-nv/|/service-areas/winchester-nv/fire-damage-restoration/|/service-areas/winchester-nv/mold-remediation/|/service-areas/blue-diamond-nv/reconstruction/|/service-areas/boulder-city-nv/reconstruction/|/contact/,6.30,planned
/service-areas/winchester-nv/sewage-cleanup/,service-area-service,"Sewage Cleanup and Sanitization in Winchester, NV | Desert Valley Contracting Inc ",Sewage Cleanup and Sanitization in Winchester,"24/7 sewage cleanup and sanitization in Winchester, NV. IICRC-certified, insurance billing accepted. Call (702) 633-5033.",sewage cleanup and sanitization winchester,sewage backup cleanup|raw sewage removal|septic overflow cleanup|sewer line backup|sanitization services,local_emergency,,,900,hero|og|inline-1|inline-2,service|local-business|faq|breadcrumb-list,/services/sewage-cleanup/|/service-areas/winchester-nv/|/service-areas/winchester-nv/fire-damage-restoration/|/service-areas/winchester-nv/mold-remediation/|/service-areas/blue-diamond-nv/sewage-cleanup/|/service-areas/boulder-city-nv/sewage-cleanup/|/contact/,6.30,planned
/service-areas/winchester-nv/smoke-damage-restoration/,service-area-service,"Smoke Damage Restoration in Winchester, NV | Desert Valley Contracting Inc ",Smoke Damage Restoration in Winchester,"24/7 smoke damage restoration in Winchester, NV. IICRC-certified, insurance billing accepted. Call (702) 633-5033.",smoke damage restoration winchester,smoke residue cleanup|smoke damage repair|post-fire smoke cleanup|smoke damage restoration services|wildfire smoke cleanup,local_emergency,,,900,hero|og|inline-1|inline-2,service|local-business|faq|breadcrumb-list,/services/smoke-damage-restoration/|/service-areas/winchester-nv/|/service-areas/winchester-nv/fire-damage-restoration/|/service-areas/winchester-nv/mold-remediation/|/service-areas/blue-diamond-nv/smoke-damage-restoration/|/service-areas/boulder-city-nv/smoke-damage-restoration/|/contact/,6.30,planned
/service-areas/winchester-nv/storm-damage-restoration/,service-area-service,"Storm Damage Restoration in Winchester, NV | Desert Valley Contracting Inc ",Storm Damage Restoration in Winchester,"24/7 storm damage restoration in Winchester, NV. IICRC-certified, insurance billing accepted. Call (702) 633-5033.",storm damage restoration winchester,hurricane damage cleanup|tornado damage cleanup|tree damage cleanup|storm cleanup services|severe weather damage repair,local_emergency,,,900,hero|og|inline-1|inline-2,service|local-business|faq|breadcrumb-list,/services/storm-damage-restoration/|/service-areas/winchester-nv/|/service-areas/winchester-nv/fire-damage-restoration/|/service-areas/winchester-nv/mold-remediation/|/service-areas/blue-diamond-nv/storm-damage-restoration/|/service-areas/boulder-city-nv/storm-damage-restoration/|/contact/,6.30,planned
/services/industrial-restoration/,service-landing,Industrial Restoration in North Las Vegas | Desert Valley Contracting Inc ,Industrial Restoration in North Las Vegas,"24/7 industrial restoration in North Las Vegas and surrounding areas. IICRC-certified, insurance billing accepted. Call (702) 633-5033.",industrial restoration north las vegas,industrial water damage|warehouse restoration|manufacturing facility restoration|industrial fire damage|plant restoration services,local_b2b,,,1100,hero|og|inline-1|inline-2,service|local-business|faq|breadcrumb-list,/services/|/contact/|/service-areas/blue-diamond-nv/industrial-restoration/|/service-areas/boulder-city-nv/industrial-restoration/|/service-areas/enterprise-nv/industrial-restoration/|/service-areas/henderson-nv/industrial-restoration/|/service-areas/indian-springs-nv/industrial-restoration/|/service-areas/las-vegas-nv/industrial-restoration/|/service-areas/moapa-town-nv/industrial-restoration/|/service-areas/moapa-valley-nv/industrial-restoration/|/service-areas/mount-charleston-nv/industrial-restoration/|/service-areas/nelson-nv/industrial-restoration/|/service-areas/pahrump-nv/industrial-restoration/|/service-areas/paradise-nv/industrial-restoration/,6.30,planned
/services/odor-removal/,service-landing,Odor Removal and Deodorization in North Las Vegas | Desert Valley Contracting Inc ,Odor Removal and Deodorization in North Las Vegas,"24/7 odor removal and deodorization in North Las Vegas and surrounding areas. IICRC-certified, insurance billing accepted. Call (702) 633-5033.",odor removal and deodorization north las vegas,smoke odor removal|ozone treatment|hydroxyl deodorization|thermal fogging|professional odor elimination,local_specialty,,,1100,hero|og|inline-1|inline-2,service|local-business|faq|breadcrumb-list,/services/|/contact/|/service-areas/blue-diamond-nv/odor-removal/|/service-areas/boulder-city-nv/odor-removal/|/service-areas/enterprise-nv/odor-removal/|/service-areas/henderson-nv/odor-removal/|/service-areas/indian-springs-nv/odor-removal/|/service-areas/las-vegas-nv/odor-removal/|/service-areas/moapa-town-nv/odor-removal/|/service-areas/moapa-valley-nv/odor-removal/|/service-areas/mount-charleston-nv/odor-removal/|/service-areas/nelson-nv/odor-removal/|/service-areas/pahrump-nv/odor-removal/|/service-areas/paradise-nv/odor-removal/,6.30,planned
/services/water-heater-flood-cleanup/,service-landing,Water Heater Flood Cleanup in North Las Vegas | Desert Valley Contracting Inc ,Water Heater Flood Cleanup in North Las Vegas,"24/7 water heater flood cleanup in North Las Vegas and surrounding areas. IICRC-certified, insurance billing accepted. Call (702) 633-5033.",water heater flood cleanup north las vegas,water heater leaking|water heater burst|flooded water heater|water heater leak damage,local_emergency,,,1100,hero|og|inline-1|inline-2,service|local-business|faq|breadcrumb-list,/services/|/contact/|/service-areas/blue-diamond-nv/water-heater-flood-cleanup/|/service-areas/boulder-city-nv/water-heater-flood-cleanup/|/service-areas/enterprise-nv/water-heater-flood-cleanup/|/service-areas/henderson-nv/water-heater-flood-cleanup/|/service-areas/indian-springs-nv/water-heater-flood-cleanup/|/service-areas/las-vegas-nv/water-heater-flood-cleanup/|/service-areas/moapa-town-nv/water-heater-flood-cleanup/|/service-areas/moapa-valley-nv/water-heater-flood-cleanup/|/service-areas/mount-charleston-nv/water-heater-flood-cleanup/|/service-areas/nelson-nv/water-heater-flood-cleanup/|/service-areas/pahrump-nv/water-heater-flood-cleanup/|/service-areas/paradise-nv/water-heater-flood-cleanup/,6.30,planned
/services/water-leak-detection/,service-landing,Water Leak Detection in North Las Vegas | Desert Valley Contracting Inc ,Water Leak Detection in North Las Vegas,"24/7 water leak detection in North Las Vegas and surrounding areas. IICRC-certified, insurance billing accepted. Call (702) 633-5033.",water leak detection north las vegas,leak detection|hidden water leak|slab leak detection|water leak in wall|leak detection service,local_emergency,,,1100,hero|og|inline-1|inline-2,service|local-business|faq|breadcrumb-list,/services/|/contact/|/service-areas/blue-diamond-nv/water-leak-detection/|/service-areas/boulder-city-nv/water-leak-detection/|/service-areas/enterprise-nv/water-leak-detection/|/service-areas/henderson-nv/water-leak-detection/|/service-areas/indian-springs-nv/water-leak-detection/|/service-areas/las-vegas-nv/water-leak-detection/|/service-areas/moapa-town-nv/water-leak-detection/|/service-areas/moapa-valley-nv/water-leak-detection/|/service-areas/mount-charleston-nv/water-leak-detection/|/service-areas/nelson-nv/water-leak-detection/|/service-areas/pahrump-nv/water-leak-detection/|/service-areas/paradise-nv/water-leak-detection/,6.30,planned
/blog/burst-pipe-emergency-checklist/,blog-post,Burst Pipe Emergency Checklist: Step-by-Step Response,Burst Pipe Emergency Checklist: Step-by-Step Response,,burst pipe emergency checklist stepbystep response,water damage restoration|appliance leak cleanup,informational_emergency,,,1400,hero|og|inline-1|inline-2,blog-posting|faq|breadcrumb-list,/blog/|/services/water-damage-restoration/|/blog/what-to-do-first-24-hours-water-damage/|/blog/choosing-a-restoration-company/|/blog/does-homeowners-insurance-cover-water-damage/,6.00,planned
/blog/what-to-do-first-24-hours-water-damage/,blog-post,What To Do in the First 24 Hours After Water Damage,What To Do in the First 24 Hours After Water Damage,,what to do in the first 24 hours after water damage,water damage restoration,informational_emergency,,,1400,hero|og|inline-1|inline-2,blog-posting|faq|breadcrumb-list,/blog/|/services/water-damage-restoration/|/blog/burst-pipe-emergency-checklist/|/blog/choosing-a-restoration-company/|/blog/does-homeowners-insurance-cover-water-damage/,6.00,planned
/service-areas/blue-diamond-nv/basement-flooding-cleanup/,service-area-service,"Basement Flooding Cleanup in Blue Diamond, NV | Desert Valley Contracting Inc ",Basement Flooding Cleanup in Blue Diamond,"24/7 basement flooding cleanup in Blue Diamond, NV. IICRC-certified, insurance billing accepted. Call (702) 633-5033.",basement flooding cleanup blue diamond,flooded basement cleanup|basement water removal|wet basement restoration|basement water damage|basement drying,local_emergency,,,900,hero|og|inline-1|inline-2,service|local-business|faq|breadcrumb-list,/services/basement-flooding-cleanup/|/service-areas/blue-diamond-nv/|/service-areas/blue-diamond-nv/fire-damage-restoration/|/service-areas/blue-diamond-nv/mold-remediation/|/service-areas/boulder-city-nv/basement-flooding-cleanup/|/service-areas/enterprise-nv/basement-flooding-cleanup/|/contact/,5.60,planned
/service-areas/blue-diamond-nv/biohazard-cleanup/,service-area-service,"Biohazard Cleanup in Blue Diamond, NV | Desert Valley Contracting Inc ",Biohazard Cleanup in Blue Diamond,"24/7 biohazard cleanup in Blue Diamond, NV. IICRC-certified, insurance billing accepted. Call (702) 633-5033.",biohazard cleanup blue diamond,biohazard remediation|blood cleanup|bodily fluid cleanup|sharps and needle cleanup|infectious material cleanup,local_sensitive,,,900,hero|og|inline-1|inline-2,service|local-business|faq|breadcrumb-list,/services/biohazard-cleanup/|/service-areas/blue-diamond-nv/|/service-areas/blue-diamond-nv/fire-damage-restoration/|/service-areas/blue-diamond-nv/mold-remediation/|/service-areas/boulder-city-nv/biohazard-cleanup/|/service-areas/enterprise-nv/biohazard-cleanup/|/contact/,5.60,planned
/service-areas/blue-diamond-nv/burst-pipe-repair/,service-area-service,"Burst Pipe Cleanup and Repair in Blue Diamond, NV | Desert Valley Contracting Inc ",Burst Pipe Cleanup and Repair in Blue Diamond,"24/7 burst pipe cleanup and repair in Blue Diamond, NV. IICRC-certified, insurance billing accepted. Call (702) 633-5033.",burst pipe cleanup and repair blue diamond,burst pipe cleanup|pipe burst emergency|pipe break water damage|water line break|emergency pipe repair,local_emergency,,,900,hero|og|inline-1|inline-2,service|local-business|faq|breadcrumb-list,/services/burst-pipe-repair/|/service-areas/blue-diamond-nv/|/service-areas/blue-diamond-nv/fire-damage-restoration/|/service-areas/blue-diamond-nv/mold-remediation/|/service-areas/boulder-city-nv/burst-pipe-repair/|/service-areas/enterprise-nv/burst-pipe-repair/|/contact/,5.60,planned
/service-areas/blue-diamond-nv/ceiling-water-damage-repair/,service-area-service,"Ceiling Water Damage Repair in Blue Diamond, NV | Desert Valley Contracting Inc ",Ceiling Water Damage Repair in Blue Diamond,"24/7 ceiling water damage repair in Blue Diamond, NV. IICRC-certified, insurance billing accepted. Call (702) 633-5033.",ceiling water damage repair blue diamond,ceiling leaking|water coming through ceiling|ceiling leak repair|sagging ceiling water damage|water stain ceiling,local_emergency,,,900,hero|og|inline-1|inline-2,service|local-business|faq|breadcrumb-list,/services/ceiling-water-damage-repair/|/service-areas/blue-diamond-nv/|/service-areas/blue-diamond-nv/fire-damage-restoration/|/service-areas/blue-diamond-nv/mold-remediation/|/service-areas/boulder-city-nv/ceiling-water-damage-repair/|/service-areas/enterprise-nv/ceiling-water-damage-repair/|/contact/,5.60,planned
/service-areas/blue-diamond-nv/general-contracting/,service-area-service,"Renovations, Remodels and General Contracting in Blue Diamond, NV | Desert Valley Contracting Inc ","Renovations, Remodels and General Contracting in Blue Diamond","24/7 renovations, remodels and general contracting in Blue Diamond, NV. IICRC-certified, insurance billing accepted. Call (702) 633-5033.","renovations, remodels and general contracting blue diamond",general contractor|home renovation services|home remodeling|kitchen remodel|bathroom remodel|post-damage rebuild,local_commercial,,,900,hero|og|inline-1|inline-2,service|local-business|faq|breadcrumb-list,/services/general-contracting/|/service-areas/blue-diamond-nv/|/service-areas/blue-diamond-nv/fire-damage-restoration/|/service-areas/blue-diamond-nv/mold-remediation/|/service-areas/boulder-city-nv/general-contracting/|/service-areas/enterprise-nv/general-contracting/|/contact/,5.60,planned
/service-areas/blue-diamond-nv/large-loss-response/,service-area-service,"Large Loss and Catastrophic Response in Blue Diamond, NV | Desert Valley Contracting Inc ",Large Loss and Catastrophic Response in Blue Diamond,"24/7 large loss and catastrophic response in Blue Diamond, NV. IICRC-certified, insurance billing accepted. Call (702) 633-5033.",large loss and catastrophic response blue diamond,large loss restoration|catastrophic loss response|commercial catastrophic restoration|multi-million dollar restoration|large loss adjusters,local_b2b,,,900,hero|og|inline-1|inline-2,service|local-business|faq|breadcrumb-list,/services/large-loss-response/|/service-areas/blue-diamond-nv/|/service-areas/blue-diamond-nv/fire-damage-restoration/|/service-areas/blue-diamond-nv/mold-remediation/|/service-areas/boulder-city-nv/large-loss-response/|/service-areas/enterprise-nv/large-loss-response/|/contact/,5.60,planned
/service-areas/blue-diamond-nv/mold-inspection-testing/,service-area-service,"Mold Inspection and Testing in Blue Diamond, NV | Desert Valley Contracting Inc ",Mold Inspection and Testing in Blue Diamond,"24/7 mold inspection and testing in Blue Diamond, NV. IICRC-certified, insurance billing accepted. Call (702) 633-5033.",mold inspection and testing blue diamond,mold inspection|mold testing|indoor air quality testing|mold spore testing|mold assessment,local_health,,,900,hero|og|inline-1|inline-2,service|local-business|faq|breadcrumb-list,/services/mold-inspection-testing/|/service-areas/blue-diamond-nv/|/service-areas/blue-diamond-nv/fire-damage-restoration/|/service-areas/blue-diamond-nv/mold-remediation/|/service-areas/boulder-city-nv/mold-inspection-testing/|/service-areas/enterprise-nv/mold-inspection-testing/|/contact/,5.60,planned
/service-areas/boulder-city-nv/basement-flooding-cleanup/,service-area-service,"Basement Flooding Cleanup in Boulder City, NV | Desert Valley Contracting Inc ",Basement Flooding Cleanup in Boulder City,"24/7 basement flooding cleanup in Boulder City, NV. IICRC-certified, insurance billing accepted. Call (702) 633-5033.",basement flooding cleanup boulder city,flooded basement cleanup|basement water removal|wet basement restoration|basement water damage|basement drying,local_emergency,,,900,hero|og|inline-1|inline-2,service|local-business|faq|breadcrumb-list,/services/basement-flooding-cleanup/|/service-areas/boulder-city-nv/|/service-areas/boulder-city-nv/fire-damage-restoration/|/service-areas/boulder-city-nv/mold-remediation/|/service-areas/blue-diamond-nv/basement-flooding-cleanup/|/service-areas/enterprise-nv/basement-flooding-cleanup/|/contact/,5.60,planned
/service-areas/boulder-city-nv/biohazard-cleanup/,service-area-service,"Biohazard Cleanup in Boulder City, NV | Desert Valley Contracting Inc ",Biohazard Cleanup in Boulder City,"24/7 biohazard cleanup in Boulder City, NV. IICRC-certified, insurance billing accepted. Call (702) 633-5033.",biohazard cleanup boulder city,biohazard remediation|blood cleanup|bodily fluid cleanup|sharps and needle cleanup|infectious material cleanup,local_sensitive,,,900,hero|og|inline-1|inline-2,service|local-business|faq|breadcrumb-list,/services/biohazard-cleanup/|/service-areas/boulder-city-nv/|/service-areas/boulder-city-nv/fire-damage-restoration/|/service-areas/boulder-city-nv/mold-remediation/|/service-areas/blue-diamond-nv/biohazard-cleanup/|/service-areas/enterprise-nv/biohazard-cleanup/|/contact/,5.60,planned
/service-areas/boulder-city-nv/burst-pipe-repair/,service-area-service,"Burst Pipe Cleanup and Repair in Boulder City, NV | Desert Valley Contracting Inc ",Burst Pipe Cleanup and Repair in Boulder City,"24/7 burst pipe cleanup and repair in Boulder City, NV. IICRC-certified, insurance billing accepted. Call (702) 633-5033.",burst pipe cleanup and repair boulder city,burst pipe cleanup|pipe burst emergency|pipe break water damage|water line break|emergency pipe repair,local_emergency,,,900,hero|og|inline-1|inline-2,service|local-business|faq|breadcrumb-list,/services/burst-pipe-repair/|/service-areas/boulder-city-nv/|/service-areas/boulder-city-nv/fire-damage-restoration/|/service-areas/boulder-city-nv/mold-remediation/|/service-areas/blue-diamond-nv/burst-pipe-repair/|/service-areas/enterprise-nv/burst-pipe-repair/|/contact/,5.60,planned
/service-areas/boulder-city-nv/ceiling-water-damage-repair/,service-area-service,"Ceiling Water Damage Repair in Boulder City, NV | Desert Valley Contracting Inc ",Ceiling Water Damage Repair in Boulder City,"24/7 ceiling water damage repair in Boulder City, NV. IICRC-certified, insurance billing accepted. Call (702) 633-5033.",ceiling water damage repair boulder city,ceiling leaking|water coming through ceiling|ceiling leak repair|sagging ceiling water damage|water stain ceiling,local_emergency,,,900,hero|og|inline-1|inline-2,service|local-business|faq|breadcrumb-list,/services/ceiling-water-damage-repair/|/service-areas/boulder-city-nv/|/service-areas/boulder-city-nv/fire-damage-restoration/|/service-areas/boulder-city-nv/mold-remediation/|/service-areas/blue-diamond-nv/ceiling-water-damage-repair/|/service-areas/enterprise-nv/ceiling-water-damage-repair/|/contact/,5.60,planned
/service-areas/boulder-city-nv/general-contracting/,service-area-service,"Renovations, Remodels and General Contracting in Boulder City, NV | Desert Valley Contracting Inc ","Renovations, Remodels and General Contracting in Boulder City","24/7 renovations, remodels and general contracting in Boulder City, NV. IICRC-certified, insurance billing accepted. Call (702) 633-5033.","renovations, remodels and general contracting boulder city",general contractor|home renovation services|home remodeling|kitchen remodel|bathroom remodel|post-damage rebuild,local_commercial,,,900,hero|og|inline-1|inline-2,service|local-business|faq|breadcrumb-list,/services/general-contracting/|/service-areas/boulder-city-nv/|/service-areas/boulder-city-nv/fire-damage-restoration/|/service-areas/boulder-city-nv/mold-remediation/|/service-areas/blue-diamond-nv/general-contracting/|/service-areas/enterprise-nv/general-contracting/|/contact/,5.60,planned
/service-areas/boulder-city-nv/large-loss-response/,service-area-service,"Large Loss and Catastrophic Response in Boulder City, NV | Desert Valley Contracting Inc ",Large Loss and Catastrophic Response in Boulder City,"24/7 large loss and catastrophic response in Boulder City, NV. IICRC-certified, insurance billing accepted. Call (702) 633-5033.",large loss and catastrophic response boulder city,large loss restoration|catastrophic loss response|commercial catastrophic restoration|multi-million dollar restoration|large loss adjusters,local_b2b,,,900,hero|og|inline-1|inline-2,service|local-business|faq|breadcrumb-list,/services/large-loss-response/|/service-areas/boulder-city-nv/|/service-areas/boulder-city-nv/fire-damage-restoration/|/service-areas/boulder-city-nv/mold-remediation/|/service-areas/blue-diamond-nv/large-loss-response/|/service-areas/enterprise-nv/large-loss-response/|/contact/,5.60,planned
/service-areas/boulder-city-nv/mold-inspection-testing/,service-area-service,"Mold Inspection and Testing in Boulder City, NV | Desert Valley Contracting Inc ",Mold Inspection and Testing in Boulder City,"24/7 mold inspection and testing in Boulder City, NV. IICRC-certified, insurance billing accepted. Call (702) 633-5033.",mold inspection and testing boulder city,mold inspection|mold testing|indoor air quality testing|mold spore testing|mold assessment,local_health,,,900,hero|og|inline-1|inline-2,service|local-business|faq|breadcrumb-list,/services/mold-inspection-testing/|/service-areas/boulder-city-nv/|/service-areas/boulder-city-nv/fire-damage-restoration/|/service-areas/boulder-city-nv/mold-remediation/|/service-areas/blue-diamond-nv/mold-inspection-testing/|/service-areas/enterprise-nv/mold-inspection-testing/|/contact/,5.60,planned
/service-areas/enterprise-nv/basement-flooding-cleanup/,service-area-service,"Basement Flooding Cleanup in Enterprise, NV | Desert Valley Contracting Inc ",Basement Flooding Cleanup in Enterprise,"24/7 basement flooding cleanup in Enterprise, NV. IICRC-certified, insurance billing accepted. Call (702) 633-5033.",basement flooding cleanup enterprise,flooded basement cleanup|basement water removal|wet basement restoration|basement water damage|basement drying,local_emergency,,,900,hero|og|inline-1|inline-2,service|local-business|faq|breadcrumb-list,/services/basement-flooding-cleanup/|/service-areas/enterprise-nv/|/service-areas/enterprise-nv/fire-damage-restoration/|/service-areas/enterprise-nv/mold-remediation/|/service-areas/blue-diamond-nv/basement-flooding-cleanup/|/service-areas/boulder-city-nv/basement-flooding-cleanup/|/contact/,5.60,planned
/service-areas/enterprise-nv/biohazard-cleanup/,service-area-service,"Biohazard Cleanup in Enterprise, NV | Desert Valley Contracting Inc ",Biohazard Cleanup in Enterprise,"24/7 biohazard cleanup in Enterprise, NV. IICRC-certified, insurance billing accepted. Call (702) 633-5033.",biohazard cleanup enterprise,biohazard remediation|blood cleanup|bodily fluid cleanup|sharps and needle cleanup|infectious material cleanup,local_sensitive,,,900,hero|og|inline-1|inline-2,service|local-business|faq|breadcrumb-list,/services/biohazard-cleanup/|/service-areas/enterprise-nv/|/service-areas/enterprise-nv/fire-damage-restoration/|/service-areas/enterprise-nv/mold-remediation/|/service-areas/blue-diamond-nv/biohazard-cleanup/|/service-areas/boulder-city-nv/biohazard-cleanup/|/contact/,5.60,planned
/service-areas/enterprise-nv/burst-pipe-repair/,service-area-service,"Burst Pipe Cleanup and Repair in Enterprise, NV | Desert Valley Contracting Inc ",Burst Pipe Cleanup and Repair in Enterprise,"24/7 burst pipe cleanup and repair in Enterprise, NV. IICRC-certified, insurance billing accepted. Call (702) 633-5033.",burst pipe cleanup and repair enterprise,burst pipe cleanup|pipe burst emergency|pipe break water damage|water line break|emergency pipe repair,local_emergency,,,900,hero|og|inline-1|inline-2,service|local-business|faq|breadcrumb-list,/services/burst-pipe-repair/|/service-areas/enterprise-nv/|/service-areas/enterprise-nv/fire-damage-restoration/|/service-areas/enterprise-nv/mold-remediation/|/service-areas/blue-diamond-nv/burst-pipe-repair/|/service-areas/boulder-city-nv/burst-pipe-repair/|/contact/,5.60,planned
/service-areas/enterprise-nv/ceiling-water-damage-repair/,service-area-service,"Ceiling Water Damage Repair in Enterprise, NV | Desert Valley Contracting Inc ",Ceiling Water Damage Repair in Enterprise,"24/7 ceiling water damage repair in Enterprise, NV. IICRC-certified, insurance billing accepted. Call (702) 633-5033.",ceiling water damage repair enterprise,ceiling leaking|water coming through ceiling|ceiling leak repair|sagging ceiling water damage|water stain ceiling,local_emergency,,,900,hero|og|inline-1|inline-2,service|local-business|faq|breadcrumb-list,/services/ceiling-water-damage-repair/|/service-areas/enterprise-nv/|/service-areas/enterprise-nv/fire-damage-restoration/|/service-areas/enterprise-nv/mold-remediation/|/service-areas/blue-diamond-nv/ceiling-water-damage-repair/|/service-areas/boulder-city-nv/ceiling-water-damage-repair/|/contact/,5.60,planned
/service-areas/enterprise-nv/general-contracting/,service-area-service,"Renovations, Remodels and General Contracting in Enterprise, NV | Desert Valley Contracting Inc ","Renovations, Remodels and General Contracting in Enterprise","24/7 renovations, remodels and general contracting in Enterprise, NV. IICRC-certified, insurance billing accepted. Call (702) 633-5033.","renovations, remodels and general contracting enterprise",general contractor|home renovation services|home remodeling|kitchen remodel|bathroom remodel|post-damage rebuild,local_commercial,,,900,hero|og|inline-1|inline-2,service|local-business|faq|breadcrumb-list,/services/general-contracting/|/service-areas/enterprise-nv/|/service-areas/enterprise-nv/fire-damage-restoration/|/service-areas/enterprise-nv/mold-remediation/|/service-areas/blue-diamond-nv/general-contracting/|/service-areas/boulder-city-nv/general-contracting/|/contact/,5.60,planned
/service-areas/enterprise-nv/large-loss-response/,service-area-service,"Large Loss and Catastrophic Response in Enterprise, NV | Desert Valley Contracting Inc ",Large Loss and Catastrophic Response in Enterprise,"24/7 large loss and catastrophic response in Enterprise, NV. IICRC-certified, insurance billing accepted. Call (702) 633-5033.",large loss and catastrophic response enterprise,large loss restoration|catastrophic loss response|commercial catastrophic restoration|multi-million dollar restoration|large loss adjusters,local_b2b,,,900,hero|og|inline-1|inline-2,service|local-business|faq|breadcrumb-list,/services/large-loss-response/|/service-areas/enterprise-nv/|/service-areas/enterprise-nv/fire-damage-restoration/|/service-areas/enterprise-nv/mold-remediation/|/service-areas/blue-diamond-nv/large-loss-response/|/service-areas/boulder-city-nv/large-loss-response/|/contact/,5.60,planned
/service-areas/enterprise-nv/mold-inspection-testing/,service-area-service,"Mold Inspection and Testing in Enterprise, NV | Desert Valley Contracting Inc ",Mold Inspection and Testing in Enterprise,"24/7 mold inspection and testing in Enterprise, NV. IICRC-certified, insurance billing accepted. Call (702) 633-5033.",mold inspection and testing enterprise,mold inspection|mold testing|indoor air quality testing|mold spore testing|mold assessment,local_health,,,900,hero|og|inline-1|inline-2,service|local-business|faq|breadcrumb-list,/services/mold-inspection-testing/|/service-areas/enterprise-nv/|/service-areas/enterprise-nv/fire-damage-restoration/|/service-areas/enterprise-nv/mold-remediation/|/service-areas/blue-diamond-nv/mold-inspection-testing/|/service-areas/boulder-city-nv/mold-inspection-testing/|/contact/,5.60,planned
/service-areas/henderson-nv/basement-flooding-cleanup/,service-area-service,"Basement Flooding Cleanup in Henderson, NV | Desert Valley Contracting Inc ",Basement Flooding Cleanup in Henderson,"24/7 basement flooding cleanup in Henderson, NV. IICRC-certified, insurance billing accepted. Call (702) 633-5033.",basement flooding cleanup henderson,flooded basement cleanup|basement water removal|wet basement restoration|basement water damage|basement drying,local_emergency,,,900,hero|og|inline-1|inline-2,service|local-business|faq|breadcrumb-list,/services/basement-flooding-cleanup/|/service-areas/henderson-nv/|/service-areas/henderson-nv/fire-damage-restoration/|/service-areas/henderson-nv/mold-remediation/|/service-areas/blue-diamond-nv/basement-flooding-cleanup/|/service-areas/boulder-city-nv/basement-flooding-cleanup/|/contact/,5.60,planned
/service-areas/henderson-nv/biohazard-cleanup/,service-area-service,"Biohazard Cleanup in Henderson, NV | Desert Valley Contracting Inc ",Biohazard Cleanup in Henderson,"24/7 biohazard cleanup in Henderson, NV. IICRC-certified, insurance billing accepted. Call (702) 633-5033.",biohazard cleanup henderson,biohazard remediation|blood cleanup|bodily fluid cleanup|sharps and needle cleanup|infectious material cleanup,local_sensitive,,,900,hero|og|inline-1|inline-2,service|local-business|faq|breadcrumb-list,/services/biohazard-cleanup/|/service-areas/henderson-nv/|/service-areas/henderson-nv/fire-damage-restoration/|/service-areas/henderson-nv/mold-remediation/|/service-areas/blue-diamond-nv/biohazard-cleanup/|/service-areas/boulder-city-nv/biohazard-cleanup/|/contact/,5.60,planned
/service-areas/henderson-nv/burst-pipe-repair/,service-area-service,"Burst Pipe Cleanup and Repair in Henderson, NV | Desert Valley Contracting Inc ",Burst Pipe Cleanup and Repair in Henderson,"24/7 burst pipe cleanup and repair in Henderson, NV. IICRC-certified, insurance billing accepted. Call (702) 633-5033.",burst pipe cleanup and repair henderson,burst pipe cleanup|pipe burst emergency|pipe break water damage|water line break|emergency pipe repair,local_emergency,,,900,hero|og|inline-1|inline-2,service|local-business|faq|breadcrumb-list,/services/burst-pipe-repair/|/service-areas/henderson-nv/|/service-areas/henderson-nv/fire-damage-restoration/|/service-areas/henderson-nv/mold-remediation/|/service-areas/blue-diamond-nv/burst-pipe-repair/|/service-areas/boulder-city-nv/burst-pipe-repair/|/contact/,5.60,planned
/service-areas/henderson-nv/ceiling-water-damage-repair/,service-area-service,"Ceiling Water Damage Repair in Henderson, NV | Desert Valley Contracting Inc ",Ceiling Water Damage Repair in Henderson,"24/7 ceiling water damage repair in Henderson, NV. IICRC-certified, insurance billing accepted. Call (702) 633-5033.",ceiling water damage repair henderson,ceiling leaking|water coming through ceiling|ceiling leak repair|sagging ceiling water damage|water stain ceiling,local_emergency,,,900,hero|og|inline-1|inline-2,service|local-business|faq|breadcrumb-list,/services/ceiling-water-damage-repair/|/service-areas/henderson-nv/|/service-areas/henderson-nv/fire-damage-restoration/|/service-areas/henderson-nv/mold-remediation/|/service-areas/blue-diamond-nv/ceiling-water-damage-repair/|/service-areas/boulder-city-nv/ceiling-water-damage-repair/|/contact/,5.60,planned
/service-areas/henderson-nv/general-contracting/,service-area-service,"Renovations, Remodels and General Contracting in Henderson, NV | Desert Valley Contracting Inc ","Renovations, Remodels and General Contracting in Henderson","24/7 renovations, remodels and general contracting in Henderson, NV. IICRC-certified, insurance billing accepted. Call (702) 633-5033.","renovations, remodels and general contracting henderson",general contractor|home renovation services|home remodeling|kitchen remodel|bathroom remodel|post-damage rebuild,local_commercial,,,900,hero|og|inline-1|inline-2,service|local-business|faq|breadcrumb-list,/services/general-contracting/|/service-areas/henderson-nv/|/service-areas/henderson-nv/fire-damage-restoration/|/service-areas/henderson-nv/mold-remediation/|/service-areas/blue-diamond-nv/general-contracting/|/service-areas/boulder-city-nv/general-contracting/|/contact/,5.60,planned
/service-areas/henderson-nv/large-loss-response/,service-area-service,"Large Loss and Catastrophic Response in Henderson, NV | Desert Valley Contracting Inc ",Large Loss and Catastrophic Response in Henderson,"24/7 large loss and catastrophic response in Henderson, NV. IICRC-certified, insurance billing accepted. Call (702) 633-5033.",large loss and catastrophic response henderson,large loss restoration|catastrophic loss response|commercial catastrophic restoration|multi-million dollar restoration|large loss adjusters,local_b2b,,,900,hero|og|inline-1|inline-2,service|local-business|faq|breadcrumb-list,/services/large-loss-response/|/service-areas/henderson-nv/|/service-areas/henderson-nv/fire-damage-restoration/|/service-areas/henderson-nv/mold-remediation/|/service-areas/blue-diamond-nv/large-loss-response/|/service-areas/boulder-city-nv/large-loss-response/|/contact/,5.60,planned
/service-areas/henderson-nv/mold-inspection-testing/,service-area-service,"Mold Inspection and Testing in Henderson, NV | Desert Valley Contracting Inc ",Mold Inspection and Testing in Henderson,"24/7 mold inspection and testing in Henderson, NV. IICRC-certified, insurance billing accepted. Call (702) 633-5033.",mold inspection and testing henderson,mold inspection|mold testing|indoor air quality testing|mold spore testing|mold assessment,local_health,,,900,hero|og|inline-1|inline-2,service|local-business|faq|breadcrumb-list,/services/mold-inspection-testing/|/service-areas/henderson-nv/|/service-areas/henderson-nv/fire-damage-restoration/|/service-areas/henderson-nv/mold-remediation/|/service-areas/blue-diamond-nv/mold-inspection-testing/|/service-areas/boulder-city-nv/mold-inspection-testing/|/contact/,5.60,planned
/service-areas/indian-springs-nv/basement-flooding-cleanup/,service-area-service,"Basement Flooding Cleanup in Indian Springs, NV | Desert Valley Contracting Inc ",Basement Flooding Cleanup in Indian Springs,"24/7 basement flooding cleanup in Indian Springs, NV. IICRC-certified, insurance billing accepted. Call (702) 633-5033.",basement flooding cleanup indian springs,flooded basement cleanup|basement water removal|wet basement restoration|basement water damage|basement drying,local_emergency,,,900,hero|og|inline-1|inline-2,service|local-business|faq|breadcrumb-list,/services/basement-flooding-cleanup/|/service-areas/indian-springs-nv/|/service-areas/indian-springs-nv/fire-damage-restoration/|/service-areas/indian-springs-nv/mold-remediation/|/service-areas/blue-diamond-nv/basement-flooding-cleanup/|/service-areas/boulder-city-nv/basement-flooding-cleanup/|/contact/,5.60,planned
/service-areas/indian-springs-nv/biohazard-cleanup/,service-area-service,"Biohazard Cleanup in Indian Springs, NV | Desert Valley Contracting Inc ",Biohazard Cleanup in Indian Springs,"24/7 biohazard cleanup in Indian Springs, NV. IICRC-certified, insurance billing accepted. Call (702) 633-5033.",biohazard cleanup indian springs,biohazard remediation|blood cleanup|bodily fluid cleanup|sharps and needle cleanup|infectious material cleanup,local_sensitive,,,900,hero|og|inline-1|inline-2,service|local-business|faq|breadcrumb-list,/services/biohazard-cleanup/|/service-areas/indian-springs-nv/|/service-areas/indian-springs-nv/fire-damage-restoration/|/service-areas/indian-springs-nv/mold-remediation/|/service-areas/blue-diamond-nv/biohazard-cleanup/|/service-areas/boulder-city-nv/biohazard-cleanup/|/contact/,5.60,planned
/service-areas/indian-springs-nv/burst-pipe-repair/,service-area-service,"Burst Pipe Cleanup and Repair in Indian Springs, NV | Desert Valley Contracting Inc ",Burst Pipe Cleanup and Repair in Indian Springs,"24/7 burst pipe cleanup and repair in Indian Springs, NV. IICRC-certified, insurance billing accepted. Call (702) 633-5033.",burst pipe cleanup and repair indian springs,burst pipe cleanup|pipe burst emergency|pipe break water damage|water line break|emergency pipe repair,local_emergency,,,900,hero|og|inline-1|inline-2,service|local-business|faq|breadcrumb-list,/services/burst-pipe-repair/|/service-areas/indian-springs-nv/|/service-areas/indian-springs-nv/fire-damage-restoration/|/service-areas/indian-springs-nv/mold-remediation/|/service-areas/blue-diamond-nv/burst-pipe-repair/|/service-areas/boulder-city-nv/burst-pipe-repair/|/contact/,5.60,planned
/service-areas/indian-springs-nv/ceiling-water-damage-repair/,service-area-service,"Ceiling Water Damage Repair in Indian Springs, NV | Desert Valley Contracting Inc ",Ceiling Water Damage Repair in Indian Springs,"24/7 ceiling water damage repair in Indian Springs, NV. IICRC-certified, insurance billing accepted. Call (702) 633-5033.",ceiling water damage repair indian springs,ceiling leaking|water coming through ceiling|ceiling leak repair|sagging ceiling water damage|water stain ceiling,local_emergency,,,900,hero|og|inline-1|inline-2,service|local-business|faq|breadcrumb-list,/services/ceiling-water-damage-repair/|/service-areas/indian-springs-nv/|/service-areas/indian-springs-nv/fire-damage-restoration/|/service-areas/indian-springs-nv/mold-remediation/|/service-areas/blue-diamond-nv/ceiling-water-damage-repair/|/service-areas/boulder-city-nv/ceiling-water-damage-repair/|/contact/,5.60,planned
/service-areas/indian-springs-nv/general-contracting/,service-area-service,"Renovations, Remodels and General Contracting in Indian Springs, NV | Desert Valley Contracting Inc ","Renovations, Remodels and General Contracting in Indian Springs","24/7 renovations, remodels and general contracting in Indian Springs, NV. IICRC-certified, insurance billing accepted. Call (702) 633-5033.","renovations, remodels and general contracting indian springs",general contractor|home renovation services|home remodeling|kitchen remodel|bathroom remodel|post-damage rebuild,local_commercial,,,900,hero|og|inline-1|inline-2,service|local-business|faq|breadcrumb-list,/services/general-contracting/|/service-areas/indian-springs-nv/|/service-areas/indian-springs-nv/fire-damage-restoration/|/service-areas/indian-springs-nv/mold-remediation/|/service-areas/blue-diamond-nv/general-contracting/|/service-areas/boulder-city-nv/general-contracting/|/contact/,5.60,planned
/service-areas/indian-springs-nv/large-loss-response/,service-area-service,"Large Loss and Catastrophic Response in Indian Springs, NV | Desert Valley Contracting Inc ",Large Loss and Catastrophic Response in Indian Springs,"24/7 large loss and catastrophic response in Indian Springs, NV. IICRC-certified, insurance billing accepted. Call (702) 633-5033.",large loss and catastrophic response indian springs,large loss restoration|catastrophic loss response|commercial catastrophic restoration|multi-million dollar restoration|large loss adjusters,local_b2b,,,900,hero|og|inline-1|inline-2,service|local-business|faq|breadcrumb-list,/services/large-loss-response/|/service-areas/indian-springs-nv/|/service-areas/indian-springs-nv/fire-damage-restoration/|/service-areas/indian-springs-nv/mold-remediation/|/service-areas/blue-diamond-nv/large-loss-response/|/service-areas/boulder-city-nv/large-loss-response/|/contact/,5.60,planned
/service-areas/indian-springs-nv/mold-inspection-testing/,service-area-service,"Mold Inspection and Testing in Indian Springs, NV | Desert Valley Contracting Inc ",Mold Inspection and Testing in Indian Springs,"24/7 mold inspection and testing in Indian Springs, NV. IICRC-certified, insurance billing accepted. Call (702) 633-5033.",mold inspection and testing indian springs,mold inspection|mold testing|indoor air quality testing|mold spore testing|mold assessment,local_health,,,900,hero|og|inline-1|inline-2,service|local-business|faq|breadcrumb-list,/services/mold-inspection-testing/|/service-areas/indian-springs-nv/|/service-areas/indian-springs-nv/fire-damage-restoration/|/service-areas/indian-springs-nv/mold-remediation/|/service-areas/blue-diamond-nv/mold-inspection-testing/|/service-areas/boulder-city-nv/mold-inspection-testing/|/contact/,5.60,planned
/service-areas/las-vegas-nv/basement-flooding-cleanup/,service-area-service,"Basement Flooding Cleanup in Las Vegas, NV | Desert Valley Contracting Inc ",Basement Flooding Cleanup in Las Vegas,"24/7 basement flooding cleanup in Las Vegas, NV. IICRC-certified, insurance billing accepted. Call (702) 633-5033.",basement flooding cleanup las vegas,flooded basement cleanup|basement water removal|wet basement restoration|basement water damage|basement drying,local_emergency,,,900,hero|og|inline-1|inline-2,service|local-business|faq|breadcrumb-list,/services/basement-flooding-cleanup/|/service-areas/las-vegas-nv/|/service-areas/las-vegas-nv/fire-damage-restoration/|/service-areas/las-vegas-nv/mold-remediation/|/service-areas/blue-diamond-nv/basement-flooding-cleanup/|/service-areas/boulder-city-nv/basement-flooding-cleanup/|/contact/,5.60,planned
/service-areas/las-vegas-nv/biohazard-cleanup/,service-area-service,"Biohazard Cleanup in Las Vegas, NV | Desert Valley Contracting Inc ",Biohazard Cleanup in Las Vegas,"24/7 biohazard cleanup in Las Vegas, NV. IICRC-certified, insurance billing accepted. Call (702) 633-5033.",biohazard cleanup las vegas,biohazard remediation|blood cleanup|bodily fluid cleanup|sharps and needle cleanup|infectious material cleanup,local_sensitive,,,900,hero|og|inline-1|inline-2,service|local-business|faq|breadcrumb-list,/services/biohazard-cleanup/|/service-areas/las-vegas-nv/|/service-areas/las-vegas-nv/fire-damage-restoration/|/service-areas/las-vegas-nv/mold-remediation/|/service-areas/blue-diamond-nv/biohazard-cleanup/|/service-areas/boulder-city-nv/biohazard-cleanup/|/contact/,5.60,planned
/service-areas/las-vegas-nv/burst-pipe-repair/,service-area-service,"Burst Pipe Cleanup and Repair in Las Vegas, NV | Desert Valley Contracting Inc ",Burst Pipe Cleanup and Repair in Las Vegas,"24/7 burst pipe cleanup and repair in Las Vegas, NV. IICRC-certified, insurance billing accepted. Call (702) 633-5033.",burst pipe cleanup and repair las vegas,burst pipe cleanup|pipe burst emergency|pipe break water damage|water line break|emergency pipe repair,local_emergency,,,900,hero|og|inline-1|inline-2,service|local-business|faq|breadcrumb-list,/services/burst-pipe-repair/|/service-areas/las-vegas-nv/|/service-areas/las-vegas-nv/fire-damage-restoration/|/service-areas/las-vegas-nv/mold-remediation/|/service-areas/blue-diamond-nv/burst-pipe-repair/|/service-areas/boulder-city-nv/burst-pipe-repair/|/contact/,5.60,planned
/service-areas/las-vegas-nv/ceiling-water-damage-repair/,service-area-service,"Ceiling Water Damage Repair in Las Vegas, NV | Desert Valley Contracting Inc ",Ceiling Water Damage Repair in Las Vegas,"24/7 ceiling water damage repair in Las Vegas, NV. IICRC-certified, insurance billing accepted. Call (702) 633-5033.",ceiling water damage repair las vegas,ceiling leaking|water coming through ceiling|ceiling leak repair|sagging ceiling water damage|water stain ceiling,local_emergency,,,900,hero|og|inline-1|inline-2,service|local-business|faq|breadcrumb-list,/services/ceiling-water-damage-repair/|/service-areas/las-vegas-nv/|/service-areas/las-vegas-nv/fire-damage-restoration/|/service-areas/las-vegas-nv/mold-remediation/|/service-areas/blue-diamond-nv/ceiling-water-damage-repair/|/service-areas/boulder-city-nv/ceiling-water-damage-repair/|/contact/,5.60,planned
/service-areas/las-vegas-nv/general-contracting/,service-area-service,"Renovations, Remodels and General Contracting in Las Vegas, NV | Desert Valley Contracting Inc ","Renovations, Remodels and General Contracting in Las Vegas","24/7 renovations, remodels and general contracting in Las Vegas, NV. IICRC-certified, insurance billing accepted. Call (702) 633-5033.","renovations, remodels and general contracting las vegas",general contractor|home renovation services|home remodeling|kitchen remodel|bathroom remodel|post-damage rebuild,local_commercial,,,900,hero|og|inline-1|inline-2,service|local-business|faq|breadcrumb-list,/services/general-contracting/|/service-areas/las-vegas-nv/|/service-areas/las-vegas-nv/fire-damage-restoration/|/service-areas/las-vegas-nv/mold-remediation/|/service-areas/blue-diamond-nv/general-contracting/|/service-areas/boulder-city-nv/general-contracting/|/contact/,5.60,planned
/service-areas/las-vegas-nv/large-loss-response/,service-area-service,"Large Loss and Catastrophic Response in Las Vegas, NV | Desert Valley Contracting Inc ",Large Loss and Catastrophic Response in Las Vegas,"24/7 large loss and catastrophic response in Las Vegas, NV. IICRC-certified, insurance billing accepted. Call (702) 633-5033.",large loss and catastrophic response las vegas,large loss restoration|catastrophic loss response|commercial catastrophic restoration|multi-million dollar restoration|large loss adjusters,local_b2b,,,900,hero|og|inline-1|inline-2,service|local-business|faq|breadcrumb-list,/services/large-loss-response/|/service-areas/las-vegas-nv/|/service-areas/las-vegas-nv/fire-damage-restoration/|/service-areas/las-vegas-nv/mold-remediation/|/service-areas/blue-diamond-nv/large-loss-response/|/service-areas/boulder-city-nv/large-loss-response/|/contact/,5.60,planned
/service-areas/las-vegas-nv/mold-inspection-testing/,service-area-service,"Mold Inspection and Testing in Las Vegas, NV | Desert Valley Contracting Inc ",Mold Inspection and Testing in Las Vegas,"24/7 mold inspection and testing in Las Vegas, NV. IICRC-certified, insurance billing accepted. Call (702) 633-5033.",mold inspection and testing las vegas,mold inspection|mold testing|indoor air quality testing|mold spore testing|mold assessment,local_health,,,900,hero|og|inline-1|inline-2,service|local-business|faq|breadcrumb-list,/services/mold-inspection-testing/|/service-areas/las-vegas-nv/|/service-areas/las-vegas-nv/fire-damage-restoration/|/service-areas/las-vegas-nv/mold-remediation/|/service-areas/blue-diamond-nv/mold-inspection-testing/|/service-areas/boulder-city-nv/mold-inspection-testing/|/contact/,5.60,planned
/service-areas/moapa-town-nv/basement-flooding-cleanup/,service-area-service,"Basement Flooding Cleanup in Moapa Town, NV | Desert Valley Contracting Inc ",Basement Flooding Cleanup in Moapa Town,"24/7 basement flooding cleanup in Moapa Town, NV. IICRC-certified, insurance billing accepted. Call (702) 633-5033.",basement flooding cleanup moapa town,flooded basement cleanup|basement water removal|wet basement restoration|basement water damage|basement drying,local_emergency,,,900,hero|og|inline-1|inline-2,service|local-business|faq|breadcrumb-list,/services/basement-flooding-cleanup/|/service-areas/moapa-town-nv/|/service-areas/moapa-town-nv/fire-damage-restoration/|/service-areas/moapa-town-nv/mold-remediation/|/service-areas/blue-diamond-nv/basement-flooding-cleanup/|/service-areas/boulder-city-nv/basement-flooding-cleanup/|/contact/,5.60,planned
/service-areas/moapa-town-nv/biohazard-cleanup/,service-area-service,"Biohazard Cleanup in Moapa Town, NV | Desert Valley Contracting Inc ",Biohazard Cleanup in Moapa Town,"24/7 biohazard cleanup in Moapa Town, NV. IICRC-certified, insurance billing accepted. Call (702) 633-5033.",biohazard cleanup moapa town,biohazard remediation|blood cleanup|bodily fluid cleanup|sharps and needle cleanup|infectious material cleanup,local_sensitive,,,900,hero|og|inline-1|inline-2,service|local-business|faq|breadcrumb-list,/services/biohazard-cleanup/|/service-areas/moapa-town-nv/|/service-areas/moapa-town-nv/fire-damage-restoration/|/service-areas/moapa-town-nv/mold-remediation/|/service-areas/blue-diamond-nv/biohazard-cleanup/|/service-areas/boulder-city-nv/biohazard-cleanup/|/contact/,5.60,planned
/service-areas/moapa-town-nv/burst-pipe-repair/,service-area-service,"Burst Pipe Cleanup and Repair in Moapa Town, NV | Desert Valley Contracting Inc ",Burst Pipe Cleanup and Repair in Moapa Town,"24/7 burst pipe cleanup and repair in Moapa Town, NV. IICRC-certified, insurance billing accepted. Call (702) 633-5033.",burst pipe cleanup and repair moapa town,burst pipe cleanup|pipe burst emergency|pipe break water damage|water line break|emergency pipe repair,local_emergency,,,900,hero|og|inline-1|inline-2,service|local-business|faq|breadcrumb-list,/services/burst-pipe-repair/|/service-areas/moapa-town-nv/|/service-areas/moapa-town-nv/fire-damage-restoration/|/service-areas/moapa-town-nv/mold-remediation/|/service-areas/blue-diamond-nv/burst-pipe-repair/|/service-areas/boulder-city-nv/burst-pipe-repair/|/contact/,5.60,planned
/service-areas/moapa-town-nv/ceiling-water-damage-repair/,service-area-service,"Ceiling Water Damage Repair in Moapa Town, NV | Desert Valley Contracting Inc ",Ceiling Water Damage Repair in Moapa Town,"24/7 ceiling water damage repair in Moapa Town, NV. IICRC-certified, insurance billing accepted. Call (702) 633-5033.",ceiling water damage repair moapa town,ceiling leaking|water coming through ceiling|ceiling leak repair|sagging ceiling water damage|water stain ceiling,local_emergency,,,900,hero|og|inline-1|inline-2,service|local-business|faq|breadcrumb-list,/services/ceiling-water-damage-repair/|/service-areas/moapa-town-nv/|/service-areas/moapa-town-nv/fire-damage-restoration/|/service-areas/moapa-town-nv/mold-remediation/|/service-areas/blue-diamond-nv/ceiling-water-damage-repair/|/service-areas/boulder-city-nv/ceiling-water-damage-repair/|/contact/,5.60,planned
/service-areas/moapa-town-nv/general-contracting/,service-area-service,"Renovations, Remodels and General Contracting in Moapa Town, NV | Desert Valley Contracting Inc ","Renovations, Remodels and General Contracting in Moapa Town","24/7 renovations, remodels and general contracting in Moapa Town, NV. IICRC-certified, insurance billing accepted. Call (702) 633-5033.","renovations, remodels and general contracting moapa town",general contractor|home renovation services|home remodeling|kitchen remodel|bathroom remodel|post-damage rebuild,local_commercial,,,900,hero|og|inline-1|inline-2,service|local-business|faq|breadcrumb-list,/services/general-contracting/|/service-areas/moapa-town-nv/|/service-areas/moapa-town-nv/fire-damage-restoration/|/service-areas/moapa-town-nv/mold-remediation/|/service-areas/blue-diamond-nv/general-contracting/|/service-areas/boulder-city-nv/general-contracting/|/contact/,5.60,planned
/service-areas/moapa-town-nv/large-loss-response/,service-area-service,"Large Loss and Catastrophic Response in Moapa Town, NV | Desert Valley Contracting Inc ",Large Loss and Catastrophic Response in Moapa Town,"24/7 large loss and catastrophic response in Moapa Town, NV. IICRC-certified, insurance billing accepted. Call (702) 633-5033.",large loss and catastrophic response moapa town,large loss restoration|catastrophic loss response|commercial catastrophic restoration|multi-million dollar restoration|large loss adjusters,local_b2b,,,900,hero|og|inline-1|inline-2,service|local-business|faq|breadcrumb-list,/services/large-loss-response/|/service-areas/moapa-town-nv/|/service-areas/moapa-town-nv/fire-damage-restoration/|/service-areas/moapa-town-nv/mold-remediation/|/service-areas/blue-diamond-nv/large-loss-response/|/service-areas/boulder-city-nv/large-loss-response/|/contact/,5.60,planned
/service-areas/moapa-town-nv/mold-inspection-testing/,service-area-service,"Mold Inspection and Testing in Moapa Town, NV | Desert Valley Contracting Inc ",Mold Inspection and Testing in Moapa Town,"24/7 mold inspection and testing in Moapa Town, NV. IICRC-certified, insurance billing accepted. Call (702) 633-5033.",mold inspection and testing moapa town,mold inspection|mold testing|indoor air quality testing|mold spore testing|mold assessment,local_health,,,900,hero|og|inline-1|inline-2,service|local-business|faq|breadcrumb-list,/services/mold-inspection-testing/|/service-areas/moapa-town-nv/|/service-areas/moapa-town-nv/fire-damage-restoration/|/service-areas/moapa-town-nv/mold-remediation/|/service-areas/blue-diamond-nv/mold-inspection-testing/|/service-areas/boulder-city-nv/mold-inspection-testing/|/contact/,5.60,planned
/service-areas/moapa-valley-nv/basement-flooding-cleanup/,service-area-service,"Basement Flooding Cleanup in Moapa Valley, NV | Desert Valley Contracting Inc ",Basement Flooding Cleanup in Moapa Valley,"24/7 basement flooding cleanup in Moapa Valley, NV. IICRC-certified, insurance billing accepted. Call (702) 633-5033.",basement flooding cleanup moapa valley,flooded basement cleanup|basement water removal|wet basement restoration|basement water damage|basement drying,local_emergency,,,900,hero|og|inline-1|inline-2,service|local-business|faq|breadcrumb-list,/services/basement-flooding-cleanup/|/service-areas/moapa-valley-nv/|/service-areas/moapa-valley-nv/fire-damage-restoration/|/service-areas/moapa-valley-nv/mold-remediation/|/service-areas/blue-diamond-nv/basement-flooding-cleanup/|/service-areas/boulder-city-nv/basement-flooding-cleanup/|/contact/,5.60,planned
/service-areas/moapa-valley-nv/biohazard-cleanup/,service-area-service,"Biohazard Cleanup in Moapa Valley, NV | Desert Valley Contracting Inc ",Biohazard Cleanup in Moapa Valley,"24/7 biohazard cleanup in Moapa Valley, NV. IICRC-certified, insurance billing accepted. Call (702) 633-5033.",biohazard cleanup moapa valley,biohazard remediation|blood cleanup|bodily fluid cleanup|sharps and needle cleanup|infectious material cleanup,local_sensitive,,,900,hero|og|inline-1|inline-2,service|local-business|faq|breadcrumb-list,/services/biohazard-cleanup/|/service-areas/moapa-valley-nv/|/service-areas/moapa-valley-nv/fire-damage-restoration/|/service-areas/moapa-valley-nv/mold-remediation/|/service-areas/blue-diamond-nv/biohazard-cleanup/|/service-areas/boulder-city-nv/biohazard-cleanup/|/contact/,5.60,planned
/service-areas/moapa-valley-nv/burst-pipe-repair/,service-area-service,"Burst Pipe Cleanup and Repair in Moapa Valley, NV | Desert Valley Contracting Inc ",Burst Pipe Cleanup and Repair in Moapa Valley,"24/7 burst pipe cleanup and repair in Moapa Valley, NV. IICRC-certified, insurance billing accepted. Call (702) 633-5033.",burst pipe cleanup and repair moapa valley,burst pipe cleanup|pipe burst emergency|pipe break water damage|water line break|emergency pipe repair,local_emergency,,,900,hero|og|inline-1|inline-2,service|local-business|faq|breadcrumb-list,/services/burst-pipe-repair/|/service-areas/moapa-valley-nv/|/service-areas/moapa-valley-nv/fire-damage-restoration/|/service-areas/moapa-valley-nv/mold-remediation/|/service-areas/blue-diamond-nv/burst-pipe-repair/|/service-areas/boulder-city-nv/burst-pipe-repair/|/contact/,5.60,planned
/service-areas/moapa-valley-nv/ceiling-water-damage-repair/,service-area-service,"Ceiling Water Damage Repair in Moapa Valley, NV | Desert Valley Contracting Inc ",Ceiling Water Damage Repair in Moapa Valley,"24/7 ceiling water damage repair in Moapa Valley, NV. IICRC-certified, insurance billing accepted. Call (702) 633-5033.",ceiling water damage repair moapa valley,ceiling leaking|water coming through ceiling|ceiling leak repair|sagging ceiling water damage|water stain ceiling,local_emergency,,,900,hero|og|inline-1|inline-2,service|local-business|faq|breadcrumb-list,/services/ceiling-water-damage-repair/|/service-areas/moapa-valley-nv/|/service-areas/moapa-valley-nv/fire-damage-restoration/|/service-areas/moapa-valley-nv/mold-remediation/|/service-areas/blue-diamond-nv/ceiling-water-damage-repair/|/service-areas/boulder-city-nv/ceiling-water-damage-repair/|/contact/,5.60,planned
/service-areas/moapa-valley-nv/general-contracting/,service-area-service,"Renovations, Remodels and General Contracting in Moapa Valley, NV | Desert Valley Contracting Inc ","Renovations, Remodels and General Contracting in Moapa Valley","24/7 renovations, remodels and general contracting in Moapa Valley, NV. IICRC-certified, insurance billing accepted. Call (702) 633-5033.","renovations, remodels and general contracting moapa valley",general contractor|home renovation services|home remodeling|kitchen remodel|bathroom remodel|post-damage rebuild,local_commercial,,,900,hero|og|inline-1|inline-2,service|local-business|faq|breadcrumb-list,/services/general-contracting/|/service-areas/moapa-valley-nv/|/service-areas/moapa-valley-nv/fire-damage-restoration/|/service-areas/moapa-valley-nv/mold-remediation/|/service-areas/blue-diamond-nv/general-contracting/|/service-areas/boulder-city-nv/general-contracting/|/contact/,5.60,planned
/service-areas/moapa-valley-nv/large-loss-response/,service-area-service,"Large Loss and Catastrophic Response in Moapa Valley, NV | Desert Valley Contracting Inc ",Large Loss and Catastrophic Response in Moapa Valley,"24/7 large loss and catastrophic response in Moapa Valley, NV. IICRC-certified, insurance billing accepted. Call (702) 633-5033.",large loss and catastrophic response moapa valley,large loss restoration|catastrophic loss response|commercial catastrophic restoration|multi-million dollar restoration|large loss adjusters,local_b2b,,,900,hero|og|inline-1|inline-2,service|local-business|faq|breadcrumb-list,/services/large-loss-response/|/service-areas/moapa-valley-nv/|/service-areas/moapa-valley-nv/fire-damage-restoration/|/service-areas/moapa-valley-nv/mold-remediation/|/service-areas/blue-diamond-nv/large-loss-response/|/service-areas/boulder-city-nv/large-loss-response/|/contact/,5.60,planned
/service-areas/moapa-valley-nv/mold-inspection-testing/,service-area-service,"Mold Inspection and Testing in Moapa Valley, NV | Desert Valley Contracting Inc ",Mold Inspection and Testing in Moapa Valley,"24/7 mold inspection and testing in Moapa Valley, NV. IICRC-certified, insurance billing accepted. Call (702) 633-5033.",mold inspection and testing moapa valley,mold inspection|mold testing|indoor air quality testing|mold spore testing|mold assessment,local_health,,,900,hero|og|inline-1|inline-2,service|local-business|faq|breadcrumb-list,/services/mold-inspection-testing/|/service-areas/moapa-valley-nv/|/service-areas/moapa-valley-nv/fire-damage-restoration/|/service-areas/moapa-valley-nv/mold-remediation/|/service-areas/blue-diamond-nv/mold-inspection-testing/|/service-areas/boulder-city-nv/mold-inspection-testing/|/contact/,5.60,planned
/service-areas/mount-charleston-nv/basement-flooding-cleanup/,service-area-service,"Basement Flooding Cleanup in Mount Charleston, NV | Desert Valley Contracting Inc ",Basement Flooding Cleanup in Mount Charleston,"24/7 basement flooding cleanup in Mount Charleston, NV. IICRC-certified, insurance billing accepted. Call (702) 633-5033.",basement flooding cleanup mount charleston,flooded basement cleanup|basement water removal|wet basement restoration|basement water damage|basement drying,local_emergency,,,900,hero|og|inline-1|inline-2,service|local-business|faq|breadcrumb-list,/services/basement-flooding-cleanup/|/service-areas/mount-charleston-nv/|/service-areas/mount-charleston-nv/fire-damage-restoration/|/service-areas/mount-charleston-nv/mold-remediation/|/service-areas/blue-diamond-nv/basement-flooding-cleanup/|/service-areas/boulder-city-nv/basement-flooding-cleanup/|/contact/,5.60,planned
/service-areas/mount-charleston-nv/biohazard-cleanup/,service-area-service,"Biohazard Cleanup in Mount Charleston, NV | Desert Valley Contracting Inc ",Biohazard Cleanup in Mount Charleston,"24/7 biohazard cleanup in Mount Charleston, NV. IICRC-certified, insurance billing accepted. Call (702) 633-5033.",biohazard cleanup mount charleston,biohazard remediation|blood cleanup|bodily fluid cleanup|sharps and needle cleanup|infectious material cleanup,local_sensitive,,,900,hero|og|inline-1|inline-2,service|local-business|faq|breadcrumb-list,/services/biohazard-cleanup/|/service-areas/mount-charleston-nv/|/service-areas/mount-charleston-nv/fire-damage-restoration/|/service-areas/mount-charleston-nv/mold-remediation/|/service-areas/blue-diamond-nv/biohazard-cleanup/|/service-areas/boulder-city-nv/biohazard-cleanup/|/contact/,5.60,planned
/service-areas/mount-charleston-nv/burst-pipe-repair/,service-area-service,"Burst Pipe Cleanup and Repair in Mount Charleston, NV | Desert Valley Contracting Inc ",Burst Pipe Cleanup and Repair in Mount Charleston,"24/7 burst pipe cleanup and repair in Mount Charleston, NV. IICRC-certified, insurance billing accepted. Call (702) 633-5033.",burst pipe cleanup and repair mount charleston,burst pipe cleanup|pipe burst emergency|pipe break water damage|water line break|emergency pipe repair,local_emergency,,,900,hero|og|inline-1|inline-2,service|local-business|faq|breadcrumb-list,/services/burst-pipe-repair/|/service-areas/mount-charleston-nv/|/service-areas/mount-charleston-nv/fire-damage-restoration/|/service-areas/mount-charleston-nv/mold-remediation/|/service-areas/blue-diamond-nv/burst-pipe-repair/|/service-areas/boulder-city-nv/burst-pipe-repair/|/contact/,5.60,planned
/service-areas/mount-charleston-nv/ceiling-water-damage-repair/,service-area-service,"Ceiling Water Damage Repair in Mount Charleston, NV | Desert Valley Contracting Inc ",Ceiling Water Damage Repair in Mount Charleston,"24/7 ceiling water damage repair in Mount Charleston, NV. IICRC-certified, insurance billing accepted. Call (702) 633-5033.",ceiling water damage repair mount charleston,ceiling leaking|water coming through ceiling|ceiling leak repair|sagging ceiling water damage|water stain ceiling,local_emergency,,,900,hero|og|inline-1|inline-2,service|local-business|faq|breadcrumb-list,/services/ceiling-water-damage-repair/|/service-areas/mount-charleston-nv/|/service-areas/mount-charleston-nv/fire-damage-restoration/|/service-areas/mount-charleston-nv/mold-remediation/|/service-areas/blue-diamond-nv/ceiling-water-damage-repair/|/service-areas/boulder-city-nv/ceiling-water-damage-repair/|/contact/,5.60,planned
/service-areas/mount-charleston-nv/general-contracting/,service-area-service,"Renovations, Remodels and General Contracting in Mount Charleston, NV | Desert Valley Contracting Inc ","Renovations, Remodels and General Contracting in Mount Charleston","24/7 renovations, remodels and general contracting in Mount Charleston, NV. IICRC-certified, insurance billing accepted. Call (702) 633-5033.","renovations, remodels and general contracting mount charleston",general contractor|home renovation services|home remodeling|kitchen remodel|bathroom remodel|post-damage rebuild,local_commercial,,,900,hero|og|inline-1|inline-2,service|local-business|faq|breadcrumb-list,/services/general-contracting/|/service-areas/mount-charleston-nv/|/service-areas/mount-charleston-nv/fire-damage-restoration/|/service-areas/mount-charleston-nv/mold-remediation/|/service-areas/blue-diamond-nv/general-contracting/|/service-areas/boulder-city-nv/general-contracting/|/contact/,5.60,planned
/service-areas/mount-charleston-nv/large-loss-response/,service-area-service,"Large Loss and Catastrophic Response in Mount Charleston, NV | Desert Valley Contracting Inc ",Large Loss and Catastrophic Response in Mount Charleston,"24/7 large loss and catastrophic response in Mount Charleston, NV. IICRC-certified, insurance billing accepted. Call (702) 633-5033.",large loss and catastrophic response mount charleston,large loss restoration|catastrophic loss response|commercial catastrophic restoration|multi-million dollar restoration|large loss adjusters,local_b2b,,,900,hero|og|inline-1|inline-2,service|local-business|faq|breadcrumb-list,/services/large-loss-response/|/service-areas/mount-charleston-nv/|/service-areas/mount-charleston-nv/fire-damage-restoration/|/service-areas/mount-charleston-nv/mold-remediation/|/service-areas/blue-diamond-nv/large-loss-response/|/service-areas/boulder-city-nv/large-loss-response/|/contact/,5.60,planned
/service-areas/mount-charleston-nv/mold-inspection-testing/,service-area-service,"Mold Inspection and Testing in Mount Charleston, NV | Desert Valley Contracting Inc ",Mold Inspection and Testing in Mount Charleston,"24/7 mold inspection and testing in Mount Charleston, NV. IICRC-certified, insurance billing accepted. Call (702) 633-5033.",mold inspection and testing mount charleston,mold inspection|mold testing|indoor air quality testing|mold spore testing|mold assessment,local_health,,,900,hero|og|inline-1|inline-2,service|local-business|faq|breadcrumb-list,/services/mold-inspection-testing/|/service-areas/mount-charleston-nv/|/service-areas/mount-charleston-nv/fire-damage-restoration/|/service-areas/mount-charleston-nv/mold-remediation/|/service-areas/blue-diamond-nv/mold-inspection-testing/|/service-areas/boulder-city-nv/mold-inspection-testing/|/contact/,5.60,planned
/service-areas/nelson-nv/basement-flooding-cleanup/,service-area-service,"Basement Flooding Cleanup in Nelson, NV | Desert Valley Contracting Inc ",Basement Flooding Cleanup in Nelson,"24/7 basement flooding cleanup in Nelson, NV. IICRC-certified, insurance billing accepted. Call (702) 633-5033.",basement flooding cleanup nelson,flooded basement cleanup|basement water removal|wet basement restoration|basement water damage|basement drying,local_emergency,,,900,hero|og|inline-1|inline-2,service|local-business|faq|breadcrumb-list,/services/basement-flooding-cleanup/|/service-areas/nelson-nv/|/service-areas/nelson-nv/fire-damage-restoration/|/service-areas/nelson-nv/mold-remediation/|/service-areas/blue-diamond-nv/basement-flooding-cleanup/|/service-areas/boulder-city-nv/basement-flooding-cleanup/|/contact/,5.60,planned
/service-areas/nelson-nv/biohazard-cleanup/,service-area-service,"Biohazard Cleanup in Nelson, NV | Desert Valley Contracting Inc ",Biohazard Cleanup in Nelson,"24/7 biohazard cleanup in Nelson, NV. IICRC-certified, insurance billing accepted. Call (702) 633-5033.",biohazard cleanup nelson,biohazard remediation|blood cleanup|bodily fluid cleanup|sharps and needle cleanup|infectious material cleanup,local_sensitive,,,900,hero|og|inline-1|inline-2,service|local-business|faq|breadcrumb-list,/services/biohazard-cleanup/|/service-areas/nelson-nv/|/service-areas/nelson-nv/fire-damage-restoration/|/service-areas/nelson-nv/mold-remediation/|/service-areas/blue-diamond-nv/biohazard-cleanup/|/service-areas/boulder-city-nv/biohazard-cleanup/|/contact/,5.60,planned
/service-areas/nelson-nv/burst-pipe-repair/,service-area-service,"Burst Pipe Cleanup and Repair in Nelson, NV | Desert Valley Contracting Inc ",Burst Pipe Cleanup and Repair in Nelson,"24/7 burst pipe cleanup and repair in Nelson, NV. IICRC-certified, insurance billing accepted. Call (702) 633-5033.",burst pipe cleanup and repair nelson,burst pipe cleanup|pipe burst emergency|pipe break water damage|water line break|emergency pipe repair,local_emergency,,,900,hero|og|inline-1|inline-2,service|local-business|faq|breadcrumb-list,/services/burst-pipe-repair/|/service-areas/nelson-nv/|/service-areas/nelson-nv/fire-damage-restoration/|/service-areas/nelson-nv/mold-remediation/|/service-areas/blue-diamond-nv/burst-pipe-repair/|/service-areas/boulder-city-nv/burst-pipe-repair/|/contact/,5.60,planned
/service-areas/nelson-nv/ceiling-water-damage-repair/,service-area-service,"Ceiling Water Damage Repair in Nelson, NV | Desert Valley Contracting Inc ",Ceiling Water Damage Repair in Nelson,"24/7 ceiling water damage repair in Nelson, NV. IICRC-certified, insurance billing accepted. Call (702) 633-5033.",ceiling water damage repair nelson,ceiling leaking|water coming through ceiling|ceiling leak repair|sagging ceiling water damage|water stain ceiling,local_emergency,,,900,hero|og|inline-1|inline-2,service|local-business|faq|breadcrumb-list,/services/ceiling-water-damage-repair/|/service-areas/nelson-nv/|/service-areas/nelson-nv/fire-damage-restoration/|/service-areas/nelson-nv/mold-remediation/|/service-areas/blue-diamond-nv/ceiling-water-damage-repair/|/service-areas/boulder-city-nv/ceiling-water-damage-repair/|/contact/,5.60,planned
/service-areas/nelson-nv/general-contracting/,service-area-service,"Renovations, Remodels and General Contracting in Nelson, NV | Desert Valley Contracting Inc ","Renovations, Remodels and General Contracting in Nelson","24/7 renovations, remodels and general contracting in Nelson, NV. IICRC-certified, insurance billing accepted. Call (702) 633-5033.","renovations, remodels and general contracting nelson",general contractor|home renovation services|home remodeling|kitchen remodel|bathroom remodel|post-damage rebuild,local_commercial,,,900,hero|og|inline-1|inline-2,service|local-business|faq|breadcrumb-list,/services/general-contracting/|/service-areas/nelson-nv/|/service-areas/nelson-nv/fire-damage-restoration/|/service-areas/nelson-nv/mold-remediation/|/service-areas/blue-diamond-nv/general-contracting/|/service-areas/boulder-city-nv/general-contracting/|/contact/,5.60,planned
/service-areas/nelson-nv/large-loss-response/,service-area-service,"Large Loss and Catastrophic Response in Nelson, NV | Desert Valley Contracting Inc ",Large Loss and Catastrophic Response in Nelson,"24/7 large loss and catastrophic response in Nelson, NV. IICRC-certified, insurance billing accepted. Call (702) 633-5033.",large loss and catastrophic response nelson,large loss restoration|catastrophic loss response|commercial catastrophic restoration|multi-million dollar restoration|large loss adjusters,local_b2b,,,900,hero|og|inline-1|inline-2,service|local-business|faq|breadcrumb-list,/services/large-loss-response/|/service-areas/nelson-nv/|/service-areas/nelson-nv/fire-damage-restoration/|/service-areas/nelson-nv/mold-remediation/|/service-areas/blue-diamond-nv/large-loss-response/|/service-areas/boulder-city-nv/large-loss-response/|/contact/,5.60,planned
/service-areas/nelson-nv/mold-inspection-testing/,service-area-service,"Mold Inspection and Testing in Nelson, NV | Desert Valley Contracting Inc ",Mold Inspection and Testing in Nelson,"24/7 mold inspection and testing in Nelson, NV. IICRC-certified, insurance billing accepted. Call (702) 633-5033.",mold inspection and testing nelson,mold inspection|mold testing|indoor air quality testing|mold spore testing|mold assessment,local_health,,,900,hero|og|inline-1|inline-2,service|local-business|faq|breadcrumb-list,/services/mold-inspection-testing/|/service-areas/nelson-nv/|/service-areas/nelson-nv/fire-damage-restoration/|/service-areas/nelson-nv/mold-remediation/|/service-areas/blue-diamond-nv/mold-inspection-testing/|/service-areas/boulder-city-nv/mold-inspection-testing/|/contact/,5.60,planned
/service-areas/pahrump-nv/basement-flooding-cleanup/,service-area-service,"Basement Flooding Cleanup in Pahrump, NV | Desert Valley Contracting Inc ",Basement Flooding Cleanup in Pahrump,"24/7 basement flooding cleanup in Pahrump, NV. IICRC-certified, insurance billing accepted. Call (702) 633-5033.",basement flooding cleanup pahrump,flooded basement cleanup|basement water removal|wet basement restoration|basement water damage|basement drying,local_emergency,,,900,hero|og|inline-1|inline-2,service|local-business|faq|breadcrumb-list,/services/basement-flooding-cleanup/|/service-areas/pahrump-nv/|/service-areas/pahrump-nv/fire-damage-restoration/|/service-areas/pahrump-nv/mold-remediation/|/service-areas/blue-diamond-nv/basement-flooding-cleanup/|/service-areas/boulder-city-nv/basement-flooding-cleanup/|/contact/,5.60,planned
/service-areas/pahrump-nv/biohazard-cleanup/,service-area-service,"Biohazard Cleanup in Pahrump, NV | Desert Valley Contracting Inc ",Biohazard Cleanup in Pahrump,"24/7 biohazard cleanup in Pahrump, NV. IICRC-certified, insurance billing accepted. Call (702) 633-5033.",biohazard cleanup pahrump,biohazard remediation|blood cleanup|bodily fluid cleanup|sharps and needle cleanup|infectious material cleanup,local_sensitive,,,900,hero|og|inline-1|inline-2,service|local-business|faq|breadcrumb-list,/services/biohazard-cleanup/|/service-areas/pahrump-nv/|/service-areas/pahrump-nv/fire-damage-restoration/|/service-areas/pahrump-nv/mold-remediation/|/service-areas/blue-diamond-nv/biohazard-cleanup/|/service-areas/boulder-city-nv/biohazard-cleanup/|/contact/,5.60,planned
/service-areas/pahrump-nv/burst-pipe-repair/,service-area-service,"Burst Pipe Cleanup and Repair in Pahrump, NV | Desert Valley Contracting Inc ",Burst Pipe Cleanup and Repair in Pahrump,"24/7 burst pipe cleanup and repair in Pahrump, NV. IICRC-certified, insurance billing accepted. Call (702) 633-5033.",burst pipe cleanup and repair pahrump,burst pipe cleanup|pipe burst emergency|pipe break water damage|water line break|emergency pipe repair,local_emergency,,,900,hero|og|inline-1|inline-2,service|local-business|faq|breadcrumb-list,/services/burst-pipe-repair/|/service-areas/pahrump-nv/|/service-areas/pahrump-nv/fire-damage-restoration/|/service-areas/pahrump-nv/mold-remediation/|/service-areas/blue-diamond-nv/burst-pipe-repair/|/service-areas/boulder-city-nv/burst-pipe-repair/|/contact/,5.60,planned
/service-areas/pahrump-nv/ceiling-water-damage-repair/,service-area-service,"Ceiling Water Damage Repair in Pahrump, NV | Desert Valley Contracting Inc ",Ceiling Water Damage Repair in Pahrump,"24/7 ceiling water damage repair in Pahrump, NV. IICRC-certified, insurance billing accepted. Call (702) 633-5033.",ceiling water damage repair pahrump,ceiling leaking|water coming through ceiling|ceiling leak repair|sagging ceiling water damage|water stain ceiling,local_emergency,,,900,hero|og|inline-1|inline-2,service|local-business|faq|breadcrumb-list,/services/ceiling-water-damage-repair/|/service-areas/pahrump-nv/|/service-areas/pahrump-nv/fire-damage-restoration/|/service-areas/pahrump-nv/mold-remediation/|/service-areas/blue-diamond-nv/ceiling-water-damage-repair/|/service-areas/boulder-city-nv/ceiling-water-damage-repair/|/contact/,5.60,planned
/service-areas/pahrump-nv/general-contracting/,service-area-service,"Renovations, Remodels and General Contracting in Pahrump, NV | Desert Valley Contracting Inc ","Renovations, Remodels and General Contracting in Pahrump","24/7 renovations, remodels and general contracting in Pahrump, NV. IICRC-certified, insurance billing accepted. Call (702) 633-5033.","renovations, remodels and general contracting pahrump",general contractor|home renovation services|home remodeling|kitchen remodel|bathroom remodel|post-damage rebuild,local_commercial,,,900,hero|og|inline-1|inline-2,service|local-business|faq|breadcrumb-list,/services/general-contracting/|/service-areas/pahrump-nv/|/service-areas/pahrump-nv/fire-damage-restoration/|/service-areas/pahrump-nv/mold-remediation/|/service-areas/blue-diamond-nv/general-contracting/|/service-areas/boulder-city-nv/general-contracting/|/contact/,5.60,planned
/service-areas/pahrump-nv/large-loss-response/,service-area-service,"Large Loss and Catastrophic Response in Pahrump, NV | Desert Valley Contracting Inc ",Large Loss and Catastrophic Response in Pahrump,"24/7 large loss and catastrophic response in Pahrump, NV. IICRC-certified, insurance billing accepted. Call (702) 633-5033.",large loss and catastrophic response pahrump,large loss restoration|catastrophic loss response|commercial catastrophic restoration|multi-million dollar restoration|large loss adjusters,local_b2b,,,900,hero|og|inline-1|inline-2,service|local-business|faq|breadcrumb-list,/services/large-loss-response/|/service-areas/pahrump-nv/|/service-areas/pahrump-nv/fire-damage-restoration/|/service-areas/pahrump-nv/mold-remediation/|/service-areas/blue-diamond-nv/large-loss-response/|/service-areas/boulder-city-nv/large-loss-response/|/contact/,5.60,planned
/service-areas/pahrump-nv/mold-inspection-testing/,service-area-service,"Mold Inspection and Testing in Pahrump, NV | Desert Valley Contracting Inc ",Mold Inspection and Testing in Pahrump,"24/7 mold inspection and testing in Pahrump, NV. IICRC-certified, insurance billing accepted. Call (702) 633-5033.",mold inspection and testing pahrump,mold inspection|mold testing|indoor air quality testing|mold spore testing|mold assessment,local_health,,,900,hero|og|inline-1|inline-2,service|local-business|faq|breadcrumb-list,/services/mold-inspection-testing/|/service-areas/pahrump-nv/|/service-areas/pahrump-nv/fire-damage-restoration/|/service-areas/pahrump-nv/mold-remediation/|/service-areas/blue-diamond-nv/mold-inspection-testing/|/service-areas/boulder-city-nv/mold-inspection-testing/|/contact/,5.60,planned
/service-areas/paradise-nv/basement-flooding-cleanup/,service-area-service,"Basement Flooding Cleanup in Paradise, NV | Desert Valley Contracting Inc ",Basement Flooding Cleanup in Paradise,"24/7 basement flooding cleanup in Paradise, NV. IICRC-certified, insurance billing accepted. Call (702) 633-5033.",basement flooding cleanup paradise,flooded basement cleanup|basement water removal|wet basement restoration|basement water damage|basement drying,local_emergency,,,900,hero|og|inline-1|inline-2,service|local-business|faq|breadcrumb-list,/services/basement-flooding-cleanup/|/service-areas/paradise-nv/|/service-areas/paradise-nv/fire-damage-restoration/|/service-areas/paradise-nv/mold-remediation/|/service-areas/blue-diamond-nv/basement-flooding-cleanup/|/service-areas/boulder-city-nv/basement-flooding-cleanup/|/contact/,5.60,planned
/service-areas/paradise-nv/biohazard-cleanup/,service-area-service,"Biohazard Cleanup in Paradise, NV | Desert Valley Contracting Inc ",Biohazard Cleanup in Paradise,"24/7 biohazard cleanup in Paradise, NV. IICRC-certified, insurance billing accepted. Call (702) 633-5033.",biohazard cleanup paradise,biohazard remediation|blood cleanup|bodily fluid cleanup|sharps and needle cleanup|infectious material cleanup,local_sensitive,,,900,hero|og|inline-1|inline-2,service|local-business|faq|breadcrumb-list,/services/biohazard-cleanup/|/service-areas/paradise-nv/|/service-areas/paradise-nv/fire-damage-restoration/|/service-areas/paradise-nv/mold-remediation/|/service-areas/blue-diamond-nv/biohazard-cleanup/|/service-areas/boulder-city-nv/biohazard-cleanup/|/contact/,5.60,planned
/service-areas/paradise-nv/burst-pipe-repair/,service-area-service,"Burst Pipe Cleanup and Repair in Paradise, NV | Desert Valley Contracting Inc ",Burst Pipe Cleanup and Repair in Paradise,"24/7 burst pipe cleanup and repair in Paradise, NV. IICRC-certified, insurance billing accepted. Call (702) 633-5033.",burst pipe cleanup and repair paradise,burst pipe cleanup|pipe burst emergency|pipe break water damage|water line break|emergency pipe repair,local_emergency,,,900,hero|og|inline-1|inline-2,service|local-business|faq|breadcrumb-list,/services/burst-pipe-repair/|/service-areas/paradise-nv/|/service-areas/paradise-nv/fire-damage-restoration/|/service-areas/paradise-nv/mold-remediation/|/service-areas/blue-diamond-nv/burst-pipe-repair/|/service-areas/boulder-city-nv/burst-pipe-repair/|/contact/,5.60,planned
/service-areas/paradise-nv/ceiling-water-damage-repair/,service-area-service,"Ceiling Water Damage Repair in Paradise, NV | Desert Valley Contracting Inc ",Ceiling Water Damage Repair in Paradise,"24/7 ceiling water damage repair in Paradise, NV. IICRC-certified, insurance billing accepted. Call (702) 633-5033.",ceiling water damage repair paradise,ceiling leaking|water coming through ceiling|ceiling leak repair|sagging ceiling water damage|water stain ceiling,local_emergency,,,900,hero|og|inline-1|inline-2,service|local-business|faq|breadcrumb-list,/services/ceiling-water-damage-repair/|/service-areas/paradise-nv/|/service-areas/paradise-nv/fire-damage-restoration/|/service-areas/paradise-nv/mold-remediation/|/service-areas/blue-diamond-nv/ceiling-water-damage-repair/|/service-areas/boulder-city-nv/ceiling-water-damage-repair/|/contact/,5.60,planned
/service-areas/paradise-nv/general-contracting/,service-area-service,"Renovations, Remodels and General Contracting in Paradise, NV | Desert Valley Contracting Inc ","Renovations, Remodels and General Contracting in Paradise","24/7 renovations, remodels and general contracting in Paradise, NV. IICRC-certified, insurance billing accepted. Call (702) 633-5033.","renovations, remodels and general contracting paradise",general contractor|home renovation services|home remodeling|kitchen remodel|bathroom remodel|post-damage rebuild,local_commercial,,,900,hero|og|inline-1|inline-2,service|local-business|faq|breadcrumb-list,/services/general-contracting/|/service-areas/paradise-nv/|/service-areas/paradise-nv/fire-damage-restoration/|/service-areas/paradise-nv/mold-remediation/|/service-areas/blue-diamond-nv/general-contracting/|/service-areas/boulder-city-nv/general-contracting/|/contact/,5.60,planned
/service-areas/paradise-nv/large-loss-response/,service-area-service,"Large Loss and Catastrophic Response in Paradise, NV | Desert Valley Contracting Inc ",Large Loss and Catastrophic Response in Paradise,"24/7 large loss and catastrophic response in Paradise, NV. IICRC-certified, insurance billing accepted. Call (702) 633-5033.",large loss and catastrophic response paradise,large loss restoration|catastrophic loss response|commercial catastrophic restoration|multi-million dollar restoration|large loss adjusters,local_b2b,,,900,hero|og|inline-1|inline-2,service|local-business|faq|breadcrumb-list,/services/large-loss-response/|/service-areas/paradise-nv/|/service-areas/paradise-nv/fire-damage-restoration/|/service-areas/paradise-nv/mold-remediation/|/service-areas/blue-diamond-nv/large-loss-response/|/service-areas/boulder-city-nv/large-loss-response/|/contact/,5.60,planned
/service-areas/paradise-nv/mold-inspection-testing/,service-area-service,"Mold Inspection and Testing in Paradise, NV | Desert Valley Contracting Inc ",Mold Inspection and Testing in Paradise,"24/7 mold inspection and testing in Paradise, NV. IICRC-certified, insurance billing accepted. Call (702) 633-5033.",mold inspection and testing paradise,mold inspection|mold testing|indoor air quality testing|mold spore testing|mold assessment,local_health,,,900,hero|og|inline-1|inline-2,service|local-business|faq|breadcrumb-list,/services/mold-inspection-testing/|/service-areas/paradise-nv/|/service-areas/paradise-nv/fire-damage-restoration/|/service-areas/paradise-nv/mold-remediation/|/service-areas/blue-diamond-nv/mold-inspection-testing/|/service-areas/boulder-city-nv/mold-inspection-testing/|/contact/,5.60,planned
/service-areas/sandy-valley-nv/basement-flooding-cleanup/,service-area-service,"Basement Flooding Cleanup in Sandy Valley, NV | Desert Valley Contracting Inc ",Basement Flooding Cleanup in Sandy Valley,"24/7 basement flooding cleanup in Sandy Valley, NV. IICRC-certified, insurance billing accepted. Call (702) 633-5033.",basement flooding cleanup sandy valley,flooded basement cleanup|basement water removal|wet basement restoration|basement water damage|basement drying,local_emergency,,,900,hero|og|inline-1|inline-2,service|local-business|faq|breadcrumb-list,/services/basement-flooding-cleanup/|/service-areas/sandy-valley-nv/|/service-areas/sandy-valley-nv/fire-damage-restoration/|/service-areas/sandy-valley-nv/mold-remediation/|/service-areas/blue-diamond-nv/basement-flooding-cleanup/|/service-areas/boulder-city-nv/basement-flooding-cleanup/|/contact/,5.60,planned
/service-areas/sandy-valley-nv/biohazard-cleanup/,service-area-service,"Biohazard Cleanup in Sandy Valley, NV | Desert Valley Contracting Inc ",Biohazard Cleanup in Sandy Valley,"24/7 biohazard cleanup in Sandy Valley, NV. IICRC-certified, insurance billing accepted. Call (702) 633-5033.",biohazard cleanup sandy valley,biohazard remediation|blood cleanup|bodily fluid cleanup|sharps and needle cleanup|infectious material cleanup,local_sensitive,,,900,hero|og|inline-1|inline-2,service|local-business|faq|breadcrumb-list,/services/biohazard-cleanup/|/service-areas/sandy-valley-nv/|/service-areas/sandy-valley-nv/fire-damage-restoration/|/service-areas/sandy-valley-nv/mold-remediation/|/service-areas/blue-diamond-nv/biohazard-cleanup/|/service-areas/boulder-city-nv/biohazard-cleanup/|/contact/,5.60,planned
/service-areas/sandy-valley-nv/burst-pipe-repair/,service-area-service,"Burst Pipe Cleanup and Repair in Sandy Valley, NV | Desert Valley Contracting Inc ",Burst Pipe Cleanup and Repair in Sandy Valley,"24/7 burst pipe cleanup and repair in Sandy Valley, NV. IICRC-certified, insurance billing accepted. Call (702) 633-5033.",burst pipe cleanup and repair sandy valley,burst pipe cleanup|pipe burst emergency|pipe break water damage|water line break|emergency pipe repair,local_emergency,,,900,hero|og|inline-1|inline-2,service|local-business|faq|breadcrumb-list,/services/burst-pipe-repair/|/service-areas/sandy-valley-nv/|/service-areas/sandy-valley-nv/fire-damage-restoration/|/service-areas/sandy-valley-nv/mold-remediation/|/service-areas/blue-diamond-nv/burst-pipe-repair/|/service-areas/boulder-city-nv/burst-pipe-repair/|/contact/,5.60,planned
/service-areas/sandy-valley-nv/ceiling-water-damage-repair/,service-area-service,"Ceiling Water Damage Repair in Sandy Valley, NV | Desert Valley Contracting Inc ",Ceiling Water Damage Repair in Sandy Valley,"24/7 ceiling water damage repair in Sandy Valley, NV. IICRC-certified, insurance billing accepted. Call (702) 633-5033.",ceiling water damage repair sandy valley,ceiling leaking|water coming through ceiling|ceiling leak repair|sagging ceiling water damage|water stain ceiling,local_emergency,,,900,hero|og|inline-1|inline-2,service|local-business|faq|breadcrumb-list,/services/ceiling-water-damage-repair/|/service-areas/sandy-valley-nv/|/service-areas/sandy-valley-nv/fire-damage-restoration/|/service-areas/sandy-valley-nv/mold-remediation/|/service-areas/blue-diamond-nv/ceiling-water-damage-repair/|/service-areas/boulder-city-nv/ceiling-water-damage-repair/|/contact/,5.60,planned
/service-areas/sandy-valley-nv/general-contracting/,service-area-service,"Renovations, Remodels and General Contracting in Sandy Valley, NV | Desert Valley Contracting Inc ","Renovations, Remodels and General Contracting in Sandy Valley","24/7 renovations, remodels and general contracting in Sandy Valley, NV. IICRC-certified, insurance billing accepted. Call (702) 633-5033.","renovations, remodels and general contracting sandy valley",general contractor|home renovation services|home remodeling|kitchen remodel|bathroom remodel|post-damage rebuild,local_commercial,,,900,hero|og|inline-1|inline-2,service|local-business|faq|breadcrumb-list,/services/general-contracting/|/service-areas/sandy-valley-nv/|/service-areas/sandy-valley-nv/fire-damage-restoration/|/service-areas/sandy-valley-nv/mold-remediation/|/service-areas/blue-diamond-nv/general-contracting/|/service-areas/boulder-city-nv/general-contracting/|/contact/,5.60,planned
/service-areas/sandy-valley-nv/large-loss-response/,service-area-service,"Large Loss and Catastrophic Response in Sandy Valley, NV | Desert Valley Contracting Inc ",Large Loss and Catastrophic Response in Sandy Valley,"24/7 large loss and catastrophic response in Sandy Valley, NV. IICRC-certified, insurance billing accepted. Call (702) 633-5033.",large loss and catastrophic response sandy valley,large loss restoration|catastrophic loss response|commercial catastrophic restoration|multi-million dollar restoration|large loss adjusters,local_b2b,,,900,hero|og|inline-1|inline-2,service|local-business|faq|breadcrumb-list,/services/large-loss-response/|/service-areas/sandy-valley-nv/|/service-areas/sandy-valley-nv/fire-damage-restoration/|/service-areas/sandy-valley-nv/mold-remediation/|/service-areas/blue-diamond-nv/large-loss-response/|/service-areas/boulder-city-nv/large-loss-response/|/contact/,5.60,planned
/service-areas/sandy-valley-nv/mold-inspection-testing/,service-area-service,"Mold Inspection and Testing in Sandy Valley, NV | Desert Valley Contracting Inc ",Mold Inspection and Testing in Sandy Valley,"24/7 mold inspection and testing in Sandy Valley, NV. IICRC-certified, insurance billing accepted. Call (702) 633-5033.",mold inspection and testing sandy valley,mold inspection|mold testing|indoor air quality testing|mold spore testing|mold assessment,local_health,,,900,hero|og|inline-1|inline-2,service|local-business|faq|breadcrumb-list,/services/mold-inspection-testing/|/service-areas/sandy-valley-nv/|/service-areas/sandy-valley-nv/fire-damage-restoration/|/service-areas/sandy-valley-nv/mold-remediation/|/service-areas/blue-diamond-nv/mold-inspection-testing/|/service-areas/boulder-city-nv/mold-inspection-testing/|/contact/,5.60,planned
/service-areas/searchlight-nv/basement-flooding-cleanup/,service-area-service,"Basement Flooding Cleanup in Searchlight, NV | Desert Valley Contracting Inc ",Basement Flooding Cleanup in Searchlight,"24/7 basement flooding cleanup in Searchlight, NV. IICRC-certified, insurance billing accepted. Call (702) 633-5033.",basement flooding cleanup searchlight,flooded basement cleanup|basement water removal|wet basement restoration|basement water damage|basement drying,local_emergency,,,900,hero|og|inline-1|inline-2,service|local-business|faq|breadcrumb-list,/services/basement-flooding-cleanup/|/service-areas/searchlight-nv/|/service-areas/searchlight-nv/fire-damage-restoration/|/service-areas/searchlight-nv/mold-remediation/|/service-areas/blue-diamond-nv/basement-flooding-cleanup/|/service-areas/boulder-city-nv/basement-flooding-cleanup/|/contact/,5.60,planned
/service-areas/searchlight-nv/biohazard-cleanup/,service-area-service,"Biohazard Cleanup in Searchlight, NV | Desert Valley Contracting Inc ",Biohazard Cleanup in Searchlight,"24/7 biohazard cleanup in Searchlight, NV. IICRC-certified, insurance billing accepted. Call (702) 633-5033.",biohazard cleanup searchlight,biohazard remediation|blood cleanup|bodily fluid cleanup|sharps and needle cleanup|infectious material cleanup,local_sensitive,,,900,hero|og|inline-1|inline-2,service|local-business|faq|breadcrumb-list,/services/biohazard-cleanup/|/service-areas/searchlight-nv/|/service-areas/searchlight-nv/fire-damage-restoration/|/service-areas/searchlight-nv/mold-remediation/|/service-areas/blue-diamond-nv/biohazard-cleanup/|/service-areas/boulder-city-nv/biohazard-cleanup/|/contact/,5.60,planned
/service-areas/searchlight-nv/burst-pipe-repair/,service-area-service,"Burst Pipe Cleanup and Repair in Searchlight, NV | Desert Valley Contracting Inc ",Burst Pipe Cleanup and Repair in Searchlight,"24/7 burst pipe cleanup and repair in Searchlight, NV. IICRC-certified, insurance billing accepted. Call (702) 633-5033.",burst pipe cleanup and repair searchlight,burst pipe cleanup|pipe burst emergency|pipe break water damage|water line break|emergency pipe repair,local_emergency,,,900,hero|og|inline-1|inline-2,service|local-business|faq|breadcrumb-list,/services/burst-pipe-repair/|/service-areas/searchlight-nv/|/service-areas/searchlight-nv/fire-damage-restoration/|/service-areas/searchlight-nv/mold-remediation/|/service-areas/blue-diamond-nv/burst-pipe-repair/|/service-areas/boulder-city-nv/burst-pipe-repair/|/contact/,5.60,planned
/service-areas/searchlight-nv/ceiling-water-damage-repair/,service-area-service,"Ceiling Water Damage Repair in Searchlight, NV | Desert Valley Contracting Inc ",Ceiling Water Damage Repair in Searchlight,"24/7 ceiling water damage repair in Searchlight, NV. IICRC-certified, insurance billing accepted. Call (702) 633-5033.",ceiling water damage repair searchlight,ceiling leaking|water coming through ceiling|ceiling leak repair|sagging ceiling water damage|water stain ceiling,local_emergency,,,900,hero|og|inline-1|inline-2,service|local-business|faq|breadcrumb-list,/services/ceiling-water-damage-repair/|/service-areas/searchlight-nv/|/service-areas/searchlight-nv/fire-damage-restoration/|/service-areas/searchlight-nv/mold-remediation/|/service-areas/blue-diamond-nv/ceiling-water-damage-repair/|/service-areas/boulder-city-nv/ceiling-water-damage-repair/|/contact/,5.60,planned
/service-areas/searchlight-nv/general-contracting/,service-area-service,"Renovations, Remodels and General Contracting in Searchlight, NV | Desert Valley Contracting Inc ","Renovations, Remodels and General Contracting in Searchlight","24/7 renovations, remodels and general contracting in Searchlight, NV. IICRC-certified, insurance billing accepted. Call (702) 633-5033.","renovations, remodels and general contracting searchlight",general contractor|home renovation services|home remodeling|kitchen remodel|bathroom remodel|post-damage rebuild,local_commercial,,,900,hero|og|inline-1|inline-2,service|local-business|faq|breadcrumb-list,/services/general-contracting/|/service-areas/searchlight-nv/|/service-areas/searchlight-nv/fire-damage-restoration/|/service-areas/searchlight-nv/mold-remediation/|/service-areas/blue-diamond-nv/general-contracting/|/service-areas/boulder-city-nv/general-contracting/|/contact/,5.60,planned
/service-areas/searchlight-nv/large-loss-response/,service-area-service,"Large Loss and Catastrophic Response in Searchlight, NV | Desert Valley Contracting Inc ",Large Loss and Catastrophic Response in Searchlight,"24/7 large loss and catastrophic response in Searchlight, NV. IICRC-certified, insurance billing accepted. Call (702) 633-5033.",large loss and catastrophic response searchlight,large loss restoration|catastrophic loss response|commercial catastrophic restoration|multi-million dollar restoration|large loss adjusters,local_b2b,,,900,hero|og|inline-1|inline-2,service|local-business|faq|breadcrumb-list,/services/large-loss-response/|/service-areas/searchlight-nv/|/service-areas/searchlight-nv/fire-damage-restoration/|/service-areas/searchlight-nv/mold-remediation/|/service-areas/blue-diamond-nv/large-loss-response/|/service-areas/boulder-city-nv/large-loss-response/|/contact/,5.60,planned
/service-areas/searchlight-nv/mold-inspection-testing/,service-area-service,"Mold Inspection and Testing in Searchlight, NV | Desert Valley Contracting Inc ",Mold Inspection and Testing in Searchlight,"24/7 mold inspection and testing in Searchlight, NV. IICRC-certified, insurance billing accepted. Call (702) 633-5033.",mold inspection and testing searchlight,mold inspection|mold testing|indoor air quality testing|mold spore testing|mold assessment,local_health,,,900,hero|og|inline-1|inline-2,service|local-business|faq|breadcrumb-list,/services/mold-inspection-testing/|/service-areas/searchlight-nv/|/service-areas/searchlight-nv/fire-damage-restoration/|/service-areas/searchlight-nv/mold-remediation/|/service-areas/blue-diamond-nv/mold-inspection-testing/|/service-areas/boulder-city-nv/mold-inspection-testing/|/contact/,5.60,planned
/service-areas/spring-valley-nv/basement-flooding-cleanup/,service-area-service,"Basement Flooding Cleanup in Spring Valley, NV | Desert Valley Contracting Inc ",Basement Flooding Cleanup in Spring Valley,"24/7 basement flooding cleanup in Spring Valley, NV. IICRC-certified, insurance billing accepted. Call (702) 633-5033.",basement flooding cleanup spring valley,flooded basement cleanup|basement water removal|wet basement restoration|basement water damage|basement drying,local_emergency,,,900,hero|og|inline-1|inline-2,service|local-business|faq|breadcrumb-list,/services/basement-flooding-cleanup/|/service-areas/spring-valley-nv/|/service-areas/spring-valley-nv/fire-damage-restoration/|/service-areas/spring-valley-nv/mold-remediation/|/service-areas/blue-diamond-nv/basement-flooding-cleanup/|/service-areas/boulder-city-nv/basement-flooding-cleanup/|/contact/,5.60,planned
/service-areas/spring-valley-nv/biohazard-cleanup/,service-area-service,"Biohazard Cleanup in Spring Valley, NV | Desert Valley Contracting Inc ",Biohazard Cleanup in Spring Valley,"24/7 biohazard cleanup in Spring Valley, NV. IICRC-certified, insurance billing accepted. Call (702) 633-5033.",biohazard cleanup spring valley,biohazard remediation|blood cleanup|bodily fluid cleanup|sharps and needle cleanup|infectious material cleanup,local_sensitive,,,900,hero|og|inline-1|inline-2,service|local-business|faq|breadcrumb-list,/services/biohazard-cleanup/|/service-areas/spring-valley-nv/|/service-areas/spring-valley-nv/fire-damage-restoration/|/service-areas/spring-valley-nv/mold-remediation/|/service-areas/blue-diamond-nv/biohazard-cleanup/|/service-areas/boulder-city-nv/biohazard-cleanup/|/contact/,5.60,planned
/service-areas/spring-valley-nv/burst-pipe-repair/,service-area-service,"Burst Pipe Cleanup and Repair in Spring Valley, NV | Desert Valley Contracting Inc ",Burst Pipe Cleanup and Repair in Spring Valley,"24/7 burst pipe cleanup and repair in Spring Valley, NV. IICRC-certified, insurance billing accepted. Call (702) 633-5033.",burst pipe cleanup and repair spring valley,burst pipe cleanup|pipe burst emergency|pipe break water damage|water line break|emergency pipe repair,local_emergency,,,900,hero|og|inline-1|inline-2,service|local-business|faq|breadcrumb-list,/services/burst-pipe-repair/|/service-areas/spring-valley-nv/|/service-areas/spring-valley-nv/fire-damage-restoration/|/service-areas/spring-valley-nv/mold-remediation/|/service-areas/blue-diamond-nv/burst-pipe-repair/|/service-areas/boulder-city-nv/burst-pipe-repair/|/contact/,5.60,planned
/service-areas/spring-valley-nv/ceiling-water-damage-repair/,service-area-service,"Ceiling Water Damage Repair in Spring Valley, NV | Desert Valley Contracting Inc ",Ceiling Water Damage Repair in Spring Valley,"24/7 ceiling water damage repair in Spring Valley, NV. IICRC-certified, insurance billing accepted. Call (702) 633-5033.",ceiling water damage repair spring valley,ceiling leaking|water coming through ceiling|ceiling leak repair|sagging ceiling water damage|water stain ceiling,local_emergency,,,900,hero|og|inline-1|inline-2,service|local-business|faq|breadcrumb-list,/services/ceiling-water-damage-repair/|/service-areas/spring-valley-nv/|/service-areas/spring-valley-nv/fire-damage-restoration/|/service-areas/spring-valley-nv/mold-remediation/|/service-areas/blue-diamond-nv/ceiling-water-damage-repair/|/service-areas/boulder-city-nv/ceiling-water-damage-repair/|/contact/,5.60,planned
/service-areas/spring-valley-nv/general-contracting/,service-area-service,"Renovations, Remodels and General Contracting in Spring Valley, NV | Desert Valley Contracting Inc ","Renovations, Remodels and General Contracting in Spring Valley","24/7 renovations, remodels and general contracting in Spring Valley, NV. IICRC-certified, insurance billing accepted. Call (702) 633-5033.","renovations, remodels and general contracting spring valley",general contractor|home renovation services|home remodeling|kitchen remodel|bathroom remodel|post-damage rebuild,local_commercial,,,900,hero|og|inline-1|inline-2,service|local-business|faq|breadcrumb-list,/services/general-contracting/|/service-areas/spring-valley-nv/|/service-areas/spring-valley-nv/fire-damage-restoration/|/service-areas/spring-valley-nv/mold-remediation/|/service-areas/blue-diamond-nv/general-contracting/|/service-areas/boulder-city-nv/general-contracting/|/contact/,5.60,planned
/service-areas/spring-valley-nv/large-loss-response/,service-area-service,"Large Loss and Catastrophic Response in Spring Valley, NV | Desert Valley Contracting Inc ",Large Loss and Catastrophic Response in Spring Valley,"24/7 large loss and catastrophic response in Spring Valley, NV. IICRC-certified, insurance billing accepted. Call (702) 633-5033.",large loss and catastrophic response spring valley,large loss restoration|catastrophic loss response|commercial catastrophic restoration|multi-million dollar restoration|large loss adjusters,local_b2b,,,900,hero|og|inline-1|inline-2,service|local-business|faq|breadcrumb-list,/services/large-loss-response/|/service-areas/spring-valley-nv/|/service-areas/spring-valley-nv/fire-damage-restoration/|/service-areas/spring-valley-nv/mold-remediation/|/service-areas/blue-diamond-nv/large-loss-response/|/service-areas/boulder-city-nv/large-loss-response/|/contact/,5.60,planned
/service-areas/spring-valley-nv/mold-inspection-testing/,service-area-service,"Mold Inspection and Testing in Spring Valley, NV | Desert Valley Contracting Inc ",Mold Inspection and Testing in Spring Valley,"24/7 mold inspection and testing in Spring Valley, NV. IICRC-certified, insurance billing accepted. Call (702) 633-5033.",mold inspection and testing spring valley,mold inspection|mold testing|indoor air quality testing|mold spore testing|mold assessment,local_health,,,900,hero|og|inline-1|inline-2,service|local-business|faq|breadcrumb-list,/services/mold-inspection-testing/|/service-areas/spring-valley-nv/|/service-areas/spring-valley-nv/fire-damage-restoration/|/service-areas/spring-valley-nv/mold-remediation/|/service-areas/blue-diamond-nv/mold-inspection-testing/|/service-areas/boulder-city-nv/mold-inspection-testing/|/contact/,5.60,planned
/service-areas/summerlin-nv/basement-flooding-cleanup/,service-area-service,"Basement Flooding Cleanup in Summerlin, NV | Desert Valley Contracting Inc ",Basement Flooding Cleanup in Summerlin,"24/7 basement flooding cleanup in Summerlin, NV. IICRC-certified, insurance billing accepted. Call (702) 633-5033.",basement flooding cleanup summerlin,flooded basement cleanup|basement water removal|wet basement restoration|basement water damage|basement drying,local_emergency,,,900,hero|og|inline-1|inline-2,service|local-business|faq|breadcrumb-list,/services/basement-flooding-cleanup/|/service-areas/summerlin-nv/|/service-areas/summerlin-nv/fire-damage-restoration/|/service-areas/summerlin-nv/mold-remediation/|/service-areas/blue-diamond-nv/basement-flooding-cleanup/|/service-areas/boulder-city-nv/basement-flooding-cleanup/|/contact/,5.60,planned
/service-areas/summerlin-nv/biohazard-cleanup/,service-area-service,"Biohazard Cleanup in Summerlin, NV | Desert Valley Contracting Inc ",Biohazard Cleanup in Summerlin,"24/7 biohazard cleanup in Summerlin, NV. IICRC-certified, insurance billing accepted. Call (702) 633-5033.",biohazard cleanup summerlin,biohazard remediation|blood cleanup|bodily fluid cleanup|sharps and needle cleanup|infectious material cleanup,local_sensitive,,,900,hero|og|inline-1|inline-2,service|local-business|faq|breadcrumb-list,/services/biohazard-cleanup/|/service-areas/summerlin-nv/|/service-areas/summerlin-nv/fire-damage-restoration/|/service-areas/summerlin-nv/mold-remediation/|/service-areas/blue-diamond-nv/biohazard-cleanup/|/service-areas/boulder-city-nv/biohazard-cleanup/|/contact/,5.60,planned
/service-areas/summerlin-nv/burst-pipe-repair/,service-area-service,"Burst Pipe Cleanup and Repair in Summerlin, NV | Desert Valley Contracting Inc ",Burst Pipe Cleanup and Repair in Summerlin,"24/7 burst pipe cleanup and repair in Summerlin, NV. IICRC-certified, insurance billing accepted. Call (702) 633-5033.",burst pipe cleanup and repair summerlin,burst pipe cleanup|pipe burst emergency|pipe break water damage|water line break|emergency pipe repair,local_emergency,,,900,hero|og|inline-1|inline-2,service|local-business|faq|breadcrumb-list,/services/burst-pipe-repair/|/service-areas/summerlin-nv/|/service-areas/summerlin-nv/fire-damage-restoration/|/service-areas/summerlin-nv/mold-remediation/|/service-areas/blue-diamond-nv/burst-pipe-repair/|/service-areas/boulder-city-nv/burst-pipe-repair/|/contact/,5.60,planned
/service-areas/summerlin-nv/ceiling-water-damage-repair/,service-area-service,"Ceiling Water Damage Repair in Summerlin, NV | Desert Valley Contracting Inc ",Ceiling Water Damage Repair in Summerlin,"24/7 ceiling water damage repair in Summerlin, NV. IICRC-certified, insurance billing accepted. Call (702) 633-5033.",ceiling water damage repair summerlin,ceiling leaking|water coming through ceiling|ceiling leak repair|sagging ceiling water damage|water stain ceiling,local_emergency,,,900,hero|og|inline-1|inline-2,service|local-business|faq|breadcrumb-list,/services/ceiling-water-damage-repair/|/service-areas/summerlin-nv/|/service-areas/summerlin-nv/fire-damage-restoration/|/service-areas/summerlin-nv/mold-remediation/|/service-areas/blue-diamond-nv/ceiling-water-damage-repair/|/service-areas/boulder-city-nv/ceiling-water-damage-repair/|/contact/,5.60,planned
/service-areas/summerlin-nv/general-contracting/,service-area-service,"Renovations, Remodels and General Contracting in Summerlin, NV | Desert Valley Contracting Inc ","Renovations, Remodels and General Contracting in Summerlin","24/7 renovations, remodels and general contracting in Summerlin, NV. IICRC-certified, insurance billing accepted. Call (702) 633-5033.","renovations, remodels and general contracting summerlin",general contractor|home renovation services|home remodeling|kitchen remodel|bathroom remodel|post-damage rebuild,local_commercial,,,900,hero|og|inline-1|inline-2,service|local-business|faq|breadcrumb-list,/services/general-contracting/|/service-areas/summerlin-nv/|/service-areas/summerlin-nv/fire-damage-restoration/|/service-areas/summerlin-nv/mold-remediation/|/service-areas/blue-diamond-nv/general-contracting/|/service-areas/boulder-city-nv/general-contracting/|/contact/,5.60,planned
/service-areas/summerlin-nv/large-loss-response/,service-area-service,"Large Loss and Catastrophic Response in Summerlin, NV | Desert Valley Contracting Inc ",Large Loss and Catastrophic Response in Summerlin,"24/7 large loss and catastrophic response in Summerlin, NV. IICRC-certified, insurance billing accepted. Call (702) 633-5033.",large loss and catastrophic response summerlin,large loss restoration|catastrophic loss response|commercial catastrophic restoration|multi-million dollar restoration|large loss adjusters,local_b2b,,,900,hero|og|inline-1|inline-2,service|local-business|faq|breadcrumb-list,/services/large-loss-response/|/service-areas/summerlin-nv/|/service-areas/summerlin-nv/fire-damage-restoration/|/service-areas/summerlin-nv/mold-remediation/|/service-areas/blue-diamond-nv/large-loss-response/|/service-areas/boulder-city-nv/large-loss-response/|/contact/,5.60,planned
/service-areas/summerlin-nv/mold-inspection-testing/,service-area-service,"Mold Inspection and Testing in Summerlin, NV | Desert Valley Contracting Inc ",Mold Inspection and Testing in Summerlin,"24/7 mold inspection and testing in Summerlin, NV. IICRC-certified, insurance billing accepted. Call (702) 633-5033.",mold inspection and testing summerlin,mold inspection|mold testing|indoor air quality testing|mold spore testing|mold assessment,local_health,,,900,hero|og|inline-1|inline-2,service|local-business|faq|breadcrumb-list,/services/mold-inspection-testing/|/service-areas/summerlin-nv/|/service-areas/summerlin-nv/fire-damage-restoration/|/service-areas/summerlin-nv/mold-remediation/|/service-areas/blue-diamond-nv/mold-inspection-testing/|/service-areas/boulder-city-nv/mold-inspection-testing/|/contact/,5.60,planned
/service-areas/summerlin-south-nv/basement-flooding-cleanup/,service-area-service,"Basement Flooding Cleanup in Summerlin South, NV | Desert Valley Contracting Inc ",Basement Flooding Cleanup in Summerlin South,"24/7 basement flooding cleanup in Summerlin South, NV. IICRC-certified, insurance billing accepted. Call (702) 633-5033.",basement flooding cleanup summerlin south,flooded basement cleanup|basement water removal|wet basement restoration|basement water damage|basement drying,local_emergency,,,900,hero|og|inline-1|inline-2,service|local-business|faq|breadcrumb-list,/services/basement-flooding-cleanup/|/service-areas/summerlin-south-nv/|/service-areas/summerlin-south-nv/fire-damage-restoration/|/service-areas/summerlin-south-nv/mold-remediation/|/service-areas/blue-diamond-nv/basement-flooding-cleanup/|/service-areas/boulder-city-nv/basement-flooding-cleanup/|/contact/,5.60,planned
/service-areas/summerlin-south-nv/biohazard-cleanup/,service-area-service,"Biohazard Cleanup in Summerlin South, NV | Desert Valley Contracting Inc ",Biohazard Cleanup in Summerlin South,"24/7 biohazard cleanup in Summerlin South, NV. IICRC-certified, insurance billing accepted. Call (702) 633-5033.",biohazard cleanup summerlin south,biohazard remediation|blood cleanup|bodily fluid cleanup|sharps and needle cleanup|infectious material cleanup,local_sensitive,,,900,hero|og|inline-1|inline-2,service|local-business|faq|breadcrumb-list,/services/biohazard-cleanup/|/service-areas/summerlin-south-nv/|/service-areas/summerlin-south-nv/fire-damage-restoration/|/service-areas/summerlin-south-nv/mold-remediation/|/service-areas/blue-diamond-nv/biohazard-cleanup/|/service-areas/boulder-city-nv/biohazard-cleanup/|/contact/,5.60,planned
/service-areas/summerlin-south-nv/burst-pipe-repair/,service-area-service,"Burst Pipe Cleanup and Repair in Summerlin South, NV | Desert Valley Contracting Inc ",Burst Pipe Cleanup and Repair in Summerlin South,"24/7 burst pipe cleanup and repair in Summerlin South, NV. IICRC-certified, insurance billing accepted. Call (702) 633-5033.",burst pipe cleanup and repair summerlin south,burst pipe cleanup|pipe burst emergency|pipe break water damage|water line break|emergency pipe repair,local_emergency,,,900,hero|og|inline-1|inline-2,service|local-business|faq|breadcrumb-list,/services/burst-pipe-repair/|/service-areas/summerlin-south-nv/|/service-areas/summerlin-south-nv/fire-damage-restoration/|/service-areas/summerlin-south-nv/mold-remediation/|/service-areas/blue-diamond-nv/burst-pipe-repair/|/service-areas/boulder-city-nv/burst-pipe-repair/|/contact/,5.60,planned
/service-areas/summerlin-south-nv/ceiling-water-damage-repair/,service-area-service,"Ceiling Water Damage Repair in Summerlin South, NV | Desert Valley Contracting Inc ",Ceiling Water Damage Repair in Summerlin South,"24/7 ceiling water damage repair in Summerlin South, NV. IICRC-certified, insurance billing accepted. Call (702) 633-5033.",ceiling water damage repair summerlin south,ceiling leaking|water coming through ceiling|ceiling leak repair|sagging ceiling water damage|water stain ceiling,local_emergency,,,900,hero|og|inline-1|inline-2,service|local-business|faq|breadcrumb-list,/services/ceiling-water-damage-repair/|/service-areas/summerlin-south-nv/|/service-areas/summerlin-south-nv/fire-damage-restoration/|/service-areas/summerlin-south-nv/mold-remediation/|/service-areas/blue-diamond-nv/ceiling-water-damage-repair/|/service-areas/boulder-city-nv/ceiling-water-damage-repair/|/contact/,5.60,planned
/service-areas/summerlin-south-nv/general-contracting/,service-area-service,"Renovations, Remodels and General Contracting in Summerlin South, NV | Desert Valley Contracting Inc ","Renovations, Remodels and General Contracting in Summerlin South","24/7 renovations, remodels and general contracting in Summerlin South, NV. IICRC-certified, insurance billing accepted. Call (702) 633-5033.","renovations, remodels and general contracting summerlin south",general contractor|home renovation services|home remodeling|kitchen remodel|bathroom remodel|post-damage rebuild,local_commercial,,,900,hero|og|inline-1|inline-2,service|local-business|faq|breadcrumb-list,/services/general-contracting/|/service-areas/summerlin-south-nv/|/service-areas/summerlin-south-nv/fire-damage-restoration/|/service-areas/summerlin-south-nv/mold-remediation/|/service-areas/blue-diamond-nv/general-contracting/|/service-areas/boulder-city-nv/general-contracting/|/contact/,5.60,planned
/service-areas/summerlin-south-nv/large-loss-response/,service-area-service,"Large Loss and Catastrophic Response in Summerlin South, NV | Desert Valley Contracting Inc ",Large Loss and Catastrophic Response in Summerlin South,"24/7 large loss and catastrophic response in Summerlin South, NV. IICRC-certified, insurance billing accepted. Call (702) 633-5033.",large loss and catastrophic response summerlin south,large loss restoration|catastrophic loss response|commercial catastrophic restoration|multi-million dollar restoration|large loss adjusters,local_b2b,,,900,hero|og|inline-1|inline-2,service|local-business|faq|breadcrumb-list,/services/large-loss-response/|/service-areas/summerlin-south-nv/|/service-areas/summerlin-south-nv/fire-damage-restoration/|/service-areas/summerlin-south-nv/mold-remediation/|/service-areas/blue-diamond-nv/large-loss-response/|/service-areas/boulder-city-nv/large-loss-response/|/contact/,5.60,planned
/service-areas/summerlin-south-nv/mold-inspection-testing/,service-area-service,"Mold Inspection and Testing in Summerlin South, NV | Desert Valley Contracting Inc ",Mold Inspection and Testing in Summerlin South,"24/7 mold inspection and testing in Summerlin South, NV. IICRC-certified, insurance billing accepted. Call (702) 633-5033.",mold inspection and testing summerlin south,mold inspection|mold testing|indoor air quality testing|mold spore testing|mold assessment,local_health,,,900,hero|og|inline-1|inline-2,service|local-business|faq|breadcrumb-list,/services/mold-inspection-testing/|/service-areas/summerlin-south-nv/|/service-areas/summerlin-south-nv/fire-damage-restoration/|/service-areas/summerlin-south-nv/mold-remediation/|/service-areas/blue-diamond-nv/mold-inspection-testing/|/service-areas/boulder-city-nv/mold-inspection-testing/|/contact/,5.60,planned
/service-areas/sunrise-manor-nv/basement-flooding-cleanup/,service-area-service,"Basement Flooding Cleanup in Sunrise Manor, NV | Desert Valley Contracting Inc ",Basement Flooding Cleanup in Sunrise Manor,"24/7 basement flooding cleanup in Sunrise Manor, NV. IICRC-certified, insurance billing accepted. Call (702) 633-5033.",basement flooding cleanup sunrise manor,flooded basement cleanup|basement water removal|wet basement restoration|basement water damage|basement drying,local_emergency,,,900,hero|og|inline-1|inline-2,service|local-business|faq|breadcrumb-list,/services/basement-flooding-cleanup/|/service-areas/sunrise-manor-nv/|/service-areas/sunrise-manor-nv/fire-damage-restoration/|/service-areas/sunrise-manor-nv/mold-remediation/|/service-areas/blue-diamond-nv/basement-flooding-cleanup/|/service-areas/boulder-city-nv/basement-flooding-cleanup/|/contact/,5.60,planned
/service-areas/sunrise-manor-nv/biohazard-cleanup/,service-area-service,"Biohazard Cleanup in Sunrise Manor, NV | Desert Valley Contracting Inc ",Biohazard Cleanup in Sunrise Manor,"24/7 biohazard cleanup in Sunrise Manor, NV. IICRC-certified, insurance billing accepted. Call (702) 633-5033.",biohazard cleanup sunrise manor,biohazard remediation|blood cleanup|bodily fluid cleanup|sharps and needle cleanup|infectious material cleanup,local_sensitive,,,900,hero|og|inline-1|inline-2,service|local-business|faq|breadcrumb-list,/services/biohazard-cleanup/|/service-areas/sunrise-manor-nv/|/service-areas/sunrise-manor-nv/fire-damage-restoration/|/service-areas/sunrise-manor-nv/mold-remediation/|/service-areas/blue-diamond-nv/biohazard-cleanup/|/service-areas/boulder-city-nv/biohazard-cleanup/|/contact/,5.60,planned
/service-areas/sunrise-manor-nv/burst-pipe-repair/,service-area-service,"Burst Pipe Cleanup and Repair in Sunrise Manor, NV | Desert Valley Contracting Inc ",Burst Pipe Cleanup and Repair in Sunrise Manor,"24/7 burst pipe cleanup and repair in Sunrise Manor, NV. IICRC-certified, insurance billing accepted. Call (702) 633-5033.",burst pipe cleanup and repair sunrise manor,burst pipe cleanup|pipe burst emergency|pipe break water damage|water line break|emergency pipe repair,local_emergency,,,900,hero|og|inline-1|inline-2,service|local-business|faq|breadcrumb-list,/services/burst-pipe-repair/|/service-areas/sunrise-manor-nv/|/service-areas/sunrise-manor-nv/fire-damage-restoration/|/service-areas/sunrise-manor-nv/mold-remediation/|/service-areas/blue-diamond-nv/burst-pipe-repair/|/service-areas/boulder-city-nv/burst-pipe-repair/|/contact/,5.60,planned
/service-areas/sunrise-manor-nv/ceiling-water-damage-repair/,service-area-service,"Ceiling Water Damage Repair in Sunrise Manor, NV | Desert Valley Contracting Inc ",Ceiling Water Damage Repair in Sunrise Manor,"24/7 ceiling water damage repair in Sunrise Manor, NV. IICRC-certified, insurance billing accepted. Call (702) 633-5033.",ceiling water damage repair sunrise manor,ceiling leaking|water coming through ceiling|ceiling leak repair|sagging ceiling water damage|water stain ceiling,local_emergency,,,900,hero|og|inline-1|inline-2,service|local-business|faq|breadcrumb-list,/services/ceiling-water-damage-repair/|/service-areas/sunrise-manor-nv/|/service-areas/sunrise-manor-nv/fire-damage-restoration/|/service-areas/sunrise-manor-nv/mold-remediation/|/service-areas/blue-diamond-nv/ceiling-water-damage-repair/|/service-areas/boulder-city-nv/ceiling-water-damage-repair/|/contact/,5.60,planned
/service-areas/sunrise-manor-nv/general-contracting/,service-area-service,"Renovations, Remodels and General Contracting in Sunrise Manor, NV | Desert Valley Contracting Inc ","Renovations, Remodels and General Contracting in Sunrise Manor","24/7 renovations, remodels and general contracting in Sunrise Manor, NV. IICRC-certified, insurance billing accepted. Call (702) 633-5033.","renovations, remodels and general contracting sunrise manor",general contractor|home renovation services|home remodeling|kitchen remodel|bathroom remodel|post-damage rebuild,local_commercial,,,900,hero|og|inline-1|inline-2,service|local-business|faq|breadcrumb-list,/services/general-contracting/|/service-areas/sunrise-manor-nv/|/service-areas/sunrise-manor-nv/fire-damage-restoration/|/service-areas/sunrise-manor-nv/mold-remediation/|/service-areas/blue-diamond-nv/general-contracting/|/service-areas/boulder-city-nv/general-contracting/|/contact/,5.60,planned
/service-areas/sunrise-manor-nv/large-loss-response/,service-area-service,"Large Loss and Catastrophic Response in Sunrise Manor, NV | Desert Valley Contracting Inc ",Large Loss and Catastrophic Response in Sunrise Manor,"24/7 large loss and catastrophic response in Sunrise Manor, NV. IICRC-certified, insurance billing accepted. Call (702) 633-5033.",large loss and catastrophic response sunrise manor,large loss restoration|catastrophic loss response|commercial catastrophic restoration|multi-million dollar restoration|large loss adjusters,local_b2b,,,900,hero|og|inline-1|inline-2,service|local-business|faq|breadcrumb-list,/services/large-loss-response/|/service-areas/sunrise-manor-nv/|/service-areas/sunrise-manor-nv/fire-damage-restoration/|/service-areas/sunrise-manor-nv/mold-remediation/|/service-areas/blue-diamond-nv/large-loss-response/|/service-areas/boulder-city-nv/large-loss-response/|/contact/,5.60,planned
/service-areas/sunrise-manor-nv/mold-inspection-testing/,service-area-service,"Mold Inspection and Testing in Sunrise Manor, NV | Desert Valley Contracting Inc ",Mold Inspection and Testing in Sunrise Manor,"24/7 mold inspection and testing in Sunrise Manor, NV. IICRC-certified, insurance billing accepted. Call (702) 633-5033.",mold inspection and testing sunrise manor,mold inspection|mold testing|indoor air quality testing|mold spore testing|mold assessment,local_health,,,900,hero|og|inline-1|inline-2,service|local-business|faq|breadcrumb-list,/services/mold-inspection-testing/|/service-areas/sunrise-manor-nv/|/service-areas/sunrise-manor-nv/fire-damage-restoration/|/service-areas/sunrise-manor-nv/mold-remediation/|/service-areas/blue-diamond-nv/mold-inspection-testing/|/service-areas/boulder-city-nv/mold-inspection-testing/|/contact/,5.60,planned
/service-areas/whitney-nv/basement-flooding-cleanup/,service-area-service,"Basement Flooding Cleanup in Whitney, NV | Desert Valley Contracting Inc ",Basement Flooding Cleanup in Whitney,"24/7 basement flooding cleanup in Whitney, NV. IICRC-certified, insurance billing accepted. Call (702) 633-5033.",basement flooding cleanup whitney,flooded basement cleanup|basement water removal|wet basement restoration|basement water damage|basement drying,local_emergency,,,900,hero|og|inline-1|inline-2,service|local-business|faq|breadcrumb-list,/services/basement-flooding-cleanup/|/service-areas/whitney-nv/|/service-areas/whitney-nv/fire-damage-restoration/|/service-areas/whitney-nv/mold-remediation/|/service-areas/blue-diamond-nv/basement-flooding-cleanup/|/service-areas/boulder-city-nv/basement-flooding-cleanup/|/contact/,5.60,planned
/service-areas/whitney-nv/biohazard-cleanup/,service-area-service,"Biohazard Cleanup in Whitney, NV | Desert Valley Contracting Inc ",Biohazard Cleanup in Whitney,"24/7 biohazard cleanup in Whitney, NV. IICRC-certified, insurance billing accepted. Call (702) 633-5033.",biohazard cleanup whitney,biohazard remediation|blood cleanup|bodily fluid cleanup|sharps and needle cleanup|infectious material cleanup,local_sensitive,,,900,hero|og|inline-1|inline-2,service|local-business|faq|breadcrumb-list,/services/biohazard-cleanup/|/service-areas/whitney-nv/|/service-areas/whitney-nv/fire-damage-restoration/|/service-areas/whitney-nv/mold-remediation/|/service-areas/blue-diamond-nv/biohazard-cleanup/|/service-areas/boulder-city-nv/biohazard-cleanup/|/contact/,5.60,planned
/service-areas/whitney-nv/burst-pipe-repair/,service-area-service,"Burst Pipe Cleanup and Repair in Whitney, NV | Desert Valley Contracting Inc ",Burst Pipe Cleanup and Repair in Whitney,"24/7 burst pipe cleanup and repair in Whitney, NV. IICRC-certified, insurance billing accepted. Call (702) 633-5033.",burst pipe cleanup and repair whitney,burst pipe cleanup|pipe burst emergency|pipe break water damage|water line break|emergency pipe repair,local_emergency,,,900,hero|og|inline-1|inline-2,service|local-business|faq|breadcrumb-list,/services/burst-pipe-repair/|/service-areas/whitney-nv/|/service-areas/whitney-nv/fire-damage-restoration/|/service-areas/whitney-nv/mold-remediation/|/service-areas/blue-diamond-nv/burst-pipe-repair/|/service-areas/boulder-city-nv/burst-pipe-repair/|/contact/,5.60,planned
/service-areas/whitney-nv/ceiling-water-damage-repair/,service-area-service,"Ceiling Water Damage Repair in Whitney, NV | Desert Valley Contracting Inc ",Ceiling Water Damage Repair in Whitney,"24/7 ceiling water damage repair in Whitney, NV. IICRC-certified, insurance billing accepted. Call (702) 633-5033.",ceiling water damage repair whitney,ceiling leaking|water coming through ceiling|ceiling leak repair|sagging ceiling water damage|water stain ceiling,local_emergency,,,900,hero|og|inline-1|inline-2,service|local-business|faq|breadcrumb-list,/services/ceiling-water-damage-repair/|/service-areas/whitney-nv/|/service-areas/whitney-nv/fire-damage-restoration/|/service-areas/whitney-nv/mold-remediation/|/service-areas/blue-diamond-nv/ceiling-water-damage-repair/|/service-areas/boulder-city-nv/ceiling-water-damage-repair/|/contact/,5.60,planned
/service-areas/whitney-nv/general-contracting/,service-area-service,"Renovations, Remodels and General Contracting in Whitney, NV | Desert Valley Contracting Inc ","Renovations, Remodels and General Contracting in Whitney","24/7 renovations, remodels and general contracting in Whitney, NV. IICRC-certified, insurance billing accepted. Call (702) 633-5033.","renovations, remodels and general contracting whitney",general contractor|home renovation services|home remodeling|kitchen remodel|bathroom remodel|post-damage rebuild,local_commercial,,,900,hero|og|inline-1|inline-2,service|local-business|faq|breadcrumb-list,/services/general-contracting/|/service-areas/whitney-nv/|/service-areas/whitney-nv/fire-damage-restoration/|/service-areas/whitney-nv/mold-remediation/|/service-areas/blue-diamond-nv/general-contracting/|/service-areas/boulder-city-nv/general-contracting/|/contact/,5.60,planned
/service-areas/whitney-nv/large-loss-response/,service-area-service,"Large Loss and Catastrophic Response in Whitney, NV | Desert Valley Contracting Inc ",Large Loss and Catastrophic Response in Whitney,"24/7 large loss and catastrophic response in Whitney, NV. IICRC-certified, insurance billing accepted. Call (702) 633-5033.",large loss and catastrophic response whitney,large loss restoration|catastrophic loss response|commercial catastrophic restoration|multi-million dollar restoration|large loss adjusters,local_b2b,,,900,hero|og|inline-1|inline-2,service|local-business|faq|breadcrumb-list,/services/large-loss-response/|/service-areas/whitney-nv/|/service-areas/whitney-nv/fire-damage-restoration/|/service-areas/whitney-nv/mold-remediation/|/service-areas/blue-diamond-nv/large-loss-response/|/service-areas/boulder-city-nv/large-loss-response/|/contact/,5.60,planned
/service-areas/whitney-nv/mold-inspection-testing/,service-area-service,"Mold Inspection and Testing in Whitney, NV | Desert Valley Contracting Inc ",Mold Inspection and Testing in Whitney,"24/7 mold inspection and testing in Whitney, NV. IICRC-certified, insurance billing accepted. Call (702) 633-5033.",mold inspection and testing whitney,mold inspection|mold testing|indoor air quality testing|mold spore testing|mold assessment,local_health,,,900,hero|og|inline-1|inline-2,service|local-business|faq|breadcrumb-list,/services/mold-inspection-testing/|/service-areas/whitney-nv/|/service-areas/whitney-nv/fire-damage-restoration/|/service-areas/whitney-nv/mold-remediation/|/service-areas/blue-diamond-nv/mold-inspection-testing/|/service-areas/boulder-city-nv/mold-inspection-testing/|/contact/,5.60,planned
/service-areas/winchester-nv/basement-flooding-cleanup/,service-area-service,"Basement Flooding Cleanup in Winchester, NV | Desert Valley Contracting Inc ",Basement Flooding Cleanup in Winchester,"24/7 basement flooding cleanup in Winchester, NV. IICRC-certified, insurance billing accepted. Call (702) 633-5033.",basement flooding cleanup winchester,flooded basement cleanup|basement water removal|wet basement restoration|basement water damage|basement drying,local_emergency,,,900,hero|og|inline-1|inline-2,service|local-business|faq|breadcrumb-list,/services/basement-flooding-cleanup/|/service-areas/winchester-nv/|/service-areas/winchester-nv/fire-damage-restoration/|/service-areas/winchester-nv/mold-remediation/|/service-areas/blue-diamond-nv/basement-flooding-cleanup/|/service-areas/boulder-city-nv/basement-flooding-cleanup/|/contact/,5.60,planned
/service-areas/winchester-nv/biohazard-cleanup/,service-area-service,"Biohazard Cleanup in Winchester, NV | Desert Valley Contracting Inc ",Biohazard Cleanup in Winchester,"24/7 biohazard cleanup in Winchester, NV. IICRC-certified, insurance billing accepted. Call (702) 633-5033.",biohazard cleanup winchester,biohazard remediation|blood cleanup|bodily fluid cleanup|sharps and needle cleanup|infectious material cleanup,local_sensitive,,,900,hero|og|inline-1|inline-2,service|local-business|faq|breadcrumb-list,/services/biohazard-cleanup/|/service-areas/winchester-nv/|/service-areas/winchester-nv/fire-damage-restoration/|/service-areas/winchester-nv/mold-remediation/|/service-areas/blue-diamond-nv/biohazard-cleanup/|/service-areas/boulder-city-nv/biohazard-cleanup/|/contact/,5.60,planned
/service-areas/winchester-nv/burst-pipe-repair/,service-area-service,"Burst Pipe Cleanup and Repair in Winchester, NV | Desert Valley Contracting Inc ",Burst Pipe Cleanup and Repair in Winchester,"24/7 burst pipe cleanup and repair in Winchester, NV. IICRC-certified, insurance billing accepted. Call (702) 633-5033.",burst pipe cleanup and repair winchester,burst pipe cleanup|pipe burst emergency|pipe break water damage|water line break|emergency pipe repair,local_emergency,,,900,hero|og|inline-1|inline-2,service|local-business|faq|breadcrumb-list,/services/burst-pipe-repair/|/service-areas/winchester-nv/|/service-areas/winchester-nv/fire-damage-restoration/|/service-areas/winchester-nv/mold-remediation/|/service-areas/blue-diamond-nv/burst-pipe-repair/|/service-areas/boulder-city-nv/burst-pipe-repair/|/contact/,5.60,planned
/service-areas/winchester-nv/ceiling-water-damage-repair/,service-area-service,"Ceiling Water Damage Repair in Winchester, NV | Desert Valley Contracting Inc ",Ceiling Water Damage Repair in Winchester,"24/7 ceiling water damage repair in Winchester, NV. IICRC-certified, insurance billing accepted. Call (702) 633-5033.",ceiling water damage repair winchester,ceiling leaking|water coming through ceiling|ceiling leak repair|sagging ceiling water damage|water stain ceiling,local_emergency,,,900,hero|og|inline-1|inline-2,service|local-business|faq|breadcrumb-list,/services/ceiling-water-damage-repair/|/service-areas/winchester-nv/|/service-areas/winchester-nv/fire-damage-restoration/|/service-areas/winchester-nv/mold-remediation/|/service-areas/blue-diamond-nv/ceiling-water-damage-repair/|/service-areas/boulder-city-nv/ceiling-water-damage-repair/|/contact/,5.60,planned
/service-areas/winchester-nv/general-contracting/,service-area-service,"Renovations, Remodels and General Contracting in Winchester, NV | Desert Valley Contracting Inc ","Renovations, Remodels and General Contracting in Winchester","24/7 renovations, remodels and general contracting in Winchester, NV. IICRC-certified, insurance billing accepted. Call (702) 633-5033.","renovations, remodels and general contracting winchester",general contractor|home renovation services|home remodeling|kitchen remodel|bathroom remodel|post-damage rebuild,local_commercial,,,900,hero|og|inline-1|inline-2,service|local-business|faq|breadcrumb-list,/services/general-contracting/|/service-areas/winchester-nv/|/service-areas/winchester-nv/fire-damage-restoration/|/service-areas/winchester-nv/mold-remediation/|/service-areas/blue-diamond-nv/general-contracting/|/service-areas/boulder-city-nv/general-contracting/|/contact/,5.60,planned
/service-areas/winchester-nv/large-loss-response/,service-area-service,"Large Loss and Catastrophic Response in Winchester, NV | Desert Valley Contracting Inc ",Large Loss and Catastrophic Response in Winchester,"24/7 large loss and catastrophic response in Winchester, NV. IICRC-certified, insurance billing accepted. Call (702) 633-5033.",large loss and catastrophic response winchester,large loss restoration|catastrophic loss response|commercial catastrophic restoration|multi-million dollar restoration|large loss adjusters,local_b2b,,,900,hero|og|inline-1|inline-2,service|local-business|faq|breadcrumb-list,/services/large-loss-response/|/service-areas/winchester-nv/|/service-areas/winchester-nv/fire-damage-restoration/|/service-areas/winchester-nv/mold-remediation/|/service-areas/blue-diamond-nv/large-loss-response/|/service-areas/boulder-city-nv/large-loss-response/|/contact/,5.60,planned
/service-areas/winchester-nv/mold-inspection-testing/,service-area-service,"Mold Inspection and Testing in Winchester, NV | Desert Valley Contracting Inc ",Mold Inspection and Testing in Winchester,"24/7 mold inspection and testing in Winchester, NV. IICRC-certified, insurance billing accepted. Call (702) 633-5033.",mold inspection and testing winchester,mold inspection|mold testing|indoor air quality testing|mold spore testing|mold assessment,local_health,,,900,hero|og|inline-1|inline-2,service|local-business|faq|breadcrumb-list,/services/mold-inspection-testing/|/service-areas/winchester-nv/|/service-areas/winchester-nv/fire-damage-restoration/|/service-areas/winchester-nv/mold-remediation/|/service-areas/blue-diamond-nv/mold-inspection-testing/|/service-areas/boulder-city-nv/mold-inspection-testing/|/contact/,5.60,planned
/blog/choosing-a-restoration-company/,blog-post,How To Choose a Restoration Company in  (Without Getting Burned),How To Choose a Restoration Company in  (Without Getting Burned),,how to choose a restoration company in  without getting burned,water damage restoration|fire damage restoration|mold remediation,commercial_decision,,,1400,hero|og|inline-1|inline-2,blog-posting|faq|breadcrumb-list,/blog/|/services/fire-damage-restoration/|/services/mold-remediation/|/services/water-damage-restoration/|/blog/burst-pipe-emergency-checklist/|/blog/what-to-do-first-24-hours-water-damage/|/blog/does-homeowners-insurance-cover-water-damage/,5.40,planned
/blog/does-homeowners-insurance-cover-water-damage/,blog-post,Does Homeowners Insurance Cover Water Damage? A Plain-English Guide,Does Homeowners Insurance Cover Water Damage? A Plain-English Guide,,does homeowners insurance cover water damage a plainenglish guide,water damage restoration,informational_insurance,,,1400,hero|og|inline-1|inline-2,blog-posting|faq|breadcrumb-list,/blog/|/services/water-damage-restoration/|/blog/burst-pipe-emergency-checklist/|/blog/what-to-do-first-24-hours-water-damage/|/blog/choosing-a-restoration-company/,5.40,planned
/blog/fire-damage-restoration-process/,blog-post,"The Fire Damage Restoration Process, Explained","The Fire Damage Restoration Process, Explained",,the fire damage restoration process explained,fire damage restoration|smoke damage restoration,informational_emergency,,,1400,hero|og|inline-1|inline-2,blog-posting|faq|breadcrumb-list,/blog/|/services/fire-damage-restoration/|/services/smoke-damage-restoration/|/blog/choosing-a-restoration-company/,5.40,planned
/blog/how-to-test-for-mold/,blog-post,How To Test for Mold in Your Home (DIY Kits vs a Pro Inspection),How To Test for Mold in Your Home (DIY Kits vs a Pro Inspection),,how to test for mold in your home diy kits vs a pro inspection,mold remediation|mold inspection and testing,informational_health,,,1400,hero|og|inline-1|inline-2,blog-posting|faq|breadcrumb-list,/blog/|/services/mold-remediation/|/services/mold-inspection-testing/|/blog/choosing-a-restoration-company/|/blog/signs-of-hidden-mold/|/blog/black-mold-vs-regular-mold/,5.40,planned
/blog/signs-of-hidden-mold/,blog-post,7 Signs You Have Hidden Mold (and What To Do Next),7 Signs You Have Hidden Mold (and What To Do Next),,7 signs you have hidden mold and what to do next,mold remediation,informational_health,,,1400,hero|og|inline-1|inline-2,blog-posting|faq|breadcrumb-list,/blog/|/services/mold-remediation/|/blog/choosing-a-restoration-company/|/blog/how-to-test-for-mold/|/blog/black-mold-vs-regular-mold/,5.40,planned
/service-areas/blue-diamond-nv/industrial-restoration/,service-area-service,"Industrial Restoration in Blue Diamond, NV | Desert Valley Contracting Inc ",Industrial Restoration in Blue Diamond,"24/7 industrial restoration in Blue Diamond, NV. IICRC-certified, insurance billing accepted. Call (702) 633-5033.",industrial restoration blue diamond,industrial water damage|warehouse restoration|manufacturing facility restoration|industrial fire damage|plant restoration services,local_b2b,,,900,hero|og|inline-1|inline-2,service|local-business|faq|breadcrumb-list,/services/industrial-restoration/|/service-areas/blue-diamond-nv/|/service-areas/blue-diamond-nv/fire-damage-restoration/|/service-areas/blue-diamond-nv/mold-remediation/|/service-areas/boulder-city-nv/industrial-restoration/|/service-areas/enterprise-nv/industrial-restoration/|/contact/,4.90,planned
/service-areas/blue-diamond-nv/odor-removal/,service-area-service,"Odor Removal and Deodorization in Blue Diamond, NV | Desert Valley Contracting Inc ",Odor Removal and Deodorization in Blue Diamond,"24/7 odor removal and deodorization in Blue Diamond, NV. IICRC-certified, insurance billing accepted. Call (702) 633-5033.",odor removal and deodorization blue diamond,smoke odor removal|ozone treatment|hydroxyl deodorization|thermal fogging|professional odor elimination,local_specialty,,,900,hero|og|inline-1|inline-2,service|local-business|faq|breadcrumb-list,/services/odor-removal/|/service-areas/blue-diamond-nv/|/service-areas/blue-diamond-nv/fire-damage-restoration/|/service-areas/blue-diamond-nv/mold-remediation/|/service-areas/boulder-city-nv/odor-removal/|/service-areas/enterprise-nv/odor-removal/|/contact/,4.90,planned
/service-areas/blue-diamond-nv/water-heater-flood-cleanup/,service-area-service,"Water Heater Flood Cleanup in Blue Diamond, NV | Desert Valley Contracting Inc ",Water Heater Flood Cleanup in Blue Diamond,"24/7 water heater flood cleanup in Blue Diamond, NV. IICRC-certified, insurance billing accepted. Call (702) 633-5033.",water heater flood cleanup blue diamond,water heater leaking|water heater burst|flooded water heater|water heater leak damage,local_emergency,,,900,hero|og|inline-1|inline-2,service|local-business|faq|breadcrumb-list,/services/water-heater-flood-cleanup/|/service-areas/blue-diamond-nv/|/service-areas/blue-diamond-nv/fire-damage-restoration/|/service-areas/blue-diamond-nv/mold-remediation/|/service-areas/boulder-city-nv/water-heater-flood-cleanup/|/service-areas/enterprise-nv/water-heater-flood-cleanup/|/contact/,4.90,planned
/service-areas/blue-diamond-nv/water-leak-detection/,service-area-service,"Water Leak Detection in Blue Diamond, NV | Desert Valley Contracting Inc ",Water Leak Detection in Blue Diamond,"24/7 water leak detection in Blue Diamond, NV. IICRC-certified, insurance billing accepted. Call (702) 633-5033.",water leak detection blue diamond,leak detection|hidden water leak|slab leak detection|water leak in wall|leak detection service,local_emergency,,,900,hero|og|inline-1|inline-2,service|local-business|faq|breadcrumb-list,/services/water-leak-detection/|/service-areas/blue-diamond-nv/|/service-areas/blue-diamond-nv/fire-damage-restoration/|/service-areas/blue-diamond-nv/mold-remediation/|/service-areas/boulder-city-nv/water-leak-detection/|/service-areas/enterprise-nv/water-leak-detection/|/contact/,4.90,planned
/service-areas/boulder-city-nv/industrial-restoration/,service-area-service,"Industrial Restoration in Boulder City, NV | Desert Valley Contracting Inc ",Industrial Restoration in Boulder City,"24/7 industrial restoration in Boulder City, NV. IICRC-certified, insurance billing accepted. Call (702) 633-5033.",industrial restoration boulder city,industrial water damage|warehouse restoration|manufacturing facility restoration|industrial fire damage|plant restoration services,local_b2b,,,900,hero|og|inline-1|inline-2,service|local-business|faq|breadcrumb-list,/services/industrial-restoration/|/service-areas/boulder-city-nv/|/service-areas/boulder-city-nv/fire-damage-restoration/|/service-areas/boulder-city-nv/mold-remediation/|/service-areas/blue-diamond-nv/industrial-restoration/|/service-areas/enterprise-nv/industrial-restoration/|/contact/,4.90,planned
/service-areas/boulder-city-nv/odor-removal/,service-area-service,"Odor Removal and Deodorization in Boulder City, NV | Desert Valley Contracting Inc ",Odor Removal and Deodorization in Boulder City,"24/7 odor removal and deodorization in Boulder City, NV. IICRC-certified, insurance billing accepted. Call (702) 633-5033.",odor removal and deodorization boulder city,smoke odor removal|ozone treatment|hydroxyl deodorization|thermal fogging|professional odor elimination,local_specialty,,,900,hero|og|inline-1|inline-2,service|local-business|faq|breadcrumb-list,/services/odor-removal/|/service-areas/boulder-city-nv/|/service-areas/boulder-city-nv/fire-damage-restoration/|/service-areas/boulder-city-nv/mold-remediation/|/service-areas/blue-diamond-nv/odor-removal/|/service-areas/enterprise-nv/odor-removal/|/contact/,4.90,planned
/service-areas/boulder-city-nv/water-heater-flood-cleanup/,service-area-service,"Water Heater Flood Cleanup in Boulder City, NV | Desert Valley Contracting Inc ",Water Heater Flood Cleanup in Boulder City,"24/7 water heater flood cleanup in Boulder City, NV. IICRC-certified, insurance billing accepted. Call (702) 633-5033.",water heater flood cleanup boulder city,water heater leaking|water heater burst|flooded water heater|water heater leak damage,local_emergency,,,900,hero|og|inline-1|inline-2,service|local-business|faq|breadcrumb-list,/services/water-heater-flood-cleanup/|/service-areas/boulder-city-nv/|/service-areas/boulder-city-nv/fire-damage-restoration/|/service-areas/boulder-city-nv/mold-remediation/|/service-areas/blue-diamond-nv/water-heater-flood-cleanup/|/service-areas/enterprise-nv/water-heater-flood-cleanup/|/contact/,4.90,planned
/service-areas/boulder-city-nv/water-leak-detection/,service-area-service,"Water Leak Detection in Boulder City, NV | Desert Valley Contracting Inc ",Water Leak Detection in Boulder City,"24/7 water leak detection in Boulder City, NV. IICRC-certified, insurance billing accepted. Call (702) 633-5033.",water leak detection boulder city,leak detection|hidden water leak|slab leak detection|water leak in wall|leak detection service,local_emergency,,,900,hero|og|inline-1|inline-2,service|local-business|faq|breadcrumb-list,/services/water-leak-detection/|/service-areas/boulder-city-nv/|/service-areas/boulder-city-nv/fire-damage-restoration/|/service-areas/boulder-city-nv/mold-remediation/|/service-areas/blue-diamond-nv/water-leak-detection/|/service-areas/enterprise-nv/water-leak-detection/|/contact/,4.90,planned
/service-areas/enterprise-nv/industrial-restoration/,service-area-service,"Industrial Restoration in Enterprise, NV | Desert Valley Contracting Inc ",Industrial Restoration in Enterprise,"24/7 industrial restoration in Enterprise, NV. IICRC-certified, insurance billing accepted. Call (702) 633-5033.",industrial restoration enterprise,industrial water damage|warehouse restoration|manufacturing facility restoration|industrial fire damage|plant restoration services,local_b2b,,,900,hero|og|inline-1|inline-2,service|local-business|faq|breadcrumb-list,/services/industrial-restoration/|/service-areas/enterprise-nv/|/service-areas/enterprise-nv/fire-damage-restoration/|/service-areas/enterprise-nv/mold-remediation/|/service-areas/blue-diamond-nv/industrial-restoration/|/service-areas/boulder-city-nv/industrial-restoration/|/contact/,4.90,planned
/service-areas/enterprise-nv/odor-removal/,service-area-service,"Odor Removal and Deodorization in Enterprise, NV | Desert Valley Contracting Inc ",Odor Removal and Deodorization in Enterprise,"24/7 odor removal and deodorization in Enterprise, NV. IICRC-certified, insurance billing accepted. Call (702) 633-5033.",odor removal and deodorization enterprise,smoke odor removal|ozone treatment|hydroxyl deodorization|thermal fogging|professional odor elimination,local_specialty,,,900,hero|og|inline-1|inline-2,service|local-business|faq|breadcrumb-list,/services/odor-removal/|/service-areas/enterprise-nv/|/service-areas/enterprise-nv/fire-damage-restoration/|/service-areas/enterprise-nv/mold-remediation/|/service-areas/blue-diamond-nv/odor-removal/|/service-areas/boulder-city-nv/odor-removal/|/contact/,4.90,planned
/service-areas/enterprise-nv/water-heater-flood-cleanup/,service-area-service,"Water Heater Flood Cleanup in Enterprise, NV | Desert Valley Contracting Inc ",Water Heater Flood Cleanup in Enterprise,"24/7 water heater flood cleanup in Enterprise, NV. IICRC-certified, insurance billing accepted. Call (702) 633-5033.",water heater flood cleanup enterprise,water heater leaking|water heater burst|flooded water heater|water heater leak damage,local_emergency,,,900,hero|og|inline-1|inline-2,service|local-business|faq|breadcrumb-list,/services/water-heater-flood-cleanup/|/service-areas/enterprise-nv/|/service-areas/enterprise-nv/fire-damage-restoration/|/service-areas/enterprise-nv/mold-remediation/|/service-areas/blue-diamond-nv/water-heater-flood-cleanup/|/service-areas/boulder-city-nv/water-heater-flood-cleanup/|/contact/,4.90,planned
/service-areas/enterprise-nv/water-leak-detection/,service-area-service,"Water Leak Detection in Enterprise, NV | Desert Valley Contracting Inc ",Water Leak Detection in Enterprise,"24/7 water leak detection in Enterprise, NV. IICRC-certified, insurance billing accepted. Call (702) 633-5033.",water leak detection enterprise,leak detection|hidden water leak|slab leak detection|water leak in wall|leak detection service,local_emergency,,,900,hero|og|inline-1|inline-2,service|local-business|faq|breadcrumb-list,/services/water-leak-detection/|/service-areas/enterprise-nv/|/service-areas/enterprise-nv/fire-damage-restoration/|/service-areas/enterprise-nv/mold-remediation/|/service-areas/blue-diamond-nv/water-leak-detection/|/service-areas/boulder-city-nv/water-leak-detection/|/contact/,4.90,planned
/service-areas/henderson-nv/industrial-restoration/,service-area-service,"Industrial Restoration in Henderson, NV | Desert Valley Contracting Inc ",Industrial Restoration in Henderson,"24/7 industrial restoration in Henderson, NV. IICRC-certified, insurance billing accepted. Call (702) 633-5033.",industrial restoration henderson,industrial water damage|warehouse restoration|manufacturing facility restoration|industrial fire damage|plant restoration services,local_b2b,,,900,hero|og|inline-1|inline-2,service|local-business|faq|breadcrumb-list,/services/industrial-restoration/|/service-areas/henderson-nv/|/service-areas/henderson-nv/fire-damage-restoration/|/service-areas/henderson-nv/mold-remediation/|/service-areas/blue-diamond-nv/industrial-restoration/|/service-areas/boulder-city-nv/industrial-restoration/|/contact/,4.90,planned
/service-areas/henderson-nv/odor-removal/,service-area-service,"Odor Removal and Deodorization in Henderson, NV | Desert Valley Contracting Inc ",Odor Removal and Deodorization in Henderson,"24/7 odor removal and deodorization in Henderson, NV. IICRC-certified, insurance billing accepted. Call (702) 633-5033.",odor removal and deodorization henderson,smoke odor removal|ozone treatment|hydroxyl deodorization|thermal fogging|professional odor elimination,local_specialty,,,900,hero|og|inline-1|inline-2,service|local-business|faq|breadcrumb-list,/services/odor-removal/|/service-areas/henderson-nv/|/service-areas/henderson-nv/fire-damage-restoration/|/service-areas/henderson-nv/mold-remediation/|/service-areas/blue-diamond-nv/odor-removal/|/service-areas/boulder-city-nv/odor-removal/|/contact/,4.90,planned
/service-areas/henderson-nv/water-heater-flood-cleanup/,service-area-service,"Water Heater Flood Cleanup in Henderson, NV | Desert Valley Contracting Inc ",Water Heater Flood Cleanup in Henderson,"24/7 water heater flood cleanup in Henderson, NV. IICRC-certified, insurance billing accepted. Call (702) 633-5033.",water heater flood cleanup henderson,water heater leaking|water heater burst|flooded water heater|water heater leak damage,local_emergency,,,900,hero|og|inline-1|inline-2,service|local-business|faq|breadcrumb-list,/services/water-heater-flood-cleanup/|/service-areas/henderson-nv/|/service-areas/henderson-nv/fire-damage-restoration/|/service-areas/henderson-nv/mold-remediation/|/service-areas/blue-diamond-nv/water-heater-flood-cleanup/|/service-areas/boulder-city-nv/water-heater-flood-cleanup/|/contact/,4.90,planned
/service-areas/henderson-nv/water-leak-detection/,service-area-service,"Water Leak Detection in Henderson, NV | Desert Valley Contracting Inc ",Water Leak Detection in Henderson,"24/7 water leak detection in Henderson, NV. IICRC-certified, insurance billing accepted. Call (702) 633-5033.",water leak detection henderson,leak detection|hidden water leak|slab leak detection|water leak in wall|leak detection service,local_emergency,,,900,hero|og|inline-1|inline-2,service|local-business|faq|breadcrumb-list,/services/water-leak-detection/|/service-areas/henderson-nv/|/service-areas/henderson-nv/fire-damage-restoration/|/service-areas/henderson-nv/mold-remediation/|/service-areas/blue-diamond-nv/water-leak-detection/|/service-areas/boulder-city-nv/water-leak-detection/|/contact/,4.90,planned
/service-areas/indian-springs-nv/industrial-restoration/,service-area-service,"Industrial Restoration in Indian Springs, NV | Desert Valley Contracting Inc ",Industrial Restoration in Indian Springs,"24/7 industrial restoration in Indian Springs, NV. IICRC-certified, insurance billing accepted. Call (702) 633-5033.",industrial restoration indian springs,industrial water damage|warehouse restoration|manufacturing facility restoration|industrial fire damage|plant restoration services,local_b2b,,,900,hero|og|inline-1|inline-2,service|local-business|faq|breadcrumb-list,/services/industrial-restoration/|/service-areas/indian-springs-nv/|/service-areas/indian-springs-nv/fire-damage-restoration/|/service-areas/indian-springs-nv/mold-remediation/|/service-areas/blue-diamond-nv/industrial-restoration/|/service-areas/boulder-city-nv/industrial-restoration/|/contact/,4.90,planned
/service-areas/indian-springs-nv/odor-removal/,service-area-service,"Odor Removal and Deodorization in Indian Springs, NV | Desert Valley Contracting Inc ",Odor Removal and Deodorization in Indian Springs,"24/7 odor removal and deodorization in Indian Springs, NV. IICRC-certified, insurance billing accepted. Call (702) 633-5033.",odor removal and deodorization indian springs,smoke odor removal|ozone treatment|hydroxyl deodorization|thermal fogging|professional odor elimination,local_specialty,,,900,hero|og|inline-1|inline-2,service|local-business|faq|breadcrumb-list,/services/odor-removal/|/service-areas/indian-springs-nv/|/service-areas/indian-springs-nv/fire-damage-restoration/|/service-areas/indian-springs-nv/mold-remediation/|/service-areas/blue-diamond-nv/odor-removal/|/service-areas/boulder-city-nv/odor-removal/|/contact/,4.90,planned
/service-areas/indian-springs-nv/water-heater-flood-cleanup/,service-area-service,"Water Heater Flood Cleanup in Indian Springs, NV | Desert Valley Contracting Inc ",Water Heater Flood Cleanup in Indian Springs,"24/7 water heater flood cleanup in Indian Springs, NV. IICRC-certified, insurance billing accepted. Call (702) 633-5033.",water heater flood cleanup indian springs,water heater leaking|water heater burst|flooded water heater|water heater leak damage,local_emergency,,,900,hero|og|inline-1|inline-2,service|local-business|faq|breadcrumb-list,/services/water-heater-flood-cleanup/|/service-areas/indian-springs-nv/|/service-areas/indian-springs-nv/fire-damage-restoration/|/service-areas/indian-springs-nv/mold-remediation/|/service-areas/blue-diamond-nv/water-heater-flood-cleanup/|/service-areas/boulder-city-nv/water-heater-flood-cleanup/|/contact/,4.90,planned
/service-areas/indian-springs-nv/water-leak-detection/,service-area-service,"Water Leak Detection in Indian Springs, NV | Desert Valley Contracting Inc ",Water Leak Detection in Indian Springs,"24/7 water leak detection in Indian Springs, NV. IICRC-certified, insurance billing accepted. Call (702) 633-5033.",water leak detection indian springs,leak detection|hidden water leak|slab leak detection|water leak in wall|leak detection service,local_emergency,,,900,hero|og|inline-1|inline-2,service|local-business|faq|breadcrumb-list,/services/water-leak-detection/|/service-areas/indian-springs-nv/|/service-areas/indian-springs-nv/fire-damage-restoration/|/service-areas/indian-springs-nv/mold-remediation/|/service-areas/blue-diamond-nv/water-leak-detection/|/service-areas/boulder-city-nv/water-leak-detection/|/contact/,4.90,planned
/service-areas/las-vegas-nv/industrial-restoration/,service-area-service,"Industrial Restoration in Las Vegas, NV | Desert Valley Contracting Inc ",Industrial Restoration in Las Vegas,"24/7 industrial restoration in Las Vegas, NV. IICRC-certified, insurance billing accepted. Call (702) 633-5033.",industrial restoration las vegas,industrial water damage|warehouse restoration|manufacturing facility restoration|industrial fire damage|plant restoration services,local_b2b,,,900,hero|og|inline-1|inline-2,service|local-business|faq|breadcrumb-list,/services/industrial-restoration/|/service-areas/las-vegas-nv/|/service-areas/las-vegas-nv/fire-damage-restoration/|/service-areas/las-vegas-nv/mold-remediation/|/service-areas/blue-diamond-nv/industrial-restoration/|/service-areas/boulder-city-nv/industrial-restoration/|/contact/,4.90,planned
/service-areas/las-vegas-nv/odor-removal/,service-area-service,"Odor Removal and Deodorization in Las Vegas, NV | Desert Valley Contracting Inc ",Odor Removal and Deodorization in Las Vegas,"24/7 odor removal and deodorization in Las Vegas, NV. IICRC-certified, insurance billing accepted. Call (702) 633-5033.",odor removal and deodorization las vegas,smoke odor removal|ozone treatment|hydroxyl deodorization|thermal fogging|professional odor elimination,local_specialty,,,900,hero|og|inline-1|inline-2,service|local-business|faq|breadcrumb-list,/services/odor-removal/|/service-areas/las-vegas-nv/|/service-areas/las-vegas-nv/fire-damage-restoration/|/service-areas/las-vegas-nv/mold-remediation/|/service-areas/blue-diamond-nv/odor-removal/|/service-areas/boulder-city-nv/odor-removal/|/contact/,4.90,planned
/service-areas/las-vegas-nv/water-heater-flood-cleanup/,service-area-service,"Water Heater Flood Cleanup in Las Vegas, NV | Desert Valley Contracting Inc ",Water Heater Flood Cleanup in Las Vegas,"24/7 water heater flood cleanup in Las Vegas, NV. IICRC-certified, insurance billing accepted. Call (702) 633-5033.",water heater flood cleanup las vegas,water heater leaking|water heater burst|flooded water heater|water heater leak damage,local_emergency,,,900,hero|og|inline-1|inline-2,service|local-business|faq|breadcrumb-list,/services/water-heater-flood-cleanup/|/service-areas/las-vegas-nv/|/service-areas/las-vegas-nv/fire-damage-restoration/|/service-areas/las-vegas-nv/mold-remediation/|/service-areas/blue-diamond-nv/water-heater-flood-cleanup/|/service-areas/boulder-city-nv/water-heater-flood-cleanup/|/contact/,4.90,planned
/service-areas/las-vegas-nv/water-leak-detection/,service-area-service,"Water Leak Detection in Las Vegas, NV | Desert Valley Contracting Inc ",Water Leak Detection in Las Vegas,"24/7 water leak detection in Las Vegas, NV. IICRC-certified, insurance billing accepted. Call (702) 633-5033.",water leak detection las vegas,leak detection|hidden water leak|slab leak detection|water leak in wall|leak detection service,local_emergency,,,900,hero|og|inline-1|inline-2,service|local-business|faq|breadcrumb-list,/services/water-leak-detection/|/service-areas/las-vegas-nv/|/service-areas/las-vegas-nv/fire-damage-restoration/|/service-areas/las-vegas-nv/mold-remediation/|/service-areas/blue-diamond-nv/water-leak-detection/|/service-areas/boulder-city-nv/water-leak-detection/|/contact/,4.90,planned
/service-areas/moapa-town-nv/industrial-restoration/,service-area-service,"Industrial Restoration in Moapa Town, NV | Desert Valley Contracting Inc ",Industrial Restoration in Moapa Town,"24/7 industrial restoration in Moapa Town, NV. IICRC-certified, insurance billing accepted. Call (702) 633-5033.",industrial restoration moapa town,industrial water damage|warehouse restoration|manufacturing facility restoration|industrial fire damage|plant restoration services,local_b2b,,,900,hero|og|inline-1|inline-2,service|local-business|faq|breadcrumb-list,/services/industrial-restoration/|/service-areas/moapa-town-nv/|/service-areas/moapa-town-nv/fire-damage-restoration/|/service-areas/moapa-town-nv/mold-remediation/|/service-areas/blue-diamond-nv/industrial-restoration/|/service-areas/boulder-city-nv/industrial-restoration/|/contact/,4.90,planned
/service-areas/moapa-town-nv/odor-removal/,service-area-service,"Odor Removal and Deodorization in Moapa Town, NV | Desert Valley Contracting Inc ",Odor Removal and Deodorization in Moapa Town,"24/7 odor removal and deodorization in Moapa Town, NV. IICRC-certified, insurance billing accepted. Call (702) 633-5033.",odor removal and deodorization moapa town,smoke odor removal|ozone treatment|hydroxyl deodorization|thermal fogging|professional odor elimination,local_specialty,,,900,hero|og|inline-1|inline-2,service|local-business|faq|breadcrumb-list,/services/odor-removal/|/service-areas/moapa-town-nv/|/service-areas/moapa-town-nv/fire-damage-restoration/|/service-areas/moapa-town-nv/mold-remediation/|/service-areas/blue-diamond-nv/odor-removal/|/service-areas/boulder-city-nv/odor-removal/|/contact/,4.90,planned
/service-areas/moapa-town-nv/water-heater-flood-cleanup/,service-area-service,"Water Heater Flood Cleanup in Moapa Town, NV | Desert Valley Contracting Inc ",Water Heater Flood Cleanup in Moapa Town,"24/7 water heater flood cleanup in Moapa Town, NV. IICRC-certified, insurance billing accepted. Call (702) 633-5033.",water heater flood cleanup moapa town,water heater leaking|water heater burst|flooded water heater|water heater leak damage,local_emergency,,,900,hero|og|inline-1|inline-2,service|local-business|faq|breadcrumb-list,/services/water-heater-flood-cleanup/|/service-areas/moapa-town-nv/|/service-areas/moapa-town-nv/fire-damage-restoration/|/service-areas/moapa-town-nv/mold-remediation/|/service-areas/blue-diamond-nv/water-heater-flood-cleanup/|/service-areas/boulder-city-nv/water-heater-flood-cleanup/|/contact/,4.90,planned
/service-areas/moapa-town-nv/water-leak-detection/,service-area-service,"Water Leak Detection in Moapa Town, NV | Desert Valley Contracting Inc ",Water Leak Detection in Moapa Town,"24/7 water leak detection in Moapa Town, NV. IICRC-certified, insurance billing accepted. Call (702) 633-5033.",water leak detection moapa town,leak detection|hidden water leak|slab leak detection|water leak in wall|leak detection service,local_emergency,,,900,hero|og|inline-1|inline-2,service|local-business|faq|breadcrumb-list,/services/water-leak-detection/|/service-areas/moapa-town-nv/|/service-areas/moapa-town-nv/fire-damage-restoration/|/service-areas/moapa-town-nv/mold-remediation/|/service-areas/blue-diamond-nv/water-leak-detection/|/service-areas/boulder-city-nv/water-leak-detection/|/contact/,4.90,planned
/service-areas/moapa-valley-nv/industrial-restoration/,service-area-service,"Industrial Restoration in Moapa Valley, NV | Desert Valley Contracting Inc ",Industrial Restoration in Moapa Valley,"24/7 industrial restoration in Moapa Valley, NV. IICRC-certified, insurance billing accepted. Call (702) 633-5033.",industrial restoration moapa valley,industrial water damage|warehouse restoration|manufacturing facility restoration|industrial fire damage|plant restoration services,local_b2b,,,900,hero|og|inline-1|inline-2,service|local-business|faq|breadcrumb-list,/services/industrial-restoration/|/service-areas/moapa-valley-nv/|/service-areas/moapa-valley-nv/fire-damage-restoration/|/service-areas/moapa-valley-nv/mold-remediation/|/service-areas/blue-diamond-nv/industrial-restoration/|/service-areas/boulder-city-nv/industrial-restoration/|/contact/,4.90,planned
/service-areas/moapa-valley-nv/odor-removal/,service-area-service,"Odor Removal and Deodorization in Moapa Valley, NV | Desert Valley Contracting Inc ",Odor Removal and Deodorization in Moapa Valley,"24/7 odor removal and deodorization in Moapa Valley, NV. IICRC-certified, insurance billing accepted. Call (702) 633-5033.",odor removal and deodorization moapa valley,smoke odor removal|ozone treatment|hydroxyl deodorization|thermal fogging|professional odor elimination,local_specialty,,,900,hero|og|inline-1|inline-2,service|local-business|faq|breadcrumb-list,/services/odor-removal/|/service-areas/moapa-valley-nv/|/service-areas/moapa-valley-nv/fire-damage-restoration/|/service-areas/moapa-valley-nv/mold-remediation/|/service-areas/blue-diamond-nv/odor-removal/|/service-areas/boulder-city-nv/odor-removal/|/contact/,4.90,planned
/service-areas/moapa-valley-nv/water-heater-flood-cleanup/,service-area-service,"Water Heater Flood Cleanup in Moapa Valley, NV | Desert Valley Contracting Inc ",Water Heater Flood Cleanup in Moapa Valley,"24/7 water heater flood cleanup in Moapa Valley, NV. IICRC-certified, insurance billing accepted. Call (702) 633-5033.",water heater flood cleanup moapa valley,water heater leaking|water heater burst|flooded water heater|water heater leak damage,local_emergency,,,900,hero|og|inline-1|inline-2,service|local-business|faq|breadcrumb-list,/services/water-heater-flood-cleanup/|/service-areas/moapa-valley-nv/|/service-areas/moapa-valley-nv/fire-damage-restoration/|/service-areas/moapa-valley-nv/mold-remediation/|/service-areas/blue-diamond-nv/water-heater-flood-cleanup/|/service-areas/boulder-city-nv/water-heater-flood-cleanup/|/contact/,4.90,planned
/service-areas/moapa-valley-nv/water-leak-detection/,service-area-service,"Water Leak Detection in Moapa Valley, NV | Desert Valley Contracting Inc ",Water Leak Detection in Moapa Valley,"24/7 water leak detection in Moapa Valley, NV. IICRC-certified, insurance billing accepted. Call (702) 633-5033.",water leak detection moapa valley,leak detection|hidden water leak|slab leak detection|water leak in wall|leak detection service,local_emergency,,,900,hero|og|inline-1|inline-2,service|local-business|faq|breadcrumb-list,/services/water-leak-detection/|/service-areas/moapa-valley-nv/|/service-areas/moapa-valley-nv/fire-damage-restoration/|/service-areas/moapa-valley-nv/mold-remediation/|/service-areas/blue-diamond-nv/water-leak-detection/|/service-areas/boulder-city-nv/water-leak-detection/|/contact/,4.90,planned
/service-areas/mount-charleston-nv/industrial-restoration/,service-area-service,"Industrial Restoration in Mount Charleston, NV | Desert Valley Contracting Inc ",Industrial Restoration in Mount Charleston,"24/7 industrial restoration in Mount Charleston, NV. IICRC-certified, insurance billing accepted. Call (702) 633-5033.",industrial restoration mount charleston,industrial water damage|warehouse restoration|manufacturing facility restoration|industrial fire damage|plant restoration services,local_b2b,,,900,hero|og|inline-1|inline-2,service|local-business|faq|breadcrumb-list,/services/industrial-restoration/|/service-areas/mount-charleston-nv/|/service-areas/mount-charleston-nv/fire-damage-restoration/|/service-areas/mount-charleston-nv/mold-remediation/|/service-areas/blue-diamond-nv/industrial-restoration/|/service-areas/boulder-city-nv/industrial-restoration/|/contact/,4.90,planned
/service-areas/mount-charleston-nv/odor-removal/,service-area-service,"Odor Removal and Deodorization in Mount Charleston, NV | Desert Valley Contracting Inc ",Odor Removal and Deodorization in Mount Charleston,"24/7 odor removal and deodorization in Mount Charleston, NV. IICRC-certified, insurance billing accepted. Call (702) 633-5033.",odor removal and deodorization mount charleston,smoke odor removal|ozone treatment|hydroxyl deodorization|thermal fogging|professional odor elimination,local_specialty,,,900,hero|og|inline-1|inline-2,service|local-business|faq|breadcrumb-list,/services/odor-removal/|/service-areas/mount-charleston-nv/|/service-areas/mount-charleston-nv/fire-damage-restoration/|/service-areas/mount-charleston-nv/mold-remediation/|/service-areas/blue-diamond-nv/odor-removal/|/service-areas/boulder-city-nv/odor-removal/|/contact/,4.90,planned
/service-areas/mount-charleston-nv/water-heater-flood-cleanup/,service-area-service,"Water Heater Flood Cleanup in Mount Charleston, NV | Desert Valley Contracting Inc ",Water Heater Flood Cleanup in Mount Charleston,"24/7 water heater flood cleanup in Mount Charleston, NV. IICRC-certified, insurance billing accepted. Call (702) 633-5033.",water heater flood cleanup mount charleston,water heater leaking|water heater burst|flooded water heater|water heater leak damage,local_emergency,,,900,hero|og|inline-1|inline-2,service|local-business|faq|breadcrumb-list,/services/water-heater-flood-cleanup/|/service-areas/mount-charleston-nv/|/service-areas/mount-charleston-nv/fire-damage-restoration/|/service-areas/mount-charleston-nv/mold-remediation/|/service-areas/blue-diamond-nv/water-heater-flood-cleanup/|/service-areas/boulder-city-nv/water-heater-flood-cleanup/|/contact/,4.90,planned
/service-areas/mount-charleston-nv/water-leak-detection/,service-area-service,"Water Leak Detection in Mount Charleston, NV | Desert Valley Contracting Inc ",Water Leak Detection in Mount Charleston,"24/7 water leak detection in Mount Charleston, NV. IICRC-certified, insurance billing accepted. Call (702) 633-5033.",water leak detection mount charleston,leak detection|hidden water leak|slab leak detection|water leak in wall|leak detection service,local_emergency,,,900,hero|og|inline-1|inline-2,service|local-business|faq|breadcrumb-list,/services/water-leak-detection/|/service-areas/mount-charleston-nv/|/service-areas/mount-charleston-nv/fire-damage-restoration/|/service-areas/mount-charleston-nv/mold-remediation/|/service-areas/blue-diamond-nv/water-leak-detection/|/service-areas/boulder-city-nv/water-leak-detection/|/contact/,4.90,planned
/service-areas/nelson-nv/industrial-restoration/,service-area-service,"Industrial Restoration in Nelson, NV | Desert Valley Contracting Inc ",Industrial Restoration in Nelson,"24/7 industrial restoration in Nelson, NV. IICRC-certified, insurance billing accepted. Call (702) 633-5033.",industrial restoration nelson,industrial water damage|warehouse restoration|manufacturing facility restoration|industrial fire damage|plant restoration services,local_b2b,,,900,hero|og|inline-1|inline-2,service|local-business|faq|breadcrumb-list,/services/industrial-restoration/|/service-areas/nelson-nv/|/service-areas/nelson-nv/fire-damage-restoration/|/service-areas/nelson-nv/mold-remediation/|/service-areas/blue-diamond-nv/industrial-restoration/|/service-areas/boulder-city-nv/industrial-restoration/|/contact/,4.90,planned
/service-areas/nelson-nv/odor-removal/,service-area-service,"Odor Removal and Deodorization in Nelson, NV | Desert Valley Contracting Inc ",Odor Removal and Deodorization in Nelson,"24/7 odor removal and deodorization in Nelson, NV. IICRC-certified, insurance billing accepted. Call (702) 633-5033.",odor removal and deodorization nelson,smoke odor removal|ozone treatment|hydroxyl deodorization|thermal fogging|professional odor elimination,local_specialty,,,900,hero|og|inline-1|inline-2,service|local-business|faq|breadcrumb-list,/services/odor-removal/|/service-areas/nelson-nv/|/service-areas/nelson-nv/fire-damage-restoration/|/service-areas/nelson-nv/mold-remediation/|/service-areas/blue-diamond-nv/odor-removal/|/service-areas/boulder-city-nv/odor-removal/|/contact/,4.90,planned
/service-areas/nelson-nv/water-heater-flood-cleanup/,service-area-service,"Water Heater Flood Cleanup in Nelson, NV | Desert Valley Contracting Inc ",Water Heater Flood Cleanup in Nelson,"24/7 water heater flood cleanup in Nelson, NV. IICRC-certified, insurance billing accepted. Call (702) 633-5033.",water heater flood cleanup nelson,water heater leaking|water heater burst|flooded water heater|water heater leak damage,local_emergency,,,900,hero|og|inline-1|inline-2,service|local-business|faq|breadcrumb-list,/services/water-heater-flood-cleanup/|/service-areas/nelson-nv/|/service-areas/nelson-nv/fire-damage-restoration/|/service-areas/nelson-nv/mold-remediation/|/service-areas/blue-diamond-nv/water-heater-flood-cleanup/|/service-areas/boulder-city-nv/water-heater-flood-cleanup/|/contact/,4.90,planned
/service-areas/nelson-nv/water-leak-detection/,service-area-service,"Water Leak Detection in Nelson, NV | Desert Valley Contracting Inc ",Water Leak Detection in Nelson,"24/7 water leak detection in Nelson, NV. IICRC-certified, insurance billing accepted. Call (702) 633-5033.",water leak detection nelson,leak detection|hidden water leak|slab leak detection|water leak in wall|leak detection service,local_emergency,,,900,hero|og|inline-1|inline-2,service|local-business|faq|breadcrumb-list,/services/water-leak-detection/|/service-areas/nelson-nv/|/service-areas/nelson-nv/fire-damage-restoration/|/service-areas/nelson-nv/mold-remediation/|/service-areas/blue-diamond-nv/water-leak-detection/|/service-areas/boulder-city-nv/water-leak-detection/|/contact/,4.90,planned
/service-areas/pahrump-nv/industrial-restoration/,service-area-service,"Industrial Restoration in Pahrump, NV | Desert Valley Contracting Inc ",Industrial Restoration in Pahrump,"24/7 industrial restoration in Pahrump, NV. IICRC-certified, insurance billing accepted. Call (702) 633-5033.",industrial restoration pahrump,industrial water damage|warehouse restoration|manufacturing facility restoration|industrial fire damage|plant restoration services,local_b2b,,,900,hero|og|inline-1|inline-2,service|local-business|faq|breadcrumb-list,/services/industrial-restoration/|/service-areas/pahrump-nv/|/service-areas/pahrump-nv/fire-damage-restoration/|/service-areas/pahrump-nv/mold-remediation/|/service-areas/blue-diamond-nv/industrial-restoration/|/service-areas/boulder-city-nv/industrial-restoration/|/contact/,4.90,planned
/service-areas/pahrump-nv/odor-removal/,service-area-service,"Odor Removal and Deodorization in Pahrump, NV | Desert Valley Contracting Inc ",Odor Removal and Deodorization in Pahrump,"24/7 odor removal and deodorization in Pahrump, NV. IICRC-certified, insurance billing accepted. Call (702) 633-5033.",odor removal and deodorization pahrump,smoke odor removal|ozone treatment|hydroxyl deodorization|thermal fogging|professional odor elimination,local_specialty,,,900,hero|og|inline-1|inline-2,service|local-business|faq|breadcrumb-list,/services/odor-removal/|/service-areas/pahrump-nv/|/service-areas/pahrump-nv/fire-damage-restoration/|/service-areas/pahrump-nv/mold-remediation/|/service-areas/blue-diamond-nv/odor-removal/|/service-areas/boulder-city-nv/odor-removal/|/contact/,4.90,planned
/service-areas/pahrump-nv/water-heater-flood-cleanup/,service-area-service,"Water Heater Flood Cleanup in Pahrump, NV | Desert Valley Contracting Inc ",Water Heater Flood Cleanup in Pahrump,"24/7 water heater flood cleanup in Pahrump, NV. IICRC-certified, insurance billing accepted. Call (702) 633-5033.",water heater flood cleanup pahrump,water heater leaking|water heater burst|flooded water heater|water heater leak damage,local_emergency,,,900,hero|og|inline-1|inline-2,service|local-business|faq|breadcrumb-list,/services/water-heater-flood-cleanup/|/service-areas/pahrump-nv/|/service-areas/pahrump-nv/fire-damage-restoration/|/service-areas/pahrump-nv/mold-remediation/|/service-areas/blue-diamond-nv/water-heater-flood-cleanup/|/service-areas/boulder-city-nv/water-heater-flood-cleanup/|/contact/,4.90,planned
/service-areas/pahrump-nv/water-leak-detection/,service-area-service,"Water Leak Detection in Pahrump, NV | Desert Valley Contracting Inc ",Water Leak Detection in Pahrump,"24/7 water leak detection in Pahrump, NV. IICRC-certified, insurance billing accepted. Call (702) 633-5033.",water leak detection pahrump,leak detection|hidden water leak|slab leak detection|water leak in wall|leak detection service,local_emergency,,,900,hero|og|inline-1|inline-2,service|local-business|faq|breadcrumb-list,/services/water-leak-detection/|/service-areas/pahrump-nv/|/service-areas/pahrump-nv/fire-damage-restoration/|/service-areas/pahrump-nv/mold-remediation/|/service-areas/blue-diamond-nv/water-leak-detection/|/service-areas/boulder-city-nv/water-leak-detection/|/contact/,4.90,planned
/service-areas/paradise-nv/industrial-restoration/,service-area-service,"Industrial Restoration in Paradise, NV | Desert Valley Contracting Inc ",Industrial Restoration in Paradise,"24/7 industrial restoration in Paradise, NV. IICRC-certified, insurance billing accepted. Call (702) 633-5033.",industrial restoration paradise,industrial water damage|warehouse restoration|manufacturing facility restoration|industrial fire damage|plant restoration services,local_b2b,,,900,hero|og|inline-1|inline-2,service|local-business|faq|breadcrumb-list,/services/industrial-restoration/|/service-areas/paradise-nv/|/service-areas/paradise-nv/fire-damage-restoration/|/service-areas/paradise-nv/mold-remediation/|/service-areas/blue-diamond-nv/industrial-restoration/|/service-areas/boulder-city-nv/industrial-restoration/|/contact/,4.90,planned
/service-areas/paradise-nv/odor-removal/,service-area-service,"Odor Removal and Deodorization in Paradise, NV | Desert Valley Contracting Inc ",Odor Removal and Deodorization in Paradise,"24/7 odor removal and deodorization in Paradise, NV. IICRC-certified, insurance billing accepted. Call (702) 633-5033.",odor removal and deodorization paradise,smoke odor removal|ozone treatment|hydroxyl deodorization|thermal fogging|professional odor elimination,local_specialty,,,900,hero|og|inline-1|inline-2,service|local-business|faq|breadcrumb-list,/services/odor-removal/|/service-areas/paradise-nv/|/service-areas/paradise-nv/fire-damage-restoration/|/service-areas/paradise-nv/mold-remediation/|/service-areas/blue-diamond-nv/odor-removal/|/service-areas/boulder-city-nv/odor-removal/|/contact/,4.90,planned
/service-areas/paradise-nv/water-heater-flood-cleanup/,service-area-service,"Water Heater Flood Cleanup in Paradise, NV | Desert Valley Contracting Inc ",Water Heater Flood Cleanup in Paradise,"24/7 water heater flood cleanup in Paradise, NV. IICRC-certified, insurance billing accepted. Call (702) 633-5033.",water heater flood cleanup paradise,water heater leaking|water heater burst|flooded water heater|water heater leak damage,local_emergency,,,900,hero|og|inline-1|inline-2,service|local-business|faq|breadcrumb-list,/services/water-heater-flood-cleanup/|/service-areas/paradise-nv/|/service-areas/paradise-nv/fire-damage-restoration/|/service-areas/paradise-nv/mold-remediation/|/service-areas/blue-diamond-nv/water-heater-flood-cleanup/|/service-areas/boulder-city-nv/water-heater-flood-cleanup/|/contact/,4.90,planned
/service-areas/paradise-nv/water-leak-detection/,service-area-service,"Water Leak Detection in Paradise, NV | Desert Valley Contracting Inc ",Water Leak Detection in Paradise,"24/7 water leak detection in Paradise, NV. IICRC-certified, insurance billing accepted. Call (702) 633-5033.",water leak detection paradise,leak detection|hidden water leak|slab leak detection|water leak in wall|leak detection service,local_emergency,,,900,hero|og|inline-1|inline-2,service|local-business|faq|breadcrumb-list,/services/water-leak-detection/|/service-areas/paradise-nv/|/service-areas/paradise-nv/fire-damage-restoration/|/service-areas/paradise-nv/mold-remediation/|/service-areas/blue-diamond-nv/water-leak-detection/|/service-areas/boulder-city-nv/water-leak-detection/|/contact/,4.90,planned
/service-areas/sandy-valley-nv/industrial-restoration/,service-area-service,"Industrial Restoration in Sandy Valley, NV | Desert Valley Contracting Inc ",Industrial Restoration in Sandy Valley,"24/7 industrial restoration in Sandy Valley, NV. IICRC-certified, insurance billing accepted. Call (702) 633-5033.",industrial restoration sandy valley,industrial water damage|warehouse restoration|manufacturing facility restoration|industrial fire damage|plant restoration services,local_b2b,,,900,hero|og|inline-1|inline-2,service|local-business|faq|breadcrumb-list,/services/industrial-restoration/|/service-areas/sandy-valley-nv/|/service-areas/sandy-valley-nv/fire-damage-restoration/|/service-areas/sandy-valley-nv/mold-remediation/|/service-areas/blue-diamond-nv/industrial-restoration/|/service-areas/boulder-city-nv/industrial-restoration/|/contact/,4.90,planned
/service-areas/sandy-valley-nv/odor-removal/,service-area-service,"Odor Removal and Deodorization in Sandy Valley, NV | Desert Valley Contracting Inc ",Odor Removal and Deodorization in Sandy Valley,"24/7 odor removal and deodorization in Sandy Valley, NV. IICRC-certified, insurance billing accepted. Call (702) 633-5033.",odor removal and deodorization sandy valley,smoke odor removal|ozone treatment|hydroxyl deodorization|thermal fogging|professional odor elimination,local_specialty,,,900,hero|og|inline-1|inline-2,service|local-business|faq|breadcrumb-list,/services/odor-removal/|/service-areas/sandy-valley-nv/|/service-areas/sandy-valley-nv/fire-damage-restoration/|/service-areas/sandy-valley-nv/mold-remediation/|/service-areas/blue-diamond-nv/odor-removal/|/service-areas/boulder-city-nv/odor-removal/|/contact/,4.90,planned
/service-areas/sandy-valley-nv/water-heater-flood-cleanup/,service-area-service,"Water Heater Flood Cleanup in Sandy Valley, NV | Desert Valley Contracting Inc ",Water Heater Flood Cleanup in Sandy Valley,"24/7 water heater flood cleanup in Sandy Valley, NV. IICRC-certified, insurance billing accepted. Call (702) 633-5033.",water heater flood cleanup sandy valley,water heater leaking|water heater burst|flooded water heater|water heater leak damage,local_emergency,,,900,hero|og|inline-1|inline-2,service|local-business|faq|breadcrumb-list,/services/water-heater-flood-cleanup/|/service-areas/sandy-valley-nv/|/service-areas/sandy-valley-nv/fire-damage-restoration/|/service-areas/sandy-valley-nv/mold-remediation/|/service-areas/blue-diamond-nv/water-heater-flood-cleanup/|/service-areas/boulder-city-nv/water-heater-flood-cleanup/|/contact/,4.90,planned
/service-areas/sandy-valley-nv/water-leak-detection/,service-area-service,"Water Leak Detection in Sandy Valley, NV | Desert Valley Contracting Inc ",Water Leak Detection in Sandy Valley,"24/7 water leak detection in Sandy Valley, NV. IICRC-certified, insurance billing accepted. Call (702) 633-5033.",water leak detection sandy valley,leak detection|hidden water leak|slab leak detection|water leak in wall|leak detection service,local_emergency,,,900,hero|og|inline-1|inline-2,service|local-business|faq|breadcrumb-list,/services/water-leak-detection/|/service-areas/sandy-valley-nv/|/service-areas/sandy-valley-nv/fire-damage-restoration/|/service-areas/sandy-valley-nv/mold-remediation/|/service-areas/blue-diamond-nv/water-leak-detection/|/service-areas/boulder-city-nv/water-leak-detection/|/contact/,4.90,planned
/service-areas/searchlight-nv/industrial-restoration/,service-area-service,"Industrial Restoration in Searchlight, NV | Desert Valley Contracting Inc ",Industrial Restoration in Searchlight,"24/7 industrial restoration in Searchlight, NV. IICRC-certified, insurance billing accepted. Call (702) 633-5033.",industrial restoration searchlight,industrial water damage|warehouse restoration|manufacturing facility restoration|industrial fire damage|plant restoration services,local_b2b,,,900,hero|og|inline-1|inline-2,service|local-business|faq|breadcrumb-list,/services/industrial-restoration/|/service-areas/searchlight-nv/|/service-areas/searchlight-nv/fire-damage-restoration/|/service-areas/searchlight-nv/mold-remediation/|/service-areas/blue-diamond-nv/industrial-restoration/|/service-areas/boulder-city-nv/industrial-restoration/|/contact/,4.90,planned
/service-areas/searchlight-nv/odor-removal/,service-area-service,"Odor Removal and Deodorization in Searchlight, NV | Desert Valley Contracting Inc ",Odor Removal and Deodorization in Searchlight,"24/7 odor removal and deodorization in Searchlight, NV. IICRC-certified, insurance billing accepted. Call (702) 633-5033.",odor removal and deodorization searchlight,smoke odor removal|ozone treatment|hydroxyl deodorization|thermal fogging|professional odor elimination,local_specialty,,,900,hero|og|inline-1|inline-2,service|local-business|faq|breadcrumb-list,/services/odor-removal/|/service-areas/searchlight-nv/|/service-areas/searchlight-nv/fire-damage-restoration/|/service-areas/searchlight-nv/mold-remediation/|/service-areas/blue-diamond-nv/odor-removal/|/service-areas/boulder-city-nv/odor-removal/|/contact/,4.90,planned
/service-areas/searchlight-nv/water-heater-flood-cleanup/,service-area-service,"Water Heater Flood Cleanup in Searchlight, NV | Desert Valley Contracting Inc ",Water Heater Flood Cleanup in Searchlight,"24/7 water heater flood cleanup in Searchlight, NV. IICRC-certified, insurance billing accepted. Call (702) 633-5033.",water heater flood cleanup searchlight,water heater leaking|water heater burst|flooded water heater|water heater leak damage,local_emergency,,,900,hero|og|inline-1|inline-2,service|local-business|faq|breadcrumb-list,/services/water-heater-flood-cleanup/|/service-areas/searchlight-nv/|/service-areas/searchlight-nv/fire-damage-restoration/|/service-areas/searchlight-nv/mold-remediation/|/service-areas/blue-diamond-nv/water-heater-flood-cleanup/|/service-areas/boulder-city-nv/water-heater-flood-cleanup/|/contact/,4.90,planned
/service-areas/searchlight-nv/water-leak-detection/,service-area-service,"Water Leak Detection in Searchlight, NV | Desert Valley Contracting Inc ",Water Leak Detection in Searchlight,"24/7 water leak detection in Searchlight, NV. IICRC-certified, insurance billing accepted. Call (702) 633-5033.",water leak detection searchlight,leak detection|hidden water leak|slab leak detection|water leak in wall|leak detection service,local_emergency,,,900,hero|og|inline-1|inline-2,service|local-business|faq|breadcrumb-list,/services/water-leak-detection/|/service-areas/searchlight-nv/|/service-areas/searchlight-nv/fire-damage-restoration/|/service-areas/searchlight-nv/mold-remediation/|/service-areas/blue-diamond-nv/water-leak-detection/|/service-areas/boulder-city-nv/water-leak-detection/|/contact/,4.90,planned
/service-areas/spring-valley-nv/industrial-restoration/,service-area-service,"Industrial Restoration in Spring Valley, NV | Desert Valley Contracting Inc ",Industrial Restoration in Spring Valley,"24/7 industrial restoration in Spring Valley, NV. IICRC-certified, insurance billing accepted. Call (702) 633-5033.",industrial restoration spring valley,industrial water damage|warehouse restoration|manufacturing facility restoration|industrial fire damage|plant restoration services,local_b2b,,,900,hero|og|inline-1|inline-2,service|local-business|faq|breadcrumb-list,/services/industrial-restoration/|/service-areas/spring-valley-nv/|/service-areas/spring-valley-nv/fire-damage-restoration/|/service-areas/spring-valley-nv/mold-remediation/|/service-areas/blue-diamond-nv/industrial-restoration/|/service-areas/boulder-city-nv/industrial-restoration/|/contact/,4.90,planned
/service-areas/spring-valley-nv/odor-removal/,service-area-service,"Odor Removal and Deodorization in Spring Valley, NV | Desert Valley Contracting Inc ",Odor Removal and Deodorization in Spring Valley,"24/7 odor removal and deodorization in Spring Valley, NV. IICRC-certified, insurance billing accepted. Call (702) 633-5033.",odor removal and deodorization spring valley,smoke odor removal|ozone treatment|hydroxyl deodorization|thermal fogging|professional odor elimination,local_specialty,,,900,hero|og|inline-1|inline-2,service|local-business|faq|breadcrumb-list,/services/odor-removal/|/service-areas/spring-valley-nv/|/service-areas/spring-valley-nv/fire-damage-restoration/|/service-areas/spring-valley-nv/mold-remediation/|/service-areas/blue-diamond-nv/odor-removal/|/service-areas/boulder-city-nv/odor-removal/|/contact/,4.90,planned
/service-areas/spring-valley-nv/water-heater-flood-cleanup/,service-area-service,"Water Heater Flood Cleanup in Spring Valley, NV | Desert Valley Contracting Inc ",Water Heater Flood Cleanup in Spring Valley,"24/7 water heater flood cleanup in Spring Valley, NV. IICRC-certified, insurance billing accepted. Call (702) 633-5033.",water heater flood cleanup spring valley,water heater leaking|water heater burst|flooded water heater|water heater leak damage,local_emergency,,,900,hero|og|inline-1|inline-2,service|local-business|faq|breadcrumb-list,/services/water-heater-flood-cleanup/|/service-areas/spring-valley-nv/|/service-areas/spring-valley-nv/fire-damage-restoration/|/service-areas/spring-valley-nv/mold-remediation/|/service-areas/blue-diamond-nv/water-heater-flood-cleanup/|/service-areas/boulder-city-nv/water-heater-flood-cleanup/|/contact/,4.90,planned
/service-areas/spring-valley-nv/water-leak-detection/,service-area-service,"Water Leak Detection in Spring Valley, NV | Desert Valley Contracting Inc ",Water Leak Detection in Spring Valley,"24/7 water leak detection in Spring Valley, NV. IICRC-certified, insurance billing accepted. Call (702) 633-5033.",water leak detection spring valley,leak detection|hidden water leak|slab leak detection|water leak in wall|leak detection service,local_emergency,,,900,hero|og|inline-1|inline-2,service|local-business|faq|breadcrumb-list,/services/water-leak-detection/|/service-areas/spring-valley-nv/|/service-areas/spring-valley-nv/fire-damage-restoration/|/service-areas/spring-valley-nv/mold-remediation/|/service-areas/blue-diamond-nv/water-leak-detection/|/service-areas/boulder-city-nv/water-leak-detection/|/contact/,4.90,planned
/service-areas/summerlin-nv/industrial-restoration/,service-area-service,"Industrial Restoration in Summerlin, NV | Desert Valley Contracting Inc ",Industrial Restoration in Summerlin,"24/7 industrial restoration in Summerlin, NV. IICRC-certified, insurance billing accepted. Call (702) 633-5033.",industrial restoration summerlin,industrial water damage|warehouse restoration|manufacturing facility restoration|industrial fire damage|plant restoration services,local_b2b,,,900,hero|og|inline-1|inline-2,service|local-business|faq|breadcrumb-list,/services/industrial-restoration/|/service-areas/summerlin-nv/|/service-areas/summerlin-nv/fire-damage-restoration/|/service-areas/summerlin-nv/mold-remediation/|/service-areas/blue-diamond-nv/industrial-restoration/|/service-areas/boulder-city-nv/industrial-restoration/|/contact/,4.90,planned
/service-areas/summerlin-nv/odor-removal/,service-area-service,"Odor Removal and Deodorization in Summerlin, NV | Desert Valley Contracting Inc ",Odor Removal and Deodorization in Summerlin,"24/7 odor removal and deodorization in Summerlin, NV. IICRC-certified, insurance billing accepted. Call (702) 633-5033.",odor removal and deodorization summerlin,smoke odor removal|ozone treatment|hydroxyl deodorization|thermal fogging|professional odor elimination,local_specialty,,,900,hero|og|inline-1|inline-2,service|local-business|faq|breadcrumb-list,/services/odor-removal/|/service-areas/summerlin-nv/|/service-areas/summerlin-nv/fire-damage-restoration/|/service-areas/summerlin-nv/mold-remediation/|/service-areas/blue-diamond-nv/odor-removal/|/service-areas/boulder-city-nv/odor-removal/|/contact/,4.90,planned
/service-areas/summerlin-nv/water-heater-flood-cleanup/,service-area-service,"Water Heater Flood Cleanup in Summerlin, NV | Desert Valley Contracting Inc ",Water Heater Flood Cleanup in Summerlin,"24/7 water heater flood cleanup in Summerlin, NV. IICRC-certified, insurance billing accepted. Call (702) 633-5033.",water heater flood cleanup summerlin,water heater leaking|water heater burst|flooded water heater|water heater leak damage,local_emergency,,,900,hero|og|inline-1|inline-2,service|local-business|faq|breadcrumb-list,/services/water-heater-flood-cleanup/|/service-areas/summerlin-nv/|/service-areas/summerlin-nv/fire-damage-restoration/|/service-areas/summerlin-nv/mold-remediation/|/service-areas/blue-diamond-nv/water-heater-flood-cleanup/|/service-areas/boulder-city-nv/water-heater-flood-cleanup/|/contact/,4.90,planned
/service-areas/summerlin-nv/water-leak-detection/,service-area-service,"Water Leak Detection in Summerlin, NV | Desert Valley Contracting Inc ",Water Leak Detection in Summerlin,"24/7 water leak detection in Summerlin, NV. IICRC-certified, insurance billing accepted. Call (702) 633-5033.",water leak detection summerlin,leak detection|hidden water leak|slab leak detection|water leak in wall|leak detection service,local_emergency,,,900,hero|og|inline-1|inline-2,service|local-business|faq|breadcrumb-list,/services/water-leak-detection/|/service-areas/summerlin-nv/|/service-areas/summerlin-nv/fire-damage-restoration/|/service-areas/summerlin-nv/mold-remediation/|/service-areas/blue-diamond-nv/water-leak-detection/|/service-areas/boulder-city-nv/water-leak-detection/|/contact/,4.90,planned
/service-areas/summerlin-south-nv/industrial-restoration/,service-area-service,"Industrial Restoration in Summerlin South, NV | Desert Valley Contracting Inc ",Industrial Restoration in Summerlin South,"24/7 industrial restoration in Summerlin South, NV. IICRC-certified, insurance billing accepted. Call (702) 633-5033.",industrial restoration summerlin south,industrial water damage|warehouse restoration|manufacturing facility restoration|industrial fire damage|plant restoration services,local_b2b,,,900,hero|og|inline-1|inline-2,service|local-business|faq|breadcrumb-list,/services/industrial-restoration/|/service-areas/summerlin-south-nv/|/service-areas/summerlin-south-nv/fire-damage-restoration/|/service-areas/summerlin-south-nv/mold-remediation/|/service-areas/blue-diamond-nv/industrial-restoration/|/service-areas/boulder-city-nv/industrial-restoration/|/contact/,4.90,planned
/service-areas/summerlin-south-nv/odor-removal/,service-area-service,"Odor Removal and Deodorization in Summerlin South, NV | Desert Valley Contracting Inc ",Odor Removal and Deodorization in Summerlin South,"24/7 odor removal and deodorization in Summerlin South, NV. IICRC-certified, insurance billing accepted. Call (702) 633-5033.",odor removal and deodorization summerlin south,smoke odor removal|ozone treatment|hydroxyl deodorization|thermal fogging|professional odor elimination,local_specialty,,,900,hero|og|inline-1|inline-2,service|local-business|faq|breadcrumb-list,/services/odor-removal/|/service-areas/summerlin-south-nv/|/service-areas/summerlin-south-nv/fire-damage-restoration/|/service-areas/summerlin-south-nv/mold-remediation/|/service-areas/blue-diamond-nv/odor-removal/|/service-areas/boulder-city-nv/odor-removal/|/contact/,4.90,planned
/service-areas/summerlin-south-nv/water-heater-flood-cleanup/,service-area-service,"Water Heater Flood Cleanup in Summerlin South, NV | Desert Valley Contracting Inc ",Water Heater Flood Cleanup in Summerlin South,"24/7 water heater flood cleanup in Summerlin South, NV. IICRC-certified, insurance billing accepted. Call (702) 633-5033.",water heater flood cleanup summerlin south,water heater leaking|water heater burst|flooded water heater|water heater leak damage,local_emergency,,,900,hero|og|inline-1|inline-2,service|local-business|faq|breadcrumb-list,/services/water-heater-flood-cleanup/|/service-areas/summerlin-south-nv/|/service-areas/summerlin-south-nv/fire-damage-restoration/|/service-areas/summerlin-south-nv/mold-remediation/|/service-areas/blue-diamond-nv/water-heater-flood-cleanup/|/service-areas/boulder-city-nv/water-heater-flood-cleanup/|/contact/,4.90,planned
/service-areas/summerlin-south-nv/water-leak-detection/,service-area-service,"Water Leak Detection in Summerlin South, NV | Desert Valley Contracting Inc ",Water Leak Detection in Summerlin South,"24/7 water leak detection in Summerlin South, NV. IICRC-certified, insurance billing accepted. Call (702) 633-5033.",water leak detection summerlin south,leak detection|hidden water leak|slab leak detection|water leak in wall|leak detection service,local_emergency,,,900,hero|og|inline-1|inline-2,service|local-business|faq|breadcrumb-list,/services/water-leak-detection/|/service-areas/summerlin-south-nv/|/service-areas/summerlin-south-nv/fire-damage-restoration/|/service-areas/summerlin-south-nv/mold-remediation/|/service-areas/blue-diamond-nv/water-leak-detection/|/service-areas/boulder-city-nv/water-leak-detection/|/contact/,4.90,planned
/service-areas/sunrise-manor-nv/industrial-restoration/,service-area-service,"Industrial Restoration in Sunrise Manor, NV | Desert Valley Contracting Inc ",Industrial Restoration in Sunrise Manor,"24/7 industrial restoration in Sunrise Manor, NV. IICRC-certified, insurance billing accepted. Call (702) 633-5033.",industrial restoration sunrise manor,industrial water damage|warehouse restoration|manufacturing facility restoration|industrial fire damage|plant restoration services,local_b2b,,,900,hero|og|inline-1|inline-2,service|local-business|faq|breadcrumb-list,/services/industrial-restoration/|/service-areas/sunrise-manor-nv/|/service-areas/sunrise-manor-nv/fire-damage-restoration/|/service-areas/sunrise-manor-nv/mold-remediation/|/service-areas/blue-diamond-nv/industrial-restoration/|/service-areas/boulder-city-nv/industrial-restoration/|/contact/,4.90,planned
/service-areas/sunrise-manor-nv/odor-removal/,service-area-service,"Odor Removal and Deodorization in Sunrise Manor, NV | Desert Valley Contracting Inc ",Odor Removal and Deodorization in Sunrise Manor,"24/7 odor removal and deodorization in Sunrise Manor, NV. IICRC-certified, insurance billing accepted. Call (702) 633-5033.",odor removal and deodorization sunrise manor,smoke odor removal|ozone treatment|hydroxyl deodorization|thermal fogging|professional odor elimination,local_specialty,,,900,hero|og|inline-1|inline-2,service|local-business|faq|breadcrumb-list,/services/odor-removal/|/service-areas/sunrise-manor-nv/|/service-areas/sunrise-manor-nv/fire-damage-restoration/|/service-areas/sunrise-manor-nv/mold-remediation/|/service-areas/blue-diamond-nv/odor-removal/|/service-areas/boulder-city-nv/odor-removal/|/contact/,4.90,planned
/service-areas/sunrise-manor-nv/water-heater-flood-cleanup/,service-area-service,"Water Heater Flood Cleanup in Sunrise Manor, NV | Desert Valley Contracting Inc ",Water Heater Flood Cleanup in Sunrise Manor,"24/7 water heater flood cleanup in Sunrise Manor, NV. IICRC-certified, insurance billing accepted. Call (702) 633-5033.",water heater flood cleanup sunrise manor,water heater leaking|water heater burst|flooded water heater|water heater leak damage,local_emergency,,,900,hero|og|inline-1|inline-2,service|local-business|faq|breadcrumb-list,/services/water-heater-flood-cleanup/|/service-areas/sunrise-manor-nv/|/service-areas/sunrise-manor-nv/fire-damage-restoration/|/service-areas/sunrise-manor-nv/mold-remediation/|/service-areas/blue-diamond-nv/water-heater-flood-cleanup/|/service-areas/boulder-city-nv/water-heater-flood-cleanup/|/contact/,4.90,planned
/service-areas/sunrise-manor-nv/water-leak-detection/,service-area-service,"Water Leak Detection in Sunrise Manor, NV | Desert Valley Contracting Inc ",Water Leak Detection in Sunrise Manor,"24/7 water leak detection in Sunrise Manor, NV. IICRC-certified, insurance billing accepted. Call (702) 633-5033.",water leak detection sunrise manor,leak detection|hidden water leak|slab leak detection|water leak in wall|leak detection service,local_emergency,,,900,hero|og|inline-1|inline-2,service|local-business|faq|breadcrumb-list,/services/water-leak-detection/|/service-areas/sunrise-manor-nv/|/service-areas/sunrise-manor-nv/fire-damage-restoration/|/service-areas/sunrise-manor-nv/mold-remediation/|/service-areas/blue-diamond-nv/water-leak-detection/|/service-areas/boulder-city-nv/water-leak-detection/|/contact/,4.90,planned
/service-areas/whitney-nv/industrial-restoration/,service-area-service,"Industrial Restoration in Whitney, NV | Desert Valley Contracting Inc ",Industrial Restoration in Whitney,"24/7 industrial restoration in Whitney, NV. IICRC-certified, insurance billing accepted. Call (702) 633-5033.",industrial restoration whitney,industrial water damage|warehouse restoration|manufacturing facility restoration|industrial fire damage|plant restoration services,local_b2b,,,900,hero|og|inline-1|inline-2,service|local-business|faq|breadcrumb-list,/services/industrial-restoration/|/service-areas/whitney-nv/|/service-areas/whitney-nv/fire-damage-restoration/|/service-areas/whitney-nv/mold-remediation/|/service-areas/blue-diamond-nv/industrial-restoration/|/service-areas/boulder-city-nv/industrial-restoration/|/contact/,4.90,planned
/service-areas/whitney-nv/odor-removal/,service-area-service,"Odor Removal and Deodorization in Whitney, NV | Desert Valley Contracting Inc ",Odor Removal and Deodorization in Whitney,"24/7 odor removal and deodorization in Whitney, NV. IICRC-certified, insurance billing accepted. Call (702) 633-5033.",odor removal and deodorization whitney,smoke odor removal|ozone treatment|hydroxyl deodorization|thermal fogging|professional odor elimination,local_specialty,,,900,hero|og|inline-1|inline-2,service|local-business|faq|breadcrumb-list,/services/odor-removal/|/service-areas/whitney-nv/|/service-areas/whitney-nv/fire-damage-restoration/|/service-areas/whitney-nv/mold-remediation/|/service-areas/blue-diamond-nv/odor-removal/|/service-areas/boulder-city-nv/odor-removal/|/contact/,4.90,planned
/service-areas/whitney-nv/water-heater-flood-cleanup/,service-area-service,"Water Heater Flood Cleanup in Whitney, NV | Desert Valley Contracting Inc ",Water Heater Flood Cleanup in Whitney,"24/7 water heater flood cleanup in Whitney, NV. IICRC-certified, insurance billing accepted. Call (702) 633-5033.",water heater flood cleanup whitney,water heater leaking|water heater burst|flooded water heater|water heater leak damage,local_emergency,,,900,hero|og|inline-1|inline-2,service|local-business|faq|breadcrumb-list,/services/water-heater-flood-cleanup/|/service-areas/whitney-nv/|/service-areas/whitney-nv/fire-damage-restoration/|/service-areas/whitney-nv/mold-remediation/|/service-areas/blue-diamond-nv/water-heater-flood-cleanup/|/service-areas/boulder-city-nv/water-heater-flood-cleanup/|/contact/,4.90,planned
/service-areas/whitney-nv/water-leak-detection/,service-area-service,"Water Leak Detection in Whitney, NV | Desert Valley Contracting Inc ",Water Leak Detection in Whitney,"24/7 water leak detection in Whitney, NV. IICRC-certified, insurance billing accepted. Call (702) 633-5033.",water leak detection whitney,leak detection|hidden water leak|slab leak detection|water leak in wall|leak detection service,local_emergency,,,900,hero|og|inline-1|inline-2,service|local-business|faq|breadcrumb-list,/services/water-leak-detection/|/service-areas/whitney-nv/|/service-areas/whitney-nv/fire-damage-restoration/|/service-areas/whitney-nv/mold-remediation/|/service-areas/blue-diamond-nv/water-leak-detection/|/service-areas/boulder-city-nv/water-leak-detection/|/contact/,4.90,planned
/service-areas/winchester-nv/industrial-restoration/,service-area-service,"Industrial Restoration in Winchester, NV | Desert Valley Contracting Inc ",Industrial Restoration in Winchester,"24/7 industrial restoration in Winchester, NV. IICRC-certified, insurance billing accepted. Call (702) 633-5033.",industrial restoration winchester,industrial water damage|warehouse restoration|manufacturing facility restoration|industrial fire damage|plant restoration services,local_b2b,,,900,hero|og|inline-1|inline-2,service|local-business|faq|breadcrumb-list,/services/industrial-restoration/|/service-areas/winchester-nv/|/service-areas/winchester-nv/fire-damage-restoration/|/service-areas/winchester-nv/mold-remediation/|/service-areas/blue-diamond-nv/industrial-restoration/|/service-areas/boulder-city-nv/industrial-restoration/|/contact/,4.90,planned
/service-areas/winchester-nv/odor-removal/,service-area-service,"Odor Removal and Deodorization in Winchester, NV | Desert Valley Contracting Inc ",Odor Removal and Deodorization in Winchester,"24/7 odor removal and deodorization in Winchester, NV. IICRC-certified, insurance billing accepted. Call (702) 633-5033.",odor removal and deodorization winchester,smoke odor removal|ozone treatment|hydroxyl deodorization|thermal fogging|professional odor elimination,local_specialty,,,900,hero|og|inline-1|inline-2,service|local-business|faq|breadcrumb-list,/services/odor-removal/|/service-areas/winchester-nv/|/service-areas/winchester-nv/fire-damage-restoration/|/service-areas/winchester-nv/mold-remediation/|/service-areas/blue-diamond-nv/odor-removal/|/service-areas/boulder-city-nv/odor-removal/|/contact/,4.90,planned
/service-areas/winchester-nv/water-heater-flood-cleanup/,service-area-service,"Water Heater Flood Cleanup in Winchester, NV | Desert Valley Contracting Inc ",Water Heater Flood Cleanup in Winchester,"24/7 water heater flood cleanup in Winchester, NV. IICRC-certified, insurance billing accepted. Call (702) 633-5033.",water heater flood cleanup winchester,water heater leaking|water heater burst|flooded water heater|water heater leak damage,local_emergency,,,900,hero|og|inline-1|inline-2,service|local-business|faq|breadcrumb-list,/services/water-heater-flood-cleanup/|/service-areas/winchester-nv/|/service-areas/winchester-nv/fire-damage-restoration/|/service-areas/winchester-nv/mold-remediation/|/service-areas/blue-diamond-nv/water-heater-flood-cleanup/|/service-areas/boulder-city-nv/water-heater-flood-cleanup/|/contact/,4.90,planned
/service-areas/winchester-nv/water-leak-detection/,service-area-service,"Water Leak Detection in Winchester, NV | Desert Valley Contracting Inc ",Water Leak Detection in Winchester,"24/7 water leak detection in Winchester, NV. IICRC-certified, insurance billing accepted. Call (702) 633-5033.",water leak detection winchester,leak detection|hidden water leak|slab leak detection|water leak in wall|leak detection service,local_emergency,,,900,hero|og|inline-1|inline-2,service|local-business|faq|breadcrumb-list,/services/water-leak-detection/|/service-areas/winchester-nv/|/service-areas/winchester-nv/fire-damage-restoration/|/service-areas/winchester-nv/mold-remediation/|/service-areas/blue-diamond-nv/water-leak-detection/|/service-areas/boulder-city-nv/water-leak-detection/|/contact/,4.90,planned
/blog/black-mold-vs-regular-mold/,blog-post,Black Mold vs Regular Mold: How To Tell the Difference,Black Mold vs Regular Mold: How To Tell the Difference,,black mold vs regular mold how to tell the difference,mold remediation,informational_health,,,1400,hero|og|inline-1|inline-2,blog-posting|faq|breadcrumb-list,/blog/|/services/mold-remediation/|/blog/choosing-a-restoration-company/|/blog/how-to-test-for-mold/|/blog/signs-of-hidden-mold/,4.80,planned
/services/contents-restoration-storage/,service-landing,Contents Restoration & Storage in North Las Vegas | Desert Valley Contracting Inc ,Contents Restoration & Storage in North Las Vegas,"24/7 contents restoration & storage in North Las Vegas and surrounding areas. IICRC-certified, insurance billing accepted. Call (702) 633-5033.",contents restoration & storage north las vegas,,local_specialty,,,1100,hero|og|inline-1|inline-2,service|local-business|faq|breadcrumb-list,/services/|/contact/|/service-areas/blue-diamond-nv/contents-restoration-storage/|/service-areas/boulder-city-nv/contents-restoration-storage/|/service-areas/enterprise-nv/contents-restoration-storage/|/service-areas/henderson-nv/contents-restoration-storage/|/service-areas/indian-springs-nv/contents-restoration-storage/|/service-areas/las-vegas-nv/contents-restoration-storage/|/service-areas/moapa-town-nv/contents-restoration-storage/|/service-areas/moapa-valley-nv/contents-restoration-storage/|/service-areas/mount-charleston-nv/contents-restoration-storage/|/service-areas/nelson-nv/contents-restoration-storage/|/service-areas/pahrump-nv/contents-restoration-storage/|/service-areas/paradise-nv/contents-restoration-storage/,4.50,planned
/service-areas/,service-areas-hub,Service Areas | Desert Valley Contracting Inc  Restoration,Areas We Serve,Desert Valley Contracting Inc  provides 24/7 restoration services across North Las Vegas and the surrounding region. Find your city.,desert valley contracting inc  service areas,restoration service area|cities we serve|local restoration coverage,navigational_local,,,500,hero|og,organization|website|local-business|breadcrumb-list,/|/service-areas/blue-diamond-nv/|/service-areas/boulder-city-nv/|/service-areas/enterprise-nv/|/service-areas/henderson-nv/|/service-areas/indian-springs-nv/|/service-areas/las-vegas-nv/|/service-areas/moapa-town-nv/|/service-areas/moapa-valley-nv/|/service-areas/mount-charleston-nv/|/service-areas/nelson-nv/|/service-areas/pahrump-nv/|/service-areas/paradise-nv/|/service-areas/sandy-valley-nv/|/service-areas/searchlight-nv/|/service-areas/spring-valley-nv/|/service-areas/summerlin-nv/|/service-areas/summerlin-south-nv/|/service-areas/sunrise-manor-nv/|/service-areas/whitney-nv/|/service-areas/winchester-nv/,3.50,planned
/service-areas/blue-diamond-nv/contents-restoration-storage/,service-area-service,"Contents Restoration & Storage in Blue Diamond, NV | Desert Valley Contracting Inc ",Contents Restoration & Storage in Blue Diamond,"24/7 contents restoration & storage in Blue Diamond, NV. IICRC-certified, insurance billing accepted. Call (702) 633-5033.",contents restoration & storage blue diamond,,local_specialty,,,900,hero|og|inline-1|inline-2,service|local-business|faq|breadcrumb-list,/services/contents-restoration-storage/|/service-areas/blue-diamond-nv/|/service-areas/blue-diamond-nv/fire-damage-restoration/|/service-areas/blue-diamond-nv/mold-remediation/|/service-areas/boulder-city-nv/contents-restoration-storage/|/service-areas/enterprise-nv/contents-restoration-storage/|/contact/,3.50,planned
/service-areas/boulder-city-nv/contents-restoration-storage/,service-area-service,"Contents Restoration & Storage in Boulder City, NV | Desert Valley Contracting Inc ",Contents Restoration & Storage in Boulder City,"24/7 contents restoration & storage in Boulder City, NV. IICRC-certified, insurance billing accepted. Call (702) 633-5033.",contents restoration & storage boulder city,,local_specialty,,,900,hero|og|inline-1|inline-2,service|local-business|faq|breadcrumb-list,/services/contents-restoration-storage/|/service-areas/boulder-city-nv/|/service-areas/boulder-city-nv/fire-damage-restoration/|/service-areas/boulder-city-nv/mold-remediation/|/service-areas/blue-diamond-nv/contents-restoration-storage/|/service-areas/enterprise-nv/contents-restoration-storage/|/contact/,3.50,planned
/service-areas/enterprise-nv/contents-restoration-storage/,service-area-service,"Contents Restoration & Storage in Enterprise, NV | Desert Valley Contracting Inc ",Contents Restoration & Storage in Enterprise,"24/7 contents restoration & storage in Enterprise, NV. IICRC-certified, insurance billing accepted. Call (702) 633-5033.",contents restoration & storage enterprise,,local_specialty,,,900,hero|og|inline-1|inline-2,service|local-business|faq|breadcrumb-list,/services/contents-restoration-storage/|/service-areas/enterprise-nv/|/service-areas/enterprise-nv/fire-damage-restoration/|/service-areas/enterprise-nv/mold-remediation/|/service-areas/blue-diamond-nv/contents-restoration-storage/|/service-areas/boulder-city-nv/contents-restoration-storage/|/contact/,3.50,planned
/service-areas/henderson-nv/contents-restoration-storage/,service-area-service,"Contents Restoration & Storage in Henderson, NV | Desert Valley Contracting Inc ",Contents Restoration & Storage in Henderson,"24/7 contents restoration & storage in Henderson, NV. IICRC-certified, insurance billing accepted. Call (702) 633-5033.",contents restoration & storage henderson,,local_specialty,,,900,hero|og|inline-1|inline-2,service|local-business|faq|breadcrumb-list,/services/contents-restoration-storage/|/service-areas/henderson-nv/|/service-areas/henderson-nv/fire-damage-restoration/|/service-areas/henderson-nv/mold-remediation/|/service-areas/blue-diamond-nv/contents-restoration-storage/|/service-areas/boulder-city-nv/contents-restoration-storage/|/contact/,3.50,planned
/service-areas/indian-springs-nv/contents-restoration-storage/,service-area-service,"Contents Restoration & Storage in Indian Springs, NV | Desert Valley Contracting Inc ",Contents Restoration & Storage in Indian Springs,"24/7 contents restoration & storage in Indian Springs, NV. IICRC-certified, insurance billing accepted. Call (702) 633-5033.",contents restoration & storage indian springs,,local_specialty,,,900,hero|og|inline-1|inline-2,service|local-business|faq|breadcrumb-list,/services/contents-restoration-storage/|/service-areas/indian-springs-nv/|/service-areas/indian-springs-nv/fire-damage-restoration/|/service-areas/indian-springs-nv/mold-remediation/|/service-areas/blue-diamond-nv/contents-restoration-storage/|/service-areas/boulder-city-nv/contents-restoration-storage/|/contact/,3.50,planned
/service-areas/las-vegas-nv/contents-restoration-storage/,service-area-service,"Contents Restoration & Storage in Las Vegas, NV | Desert Valley Contracting Inc ",Contents Restoration & Storage in Las Vegas,"24/7 contents restoration & storage in Las Vegas, NV. IICRC-certified, insurance billing accepted. Call (702) 633-5033.",contents restoration & storage las vegas,,local_specialty,,,900,hero|og|inline-1|inline-2,service|local-business|faq|breadcrumb-list,/services/contents-restoration-storage/|/service-areas/las-vegas-nv/|/service-areas/las-vegas-nv/fire-damage-restoration/|/service-areas/las-vegas-nv/mold-remediation/|/service-areas/blue-diamond-nv/contents-restoration-storage/|/service-areas/boulder-city-nv/contents-restoration-storage/|/contact/,3.50,planned
/service-areas/moapa-town-nv/contents-restoration-storage/,service-area-service,"Contents Restoration & Storage in Moapa Town, NV | Desert Valley Contracting Inc ",Contents Restoration & Storage in Moapa Town,"24/7 contents restoration & storage in Moapa Town, NV. IICRC-certified, insurance billing accepted. Call (702) 633-5033.",contents restoration & storage moapa town,,local_specialty,,,900,hero|og|inline-1|inline-2,service|local-business|faq|breadcrumb-list,/services/contents-restoration-storage/|/service-areas/moapa-town-nv/|/service-areas/moapa-town-nv/fire-damage-restoration/|/service-areas/moapa-town-nv/mold-remediation/|/service-areas/blue-diamond-nv/contents-restoration-storage/|/service-areas/boulder-city-nv/contents-restoration-storage/|/contact/,3.50,planned
/service-areas/moapa-valley-nv/contents-restoration-storage/,service-area-service,"Contents Restoration & Storage in Moapa Valley, NV | Desert Valley Contracting Inc ",Contents Restoration & Storage in Moapa Valley,"24/7 contents restoration & storage in Moapa Valley, NV. IICRC-certified, insurance billing accepted. Call (702) 633-5033.",contents restoration & storage moapa valley,,local_specialty,,,900,hero|og|inline-1|inline-2,service|local-business|faq|breadcrumb-list,/services/contents-restoration-storage/|/service-areas/moapa-valley-nv/|/service-areas/moapa-valley-nv/fire-damage-restoration/|/service-areas/moapa-valley-nv/mold-remediation/|/service-areas/blue-diamond-nv/contents-restoration-storage/|/service-areas/boulder-city-nv/contents-restoration-storage/|/contact/,3.50,planned
/service-areas/mount-charleston-nv/contents-restoration-storage/,service-area-service,"Contents Restoration & Storage in Mount Charleston, NV | Desert Valley Contracting Inc ",Contents Restoration & Storage in Mount Charleston,"24/7 contents restoration & storage in Mount Charleston, NV. IICRC-certified, insurance billing accepted. Call (702) 633-5033.",contents restoration & storage mount charleston,,local_specialty,,,900,hero|og|inline-1|inline-2,service|local-business|faq|breadcrumb-list,/services/contents-restoration-storage/|/service-areas/mount-charleston-nv/|/service-areas/mount-charleston-nv/fire-damage-restoration/|/service-areas/mount-charleston-nv/mold-remediation/|/service-areas/blue-diamond-nv/contents-restoration-storage/|/service-areas/boulder-city-nv/contents-restoration-storage/|/contact/,3.50,planned
/service-areas/nelson-nv/contents-restoration-storage/,service-area-service,"Contents Restoration & Storage in Nelson, NV | Desert Valley Contracting Inc ",Contents Restoration & Storage in Nelson,"24/7 contents restoration & storage in Nelson, NV. IICRC-certified, insurance billing accepted. Call (702) 633-5033.",contents restoration & storage nelson,,local_specialty,,,900,hero|og|inline-1|inline-2,service|local-business|faq|breadcrumb-list,/services/contents-restoration-storage/|/service-areas/nelson-nv/|/service-areas/nelson-nv/fire-damage-restoration/|/service-areas/nelson-nv/mold-remediation/|/service-areas/blue-diamond-nv/contents-restoration-storage/|/service-areas/boulder-city-nv/contents-restoration-storage/|/contact/,3.50,planned
/service-areas/pahrump-nv/contents-restoration-storage/,service-area-service,"Contents Restoration & Storage in Pahrump, NV | Desert Valley Contracting Inc ",Contents Restoration & Storage in Pahrump,"24/7 contents restoration & storage in Pahrump, NV. IICRC-certified, insurance billing accepted. Call (702) 633-5033.",contents restoration & storage pahrump,,local_specialty,,,900,hero|og|inline-1|inline-2,service|local-business|faq|breadcrumb-list,/services/contents-restoration-storage/|/service-areas/pahrump-nv/|/service-areas/pahrump-nv/fire-damage-restoration/|/service-areas/pahrump-nv/mold-remediation/|/service-areas/blue-diamond-nv/contents-restoration-storage/|/service-areas/boulder-city-nv/contents-restoration-storage/|/contact/,3.50,planned
/service-areas/paradise-nv/contents-restoration-storage/,service-area-service,"Contents Restoration & Storage in Paradise, NV | Desert Valley Contracting Inc ",Contents Restoration & Storage in Paradise,"24/7 contents restoration & storage in Paradise, NV. IICRC-certified, insurance billing accepted. Call (702) 633-5033.",contents restoration & storage paradise,,local_specialty,,,900,hero|og|inline-1|inline-2,service|local-business|faq|breadcrumb-list,/services/contents-restoration-storage/|/service-areas/paradise-nv/|/service-areas/paradise-nv/fire-damage-restoration/|/service-areas/paradise-nv/mold-remediation/|/service-areas/blue-diamond-nv/contents-restoration-storage/|/service-areas/boulder-city-nv/contents-restoration-storage/|/contact/,3.50,planned
/service-areas/sandy-valley-nv/contents-restoration-storage/,service-area-service,"Contents Restoration & Storage in Sandy Valley, NV | Desert Valley Contracting Inc ",Contents Restoration & Storage in Sandy Valley,"24/7 contents restoration & storage in Sandy Valley, NV. IICRC-certified, insurance billing accepted. Call (702) 633-5033.",contents restoration & storage sandy valley,,local_specialty,,,900,hero|og|inline-1|inline-2,service|local-business|faq|breadcrumb-list,/services/contents-restoration-storage/|/service-areas/sandy-valley-nv/|/service-areas/sandy-valley-nv/fire-damage-restoration/|/service-areas/sandy-valley-nv/mold-remediation/|/service-areas/blue-diamond-nv/contents-restoration-storage/|/service-areas/boulder-city-nv/contents-restoration-storage/|/contact/,3.50,planned
/service-areas/searchlight-nv/contents-restoration-storage/,service-area-service,"Contents Restoration & Storage in Searchlight, NV | Desert Valley Contracting Inc ",Contents Restoration & Storage in Searchlight,"24/7 contents restoration & storage in Searchlight, NV. IICRC-certified, insurance billing accepted. Call (702) 633-5033.",contents restoration & storage searchlight,,local_specialty,,,900,hero|og|inline-1|inline-2,service|local-business|faq|breadcrumb-list,/services/contents-restoration-storage/|/service-areas/searchlight-nv/|/service-areas/searchlight-nv/fire-damage-restoration/|/service-areas/searchlight-nv/mold-remediation/|/service-areas/blue-diamond-nv/contents-restoration-storage/|/service-areas/boulder-city-nv/contents-restoration-storage/|/contact/,3.50,planned
/service-areas/spring-valley-nv/contents-restoration-storage/,service-area-service,"Contents Restoration & Storage in Spring Valley, NV | Desert Valley Contracting Inc ",Contents Restoration & Storage in Spring Valley,"24/7 contents restoration & storage in Spring Valley, NV. IICRC-certified, insurance billing accepted. Call (702) 633-5033.",contents restoration & storage spring valley,,local_specialty,,,900,hero|og|inline-1|inline-2,service|local-business|faq|breadcrumb-list,/services/contents-restoration-storage/|/service-areas/spring-valley-nv/|/service-areas/spring-valley-nv/fire-damage-restoration/|/service-areas/spring-valley-nv/mold-remediation/|/service-areas/blue-diamond-nv/contents-restoration-storage/|/service-areas/boulder-city-nv/contents-restoration-storage/|/contact/,3.50,planned
/service-areas/summerlin-nv/contents-restoration-storage/,service-area-service,"Contents Restoration & Storage in Summerlin, NV | Desert Valley Contracting Inc ",Contents Restoration & Storage in Summerlin,"24/7 contents restoration & storage in Summerlin, NV. IICRC-certified, insurance billing accepted. Call (702) 633-5033.",contents restoration & storage summerlin,,local_specialty,,,900,hero|og|inline-1|inline-2,service|local-business|faq|breadcrumb-list,/services/contents-restoration-storage/|/service-areas/summerlin-nv/|/service-areas/summerlin-nv/fire-damage-restoration/|/service-areas/summerlin-nv/mold-remediation/|/service-areas/blue-diamond-nv/contents-restoration-storage/|/service-areas/boulder-city-nv/contents-restoration-storage/|/contact/,3.50,planned
/service-areas/summerlin-south-nv/contents-restoration-storage/,service-area-service,"Contents Restoration & Storage in Summerlin South, NV | Desert Valley Contracting Inc ",Contents Restoration & Storage in Summerlin South,"24/7 contents restoration & storage in Summerlin South, NV. IICRC-certified, insurance billing accepted. Call (702) 633-5033.",contents restoration & storage summerlin south,,local_specialty,,,900,hero|og|inline-1|inline-2,service|local-business|faq|breadcrumb-list,/services/contents-restoration-storage/|/service-areas/summerlin-south-nv/|/service-areas/summerlin-south-nv/fire-damage-restoration/|/service-areas/summerlin-south-nv/mold-remediation/|/service-areas/blue-diamond-nv/contents-restoration-storage/|/service-areas/boulder-city-nv/contents-restoration-storage/|/contact/,3.50,planned
/service-areas/sunrise-manor-nv/contents-restoration-storage/,service-area-service,"Contents Restoration & Storage in Sunrise Manor, NV | Desert Valley Contracting Inc ",Contents Restoration & Storage in Sunrise Manor,"24/7 contents restoration & storage in Sunrise Manor, NV. IICRC-certified, insurance billing accepted. Call (702) 633-5033.",contents restoration & storage sunrise manor,,local_specialty,,,900,hero|og|inline-1|inline-2,service|local-business|faq|breadcrumb-list,/services/contents-restoration-storage/|/service-areas/sunrise-manor-nv/|/service-areas/sunrise-manor-nv/fire-damage-restoration/|/service-areas/sunrise-manor-nv/mold-remediation/|/service-areas/blue-diamond-nv/contents-restoration-storage/|/service-areas/boulder-city-nv/contents-restoration-storage/|/contact/,3.50,planned
/service-areas/whitney-nv/contents-restoration-storage/,service-area-service,"Contents Restoration & Storage in Whitney, NV | Desert Valley Contracting Inc ",Contents Restoration & Storage in Whitney,"24/7 contents restoration & storage in Whitney, NV. IICRC-certified, insurance billing accepted. Call (702) 633-5033.",contents restoration & storage whitney,,local_specialty,,,900,hero|og|inline-1|inline-2,service|local-business|faq|breadcrumb-list,/services/contents-restoration-storage/|/service-areas/whitney-nv/|/service-areas/whitney-nv/fire-damage-restoration/|/service-areas/whitney-nv/mold-remediation/|/service-areas/blue-diamond-nv/contents-restoration-storage/|/service-areas/boulder-city-nv/contents-restoration-storage/|/contact/,3.50,planned
/service-areas/winchester-nv/contents-restoration-storage/,service-area-service,"Contents Restoration & Storage in Winchester, NV | Desert Valley Contracting Inc ",Contents Restoration & Storage in Winchester,"24/7 contents restoration & storage in Winchester, NV. IICRC-certified, insurance billing accepted. Call (702) 633-5033.",contents restoration & storage winchester,,local_specialty,,,900,hero|og|inline-1|inline-2,service|local-business|faq|breadcrumb-list,/services/contents-restoration-storage/|/service-areas/winchester-nv/|/service-areas/winchester-nv/fire-damage-restoration/|/service-areas/winchester-nv/mold-remediation/|/service-areas/blue-diamond-nv/contents-restoration-storage/|/service-areas/boulder-city-nv/contents-restoration-storage/|/contact/,3.50,planned
/blog/,blog-index,Restoration Blog | Desert Valley Contracting Inc ,Restoration Resources and Insights,"Guides, checklists, and explainers from Desert Valley Contracting Inc  on water, fire, mold, and storm damage restoration.",restoration blog north las vegas,restoration guides|damage restoration tips|restoration insights,informational_browse,,,300,hero|og,website|breadcrumb-list,/|/blog/burst-pipe-emergency-checklist/|/blog/what-to-do-first-24-hours-water-damage/|/blog/choosing-a-restoration-company/|/blog/does-homeowners-insurance-cover-water-damage/|/blog/fire-damage-restoration-process/|/blog/how-to-test-for-mold/|/blog/signs-of-hidden-mold/|/blog/black-mold-vs-regular-mold/,3.00,planned
/about/,about,About Desert Valley Contracting Inc  | North Las Vegas Restoration Company,About Desert Valley Contracting Inc ,"Desert Valley Contracting Inc  has served North Las Vegas since 2000. Meet our IICRC-certified restoration team. Licensed, insured, locally owned.",desert valley contracting inc  north las vegas,local restoration company|iicrc certified restoration|licensed restoration contractor,navigational_trust,,,700,hero|og|inline-1,organization|website|local-business|aggregate-rating|breadcrumb-list,/|/services/|/contact/,2.50,planned
/contact/,contact,Contact Desert Valley Contracting Inc  | 24/7 Restoration in North Las Vegas,Contact Desert Valley Contracting Inc ,Call (702) 633-5033 for 24/7 emergency restoration in North Las Vegas and surrounding areas. Free estimates. Direct insurance billing.,desert valley contracting inc  contact,restoration company contact|24/7 restoration phone|emergency restoration near me,navigational_action,,,400,hero|og,organization|website|local-business|breadcrumb-list,/|/services/|/service-areas/,2.50,planned
/accessibility/,legal,Accessibility Statement | Desert Valley Contracting Inc ,Accessibility Statement,Accessibility Statement | {brand.display_name}.,desert valley contracting inc  accessibility,,navigational_legal,,,400,og,,,1.00,planned
/privacy/,legal,Privacy Policy | Desert Valley Contracting Inc ,Privacy Policy,Privacy Policy | {brand.display_name}.,desert valley contracting inc  privacy,,navigational_legal,,,600,og,,,1.00,planned
/terms/,legal,Terms of Service | Desert Valley Contracting Inc ,Terms of Service,Terms of Service | {brand.display_name}.,desert valley contracting inc  terms,,navigational_legal,,,600,og,,,1.00,planned
